actual_delta_audit_mse,actual_delta_audit_rgb_objective,adam_step_norm,after_one_step_audit_mse,after_one_step_audit_rgb_objective,anchor_gradient_alignment,anchor_gradient_dot_batch_gradient,audit_forward_ms,baseline_audit_mse,baseline_audit_rgb_objective,batch_gradient_effective_rank,batch_gradient_norm,batch_index,batch_size,candidate_mse_mean,candidate_update_ms,coverage_gain_mean,label,optimizer_aware_predicted_decrease_anchor,policy,seed,temporal_span_ns,time_s,uids,within_batch_cosine_mean,within_batch_cosine_min
6.4079649746418e-06,2.413243055343628e-05,5.965364705414913,0.007786272559314966,0.1028805822134018,0.007126536954631106,1.4821284821664449e-05,6.703680038452148,0.007792680524289608,0.10290471464395523,1.0,0.08693728779572175,0,1,0.006094413343816996,42.89664077758789,177.0,time_0s,1.7248303279870925e-05,B1_RR,0,0,0,[1009],,
1.1280179023742676e-05,0.00017451494932174683,4.576500048899929,0.007781400345265865,0.10273019969463348,0.0017034500522298856,2.49383992922958e-06,6.678688049316406,0.007792680524289608,0.10290471464395523,1.0,0.06119810097578716,1,1,0.003345778211951256,3.743295907974243,39.0,time_0s,1.7548856362736842e-05,B1_RR,0,0,0,[462],,
5.096942186355591e-05,0.0004438459873199463,7.438613893839532,0.007741711102426052,0.10246086865663528,0.10854597084667161,0.00020384667732287198,6.756671905517578,0.007792680524289608,0.10290471464395523,1.0,0.0785034431192924,2,1,0.0064096515998244286,3.781248092651367,62.0,time_0s,0.00029937065119156614,B1_RR,0,0,0,[799],,
2.752058207988739e-05,0.00021798163652420044,7.850006377276788,0.007765159942209721,0.10268673300743103,0.05703485548219105,0.00010223669960396364,6.48579216003418,0.007792680524289608,0.10290471464395523,1.0,0.07493164230539576,3,1,0.009621996432542801,3.984447956085205,100.0,time_0s,0.00026173995138378814,B1_RR,0,0,0,[674],,
5.126930773258209e-07,-8.352100849151611e-06,4.572965202195263,0.007792167831212282,0.10291306674480438,0.1330421243856378,0.00018775754142552614,6.484352111816406,0.007792680524289608,0.10290471464395523,1.0,0.058993884608435146,4,1,0.002868121024221182,3.319744110107422,131.0,time_0s,0.0003699451062857406,B1_RR,0,0,0,[381],,
6.169220432639122e-05,0.0007007941603660583,6.336362770380466,0.007730988319963217,0.10220392048358917,0.2198043720142245,0.00029555123182944953,6.5796799659729,0.007792680524289608,0.10290471464395523,1.0,0.05620762343044686,5,1,0.005193110555410385,3.598655939102173,70.0,time_0s,0.0007015947176114423,B1_RR,0,0,0,[924],,
2.1273735910654068e-05,0.00020810216665267944,6.993860218623743,0.007771406788378954,0.10269661247730255,0.029495666543785156,5.4033269407227635e-05,6.63424015045166,0.007792680524289608,0.10290471464395523,1.0,0.07657760986780657,6,1,0.0073811993934214115,3.821984052658081,107.0,time_0s,0.0001759412836008778,B1_RR,0,0,0,[839],,
-6.581656634807587e-06,-1.5147030353546143e-05,8.103494463470257,0.007799262180924416,0.10291986167430878,0.016610104697124012,2.3589980628457852e-05,6.753312110900879,0.007792680524289608,0.10290471464395523,1.0,0.059368214799903445,7,1,0.004293373785912991,4.452032089233398,43.0,time_0s,1.0146810097921843e-05,B1_RR,0,0,0,[1179],,
4.4333748519420624e-05,0.0005090087652206421,8.479600458223837,0.007748346775770187,0.10239570587873459,0.20015580097697228,0.00019950087880715728,6.659679889678955,0.007792680524289608,0.10290471464395523,1.0,0.0416653857679973,8,1,0.005546374712139368,4.109856128692627,363.0,time_0s,0.0007883646503614727,B1_RR,0,0,0,[167],,
3.25031578540802e-06,0.00013718754053115845,6.720083993065923,0.0077894302085042,0.10276752710342407,0.013251518127376568,1.906730540213175e-05,6.544511795043945,0.007792680524289608,0.10290471464395523,1.0,0.06014817620257933,9,1,0.005292368587106466,3.7936320304870605,165.0,time_0s,0.00014231801651476417,B1_RR,0,0,0,[294],,
2.2870022803544998e-05,0.000286884605884552,6.911594026459326,0.007769810501486063,0.10261783003807068,0.05236362063769192,6.916159327374771e-05,6.729983806610107,0.007792680524289608,0.10290471464395523,1.0,0.05521207856161993,10,1,0.006008106749504805,3.5857601165771484,185.0,time_0s,0.0003131263119939831,B1_RR,0,0,0,[883],,
-3.3192336559295654e-06,4.9658119678497314e-05,6.148526361930875,0.007795999757945538,0.10285505652427673,0.03646056530585629,5.8518773585092276e-05,6.5629119873046875,0.007792680524289608,0.10290471464395523,1.0,0.0670919776144045,11,1,0.003391112433746457,3.3678719997406006,118.0,time_0s,0.0002914152692028438,B1_RR,0,0,0,[334],,
0.00012372992932796478,0.0013127997517585754,11.896444242012345,0.007668950594961643,0.10159191489219666,0.1578185155412616,0.00028349639615044,6.555744171142578,0.007792680524289608,0.10290471464395523,1.0,0.07509108230628263,12,1,0.004105099011212587,4.928095817565918,126.0,time_0s,0.0006651177245657891,B1_RR,0,0,0,[43],,
2.7101486921310425e-07,4.6975910663604736e-05,6.778864026847637,0.007792409509420395,0.10285773873329163,0.033583580199194524,4.6023062168387696e-05,6.72214412689209,0.007792680524289608,0.10290471464395523,1.0,0.057285841145340896,13,1,0.00741093372926116,3.5264639854431152,128.0,time_0s,7.50577422081733e-05,B1_RR,0,0,0,[968],,
3.384845331311226e-05,0.00043473392724990845,5.249663318222336,0.007758832070976496,0.10246998071670532,0.14967331781019005,0.00029795485897921026,6.536896228790283,0.007792680524289608,0.10290471464395523,1.0,0.08321562167242184,14,1,0.0037934365682303905,3.4311039447784424,21.0,time_0s,0.0002816236483340617,B1_RR,0,0,0,[591],,
1.9920989871025085e-06,5.1349401473999023e-05,4.297538499756788,0.0077906884253025055,0.10285336524248123,0.04521651927005071,7.609581371070817e-05,6.655263900756836,0.007792680524289608,0.10290471464395523,1.0,0.0703497264914781,15,1,0.0023916594218462706,3.2910399436950684,28.0,time_0s,7.366643910700077e-05,B1_RR,0,0,0,[504],,
6.410013884305954e-05,0.00048776715993881226,10.195449541712842,0.0077285803854465485,0.10241694748401642,0.06017247200045203,7.831931725377217e-05,6.669663906097412,0.007792680524289608,0.10290471464395523,1.0,0.054408883610316684,16,1,0.0051221949979662895,4.595647811889648,185.0,time_0s,0.0005759084360761335,B1_RR,0,0,0,[126],,
4.640687257051468e-05,0.00043053925037384033,11.571448804139223,0.007746273651719093,0.10247417539358139,0.1199003231429889,0.00012718838115688413,6.607999801635742,0.007792680524289608,0.10290471464395523,1.0,0.04434308065940228,17,1,0.0056773219257593155,6.352447986602783,201.0,time_0s,0.0006225403340067714,B1_RR,0,0,0,[1261],,
6.700865924358368e-07,4.956871271133423e-05,5.723618716131613,0.007792010437697172,0.1028551459312439,0.2624558231827723,0.0005599402356892824,6.6648640632629395,0.007792680524289608,0.10290471464395523,1.0,0.08918344375312358,18,1,0.0031280864495784044,3.463263988494873,385.0,time_0s,0.0003692781665449729,B1_RR,0,0,0,[546],,
3.668246790766716e-05,0.0004461929202079773,7.321853810795412,0.007755998056381941,0.10245852172374725,0.1563005609828796,0.0001935204054461792,6.725823879241943,0.007792680524289608,0.10290471464395523,1.0,0.05175651242764648,19,1,0.005069438833743334,3.8934080600738525,522.0,time_0s,0.0005228358786553144,B1_RR,0,0,0,[209],,
5.022482946515083e-05,0.00046437978744506836,11.90517986111573,0.007742455694824457,0.10244033485651016,0.06512896332290809,9.164971561403945e-05,6.62662410736084,0.007792680524289608,0.10290471464395523,1.0,0.05882415967409266,20,1,0.0057188174687325954,5.356287956237793,209.0,time_0s,0.0005200315772526665,B1_RR,0,0,0,[84],,
2.6424415409564972e-05,0.00035937875509262085,6.933027972388645,0.007766256108880043,0.10254533588886261,0.050579924155354596,6.248864519875497e-05,6.514272212982178,0.007792680524289608,0.10290471464395523,1.0,0.05164421859680041,21,1,0.004540713503956795,3.7190399169921875,640.0,time_0s,0.00022795839140599128,B1_RR,0,0,0,[254],,
7.214630022644997e-05,0.00047547370195388794,12.461193111990852,0.007720534224063158,0.10242924094200134,0.075774155427865,7.640405965503305e-05,6.6530561447143555,0.007792680524289608,0.10290471464395523,1.0,0.042149662947053045,22,1,0.005144748371094465,7.255263805389404,119.0,time_0s,0.0005850568832101999,B1_RR,0,0,0,[1219],,
6.797816604375839e-05,0.00035650283098220825,12.347021050966415,0.00772470235824585,0.10254821181297302,0.17458448787837413,0.00029276631539687514,6.635680198669434,0.007792680524289608,0.10290471464395523,1.0,0.0700993884561599,23,1,0.0068674515932798386,6.399328231811523,668.0,time_0s,0.0006411662707250798,B1_RR,0,0,0,[714],,
9.502982720732689e-05,0.0008134320378303528,8.585990363245525,0.007697650697082281,0.10209128260612488,0.24030402666003448,0.00046375812962651253,6.643775939941406,0.007792680524289608,0.10290471464395523,1.0,0.08067319612771529,24,1,0.007277058903127909,3.950752019882202,652.0,time_0s,0.0005954568696324714,B1_RR,0,0,0,[758],,
5.6181102991104126e-05,0.0006477385759353638,13.06248707690809,0.007736499421298504,0.10225697606801987,0.0896651520947009,0.00015401725249830633,6.529695987701416,0.007792680524289608,0.10290471464395523,1.0,0.07180330883790698,25,1,0.00749128358438611,6.39356803894043,138.0,time_0s,0.0005314199088388705,B1_RR,0,0,0,[1093],,
4.817405715584755e-05,0.0004057958722114563,6.99957687698868,0.0077445064671337605,0.10249891877174377,0.07963816153836314,0.00014418462524190545,6.669824123382568,0.007792680524289608,0.10290471464395523,1.0,0.07568268006296228,26,1,0.008035161532461643,3.688447952270508,46.0,time_0s,0.0001288741884764022,B1_RR,0,0,0,[1051],,
-1.1795200407505035e-06,6.936490535736084e-05,5.6959432270994235,0.0077938600443303585,0.10283534973859787,0.033787401337344806,5.454645724967122e-05,6.629759788513184,0.007792680524289608,0.10290471464395523,1.0,0.0674855099242781,27,1,0.003693627892062068,3.590847969055176,175.0,time_0s,0.0001413137229064887,B1_RR,0,0,0,[631],,
7.168110460042953e-05,0.000848725438117981,10.266854240539658,0.0077209994196891785,0.10205598920583725,0.3806477020576159,0.0007136076455935836,6.699488162994385,0.007792680524289608,0.10290471464395523,1.0,0.07836733129676585,28,1,0.010186202824115753,4.0115838050842285,3.0,time_0s,0.0010411863258923404,B1_RR,0,0,0,[1],,
0.00017383741214871407,0.0008898749947547913,8.8989787452074,0.007618843112140894,0.10201483964920044,0.3615131000584496,0.0005709504475817084,6.623904228210449,0.007792680524289608,0.10290471464395523,1.0,0.06601964032641688,29,1,0.024373734369874,4.188831806182861,30.0,time_0s,0.001001532371446956,B1_RR,0,0,0,[1299],,
2.6592053472995758e-05,0.0001117512583732605,11.36493505925175,0.007766088470816612,0.10279296338558197,0.0678723595311641,9.019752178573981e-05,6.714816093444824,0.007792680524289608,0.10290471464395523,1.0,0.055552093928660534,30,1,0.005997970700263977,6.67855978012085,77.0,time_0s,0.000299623524369963,B1_RR,0,0,0,[1133],,
5.2480027079582214e-06,0.0001515895128250122,4.476786733298989,0.00778743252158165,0.10275312513113022,0.053505371453274525,0.00010237182141281664,6.543039798736572,0.007792680524289608,0.10290471464395523,1.0,0.07998007784737439,31,1,0.0031535339076071978,3.291327953338623,26.0,time_0s,7.383909132840927e-05,B1_RR,0,0,0,[422],,
1.7688143998384476e-05,0.0001986473798751831,7.517772720109728,0.0077749923802912235,0.10270606726408005,0.006808035524552737,8.657562830194365e-06,6.537504196166992,0.007792680524289608,0.10290471464395523,1.795674443244934,0.05315848734364416,0,2,0.004720095777884126,5.928639888763428,108.0,time_0s,3.4796956413174485e-05,B2_RR,0,27349984287,0,"[1009, 462]",0.0,0.0
6.057973951101303e-05,0.000517331063747406,9.087904166222392,0.007732100784778595,0.10238738358020782,0.11511028751274012,0.0001530416775494814,6.640416145324707,0.007792680524289608,0.10290471464395523,1.9909005165100098,0.055576904558826155,1,2,0.008015824016183615,6.802207946777344,81.0,time_0s,0.00043023480066040065,B2_RR,0,6250040250,0,"[799, 674]",0.049098387360572815,0.049098387360572815
6.220489740371704e-05,0.0006924495100975037,7.812796367269125,0.007730475626885891,0.10221226513385773,0.24794382380326938,0.00024165438662748784,6.489344120025635,0.007792680524289608,0.10290471464395523,1.9953364133834839,0.040741795449277037,2,2,0.0040306157898157835,5.495520114898682,100.5,time_0s,0.001071539896656759,B2_RR,0,27149995825,0,"[381, 924]",0.0,0.0
1.4802441000938416e-05,0.00017508119344711304,8.524843129759107,0.00777787808328867,0.10272963345050812,0.03308817722029829,3.881162410834804e-05,6.651264190673828,0.007792680524289608,0.10290471464395523,1.8820260763168335,0.049032919088398345,3,2,0.005837286589667201,6.916863918304443,75.0,time_0s,0.00013934755679656519,B2_RR,0,16999997500,0,"[839, 1179]",0.025096921250224113,0.025096921250224113
4.007015377283096e-05,0.0005130991339683533,9.30817645150479,0.007752610370516777,0.10239161550998688,0.12371568615864413,0.00010928409028565511,6.659840106964111,0.007792680524289608,0.10290471464395523,1.7795286178588867,0.03692588805955301,4,2,0.005419371649622917,6.5075201988220215,264.0,time_0s,0.0007673132531635929,B2_RR,0,6349994838,0,"[167, 294]",0.020006949082016945,0.020006949082016945
1.9550789147615433e-05,0.0003365427255630493,9.24884760974163,0.007773129735141993,0.10256817191839218,0.06142679079002114,6.384018342942e-05,6.613088130950928,0.007792680524289608,0.10290471464395523,1.92857027053833,0.04344452720941435,5,2,0.004699609591625631,5.706272125244141,151.5,time_0s,0.0006045415393600706,B2_RR,0,27449994463,0,"[883, 334]",0.0,0.0
0.0001240018755197525,0.001359783113002777,13.687984019261025,0.0076686786487698555,0.10154493153095245,0.14584421565541553,0.00016475973825436085,6.631199836730957,0.007792680524289608,0.10290471464395523,1.8694809675216675,0.04722377051027242,6,2,0.005758016370236874,7.094079971313477,127.0,time_0s,0.000740176208637422,B2_RR,0,46249999375,0,"[43, 968]",0.0,0.0
3.114016726613045e-05,0.00040074437856674194,5.499204532037503,0.0077615403570234776,0.10250397026538849,0.13723766464691298,0.0001870253327069804,6.623551845550537,0.007792680524289608,0.10290471464395523,1.9297913312911987,0.056967333599605194,7,2,0.0030925479950383306,5.525248050689697,24.5,time_0s,0.00023395158223138424,B2_RR,0,4349997338,0,"[591, 504]",0.09456358850002289,0.09456358850002289
8.26297327876091e-05,0.0005942955613136292,12.575212062555847,0.007710050791501999,0.1023104190826416,0.1174645386803521,0.00010275384556734934,6.635968208312988,0.007792680524289608,0.10290471464395523,1.9083161354064941,0.03656706320986786,8,2,0.0053997584618628025,9.602879524230957,193.0,time_0s,0.0007995643572940025,B2_RR,0,56749996700,0,"[126, 1261]",0.08744888752698898,0.08744888752698898
3.7352554500103e-05,0.0004957541823387146,9.29082758827296,0.007755327969789505,0.10240896046161652,0.30545218381362915,0.00037673034239560366,6.74403190612793,0.007792680524289608,0.10290471464395523,1.6049697399139404,0.05155682225467588,9,2,0.004098762641660869,6.060448169708252,453.5,time_0s,0.0008921134613046888,B2_RR,0,16850006300,0,"[546, 209]",0.0,0.0
6.01387582719326e-05,0.0006410405039787292,12.359577725866185,0.007732541766017675,0.1022636741399765,0.0818573671459316,7.706918404437602e-05,6.6141438484191895,0.007792680524289608,0.10290471464395523,1.9667991399765015,0.03935697986882179,10,2,0.005129765486344695,7.696288108825684,424.5,time_0s,0.0005888571904506534,B2_RR,0,8500003675,0,"[84, 254]",0.011271028779447079,0.011271028779447079
0.00010985136032104492,0.0007486045360565186,15.87007736586965,0.007682829163968563,0.10215611010789871,0.1872037234705267,0.0001845851948019117,6.62553596496582,0.007792680524289608,0.10290471464395523,1.639166235923767,0.0412174535521971,11,2,0.006006099982187152,12.323455810546875,393.5,time_0s,0.0010473854708834551,B2_RR,0,25249992587,0,"[1219, 714]",0.017767896875739098,0.017767896875739098
0.00013325363397598267,0.0014167949557304382,15.312974663111644,0.007659426890313625,0.10148791968822479,0.23834890909519785,0.0003088877128902823,6.729184150695801,0.007792680524289608,0.10290471464395523,1.973385214805603,0.05417341829634449,12,2,0.0073841712437570095,8.871583938598633,395.0,time_0s,0.001078765264537651,B2_RR,0,16749992450,0,"[758, 1093]",0.006487461272627115,0.006487461272627115
4.6994537115097046e-05,0.00047516077756881714,9.023378875261246,0.007745685987174511,0.10242955386638641,0.08192610517647878,9.936553396983072e-05,6.637087821960449,0.007792680524289608,0.10290471464395523,1.974279522895813,0.050700499447524756,13,2,0.005864394712261856,5.869760036468506,110.5,time_0s,0.00027018782566301525,B2_RR,0,21000008212,0,"[1051, 631]",0.0,0.0
0.00024254340678453445,0.0016376897692680359,12.710803069310598,0.0075501371175050735,0.1012670248746872,0.5233628449979879,0.000642279046587646,6.529791831970215,0.007792680524289608,0.10290471464395523,1.9439427852630615,0.051300268949981576,14,2,0.017279968596994877,7.099264144897461,16.5,time_0s,0.0019259281471022405,B2_RR,0,64899997125,0,"[1, 1299]",0.0025938416365534067,0.0025938416365534067
3.1838659197092056e-05,0.0002633407711982727,12.20812367121176,0.007760841865092516,0.10264137387275696,0.08266401870215358,9.628467523725703e-05,6.500768184661865,0.007792680524289608,0.10290471464395523,1.782698392868042,0.048689961463618585,15,2,0.004575752303935587,9.027456283569336,51.5,time_0s,0.00037345693817769643,B2_RR,0,35549998875,0,"[1133, 422]",8.173318031332773e-17,8.173318031332773e-17
7.826695218682289e-05,0.000715993344783783,11.789520218130797,0.007714413572102785,0.10218872129917145,0.08789080095178717,8.084961882559583e-05,6.625152111053467,0.007792680524289608,0.10290471464395523,3.7829270362854004,0.03845327466496154,0,4,0.00636795989703387,11.524928092956543,94.5,time_0s,0.0004650308910640888,B4_RR,0,27349984287,0,"[1009, 462, 799, 674]",0.008183064870536327,0.0
6.384262815117836e-05,0.0006906241178512573,10.03970099767626,0.00772883789613843,0.10221409052610397,0.18185995298029126,0.00014023299445398152,6.631487846374512,0.007792680524289608,0.10290471464395523,3.7251875400543213,0.03223382983484026,1,4,0.004933951189741492,10.987296104431152,87.75,time_0s,0.0010287388649885543,B4_RR,0,39899994787,0,"[381, 924, 839, 1179]",0.012202290818095207,0.0
5.7203229516744614e-05,0.0007665380835533142,11.627741959436376,0.007735477294772863,0.10213817656040192,0.12253062652568436,8.656213321955875e-05,6.62553596496582,0.007792680524289608,0.10290471464395523,3.619269371032715,0.029531266440154854,2,4,0.005059490620624274,10.994272232055664,207.75,time_0s,0.0011960304036620073,B4_RR,0,35799993588,0,"[167, 294, 883, 334]",0.024168578907847404,0.0
0.0001551443710923195,0.0017605051398277283,14.744313111068827,0.0076375361531972885,0.1011442095041275,0.19873289081827578,0.00017589253548067063,6.778975963592529,0.007792680524289608,0.10290471464395523,3.7397279739379883,0.03699784553574543,3,4,0.004425282182637602,11.240320205688477,75.75,time_0s,0.0009741075482452288,B4_RR,0,46249999375,0,"[43, 968, 591, 504]",0.015760648995637894,0.0
9.824847802519798e-05,0.0007812082767486572,13.226909994527814,0.00769443204626441,0.10212350636720657,0.3078378264341679,0.00023974207579158247,6.542655944824219,0.007792680524289608,0.10290471464395523,2.902733325958252,0.03255525136472584,4,4,0.004749260551761836,14.612192153930664,323.25,time_0s,0.0012330473327892832,B4_RR,0,56749996700,0,"[126, 1261, 546, 209]",0.047289468348026276,-3.09817842207849e-05
0.00013178866356611252,0.00106038898229599,17.231070834658045,0.0076608918607234955,0.10184432566165924,0.18897077037386392,0.00013082717487122864,6.766528129577637,0.007792680524289608,0.10290471464395523,3.5372066497802734,0.028940238454813468,5,4,0.0055679327342659235,19.221311569213867,409.0,time_0s,0.0012770827124768402,B4_RR,0,56749999212,0,"[84, 254, 1219, 714]",0.018553882837295532,0.0
0.00016743317246437073,0.00180063396692276,16.74871932567632,0.007625247351825237,0.10110408067703247,0.22476035798614313,0.00020412661251612008,6.631103992462158,0.007792680524289608,0.10290471464395523,3.9144251346588135,0.037964587802732666,6,4,0.0066242829780094326,13.85580825805664,252.75,time_0s,0.0013302686929819174,B4_RR,0,23099997250,0,"[758, 1093, 1051, 631]",0.017011718824505806,-0.0007851458503864706
0.0002712900750339031,0.0018512681126594543,16.9337997353597,0.007521390449255705,0.10105344653129578,0.43615944701121495,0.00036928182817064226,6.639904022216797,0.007792680524289608,0.10290471464395523,3.7264139652252197,0.03539251535884895,7,4,0.010927860450465232,14.882111549377441,34.0,time_0s,0.002198872905864846,B4_RR,0,64899997125,0,"[1, 1299, 1133, 422]",0.0010306109907105565,-6.234966713236645e-05
0.00010101869702339172,0.0011319145560264587,15.09548105606361,0.007691661827266216,0.10177280008792877,0.23975698686733662,0.00022229610476642847,6.543871879577637,0.007792680524289608,0.10290471464395523,3.867507219314575,0.03875782132768598,0,4,0.007323431258555502,11.223520278930664,99.5,time_0s,0.0015539092019025702,B4_Strat,0,50399989750,0,"[1, 334, 674, 1009]",0.002679375698789954,-9.246148692909628e-06
0.000167816411703825,0.0015510320663452148,16.863327407155193,0.007624864112585783,0.10135368257761002,0.24456062283403132,0.0002270512341056019,6.662271976470947,0.007792680524289608,0.10290471464395523,3.5440690517425537,0.03880932690840292,1,4,0.005468958290293813,14.28502368927002,242.75,time_0s,0.001622566327569075,B4_Strat,0,50400006787,0,"[43, 381, 714, 1051]",0.06364624202251434,0.0
0.00016191042959690094,0.001670055091381073,16.173767598295377,0.007630770094692707,0.10123465955257416,0.22673631047162948,0.00020294923160690814,6.6844801902771,0.007792680524289608,0.10290471464395523,3.7922492027282715,0.037416668096127176,2,4,0.005910173465963453,15.142175674438477,256.25,time_0s,0.0012764293860527687,B4_Strat,0,50449997000,0,"[84, 422, 758, 1093]",0.01684599369764328,0.0
0.00013608578592538834,0.0010904297232627869,15.354861383063968,0.00765659473836422,0.10181428492069244,0.12340755010412922,9.371433407068253e-05,6.547232151031494,0.007792680524289608,0.10290471464395523,3.6207778453826904,0.03174410363123996,3,4,0.005218898877501488,14.71571159362793,90.75,time_0s,0.0010445855441503227,B4_Strat,0,50349988287,0,"[126, 462, 799, 1133]",0.003717766609042883,-8.698757483216468e-07
6.111431866884232e-05,0.0007352381944656372,12.741104212659172,0.007731566205620766,0.1021694764494896,0.11564412049220327,8.830497972667217e-05,6.6533122062683105,0.007792680524289608,0.10290471464395523,3.475297689437866,0.031919818496840134,4,4,0.00490315182833001,11.733599662780762,135.25,time_0s,0.0010013018945755903,B4_Strat,0,50599997000,0,"[167, 504, 839, 1179]",0.00418282113969326,0.0
0.0001186649315059185,0.0010316818952560425,14.662878129917553,0.0076740155927836895,0.10187303274869919,0.2992613161630558,0.0002247565716970712,6.736288070678711,0.007792680524289608,0.10290471464395523,2.8815133571624756,0.03139500762824366,5,4,0.004837595100980252,14.492480278015137,302.75,time_0s,0.0015224421695165802,B4_Strat,0,50500000587,0,"[209, 546, 883, 1219]",0.011965974234044552,-0.0016950005665421486
0.0001539657823741436,0.0017169788479804993,13.821653185691838,0.007638714741915464,0.10118773579597473,0.2686690027412689,0.0001957957720151171,6.658368110656738,0.007792680524289608,0.10290471464395523,3.1427557468414307,0.030463831302788607,6,4,0.0048011456383392215,13.075967788696289,233.0,time_0s,0.0016462466519442387,B4_Strat,0,50350001325,0,"[254, 591, 924, 1261]",0.004710172303020954,0.0
0.0001649586483836174,0.000982716679573059,12.924324847034182,0.007627721875905991,0.10192199796438217,0.229533634132843,0.00017264680354855955,6.550335884094238,0.007792680524289608,0.10290471464395523,3.9314985275268555,0.03144205947303574,7,4,0.010192666144575924,11.346783638000488,124.5,time_0s,0.001196920235088328,B4_Strat,0,50250004162,0,"[294, 631, 968, 1299]",0.00011107545287813991,-8.304716061502404e-07
0.0003296816721558571,0.0024652332067489624,16.220639774720137,0.007462998852133751,0.10043948143720627,0.6103958047699384,0.0005770641146227717,6.548351764678955,0.007792680524289608,0.10290471464395523,3.838402032852173,0.03951948746909453,0,4,0.011241270636674017,12.264320373535156,267.5,time_0s,0.002875936268537771,B4_Match,0,64899997125,0,"[1, 1299, 546, 758]",0.00043096052831970155,-8.293852260976564e-06
0.0002755611203610897,0.0026703402400016785,17.32026105485089,0.007517119403928518,0.10023437440395355,0.35837804321413563,0.00026782869827002287,6.6339521408081055,0.007792680524289608,0.10290471464395523,3.4612441062927246,0.03124024939409988,1,4,0.005428008968010545,15.092320442199707,306.75,time_0s,0.00241178603755543,B4_Match,0,44049999575,0,"[924, 167, 714, 43]",0.00430762954056263,0.0
9.806826710700989e-05,0.0010096505284309387,12.330755454750062,0.007694612257182598,0.10189506411552429,0.2690025143484875,0.00020160528947599232,6.655807971954346,0.007792680524289608,0.10290471464395523,3.1778066158294678,0.0313288431667955,2,4,0.004352079587988555,13.071455955505371,218.75,time_0s,0.0013193801787565462,B4_Match,0,52600006375,0,"[209, 591, 381, 1261]",0.022979285567998886,-0.0020794025622308254
0.0001980327069759369,0.0017057061195373535,17.058165328872278,0.007594647817313671,0.10119900852441788,0.17083583725886015,0.0001446131500415504,6.547647953033447,0.007792680524289608,0.10290471464395523,3.5050652027130127,0.03538568289830634,3,4,0.006770211271941662,17.17900848388672,91.25,time_0s,0.0012144909815106075,B4_Match,0,20999951875,0,"[799, 1093, 1219, 1051]",0.020159773528575897,0.0
0.00010199984535574913,0.0008191540837287903,16.32005360253264,0.007690680678933859,0.10208556056022644,0.11894604310640103,9.060080628842115e-05,6.7381439208984375,0.007792680524289608,0.10290471464395523,3.6853339672088623,0.031840570381867245,4,4,0.006615244899876416,17.125152587890625,142.75,time_0s,0.001084421732230112,B4_Match,0,52449996587,0,"[1133, 84, 126, 674]",0.028183769434690475,-2.200140806962736e-05
5.501788109540939e-05,0.0007861405611038208,10.895346266720045,0.007737662643194199,0.10211857408285141,0.09888389398797368,7.752947567496449e-05,6.75216007232666,0.007792680524289608,0.10290471464395523,3.557408571243286,0.03277480089911783,5,4,0.004023503395728767,9.882816314697266,219.75,time_0s,0.0006053731685824459,B4_Match,0,31449992625,0,"[422, 883, 254, 504]",0.0025348812341690063,-1.3078176380076911e-05
1.6987323760986328e-05,0.0003715530037879944,12.742708925820283,0.007775693200528622,0.10253316164016724,0.0660317407636348,5.3280389693100005e-05,6.625664234161377,0.007792680524289608,0.10290471464395523,3.845034122467041,0.0337297732508467,6,4,0.005469218362122774,10.41209602355957,132.0,time_0s,0.0006834175474068616,B4_Match,0,31699998713,0,"[334, 631, 968, 839]",3.302387995063327e-05,-5.541648917528619e-09
8.943956345319748e-06,0.00022821873426437378,12.451124494873854,0.007783736567944288,0.10267649590969086,0.018400936585663573,1.4993102922744583e-05,6.660799980163574,0.007792680524289608,0.10290471464395523,3.5196619033813477,0.03406044903812283,7,4,0.004756483482196927,11.130784034729004,106.0,time_0s,0.00016506976453456446,B4_Match,0,44250002162,0,"[1179, 294, 1009, 462]",0.00262933736667037,-7.476874119838328e-10
0.0001501450315117836,0.0013126805424690247,14.954208186308875,0.007642535492777824,0.1015920341014862,0.2878857768000721,0.0002531333884689957,6.548160076141357,0.007792680524289608,0.10290471464395523,3.1586272716522217,0.0367559794005369,0,4,0.005938665708526969,14.34115219116211,620.5,time_0s,0.00131864952709293,B4_Novel,0,27450005925,0,"[714, 758, 254, 209]",0.0860254168510437,0.0
8.366117253899574e-05,0.0008090436458587646,14.268358894097702,0.007709019351750612,0.10209567099809647,0.3183598977790158,0.000244569790083915,6.6223039627075195,0.007792680524289608,0.10290471464395523,2.765730142593384,0.03211317380131521,1,4,0.005017650139052421,15.491552352905273,289.5,time_0s,0.0014158145058900118,B4_Novel,0,58850005000,0,"[546, 167, 84, 1261]",0.05738744139671326,-0.0009321652469225228
8.750986307859421e-05,0.0008534565567970276,14.801614675970503,0.007705170661211014,0.1020512580871582,0.06733803633429213,5.421216337708756e-05,6.719232082366943,0.007792680524289608,0.10290471464395523,3.4233217239379883,0.03365387415491763,2,4,0.0052295857458375394,11.563679695129395,180.5,time_0s,0.0010468578548170626,B4_Novel,0,44149986037,0,"[126, 883, 1009, 631]",5.588149633695139e-06,-6.283528142247974e-10
6.544450297951698e-05,0.0008460059762001038,15.229863127618138,0.007727236021310091,0.10205870866775513,0.1360349272839252,0.00010171628673560917,6.640031814575195,0.007792680524289608,0.10290471464395523,3.8582065105438232,0.0312563919444409,3,4,0.00576567673124373,12.8854398727417,140.5,time_0s,0.0009589873134245863,B4_Novel,0,39949999450,0,"[294, 1093, 381, 968]",0.0022081101778894663,0.0
0.00018415693193674088,0.0016956031322479248,16.58556759601938,0.007608523592352867,0.1012091115117073,0.14669930411383114,0.00011811313015641645,6.531199932098389,0.007792680524289608,0.10290471464395523,3.527095079421997,0.03365649612278322,4,4,0.00500553980236873,15.586400032043457,117.5,time_0s,0.0013490198907675222,B4_Novel,0,58799998037,0,"[43, 1219, 334, 839]",0.008595572784543037,0.0
0.00012375786900520325,0.0011316388845443726,12.181254743024159,0.007668922655284405,0.10177307575941086,0.2100488820518183,0.00017295802535954863,6.637311935424805,0.007792680524289608,0.10290471464395523,3.6417694091796875,0.03442065413702174,5,4,0.006805682322010398,14.442079544067383,77.25,time_0s,0.0011326178282615729,B4_Novel,0,22949989500,0,"[674, 1133, 924, 799]",0.015978816896677017,0.0012704487890005112
0.00022249342873692513,0.0014016851782798767,14.308690515722628,0.007570187095552683,0.10150302946567535,0.23521176761155269,0.0001853047142503783,6.771071910858154,0.007792680524289608,0.10290471464395523,3.8494555950164795,0.032932613560692464,6,4,0.010012011975049973,11.676063537597656,39.5,time_0s,0.0011246729773120023,B4_Novel,0,41849991662,0,"[1051, 1179, 462, 1299]",-6.859215500298887e-05,-0.0004801190516445786
0.00010757055133581161,0.0013976022601127625,12.411157081382772,0.007685109972953796,0.10150711238384247,0.3114036623826529,0.00029750753310509026,6.731616020202637,0.007792680524289608,0.10290471464395523,3.928603172302246,0.03993677821313045,7,4,0.004881208180449903,10.138751983642578,19.5,time_0s,0.0013456989945552777,B4_Novel,0,29500000088,0,"[504, 422, 591, 1]",0.015757441520690918,-1.3078176380076911e-05
4.0842220187187195e-05,0.0006465092301368713,13.079879298983858,0.008103173226118088,0.1050427109003067,0.07762083594907329,0.00015222157526295632,7.16812801361084,0.008144015446305275,0.10568922013044357,1.0,0.07792590222929434,0,1,0.006000439170747995,45.50371170043945,151.0,time_0s,0.00047081390312087024,B1_RR,1,0,0,[1093],,
6.148498505353928e-05,0.0004875585436820984,10.169263250256137,0.008082530461251736,0.10520166158676147,0.04928615603887604,6.876549014123157e-05,6.568448066711426,0.008144015446305275,0.10568922013044357,1.0,0.0554408063483171,1,1,0.005346914287656546,4.82857608795166,160.0,time_0s,0.0005980133319098968,B1_RR,1,0,0,[126],,
3.53250652551651e-06,4.8764050006866455e-05,8.026078712485978,0.008140482939779758,0.1056404560804367,0.033442429344060366,4.629937029676512e-05,6.565919876098633,0.008144015446305275,0.10568922013044357,1.0,0.05501247815799345,2,1,0.004300353582948446,4.730144023895264,38.0,time_0s,7.481473380721582e-05,B1_RR,1,0,0,[1179],,
3.232993185520172e-05,0.00033687055110931396,6.7835108371163235,0.008111685514450073,0.10535234957933426,0.07077005134515053,0.0001026117242872715,6.779935836791992,0.008144015446305275,0.10568922013044357,1.0,0.05761444966228529,3,1,0.006326833739876747,3.6725120544433594,156.0,time_0s,0.00030964004508859944,B1_RR,1,0,0,[882],,
4.649162292480469e-06,6.271153688430786e-05,4.3902403393170415,0.008139366284012794,0.10562650859355927,0.052793227588901676,7.838189048925415e-05,6.657472133636475,0.008144015446305275,0.10568922013044357,1.0,0.05899585002789976,4,1,0.0036875209771096706,3.3414719104766846,21.0,time_0s,0.0001121171642353147,B1_RR,1,0,0,[504],,
7.032230496406555e-05,0.0007360205054283142,6.265071363140174,0.00807369314134121,0.10495319962501526,0.24300029178024543,0.0003933622210752219,6.5348801612854,0.008144015446305275,0.10568922013044357,1.0,0.06432351895229256,5,1,0.005940000060945749,3.5572800636291504,78.0,time_0s,0.0006809507613070309,B1_RR,1,0,0,[924],,
9.112991392612457e-06,0.00011231750249862671,4.5952742433625495,0.008134902454912663,0.10557690262794495,0.004831371155846699,6.693703198834555e-06,6.762720108032227,0.008144015446305275,0.10568922013044357,1.0,0.05505287355856114,6,1,0.0028867446817457676,3.3705599308013916,58.0,time_0s,1.892821069304773e-05,B1_RR,1,0,0,[462],,
9.797140955924988e-05,0.0010785683989524841,10.139559388929285,0.008046044036746025,0.10461065173149109,0.32572899448175946,0.0005622210446745157,6.5562238693237305,0.008144015446305275,0.10568922013044357,1.0,0.06858586528881602,7,1,0.007826155982911587,4.0826239585876465,7.0,time_0s,0.0010586429816612508,B1_RR,1,0,0,[1],,
4.954636096954346e-07,0.00015328079462051392,12.478927929106579,0.00814351998269558,0.10553593933582306,0.00845184313162577,8.952720236266032e-06,6.573247909545898,0.008144015446305275,0.10568922013044357,1.0,0.0420908337562943,8,1,0.004912324715405703,7.187295913696289,99.0,time_0s,0.00018855664529837668,B1_RR,1,0,0,[1219],,
5.7219527661800385e-05,0.0004145503044128418,12.258762736107236,0.008086795918643475,0.10527466982603073,0.14253380189319234,0.0002407476567896083,6.54966402053833,0.008144015446305275,0.10568922013044357,1.0,0.06711632096445323,9,1,0.006246487144380808,6.7091522216796875,675.0,time_0s,0.0006155039773148019,B1_RR,1,0,0,[714],,
7.735565304756165e-06,0.00020607560873031616,6.68191466512433,0.008136279881000519,0.10548314452171326,0.014479233767462142,1.777717079676222e-05,6.775775909423828,0.008144015446305275,0.10568922013044357,1.0,0.04878665116385599,10,1,0.0042916471138596535,3.5876479148864746,61.0,time_0s,0.00013748921719525242,B1_RR,1,0,0,[296],,
2.476479858160019e-05,0.0002625808119773865,4.349266185805029,0.008119250647723675,0.10542663931846619,0.057437364111073634,0.00011678922601277009,6.553952217102051,0.008144015446305275,0.10568922013044357,1.0,0.08079643933103682,11,1,0.0033634875435382128,3.3390719890594482,40.0,time_0s,9.462561229156563e-05,B1_RR,1,0,0,[419],,
3.1705014407634735e-05,0.00021650642156600952,7.5580508860239926,0.00811231043189764,0.10547271370887756,0.03517599168576805,6.531518010888249e-05,6.787744045257568,0.008144015446305275,0.10568922013044357,1.0,0.07378222057676802,12,1,0.007213587872684002,3.802687883377075,72.0,time_0s,0.00019591634190874174,B1_RR,1,0,0,[673],,
1.2680888175964355e-05,0.00015913695096969604,6.00195297045076,0.00813133455812931,0.10553008317947388,0.03665810769916681,6.492688407888636e-05,6.559840202331543,0.008144015446305275,0.10568922013044357,1.0,0.07037824960683782,13,1,0.0036670404952019453,3.523519992828369,233.0,time_0s,0.0003205528591934126,B1_RR,1,0,0,[336],,
4.419684410095215e-05,0.00043354183435440063,7.311205478855659,0.008099818602204323,0.10525567829608917,0.09316647985080673,0.0001772763644112274,6.577055931091309,0.008144015446305275,0.10568922013044357,1.0,0.07560927834024733,14,1,0.006247316487133503,3.705087900161743,64.0,time_0s,0.0002761573705356568,B1_RR,1,0,0,[799],,
6.777234375476837e-06,7.615238428115845e-05,5.793359907568341,0.008137238211929798,0.10561306774616241,0.15332409855787943,0.00033078703563660383,6.811359882354736,0.008144015446305275,0.10568922013044357,1.0,0.0857278640270728,15,1,0.002607471775263548,3.5630080699920654,359.0,time_0s,0.0003747016007764614,B1_RR,1,0,0,[546],,
3.879517316818237e-05,0.00039505213499069214,6.758013453279611,0.008105220273137093,0.10529416799545288,0.028037185537877044,3.8522986869793385e-05,6.821983814239502,0.008144015446305275,0.10568922013044357,1.0,0.05459708803796463,16,1,0.005816830787807703,3.8096001148223877,722.0,time_0s,0.00022720239030604716,B1_RR,1,0,0,[256],,
1.1159107089042664e-05,5.986541509628296e-05,5.819848624888051,0.008132856339216232,0.10562935471534729,0.007080398402696081,1.5935347619233653e-05,6.583648204803467,0.008144015446305275,0.10568922013044357,1.0,0.08943093870128646,17,1,0.008307328447699547,3.5002241134643555,146.0,time_0s,4.910746628183915e-05,B1_RR,1,0,0,[1009],,
2.1588057279586792e-05,9.47117805480957e-05,10.369014261035854,0.008122427389025688,0.10559450834989548,0.034884771097473184,5.1677212468348444e-05,6.567967891693115,0.008144015446305275,0.10568922013044357,1.0,0.05886364408825869,18,1,0.005699318367987871,6.4424638748168945,57.0,time_0s,0.00021140244280104525,B1_RR,1,0,0,[1138],,
0.0001223292201757431,0.001330457627773285,11.841425397061762,0.008021686226129532,0.10435876250267029,0.15116573541725808,0.0003084169584326446,6.8242878913879395,0.008144015446305275,0.10568922013044357,1.0,0.08107161632377911,19,1,0.004334101919084787,4.831615924835205,105.0,time_0s,0.0006988125387579203,B1_RR,1,0,0,[43],,
0.00017016474157571793,0.0008431747555732727,8.835963441421109,0.007973850704729557,0.1048460453748703,0.3099493095363293,0.0005060161929577589,6.708640098571777,0.008144015446305275,0.10568922013044357,1.0,0.06487205933004829,20,1,0.025766953825950623,4.153759956359863,60.0,time_0s,0.0008854662555677351,B1_RR,1,0,0,[1299],,
1.1701136827468872e-05,0.00011127442121505737,4.556596264212417,0.008132314309477806,0.10557794570922852,0.19322784055079373,0.0002623791806399822,6.58073616027832,0.008144015446305275,0.10568922013044357,1.0,0.05395648056900328,21,1,0.0037496606819331646,3.285439968109131,89.0,time_0s,0.00047621877092751674,B1_RR,1,0,0,[379],,
9.352900087833405e-05,0.000852443277835846,8.518468023504589,0.008050486445426941,0.10483677685260773,0.27077328347751417,0.0005965963937342167,6.790431976318359,0.008144015446305275,0.10568922013044357,1.0,0.08755052514886161,22,1,0.006843808107078075,3.9703359603881836,610.0,time_0s,0.0006482005337602459,B1_RR,1,0,0,[757],,
4.058331251144409e-05,0.0004606768488883972,8.439886873889497,0.008103432133793831,0.10522854328155518,0.18793552316221496,0.00019135873299092054,6.562016010284424,0.008144015446305275,0.10568922013044357,1.0,0.04045976467931585,23,1,0.00541309779509902,4.03766393661499,310.0,time_0s,0.0007775138401484583,B1_RR,1,0,0,[168],,
4.7715380787849426e-05,0.00047579407691955566,11.9686252472952,0.008096300065517426,0.10521342605352402,0.04879928344109604,6.95718772476539e-05,6.566783905029297,0.008144015446305275,0.10568922013044357,1.0,0.05665056166140536,24,1,0.004575354978442192,5.890751838684082,154.0,time_0s,0.0004750492844323162,B1_RR,1,0,0,[84],,
4.6214088797569275e-05,0.00043644756078720093,6.8374185137648436,0.008097801357507706,0.10525277256965637,0.0735381760275945,0.0001453087606932968,6.578144073486328,0.008144015446305275,0.10568922013044357,1.0,0.07851685361707499,25,1,0.006650055292993784,3.6147520542144775,35.0,time_0s,0.0001785965432645753,B1_RR,1,0,0,[1051],,
-1.9827857613563538e-05,0.00012775510549545288,11.629807077587747,0.008163843303918839,0.10556146502494812,0.005858016425047566,5.834420790051809e-06,6.755519866943359,0.008144015446305275,0.10568922013044357,1.0,0.039575927887618975,26,1,0.005925181787461042,5.991551876068115,145.0,time_0s,0.0002545214374549687,B1_RR,1,0,0,[1261],,
2.6188790798187256e-06,8.422881364822388e-05,5.752111927554005,0.008141396567225456,0.10560499131679535,0.03731025680439083,6.168178515508771e-05,6.58351993560791,0.008144015446305275,0.10568922013044357,1.0,0.06569202341212967,27,1,0.003660979913547635,3.718208074569702,146.0,time_0s,0.00013592656614491716,B1_RR,1,0,0,[632],,
4.7993846237659454e-05,0.0004940405488014221,7.357511910722322,0.008096021600067616,0.10519517958164215,0.11298447004611757,0.00014364039816427976,6.570528030395508,0.008144015446305275,0.10568922013044357,1.0,0.0505174930482565,28,1,0.005488005466759205,3.88703989982605,363.0,time_0s,0.0004921586551063228,B1_RR,1,0,0,[211],,
3.7204474210739136e-05,0.00042488425970077515,5.404419541560859,0.008106810972094536,0.1052643358707428,0.19527564863769906,0.00039229911635629833,6.780511856079102,0.008144015446305275,0.10568922013044357,1.0,0.07982762045970579,29,1,0.003978319000452757,3.571392059326172,43.0,time_0s,0.000290891170152463,B1_RR,1,0,0,[592],,
-6.05359673500061e-08,3.503262996673584e-05,6.6699449681207605,0.008144075982272625,0.10565418750047684,0.040625152188138516,6.197708717081696e-05,6.594048023223877,0.008144015446305275,0.10568922013044357,1.0,0.06062058223157297,30,1,0.008305435068905354,3.623807907104492,118.0,time_0s,7.276957637714077e-05,B1_RR,1,0,0,[968],,
2.3027881979942322e-05,0.0002245679497718811,6.892334774042016,0.008120987564325333,0.10546465218067169,0.030689056580765924,5.8838704717345536e-05,6.570464134216309,0.008144015446305275,0.10568922013044357,1.0,0.07618395391697037,31,1,0.007388025056570768,3.9754879474639893,103.0,time_0s,0.00016723938665563765,B1_RR,1,0,0,[839],,
8.267909288406372e-05,0.0008777007460594177,14.038023196403612,0.008061336353421211,0.10481151938438416,0.09106613394968373,0.00011049353634007275,6.6141438484191895,0.008144015446305275,0.10568922013044357,1.8054207563400269,0.048212973440252535,0,2,0.0056736767292022705,10.114720344543457,155.5,time_0s,0.000828425132567645,B2_RR,1,48349988700,0,"[1093, 126]",0.01757236383855343,0.01757236383855343
2.8118491172790527e-05,0.00030209124088287354,8.346331653276968,0.008115896955132484,0.1053871288895607,0.07311064185023212,7.445555092999712e-05,6.817984104156494,0.008144015446305275,0.10568922013044357,1.9936778545379639,0.040466945810033336,1,2,0.005313593661412597,7.26639986038208,97.0,time_0s,0.0002700511276998441,B2_RR,1,14850001837,0,"[1179, 882]",0.0322602242231369,0.0322602242231369
7.497146725654602e-05,0.000798739492893219,7.649057114073602,0.008069043979048729,0.10489048063755035,0.21476781680719617,0.00023587205214425921,6.773568153381348,0.008144015446305275,0.10568922013044357,1.985234022140503,0.04364065156646286,2,2,0.00481376051902771,5.57206392288208,49.5,time_0s,0.0007930680512799881,B2_RR,1,20999993413,0,"[504, 924]",8.237942277694642e-16,8.237942277694642e-16
0.00010708160698413849,0.001190878450870514,11.126873283240393,0.008036933839321136,0.10449834167957306,0.25704288719185303,0.0002844574337359518,6.67577600479126,0.008144015446305275,0.10568922013044357,1.9105967283248901,0.04397396636973962,3,2,0.005356450332328677,6.088768005371094,32.5,time_0s,0.0010775632617878728,B2_RR,1,23050005463,0,"[462, 1]",-5.0953818941934514e-08,-5.0953818941934514e-08
8.873641490936279e-05,0.000621408224105835,15.825239906142274,0.008055279031395912,0.10506781190633774,0.12548040558308127,0.00012485019396990538,6.8218560218811035,0.008144015446305275,0.10568922013044357,1.6811999082565308,0.039536411712669084,4,2,0.005579405929893255,12.310463905334473,387.0,time_0s,0.0007934936584206298,B2_RR,1,25249992587,0,"[1219, 714]",-0.00419958122074604,-0.00419958122074604
2.861209213733673e-05,0.00034447014331817627,6.726359997059313,0.008115403354167938,0.1053447499871254,0.055791771412422794,6.728319567628205e-05,6.575615882873535,0.008144015446305275,0.10568922013044357,1.6423304080963135,0.04792039649810738,5,2,0.003827567328698933,5.492703914642334,50.5,time_0s,0.00016361872621928342,B2_RR,1,6149999750,0,"[296, 419]",0.03516881912946701,0.03516881912946701
4.4386833906173706e-05,0.0003756508231163025,9.646199993198195,0.008099628612399101,0.10531356930732727,0.050755487146855745,6.512103573186323e-05,6.610335826873779,0.008144015446305275,0.10568922013044357,1.9955545663833618,0.050982630759461856,6,2,0.005440314183942974,5.850368022918701,152.5,time_0s,0.0005164677058928646,B2_RR,1,16850002500,0,"[673, 336]",0.0,0.0
5.0945207476615906e-05,0.0005095526576042175,9.253731849946455,0.008093070238828659,0.10517966747283936,0.1766160113941221,0.0002540317364037037,6.56115198135376,0.008144015446305275,0.10568922013044357,1.9692609310150146,0.05715337050157484,7,2,0.004427394131198525,6.266816139221191,211.5,time_0s,0.0006508348687930265,B2_RR,1,12650042412,0,"[799, 546]",1.3270530985209916e-07,1.3270530985209916e-07
4.995334893465042e-05,0.00045493245124816895,8.916922111850008,0.008094062097370625,0.1052342876791954,0.020652474680181797,2.7229165425524116e-05,6.780576229095459,0.008144015446305275,0.10568922013044357,1.654490351676941,0.052389731778688595,8,2,0.007062079617753625,5.984576225280762,434.0,time_0s,0.000276311530797102,B2_RR,1,37649993787,0,"[256, 1009]",0.0,0.0
0.00014376267790794373,0.0014250800013542175,15.727807252024997,0.008000252768397331,0.10426414012908936,0.142820396954799,0.00018004706362262368,6.856544017791748,0.008144015446305275,0.10568922013044357,1.825058102607727,0.050093312381902046,9,2,0.005016710143536329,9.891648292541504,81.0,time_0s,0.0009097974489122862,B2_RR,1,54750002575,0,"[1138, 43]",-1.8094842744176276e-05,-1.8094842744176276e-05
0.0001732800155878067,0.0008798316121101379,9.079525195735535,0.007970735430717468,0.10480938851833344,0.36233526073507594,0.00038419768679887056,6.810976028442383,0.008144015446305275,0.10568922013044357,1.9357391595840454,0.04213355354882506,10,2,0.014758307253941894,6.20963191986084,74.5,time_0s,0.001284337995457463,B2_RR,1,46000002712,0,"[1299, 379]",-0.002677097450941801,-0.002677097450941801
0.00013416539877653122,0.0013136118650436401,11.986199644785374,0.008009850047528744,0.10437560826539993,0.3246351099693436,0.0003939775633625686,6.81987190246582,0.008144015446305275,0.10568922013044357,1.4084984064102173,0.048223635160291184,11,2,0.006128452951088548,6.781439781188965,460.0,time_0s,0.0014243240948417224,B2_RR,1,29450005000,0,"[757, 168]",-1.5396520893773413e-06,-1.5396520893773413e-06
9.396299719810486e-05,0.0009124204516410828,13.773084118291612,0.00805005244910717,0.10477679967880249,0.0881884236429383,0.00010744031169451773,6.681695938110352,0.008144015446305275,0.10568922013044357,1.819155216217041,0.04841050609076528,12,2,0.005612705135717988,8.022303581237793,94.5,time_0s,0.0006535166648973245,B2_RR,1,48350007962,0,"[84, 1051]",1.4232692592486273e-05,1.4232692592486273e-05
-1.1471100151538849e-05,0.00024284422397613525,12.213600936602141,0.008155486546456814,0.10544637590646744,0.03499028357885624,3.375809683348052e-05,7.468095779418945,0.008144015446305275,0.10568922013044357,1.6413938999176025,0.03833667431098608,13,2,0.004793080850504339,8.526752471923828,145.5,time_0s,0.00039981654299481306,B2_RR,1,31450006825,0,"[1261, 632]",-0.0005564306047745049,-0.0005564306047745049
8.519738912582397e-05,0.0009189322590827942,9.127166598611463,0.008058818057179451,0.10477028787136078,0.22542837245309594,0.0002679697354324162,6.8475518226623535,0.008144015446305275,0.10568922013044357,1.6902507543563843,0.04723469494576575,14,2,0.004733162233605981,6.40015983581543,203.0,time_0s,0.000783049303208827,B2_RR,1,19049999963,0,"[211, 592]",0.0,0.0
2.2445805370807648e-05,0.00025407224893569946,9.4652848654559,0.008121569640934467,0.10543514788150787,0.04930515792831883,6.040789594408125e-05,6.667840003967285,0.008144015446305275,0.10568922013044357,1.9039393663406372,0.048683892851281614,15,2,0.007846730062738061,6.402560234069824,110.5,time_0s,0.00023977021464816062,B2_RR,1,6449998338,0,"[968, 839]",0.00017706636572256684,0.00017706636572256684
0.00011039990931749344,0.0011779442429542542,16.30417126019731,0.008033615536987782,0.10451127588748932,0.1167549580098373,9.247453272109851e-05,6.707136154174805,0.008144015446305275,0.10568922013044357,3.6072840690612793,0.031472464798203786,0,4,0.005493635195307434,16.994239807128906,126.25,time_0s,0.0010981530285789631,B4_RR,1,52649991412,0,"[1093, 126, 1179, 882]",0.008305397816002369,-2.0392576516314875e-07
0.00018217042088508606,0.001992620527744293,13.192568216384231,0.007961845025420189,0.10369659960269928,0.33442942921824365,0.00026016472838819027,6.621088027954102,0.008144015446305275,0.10568922013044357,3.892909288406372,0.030912054644518308,1,4,0.005085105425678194,11.289471626281738,41.0,time_0s,0.0018691005680011585,B4_RR,1,46149996163,0,"[504, 924, 462, 1]",-0.0016416733851656318,-0.009849988855421543
0.000125247985124588,0.000979408621788025,16.083501049531908,0.008018767461180687,0.10470981150865555,0.1230054299582357,9.606670209905133e-05,6.608320236206055,0.008144015446305275,0.10568922013044357,3.2134811878204346,0.03103362739859249,2,4,0.004703486629296094,16.89904022216797,218.75,time_0s,0.000911225915842806,B4_RR,1,46149997537,0,"[1219, 714, 296, 419]",0.004068815149366856,-0.005938520189374685
7.683597505092621e-05,0.0007293447852134705,11.722899275221035,0.008067179471254349,0.1049598753452301,0.1622743923338021,0.00015957637515384704,6.556575775146484,0.008144015446305275,0.10568922013044357,3.901322603225708,0.03907532034538323,3,4,0.0049338541575707495,10.75385570526123,182.0,time_0s,0.0010456061063450761,B4_RR,1,23150044912,0,"[673, 336, 799, 546]",0.01379896979779005,0.0
0.00017674826085567474,0.0017059817910194397,17.11734585795413,0.0079672671854496,0.10398323833942413,0.11322687788625813,0.00010363812180003151,6.795135974884033,0.008144015446305275,0.10568922013044357,3.449021100997925,0.03637089134760608,4,4,0.006039394880644977,14.680255889892578,257.5,time_0s,0.001041227049427107,B4_RR,1,54750002575,0,"[256, 1009, 1138, 43]",0.0022583543322980404,-1.8094842744176276e-05
0.0002695377916097641,0.0017510280013084412,12.73572384413236,0.00787447765469551,0.10393819212913513,0.47599904484711,0.00038908759597688913,6.784128189086914,0.008144015446305275,0.10568922013044357,3.0752077102661133,0.03248069007279717,5,4,0.01044338010251522,11.598624229431152,267.25,time_0s,0.0021920434082858264,B4_RR,1,56550000587,0,"[1299, 379, 757, 168]",0.01501777395606041,-0.002677097450941801
6.0024671256542206e-05,0.000909067690372467,15.75089385508619,0.008083990775048733,0.1047801524400711,0.0909040421125756,7.059921335894614e-05,6.55836820602417,0.008144015446305275,0.10568922013044357,3.354506492614746,0.030860333148652278,6,4,0.005202892993111163,15.399423599243164,120.0,time_0s,0.0007187607770902105,B4_RR,1,58850005000,0,"[84, 1051, 1261, 632]",-0.0005917098606005311,-0.00237864232622087
0.00010764226317405701,0.0011729970574378967,13.143605546252731,0.008036373183131218,0.10451622307300568,0.19236240016405504,0.00016418882296420634,6.548511981964111,0.008144015446305275,0.10568922013044357,3.5910897254943848,0.03391621230980332,7,4,0.006289946148172021,11.042688369750977,156.75,time_0s,0.0010228190767520573,B4_RR,1,37850001338,0,"[211, 592, 968, 839]",2.9511225875467062e-05,0.0
0.00014266837388277054,0.00144890695810318,14.774900176385573,0.008001347072422504,0.1042403131723404,0.1842236771767877,0.0001770996314007789,6.547296047210693,0.008144015446305275,0.10568922013044357,3.8031437397003174,0.03819936587555687,0,4,0.00675352819962427,10.988448143005371,114.5,time_0s,0.001541683614050271,B4_Strat,1,50399989750,0,"[1, 336, 673, 1009]",0.003372245468199253,-9.37688491831068e-06
0.00017000827938318253,0.0017891749739646912,16.703414008099834,0.007974007166922092,0.10390004515647888,0.24160356020137952,0.00023921312822494656,6.80182409286499,0.008144015446305275,0.10568922013044357,3.369436264038086,0.03934283248899208,1,4,0.005245076259598136,14.23196792602539,226.0,time_0s,0.0017361492245981935,B4_Strat,1,50400006787,0,"[43, 379, 714, 1051]",0.06046418100595474,-2.7909600248676725e-05
0.0001652659848332405,0.001729913055896759,16.15724822175784,0.007978749461472034,0.10395930707454681,0.23684801728344132,0.00023379476624540985,6.600319862365723,0.008144015446305275,0.10568922013044357,3.696145534515381,0.03922373754201722,2,4,0.005195772449951619,15.593536376953125,238.75,time_0s,0.001293147241085535,B4_Strat,1,50449997000,0,"[84, 419, 757, 1093]",0.02114534005522728,0.0
0.00011594314128160477,0.000999540090560913,14.931531876541625,0.00802807230502367,0.10468968003988266,0.09697491297117858,7.610319880768657e-05,6.552512168884277,0.008144015446305275,0.10568922013044357,3.6883773803710938,0.031183686528288262,3,4,0.005045073456130922,14.520511627197266,84.75,time_0s,0.0009588076081854524,B4_Strat,1,50599995450,0,"[126, 462, 799, 1138]",0.005278739146888256,-6.841681624791818e-06
6.91395252943039e-05,0.0007566064596176147,12.691877881178133,0.008074875921010971,0.10493261367082596,0.1250877598749819,9.371967462357134e-05,6.6599040031433105,0.008144015446305275,0.10568922013044357,3.3736064434051514,0.0297714440253458,4,4,0.005197249352931976,11.766240119934082,118.0,time_0s,0.0010722228907980025,B4_Strat,1,50549998587,0,"[168, 504, 839, 1179]",0.004643856547772884,-4.738671233184277e-09
8.965190500020981e-05,0.0009703114628791809,14.602214424659044,0.008054363541305065,0.10471890866756439,0.1899781090050435,0.00014649797230958939,6.8081278800964355,0.008144015446305275,0.10568922013044357,3.009645700454712,0.03064163931043623,5,4,0.004833658924326301,14.316448211669922,244.25,time_0s,0.0012191882233310025,B4_Strat,1,50400000000,0,"[211, 546, 882, 1219]",0.0008126579923555255,-0.007206471171230078
0.00011526234447956085,0.0015784651041030884,13.834007918065703,0.008028753101825714,0.10411075502634048,0.2692115911513763,0.00020750467956531793,6.702047824859619,0.008144015446305275,0.10568922013044357,3.2825429439544678,0.03062796084836597,6,4,0.005415082909166813,13.29036808013916,247.0,time_0s,0.0013446271550492384,B4_Strat,1,50250004450,0,"[256, 592, 924, 1261]",-0.0018499810248613358,-0.011128582060337067
0.00016970746219158173,0.0010537132620811462,12.906464779292849,0.007974307984113693,0.10463550686836243,0.21339493504081974,0.0001618630631128326,6.8089919090271,0.008144015446305275,0.10568922013044357,3.8292996883392334,0.030140301376496908,7,4,0.010506253980565816,11.132224082946777,96.25,time_0s,0.0011287886009085923,B4_Strat,1,50150000037,0,"[296, 632, 968, 1299]",-0.0011536336969584227,-0.006921802181750536
0.000417191069573164,0.003263503313064575,15.598785891611971,0.007726824376732111,0.102425716817379,0.5667854022880504,0.0005145489703863859,6.587615966796875,0.008144015446305275,0.10568922013044357,3.708364963531494,0.03607380888715878,0,4,0.011594229494221509,12.36832046508789,188.75,time_0s,0.0030330455483635888,B4_Match,1,64899997125,0,"[1, 1299, 757, 924]",0.0015968335792422295,0.0
0.0001329062506556511,0.0012679025530815125,15.771547789077113,0.008011109195649624,0.10442131757736206,0.34658287181926484,0.00027169616078026593,6.574048042297363,0.008144015446305275,0.10568922013044357,3.302032470703125,0.03115016479704522,1,4,0.004846891155466437,13.530688285827637,279.25,time_0s,0.001993678495637141,B4_Match,1,27300005500,0,"[592, 379, 168, 714]",0.0037387448828667402,0.0
0.0001996215432882309,0.0021123215556144714,15.466654837931982,0.007944393903017044,0.1035768985748291,0.2553643216562703,0.0002400301891611889,6.766335964202881,0.008144015446305275,0.10568922013044357,3.6098055839538574,0.037349912681598804,2,4,0.004669223912060261,12.161696434020996,222.75,time_0s,0.0015785153445904143,B4_Match,1,37800046162,0,"[546, 43, 211, 799]",0.0026371001731604338,0.0
0.00013950839638710022,0.0016225054860115051,16.00305979964404,0.008004507049918175,0.10406671464443207,0.13281426467972893,0.00012923282338306308,6.882143974304199,0.008144015446305275,0.10568922013044357,3.746220827102661,0.03866446928678223,3,4,0.005585203936789185,12.993087768554688,95.5,time_0s,0.0010214977428404381,B4_Match,1,33699995575,0,"[1093, 882, 1051, 419]",0.02498178742825985,0.0
6.545521318912506e-05,0.0006471350789070129,14.473508304734505,0.00807856023311615,0.10504208505153656,0.0935482091314974,6.967408262426034e-05,6.589407920837402,0.008144015446305275,0.10568922013044357,3.9673030376434326,0.02959509404030913,4,4,0.0054788063280284405,13.79094409942627,113.25,time_0s,0.000829876556963427,B4_Match,1,44200000550,0,"[504, 126, 84, 968]",0.015240199863910675,0.0
4.575774073600769e-05,0.0004529133439064026,13.11160711204445,0.008098257705569267,0.10523630678653717,0.07029600501193162,6.0900267271790653e-05,6.588352203369141,0.008144015446305275,0.10568922013044357,3.8830788135528564,0.034424884928721006,5,4,0.005060231662355363,13.525343894958496,127.0,time_0s,0.0008020213736017467,B4_Match,1,40100001325,0,"[632, 336, 1138, 673]",0.013517402112483978,0.0
5.424767732620239e-05,0.0006460770964622498,11.263707690234103,0.008089767768979073,0.10504314303398132,0.05229720157340293,4.035955498693511e-05,6.788064002990723,0.008144015446305275,0.10568922013044357,3.4954605102539062,0.030665627898210573,6,4,0.005449214135296643,11.76636791229248,231.0,time_0s,0.00041658418376755435,B4_Match,1,46149999162,0,"[1179, 839, 256, 296]",0.024078618735074997,0.0
2.1141953766345978e-05,0.0003682151436805725,14.401051670528568,0.008122873492538929,0.105321004986763,0.01224307452679223,9.354045687359758e-06,6.599423885345459,0.008144015446305275,0.10568922013044357,2.6187846660614014,0.030359382686697457,7,4,0.005507894908078015,16.516576766967773,112.0,time_0s,0.0003624354358180426,B4_Match,1,39949994950,0,"[1219, 1009, 1261, 462]",0.01898411102592945,-0.00010858137102331966
0.00015172548592090607,0.0013958737254142761,14.773340101339587,0.007992289960384369,0.1042933464050293,0.2710973590533825,0.0002548768534325063,6.546815872192383,0.008144015446305275,0.10568922013044357,3.0682826042175293,0.03735846754672741,0,4,0.006098782876506448,14.449119567871094,592.5,time_0s,0.0012489582150010392,B4_Novel,1,27300006913,0,"[256, 714, 757, 211]",0.07815882563591003,0.0
7.211044430732727e-05,0.0006379559636116028,12.05897135030593,0.008071905001997948,0.10505126416683197,0.19403785707082202,0.00016395955753978342,6.581920146942139,0.008144015446305275,0.10568922013044357,3.17992901802063,0.033576406254498696,1,4,0.004258631088305265,12.060511589050293,265.5,time_0s,0.001348143759969389,B4_Novel,1,20999996625,0,"[546, 168, 336, 126]",0.03587842732667923,-3.558828393579461e-05
9.9940225481987e-05,0.0011338740587234497,15.851248999851984,0.008044075220823288,0.10455534607172012,0.11445442319435745,9.652174776419997e-05,6.78707218170166,0.008144015446305275,0.10568922013044357,3.699032783508301,0.033510162913237496,2,4,0.005140901950653642,15.583359718322754,151.75,time_0s,0.001046504137775628,B4_Novel,1,50449997000,0,"[882, 84, 1093, 632]",0.019789474084973335,-0.0006294185295701027
0.00010348763316869736,0.0014132186770439148,16.639601823755015,0.008040527813136578,0.10427600145339966,0.10802501154960523,9.804094588616863e-05,6.573696136474609,0.008144015446305275,0.10568922013044357,3.1761863231658936,0.03606343697367008,3,4,0.0067180118057876825,14.256575584411621,128.5,time_0s,0.0008174920767487492,B4_Novel,1,60900003825,0,"[1009, 1261, 968, 43]",0.0149748045951128,-0.0018507377244532108
9.884126484394073e-05,0.0010907277464866638,14.229167486063243,0.008045174181461334,0.10459849238395691,0.23375474848494482,0.0001808832021197304,6.5951361656188965,0.008144015446305275,0.10568922013044357,3.423293113708496,0.030748344534013723,4,4,0.005497502628713846,14.139904022216797,92.25,time_0s,0.0013119193718011957,B4_Novel,1,42000000212,0,"[839, 1219, 379, 924]",0.011073070578277111,-0.0029973709024488926
0.00022382847964763641,0.0014202669262886047,12.975628493684168,0.007920186966657639,0.10426895320415497,0.22485208878325827,0.0001915962202474475,6.697696208953857,0.008144015446305275,0.10568922013044357,3.668546676635742,0.03385898646713555,5,4,0.010879876324906945,11.2991361618042,64.25,time_0s,0.001277091054362245,B4_Novel,1,50150000037,0,"[673, 799, 296, 1299]",0.008449358865618706,-0.006921802181750536
7.874146103858948e-05,0.0007645487785339355,12.53305627999308,0.008065273985266685,0.10492467135190964,0.15894734830697402,0.00014186481712386012,6.810912132263184,0.008144015446305275,0.10568922013044357,3.595705270767212,0.03546544050644643,6,4,0.003981967398431152,12.478560447692871,49.5,time_0s,0.0005935158787906403,B4_Novel,1,35950002325,0,"[462, 1138, 592, 419]",0.013665745034813881,0.0
0.00010295957326889038,0.0011980235576629639,14.00375492221678,0.008041055873036385,0.10449119657278061,0.23587095311775122,0.00020805277745239437,6.722271919250488,0.008144015446305275,0.10568922013044357,3.59403657913208,0.035049594584853495,7,4,0.005616021458990872,11.62559986114502,25.25,time_0s,0.001137048577220412,B4_Novel,1,58899995125,0,"[1179, 1051, 504, 1]",0.03527907282114029,-4.738671233184277e-09
-3.3527612686157227e-07,2.4363398551940918e-05,6.741707178026741,0.007975447922945023,0.10331816971302032,0.03684485846313545,4.951361188432202e-05,7.146687984466553,0.007975112646818161,0.10334253311157227,1.0,0.05820463037784249,0,1,0.010115906596183777,43.47091293334961,104.0,time_0s,5.161158378541586e-05,B1_RR,2,0,0,[968],,
4.433095455169678e-06,6.14747405052185e-05,4.3582511680812,0.007970679551362991,0.10328105837106705,0.07235187805713796,0.00011044309212593362,6.631616115570068,0.007975112646818161,0.10334253311157227,1.0,0.06611478175569287,1,1,0.004095314536243677,3.5726399421691895,70.0,time_0s,0.00010526203186600469,B1_RR,2,0,0,[504],,
-1.109205186367035e-06,9.591132402420044e-05,6.628765654604315,0.007976221852004528,0.10324662178754807,0.016274202883607643,2.185879202443175e-05,6.7803521156311035,0.007975112646818161,0.10334253311157227,1.0,0.058174981283042236,2,1,0.005783126689493656,3.8754560947418213,174.0,time_0s,0.00016262935514532728,B1_RR,2,0,0,[293],,
1.9395723938941956e-05,0.0002473592758178711,6.77093785657656,0.007955716922879219,0.1030951738357544,0.04847227239734847,6.538465822814032e-05,6.738207817077637,0.007975112646818161,0.10334253311157227,1.0,0.05842413592012793,3,1,0.006184653844684362,3.6759040355682373,157.0,time_0s,0.0002628452693897998,B1_RR,2,0,0,[882],,
2.0707957446575165e-05,0.0002868920564651489,6.838665007190521,0.007954404689371586,0.10305564105510712,0.06354557242395537,0.00011177115811733529,6.641983985900879,0.007975112646818161,0.10334253311157227,1.0,0.07618233413292606,4,1,0.0060448539443314075,3.667680025100708,38.0,time_0s,9.624554022025222e-05,B1_RR,2,0,0,[1052],,
-1.907162368297577e-05,0.0001023411750793457,11.563254569536852,0.007994184270501137,0.10324019193649292,0.0069782580023214115,6.151116849650862e-06,6.700831890106201,0.007975112646818161,0.10334253311157227,1.0,0.038178316590706675,5,1,0.005995503626763821,5.954304218292236,183.0,time_0s,0.00031233274785336107,B1_RR,2,0,0,[1262],,
7.342640310525894e-05,0.0003311261534690857,12.242162347194439,0.007901686243712902,0.10301140695810318,0.14448163095859243,0.00023150282504502684,6.666240215301514,0.007975112646818161,0.10334253311157227,1.0,0.0693990426941653,6,1,0.0060030631721019745,6.2008957862854,597.0,time_0s,0.0006313736448646523,B1_RR,2,0,0,[714],,
0.00011548399925231934,0.0012693032622337341,11.755157743203426,0.007859628647565842,0.10207322984933853,0.12750511421694474,0.00019607512513175607,6.631167888641357,0.007975112646818161,0.10334253311157227,1.0,0.0666046754327692,7,1,0.00455248961225152,4.722080230712891,117.0,time_0s,0.0006478226114268182,B1_RR,2,0,0,[43],,
3.7513673305511475e-06,0.0001379251480102539,5.755330983138099,0.00797136127948761,0.10320460796356201,0.045210218704663144,6.598587788175792e-05,6.670783996582031,0.007975112646818161,0.10334253311157227,1.0,0.06321559225456155,8,1,0.0041130296885967255,3.6941120624542236,159.0,time_0s,0.00018440112989992485,B1_RR,2,0,0,[629],,
8.242577314376831e-05,0.0007369294762611389,8.40916942001742,0.007892686873674393,0.10260560363531113,0.26200281460056785,0.00047897989861667156,6.723680019378662,0.007975112646818161,0.10334253311157227,1.0,0.07918103076264013,9,1,0.006609427276998758,4.220064163208008,639.0,time_0s,0.0006084724427637411,B1_RR,2,0,0,[758],,
2.528354525566101e-05,0.00017921626567840576,7.237109328713826,0.0079498291015625,0.10316331684589386,0.05008440324083752,9.283908002544194e-05,6.699647903442383,0.007975112646818161,0.10334253311157227,1.0,0.08028569011968241,10,1,0.008483893238008022,3.724287986755371,52.0,time_0s,0.00020259805796740693,B1_RR,2,0,0,[672],,
7.798895239830017e-06,0.00010491907596588135,5.754634077275764,0.007967313751578331,0.10323761403560638,0.22161074470285622,0.0004114032781217247,6.672863960266113,0.007975112646818161,0.10334253311157227,1.0,0.08040568475287371,11,1,0.003023478901013732,3.6233599185943604,362.0,time_0s,0.0004044158213218907,B1_RR,2,0,0,[546],,
8.413847535848618e-05,0.0008960068225860596,10.081157617284623,0.007890974171459675,0.1024465262889862,0.3277429811575036,0.0005122377187944949,6.7755842208862305,0.007975112646818161,0.10334253311157227,1.0,0.06769365677346822,12,1,0.01036653108894825,4.224639892578125,2.0,time_0s,0.0010176561554544605,B1_RR,2,0,0,[1],,
2.043694257736206e-05,0.000363767147064209,11.953961742011293,0.007954675704240799,0.10297876596450806,0.07112913279101946,9.299358498537913e-05,6.724800109863281,0.007975112646818161,0.10334253311157227,1.0,0.05662592335341837,13,1,0.005597152281552553,5.4170241355896,205.0,time_0s,0.0004863269759880495,B1_RR,2,0,0,[84],,
3.003980964422226e-05,0.00038811564445495605,7.347109287027871,0.007945072837173939,0.10295441746711731,0.11660563796733413,0.0001359504967695102,6.536159992218018,0.007975112646818161,0.10334253311157227,1.0,0.050497638565740965,14,1,0.005689937621355057,4.012703895568848,396.0,time_0s,0.00046808130719000474,B1_RR,2,0,0,[211],,
-7.282942533493042e-07,3.6954879760742188e-06,7.986169507491567,0.00797584094107151,0.10333883762359619,0.020238999003619106,2.3009015421848744e-05,6.684927940368652,0.007975112646818161,0.10334253311157227,1.0,0.049240088662306454,15,1,0.004476923495531082,4.486559867858887,21.0,time_0s,4.393897310706052e-05,B1_RR,2,0,0,[1179],,
5.195196717977524e-05,0.0006534308195114136,6.219481393142031,0.007923160679638386,0.10268910229206085,0.22455027487965104,0.00028393883258104324,6.796576023101807,0.007975112646818161,0.10334253311157227,1.0,0.05476726096916337,16,1,0.0046156845055520535,3.812000036239624,87.0,time_0s,0.000652197195449844,B1_RR,2,0,0,[924],,
7.1749091148376465e-06,0.00012287497520446777,6.095169971156956,0.007967937737703323,0.1032196581363678,0.03411471737725043,5.273803253658116e-05,6.562079906463623,0.007975112646818161,0.10334253311157227,1.0,0.06695638011065849,17,1,0.004001033026725054,3.5981760025024414,112.0,time_0s,0.0003094649027843843,B1_RR,2,0,0,[334],,
-2.648215740919113e-05,5.083531141281128e-05,12.465050349231396,0.008001594804227352,0.10329169780015945,-0.0006651442234572738,-5.836718628415838e-07,6.702079772949219,0.007975112646818161,0.10334253311157227,1.0,0.038006926768333636,18,1,0.004749447572976351,7.469183921813965,74.0,time_0s,0.0001321577437920496,B1_RR,2,0,0,[1218],,
4.0275976061820984e-05,0.00035475194454193115,7.216007191784168,0.00793483667075634,0.10298778116703033,0.08715824801960881,0.0001479686179663986,6.744768142700195,0.007975112646818161,0.10334253311157227,1.0,0.07353108016086488,19,1,0.00649633351713419,3.8323519229888916,103.0,time_0s,0.0002505364686840039,B1_RR,2,0,0,[799],,
1.1973083019256592e-05,0.00016298145055770874,4.5463627007609695,0.007963139563798904,0.10317955166101456,0.005474746793174651,7.363196345977485e-06,6.533440113067627,0.007975112646818161,0.10334253311157227,1.0,0.05825217743388346,20,1,0.0034396504051983356,3.562272071838379,40.0,time_0s,2.3612503355252557e-05,B1_RR,2,0,0,[462],,
2.799835056066513e-05,0.0001354217529296875,11.07959548434275,0.007947114296257496,0.10320711135864258,0.04645140700347669,6.018580461386591e-05,6.617248058319092,0.007975112646818161,0.10334253311157227,1.0,0.056118366078785106,21,1,0.006078773643821478,6.776095867156982,155.0,time_0s,0.00030412450678340974,B1_RR,2,0,0,[1134],,
1.530814915895462e-05,9.521842002868652e-05,5.928500790516811,0.007959804497659206,0.10324731469154358,0.003962084287720242,8.834160325932316e-06,6.7026238441467285,0.007975112646818161,0.10334253311157227,1.0,0.09657203576308152,22,1,0.010831368155777454,3.748095989227295,128.0,time_0s,4.252759839573628e-05,B1_RR,2,0,0,[1009],,
3.108568489551544e-05,0.00038357824087142944,6.911781828751901,0.007944026961922646,0.10295895487070084,0.03660949621864028,4.461773278308101e-05,6.665503978729248,0.007975112646818161,0.10334253311157227,1.0,0.05278658489929769,23,1,0.004993573762476444,3.9297280311584473,568.0,time_0s,0.0002395234569121385,B1_RR,2,0,0,[253],,
1.5797093510627747e-05,0.00016167759895324707,6.809306414638678,0.007959315553307533,0.10318085551261902,0.02849046089680147,5.150907963979989e-05,6.566336154937744,0.007975112646818161,0.10334253311157227,1.0,0.07830583683572162,24,1,0.006832320708781481,3.9243199825286865,71.0,time_0s,0.0001426650455869094,B1_RR,2,0,0,[842],,
4.742294549942017e-06,0.00012084096670150757,4.440815412187555,0.007970370352268219,0.10322169214487076,0.021614708813176394,3.557135642040521e-05,6.703264236450195,0.007975112646818161,0.10334253311157227,1.0,0.07127887835982746,25,1,0.0028708353638648987,3.4287359714508057,32.0,time_0s,7.960600532896933e-05,B1_RR,2,0,0,[419],,
2.7635134756565094e-05,0.0005794316530227661,12.989931523737795,0.007947477512061596,0.1027631014585495,0.07920383303351188,0.0001284625323023647,6.937888145446777,0.007975112646818161,0.10334253311157227,1.0,0.07024899237264767,26,1,0.006488545797765255,6.265920162200928,116.0,time_0s,0.0005161181670700898,B1_RR,2,0,0,[1093],,
0.00014702975749969482,0.0007163435220718384,8.865841184406682,0.007828082889318466,0.10262618958950043,0.38182739273293687,0.0006289180018939078,6.681888103485107,0.007975112646818161,0.10334253311157227,1.0,0.0713406010712718,27,1,0.02678346261382103,4.314591884613037,205.0,time_0s,0.0008971887691586744,B1_RR,2,0,0,[1298],,
3.645755350589752e-05,0.0004440024495124817,5.273225684680391,0.007938655093312263,0.10289853066205978,0.1959308640375611,0.0003813529619947076,6.556672096252441,0.007975112646818161,0.10334253311157227,1.0,0.08430126476171276,28,1,0.0032723823096603155,3.714240074157715,31.0,time_0s,0.0003709662933033542,B1_RR,2,0,0,[588],,
4.769954830408096e-05,0.00041903555393218994,10.229088637374215,0.00792741309851408,0.10292349755764008,0.048303065763622706,6.226937694009393e-05,6.64028787612915,0.007975112646818161,0.10334253311157227,1.0,0.0558354016191967,29,1,0.005626422818750143,4.9618239402771,211.0,time_0s,0.0005557337099162396,B1_RR,2,0,0,[126],,
3.308989107608795e-05,0.00038867443799972534,8.444186425807247,0.007942022755742073,0.10295385867357254,0.18125465449634137,0.0001815968716982752,6.615808010101318,0.007975112646818161,0.10334253311157227,1.0,0.04339393310364705,30,1,0.0055815065279603004,4.1176958084106445,332.0,time_0s,0.0007943756936583668,B1_RR,2,0,0,[168],,
1.0637566447257996e-05,6.768852472305298e-05,4.63013477460551,0.007964475080370903,0.10327484458684921,0.08503676383903681,0.0001105423434637487,6.665567874908447,0.007975112646818161,0.10334253311157227,1.0,0.05630302942882641,31,1,0.0023857147898525,3.261631965637207,23.0,time_0s,0.0003885394398821518,B1_RR,2,0,0,[378],,
4.0978193283081055e-06,8.583813905715942e-05,8.026544296291531,0.007971014827489853,0.1032566949725151,0.07865221113867146,7.99783447291702e-05,6.591936111450195,0.007975112646818161,0.10334253311157227,1.9683799743652344,0.04404243227849752,0,2,0.007105610566213727,6.416351795196533,87.0,time_0s,0.00015687357381466427,B2_RR,2,23199993213,0,"[968, 504]",0.0,0.0
1.8287450075149536e-05,0.0003432631492614746,9.473239200390937,0.007956825196743011,0.10299926996231079,0.0458312218962455,4.362173058325425e-05,6.67907190322876,0.007975112646818161,0.10334253311157227,1.9999632835388184,0.04122410875615501,1,2,0.005983890267089009,6.7448320388793945,165.5,time_0s,0.0004254744208083139,B2_RR,2,29449998750,0,"[293, 882]",0.0,0.0
1.6344711184501648e-06,0.0003892183303833008,13.429239215658807,0.00797347817569971,0.10295331478118896,0.0599373471239738,5.89611372561194e-05,6.675807952880859,0.007975112646818161,0.10334253311157227,1.472487211227417,0.0426067251864998,2,2,0.006020178785547614,8.519807815551758,110.5,time_0s,0.0004085757645952981,B2_RR,2,10499997037,0,"[1052, 1262]",0.0,0.0
0.00018624402582645416,0.0015632808208465576,16.284618331285877,0.007788868620991707,0.10177925229072571,0.19243683635442388,0.0002137889532605186,6.683104038238525,0.007975112646818161,0.10334253311157227,1.996630311012268,0.04811792296076551,3,2,0.005277776392176747,10.057344436645508,357.0,time_0s,0.0012399584193190094,B2_RR,2,33550005450,0,"[714, 43]",0.0009657324408181012,0.0009657324408181012
8.618272840976715e-05,0.0008748695254325867,10.158321647267991,0.007888929918408394,0.10246766358613968,0.23295956700623963,0.00027248289552517235,6.635871887207031,0.007975112646818161,0.10334253311157227,1.9065014123916626,0.050660388426550525,4,2,0.005361228482797742,6.380703926086426,399.0,time_0s,0.0007928282357170247,B2_RR,2,6450005375,0,"[629, 758]",5.30710349266883e-06,5.30710349266883e-06
3.113411366939545e-05,0.0002766624093055725,8.540922420437173,0.007943978533148766,0.1030658707022667,0.18944342123923924,0.00025212118634954095,6.548799991607666,0.007975112646818161,0.10334253311157227,1.9982686042785645,0.057642078680433265,5,2,0.005753686069510877,6.124063968658447,207.0,time_0s,0.000585476032938459,B2_RR,2,6300001537,0,"[672, 546]",0.029399679973721504,0.029399679973721504
9.595416486263275e-05,0.001045122742652893,13.805590951368027,0.007879158481955528,0.10229741036891937,0.29024666347939226,0.00030261563370004296,6.625919818878174,0.007975112646818161,0.10334253311157227,1.9352842569351196,0.04515792155554406,6,2,0.007981841685250401,8.445440292358398,103.5,time_0s,0.0012738214463752229,B2_RR,2,4149995413,0,"[1, 84]",0.048005249351263046,0.048005249351263046
2.9311515390872955e-05,0.0003918111324310303,10.847018818298865,0.007945801131427288,0.10295072197914124,0.09761517186944069,7.947975245770067e-05,6.556032180786133,0.007975112646818161,0.10334253311157227,1.9987294673919678,0.03526541529961987,7,2,0.0050834305584430695,7.750912189483643,208.5,time_0s,0.0005120225814607693,B2_RR,2,48400000500,0,"[211, 1179]",0.0,0.0
5.9126876294612885e-05,0.0007762983441352844,8.706902820055847,0.007915985770523548,0.10256623476743698,0.16857629733183346,0.00016833841800689697,6.68614387512207,0.007975112646818161,0.10334253311157227,1.9243409633636475,0.04325103961637058,8,2,0.004308358766138554,5.928832054138184,99.5,time_0s,0.0009616620518499985,B2_RR,2,29499998913,0,"[924, 334]",0.0,0.0
2.521555870771408e-05,0.0004233419895172119,13.21852188330612,0.007949897088110447,0.10291919112205505,0.0772482582203187,7.36924703232944e-05,6.686944007873535,0.007975112646818161,0.10334253311157227,1.4987226724624634,0.04131847076382969,9,2,0.00562289054505527,10.083231925964355,88.5,time_0s,0.0003495172095426824,B2_RR,2,20949959500,0,"[1218, 799]",-0.004022363573312759,-0.004022363573312759
3.9851292967796326e-05,0.0002905130386352539,11.831175142525963,0.007935261353850365,0.10305202007293701,0.03616939852053966,3.377449684194289e-05,6.707615852355957,0.007975112646818161,0.10334253311157227,1.9972206354141235,0.040444309129145366,10,2,0.004759212024509907,8.762751579284668,97.5,time_0s,0.00032810759967105696,B2_RR,2,33599992825,0,"[462, 1134]",5.822885941597633e-05,5.822885941597633e-05
4.639476537704468e-05,0.00047878921031951904,9.104403286166077,0.007928717881441116,0.10286374390125275,0.021035583302176485,2.6725947464001365e-05,6.787199974060059,0.007975112646818161,0.10334253311157227,1.5485787391662598,0.0550285882574184,11,2,0.00791247095912695,6.166687965393066,348.0,time_0s,0.0002820523914124351,B2_RR,2,37799992837,0,"[1009, 253]",0.0,0.0
2.0539388060569763e-05,0.00028251856565475464,8.126531017006311,0.007954573258757591,0.10306001454591751,0.03561882046812368,4.354021803010255e-05,6.669407844543457,0.007975112646818161,0.10334253311157227,1.9825769662857056,0.05294450424056413,12,2,0.00485157803632319,5.763199806213379,51.5,time_0s,0.00022227560521059786,B2_RR,2,21149999825,0,"[842, 419]",0.0,0.0
0.00018437346443533897,0.001241341233253479,14.004663172952586,0.007790739182382822,0.10210119187831879,0.32783105602685114,0.000378690252546221,6.669983863830566,0.007975112646818161,0.10334253311157227,1.9995219707489014,0.05003153804693751,13,2,0.016636004205793142,9.308832168579102,160.5,time_0s,0.0012945954185852315,B2_RR,2,10249998837,0,"[1093, 1298]",-0.001175670069642365,-0.001175670069642365
7.856637239456177e-05,0.0008459910750389099,11.439555498719878,0.0078965462744236,0.10249654203653336,0.19002645023648626,0.00022181117674335837,6.629856109619141,0.007975112646818161,0.10334253311157227,1.735769510269165,0.05055675493315488,14,2,0.004449402564205229,7.381375789642334,121.0,time_0s,0.000926276137761306,B2_RR,2,23099991912,0,"[588, 126]",-3.7402467569336295e-05,-3.7402467569336295e-05
3.042258322238922e-05,0.0003252774477005005,8.716050895397645,0.007944690063595772,0.10301725566387177,0.17647954296252308,0.00014606959302909672,6.630655765533447,0.007975112646818161,0.10334253311157227,1.877632975578308,0.03584885334567549,15,2,0.0039836106589064,6.243552207946777,177.5,time_0s,0.0010614330240059644,B2_RR,2,10499999425,0,"[168, 378]",0.01790619269013405,0.01790619269013405
1.9307248294353485e-05,0.00038239359855651855,11.971611328328136,0.007955805398523808,0.10296013951301575,0.08839725427571953,6.180003401823342e-05,6.564671993255615,0.007975112646818161,0.10334253311157227,3.9462924003601074,0.030280271074213324,0,4,0.006544750416651368,11.636159896850586,126.25,time_0s,0.0005392838302213931,B4_RR,2,33750001425,0,"[968, 504, 293, 882]",0.0027736416086554527,0.0
0.00013260915875434875,0.00146561861038208,18.01868332530642,0.007842503488063812,0.10187691450119019,0.16756127954504185,0.0001363750488962978,6.82806396484375,0.007975112646818161,0.10334253311157227,3.2154629230499268,0.035250969946778454,1,4,0.005648977588862181,16.942367553710938,233.75,time_0s,0.0012911083758808672,B4_RR,2,60950002287,0,"[1052, 1262, 714, 43]",0.053181760013103485,-0.022392163053154945
8.881464600563049e-05,0.0008925199508666992,10.601975620572409,0.00788629800081253,0.10245001316070557,0.2758862848726182,0.00026230199728161097,6.642144203186035,0.007975112646818161,0.10334253311157227,3.813255786895752,0.04117952252251643,2,4,0.0055574572761543095,11.050623893737793,303.0,time_0s,0.0010038284090114757,B4_RR,2,10599999625,0,"[629, 758, 672, 546]",0.05949456989765167,-6.504737939394545e-07
0.00011525116860866547,0.0013076141476631165,16.229293461191276,0.007859861478209496,0.10203491896390915,0.2869892000884018,0.0001910476858029142,6.692704200744629,0.007975112646818161,0.10334253311157227,3.7244861125946045,0.028832748760768356,3,4,0.0065326361218467355,14.613375663757324,156.0,time_0s,0.0015207172400550917,B4_RR,2,58899995125,0,"[1, 84, 211, 1179]",0.012812420725822449,-2.0275901988497935e-06
8.047185838222504e-05,0.001145884394645691,14.326841648413954,0.007894640788435936,0.10219664871692657,0.17374135832965076,0.0001210154514410533,6.6642560958862305,0.007975112646818161,0.10334253311157227,3.399707317352295,0.030168063448365003,4,4,0.004965624655596912,14.461695671081543,94.0,time_0s,0.0011902289370482322,B4_RR,2,44200005000,0,"[924, 334, 1218, 799]",0.007699677255004644,-0.004022363573312759
8.225254714488983e-05,0.0007180273532867432,14.68099533171164,0.007892860099673271,0.10262450575828552,0.03831647072724053,3.0250226700445637e-05,6.7908477783203125,0.007975112646818161,0.10334253311157227,2.995604991912842,0.03419423985634585,5,4,0.006335841491818428,13.483519554138184,222.75,time_0s,0.0005785231332993135,B4_RR,2,44050001375,0,"[462, 1134, 1009, 253]",0.0014337715692818165,-3.3793792681535706e-05
0.00020613707602024078,0.0015105009078979492,15.632994832315289,0.00776897557079792,0.10183203220367432,0.25109747982180275,0.00021111522801220417,6.695871829986572,0.007975112646818161,0.10334253311157227,3.967710494995117,0.03641556284554714,6,4,0.010743791121058166,13.588479995727539,106.0,time_0s,0.0014495941504719667,B4_RR,2,43949994412,0,"[842, 419, 1093, 1298]",-0.00029114342760294676,-0.0016992659075185657
8.238479495048523e-05,0.0008626431226730347,11.781047672588443,0.007892727851867676,0.10247988998889923,0.25000945687819776,0.00018394037033431232,6.570879936218262,0.007975112646818161,0.10334253311157227,3.14591646194458,0.03186621191855908,7,4,0.004216506611555815,12.067423820495605,149.25,time_0s,0.0014504188002320006,B4_RR,2,23099991912,0,"[588, 126, 168, 378]",0.033134035766124725,-3.7402467569336295e-05
0.0001197056844830513,0.0011937767267227173,14.650217933791415,0.00785540696233511,0.10214875638484955,0.18272143255828077,0.0001666622410994023,6.61027193069458,0.007975112646818161,0.10334253311157227,3.6367194652557373,0.03950549847709622,0,4,0.008420706377364695,10.936415672302246,73.5,time_0s,0.0014925343784852885,B4_Strat,2,50399989750,0,"[1, 334, 672, 1009]",0.0016987693961709738,-3.710068995133042e-05
0.00016122683882713318,0.0014939457178115845,16.70107678611719,0.007813885807991028,0.10184858739376068,0.19082085705486312,0.00016247286112047732,6.646560192108154,0.007975112646818161,0.10334253311157227,3.582472085952759,0.036877783161639255,1,4,0.0047465303796343505,14.666848182678223,193.75,time_0s,0.0015781238325871527,B4_Strat,2,50450005250,0,"[43, 378, 714, 1052]",0.05818059295415878,0.0
0.00012275855988264084,0.001476392149925232,16.065848029428206,0.00785235408693552,0.10186614096164703,0.2231287636778084,0.0001840018230723217,6.679200172424316,0.007975112646818161,0.10334253311157227,3.796492576599121,0.03571711622404018,2,4,0.005391490180045366,15.119327545166016,248.0,time_0s,0.001223529274284374,B4_Strat,2,50449997000,0,"[84, 419, 758, 1093]",0.018728382885456085,0.0
0.00010774750262498856,0.0009875595569610596,15.257531608343784,0.007867365144193172,0.1023549735546112,0.09735974332629661,6.944674532860518e-05,6.632959842681885,0.007975112646818161,0.10334253311157227,3.758429527282715,0.030894580094208056,3,4,0.0054102950962260365,14.8154878616333,127.25,time_0s,0.0009799715517146979,B4_Strat,2,50399994575,0,"[126, 462, 799, 1134]",0.004316451959311962,-1.550182787468657e-06
5.025044083595276e-05,0.0005784928798675537,12.613403515830084,0.007924862205982208,0.10276404023170471,0.1287664162153137,9.163950744550675e-05,6.803071975708008,0.007975112646818161,0.10334253311157227,3.313140869140625,0.030824068249165962,4,4,0.005246516317129135,11.886848449707031,123.5,time_0s,0.0010374468183727004,B4_Strat,2,50549998587,0,"[168, 504, 842, 1179]",0.008458796888589859,-2.326150556897222e-12
4.313793033361435e-05,0.0007735192775726318,14.562384308204004,0.007931974716484547,0.10256901383399963,0.22472349836468755,0.00015303867985494435,6.751455783843994,0.007975112646818161,0.10334253311157227,3.102202892303467,0.029495960548450214,5,4,0.0049118794850073755,14.63219165802002,247.25,time_0s,0.0011613043243414722,B4_Strat,2,50350007625,0,"[211, 546, 882, 1218]",0.0014302199706435204,-0.007420424837619066
9.794998914003372e-05,0.0014742538332939148,13.75494432635326,0.007877162657678127,0.10186827927827835,0.2595655505268288,0.00017901517276186496,6.691199779510498,0.007975112646818161,0.10334253311157227,2.967501163482666,0.029871195867991703,6,4,0.0047192860511131585,12.938783645629883,217.25,time_0s,0.0014569607774319593,B4_Strat,2,50450001962,0,"[253, 588, 924, 1262]",-0.0031692106276750565,-0.020300447940826416
0.00014294125139713287,0.0008690953254699707,12.936462394712592,0.007832171395421028,0.1024734377861023,0.2639708354561185,0.00019156906637363136,6.664703845977783,0.007975112646818161,0.10334253311157227,3.880439281463623,0.031432523999808025,7,4,0.011698881397023797,11.392767906188965,160.5,time_0s,0.001162738146376796,B4_Strat,2,50249996712,0,"[293, 629, 968, 1298]",-0.0009987917728722095,-0.005989331752061844
0.00035274820402264595,0.0028107762336730957,15.516732840925314,0.007622364442795515,0.10053175687789917,0.5983969404772503,0.00047601861297152936,6.674752235412598,0.007975112646818161,0.10334253311157227,3.7681500911712646,0.034454376112567194,0,4,0.012093776371330023,12.351615905761719,233.25,time_0s,0.0029594192455988377,B4_Match,2,64849991250,0,"[1298, 1, 758, 924]",0.0010933505836874247,-0.00197537406347692
0.00013526901602745056,0.0010852068662643433,16.005675455727594,0.00783984363079071,0.10225732624530792,0.34633948497629374,0.0003014639369212091,6.667679786682129,0.007975112646818161,0.10334253311157227,3.3663442134857178,0.03770015881816638,1,4,0.004470107727684081,13.787199974060059,330.5,time_0s,0.0018970387027366087,B4_Match,2,27300005500,0,"[546, 168, 588, 714]",0.03054431453347206,-1.072610871233337e-06
0.00017415545880794525,0.0018014460802078247,14.406504843934025,0.007800957188010216,0.10154108703136444,0.20377400792502867,0.00014763412764295936,6.684000015258789,0.007975112646818161,0.10334253311157227,3.6993277072906494,0.031379628291513695,2,4,0.004781118885148317,11.669759750366211,159.75,time_0s,0.0014306635857792571,B4_Match,2,37800046162,0,"[43, 211, 378, 799]",0.004912358708679676,0.0
7.469393312931061e-05,0.0010235011577606201,15.229192337846406,0.00790041871368885,0.10231903195381165,0.13483287586205425,0.00011091759370174259,6.679903984069824,0.007975112646818161,0.10334253311157227,3.793257474899292,0.03562988836176796,3,4,0.005556466639973223,14.957023620605469,107.25,time_0s,0.0008408436879108194,B4_Match,2,50449997000,0,"[1093, 504, 84, 1052]",0.03539123758673668,-0.00011231914686504751
9.88449901342392e-05,0.0008820965886116028,15.394951349298786,0.007876267656683922,0.10246043652296066,0.09526106149052307,7.016972085693851e-05,6.673344135284424,0.007975112646818161,0.10334253311157227,3.5701308250427246,0.03190392769844273,4,4,0.006593435886316001,15.11900806427002,143.75,time_0s,0.0011297780201857677,B4_Match,2,50399994575,0,"[672, 882, 126, 1134]",0.003397687105461955,0.0
2.9241666197776794e-05,0.0005277246236801147,11.559748157171818,0.007945870980620384,0.10281480848789215,0.0751786231557714,5.321381104295142e-05,6.514624118804932,0.007975112646818161,0.10334253311157227,3.8770861625671387,0.030657717327704906,5,4,0.0058058857684955,10.799488067626953,235.75,time_0s,0.0006166947368910769,B4_Match,2,35749999050,0,"[629, 968, 253, 334]",0.009071853943169117,0.0
2.2644177079200745e-05,0.0003596693277359009,10.696609719341687,0.00795246846973896,0.10298286378383636,0.04312168649562174,3.2987063605105504e-05,6.921535968780518,0.007975112646818161,0.10334253311157227,3.584291934967041,0.033132769572035224,6,4,0.0049908015644177794,11.383232116699219,74.5,time_0s,0.0002888256431106129,B4_Match,2,44300000587,0,"[842, 419, 1179, 293]",0.011507578194141388,0.0
1.300126314163208e-05,0.0003846213221549988,14.448014950939376,0.007962111383676529,0.10295791178941727,0.007446814480926597,5.441201210487634e-06,6.663296222686768,0.007975112646818161,0.10334253311157227,2.374315023422241,0.031647111086615984,7,4,0.00625399244017899,16.30406379699707,106.25,time_0s,0.00041302977660961915,B4_Match,2,39999993412,0,"[1262, 462, 1009, 1218]",0.02295779436826706,-0.002522530732676387
0.00015102606266736984,0.0012378841638565063,14.819976973769927,0.007824086584150791,0.10210464894771576,0.2699061676795395,0.0002227627410320565,6.591360092163086,0.007975112646818161,0.10334253311157227,3.2961912155151367,0.03574699704324638,0,4,0.0058240004582330585,14.43939208984375,550.0,time_0s,0.00129223897238262,B4_Novel,2,27350005338,0,"[758, 714, 253, 211]",0.07688253372907639,0.0
6.321258842945099e-05,0.0007046908140182495,13.56246956259305,0.00791190005838871,0.10263784229755402,0.252718823626323,0.00018706577247940004,6.62886381149292,0.007975112646818161,0.10334253311157227,3.2631499767303467,0.03206022459653072,1,4,0.004957140132319182,14.09391975402832,277.5,time_0s,0.0013303110354172532,B4_Novel,2,23100004925,0,"[546, 168, 126, 84]",0.0554119274020195,-1.8853708752430975e-05
0.00011540204286575317,0.0007551908493041992,12.86862488542702,0.007859710603952408,0.10258734226226807,0.2621425258753735,0.00018072844250127673,6.857215881347656,0.007975112646818161,0.10334253311157227,3.49257230758667,0.029860621749309785,2,4,0.010668780654668808,13.618880271911621,180.25,time_0s,0.0010710373862821143,B4_Novel,2,50249996712,0,"[1298, 1262, 293, 629]",0.010709740221500397,-0.005989331752061844
0.00016817497089505196,0.0016919523477554321,17.209832055101124,0.007806937675923109,0.10165058076381683,0.10021575998662052,8.26199320727028e-05,6.569888114929199,0.007975112646818161,0.10334253311157227,3.221646308898926,0.035707432950782395,3,4,0.006911821314133704,14.792927742004395,139.25,time_0s,0.0011583421292016283,B4_Novel,2,54550001700,0,"[882, 1134, 1009, 43]",0.001352023333311081,-0.0012964747147634625
7.31106847524643e-05,0.0010500848293304443,16.584051944108463,0.007902001962065697,0.10229244828224182,0.12144005092661268,9.467069321544841e-05,6.660927772521973,0.007975112646818161,0.10334253311157227,3.894899606704712,0.03376474208087858,4,4,0.006775454734452069,13.424351692199707,108.75,time_0s,0.0010794136651384179,B4_Novel,2,37949995163,0,"[1093, 334, 968, 799]",0.000478017027489841,-1.8727783981375978e-06
3.692414611577988e-05,0.0007965415716171265,14.271651822887126,0.007938188500702381,0.10254599153995514,0.15513897822546335,0.00011132683721370995,6.6414079666137695,0.007975112646818161,0.10334253311157227,3.29290509223938,0.031080554926677776,5,4,0.0050731918308883905,14.389120101928711,75.5,time_0s,0.0008596173393016215,B4_Novel,2,35699999500,0,"[924, 1218, 842, 504]",0.013864653185009956,-0.003972810227423906
5.5546872317790985e-05,0.0006655007600784302,11.479572557097418,0.00791956577450037,0.10267703235149384,0.07308972976413772,6.188619590830058e-05,6.664159774780273,0.007975112646818161,0.10334253311157227,3.804762601852417,0.03667306867474321,6,4,0.005209808237850666,9.970463752746582,40.5,time_0s,0.0003839956443698611,B4_Novel,2,31650005000,0,"[672, 462, 1052, 419]",0.015957407653331757,0.0
0.0001293681561946869,0.0014017298817634583,14.480533454612564,0.007845744490623474,0.10194080322980881,0.3383782553404175,0.0002567855117376894,6.6505279541015625,0.007975112646818161,0.10334253311157227,3.416703224182129,0.03286834899698894,7,4,0.005125387920998037,11.3985595703125,19.25,time_0s,0.0018088476645061746,B4_Novel,2,58899995125,0,"[588, 378, 1179, 1]",3.287079380243085e-05,-1.0080375290044685e-07
1.0743620805442333e-05,0.00017185136675834656,3.2720521762588124,0.0012203942751511931,0.036278340965509415,0.15867702307676426,0.0002479555842000991,7.598368167877197,0.0012311378959566355,0.03645019233226776,1.0,0.06135816931553891,0,1,0.0007196551887318492,4.393375873565674,70.0,time_40s,0.00017512008344056085,B1_RR,0,0,40,[924],,
-4.043686203658581e-06,-6.703659892082214e-05,3.286722688496034,0.001235181582160294,0.03651722893118858,0.001608206860736596,2.3827528821129818e-06,7.755839824676514,0.0012311378959566355,0.03645019233226776,1.0,0.058176774262062934,1,1,0.000647982582449913,4.242656230926514,62.0,time_40s,2.274829546422552e-05,B1_RR,0,0,40,[799],,
-3.3231917768716812e-06,-5.301088094711304e-05,3.315590672506706,0.0012344610877335072,0.036503203213214874,0.01669546986211696,3.54400253854692e-05,7.514527797698975,0.0012311378959566355,0.03645019233226776,1.0,0.08335044493924042,2,1,0.0006544842035509646,4.021759986877441,107.0,time_40s,1.9502432905937894e-05,B1_RR,0,0,40,[839],,
-4.081521183252335e-06,-6.7099928855896e-05,3.3768427018153404,0.0012352194171398878,0.03651729226112366,0.02701615437829607,3.8837599277030677e-05,7.533728122711182,0.0012311378959566355,0.03645019233226776,1.0,0.0564470683554021,3,1,0.0005947612226009369,3.7089920043945312,118.0,time_40s,1.223633807967417e-05,B1_RR,0,0,40,[334],,
-2.941465936601162e-06,-5.049258470535278e-05,3.3520076960616834,0.0012340793618932366,0.036500684916973114,0.006594334636469583,9.997691449825652e-06,7.6748480796813965,0.0012311378959566355,0.03645019233226776,1.0,0.059530741415329394,4,1,0.0013977244962006807,4.842016220092773,43.0,time_40s,2.1809220015711617e-05,B1_RR,0,0,40,[1179],,
-3.31259798258543e-06,-5.5596232414245605e-05,3.415433954307778,0.001234450493939221,0.03650578856468201,-0.00419610263285265,-9.10055314307101e-06,7.740575790405273,0.0012311378959566355,0.03645019233226776,1.0,0.08515972143499395,5,1,0.0009970335522666574,3.6968319416046143,177.0,time_40s,1.1821402949863113e-05,B1_RR,0,0,40,[1009],,
-3.82645521312952e-06,-6.404519081115723e-05,3.2181595836254626,0.001234964351169765,0.03651423752307892,-0.0023079888828366844,-3.2376697163272183e-06,7.657055854797363,0.0012311378959566355,0.03645019233226776,1.0,0.055082212289699735,6,1,0.000927607761695981,6.323455810546875,668.0,time_40s,2.031751421327499e-05,B1_RR,0,0,40,[714],,
-2.9710354283452034e-06,-4.029273986816406e-05,3.2426055411498367,0.0012341089313849807,0.036490485072135925,0.13849601911974033,0.00023426831467077136,7.544127941131592,0.0012311378959566355,0.03645019233226776,1.0,0.06641846081720197,7,1,0.000669888046104461,4.3882880210876465,652.0,time_40s,1.2172227286555426e-05,B1_RR,0,0,40,[758],,
-4.0512531995773315e-06,-6.376951932907104e-05,3.1563884839095397,0.0012351891491562128,0.03651396185159683,0.06372126888790683,0.00011843578249681741,7.77177619934082,0.0012311378959566355,0.03645019233226776,1.0,0.07298121050852943,8,1,0.0003995837760157883,3.62556791305542,28.0,time_40s,2.2694522670008155e-05,B1_RR,0,0,40,[504],,
-5.314825102686882e-06,-5.02467155456543e-05,3.2273555441396806,0.0012364527210593224,0.036500439047813416,0.08783138939803582,0.0001369793462799862,7.7867841720581055,0.0012311378959566355,0.03645019233226776,1.0,0.0612375603604394,9,1,0.0015348761808127165,6.2612481117248535,201.0,time_40s,2.586712707852712e-05,B1_RR,0,0,40,[1261],,
-2.6547349989414215e-06,-4.497915506362915e-05,3.1545637060135703,0.001233792630955577,0.03649517148733139,0.030334612858798644,4.741213342640549e-05,7.526559829711914,0.0012311378959566355,0.03645019233226776,1.0,0.061371054475917536,10,1,0.000499294197652489,4.102399826049805,522.0,time_40s,3.0561546964236186e-05,B1_RR,0,0,40,[209],,
-1.7116544768214226e-06,-3.016740083694458e-05,3.2678969477305158,0.001232849550433457,0.036480359733104706,0.0022231641007194377,2.038967522821622e-06,7.59116792678833,0.0012311378959566355,0.03645019233226776,1.0,0.036012339152470464,11,1,0.0005154075915925205,5.192992210388184,126.0,time_40s,1.2682953666853791e-05,B1_RR,0,0,40,[43],,
-3.084307536482811e-06,-5.711987614631653e-05,3.2334864875281606,0.0012342222034931183,0.03650731220841408,0.019233817224837475,2.0302182747400366e-05,7.603487968444824,0.0012311378959566355,0.03645019233226776,1.0,0.04144668421106735,12,1,0.001449913834221661,7.871967792510986,119.0,time_40s,1.9917864193530477e-05,B1_RR,0,0,40,[1219],,
-3.430410288274288e-06,-5.69857656955719e-05,3.4355083583914023,0.0012345683062449098,0.03650717809796333,-0.008161110094119193,-8.736589734326117e-06,7.5597758293151855,0.0012311378959566355,0.03645019233226776,1.0,0.04203443841292031,13,1,0.0011205048067495227,3.8443520069122314,165.0,time_40s,1.3587944806658925e-05,B1_RR,0,0,40,[294],,
-4.601781256496906e-06,-6.53490424156189e-05,3.6886697478830066,0.0012357396772131324,0.03651554137468338,0.021333509144260205,2.4538869183743373e-05,7.772672176361084,0.0012311378959566355,0.03645019233226776,1.0,0.045165288764672296,14,1,0.0007882873178459704,3.846112012863159,46.0,time_40s,1.6805556924737175e-05,B1_RR,0,0,40,[1051],,
-3.20549588650465e-06,-4.838407039642334e-05,3.206629750086892,0.0012343433918431401,0.036498576402664185,0.030744442763493106,3.811698843492195e-05,7.769983768463135,0.0012311378959566355,0.03645019233226776,1.0,0.048681561327442106,15,1,0.0005799473146907985,4.261055946350098,363.0,time_40s,5.30314318893943e-05,B1_RR,0,0,40,[167],,
-2.0370353013277054e-06,-4.0084123611450195e-05,3.270461125961114,0.0012331749312579632,0.03649027645587921,0.02385008009515699,4.3110892875120044e-05,7.559807777404785,0.0012311378959566355,0.03645019233226776,1.0,0.07097570580452009,16,1,0.0008072557393461466,4.012479782104492,185.0,time_40s,2.258791380427283e-05,B1_RR,0,0,40,[883],,
-4.753586836159229e-06,-7.0229172706604e-05,3.213780483070528,0.0012358914827927947,0.036520421504974365,0.006464669908703476,1.1616771189437713e-05,7.559648036956787,0.0012311378959566355,0.03645019233226776,1.0,0.07055887132966074,17,1,0.0007916241302154958,3.8971519470214844,175.0,time_40s,2.291061127834837e-05,B1_RR,0,0,40,[631],,
-3.596767783164978e-06,-5.819648504257202e-05,3.1687907832039586,0.0012347346637398005,0.03650838881731033,0.03868152397963559,6.440776633098722e-05,7.662240028381348,0.0012311378959566355,0.03645019233226776,1.0,0.06538034471646875,18,1,0.0013390642125159502,7.064320087432861,77.0,time_40s,2.0267827409270467e-05,B1_RR,0,0,40,[1133],,
-2.316664904356003e-06,-2.0347535610198975e-05,3.286040114314685,0.0012334545608609915,0.03647053986787796,0.04946900253352755,0.00012581163900904357,7.743775844573975,0.0012311378959566355,0.03645019233226776,1.0,0.09986198874341626,19,1,0.0009133693529292941,3.551935911178589,26.0,time_40s,2.6403002863162328e-05,B1_RR,0,0,40,[422],,
-3.4297117963433266e-06,-5.169212818145752e-05,3.230403851214467,0.0012345676077529788,0.03650188446044922,0.18827355715441196,0.0002630841627251357,7.524511814117432,0.0012311378959566355,0.03645019233226776,1.0,0.05486784727570845,20,1,0.0007869615801610053,3.4605441093444824,131.0,time_40s,0.00012387692549964413,B1_RR,0,0,40,[381],,
1.4456454664468765e-06,1.4275312423706055e-05,3.224593864000135,0.0012296922504901886,0.036435917019844055,0.009869818490093663,1.811389665817842e-05,7.563776016235352,0.0012311378959566355,0.03645019233226776,1.0,0.07206348552261554,21,1,0.0006652569863945246,3.9702720642089844,640.0,time_40s,2.0495488570304587e-05,B1_RR,0,0,40,[254],,
-3.935419954359531e-06,-6.352365016937256e-05,3.365904599806808,0.001235073315910995,0.036513715982437134,0.012239614259452941,1.3285025488585234e-05,7.750720024108887,0.0012311378959566355,0.03645019233226776,1.0,0.04261938762055659,22,1,0.0005426284624263644,4.673056125640869,185.0,time_40s,1.6513322862010682e-05,B1_RR,0,0,40,[126],,
-3.8744183257222176e-06,-5.180388689041138e-05,3.5482620490342653,0.0012350123142823577,0.03650199621915817,0.019446104037155933,2.767473597486969e-05,7.789184093475342,0.0012311378959566355,0.03645019233226776,1.0,0.05588090430030538,23,1,0.0010506084654480219,5.433824062347412,209.0,time_40s,2.256312552617601e-05,B1_RR,0,0,40,[84],,
-3.2624229788780212e-06,-4.820525646209717e-05,3.120467179179435,0.0012344003189355135,0.03649839758872986,-0.00464440600020425,-1.030851126415655e-05,7.579775810241699,0.0012311378959566355,0.03645019233226776,1.0,0.0871521923653233,24,1,0.00033006814192049205,3.558016061782837,39.0,time_40s,1.2142106754708948e-05,B1_RR,0,0,40,[462],,
5.1049282774329185e-06,4.599243402481079e-05,3.161975998658165,0.0012260329676792026,0.03640419989824295,0.3735169548983063,0.0006802898133173585,7.552383899688721,0.0012311378959566355,0.03645019233226776,1.0,0.07151484335200696,25,1,0.003516187658533454,4.500671863555908,30.0,time_40s,0.0001230008256243309,B1_RR,0,0,40,[1299],,
-4.095723852515221e-06,-6.429105997085571e-05,3.145728046709791,0.0012352336198091507,0.03651448339223862,0.08770192959035686,0.00017833398305810988,7.760287761688232,0.0012311378959566355,0.03645019233226776,1.0,0.0798431210437122,26,1,0.000632155395578593,3.7469120025634766,385.0,time_40s,2.445183920940508e-05,B1_RR,0,0,40,[546],,
-2.312473952770233e-06,-4.8123300075531006e-05,3.555120470795641,0.0012334503699094057,0.03649831563234329,0.32691194827931713,0.0006474775145761669,7.742496013641357,0.0012311378959566355,0.03645019233226776,1.0,0.07776898687015885,27,1,0.00279603130184114,4.341824054718018,3.0,time_40s,0.00020814556228287984,B1_RR,0,0,40,[1],,
-3.903754986822605e-06,-6.323680281639099e-05,3.386014525573012,0.001235041650943458,0.03651342913508415,0.011373835247512988,1.6686284652678296e-05,7.53110408782959,0.0012311378959566355,0.03645019233226776,1.0,0.05760567356087955,28,1,0.0016617790097370744,3.823744058609009,128.0,time_40s,9.488670798418752e-06,B1_RR,0,0,40,[968],,
-2.9477523639798164e-06,-5.178898572921753e-05,3.453578517620337,0.0012340856483206153,0.03650198131799698,0.0005475302080786377,1.013284077089338e-06,7.562655925750732,0.0012311378959566355,0.03645019233226776,1.0,0.0726667400447549,29,1,0.002272373763844371,4.566143989562988,100.0,time_40s,1.2521281746558088e-05,B1_RR,0,0,40,[674],,
-2.893037162721157e-06,-2.763420343399048e-05,3.7784778358039217,0.0012340309331193566,0.03647782653570175,0.03399221104889803,6.0428650613175705e-05,7.557151794433594,0.0012311378959566355,0.03645019233226776,1.0,0.06980331147902454,30,1,0.0015673983143642545,6.609407901763916,138.0,time_40s,2.6301723096366914e-05,B1_RR,0,0,40,[1093],,
-5.208072252571583e-06,-7.162988185882568e-05,3.170277943432799,0.001236345968209207,0.03652182221412659,0.0863710959653947,0.00016576565394643694,7.78169584274292,0.0012311378959566355,0.03645019233226776,1.0,0.07535961395346802,31,1,0.0005953441723249853,3.66646409034729,21.0,time_40s,2.997141996274877e-05,B1_RR,0,0,40,[591],,
3.838562406599522e-06,5.930289626121521e-05,3.1449953657721594,0.001227299333550036,0.036390889436006546,0.11607892150958785,0.0001251691282959655,7.7369279861450195,0.0012311378959566355,0.03645019233226776,1.994338035583496,0.042340541450586425,0,2,0.0006838188855908811,6.793888092041016,66.0,time_40s,0.0001016700807667803,B2_RR,0,6249953413,40,"[924, 799]",0.0030177526641637087,0.0030177526641637087
-3.6389101296663284e-06,-5.8069825172424316e-05,3.2409051383164504,0.0012347768060863018,0.036508262157440186,0.028972736812895486,3.713882324518636e-05,7.686751842498779,0.0012311378959566355,0.03645019233226776,1.7578589916229248,0.05033280822396967,1,2,0.0006246227130759507,6.5384321212768555,112.5,time_40s,1.591986992366401e-05,B2_RR,0,25250000375,40,"[839, 334]",0.0,0.0
-3.09688039124012e-06,-5.2832067012786865e-05,3.1982222379360734,0.0012342347763478756,0.03650302439928055,0.00033835183694795655,4.4856824388261884e-07,7.605184078216553,0.0012311378959566355,0.03645019233226776,1.788914442062378,0.05205620814333307,2,2,0.001197379024233669,7.45904016494751,110.0,time_40s,1.6902311756439303e-05,B2_RR,0,8500005375,40,"[1179, 1009]",0.004271431360393763,0.004271431360393763
-3.3400719985365868e-06,-5.0805509090423584e-05,3.1134930871235786,0.001234477967955172,0.036500997841358185,0.09848622291430321,0.00011551532952580601,7.6551361083984375,0.0012311378959566355,0.03645019233226776,1.8980940580368042,0.046054989067170975,3,2,0.000798747903900221,9.432160377502441,660.0,time_40s,1.6403589370383997e-05,B2_RR,0,2199997925,40,"[714, 758]",0.14197129011154175,0.14197129011154175
-4.715984687209129e-06,-5.741789937019348e-05,3.092723596812382,0.0012358538806438446,0.036507610231637955,0.10525032399703647,0.0001277076080441475,7.678048133850098,0.0012311378959566355,0.03645019233226776,1.9414466619491577,0.047643743011210625,4,2,0.0009672299784142524,8.643391609191895,114.5,time_40s,2.4395217735673214e-05,B2_RR,0,37849997663,40,"[504, 1261]",0.0003811870119534433,0.0003811870119534433
-1.9334256649017334e-06,-3.361329436302185e-05,3.087213857306726,0.0012330713216215372,0.03648380562663078,0.027467995422388394,2.4725515686441213e-05,7.655007839202881,0.0012311378959566355,0.03645019233226776,1.6154426336288452,0.03534524008818667,5,2,0.0005073508946225047,7.780288219451904,324.0,time_40s,2.1726686441070342e-05,B2_RR,0,8299997450,40,"[209, 43]",-0.014963649213314056,-0.014963649213314056
-3.25753353536129e-06,-5.7268887758255005e-05,3.2516184556573124,0.0012343954294919968,0.036507461220026016,0.007682482933661571,5.782775133411633e-06,7.793856143951416,0.0012311378959566355,0.03645019233226776,1.9995886087417603,0.02955610800062605,6,2,0.0012852093204855919,10.22265625,142.0,time_40s,1.6757305502324016e-05,B2_RR,0,46250001662,40,"[1219, 294]",0.0027359984815120697,0.0027359984815120697
-3.853463567793369e-06,-5.5849552154541016e-05,3.314396961626134,0.0012349913595244288,0.0365060418844223,0.037050496333188944,3.1327916076406837e-05,7.767104148864746,0.0012311378959566355,0.03645019233226776,1.9888633489608765,0.033200912542119675,7,2,0.0006841173162683845,6.9858880043029785,204.5,time_40s,3.506289067445323e-05,B2_RR,0,44200005250,40,"[1051, 167]",-0.00013671102351509035,-0.00013671102351509035
-3.284658305346966e-06,-5.303323268890381e-05,3.107091915305582,0.0012344225542619824,0.036503225564956665,0.021471863327539954,2.7363817935111e-05,7.839136123657227,0.0012311378959566355,0.03645019233226776,1.9999306201934814,0.050040253625788934,8,2,0.0007994399347808212,6.746208190917969,180.0,time_40s,2.2760471779292857e-05,B2_RR,0,12599996550,40,"[883, 631]",-2.899049666993392e-09,-2.899049666993392e-09
-2.8936192393302917e-06,-3.793835639953613e-05,3.1020797969612315,0.0012340315151959658,0.0364881306886673,0.06257541532761268,9.51096517383121e-05,8.070719718933105,0.0012311378959566355,0.03645019233226776,1.7242177724838257,0.05968062942341834,9,2,0.0011262167827226222,10.010944366455078,51.5,time_40s,2.385066034094052e-05,B2_RR,0,35549998875,40,"[1133, 422]",7.552956503786845e-06,7.552956503786845e-06
-6.342306733131409e-07,-1.422688364982605e-05,3.128963293255137,0.0012317721266299486,0.03646441921591759,0.12208018226974275,0.00014059996465221047,7.707071781158447,0.0012311378959566355,0.03645019233226776,1.8677672147750854,0.045222293742581146,10,2,0.0007261092832777649,6.035071849822998,385.5,time_40s,7.424949490086874e-05,B2_RR,0,6350001250,40,"[381, 254]",-0.0028073585126549006,-0.0028073585126549006
-3.843684680759907e-06,-5.681812763214111e-05,3.2810994143946264,0.0012349815806373954,0.0365070104598999,0.022905800750429407,2.0479870727285743e-05,7.559199810028076,0.0012311378959566355,0.03645019233226776,1.8692482709884644,0.03510704504561561,11,2,0.0007966184639371932,9.059359550476074,197.0,time_40s,1.965140563697787e-05,B2_RR,0,2100008300,40,"[126, 84]",-0.001903967815451324,-0.001903967815451324
1.0228250175714493e-06,2.384185791015625e-07,3.0572884637678546,0.001230115070939064,0.03644995391368866,0.23574121637204165,0.0003349906764924526,7.590720176696777,0.0012311378959566355,0.03645019233226776,1.9258242845535278,0.05579685800905164,12,2,0.001923127900226973,6.736576080322266,34.5,time_40s,6.85075765431975e-05,B2_RR,0,41849991662,40,"[462, 1299]",-0.02059336192905903,-0.02059336192905903
-3.1152740120887756e-06,-5.4605305194854736e-05,3.1937586334266026,0.0012342531699687243,0.036504797637462616,0.2909249772482627,0.0004129054141230881,7.517888069152832,0.0012311378959566355,0.03645019233226776,1.9986165761947632,0.055729110673552455,13,2,0.0017140933487098664,6.841055870056152,194.0,time_40s,0.00012237168266437948,B2_RR,0,27250000338,40,"[546, 1]",0.0,0.0
-3.389664925634861e-06,-5.687028169631958e-05,3.222789709206812,0.0012345275608822703,0.03650706261396408,0.007494832544409204,8.849786354403477e-06,7.8033599853515625,0.0012311378959566355,0.03645019233226776,1.9010246992111206,0.04636426683465146,14,2,0.0019670763867907226,7.282015800476074,114.0,time_40s,1.1065269461596472e-05,B2_RR,0,14699993463,40,"[968, 674]",-3.405776806175709e-05,-3.405776806175709e-05
-3.78582626581192e-06,-4.539266228675842e-05,3.2793087156862586,0.0012349237222224474,0.03649558499455452,0.0864733507776304,0.00011309706314932555,7.693600177764893,0.0012311378959566355,0.03645019233226776,1.9883803129196167,0.051354864041917546,15,2,0.0010813712433446199,9.589920043945312,79.5,time_40s,2.8442861889743654e-05,B2_RR,0,25099992325,40,"[1093, 591]",-0.00021675447351299226,-0.00021675447351299226
4.069879651069641e-07,3.345310688018799e-06,3.125806576212637,0.0012307309079915285,0.03644684702157974,0.09182728322231991,8.115397940855473e-05,7.7936320304870605,0.0012311378959566355,0.03645019233226776,3.4807047843933105,0.034701690257504275,0,4,0.0006542207993334159,12.880767822265625,89.25,time_40s,5.918273836869048e-05,B4_RR,0,29499998913,40,"[924, 799, 839, 334]",0.034161537885665894,0.0
-3.1776726245880127e-06,-5.129724740982056e-05,3.060509931489174,0.0012343155685812235,0.03650148957967758,0.06550707297396031,5.8001340221380815e-05,7.586239814758301,0.0012311378959566355,0.03645019233226776,3.526413917541504,0.03476661261484449,1,4,0.000998063464066945,16.278303146362305,385.0,time_40s,1.673267058777128e-05,B4_RR,0,23249993087,40,"[1179, 1009, 714, 758]",0.024611597880721092,-0.0016172308241948485
-3.272085450589657e-06,-4.450604319572449e-05,3.0239083214755786,0.0012344099814072251,0.036494698375463486,0.0978829229131239,7.621655822731555e-05,7.777632236480713,0.0012311378959566355,0.03645019233226776,3.40529203414917,0.030574189130642748,2,4,0.0007372904365183786,15.780192375183105,219.25,time_40s,2.30694990932534e-05,B4_RR,0,60900003825,40,"[504, 1261, 209, 43]",0.016690609976649284,-0.014963649213314056
-3.541470505297184e-06,-5.6043267250061035e-05,3.215031340360116,0.0012346793664619327,0.03650623559951782,0.032470988050251955,1.8555352653493173e-05,7.6151041984558105,0.0012311378959566355,0.03645019233226776,3.92899489402771,0.022438108981772082,3,4,0.0009846633183769882,16.06342315673828,173.25,time_40s,2.5920717405369942e-05,B4_RR,0,52599996500,40,"[1219, 294, 1051, 167]",0.0067114802077412605,-0.00040989043191075325
-3.0731316655874252e-06,-4.481896758079529e-05,3.0242277552175394,0.001234211027622223,0.036495011299848557,0.06146173813166735,6.123678031144664e-05,7.693215847015381,0.0012311378959566355,0.03645019233226776,3.506049156188965,0.03912191045425689,4,4,0.0009628283587517217,15.222240447998047,115.75,time_40s,2.3387418025322404e-05,B4_RR,0,35549998875,40,"[883, 631, 1133, 422]",0.004028609953820705,-0.00020718808809760958
-2.1511223167181015e-06,-3.413856029510498e-05,3.12743427766595,0.0012332890182733536,0.036484330892562866,0.10983531540138018,8.053991768974811e-05,7.766848087310791,0.0012311378959566355,0.03645019233226776,3.518707513809204,0.028792655706353518,5,4,0.000761363873607479,13.870047569274902,291.25,time_40s,4.731050512418733e-05,B4_RR,0,14850004925,40,"[381, 254, 126, 84]",0.003436345374211669,-0.0028073585126549006
-9.53790731728077e-07,-2.524256706237793e-05,3.0519873815020353,0.0012320916866883636,0.03647543489933014,0.37246020560784937,0.000373947637854144,7.60214376449585,0.0012311378959566355,0.03645019233226776,3.9209156036376953,0.03942243626509107,6,4,0.0018186106244684197,12.846688270568848,114.25,time_40s,9.673355089034885e-05,B4_RR,0,64899997125,40,"[462, 1299, 546, 1]",-0.003538537537679076,-0.02059336192905903
-3.4815166145563126e-06,-4.928559064865112e-05,3.117975939292712,0.0012346194125711918,0.03649947792291641,0.06919596436082978,6.097340883570723e-05,7.576735973358154,0.0012311378959566355,0.03645019233226776,3.8649606704711914,0.0345996936578502,7,4,0.0015242238150676712,15.059167861938477,96.75,time_40s,1.9825692561425967e-05,B4_RR,0,25099992325,40,"[968, 674, 1093, 591]",5.833366230945103e-05,-0.00021675447351299226
-3.0170194804668427e-06,-5.295872688293457e-05,3.165950951865829,0.0012341549154371023,0.036503151059150696,0.18027550528322003,0.00016955651517491788,7.864480018615723,0.0012311378959566355,0.03645019233226776,3.724548816680908,0.036930935147205926,0,4,0.0016650499601382762,12.859583854675293,99.5,time_40s,6.536455839523114e-05,B4_Strat,0,50399989750,40,"[1, 334, 674, 1009]",0.0006953795673325658,-3.601322532631457e-05
-3.308989107608795e-06,-5.146116018295288e-05,3.126614995042894,0.0012344468850642443,0.036501653492450714,0.1167062338566686,7.160610402934253e-05,7.556352138519287,0.0012311378959566355,0.03645019233226776,3.648890256881714,0.024091760370932743,1,4,0.0007545660628238693,15.46003246307373,242.75,time_40s,4.4868885652249446e-05,B4_Strat,0,50400006787,40,"[43, 381, 714, 1051]",-0.005293745547533035,-0.03787838667631149
-2.8243521228432655e-06,-3.127381205558777e-05,3.1451292381769105,0.0012339622480794787,0.03648146614432335,0.11676729859330308,0.0001120458182413131,7.81279993057251,0.0012311378959566355,0.03645019233226776,3.284514904022217,0.037677923821869824,2,4,0.0010503160447115079,16.556480407714844,256.25,time_40s,2.24869905309788e-05,B4_Strat,0,50449997000,40,"[84, 422, 758, 1093]",0.007423971779644489,-0.004019624087959528
-3.652181476354599e-06,-5.831196904182434e-05,3.074833347689493,0.00123479007743299,0.036508504301309586,0.02104021560651419,1.7441765521652997e-05,7.547840118408203,0.0012311378959566355,0.03645019233226776,3.2117929458618164,0.032550135593953165,3,4,0.0007149358498281799,16.239904403686523,90.75,time_40s,1.8004857622599957e-05,B4_Strat,0,50349988287,40,"[126, 462, 799, 1133]",-0.0025130247231572866,-0.02324022725224495
-3.4422846511006355e-06,-5.4523348808288574e-05,3.0474976864352543,0.0012345801806077361,0.03650471568107605,0.05868938074644304,5.049760511610657e-05,7.736991882324219,0.0012311378959566355,0.03645019233226776,3.488767147064209,0.03378499032713192,4,4,0.000757934947614558,13.905119895935059,135.25,time_40s,2.9507652527627215e-05,B4_Strat,0,50599997000,40,"[167, 504, 839, 1179]",0.0012348124291747808,-0.0006056362180970609
-2.873246558010578e-06,-5.034729838371277e-05,3.046430526463662,0.001234011142514646,0.036500539630651474,0.08753861421431947,7.228981121443212e-05,7.989664077758789,0.0012311378959566355,0.03645019233226776,3.43269419670105,0.032425745336634254,5,4,0.0008471547916997224,16.282304763793945,302.75,time_40s,2.4515227408983264e-05,B4_Strat,0,50500000587,40,"[209, 546, 883, 1219]",-0.0017021852545440197,-0.02778436802327633
1.2846430763602257e-06,2.73287296295166e-05,3.044948113031277,0.0012298532528802752,0.036422863602638245,0.16466986317878965,0.0001422039931640029,7.736288070678711,0.0012311378959566355,0.03645019233226776,3.8657073974609375,0.03390862748824407,6,4,0.0008787831320660189,14.903231620788574,233.0,time_40s,6.453948162743472e-05,B4_Strat,0,50350001325,40,"[254, 591, 924, 1261]",0.0002022793487412855,-3.820524398179259e-06
-1.5508849173784256e-06,-3.247708082199097e-05,3.09881762432983,0.001232688780874014,0.03648266941308975,0.22325208778891187,0.00017496407963335514,7.575808048248291,0.0012311378959566355,0.03645019233226776,3.5400876998901367,0.03077272188100765,7,4,0.0017725239013088867,12.536128044128418,124.5,time_40s,4.283747352928913e-05,B4_Strat,0,50250004162,40,"[294, 631, 968, 1299]",-0.0007550740847364068,-0.005389230791479349
3.2514799386262894e-06,3.9070844650268555e-05,3.0649482703196633,0.0012278864160180092,0.03641112148761749,0.5389658592234005,0.0004597012884914875,7.819231986999512,0.0012311378959566355,0.03645019233226776,3.7425966262817383,0.03349091473125986,0,4,0.001954708932316862,12.8854398727417,58.5,time_40s,0.00016540195792913437,B4_Match,0,64899997125,40,"[1299, 1, 381, 924]",8.694352436577901e-05,-0.0027872875798493624
-4.258705303072929e-06,-5.400925874710083e-05,3.0358325717525987,0.0012353966012597084,0.03650420159101486,0.19588634146184564,0.00017883676628116518,7.8144001960754395,0.0012311378959566355,0.03645019233226776,3.83720326423645,0.035848022003382184,1,4,0.0008580659487051889,14.946656227111816,314.75,time_40s,2.3310624385430856e-05,B4_Match,0,35750000075,40,"[758, 1261, 591, 546]",0.004374643787741661,-0.007555156014859676
-3.125518560409546e-06,-4.08664345741272e-05,3.08288689509287,0.001234263414517045,0.03649105876684189,0.09256073820260328,9.22709732549265e-05,7.6559038162231445,0.0012311378959566355,0.03645019233226776,3.518706798553467,0.03914270511589657,2,4,0.0010548539139563218,17.491680145263672,67.25,time_40s,2.4503627940930528e-05,B4_Match,0,35549998875,40,"[504, 422, 1133, 1093]",0.0012153068091720343,-0.00045364414108917117
-2.9010698199272156e-06,-4.8182904720306396e-05,3.0998031818001546,0.0012340389657765627,0.03649837523698807,0.051548214926411824,4.186937439953908e-05,7.666272163391113,0.0012311378959566355,0.03645019233226776,3.6060709953308105,0.031893000919329645,3,4,0.0006203146185725927,12.805760383605957,297.0,time_40s,2.9737426530118682e-05,B4_Match,0,35799993588,40,"[167, 334, 209, 883]",0.053665392100811005,-0.005883081816136837
-3.866618499159813e-06,-5.916506052017212e-05,3.2154874613721325,0.0012350045144557953,0.03650935739278793,0.03675911887965238,2.1450194253702648e-05,7.595680236816406,0.0012311378959566355,0.03645019233226776,3.7448785305023193,0.02291282725841531,4,4,0.0009578595199855044,18.38198471069336,139.75,time_40s,1.9049310139962472e-05,B4_Match,0,56749999212,40,"[1051, 1219, 84, 126]",-0.013588173314929008,-0.07253576070070267
-1.9315630197525024e-06,-3.510713577270508e-05,3.0723252297202257,0.001233069458976388,0.036485299468040466,0.02326911156563136,2.008060437219683e-05,7.581344127655029,0.0012311378959566355,0.03645019233226776,3.645264148712158,0.03388515854962306,5,4,0.001094811173970811,13.56544017791748,229.5,time_40s,1.7856741067134863e-05,B4_Match,0,46249996037,40,"[839, 968, 254, 1179]",-0.015925999730825424,-0.10378211736679077
-3.1545059755444527e-06,-5.090981721878052e-05,3.054397460280717,0.00123429240193218,0.03650110214948654,0.005381695407455271,4.262956736056367e-06,7.828383922576904,0.0012311378959566355,0.03645019233226776,3.3782598972320557,0.031103148600450443,6,4,0.001056847017025575,13.722911834716797,115.75,time_40s,1.780999980383058e-05,B4_Match,0,37800046162,40,"[631, 43, 799, 674]",0.008314846083521843,-0.02123458869755268
-3.3766264095902443e-06,-5.4813921451568604e-05,3.118841264631555,0.0012345145223662257,0.03650500625371933,-0.008735479391717248,-7.845838808862027e-06,7.5774078369140625,0.0012311378959566355,0.03645019233226776,3.1480252742767334,0.03526672912038821,7,4,0.0008438035656581633,14.07091236114502,262.25,time_40s,1.450502611533011e-05,B4_Match,0,35749996787,40,"[714, 1009, 462, 294]",0.005571682006120682,0.0
-1.6759149730205536e-06,-2.9072165489196777e-05,3.048698151962913,0.001232813810929656,0.03647926449775696,0.0854992261619847,7.413960702251643e-05,7.711679935455322,0.0012311378959566355,0.03645019233226776,3.792985200881958,0.0340487082256131,0,4,0.0006905117479618639,15.59990406036377,620.5,time_40s,2.1004161453674897e-05,B4_Novel,0,27450005925,40,"[714, 758, 254, 209]",0.04449872300028801,-0.0010503801750019193
-4.0513696148991585e-06,-5.1889568567276e-05,3.061871709675247,0.0012351892655715346,0.03650208190083504,0.11701498642453302,9.527623478788882e-05,7.725279808044434,0.0012311378959566355,0.03645019233226776,3.4744560718536377,0.03197095752856978,1,4,0.0009493968391325325,16.504703521728516,289.5,time_40s,3.172574338350387e-05,B4_Novel,0,58850005000,40,"[546, 167, 84, 1261]",0.020582690834999084,-0.00029648668714798987
-3.3928081393241882e-06,-5.523115396499634e-05,3.0979910425097383,0.0012345307040959597,0.03650542348623276,0.016824807034532034,1.4728041605849285e-05,7.7906880378723145,0.0012311378959566355,0.03645019233226776,3.4337427616119385,0.03437220984752846,2,4,0.000784635471063666,12.811391830444336,180.5,time_40s,1.846773687930181e-05,B4_Novel,0,44149986037,40,"[126, 883, 1009, 631]",-0.004982312675565481,-0.029622400179505348
-3.2247044146060944e-06,-4.690885543823242e-05,3.1774920587025175,0.0012343626003712416,0.036497101187705994,0.11479197366090443,8.286561933346093e-05,7.674272060394287,0.0012311378959566355,0.03645019233226776,3.5825355052948,0.02834493085013806,3,4,0.0012841609277529642,14.337759971618652,140.5,time_40s,4.49007966381032e-05,B4_Novel,0,39949999450,40,"[294, 1093, 381, 968]",-0.0040200683288276196,-0.02258109301328659
-2.9455404728651047e-06,-5.064159631729126e-05,3.115942868313307,0.0012340834364295006,0.03650083392858505,0.03301420285925206,2.4154696802725084e-05,7.605663776397705,0.0012311378959566355,0.03645019233226776,2.7418720722198486,0.02872852436367418,4,4,0.0008036417129915208,16.993728637695312,117.5,time_40s,1.6098387817464754e-05,B4_Novel,0,58799998037,40,"[43, 1219, 334, 839]",0.0020336764864623547,-0.0012911992380395532
6.430782377719879e-07,5.967915058135986e-06,3.049355857130446,0.0012304948177188635,0.036444224417209625,0.09533055429759028,7.893984002294019e-05,7.783167839050293,0.0012311378959566355,0.03645019233226776,3.8828282356262207,0.03251446915081713,5,4,0.0012447689368855208,16.361888885498047,77.25,time_40s,5.9500636325537926e-05,B4_Novel,0,22949989500,40,"[674, 1133, 924, 799]",0.004754573106765747,-0.02123458869755268
-1.332140527665615e-06,-2.7731060981750488e-05,3.120018083437936,0.001232470036484301,0.03647792339324951,0.20596055998106458,0.0001761283347150311,7.772960186004639,0.0012311378959566355,0.03645019233226776,3.3265695571899414,0.03357822300575797,6,4,0.0015080669036251493,13.0731840133667,39.5,time_40s,4.408823497215053e-05,B4_Novel,0,41849991662,40,"[1051, 1179, 462, 1299]",-0.0033744729589670897,-0.02059336192905903
-3.438210114836693e-06,-4.9170106649398804e-05,3.078200328702876,0.0012345761060714722,0.03649936243891716,0.24303276392022066,0.0002643719199113548,7.596479892730713,0.0012311378959566355,0.03645019233226776,3.670618772506714,0.04271329184906314,7,4,0.0011760821507778019,12.084063529968262,19.5,time_40s,7.635656493221177e-05,B4_Novel,0,29500000088,40,"[504, 422, 591, 1]",0.03279108181595802,-0.00016804314509499818
1.5256577171385288e-05,0.00015876442193984985,3.4156952771354847,0.001558022922836244,0.040079399943351746,0.2702148395365343,0.00041858156328089535,7.847616195678711,0.0015732795000076294,0.040238164365291595,1.0,0.061196162531785905,0,1,0.004643433727324009,4.448544025421143,60.0,time_40s,8.509328836225905e-05,B1_RR,1,0,40,[1299],,
4.421453922986984e-06,4.268437623977661e-05,3.5777326875302196,0.0015688580460846424,0.04019547998905182,0.027359867996483538,4.48850478278473e-05,7.571104049682617,0.0015732795000076294,0.040238164365291595,1.0,0.06480984519544397,1,1,0.0009725762065500021,3.836031913757324,35.0,time_40s,-3.950846689804166e-05,B1_RR,1,0,40,[1051],,
7.618800736963749e-06,9.475275874137878e-05,3.5524566977212806,0.0015656606992706656,0.04014341160655022,0.01478399165506028,3.019074210897088e-05,7.613215923309326,0.0015732795000076294,0.040238164365291595,1.0,0.08067433035573787,2,1,0.001047599478624761,3.6793599128723145,40.0,time_40s,-1.447883414584794e-05,B1_RR,1,0,40,[419],,
6.429734639823437e-06,5.8766454458236694e-05,3.4009343743678784,0.001566849765367806,0.04017939791083336,0.1113176563304168,0.0001828489184845239,7.835231781005859,0.0015732795000076294,0.040238164365291595,1.0,0.06489057631092371,3,1,0.0005715367733500898,3.527712106704712,21.0,time_40s,-1.5529046095252852e-05,B1_RR,1,0,40,[504],,
4.811445251107216e-06,4.270672798156738e-05,3.2798604125110287,0.0015684680547565222,0.04019545763731003,0.004748921663916586,6.41171482129721e-06,7.6596479415893555,0.0015732795000076294,0.040238164365291595,1.0,0.053337478581765733,4,1,0.0006759787793271244,3.9249279499053955,146.0,time_40s,-3.58457768925291e-05,B1_RR,1,0,40,[1009],,
5.066627636551857e-06,4.588812589645386e-05,3.428425415008742,0.0015682128723710775,0.04019227623939514,0.006594444977583747,8.52514222060563e-06,7.689536094665527,0.0015732795000076294,0.040238164365291595,1.0,0.051071271847815874,5,1,0.0014571059728041291,7.196095943450928,57.0,time_40s,-3.3064186936826445e-05,B1_RR,1,0,40,[1138],,
8.659902960062027e-06,7.546320557594299e-05,3.5989193872414083,0.0015646195970475674,0.04016270115971565,0.24062665814047818,0.0003663148090709001,7.642399787902832,0.0015732795000076294,0.040238164365291595,1.0,0.06014008343505531,6,1,0.002482876181602478,4.562240123748779,7.0,time_40s,9.38408265938051e-05,B1_RR,1,0,40,[1],,
4.680128768086433e-06,3.849342465400696e-05,3.349062335342457,0.001568599371239543,0.04019967094063759,-0.008564694960363287,-9.90229000308318e-06,7.633024215698242,0.0015732795000076294,0.040238164365291595,1.0,0.04567483959990662,7,1,0.0009396285749971867,4.057248115539551,61.0,time_40s,-3.984033651249774e-05,B1_RR,1,0,40,[296],,
1.4989171177148819e-05,0.00016582757234573364,3.4392210101485166,0.0015582903288304806,0.04007233679294586,0.09666475314840711,0.00019111388246528804,7.751200199127197,0.0015732795000076294,0.040238164365291595,1.0,0.07810473775366564,8,1,0.0008386322879232466,3.8526079654693604,43.0,time_40s,8.09697837667045e-07,B1_RR,1,0,40,[592],,
6.084330379962921e-06,5.4527074098587036e-05,3.5591127649207013,0.0015671951696276665,0.04018363729119301,-0.002421090654848347,-6.850705176475458e-06,7.614208221435547,0.0015732795000076294,0.040238164365291595,1.0,0.11178345173796828,9,1,0.0015723404940217733,4.009952068328857,72.0,time_40s,-2.910736543526582e-05,B1_RR,1,0,40,[673],,
4.469882696866989e-06,3.9186328649520874e-05,3.375316539629456,0.0015688096173107624,0.040198978036642075,0.06087350801490365,9.381084964843467e-05,7.83190393447876,0.0015732795000076294,0.040238164365291595,1.0,0.06088047454216474,10,1,0.00042279655463062227,3.8679039478302,146.0,time_40s,-3.328194225105108e-05,B1_RR,1,0,40,[632],,
5.4182019084692e-06,4.8041343688964844e-05,3.5420781842741587,0.0015678612980991602,0.04019012302160263,-0.04620687515264161,-6.52072558295913e-05,7.855487823486328,0.0015732795000076294,0.040238164365291595,1.0,0.05574971017954637,11,1,0.0011820971267297864,5.057472229003906,38.0,time_40s,-3.799800424530986e-05,B1_RR,1,0,40,[1179],,
5.626818165183067e-06,5.498528480529785e-05,3.405412323703346,0.0015676526818424463,0.0401831790804863,0.04144894788524578,7.22679978935048e-05,7.7292160987854,0.0015732795000076294,0.040238164365291595,1.0,0.06887883636872588,12,1,0.0008967165485955775,6.635392189025879,675.0,time_40s,2.8522516117845953e-06,B1_RR,1,0,40,[714],,
1.506740227341652e-05,0.00021220743656158447,3.454272770652635,0.0015582120977342129,0.04002595692873001,0.08210156054281527,0.00010327401832910255,7.849440097808838,0.0015732795000076294,0.040238164365291595,1.0,0.049692741037408054,13,1,0.0007853497518226504,3.871328115463257,78.0,time_40s,4.522688709585054e-05,B1_RR,1,0,40,[924],,
6.421469151973724e-06,4.5709311962127686e-05,3.4302036457355425,0.0015668580308556557,0.04019245505332947,0.010294720137796767,1.0141169695998542e-05,7.859776020050049,0.0015732795000076294,0.040238164365291595,1.0,0.03891587454795394,14,1,0.0017907439032569528,7.399424076080322,99.0,time_40s,-3.1328333307101275e-05,B1_RR,1,0,40,[1219],,
8.262344636023045e-06,0.00011286512017250061,3.394585122328737,0.0015650171553716063,0.040125299245119095,0.014255606856358021,1.9640609025373124e-05,7.7697601318359375,0.0015732795000076294,0.040238164365291595,1.0,0.05442801930833485,15,1,0.0005455135833472013,3.823391914367676,722.0,time_40s,-1.670047890911519e-05,B1_RR,1,0,40,[256],,
6.274320185184479e-06,6.64927065372467e-05,3.3694701510104825,0.001567005179822445,0.04017167165875435,-0.0007123899237844003,-1.4053402992431074e-06,7.65664005279541,0.0015732795000076294,0.040238164365291595,1.0,0.07793221529348195,16,1,0.0004293826932553202,3.696160078048706,58.0,time_40s,-3.4912243336293614e-05,B1_RR,1,0,40,[462],,
4.426809027791023e-06,4.0881335735321045e-05,3.6690272815275247,0.0015688526909798384,0.040197283029556274,0.0023460375438043445,3.6690739761979785e-06,7.713888168334961,0.0015732795000076294,0.040238164365291595,1.0,0.061783826145987125,17,1,0.0010106713743880391,5.839776039123535,154.0,time_40s,-3.1160073149294476e-05,B1_RR,1,0,40,[84],,
4.951143637299538e-06,4.228949546813965e-05,3.35704612233818,0.0015683283563703299,0.040195874869823456,0.10298231488766608,0.00015186343807727098,7.825471878051758,0.0015732795000076294,0.040238164365291595,1.0,0.05825643002620686,18,1,0.000653496419545263,3.9563839435577393,156.0,time_40s,-2.4364004616472812e-05,B1_RR,1,0,40,[882],,
5.329260602593422e-06,4.754215478897095e-05,3.430721408645402,0.001567950239405036,0.040190622210502625,0.00288248549274328,3.779516873692046e-06,7.75494384765625,0.0015732795000076294,0.040238164365291595,1.0,0.051799127895100126,19,1,0.0006911045056767762,3.5921919345855713,233.0,time_40s,-3.1003816275188e-05,B1_RR,1,0,40,[336],,
5.923444405198097e-06,6.935745477676392e-05,3.3463934862128135,0.0015673560556024313,0.04016880691051483,0.042150395620442364,5.38776112080086e-05,7.590335845947266,0.0015732795000076294,0.040238164365291595,1.0,0.05049634754668662,20,1,0.0006739625241607428,4.227263927459717,363.0,time_40s,7.083357104420429e-06,B1_RR,1,0,40,[211],,
6.0889869928359985e-06,5.85019588470459e-05,3.32337313688509,0.0015671905130147934,0.04017966240644455,0.268225499711843,0.0008654962875880301,7.690400123596191,0.0015732795000076294,0.040238164365291595,1.0,0.12747306722758794,21,1,0.0006349561153911054,3.8029439449310303,359.0,time_40s,1.6983412365334516e-06,B1_RR,1,0,40,[546],,
1.2348871678113937e-05,0.00013058632612228394,3.7627381071153407,0.0015609306283295155,0.04010757803916931,0.02808298728661596,4.0236045606434345e-05,7.712704181671143,0.0015732795000076294,0.040238164365291595,1.0,0.056601152971417094,22,1,0.0009297088254243135,5.027103900909424,105.0,time_40s,-1.7989636432957923e-05,B1_RR,1,0,40,[43],,
5.068490281701088e-06,4.532933235168457e-05,3.365829047813086,0.0015682110097259283,0.04019283503293991,-0.004009263295924574,-5.85277621212299e-06,7.758272171020508,0.0015732795000076294,0.040238164365291595,1.0,0.05767009011715405,23,1,0.0005331667489372194,3.9805760383605957,103.0,time_40s,-3.703911306729424e-05,B1_RR,1,0,40,[839],,
6.052199751138687e-06,6.307661533355713e-05,3.4044722719559513,0.0015672273002564907,0.04017508774995804,0.004710202143053241,6.782677701266948e-06,7.581855773925781,0.0015732795000076294,0.040238164365291595,1.0,0.05688724798917534,24,1,0.0006805374287068844,4.188352108001709,64.0,time_40s,-2.1326130365650897e-05,B1_RR,1,0,40,[799],,
4.795379936695099e-06,4.2907893657684326e-05,3.6067197029464526,0.0015684841200709343,0.04019525647163391,0.02409075748544168,3.658199784695171e-05,7.7259202003479,0.0015732795000076294,0.040238164365291595,1.0,0.05998881092894635,25,1,0.0016978101339191198,3.7239999771118164,118.0,time_40s,-3.8558358028240036e-05,B1_RR,1,0,40,[968],,
6.375135853886604e-06,5.2228569984436035e-05,3.4738294821183406,0.0015669043641537428,0.04018593579530716,0.013115531655942909,1.7946997104445472e-05,7.726975917816162,0.0015732795000076294,0.040238164365291595,1.0,0.05405790145767579,26,1,0.0008191212546080351,4.935711860656738,160.0,time_40s,-1.968741798918927e-05,B1_RR,1,0,40,[126],,
6.831716746091843e-06,7.703900337219238e-05,3.3853612501319086,0.0015664477832615376,0.0401611253619194,0.3438890965968046,0.0006630798452533782,7.721439838409424,0.0015732795000076294,0.040238164365291595,1.0,0.07617293870623351,27,1,0.0006906439666636288,4.3703999519348145,610.0,time_40s,-5.270013559766085e-06,B1_RR,1,0,40,[757],,
4.764879122376442e-06,5.438178777694702e-05,3.3334934069650037,0.001568514620885253,0.04018378257751465,0.13564281545224188,0.00012654536112677306,7.614783763885498,0.0015732795000076294,0.040238164365291595,1.0,0.03685553530498534,28,1,0.0006481707096099854,4.4679999351501465,310.0,time_40s,2.8570640552061377e-05,B1_RR,1,0,40,[168],,
7.177121005952358e-06,7.24010169506073e-05,3.291089659149606,0.001566102379001677,0.04016576334834099,0.0974123538010013,0.00010194280184805393,7.723904132843018,0.0015732795000076294,0.040238164365291595,1.0,0.04134241268639878,29,1,0.0005214600823819637,3.4322240352630615,89.0,time_40s,2.4421144189545885e-05,B1_RR,1,0,40,[379],,
4.251720383763313e-06,4.727393388748169e-05,3.4316707127635655,0.001569027779623866,0.040190890431404114,0.039500680386920124,7.840186299290508e-05,7.758880138397217,0.0015732795000076294,0.040238164365291595,1.0,0.07841065753948893,30,1,0.001884334022179246,6.30950403213501,145.0,time_40s,-1.2265952364032273e-05,B1_RR,1,0,40,[1261],,
9.218696504831314e-06,9.909272193908691e-05,3.845833251347146,0.001564060803502798,0.04013907164335251,0.009704796505165017,1.529533437860664e-05,7.720384120941162,0.0015732795000076294,0.040238164365291595,1.0,0.06226239637574183,31,1,0.001299549825489521,6.597248077392578,151.0,time_40s,-2.5215103505615843e-05,B1_RR,1,0,40,[1093],,
1.0006246156990528e-05,0.00010286271572113037,3.327403323956113,0.0015632732538506389,0.040135301649570465,0.20540848252164196,0.00023173587396740913,7.685056209564209,0.0015732795000076294,0.040238164365291595,1.993464708328247,0.04456851721582322,0,2,0.0028080049669370055,6.902592182159424,47.5,time_40s,2.391597649875621e-05,B2_RR,1,12399993750,40,"[1299, 1051]",2.371933334188725e-07,2.371933334188725e-07
7.150927558541298e-06,7.959455251693726e-05,3.351496203609235,0.001566128572449088,0.04015856981277466,0.0813016778477851,0.00010651946649886668,7.629568099975586,0.0015732795000076294,0.040238164365291595,1.912150502204895,0.05175862896473208,1,2,0.0008095681259874254,5.93225622177124,30.5,time_40s,-1.4438271250583057e-05,B2_RR,1,4250005912,40,"[419, 504]",-0.00031651146127842367,-0.00031651146127842367
4.9264635890722275e-06,4.415959119796753e-05,3.226138128225268,0.0015683530364185572,0.04019400477409363,0.007997534537248547,7.468484000128228e-06,7.736576080322266,0.0015732795000076294,0.040238164365291595,1.9962360858917236,0.036891780857278886,2,2,0.0010665423760656267,9.706560134887695,101.5,time_40s,-3.443035393502214e-05,B2_RR,1,6450009413,40,"[1009, 1138]",-0.0016794083639979362,-0.0016794083639979362
6.768270395696163e-06,5.760788917541504e-05,3.3498168343408907,0.0015665112296119332,0.04018055647611618,0.1863988712211132,0.00017820621724240482,7.698815822601318,0.0015732795000076294,0.040238164365291595,1.8656120300292969,0.03776877186816947,3,2,0.0017112523782998323,7.029600143432617,34.0,time_40s,2.918327072620741e-05,B2_RR,1,14749997088,40,"[1, 296]",0.0005285183433443308,0.0005285183433443308
1.0804273188114166e-05,0.00011307001113891602,3.358999369292996,0.0015624752268195152,0.04012509435415268,0.05358952895571453,9.213158773491159e-05,7.717855930328369,0.0015732795000076294,0.040238164365291595,1.7883796691894531,0.06791753346503399,4,2,0.00120548639097251,6.853536128997803,57.5,time_40s,-1.3732073853134352e-05,B2_RR,1,4050005750,40,"[592, 673]",-0.00828820001333952,-0.00828820001333952
4.955567419528961e-06,4.320964217185974e-05,3.328710988598838,0.0015683239325881004,0.040194954723119736,0.013688373763315827,1.4301632290880661e-05,7.718368053436279,0.0015732795000076294,0.040238164365291595,1.9846980571746826,0.04127499620926717,5,2,0.0008024468406802043,7.893599987030029,92.0,time_40s,-3.563165500963805e-05,B2_RR,1,27350001537,40,"[632, 1179]",4.839448592974804e-06,4.839448592974804e-06
1.0769115760922432e-05,0.00013893842697143555,3.3040362242740087,0.001562510384246707,0.04009922593832016,0.08174703407422076,8.777106995694339e-05,7.715936183929443,0.0015732795000076294,0.040238164365291595,1.8190770149230957,0.042416289782491116,6,2,0.000841033150209114,9.366559982299805,376.5,time_40s,2.5395160832886177e-05,B2_RR,1,10499994125,40,"[714, 924]",-0.002497622976079583,-0.002497622976079583
7.50366598367691e-06,8.208304643630981e-05,3.3078172316910694,0.0015657758340239525,0.040156081318855286,0.01767159695741943,1.489079022576334e-05,7.7297282218933105,0.0015732795000076294,0.040238164365291595,1.8104342222213745,0.03328857750607605,7,2,0.001168128743302077,10.103679656982422,410.5,time_40s,-2.3859835891926195e-05,B2_RR,1,48149998662,40,"[1219, 256]",-0.010466274805366993,-0.010466274805366993
5.468958988785744e-06,5.6140124797821045e-05,3.3704782310253636,0.0015678105410188437,0.040182024240493774,0.0009000124320319778,1.1318618362565758e-06,7.756288051605225,0.0015732795000076294,0.040238164365291595,1.9010673761367798,0.0496819001692036,8,2,0.0007200270338216797,8.087807655334473,106.0,time_40s,-3.2979045954562025e-05,B2_RR,1,18900010050,40,"[462, 84]",-0.0018179920734837651,-0.0018179920734837651
5.172565579414368e-06,4.55416738986969e-05,3.294890179627215,0.001568106934428215,0.0401926226913929,0.07887503582004586,7.782148895785213e-05,7.727168083190918,0.0015732795000076294,0.040238164365291595,1.9730162620544434,0.03897743499690739,9,2,0.0006723004626110196,6.514624118804932,194.5,time_40s,-2.765818589978153e-05,B2_RR,1,27299995450,40,"[882, 336]",0.0,0.0
6.062560714781284e-06,6.480515003204346e-05,3.2512319852974536,0.0015672169392928481,0.04017335921525955,0.2648938349096182,0.00045968781341798604,7.685120105743408,0.0015732795000076294,0.040238164365291595,1.3063119649887085,0.0685558357033934,10,2,0.0006544593197759241,6.937503814697266,361.0,time_40s,5.321336828956191e-06,B2_RR,1,16750005713,40,"[211, 546]",2.1558909793384373e-05,2.1558909793384373e-05
9.015202522277832e-06,9.06139612197876e-05,3.423804707587845,0.0015642642974853516,0.04014755040407181,0.016809600821658652,1.7191636288771406e-05,7.738111972808838,0.0015732795000076294,0.040238164365291595,1.9992998838424683,0.04040295257126241,11,2,0.0007314377871807665,7.93558406829834,104.0,time_40s,-2.7415051363277598e-05,B2_RR,1,39800001037,40,"[43, 839]",9.90799890132621e-06,9.90799890132621e-06
5.5192504078149796e-06,5.408748984336853e-05,3.3267128452276467,0.0015677602495998144,0.04018407687544823,0.02072128006939372,2.1682368242181838e-05,7.69814395904541,0.0015732795000076294,0.040238164365291595,1.9943900108337402,0.041337425460018624,12,2,0.0011891737813130021,6.899168014526367,91.0,time_40s,-2.9781107059534406e-05,B2_RR,1,8449953213,40,"[799, 968]",4.7122728574322537e-05,4.7122728574322537e-05
6.618443876504898e-06,6.52410089969635e-05,3.3047192181847294,0.0015666610561311245,0.04017292335629463,0.2881252131434873,0.00034051324473693967,7.686272144317627,0.0015732795000076294,0.040238164365291595,1.803473711013794,0.04668808217161235,13,2,0.000754882610635832,8.191295623779297,385.0,time_40s,-1.2088741868865327e-05,B2_RR,1,31549997825,40,"[126, 757]",-0.0006636561593040824,-0.0006636561593040824
6.013084203004837e-06,6.424635648727417e-05,3.236608624550831,0.0015672664158046246,0.04017391800880432,0.16231315196369922,0.00011424417607486248,7.563680171966553,0.0015732795000076294,0.040238164365291595,1.9740406274795532,0.027805688169854303,14,2,0.0005848153959959745,6.608928203582764,199.5,time_40s,2.710736271183123e-05,B2_RR,1,10549997875,40,"[168, 379]",0.008235321380198002,0.008235321380198002
7.026363164186478e-06,7.677823305130005e-05,3.465095189479668,0.001566253136843443,0.040161386132240295,0.036853063865543184,4.6848246711306274e-05,7.721312046051025,0.0015732795000076294,0.040238164365291595,1.9022468328475952,0.050219574864538104,15,2,0.0015919419238343835,11.783679962158203,148.0,time_40s,-1.836990190895449e-05,B2_RR,1,8400008000,40,"[1261, 1093]",0.00646744342520833,0.00646744342520833
8.709263056516647e-06,9.330734610557556e-05,3.2454214120998026,0.0015645702369511127,0.04014485701918602,0.195823227125983,0.00016912804858293384,7.747935771942139,0.0015732795000076294,0.040238164365291595,3.796574592590332,0.034119662302317694,0,4,0.0018087865464622155,11.964351654052734,39.0,time_40s,5.022968423418206e-06,B4_RR,1,44000000287,40,"[1299, 1051, 419, 504]",-0.000639837235212326,-0.0035494330804795027
5.9193698689341545e-06,5.088001489639282e-05,3.212970527049237,0.0015673601301386952,0.0401872843503952,0.13820830810902426,9.283731924369931e-05,7.718592166900635,0.0015732795000076294,0.040238164365291595,3.8488521575927734,0.02653638321889604,1,4,0.0013888973771827295,15.164416313171387,67.75,time_40s,-2.267537354327942e-06,B4_RR,1,56849999163,40,"[1009, 1138, 1, 296]",0.002845963928848505,-0.0016794083639979362
8.000759407877922e-06,7.934123277664185e-05,3.259114996343924,0.0015652787405997515,0.040158823132514954,0.05214419246614865,5.321633943822235e-05,7.722015857696533,0.0015732795000076294,0.040238164365291595,2.9752042293548584,0.040317383627922136,2,4,0.0010039666158263572,13.484512329101562,74.75,time_40s,-2.46147067741731e-05,B4_RR,1,29350000537,40,"[592, 673, 632, 1179]",0.011504203081130981,-0.00828820001333952
9.200070053339005e-06,0.00010967254638671875,3.2405938411643462,0.0015640794299542904,0.04012849181890488,0.07492791335767637,5.133094600751065e-05,7.763872146606445,0.0015732795000076294,0.040238164365291595,3.444255828857422,0.02706380897932842,3,4,0.0010045809467555955,18.388479232788086,393.5,time_40s,9.512650649412535e-07,B4_RR,1,48149998662,40,"[714, 924, 1219, 256]",0.0016626764554530382,-0.010466274805366993
5.327397957444191e-06,5.101412534713745e-05,3.2553750263489034,0.0015679521020501852,0.04018715023994446,0.050685396038862,3.947667937609367e-05,7.726240158081055,0.0015732795000076294,0.040238164365291595,3.616434335708618,0.03076883547824249,4,4,0.0006961637482163496,13.417216300964355,150.25,time_40s,-3.030287052752101e-05,B4_RR,1,39899997875,40,"[462, 84, 882, 336]",-0.01684473641216755,-0.10007643699645996
7.551279850304127e-06,7.744506001472473e-05,3.2720312531129556,0.0015657282201573253,0.04016071930527687,0.237017319687018,0.00023843954841140658,7.734720230102539,0.0015732795000076294,0.040238164365291595,2.198072910308838,0.03974216275376542,5,4,0.0006929485534783453,13.532256126403809,232.5,time_40s,-1.086564157048997e-05,B4_RR,1,39800001037,40,"[211, 546, 43, 839]",-0.0016906566452234983,-0.010177331045269966
6.068730726838112e-06,5.953758955001831e-05,3.222040353825534,0.0015672107692807913,0.04017862677574158,0.22575325280879946,0.0001810978865250945,7.751999855041504,0.0015732795000076294,0.040238164365291595,3.68044114112854,0.03169076002861652,6,4,0.000972028195974417,13.772128105163574,238.0,time_40s,-2.086635936393577e-05,B4_RR,1,42099992250,40,"[799, 968, 126, 757]",0.009499897249042988,-0.005954524502158165
6.5444037318229675e-06,7.005780935287476e-05,3.268799492951107,0.0015667350962758064,0.04016810655593872,0.11079443928119649,8.05464806035161e-05,7.733280181884766,0.0015732795000076294,0.040238164365291595,2.9759814739227295,0.02871983197359003,7,4,0.001088378659915179,17.25702476501465,173.75,time_40s,4.5009379050497955e-06,B4_RR,1,54650003875,40,"[168, 379, 1261, 1093]",0.003016961505636573,-0.0012398050166666508
6.332411430776119e-06,5.535781383514404e-05,3.25213310572202,0.0015669470885768533,0.04018280655145645,0.0990027733001203,9.241384395863861e-05,7.728672027587891,0.0015732795000076294,0.040238164365291595,2.5379762649536133,0.03687592850239486,0,4,0.001355574990157038,12.383296012878418,114.5,time_40s,9.52959226196981e-07,B4_Strat,1,50399989750,40,"[1, 336, 673, 1009]",0.0030382308177649975,-1.2946560673299246e-05
7.684691809117794e-06,7.818266749382019e-05,3.2753448615615497,0.0015655948081985116,0.040159981697797775,0.08440491523726625,6.483301694970578e-05,7.646592140197754,0.0015732795000076294,0.040238164365291595,3.5756797790527344,0.030344625573829165,1,4,0.0008301154157379642,15.373311996459961,226.0,time_40s,-7.143185484892456e-06,B4_Strat,1,50400006787,40,"[43, 379, 714, 1051]",0.020137865096330643,-0.0005858532967977226
7.292022928595543e-06,8.270144462585449e-05,3.31858871768765,0.0015659874770790339,0.04015546292066574,0.19828425809955513,0.00017805876268539578,9.319231986999512,0.0015732795000076294,0.040238164365291595,3.788360595703125,0.03547549009875916,2,4,0.0010121161612914875,17.709280014038086,238.75,time_40s,-1.845482620410621e-05,B4_Strat,1,50449997000,40,"[84, 419, 757, 1093]",0.0028689620085060596,-0.0017808991251513362
6.05930108577013e-06,5.8826059103012085e-05,3.223046460071532,0.0015672201989218593,0.04017933830618858,0.010382693948972824,7.962331437738612e-06,9.534687995910645,0.0015732795000076294,0.040238164365291595,3.5118794441223145,0.03029587417992346,3,4,0.0008465368373435922,18.0447998046875,84.75,time_40s,-2.705276028791559e-05,B4_Strat,1,50599995450,40,"[126, 462, 799, 1138]",-0.0033241333439946175,-0.014068204909563065
5.486421287059784e-06,5.163624882698059e-05,3.223546269980476,0.0015677930787205696,0.040186528116464615,0.08646721340589132,5.958362089586444e-05,8.04377555847168,0.0015732795000076294,0.040238164365291595,3.5747969150543213,0.027222544609322052,4,4,0.0007337428396567702,15.441247940063477,118.0,time_40s,-1.522301272416371e-05,B4_Strat,1,50549998587,40,"[168, 504, 839, 1179]",-0.004750997759401798,-0.016684003174304962
5.887937732040882e-06,5.406513810157776e-05,3.2214070811970865,0.0015673915622755885,0.04018409922719002,0.2776628361265161,0.00027034495724365115,7.6123199462890625,0.0015732795000076294,0.040238164365291595,1.9765726327896118,0.03846394342839188,5,4,0.000938289740588516,16.27142333984375,244.25,time_40s,-1.1102824032604985e-05,B4_Strat,1,50400000000,40,"[211, 546, 882, 1219]",-0.0016544549725949764,-0.01069559808820486
1.115468330681324e-05,0.0001387074589729309,3.243619935431036,0.0015621248167008162,0.040099456906318665,0.11680348400186057,9.810708434088156e-05,7.782303810119629,0.0015732795000076294,0.040238164365291595,3.4775118827819824,0.033181641093501135,6,4,0.001013457411318086,14.460320472717285,247.0,time_40s,5.453176470382459e-06,B4_Strat,1,50250004450,40,"[256, 592, 924, 1261]",-0.0012262717355042696,-0.006841020658612251
7.386202923953533e-06,7.04936683177948e-05,3.218668721458091,0.0015658932970836759,0.0401676706969738,0.1857369332961365,0.00013476998719852418,7.734432220458984,0.0015732795000076294,0.040238164365291595,3.8291399478912354,0.028664753140462292,7,4,0.0019259172477177344,12.353919982910156,96.25,time_40s,-5.837643527684122e-06,B4_Strat,1,50150000037,40,"[296, 632, 968, 1299]",0.00030120956944301724,0.0
9.34605486690998e-06,9.312108159065247e-05,3.256461779216188,0.0015639334451407194,0.04014504328370094,0.5328918539027357,0.0005783696542493999,7.623551845550537,0.0015732795000076294,0.040238164365291595,2.663579225540161,0.0428765374944026,0,4,0.0021129774977453053,13.583871841430664,259.0,time_40s,4.646266143026878e-05,B4_Match,1,64899997125,40,"[757, 1299, 1, 546]",1.955224979610648e-05,-0.00025240631657652557
5.925539880990982e-06,5.763024091720581e-05,3.2052741298708347,0.0015673539601266384,0.04018053412437439,0.21499695410736713,0.00014080022810958326,7.722623825073242,0.0015732795000076294,0.040238164365291595,3.3483057022094727,0.02587166270961351,1,4,0.0005986659962218255,12.17852783203125,144.0,time_40s,3.766222988588197e-06,B4_Match,1,35699996750,40,"[168, 504, 882, 379]",0.0018485651817172766,-6.774315011170984e-07
1.0567368008196354e-05,0.0001248382031917572,3.231685710390622,0.001562712131999433,0.04011332616209984,0.14006080383904407,0.00011051938054151833,7.758815765380859,0.0015732795000076294,0.040238164365291595,3.4446749687194824,0.031172750031706935,2,4,0.0006801852796343155,12.392160415649414,157.5,time_40s,6.320293948647304e-06,B4_Match,1,35650001538,40,"[592, 924, 632, 211]",0.012649215757846832,-1.5469152003788622e-06
6.9731613621115685e-06,7.05420970916748e-05,3.2961952847652007,0.0015663063386455178,0.04016762226819992,0.06744650186906809,5.687153316102922e-05,7.645088195800781,0.0015732795000076294,0.040238164365291595,3.748713254928589,0.0333110863298872,3,4,0.0013521423825295642,18.16864013671875,260.75,time_40s,-1.61485469618583e-05,B4_Match,1,60900003825,40,"[714, 1261, 43, 968]",0.0011669263476505876,-0.0005858532967977226
6.9390516728162766e-06,8.022412657737732e-05,3.244124444370939,0.0015663404483348131,0.04015794023871422,0.03419670694584837,2.8165886760689318e-05,7.774400234222412,0.0015732795000076294,0.040238164365291595,3.5600521564483643,0.03253811814837148,4,4,0.0008462026307824999,12.87564754486084,239.25,time_40s,-2.2183741066328366e-05,B4_Match,1,46249999662,40,"[1051, 256, 126, 419]",0.008192811161279678,-1.768228867149446e-05
6.479909643530846e-06,5.950033664703369e-05,3.2535065036298856,0.0015667995903640985,0.04017866402864456,0.01536839767961702,1.0093324817717075e-05,7.665215969085693,0.0015732795000076294,0.040238164365291595,3.649846076965332,0.02594531508491386,5,4,0.0013058446202194318,21.384000778198242,113.25,time_40s,-3.122783346043434e-05,B4_Match,1,10500004875,40,"[1219, 1093, 1138, 1009]",-0.0029557577800005674,-0.012351786717772484
5.637411959469318e-06,5.637854337692261e-05,3.2524145098493134,0.00156764208804816,0.04018178582191467,0.004139172782086416,3.206473138561705e-06,7.7908477783203125,0.0015732795000076294,0.040238164365291595,3.598726511001587,0.030603235196114142,6,4,0.000702924000506755,13.665247917175293,127.25,time_40s,-2.945590995295788e-05,B4_Match,1,35750047337,40,"[799, 336, 84, 462]",-0.016961604356765747,-0.10007643699645996
5.313078872859478e-06,4.595145583152771e-05,3.236613669605043,0.00156796642113477,0.04019221290946007,-0.02398031035541218,-2.1953585019218735e-05,7.736576080322266,0.0015732795000076294,0.040238164365291595,2.4371931552886963,0.036166288359478334,7,4,0.0010568082361714914,13.428544044494629,68.5,time_40s,-3.595004045564565e-05,B4_Match,1,44149998037,40,"[673, 839, 296, 1179]",-0.0020886545535176992,-0.011381978169083595
6.8122753873467445e-06,8.099153637886047e-05,3.214084862195503,0.0015664672246202826,0.040157172828912735,0.24789126680100246,0.0002022167609538883,7.744416236877441,0.0015732795000076294,0.040238164365291595,3.605013847351074,0.03222620848258957,0,4,0.0007017091556917876,15.888383865356445,592.5,time_40s,-2.244806154294565e-06,B4_Novel,1,27300006913,40,"[256, 714, 757, 211]",0.012182449921965599,-0.0010021654888987541
5.653826519846916e-06,5.310773849487305e-05,3.2296895772175978,0.0015676256734877825,0.04018505662679672,0.26022280061757463,0.0002534422092139721,7.800704002380371,0.0015732795000076294,0.040238164365291595,1.9128260612487793,0.0384757317777698,1,4,0.0006983381463214755,13.080191612243652,265.5,time_40s,-4.596142957780103e-06,B4_Novel,1,20999996625,40,"[546, 168, 336, 126]",0.018954377621412277,-5.293312597132172e-07
5.9461453929543495e-06,5.721673369407654e-05,3.295633517912368,0.001567333354614675,0.04018094763159752,0.08559722348206872,6.615968595724553e-05,7.660192012786865,0.0015732795000076294,0.040238164365291595,3.989227294921875,0.03053423522309504,2,4,0.0008466285435133614,16.91379165649414,151.75,time_40s,-2.836506155290408e-05,B4_Novel,1,50449997000,40,"[882, 84, 1093, 632]",0.0026686955243349075,-0.0015408470062538981
6.671063601970673e-06,6.635487079620361e-05,3.2669117422034377,0.0015666084364056587,0.04017180949449539,0.05000474241346369,4.0407619962934405e-05,7.803391933441162,0.0015732795000076294,0.040238164365291595,3.6040515899658203,0.031923122614092254,3,4,0.001296957940212451,15.343232154846191,128.5,time_40s,-2.5959187041735277e-05,B4_Novel,1,60900003825,40,"[1009, 1261, 968, 43]",0.013253157958388329,0.0
8.62672459334135e-06,9.512156248092651e-05,3.233796857132238,0.001564652775414288,0.04014304280281067,0.08702326247555935,5.2376351959537715e-05,7.6505279541015625,0.0015732795000076294,0.040238164365291595,3.6345207691192627,0.023776787423760038,4,4,0.0009076801215996966,15.395296096801758,92.25,time_40s,1.2347342988050514e-06,B4_Novel,1,42000000212,40,"[839, 1219, 379, 924]",0.001344718737527728,-0.015723127871751785
8.161761797964573e-06,8.017197251319885e-05,3.2241654846964156,0.0015651177382096648,0.0401579923927784,0.11016372538622263,0.00010215499787591398,7.737120151519775,0.0015732795000076294,0.040238164365291595,2.5134522914886475,0.03663315256578816,5,4,0.0019589850562624633,12.81884765625,64.25,time_40s,-3.8669338664476527e-07,B4_Novel,1,50150000037,40,"[673, 799, 296, 1299]",-0.0015580052277073264,-0.00618473906069994
8.809845894575119e-06,9.68538224697113e-05,3.2513941756203146,0.0015644696541130543,0.040141310542821884,0.06014035530993203,5.710600453312509e-05,7.860256195068359,0.0015732795000076294,0.040238164365291595,3.657169818878174,0.03751190115906049,6,4,0.0009431801081518643,14.122367858886719,49.5,time_40s,-1.9866940760948637e-05,B4_Novel,1,35950002325,40,"[462, 1138, 592, 419]",0.016243817284703255,-7.078555199768743e-07
6.438116542994976e-06,5.860254168510437e-05,3.2726596663716854,0.0015668413834646344,0.04017956182360649,0.1637722433953535,0.0001322100288234651,7.765183925628662,0.0015732795000076294,0.040238164365291595,3.8987622261047363,0.03189167952534578,7,4,0.001302271572058089,13.491040229797363,25.25,time_40s,1.7159446770165232e-06,B4_Novel,1,58899995125,40,"[1179, 1051, 504, 1]",0.024315407499670982,-1.9828337826766074e-05
1.3641780242323875e-05,0.00013932213187217712,3.3122468814104673,0.001486409455537796,0.038939837366342545,0.0009098344675560121,1.0592418675514637e-06,7.605055809020996,0.00150005123578012,0.03907915949821472,1.0,0.050582814396366305,0,1,0.0005548780900426209,3.88319993019104,568.0,time_40s,7.22779504940263e-05,B1_RR,2,0,40,[253],,
1.3226759620010853e-05,0.00012356042861938477,3.328396387264313,0.001486824476160109,0.03895559906959534,0.013284525896433754,2.0128261894569732e-05,7.7981438636779785,0.00150005123578012,0.03907915949821472,1.0,0.0658309998594164,1,1,0.0007644292782060802,3.9832000732421875,103.0,time_40s,7.400630011034082e-05,B1_RR,2,0,40,[799],,
1.0890420526266098e-05,8.732080459594727e-05,3.4777496099439618,0.0014891608152538538,0.038991838693618774,0.019648726995962935,2.950387897726614e-05,7.825344085693359,0.00150005123578012,0.03907915949821472,1.0,0.06524014775780033,2,1,0.0012223480734974146,4.927487850189209,21.0,time_40s,7.48175061744405e-05,B1_RR,2,0,40,[1179],,
9.329291060566902e-06,8.137524127960205e-05,3.2785077731495864,0.001490721944719553,0.03899778425693512,0.036943098988021714,3.696565545396879e-05,7.7106242179870605,0.00150005123578012,0.03907915949821472,1.0,0.04347457290605725,3,1,0.00043546335655264556,4.061823844909668,396.0,time_40s,9.809160928853089e-05,B1_RR,2,0,40,[211],,
1.1166557669639587e-05,8.63298773765564e-05,3.4972903806380535,0.0014888846781104803,0.038992829620838165,0.00041464009728990766,1.0779144758998882e-06,7.62937593460083,0.00150005123578012,0.03907915949821472,1.0,0.11294922182392167,4,1,0.0011878549121320248,3.694240093231201,128.0,time_40s,7.603475023643114e-05,B1_RR,2,0,40,[1009],,
1.1267373338341713e-05,9.773671627044678e-05,3.2329179386753335,0.0014887838624417782,0.038981422781944275,0.08395913000974176,0.0001932196319103241,7.710080146789551,0.00150005123578012,0.03907915949821472,1.0,0.09998930672752594,5,1,0.0005218766164034605,3.8026559352874756,31.0,time_40s,8.504064430781e-05,B1_RR,2,0,40,[588],,
1.0263058356940746e-05,7.750838994979858e-05,3.4877232601334365,0.0014897881774231791,0.03900165110826492,0.0005454541646370078,1.2378054634609725e-06,7.80620813369751,0.00150005123578012,0.03907915949821472,1.0,0.09859715185326938,6,1,0.0016861541662365198,3.928607940673828,52.0,time_40s,7.374635947599018e-05,B1_RR,2,0,40,[672],,
1.0370276868343353e-05,8.062273263931274e-05,3.34834157178394,0.0014896809589117765,0.03899853676557541,0.005399319589187215,8.398368663620204e-06,7.628704071044922,0.00150005123578012,0.03907915949821472,1.0,0.06758123704877875,7,1,0.0006627728580497205,3.9384639263153076,157.0,time_40s,7.035827320578392e-05,B1_RR,2,0,40,[882],,
9.592389687895775e-06,8.217990398406982e-05,3.798277246227833,0.0014904588460922241,0.03899697959423065,-0.0005327916842438831,-6.795712579332758e-07,7.6157121658325195,0.00150005123578012,0.03907915949821472,1.0,0.05541761116218458,8,1,0.0013427695957943797,6.7259202003479,116.0,time_40s,6.265618520728822e-05,B1_RR,2,0,40,[1093],,
1.2392643839120865e-05,9.160861372947693e-05,3.337807063212029,0.001487658591940999,0.038987550884485245,0.0024617362411102155,2.9971611184009816e-06,7.627935886383057,0.00150005123578012,0.03907915949821472,1.0,0.05289794578909637,9,1,0.0007518920465372503,4.88918399810791,211.0,time_40s,8.516312391293468e-05,B1_RR,2,0,40,[126],,
1.1100084520876408e-05,9.182840585708618e-05,3.3723200697394,0.0014889511512592435,0.038987331092357635,0.022253521227633546,3.404072413104586e-05,7.603424072265625,0.00150005123578012,0.03907915949821472,1.0,0.06646152257678596,10,1,0.0014097129460424185,7.19382381439209,155.0,time_40s,6.932208816579077e-05,B1_RR,2,0,40,[1134],,
1.1424999684095383e-05,9.612739086151123e-05,3.683230595833475,0.0014886262360960245,0.03898303210735321,0.030451818724355675,4.195302972220816e-05,7.816351890563965,0.00150005123578012,0.03907915949821472,1.0,0.05985774205952076,11,1,0.0010121444938704371,3.8669440746307373,38.0,time_40s,6.967819319925184e-05,B1_RR,2,0,40,[1052],,
1.1574476957321167e-05,0.00010319799184799194,3.2493565048526025,0.0014884767588227987,0.03897596150636673,0.001698967699688825,2.3355962639470818e-06,7.61897611618042,0.00150005123578012,0.03907915949821472,1.0,0.05972867576186218,12,1,0.00043788610491901636,3.6958720684051514,40.0,time_40s,7.058140431581705e-05,B1_RR,2,0,40,[462],,
1.297658309340477e-05,9.449571371078491e-05,3.3178455548640353,0.0014870746526867151,0.03898466378450394,0.011348759861929555,1.0555646440479904e-05,7.610079765319824,0.00150005123578012,0.03907915949821472,1.0,0.0404116576530273,13,1,0.002191245788708329,7.427264213562012,74.0,time_40s,7.538170757470652e-05,B1_RR,2,0,40,[1218],,
8.477945812046528e-06,5.540996789932251e-05,3.317677238352269,0.0014915732899680734,0.0390237495303154,-0.021155074252730253,-2.3816155589884147e-05,7.6077117919921875,0.00150005123578012,0.03907915949821472,1.0,0.04891334249938046,14,1,0.0005545823369175196,4.039008140563965,159.0,time_40s,7.790463678247761e-05,B1_RR,2,0,40,[629],,
1.0178890079259872e-05,8.238106966018677e-05,3.243000969546735,0.00148987234570086,0.038996778428554535,0.036061219436475465,3.09764982375782e-05,7.848127841949463,0.00150005123578012,0.03907915949821472,1.0,0.037321762850542686,15,1,0.0004889682168141007,4.251904010772705,332.0,time_40s,8.988084300654009e-05,B1_RR,2,0,40,[168],,
1.4484860002994537e-05,0.00017470493912696838,3.270440632614467,0.0014855663757771254,0.03890445455908775,0.04779498659428888,5.122381480759941e-05,7.879104137420654,0.00150005123578012,0.03907915949821472,1.0,0.04656502185223169,16,1,0.00041969469748437405,3.8092479705810547,87.0,time_40s,8.395968325203285e-05,B1_RR,2,0,40,[924],,
9.660376235842705e-06,7.431209087371826e-05,3.292512250344788,0.0014903908595442772,0.039004847407341,-0.09112669593469049,-9.738428343553096e-05,7.628320217132568,0.00150005123578012,0.03907915949821472,1.0,0.04643158248922118,17,1,0.0016811544774100184,5.98092794418335,183.0,time_40s,7.158911489568709e-05,B1_RR,2,0,40,[1262],,
1.0293908417224884e-05,8.447468280792236e-05,3.566142229940272,0.001489757327362895,0.0389946848154068,0.011402054126395748,1.700308348517865e-05,7.617663860321045,0.00150005123578012,0.03907915949821472,1.0,0.06479102125119812,18,1,0.000980124343186617,5.434080123901367,205.0,time_40s,7.190396536316257e-05,B1_RR,2,0,40,[84],,
1.0300078429281712e-05,8.186325430870056e-05,3.324980002891752,0.0014897511573508382,0.03899729624390602,-0.007575250218794684,-1.1437968169047963e-05,7.619487762451172,0.00150005123578012,0.03907915949821472,1.0,0.06560276398416547,19,1,0.0006151849520392716,4.1490559577941895,71.0,time_40s,7.031824975456402e-05,B1_RR,2,0,40,[842],,
1.0522082448005676e-05,8.234381675720215e-05,3.2824380841093874,0.0014895291533321142,0.03899681568145752,0.03486441188201701,5.183276516618207e-05,7.814911842346191,0.00150005123578012,0.03907915949821472,1.0,0.06459401366664924,20,1,0.000720689189620316,3.7219200134277344,112.0,time_40s,9.030941282617277e-05,B1_RR,2,0,40,[334],,
1.1586234904825687e-05,9.662657976150513e-05,3.347539349288268,0.0014884650008752942,0.03898253291845322,0.019212465008881525,2.6775713195092976e-05,7.8324480056762695,0.00150005123578012,0.03907915949821472,1.0,0.0605519584859767,21,1,0.0010083569213747978,6.411136150360107,597.0,time_40s,8.419319101449219e-05,B1_RR,2,0,40,[714],,
1.075246836990118e-05,8.756667375564575e-05,3.226995377927905,0.0014892987674102187,0.038991592824459076,0.2217258076862606,0.0003189130802638829,7.659103870391846,0.00150005123578012,0.03907915949821472,1.0,0.06249227327030218,22,1,0.0006891983794048429,3.480031967163086,23.0,time_40s,0.00014874958287691697,B1_RR,2,0,40,[378],,
1.0682502761483192e-05,8.218735456466675e-05,3.3552208228059714,0.0014893687330186367,0.038996972143650055,-0.003468998561516545,-2.892909833462909e-06,7.655007839202881,0.00150005123578012,0.03907915949821472,1.0,0.03623272639435492,23,1,0.0009820859413594007,3.8940160274505615,174.0,time_40s,6.799603625040618e-05,B1_RR,2,0,40,[293],,
1.1909054592251778e-05,0.00010794773697853088,3.3506382301351736,0.0014881421811878681,0.03897121176123619,0.047062317786886236,0.00010470541747054085,7.853536128997803,0.00150005123578012,0.03907915949821472,1.0,0.09666429262219418,24,1,0.0009125555516220629,3.5868799686431885,32.0,time_40s,7.39520660317794e-05,B1_RR,2,0,40,[419],,
1.0382616892457008e-05,8.218735456466675e-05,3.453689263088913,0.0014896686188876629,0.038996972143650055,0.005353987279441234,7.4067729656235315e-06,7.704383850097656,0.00150005123578012,0.03907915949821472,1.0,0.0601065684427618,25,1,0.0011975388042628765,3.951263904571533,104.0,time_40s,6.813688378315419e-05,B1_RR,2,0,40,[968],,
1.0375864803791046e-05,7.97659158706665e-05,3.256645298108039,0.0014896753709763288,0.038999393582344055,0.17225313794660596,0.0003844218736048788,7.632575988769531,0.00150005123578012,0.03907915949821472,1.0,0.09696414791094626,26,1,0.0007061852375045419,3.9442241191864014,362.0,time_40s,0.00010317771011614241,B1_RR,2,0,40,[546],,
1.0919058695435524e-05,8.492916822433472e-05,3.19730601752367,0.0014891321770846844,0.03899423032999039,0.09654416847780936,0.00014073794591240585,7.613920211791992,0.00150005123578012,0.03907915949821472,1.0,0.06333669511730822,27,1,0.00042384088737890124,3.861952066421509,70.0,time_40s,7.49636722048308e-05,B1_RR,2,0,40,[504],,
1.3795099221169949e-05,0.00011867284774780273,3.590057043700531,0.00148625613655895,0.03896048665046692,0.29021419960613387,0.0004293513484299183,7.83622407913208,0.00150005123578012,0.03907915949821472,1.0,0.06427830409952746,28,1,0.0020726865623146296,4.296031951904297,2.0,time_40s,0.00020289920394134242,B1_RR,2,0,40,[1],,
1.6944133676588535e-05,0.00015916302800178528,3.7869446106444338,0.0014831071021035314,0.038919996470212936,0.014632317669064742,1.8712929886532947e-05,7.856256008148193,0.00150005123578012,0.03907915949821472,1.0,0.055564691285819,29,1,0.0008952151401899755,4.952223777770996,117.0,time_40s,8.108890551739023e-05,B1_RR,2,0,40,[43],,
2.2112508304417133e-05,0.00018703565001487732,3.642270402543864,0.0014779387274757028,0.038892123848199844,0.392933108461249,0.0006714854389429092,7.661695957183838,0.00150005123578012,0.03907915949821472,1.0,0.07424859024284533,30,1,0.004690622910857201,4.39353609085083,205.0,time_40s,0.00017733249387674732,B1_RR,2,0,40,[1298],,
1.3921991921961308e-05,0.00013934075832366943,3.3284004659909243,0.0014861292438581586,0.03893981873989105,0.09642424221367875,0.00015050472575239837,7.656191825866699,0.00150005123578012,0.03907915949821472,1.0,0.06781630740486176,31,1,0.0007635301444679499,4.660192012786865,639.0,time_40s,9.43541226661182e-05,B1_RR,2,0,40,[758],,
1.3682758435606956e-05,0.00013588368892669678,3.193695009608495,0.001486368477344513,0.038943275809288025,0.011088351653365887,1.0593762453936506e-05,7.819392204284668,0.00150005123578012,0.03907915949821472,1.8756049871444702,0.041510071016122585,0,2,0.0006596536841243505,6.755263805389404,335.5,time_40s,7.319557244045427e-05,B2_RR,2,27300045837,40,"[253, 799]",0.0,0.0
1.0147690773010254e-05,8.674710988998413e-05,3.247934819972844,0.0014899035450071096,0.03899241238832474,0.03682039086046452,3.321974872960709e-05,7.811488151550293,0.00150005123578012,0.03907915949821472,1.7418451309204102,0.039199288595771244,1,2,0.0008289057150250301,7.821119785308838,208.5,time_40s,8.679271377332043e-05,B2_RR,2,48400000500,40,"[1179, 211]",1.452109881938668e-05,1.452109881938668e-05
1.1220108717679977e-05,9.332597255706787e-05,3.244186971084049,0.00148883112706244,0.038985833525657654,0.05596228067595097,9.714876796351746e-05,7.860832214355469,0.00150005123578012,0.03907915949821472,1.9710100889205933,0.07542444592186397,2,2,0.0008548657642677426,6.269536018371582,79.5,time_40s,8.058975913627364e-05,B2_RR,2,21049994125,40,"[1009, 588]",0.0,0.0
1.013721339404583e-05,7.617473602294922e-05,3.2643156706663543,0.001489914022386074,0.03900298476219177,0.003501289400029978,4.818073648493737e-06,7.876448154449463,0.00150005123578012,0.03907915949821472,1.769726276397705,0.05978822522354108,3,2,0.0011744635121431202,6.748256206512451,104.5,time_40s,7.211216052382952e-05,B2_RR,2,10499991413,40,"[672, 882]",0.0007471414282917976,0.0007471414282917976
1.1075171642005444e-05,8.848309516906738e-05,3.37170867333341,0.0014889760641381145,0.038990676403045654,0.0013155292148812048,1.1526767593750264e-06,7.853216171264648,0.00150005123578012,0.03907915949821472,1.9953895807266235,0.038069509056333155,4,2,0.001047330821165815,10.025504112243652,163.5,time_40s,7.38777969218063e-05,B2_RR,2,48349988700,40,"[1093, 126]",-0.012357047758996487,-0.012357047758996487
1.1370750144124031e-05,9.588897228240967e-05,3.348529552457503,0.0014886804856359959,0.03898327052593231,0.036916279045416896,3.799692785833031e-05,7.735136032104492,0.00150005123578012,0.03907915949821472,1.978515386581421,0.04471989763151487,5,2,0.0012109287199564278,10.49120044708252,96.5,time_40s,6.926693345121748e-05,B2_RR,2,4099996450,40,"[1134, 1052]",-2.452892204019008e-06,-2.452892204019008e-06
1.230055931955576e-05,9.879469871520996e-05,3.1867116569520677,0.0014877506764605641,0.03898036479949951,0.007788090766276679,6.445655344577972e-06,7.628159999847412,0.00150005123578012,0.03907915949821472,1.7568739652633667,0.03595889286628207,6,2,0.0013145659468136728,10.1429443359375,57.0,time_40s,7.30675724298635e-05,B2_RR,2,37799996787,40,"[462, 1218]",-0.005893177352845669,-0.005893177352845669
9.41636972129345e-06,7.101893424987793e-05,3.1770734701437524,0.0014906348660588264,0.039008140563964844,0.005057364835314245,3.5808120628644247e-06,7.6244797706604,0.00150005123578012,0.03907915949821472,1.8696327209472656,0.030762914604073134,7,2,0.0005217752768658102,7.159103870391846,245.5,time_40s,8.403618721786188e-05,B2_RR,2,23049998050,40,"[629, 168]",9.59929646882074e-09,9.59929646882074e-09
1.2254458852112293e-05,0.00012708082795143127,3.1942714874097713,0.0014877967769280076,0.03895207867026329,-0.030499221067714116,-2.308025796082802e-05,7.690303802490234,0.00150005123578012,0.03907915949821472,1.9999834299087524,0.032879268530147845,8,2,0.0010504245874471962,8.95468807220459,135.0,time_40s,7.770662477923906e-05,B2_RR,2,16900002712,40,"[924, 1262]",-3.201629851901089e-06,-3.201629851901089e-06
1.0302639566361904e-05,8.324533700942993e-05,3.280516291760965,0.001489748596213758,0.03899591416120529,0.0026226384379429645,2.782563569780905e-06,7.623231887817383,0.00150005123578012,0.03907915949821472,1.9996898174285889,0.046097450794750944,9,2,0.0007976546476129442,8.657024383544922,138.0,time_40s,7.116572783161246e-05,B2_RR,2,37900001250,40,"[84, 842]",-0.00020021510135848075,-0.00020021510135848075
1.1063762940466404e-05,8.965283632278442e-05,3.2000348269259327,0.0014889874728396535,0.03898950666189194,0.038575488186758065,3.9304250094573945e-05,7.621344089508057,0.00150005123578012,0.03907915949821472,1.9917058944702148,0.044268858154963994,10,2,0.0008645230554975569,9.197504043579102,354.5,time_40s,8.742488671487081e-05,B2_RR,2,19000004788,40,"[334, 714]",0.0,0.0
1.073617022484541e-05,8.611753582954407e-05,3.2061972995428976,0.0014893150655552745,0.03899304196238518,0.19216601070208172,0.00015801006520632654,7.648255825042725,0.00150005123578012,0.03907915949821472,1.6034592390060425,0.03572550811771615,11,2,0.0008356421603821218,6.433631896972656,98.5,time_40s,0.00010903073643930838,B2_RR,2,4250001425,40,"[378, 293]",-0.02491926960647106,-0.02491926960647106
1.1103926226496696e-05,9.553506970405579e-05,3.246457963976216,0.0014889473095536232,0.038983624428510666,0.04279318211561556,5.605611659120768e-05,7.605184078216553,0.00150005123578012,0.03907915949821472,1.672721266746521,0.056913941395669354,12,2,0.0010550471779424697,6.631552219390869,68.0,time_40s,7.107716191967484e-05,B2_RR,2,27449999125,40,"[419, 968]",0.0,0.0
1.0576797649264336e-05,8.172914385795593e-05,3.139179233943117,0.0014894744381308556,0.038997430354356766,0.19990824072247287,0.00026257988065481186,7.864319801330566,0.00150005123578012,0.03907915949821472,1.7206916809082031,0.05706909504766182,13,2,0.0005650130624417216,6.18064022064209,216.0,time_40s,8.930913554650033e-05,B2_RR,2,2099997588,40,"[546, 504]",-0.03143075481057167,-0.03143075481057167
1.549534499645233e-05,0.00014025717973709106,3.535003143946429,0.0014845558907836676,0.03893890231847763,0.21238951077823462,0.00022403211914934218,7.854335784912109,0.00150005123578012,0.03907915949821472,1.9088547229766846,0.04582974691248955,14,2,0.0014839508512523025,7.992671966552734,59.5,time_40s,0.0001446723035769537,B2_RR,2,2099996588,40,"[1, 43]",0.1655224859714508,0.1655224859714508
1.8326216377317905e-05,0.00016727298498153687,3.3753855585096497,0.001481725019402802,0.038911886513233185,0.3549393173176973,0.00041099480586126447,7.836319923400879,0.00150005123578012,0.03907915949821472,1.9837946891784668,0.05030978486482789,15,2,0.0027270765276625752,7.515359878540039,422.0,time_40s,0.00013754031351709273,B2_RR,2,26999991287,40,"[1298, 758]",0.001231025205925107,0.001231025205925107
1.210800837725401e-05,0.0001142844557762146,3.1399529417698857,0.0014879432274028659,0.03896487504243851,0.03360913421952762,2.1915937395533547e-05,7.6420159339904785,0.00150005123578012,0.03907915949821472,3.6147894859313965,0.028331721408422033,0,4,0.0007442796995746903,14.312543869018555,272.0,time_40s,8.009520252016955e-05,B4_RR,2,48400000500,40,"[253, 799, 1179, 211]",-0.007000932469964027,-0.0394730418920517
1.089449506253004e-05,8.719414472579956e-05,3.1689043522081,0.0014891567407175899,0.03899196535348892,0.046039546098782316,5.09834208060056e-05,7.641119956970215,0.00150005123578012,0.03907915949821472,3.629570722579956,0.0481136356364556,1,4,0.0010146646382054314,12.155679702758789,92.0,time_40s,7.636949567313422e-05,B4_RR,2,21049994125,40,"[1009, 588, 672, 882]",2.9742504921159707e-05,-0.0014614895917475224
1.1286931112408638e-05,9.386986494064331e-05,3.239169515955158,0.0014887643046677113,0.03898528963327408,0.028123291785836845,1.9578357751015574e-05,7.650688171386719,0.00150005123578012,0.03907915949821472,3.860124111175537,0.030246863314984697,2,4,0.0011291297705611214,18.888160705566406,130.0,time_40s,7.15301639502286e-05,B4_RR,2,50399994575,40,"[1093, 126, 1134, 1052]",0.017548512667417526,-0.012357047758996487
1.0872026905417442e-05,8.571892976760864e-05,3.1222226911040867,0.0014891792088747025,0.03899344056844711,0.009254939714511592,5.012786459701601e-06,7.77180814743042,0.00150005123578012,0.03907915949821472,3.500986337661743,0.02353292153856671,3,4,0.0009181706118397415,15.829407691955566,151.25,time_40s,7.858419758122182e-05,B4_RR,2,52500005712,40,"[462, 1218, 629, 168]",-0.006474749650806189,-0.035199932754039764
1.1298456229269505e-05,0.00010450556874275208,3.159119719149135,0.0014887527795508504,0.03897465392947197,-0.015619926411954463,-1.0148840374313295e-05,7.724703788757324,0.00150005123578012,0.03907915949821472,3.615751266479492,0.028229791777020657,4,4,0.0009240396175300702,15.949952125549316,136.5,time_40s,7.445327491950593e-05,B4_RR,2,58900003462,40,"[924, 1262, 84, 842]",-0.0020571791101247072,-0.009230813011527061
1.0919757187366486e-05,8.843839168548584e-05,3.145487637373343,0.0014891314785927534,0.038990721106529236,0.14868401610122192,9.865712490864098e-05,7.663871765136719,0.00150005123578012,0.03907915949821472,3.545114278793335,0.028829320628227212,5,4,0.0008500826079398394,14.02847957611084,226.5,time_40s,9.83247155090794e-05,B4_RR,2,21050007500,40,"[334, 714, 378, 293]",-0.001306797144934535,-0.06368014961481094
1.0945601388812065e-05,8.98018479347229e-05,3.1206928760633574,0.0014891056343913078,0.03898935765028,0.17177416188097522,0.00015931925736367702,7.7381439208984375,0.00150005123578012,0.03907915949821472,3.393378973007202,0.04029773825617153,6,4,0.0008100301201920956,11.42841625213623,142.0,time_40s,8.023605141715962e-05,B4_RR,2,27449999125,40,"[419, 968, 546, 504]",-0.005262972787022591,-0.03143075481057167
1.7111538909375668e-05,0.0001565888524055481,3.3595002586710976,0.0014829396968707442,0.038922570645809174,0.40529630036926223,0.00031751353526487947,7.858496189117432,0.00150005123578012,0.03907915949821472,3.8095502853393555,0.034037671349998966,7,4,0.002105513689457439,14.382207870483398,240.75,time_40s,0.0001419986474502366,B4_RR,2,64849991250,40,"[1, 43, 1298, 758]",0.028029970824718475,-0.0004207165911793709
1.1606491170823574e-05,9.318441152572632e-05,3.1952518123407114,0.0014884447446092963,0.038985975086688995,0.11960441629779316,0.00012087495997548103,7.802976131439209,0.00150005123578012,0.03907915949821472,3.248049259185791,0.043909588174409035,0,4,0.0014168462075758725,12.579615592956543,73.5,time_40s,0.00011269677179370774,B4_Strat,2,50399989750,40,"[1, 334, 672, 1009]",0.0007586830761283636,0.0
1.2847362086176872e-05,0.0001125037670135498,3.2811095801426173,0.001487203873693943,0.03896665573120117,0.1447283108225476,0.00010158869554288685,7.86195182800293,0.00150005123578012,0.03907915949821472,3.9575016498565674,0.030497351619260173,1,4,0.0009012287337100133,15.620063781738281,193.75,time_40s,9.63939219218446e-05,B4_Strat,2,50450005250,40,"[43, 378, 714, 1052]",0.015970032662153244,-1.9239480841815038e-10
1.1642230674624443e-05,0.00010680779814720154,3.2162645989413723,0.0014884090051054955,0.03897235170006752,0.08042148465746234,6.78848082316108e-05,7.7458882331848145,0.00150005123578012,0.03907915949821472,3.3190085887908936,0.03667505262674773,2,4,0.0009997449087677523,16.799999237060547,248.0,time_40s,7.590561949655239e-05,B4_Strat,2,50449997000,40,"[84, 419, 758, 1093]",0.007169925607740879,-0.0016409129602834582
1.2229662388563156e-05,0.00010655447840690613,3.1208396805300396,0.0014878215733915567,0.038972605019807816,0.021147769472558444,1.4875389751978219e-05,7.725376129150391,0.00150005123578012,0.03907915949821472,3.882542371749878,0.030561454702477685,3,4,0.0008409800939261913,16.237632751464844,127.25,time_40s,7.475508800780517e-05,B4_Strat,2,50399994575,40,"[126, 462, 799, 1134]",-0.0035519979428499937,-0.01321973092854023
1.0735820978879929e-05,8.879601955413818e-05,3.11447566300643,0.00148931541480124,0.038990363478660583,0.06982050382287384,4.744674879475497e-05,7.887807846069336,0.00150005123578012,0.03907915949821472,3.5668771266937256,0.029525259048247973,4,4,0.000687585532432422,13.537280082702637,123.5,time_40s,7.764098654661211e-05,B4_Strat,2,50549998587,40,"[168, 504, 842, 1179]",-5.46359624422621e-05,-0.003988377284258604
1.0771909728646278e-05,8.412078022956848e-05,3.1355784148767727,0.0014892793260514736,0.03899503871798515,0.14493720351132178,0.00011008539149770513,7.654880046844482,0.00150005123578012,0.03907915949821472,2.648857593536377,0.033000464298628754,5,4,0.0009989168102038093,15.994336128234863,247.25,time_40s,8.715110561752226e-05,B4_Strat,2,50350007625,40,"[211, 546, 882, 1218]",-0.004869965370744467,-0.0473669059574604
1.2454809620976448e-05,0.00012353062629699707,3.1324820451043673,0.0014875964261591434,0.038955628871917725,0.049503737927482916,3.702958201756701e-05,7.85203218460083,0.00150005123578012,0.03907915949821472,2.459653377532959,0.03249982732373912,6,4,0.0007944009703351185,14.095711708068848,217.25,time_40s,7.820466043995111e-05,B4_Strat,2,50450001962,40,"[253, 588, 924, 1262]",0.000632209877949208,-7.651558007637504e-06
1.3090437278151512e-05,0.00010450556874275208,3.2597950236263764,0.0014869607985019684,0.03897465392947197,0.24995112687264376,0.0001630457118153572,7.645279884338379,0.00150005123578012,0.03907915949821472,3.234983205795288,0.028341610069361166,7,4,0.0018562074983492494,12.42512035369873,160.5,time_40s,9.886020916383131e-05,B4_Strat,2,50249996712,40,"[293, 629, 968, 1298]",0.0006298329099081457,-0.0003607412218116224
1.4516524970531464e-05,0.00012314319610595703,3.2392829021667318,0.0014855347108095884,0.038956016302108765,0.5201510077655476,0.00036268180701881647,7.7360639572143555,0.00150005123578012,0.03907915949821472,3.45172119140625,0.03029469351405441,0,4,0.0019853690173476934,13.205408096313477,140.5,time_40s,0.0001580618591106031,B4_Match,2,64849991250,40,"[1298, 1, 378, 168]",-0.007374722510576248,-0.04662352800369263
1.2535485439002514e-05,0.00012078136205673218,3.102903483013722,0.0014875157503411174,0.03895837813615799,0.22448315670746272,0.00018172222189605236,7.818143844604492,0.00150005123578012,0.03907915949821472,3.1228110790252686,0.03517179344211004,1,4,0.0005783127417089418,12.198399543762207,289.5,time_40s,8.938529299484799e-05,B4_Match,2,20999993413,40,"[546, 504, 758, 924]",-0.0052912794053554535,-0.03143075481057167
1.0867486707866192e-05,9.415671229362488e-05,3.126627509986569,0.0014891837490722537,0.0389850027859211,0.10471862587690206,9.66821753536351e-05,7.839839935302734,0.00150005123578012,0.03907915949821472,3.0984089374542236,0.04011369936115278,2,4,0.0006476461785496213,11.509119987487793,142.75,time_40s,8.717314267414622e-05,B4_Match,2,18850001000,40,"[588, 419, 211, 334]",0.004717318806797266,-0.003170545445755124
1.1364812962710857e-05,9.597092866897583e-05,3.211404809789782,0.001488686422817409,0.038983188569545746,0.04410905350962739,3.3068397897295654e-05,7.655712127685547,0.00150005123578012,0.03907915949821472,3.9349710941314697,0.032572841979209954,3,4,0.001163140608696267,19.079072952270508,202.75,time_40s,7.445367577929574e-05,B4_Match,2,23249993087,40,"[1052, 1134, 714, 1179]",0.020328061655163765,-9.582925849827006e-05
1.3556797057390213e-05,0.000118255615234375,3.2522157649641,0.0014864944387227297,0.03896090388298035,0.024057350320218295,1.6599977243458852e-05,7.661503791809082,0.00150005123578012,0.03907915949821472,3.5636606216430664,0.029979883220869457,4,4,0.0012077536375727504,18.562591552734375,124.75,time_40s,7.577025758109812e-05,B4_Match,2,58750005662,40,"[43, 799, 1218, 84]",0.026084324344992638,-0.009546829387545586
1.117936335504055e-05,8.967146277427673e-05,3.1408729829794355,0.0014888718724250793,0.038989488035440445,0.007614904125350865,5.27883275935892e-06,7.6341118812561035,0.00150005123578012,0.03907915949821472,3.8843936920166016,0.030119218559898995,5,4,0.0007625224534422159,12.898367881774902,128.0,time_40s,7.357473214142374e-05,B4_Match,2,42099992250,40,"[882, 968, 126, 462]",-0.0006692404858767986,-0.0025708843022584915
1.145887654274702e-05,0.0001000426709651947,3.2228250237724865,0.0014885923592373729,0.03897911682724953,0.0006981354482884382,6.738298452546587e-07,8.126015663146973,0.00150005123578012,0.03907915949821472,2.8916032314300537,0.041935399935610025,6,4,0.0011929141910513863,14.961888313293457,216.0,time_40s,7.11793336449773e-05,B4_Match,2,41999995500,40,"[253, 672, 1009, 1093]",0.0008190678781829774,-0.0010211715707555413
9.82196070253849e-06,7.478147745132446e-05,3.1630431317547067,0.0014902292750775814,0.0390043780207634,-0.05833147423675406,-3.388282857486047e-05,7.665823936462402,0.00150005123578012,0.03907915949821472,3.374723196029663,0.025237535474005625,7,4,0.0009582519269315526,14.396032333374023,146.75,time_40s,7.200005507002061e-05,B4_Match,2,48450004337,40,"[293, 842, 629, 1262]",0.0009222339140251279,-0.0003607412218116224
1.2353179045021534e-05,0.0001175999641418457,3.140344898055343,0.0014876980567350984,0.038961559534072876,0.07865295204702333,5.382630479289219e-05,7.8405442237854,0.00150005123578012,0.03907915949821472,3.512606143951416,0.02973375614675388,0,4,0.0006905571281095035,15.605567932128906,550.0,time_40s,8.765478969507967e-05,B4_Novel,2,27350005338,40,"[758, 714, 253, 211]",0.02595962956547737,-0.0394730418920517
1.0877498425543308e-05,8.580833673477173e-05,3.143290122262095,0.0014891737373545766,0.03899335116147995,0.1383751831038463,0.00010884767107199878,7.756159782409668,0.00150005123578012,0.03907915949821472,2.7292733192443848,0.03417678207582773,1,4,0.0007317924610106274,14.73862361907959,277.5,time_40s,8.776622780715115e-05,B4_Novel,2,23100004925,40,"[546, 168, 126, 84]",0.0320592001080513,-0.0007340462179854512
1.2940727174282074e-05,0.00010281801223754883,3.261371779725076,0.0014871105086058378,0.03897634148597717,0.23824159469548353,0.00013684839359484613,7.653471946716309,0.00150005123578012,0.03907915949821472,2.9720330238342285,0.024956998499348612,2,4,0.001977111416636035,14.771903991699219,180.25,time_40s,9.972547604775173e-05,B4_Novel,2,50249996712,40,"[1298, 1262, 293, 629]",-0.033641621470451355,-0.20933163166046143
1.2629549019038677e-05,0.00010795146226882935,3.2674871398081895,0.0014874216867610812,0.03897120803594589,0.01698042141827286,1.555747803649865e-05,7.864416122436523,0.00150005123578012,0.03907915949821472,2.8975601196289062,0.039807139317412595,3,4,0.0010388889641035348,16.429471969604492,139.25,time_40s,7.417835240630666e-05,B4_Novel,2,54550001700,40,"[882, 1134, 1009, 43]",0.010886264964938164,-0.0008328868425451219
1.1073658242821693e-05,9.50545072555542e-05,3.1813287645261723,0.0014889775775372982,0.03898410499095917,0.027904853542050634,1.9672064809128642e-05,7.674304008483887,0.00150005123578012,0.03907915949821472,3.931457757949829,0.030629537251458668,4,4,0.0010063567169709131,14.822303771972656,108.75,time_40s,7.386418110399973e-05,B4_Novel,2,37949995163,40,"[1093, 334, 968, 799]",-0.004099374171346426,-0.024407776072621346
1.2218719348311424e-05,0.00010858476161956787,3.1080540522033817,0.0014878325164318085,0.038970574736595154,0.07517175316506342,4.776987771037966e-05,7.877984046936035,0.00150005123578012,0.03907915949821472,3.496079206466675,0.027610208548153624,5,4,0.000912491581402719,15.299967765808105,75.5,time_40s,7.616440802848956e-05,B4_Novel,2,35699999500,40,"[924, 1218, 842, 504]",0.004460574593394995,-0.005684433039277792
1.1447467841207981e-05,9.831041097640991e-05,3.188017259145606,0.001488603767938912,0.03898084908723831,0.04006150900367705,3.7557878385996446e-05,7.844927787780762,0.00150005123578012,0.03907915949821472,3.3131613731384277,0.04073277366063739,6,4,0.001012185079162009,11.462688446044922,40.5,time_40s,7.198536718533433e-05,B4_Novel,2,31650005000,40,"[672, 462, 1052, 419]",0.0047744037583470345,-0.00037750875344499946
1.1887983419001102e-05,0.00010281801223754883,3.1686473204141765,0.0014881632523611188,0.03897634148597717,0.2825718186199085,0.000242748879827559,7.66048002243042,0.00150005123578012,0.03907915949821472,3.303917646408081,0.03732489754934393,7,4,0.0011265274079050869,13.3056001663208,19.25,time_40s,0.00013027952991251368,B4_Novel,2,58899995125,40,"[588, 378, 1179, 1]",-1.224924017151352e-05,-3.524500425555743e-05
4.0681916289031506e-06,5.920231342315674e-05,3.271790810811092,0.000946977932471782,0.03291374817490578,-0.003320735745751562,-1.1917836673092097e-05,8.27184009552002,0.0009510461241006851,0.032972950488328934,1.0,0.04820853036098667,0,1,0.0009007581393234432,4.025792121887207,165.0,time_100s,4.3675582674040925e-05,B1_RR,0,0,100,[294],,
4.135654307901859e-06,5.458667874336243e-05,3.390561169737323,0.0009469104697927833,0.03291836380958557,0.0004987709855602716,2.547385292928084e-06,8.038399696350098,0.0009510461241006851,0.032972950488328934,1.0,0.06860475776606732,1,1,0.0006892086239531636,3.879136085510254,177.0,time_100s,4.598432656166551e-05,B1_RR,0,0,100,[1009],,
4.688336048275232e-06,6.953254342079163e-05,3.1903193672158867,0.0009463577880524099,0.03290341794490814,-0.0040259704519962376,-2.087835491693113e-05,8.053567886352539,0.0009510461241006851,0.032972950488328934,1.0,0.06966048162732265,2,1,0.0004056330944877118,3.8098559379577637,21.0,time_100s,5.2281528269304545e-05,B1_RR,0,0,100,[591],,
4.628731403499842e-06,5.821511149406433e-05,3.3483163504641116,0.0009464173926971853,0.03291473537683487,0.0009334776577375228,4.029629053547978e-06,8.216416358947754,0.0009510461241006851,0.032972950488328934,1.0,0.057985835777052255,3,1,0.0005554340314120054,4.310463905334473,62.0,time_100s,5.32318650812158e-05,B1_RR,0,0,100,[799],,
5.2595860324800014e-06,7.359310984611511e-05,3.539273177193688,0.0009457865380682051,0.03289935737848282,-0.0036480998209080604,-1.9998897187178954e-05,8.098688125610352,0.0009510461241006851,0.032972950488328934,1.0,0.0736376829079665,4,1,0.0017513908678665757,4.546304225921631,100.0,time_100s,5.465923140945961e-05,B1_RR,0,0,100,[674],,
3.0322116799652576e-06,6.899237632751465e-05,3.2817386791164256,0.0009480139124207199,0.03290395811200142,0.0018923556496859184,1.2382090062601492e-05,8.079680442810059,0.0009510461241006851,0.032972950488328934,1.0,0.0878925323279372,5,1,0.0012473984388634562,6.764319896697998,201.0,time_100s,7.340929460042389e-05,B1_RR,0,0,100,[1261],,
4.031462594866753e-06,5.5052340030670166e-05,3.1428162207803423,0.0009470146615058184,0.032917898148298264,0.0012682428259051873,8.675116987433285e-06,8.096672058105469,0.0009510461241006851,0.032972950488328934,1.0,0.0918826909398119,6,1,0.0005369765567593277,4.210207939147949,385.0,time_100s,4.909828066956834e-05,B1_RR,0,0,100,[546],,
3.559631295502186e-06,5.340576171875e-05,3.62546951797567,0.0009474864928051829,0.032919544726610184,-0.001369015205572951,-5.244387921266025e-06,8.058431625366211,0.0009510461241006851,0.032972950488328934,1.0,0.05145733812965041,7,1,0.0009802031563594937,7.12883186340332,138.0,time_100s,4.4096182591601973e-05,B1_RR,0,0,100,[1093],,
4.816683940589428e-06,7.509440183639526e-05,3.180813045256936,0.0009462294401600957,0.03289785608649254,-0.0013157019224565285,-6.95106746206875e-06,8.05958366394043,0.0009510461241006851,0.032972950488328934,1.0,0.07096672670700281,8,1,0.00028078359900973737,3.9932479858398438,39.0,time_100s,5.087366810130334e-05,B1_RR,0,0,100,[462],,
5.710171535611153e-06,8.719787001609802e-05,3.2457257060202043,0.000945335952565074,0.032885752618312836,0.0011873001584932735,7.0718724600737914e-06,8.258048057556152,0.0009510461241006851,0.032972950488328934,1.0,0.08000823203961074,9,1,0.0004786731442436576,3.5886080265045166,28.0,time_100s,5.4339426696969895e-05,B1_RR,0,0,100,[504],,
4.146131686866283e-06,5.533546209335327e-05,3.402284059549513,0.0009468999924138188,0.03291761502623558,0.09473192399600093,0.0004244860028848052,8.272416114807129,0.0009510461241006851,0.032972950488328934,1.0,0.06019047856338558,10,1,0.0016549171414226294,4.546207904815674,3.0,time_100s,0.00016603882613708265,B1_RR,0,0,100,[1],,
3.6523560993373394e-06,5.294010043144226e-05,3.398211751563177,0.0009473937680013478,0.03292001038789749,-0.0007559322883171613,-3.6645556065195706e-06,8.226688385009766,0.0009510461241006851,0.032972950488328934,1.0,0.06511772213323351,11,1,0.001084732124581933,5.212736129760742,43.0,time_100s,5.308595393671567e-05,B1_RR,0,0,100,[1179],,
2.400018274784088e-06,3.0484050512313843e-05,3.204797701749169,0.000948646105825901,0.03294246643781662,-0.014405416156479025,-5.403885734267533e-05,8.054464340209961,0.0009510461241006851,0.032972950488328934,1.0,0.05038962520302445,12,1,0.00048435089411213994,3.952672004699707,175.0,time_100s,4.1838551851469674e-05,B1_RR,0,0,100,[631],,
3.6843703128397465e-06,5.1606446504592896e-05,3.176101790611535,0.0009473617537878454,0.03292134404182434,0.001716005264213681,6.19423281023046e-06,8.060576438903809,0.0009510461241006851,0.032972950488328934,1.0,0.04848748836684991,13,1,0.0003762934939004481,4.2902398109436035,185.0,time_100s,5.256730048586178e-05,B1_RR,0,0,100,[883],,
4.0577142499387264e-06,5.9485435485839844e-05,3.1970694553812233,0.0009469884098507464,0.032913465052843094,0.03620853453811807,0.00014833715977147222,8.237152099609375,0.0009510461241006851,0.032972950488328934,1.0,0.05503003526952119,14,1,0.0005160489236004651,3.479072093963623,131.0,time_100s,0.00011156112236676563,B1_RR,0,0,100,[381],,
5.469890311360359e-06,7.816776633262634e-05,3.1295594890241136,0.0009455762337893248,0.03289478272199631,-0.007498550192511112,-2.031556869042106e-05,8.29088020324707,0.0009510461241006851,0.032972950488328934,1.0,0.0363925477978063,15,1,0.0003242242964915931,4.462240219116211,363.0,time_100s,5.4071165550340083e-05,B1_RR,0,0,100,[167],,
3.1117815524339676e-06,4.565343260765076e-05,3.512874434880862,0.0009479343425482512,0.03292729705572128,-0.0002847279242960355,-1.0941063237623894e-06,8.056063652038574,0.0009510461241006851,0.032972950488328934,1.0,0.051616701263243796,16,1,0.0006324077839963138,4.035264015197754,46.0,time_100s,5.7958620459430676e-05,B1_RR,0,0,100,[1051],,
4.069879651069641e-06,6.068125367164612e-05,3.305379673380467,0.0009469762444496155,0.03291226923465729,0.00483628691339482,7.143741095205769e-05,8.070464134216309,0.0009510461241006851,0.032972950488328934,1.0,0.19841496685080479,17,1,0.0007206460577435791,7.0346879959106445,668.0,time_100s,7.489406539207266e-05,B1_RR,0,0,100,[714],,
4.000088665634394e-06,5.576014518737793e-05,3.1898694869457023,0.0009470460354350507,0.032917190343141556,0.0060321500267062735,2.6552828785497695e-05,8.054752349853516,0.0009510461241006851,0.032972950488328934,1.0,0.05912885111226391,18,1,0.0010199822718277574,8.10092830657959,119.0,time_100s,7.049608427678322e-05,B1_RR,0,0,100,[1219],,
4.851841367781162e-06,7.841363549232483e-05,3.3190434274979332,0.000946194282732904,0.03289453685283661,0.003147072082933941,2.5674093194538727e-05,8.02889633178711,0.0009510461241006851,0.032972950488328934,1.0,0.10958451826650964,19,1,0.0008616946288384497,3.8548479080200195,26.0,time_100s,5.744878478708415e-05,B1_RR,0,0,100,[422],,
4.240369889885187e-06,5.8673322200775146e-05,3.232884153725487,0.0009468057542107999,0.03291427716612816,-0.0011551324829876517,-3.951590315409703e-06,8.275424003601074,0.0009510461241006851,0.032972950488328934,1.0,0.045951627287150514,20,1,0.00046090161777101457,4.878367900848389,185.0,time_100s,5.29381533169726e-05,B1_RR,0,0,100,[126],,
4.418776370584965e-06,6.216391921043396e-05,3.4511318046151866,0.0009466273477301002,0.0329107865691185,-0.0013884728868183579,-4.641245595848886e-06,8.276800155639648,0.0009510461241006851,0.032972950488328934,1.0,0.044901197795506505,21,1,0.0007021265919320285,5.584991931915283,209.0,time_100s,5.3258140724210534e-05,B1_RR,0,0,100,[84],,
4.008004907518625e-06,5.4720789194107056e-05,3.293828662977649,0.0009470381191931665,0.03291822969913483,0.008365429326006295,4.2017629311885685e-05,8.30726432800293,0.0009510461241006851,0.032972950488328934,1.0,0.06746897164763793,22,1,0.000806037918664515,7.423679828643799,77.0,time_100s,6.28022285127372e-05,B1_RR,0,0,100,[1133],,
1.169624738395214e-05,0.00015974417328834534,3.245027680343734,0.000939349876716733,0.03281320631504059,0.18665293365989416,0.0014277007430791855,8.24630355834961,0.0009510461241006851,0.032972950488328934,1.0,0.10274557933701078,23,1,0.002242709044367075,4.405055999755859,30.0,time_100s,0.00014800197459408082,B1_RR,0,0,100,[1299],,
6.401503924280405e-06,0.0001017637550830841,3.268956673776303,0.0009446446201764047,0.03287118673324585,0.0876975353620509,0.0005111023201607168,8.034560203552246,0.0009510461241006851,0.032972950488328934,1.0,0.07828548458489813,24,1,0.0006156493327580392,4.504447937011719,652.0,time_100s,5.988798557154951e-05,B1_RR,0,0,100,[758],,
7.817463483661413e-06,0.00011632964015007019,3.248973408980021,0.0009432286606170237,0.032856620848178864,0.0066737535982506705,2.7523055905476213e-05,8.069503784179688,0.0009510461241006851,0.032972950488328934,1.0,0.05539712983367231,25,1,0.0004652292118407786,4.5489277839660645,522.0,time_100s,8.219735741477052e-05,B1_RR,0,0,100,[209],,
1.0528310667723417e-05,0.00016654282808303833,3.2311206441477456,0.0009405178134329617,0.032806407660245895,-0.000350598518027439,-1.5459436326636933e-06,8.246912002563477,0.0009510461241006851,0.032972950488328934,1.0,0.05923035816116137,26,1,0.00047166593139991164,3.9697279930114746,640.0,time_100s,6.16733279912296e-05,B1_RR,0,0,100,[254],,
3.689667209982872e-06,5.27016818523407e-05,3.2923054884275067,0.0009473564568907022,0.03292024880647659,-0.010339127728713003,-5.73694305785466e-05,8.265472412109375,0.0009510461241006851,0.032972950488328934,1.0,0.07453451307919,27,1,0.00053341721650213,4.251008033752441,107.0,time_100s,4.627561293091276e-05,B1_RR,0,0,100,[839],,
3.60922422260046e-06,5.007162690162659e-05,3.1709550209376003,0.0009474368998780847,0.03292287886142731,-0.005015658271402897,-2.454728019074537e-05,8.050016403198242,0.0009510461241006851,0.032972950488328934,1.0,0.0657409870550358,28,1,0.00044633375364355743,3.7369279861450195,118.0,time_100s,4.518403875408694e-05,B1_RR,0,0,100,[334],,
9.927432984113693e-06,0.00017887726426124573,3.271420073416064,0.0009411186911165714,0.03279407322406769,0.021116047606590572,7.731698860879987e-05,8.052448272705078,0.0009510461241006851,0.032972950488328934,1.0,0.049183913042548294,29,1,0.000520667526870966,4.3671040534973145,70.0,time_100s,9.89289433164231e-05,B1_RR,0,0,100,[924],,
5.938578397035599e-06,8.613243699073792e-05,3.5560785953040317,0.0009451075457036495,0.032886818051338196,-0.0005445890266769918,-1.801585199245892e-06,8.270751953125,0.0009510461241006851,0.032972950488328934,1.0,0.04443720132204942,30,1,0.0005670011159963906,5.2063679695129395,126.0,time_100s,5.779318303211767e-05,B1_RR,0,0,100,[43],,
3.5573611967265606e-06,4.962831735610962e-05,3.4122904914966528,0.0009474887629039586,0.032923322170972824,0.00038707287852900006,4.843803253606893e-06,8.174592018127441,0.0009510461241006851,0.032972950488328934,1.0,0.16809489813839978,31,1,0.0008424746920354664,3.9610559940338135,128.0,time_100s,4.343846239862614e-05,B1_RR,0,0,100,[968],,
4.026165697723627e-06,5.5670738220214844e-05,3.1935516887325957,0.0009470199584029615,0.03291727975010872,-0.001501142560133136,-4.6852151172060985e-06,8.26095962524414,0.0009510461241006851,0.032972950488328934,1.793979287147522,0.04192454690003839,0,2,0.0007949833816383034,6.616511821746826,171.0,time_100s,4.490131254897278e-05,B2_RR,0,35749996787,100,"[294, 1009]",0.0,0.0
4.936940968036652e-06,6.737932562828064e-05,3.162810569011011,0.0009461091831326485,0.03290557116270065,-0.002497027525679421,-8.424332008871716e-06,8.234175682067871,0.0009510461241006851,0.032972950488328934,1.9362778663635254,0.045318228466395785,1,2,0.0004805335629498586,6.9852800369262695,41.5,time_100s,5.298729934111179e-05,B2_RR,0,10400042662,100,"[591, 799]",-7.093940723734704e-08,-7.093940723734704e-08
4.221801646053791e-06,7.281452417373657e-05,3.2410619147614774,0.0009468243224546313,0.0329001359641552,-0.0008899208449561992,-3.8080474951129872e-06,8.24556827545166,0.0009510461241006851,0.032972950488328934,1.9404592514038086,0.057479337887879386,2,2,0.001499394653365016,9.827232360839844,150.5,time_100s,6.426905758871726e-05,B2_RR,0,29349997913,100,"[674, 1261]",0.005235146731138229,0.005235146731138229
3.9201113395392895e-06,5.6102871894836426e-05,3.217661903099263,0.0009471260127611458,0.0329168476164341,0.00043765822069369997,1.7153652152046561e-06,8.273887634277344,0.0009510461241006851,0.032972950488328934,1.5710995197296143,0.052648049799890795,3,2,0.0007585898565594107,9.48739242553711,261.5,time_100s,4.6500356233991624e-05,B2_RR,0,27349992075,100,"[546, 1093]",-0.00031928345561027527,-0.00031928345561027527
5.301670171320438e-06,8.187070488929749e-05,3.125823253170766,0.0009457444539293647,0.032891079783439636,1.504773683446684e-05,6.034315447323024e-08,8.26364803314209,0.0009510461241006851,0.032972950488328934,1.971489667892456,0.05386635662126863,4,2,0.0003797283716266975,6.256896018981934,33.5,time_100s,5.266352673061192e-05,B2_RR,0,2099997287,100,"[462, 504]",0.01485690288245678,0.01485690288245678
3.961438778787851e-06,5.494430661201477e-05,3.2254101632350487,0.0009470846853218973,0.03291800618171692,0.06390376932212521,0.00021041907893959433,8.236255645751953,0.0009510461241006851,0.032972950488328934,1.9877433776855469,0.04423025260474266,5,2,0.0013698246330022812,8.635231971740723,23.0,time_100s,0.00011088914834544994,B2_RR,0,58899995125,100,"[1, 1179]",-0.004710390232503414,-0.004710390232503414
3.066728822886944e-06,4.148110747337341e-05,3.099815137723084,0.0009479793952777982,0.03293146938085556,-0.009190358614450672,-2.392233545833733e-05,8.244352340698242,0.0009510461241006851,0.032972950488328934,1.9970464706420898,0.03496486838847786,6,2,0.000430322194006294,7.025599956512451,180.0,time_100s,4.723063193523558e-05,B2_RR,0,12599996550,100,"[631, 883]",4.188866569165839e-07,4.188866569165839e-07
4.765926860272884e-06,6.866827607154846e-05,3.0814545785627367,0.0009462801972404122,0.032904282212257385,0.026085461681390695,6.401081191143021e-05,8.257535934448242,0.0009510461241006851,0.032972950488328934,1.7342453002929688,0.03296215430663132,7,2,0.0004201366100460291,6.826911926269531,247.0,time_100s,8.336854580193176e-05,B2_RR,0,10700002213,100,"[381, 167]",-0.0016745537286624312,-0.0016745537286624312
3.591296263039112e-06,5.371496081352234e-05,3.2239768212448667,0.000947454827837646,0.03291923552751541,0.004608388105867854,3.5171622585039586e-05,8.272064208984375,0.0009510461241006851,0.032972950488328934,1.1347335577011108,0.10251894708148311,8,2,0.0006765269208699465,9.626463890075684,357.0,time_100s,6.653115019616962e-05,B2_RR,0,16850001337,100,"[1051, 714]",0.000379826728021726,0.000379826728021726
4.461617209017277e-06,6.790086627006531e-05,3.145438429010966,0.0009465845068916678,0.03290504962205887,0.005634727088576857,2.6113346393685788e-05,8.02889633178711,0.0009510461241006851,0.032972950488328934,1.536797046661377,0.06225158639343279,9,2,0.0009408384503331035,10.358847618103027,72.5,time_100s,6.415052791908238e-05,B2_RR,0,39850001500,100,"[1219, 422]",-0.0003298849333077669,-0.0003298849333077669
4.321569576859474e-06,6.0405582189559937e-05,3.1960690872158546,0.0009467245545238256,0.032912544906139374,-0.0017569940750675524,-4.297366103855893e-06,8.07472038269043,0.0009510461241006851,0.032972950488328934,1.9947865009307861,0.032854346784996685,10,2,0.0005815141048515216,9.647007942199707,197.0,time_100s,5.314700899816671e-05,B2_RR,0,2100008300,100,"[126, 84]",0.04565513879060745,0.04565513879060745
8.018803782761097e-06,0.00010931864380836487,3.148659826291976,0.000943027320317924,0.03286363184452057,0.16068190043549835,0.0007348592625930905,8.034432411193848,0.0009510461241006851,0.032972950488328934,1.727190375328064,0.061432472222405,11,2,0.001524373481515795,10.948479652404785,53.5,time_100s,0.00010717037048380007,B2_RR,0,8300005125,100,"[1133, 1299]",-0.0009317929507233202,-0.0009317929507233202
7.23573612049222e-06,0.00011080130934715271,3.1430649667474677,0.0009438103879801929,0.03286214917898178,0.07555422760396446,0.0002693127316888422,8.037759780883789,0.0009510461241006851,0.032972950488328934,1.8007060289382935,0.04788052402591305,12,2,0.0005404392722994089,8.09772777557373,587.0,time_100s,7.143669427023269e-05,B2_RR,0,27450005925,100,"[758, 209]",-0.0031441908795386553,-0.0031441908795386553
7.342139724642038e-06,0.00011296942830085754,3.1390246347975035,0.0009437039843760431,0.032859981060028076,-0.00831260546671483,-2.9457640266628005e-05,8.025279998779297,0.0009510461241006851,0.032972950488328934,1.9029247760772705,0.0476016016605779,13,2,0.0005025415739510208,7.460639953613281,373.5,time_100s,5.409070388395776e-05,B2_RR,0,29249998537,100,"[254, 839]",0.0,0.0
7.0177484303712845e-06,0.00011908635497093201,3.12607248150307,0.0009440283756703138,0.032853864133358,0.008633454535388633,2.638481237227097e-05,8.048895835876465,0.0009510461241006851,0.032972950488328934,1.8523998260498047,0.041051609001468,14,2,0.0004835006402572617,7.062943935394287,94.0,time_100s,7.26482776371995e-05,B2_RR,0,29499998913,100,"[334, 924]",0.0,0.0
4.8371730372309685e-06,6.93686306476593e-05,3.2915829922284114,0.0009462089510634542,0.032903581857681274,0.00023507573844436125,1.521119429526152e-06,8.037280082702637,0.0009510461241006851,0.032972950488328934,1.1395421028137207,0.08691931290787468,15,2,0.0007047379040159285,8.419008255004883,127.0,time_100s,5.062221180196502e-05,B2_RR,0,46249999375,100,"[43, 968]",-0.0007175431819632649,-0.0007175431819632649
4.565343260765076e-06,6.256997585296631e-05,3.1046950816180168,0.00094648078083992,0.03291038051247597,-0.0028525861741093383,-6.554796527780127e-06,8.232959747314453,0.0009510461241006851,0.032972950488328934,3.7244272232055664,0.030866061841217384,0,4,0.000637758472294081,12.841695785522461,106.25,time_100s,4.900558144527167e-05,B4_RR,0,35749996787,100,"[294, 1009, 591, 799]",-5.4424337577074766e-05,-0.00032718785223551095
4.127970896661282e-06,6.541237235069275e-05,3.1193065981507857,0.0009469181532040238,0.03290753811597824,-0.00035951780961322076,-1.046557372319512e-06,8.088704109191895,0.0009510461241006851,0.032972950488328934,3.509921073913574,0.039102399833280614,1,4,0.0011289922549622133,18.425600051879883,206.0,time_100s,5.539388166653225e-05,B4_RR,0,35750000075,100,"[674, 1261, 546, 1093]",0.003932925872504711,-0.00031928345561027527
4.6638306230306625e-06,6.886199116706848e-05,3.096209204170612,0.0009463822934776545,0.032904088497161865,0.04056404378742662,0.00010523880337132141,8.173343658447266,0.0009510461241006851,0.032972950488328934,3.8221793174743652,0.03484941067708723,2,4,0.0008747765023144893,14.147839546203613,28.25,time_100s,8.198220029953518e-05,B4_RR,0,58899995125,100,"[462, 504, 1, 1179]",0.0016911242855712771,-0.004710390232503414
3.9549777284264565e-06,5.546584725379944e-05,3.0420782386730165,0.0009470911463722587,0.032917484641075134,0.011218520074786404,2.004422276513651e-05,8.29974365234375,0.0009510461241006851,0.032972950488328934,3.7307019233703613,0.02400017625944537,3,4,0.00042522940202616155,12.713600158691406,213.5,time_100s,6.538126353916596e-05,B4_RR,0,35799993588,100,"[631, 883, 381, 167]",-0.0011772923171520233,-0.004783228971064091
4.083616659045219e-06,6.175413727760315e-05,3.094469634206514,0.0009469625074416399,0.03291119635105133,0.006864237736302943,3.064276461373083e-05,8.264639854431152,0.0009510461241006851,0.032972950488328934,1.9321833848953247,0.05996480262985544,4,4,0.000808682685601525,19.069856643676758,214.75,time_100s,6.538494574215292e-05,B4_RR,0,39850001500,100,"[1051, 714, 1219, 422]",-6.759037205483764e-05,-0.0003666111151687801
6.22431980445981e-06,8.564069867134094e-05,3.093416323243006,0.0009448218042962253,0.03288730978965759,0.14165287626156436,0.0003652813902590424,8.030655860900879,0.0009510461241006851,0.032972950488328934,2.6295905113220215,0.034638807295412744,5,4,0.0010529437931836583,19.388256072998047,125.25,time_100s,8.048646054703568e-05,B4_RR,0,60750001712,100,"[126, 84, 1133, 1299]",0.0023453878238797188,-0.017360931262373924
7.3320697993040085e-06,0.00011274963617324829,3.0764398072408077,0.0009437140543013811,0.032860200852155685,0.04558389478073173,0.00011992939107585698,8.239392280578613,0.0009510461241006851,0.032972950488328934,3.652384042739868,0.0353406863052588,6,4,0.0005214904231252149,13.827360153198242,480.25,time_100s,6.283062521106331e-05,B4_RR,0,31500003587,100,"[758, 209, 254, 839]",0.04141508787870407,-0.0031441908795386553
6.006157491356134e-06,9.530410170555115e-05,3.125403017644098,0.000945039966609329,0.03287764638662338,0.0038939544084306125,1.3952961126051378e-05,8.036543846130371,0.0009510461241006851,0.032972950488328934,1.6553596258163452,0.04813226530036155,7,4,0.0005941192721365951,13.870112419128418,110.5,time_100s,6.171995994463941e-05,B4_RR,0,46249999375,100,"[334, 924, 43, 968]",0.0027251485735177994,-0.0007175431819632649
4.373723641037941e-06,5.984678864479065e-05,3.1255972029340335,0.0009466724004596472,0.03291310369968414,0.03817618780190391,9.562175546307117e-05,8.04751968383789,0.0009510461241006851,0.032972950488328934,3.9187002182006836,0.03364534096799229,0,4,0.0011354625967214815,13.674431800842285,99.5,time_100s,7.888929030741565e-05,B4_Strat,0,50399989750,100,"[1, 334, 674, 1009]",0.0007010578992776573,-2.6043438992928714e-05
4.342175088822842e-06,6.387382745742798e-05,3.1396836090868954,0.0009467039490118623,0.032909076660871506,0.013461326075704801,5.421970854513347e-05,8.275168418884277,0.0009510461241006851,0.032972950488328934,1.409085988998413,0.05410409217387638,1,4,0.0006090259703341872,16.221567153930664,242.75,time_100s,7.596108343932428e-05,B4_Strat,0,50400006787,100,"[43, 381, 714, 1051]",-0.007392747327685356,-0.04430283606052399
4.9917143769562244e-06,7.711723446846008e-05,3.1318287571966215,0.0009460544097237289,0.032895833253860474,0.0468860358007291,0.00013172542094253004,8.073535919189453,0.0009510461241006851,0.032972950488328934,2.6958816051483154,0.03773869343149427,2,4,0.0007899184274720028,17.37068748474121,256.25,time_100s,5.37834127953829e-05,B4_Strat,0,50449997000,100,"[84, 422, 758, 1093]",0.00028814951656386256,-0.005244316067546606
4.493689630180597e-06,6.260350346565247e-05,3.0876346581772025,0.0009465524344705045,0.03291034698486328,0.003867028673869281,8.786135367699899e-06,8.05628776550293,0.0009510461241006851,0.032972950488328934,3.6677842140197754,0.030519771497106257,3,4,0.0005257892917143181,17.26723289489746,90.75,time_100s,5.5355082849928294e-05,B4_Strat,0,50349988287,100,"[126, 462, 799, 1133]",-0.004184080753475428,-0.011961005628108978
4.731118679046631e-06,6.930902600288391e-05,3.0683512897539136,0.0009463150054216385,0.03290364146232605,-0.007519528476893789,-1.8565151549410075e-05,8.017279624938965,0.0009510461241006851,0.032972950488328934,3.3522191047668457,0.03316413469385348,4,4,0.0006052616954548284,14.52511978149414,135.25,time_100s,5.2013731647093664e-05,B4_Strat,0,50599997000,100,"[167, 504, 839, 1179]",0.0009706104174256325,-0.004823445342481136
4.948582500219345e-06,7.065385580062866e-05,3.0545316077469926,0.0009460975416004658,0.032902296632528305,0.006999000150692326,1.7236536223208532e-05,8.27676773071289,0.0009510461241006851,0.032972950488328934,3.060659170150757,0.03308070629541703,5,4,0.0005996203835820779,17.044063568115234,302.75,time_100s,6.382519131875597e-05,B4_Strat,0,50500000587,100,"[209, 546, 883, 1219]",0.003949579317122698,-0.0004992590984329581
7.572118192911148e-06,0.0001288577914237976,3.070857494718168,0.000943474005907774,0.032844092696905136,0.006616633687064144,1.6818645235616714e-05,8.234496116638184,0.0009510461241006851,0.032972950488328934,3.37723970413208,0.03414402361316687,6,4,0.0006613412479055114,15.043456077575684,233.0,time_100s,7.220000111374247e-05,B4_Strat,0,50350001325,100,"[254, 591, 924, 1261]",0.0023504924029111862,-0.00021935204858891666
5.477690137922764e-06,7.544085383415222e-05,3.070510708446411,0.0009455684339627624,0.03289750963449478,0.08791862989066221,0.00034165059332735837,8.161055564880371,0.0009510461241006851,0.032972950488328934,2.0726215839385986,0.052198983727094264,7,4,0.0011175731924595311,13.382559776306152,124.5,time_100s,7.019709164524102e-05,B4_Strat,0,50250004162,100,"[294, 631, 968, 1299]",0.00019694677030202,-0.0001280426949961111
6.7319488152861595e-06,9.635090827941895e-05,3.0799701675868056,0.000944314175285399,0.032876599580049515,0.22091998912674635,0.0006279067019931972,8.300224304199219,0.0009510461241006851,0.032972950488328934,3.179199695587158,0.038178677925401,0,4,0.0012573311105370522,14.03219223022461,204.0,time_100s,0.00012358435174064653,B4_Match,0,64899997125,100,"[1299, 1, 758, 381]",-0.00018591521074995399,-0.0015226578107103705
6.681308150291443e-06,0.00010522827506065369,3.078559152191335,0.0009443648159503937,0.03286772221326828,0.019879857075038594,4.3356769310776144e-05,8.299967765808105,0.0009510461241006851,0.032972950488328934,3.799663782119751,0.029295737522613746,1,4,0.0007029792323010042,20.544767379760742,197.0,time_100s,7.945827019284479e-05,B4_Match,0,50500000587,100,"[924, 1133, 209, 1219]",0.004294584505259991,-0.0031388159841299057
3.990659024566412e-06,6.66491687297821e-05,3.0806602731823896,0.0009470554650761187,0.03290630131959915,0.006252579195460493,2.892174234148115e-05,8.07532787322998,0.0009510461241006851,0.032972950488328934,2.146580696105957,0.062133530501931246,2,4,0.0008015081548364833,18.00115203857422,270.0,time_100s,6.475745908574027e-05,B4_Match,0,41950007288,100,"[714, 422, 1261, 883]",0.005068747326731682,-0.00026070643798448145
4.756147973239422e-06,6.585195660591125e-05,3.094574038347573,0.0009462899761274457,0.03290709853172302,0.0021295651785443186,5.58099418412894e-06,8.326175689697266,0.0009510461241006851,0.032972950488328934,3.4890427589416504,0.03520314082980488,3,4,0.0005650730890920386,12.360575675964355,163.0,time_100s,5.080771779830684e-05,B4_Match,0,25249987000,100,"[546, 504, 799, 1009]",-0.03496179357171059,-0.2098619043827057
6.036600098013878e-06,9.067356586456299e-05,3.145441890325954,0.0009450095240026712,0.03288227692246437,2.843488754279089e-05,1.0057814847641566e-07,8.05622386932373,0.0009510461241006851,0.032972950488328934,1.6147570610046387,0.047513049071998666,4,4,0.0006283873808570206,14.09324836730957,235.0,time_100s,5.534305728360778e-05,B4_Match,0,50400006787,100,"[968, 1051, 254, 43]",-0.009297695942223072,-0.04430283606052399
4.03460580855608e-06,5.7931989431381226e-05,3.1330142490764668,0.000947011518292129,0.03291501849889755,-0.002215640351735104,-4.371216164145153e-06,8.284607887268066,0.0009510461241006851,0.032972950488328934,3.6184589862823486,0.02650109369447674,5,4,0.0008069908726611175,19.479232788085938,143.75,time_100s,5.082316170046397e-05,B4_Match,0,54749999712,100,"[1179, 126, 84, 1093]",0.009347911924123764,-0.006009495817124844
4.876055754721165e-06,7.132813334465027e-05,3.096626244198226,0.000946170068345964,0.03290162235498428,-0.005909220036811632,-1.4936459592718165e-05,8.030367851257324,0.0009510461241006851,0.032972950488328934,3.7086620330810547,0.03395301040177156,6,4,0.000834641425171867,12.956543922424316,81.25,time_100s,5.05779294144304e-05,B4_Match,0,19000009537,100,"[462, 294, 674, 591]",0.01841099001467228,-0.00032718785223551095
3.836466930806637e-06,5.344673991203308e-05,3.0452086484879044,0.0009472096571698785,0.0329195037484169,-0.01789040362197612,-3.906772326445207e-05,8.13152027130127,0.0009510461241006851,0.032972950488328934,3.2697784900665283,0.029333152761049468,7,4,0.00044708154018735513,13.40931224822998,190.75,time_100s,4.685571559548407e-05,B4_Match,0,33599999500,100,"[334, 167, 839, 631]",0.0010177986696362495,-0.004823445342481136
7.401104085147381e-06,0.00011453032493591309,3.08332941961683,0.0009436450200155377,0.03285842016339302,0.035277667038054926,0.00015213106235023588,8.053055763244629,0.0009510461241006851,0.032972950488328934,1.6839747428894043,0.05792670439680986,0,4,0.0005682976334355772,16.317567825317383,620.5,time_100s,7.000199775575311e-05,B4_Novel,0,27450005925,100,"[714, 758, 254, 209]",0.038421276956796646,-0.0031441908795386553
4.314468242228031e-06,6.723776459693909e-05,3.0655935040185662,0.0009467316558584571,0.032905712723731995,-0.0003720568127367164,-9.748928277986124e-07,8.244832038879395,0.0009510461241006851,0.032972950488328934,2.781562566757202,0.035197222530282936,1,4,0.0007026814710116014,17.33087921142578,289.5,time_100s,5.75738049519714e-05,B4_Novel,0,58850005000,100,"[546, 167, 84, 1261]",0.015506776981055737,-0.0030580065213143826
3.6216224543750286e-06,4.930421710014343e-05,3.0724276556986108,0.0009474245016463101,0.03292364627122879,-0.006084064624537973,-1.2312357284827158e-05,8.310976028442383,0.0009510461241006851,0.032972950488328934,3.5520660877227783,0.027183675109850064,2,4,0.0005026886574341916,13.543583869934082,180.5,time_100s,4.840407541450986e-05,B4_Novel,0,44149986037,100,"[126, 883, 1009, 631]",0.004310772754251957,-0.00022820025333203375
3.8628350012004375e-06,5.5905431509017944e-05,3.109131610984112,0.0009471832890994847,0.032917045056819916,0.009608943715990997,3.400824061827734e-05,8.07414436340332,0.0009510461241006851,0.032972950488328934,1.6051274538040161,0.04754110755063673,3,4,0.0008098712278297171,15.039008140563965,140.5,time_100s,6.097162770402065e-05,B4_Novel,0,39949999450,100,"[294, 1093, 381, 968]",0.00014165944594424218,-0.016605233773589134
4.3736654333770275e-06,6.240978837013245e-05,3.113838895994232,0.0009466724586673081,0.0329105406999588,-0.006203357358784621,-1.429111034667585e-05,8.088640213012695,0.0009510461241006851,0.032972950488328934,3.587400436401367,0.030945674425593026,4,4,0.0006416835894924589,18.074687957763672,117.5,time_100s,5.4994270840325044e-05,B4_Novel,0,58799998037,100,"[43, 1219, 334, 839]",-0.00023144768783822656,-0.005335009656846523
6.253714673221111e-06,9.595975279808044e-05,3.125127453190753,0.000944792409427464,0.03287699073553085,0.011017587937992132,2.5841443857643753e-05,8.255231857299805,0.0009510461241006851,0.032972950488328934,3.6891353130340576,0.031505837597093654,5,4,0.0009083825862035155,17.48464012145996,77.25,time_100s,6.820529415563215e-05,B4_Novel,0,22949989500,100,"[674, 1133, 924, 799]",0.0025293705984950066,-0.0023647607304155827
5.928101018071175e-06,8.495524525642395e-05,3.0925862162014197,0.0009451180230826139,0.03288799524307251,0.12726264396365544,0.00035400211345404387,8.062080383300781,0.0009510461241006851,0.032972950488328934,3.1261439323425293,0.03736506077984963,6,4,0.0010601581379887648,14.10262393951416,39.5,time_100s,7.849821008676372e-05,B4_Novel,0,41849991662,100,"[1051, 1179, 462, 1299]",-0.0017997034592553973,-0.011358272284269333
5.116802640259266e-06,7.670372724533081e-05,3.09367545083739,0.0009459293214604259,0.0328962467610836,0.03470051863825822,0.0001090885343728587,8.005824089050293,0.0009510461241006851,0.032972950488328934,3.237839698791504,0.04222833138765284,7,4,0.0008502295022481121,12.550592422485352,19.5,time_100s,8.35537830425892e-05,B4_Novel,0,29500000088,100,"[504, 422, 591, 1]",0.02471153438091278,-0.0011141677387058735
6.079208105802536e-06,5.639716982841492e-05,3.832804440475146,0.0010334623511880636,0.033007990568876266,-0.06727710729054315,-0.00013903835497330874,8.335424423217773,0.0010395415592938662,0.03306438773870468,1.0,0.08080474394739416,0,1,0.0008826316916383803,4.320256233215332,118.0,time_100s,-4.1393346776885664e-05,B1_RR,1,0,100,[968],,
5.757203325629234e-06,4.70578670501709e-05,3.764953510420841,0.001033784355968237,0.03301732987165451,-0.042440503876084036,-4.500456270761788e-05,8.132479667663574,0.0010395415592938662,0.03306438773870468,1.0,0.041461552719776,1,1,0.00038052097079344094,4.297632217407227,156.0,time_100s,-4.0741501791785595e-05,B1_RR,1,0,100,[882],,
6.8801455199718475e-06,7.374584674835205e-05,3.6820014284115947,0.0010326614137738943,0.03299064189195633,0.0051504155989646055,9.767613846634049e-06,8.049247741699219,0.0010395415592938662,0.03306438773870468,1.0,0.07415078527153877,2,1,0.0007097214693203568,3.733567953109741,40.0,time_100s,-4.422722004449042e-05,B1_RR,1,0,100,[419],,
6.07944093644619e-06,5.614757537841797e-05,3.7017751230195692,0.00103346211835742,0.03300824016332626,0.03807350930532283,5.956998938927427e-05,8.079423904418945,0.0010395415592938662,0.03306438773870468,1.0,0.061175025892895266,3,1,0.0009527873480692506,7.583327770233154,57.0,time_100s,-3.5387903579930935e-05,B1_RR,1,0,100,[1138],,
5.491077899932861e-06,4.865974187850952e-05,4.151730290186031,0.0010340504813939333,0.03301572799682617,0.025200546240383016,2.997943010996096e-05,8.176287651062012,0.0010395415592938662,0.03306438773870468,1.0,0.04651392260076819,4,1,0.0005978649714961648,4.213503837585449,35.0,time_100s,-4.5068303890616335e-05,B1_RR,1,0,100,[1051],,
6.085261702537537e-06,5.111098289489746e-05,3.729336938547566,0.0010334562975913286,0.033013276755809784,0.003851551803595411,7.14155612513423e-06,8.293984413146973,0.0010395415592938662,0.03306438773870468,1.0,0.07249810545702706,5,1,0.0007300101569853723,3.8767359256744385,146.0,time_100s,-4.2161625060543884e-05,B1_RR,1,0,100,[1009],,
6.266869604587555e-06,5.257129669189453e-05,3.635798178137404,0.0010332746896892786,0.03301181644201279,0.009230669306417185,9.401522220287006e-06,8.305407524108887,0.0010395415592938662,0.03306438773870468,1.0,0.03982305117640611,6,1,0.000532289210241288,5.022143840789795,160.0,time_100s,-3.551025736214797e-05,B1_RR,1,0,100,[126],,
6.6712964326143265e-06,6.718561053276062e-05,3.6446257672898486,0.0010328702628612518,0.03299720212817192,-0.011132502667508835,-2.4476346879964694e-05,8.149727821350098,0.0010395415592938662,0.03306438773870468,1.0,0.08596533086259715,7,1,0.0005339974886737764,3.937824010848999,43.0,time_100s,-4.552659768819467e-05,B1_RR,1,0,100,[592],,
6.813090294599533e-06,7.27623701095581e-05,3.585936198190056,0.0010327284689992666,0.03299162536859512,0.08628691651686111,0.00013076566392555833,8.109087944030762,0.0010395415592938662,0.03306438773870468,1.0,0.059254088388500416,8,1,0.0005076261004433036,4.732704162597656,610.0,time_100s,-3.647446300192314e-05,B1_RR,1,0,100,[757],,
8.99704173207283e-06,9.731948375701904e-05,3.982994162958183,0.0010305445175617933,0.03296706825494766,-0.025413667522278423,-3.0127312129479833e-05,8.249504089355469,0.0010395415592938662,0.03306438773870468,1.0,0.046351371649171275,9,1,0.0005363987875171006,5.1247358322143555,105.0,time_100s,-4.3992493488076434e-05,B1_RR,1,0,100,[43],,
4.312256351113319e-06,3.425776958465576e-05,4.182103123748987,0.0010352293029427528,0.033030129969120026,0.030242182397577307,4.426364102982916e-05,8.288191795349121,0.0010395415592938662,0.03306438773870468,1.0,0.05722733926734126,10,1,0.0011449179146438837,6.955167770385742,151.0,time_100s,-3.4387595789553416e-05,B1_RR,1,0,100,[1093],,
5.7551078498363495e-06,4.725158214569092e-05,3.5466901877664814,0.0010337864514440298,0.03301713615655899,0.09584073013827715,9.993537241825834e-05,8.292799949645996,0.0010395415592938662,0.03306438773870468,1.0,0.04076980827221345,11,1,0.00036567269125953317,3.748703956604004,89.0,time_100s,-2.3545052755480356e-05,B1_RR,1,0,100,[379],,
6.583519279956818e-06,6.154924631118774e-05,3.752870796163822,0.0010329580400139093,0.033002838492393494,-0.028889352338331415,-5.597753988695331e-05,8.164671897888184,0.0010395415592938662,0.03306438773870468,1.0,0.07576097408871817,12,1,0.0006635282770730555,3.7119040489196777,21.0,time_100s,-4.6790405406227364e-05,B1_RR,1,0,100,[504],,
6.870832294225693e-06,6.517395377159119e-05,3.6346221909097958,0.0010326707269996405,0.03299921378493309,-0.002342339195680687,-2.6100315153598785e-06,8.06595230102539,0.0010395415592938662,0.03306438773870468,1.0,0.043567788234361145,13,1,0.0004404228529892862,4.0767998695373535,722.0,time_100s,-4.3584645212035866e-05,B1_RR,1,0,100,[256],,
6.4409105107188225e-06,6.015971302986145e-05,3.770666976741518,0.0010331006487831473,0.03300422802567482,0.004819809146194343,8.629234798718244e-06,8.07744026184082,0.0010395415592938662,0.03306438773870468,1.0,0.07000224885776705,14,1,0.0008483533747494221,7.007711887359619,675.0,time_100s,-1.6609772828246605e-05,B1_RR,1,0,100,[714],,
6.45848922431469e-06,5.698204040527344e-05,3.860872742448923,0.0010330830700695515,0.03300740569829941,-0.0010380483412117019,-3.0690976018377114e-06,8.164992332458496,0.0010395415592938662,0.03306438773870468,1.0,0.11560128684068056,15,1,0.0017604415770620108,4.386559963226318,72.0,time_100s,-4.120502524074254e-05,B1_RR,1,0,100,[673],,
8.488539606332779e-06,8.213520050048828e-05,3.922582196829737,0.0010310530196875334,0.03298225253820419,0.40771757337265996,0.000930311914999038,8.319456100463867,0.0010395415592938662,0.03306438773870468,1.0,0.08921516848021134,16,1,0.002004187786951661,4.620768070220947,7.0,time_100s,0.0001348270750440861,B1_RR,1,0,100,[1],,
5.82914799451828e-06,4.856288433074951e-05,3.5942180167754945,0.0010337124112993479,0.03301582485437393,-0.029658560623624146,-6.20025020907633e-05,8.158207893371582,0.0010395415592938662,0.03306438773870468,1.0,0.0817388819372786,17,1,0.0005830942536704242,4.097536087036133,359.0,time_100s,-3.87758467184085e-05,B1_RR,1,0,100,[546],,
6.200629286468029e-06,5.3569674491882324e-05,3.8539059714664843,0.0010333409300073981,0.0330108180642128,-0.004500175048812485,-1.042805342876818e-05,8.039551734924316,0.0010395415592938662,0.03306438773870468,1.0,0.09060316891638737,18,1,0.0009228951530531049,4.135359764099121,61.0,time_100s,-4.26243164497464e-05,B1_RR,1,0,100,[296],,
9.00274608284235e-06,8.56742262840271e-05,3.647526118257998,0.0010305388132110238,0.032978713512420654,0.15949458312467907,0.0002663416089490056,8.06163215637207,0.0010395415592938662,0.03306438773870468,1.0,0.06529239940708885,19,1,0.0005079075344838202,4.699103832244873,363.0,time_100s,1.536094002574373e-05,B1_RR,1,0,100,[211],,
6.263726390898228e-06,5.799531936645508e-05,3.730653089497302,0.001033277832902968,0.033006392419338226,0.08891348449793199,0.000131440072436817,8.162272453308105,0.0010395415592938662,0.03306438773870468,1.0,0.0578002486586275,20,1,0.0007500658975914121,5.511136054992676,38.0,time_100s,-4.299625589965217e-05,B1_RR,1,0,100,[1179],,
1.5518860891461372e-05,0.00023393332958221436,3.654537703444974,0.0010240226984024048,0.03283045440912247,0.2664373552463214,0.0006343143759295344,8.27244758605957,0.0010395415592938662,0.03306438773870468,1.0,0.09308484666307648,21,1,0.0005503557622432709,4.120863914489746,78.0,time_100s,4.61742230299933e-05,B1_RR,1,0,100,[924],,
7.911701686680317e-06,6.931275129318237e-05,3.6230884456002825,0.0010316298576071858,0.0329950749874115,0.01809744782870311,2.2077154426369816e-05,8.280511856079102,0.0010395415592938662,0.03306438773870468,1.0,0.04769746627912245,22,1,0.001240562996827066,7.626239776611328,99.0,time_100s,-2.064260323209055e-05,B1_RR,1,0,100,[1219],,
5.835900083184242e-06,4.788488149642944e-05,3.6132404317723905,0.001033705659210682,0.03301650285720825,-0.013632131823103397,-1.9970242647104897e-05,8.18569564819336,0.0010395415592938662,0.03306438773870468,1.0,0.05727816710771037,23,1,0.0004560655215755105,3.8618240356445312,233.0,time_100s,-4.0011455610056146e-05,B1_RR,1,0,100,[336],,
5.631474778056145e-06,5.345046520233154e-05,3.938400155785918,0.00103391008451581,0.03301093727350235,0.022585395553459554,2.8772692530765198e-05,8.185343742370605,0.0010395415592938662,0.03306438773870468,1.0,0.04981066630511102,24,1,0.0008351261494681239,5.874783992767334,154.0,time_100s,-2.8817618613175e-05,B1_RR,1,0,100,[84],,
1.7720507457852364e-05,0.0001886896789073944,3.6554704325389835,0.0010218210518360138,0.03287569805979729,0.3394790046956969,0.0005934473592787981,8.053343772888184,0.0010395415592938662,0.03306438773870468,1.0,0.06835004879139427,25,1,0.0034760988783091307,4.666048049926758,60.0,time_100s,9.766431298885436e-05,B1_RR,1,0,100,[1299],,
5.896552465856075e-06,5.235150456428528e-05,3.606625480973169,0.00103364500682801,0.033012036234140396,-0.0005505369435983318,-7.042580705274304e-07,8.172639846801758,0.0010395415592938662,0.03306438773870468,1.0,0.050016685957531774,26,1,0.0002715667069423944,3.9507839679718018,58.0,time_100s,-4.704033443658773e-05,B1_RR,1,0,100,[462],,
7.1928370743989944e-06,7.46995210647583e-05,3.615439963657059,0.0010323487222194672,0.03298968821763992,0.09201482621577635,0.0001177168742287904,8.316927909851074,0.0010395415592938662,0.03306438773870468,1.0,0.05002077991471688,27,1,0.0005451373872347176,4.593760013580322,310.0,time_100s,2.4270486619570875e-05,B1_RR,1,0,100,[168],,
5.334848538041115e-06,5.180388689041138e-05,3.643684419117984,0.001034206710755825,0.03301258385181427,0.00017152422851469796,5.496312951436266e-07,8.405311584472656,0.0010395415592938662,0.03306438773870468,1.0,0.12528974509607782,28,1,0.0011270504910498857,6.311135768890381,145.0,time_100s,-4.393111835554464e-05,B1_RR,1,0,100,[1261],,
6.099464371800423e-06,5.447492003440857e-05,3.667641961193686,0.0010334420949220657,0.03300991281867027,0.0018300589423949844,6.6884590523841325e-06,8.179072380065918,0.0010395415592938662,0.03306438773870468,1.0,0.14289944511501715,29,1,0.00039882108103483915,4.278975963592529,103.0,time_100s,-3.7703118636045474e-05,B1_RR,1,0,100,[839],,
5.915411747992039e-06,4.902854561805725e-05,3.6586706788700867,0.0010336261475458741,0.033015359193086624,-0.03426331019963346,-5.1088238251395524e-05,8.059552192687988,0.0010395415592938662,0.03306438773870468,1.0,0.058299006781738355,30,1,0.0006263284594751894,4.163712024688721,146.0,time_100s,-3.9812017561757784e-05,B1_RR,1,0,100,[632],,
6.7247310653328896e-06,7.052719593048096e-05,3.5606893497962684,0.0010328168282285333,0.0329938605427742,0.032184284898004574,6.682834646198899e-05,8.137920379638672,0.0010395415592938662,0.03306438773870468,1.0,0.08118698227818627,31,1,0.0006645073881372809,4.495232105255127,64.0,time_100s,-2.170451733718437e-05,B1_RR,1,0,100,[799],,
5.932524800300598e-06,5.203858017921448e-05,3.6784214047873824,0.0010336090344935656,0.03301234915852547,-0.07918886958728073,-9.201437933370471e-05,8.237312316894531,0.0010395415592938662,0.03306438773870468,1.4924324750900269,0.04543192147020994,0,2,0.0006315763312159106,7.146495819091797,137.0,time_100s,-4.100690190966816e-05,B2_RR,1,4300002675,100,"[968, 882]",0.0013408161466941237,0.0013408161466941237
6.51506707072258e-06,6.582960486412048e-05,3.5737155033842054,0.0010330264922231436,0.03299855813384056,0.02736655228224853,3.4697557566687465e-05,8.142144203186035,0.0010395415592938662,0.03306438773870468,1.9302960634231567,0.04957336109788046,1,2,0.0008312544086948037,9.940095901489258,48.5,time_100s,-3.9758468744821585e-05,B2_RR,1,35950002325,100,"[419, 1138]",-2.3030209206353902e-07,-2.3030209206353902e-07
5.803536623716354e-06,5.0086528062820435e-05,3.814055553869454,0.0010337380226701498,0.03301430121064186,0.016900762883742544,1.856050585047342e-05,8.169856071472168,0.0010395415592938662,0.03306438773870468,1.7039289474487305,0.042939110850639436,2,2,0.0006639375642407686,6.974431991577148,90.5,time_100s,-4.3557131064630994e-05,B2_RR,1,2100013625,100,"[1051, 1009]",-0.006592241581529379,-0.006592241581529379
6.549176760017872e-06,6.137043237686157e-05,3.5471402230076854,0.0010329923825338483,0.03300301730632782,-0.006221608998500035,-7.537417786807055e-06,8.147295951843262,0.0010395415592938662,0.03306438773870468,1.4102964401245117,0.04736847701528186,3,2,0.0005331433494575322,8.18835163116455,101.5,time_100s,-4.0459878917431524e-05,B2_RR,1,23299990875,100,"[126, 592]",-0.00012012704974040389,-0.00012012704974040389
8.035684004426003e-06,8.729100227355957e-05,3.6511898743526983,0.0010315058752894402,0.03297709673643112,0.052306030926451884,5.031907494412735e-05,8.133376121520996,0.0010395415592938662,0.03306438773870468,1.890418291091919,0.03761407877454594,4,2,0.0005220124439802021,8.75500774383545,357.5,time_100s,-4.011167278861194e-05,B2_RR,1,35700004950,100,"[757, 43]",-4.1010687709786e-05,-4.1010687709786e-05
5.1835086196660995e-06,4.3369829654693604e-05,3.7261530884134397,0.0010343580506742,0.03302101790904999,0.08024464592200682,7.20988682587631e-05,8.165472030639648,0.0010395415592938662,0.03306438773870468,1.8072232007980347,0.035130305783773116,5,2,0.0007552953029517084,9.527071952819824,120.0,time_100s,-2.8686993005067052e-05,B2_RR,1,35699998000,100,"[1093, 379]",-0.0001731708034640178,-0.0001731708034640178
6.7930668592453e-06,6.468966603279114e-05,3.5883918721351327,0.0010327484924346209,0.03299969807267189,-0.026214403984563192,-2.9293816623976454e-05,8.123488426208496,0.0010395415592938662,0.03306438773870468,1.5961999893188477,0.043692361486989094,6,2,0.0005519755650311708,6.777376174926758,371.5,time_100s,-4.515169480612258e-05,B2_RR,1,12400006787,100,"[504, 256]",-0.00026808358961716294,-0.00026808358961716294
6.493646651506424e-06,5.93625009059906e-05,3.6540941086421985,0.0010330479126423597,0.03300502523779869,0.0015924112771582768,2.780050635919906e-06,8.132960319519043,0.0010395415592938662,0.03306438773870468,1.6459301710128784,0.06826011399332445,7,2,0.0013043974759057164,10.077568054199219,373.5,time_100s,-2.8648586777535456e-05,B2_RR,1,2050001700,100,"[714, 673]",0.023119697347283363,0.023119697347283363
7.372582331299782e-06,6.801635026931763e-05,3.6269541878761835,0.0010321689769625664,0.032996371388435364,0.2805854983487452,0.0004341556050349027,8.136735916137695,0.0010395415592938662,0.03306438773870468,1.984871745109558,0.06049921482612125,8,2,0.0012936410203110427,7.789408206939697,183.0,time_100s,5.231808790995274e-05,B2_RR,1,27250000338,100,"[1, 546]",-3.0125926059332286e-11,-3.0125926059332286e-11
7.724040187895298e-06,7.100775837898254e-05,3.6584882129175744,0.0010318175191059709,0.0329933799803257,0.08944156672094691,0.00012795667862519622,8.18553638458252,0.0010395415592938662,0.03306438773870468,1.818006992340088,0.055936219138126894,9,2,0.0007154013437684625,7.482975959777832,212.0,time_100s,-1.2547928733397384e-05,B2_RR,1,4250002463,100,"[296, 211]",0.0036693268921226263,0.0036693268921226263
1.1281110346317291e-05,0.00015171989798545837,3.561652852036703,0.0010282604489475489,0.03291266784071922,0.2430454273539571,0.00038287744973786175,8.182080268859863,0.0010395415592938662,0.03306438773870468,1.579327940940857,0.06159449251021079,10,2,0.0006502108299173415,8.567392349243164,58.0,time_100s,2.2431360093833064e-06,B2_RR,1,12749998962,100,"[1179, 924]",0.294577419757843,0.294577419757843
6.896676495671272e-06,5.893409252166748e-05,3.537284184874147,0.0010326448827981949,0.033005453646183014,0.001105723121530705,1.053490905178478e-06,8.125503540039062,0.0010395415592938662,0.03306438773870468,1.9365382194519043,0.03725237336354478,11,2,0.0008483142592012882,10.800031661987305,166.0,time_100s,-3.0218743745535903e-05,B2_RR,1,44149996787,100,"[1219, 336]",-0.0008930268813855946,-0.0008930268813855946
1.1889496818184853e-05,0.00012376904487609863,3.6456266742996957,0.0010276520624756813,0.03294061869382858,0.28520026553962513,0.0003111097030341625,8.34943962097168,0.0010395415592938662,0.03306438773870468,1.8279935121536255,0.04265138891401868,12,2,0.0021556125138886273,9.340928077697754,107.0,time_100s,3.227516322112933e-05,B2_RR,1,60750001712,100,"[84, 1299]",0.018171129748225212,0.018171129748225212
6.606802344322205e-06,6.436929106712341e-05,3.5350592434033605,0.001032934756949544,0.03300001844763756,0.06467547204517896,5.8505815104581416e-05,8.376895904541016,0.0010395415592938662,0.03306438773870468,2.0,0.035369504411568525,13,2,0.000408352047088556,7.051551818847656,184.0,time_100s,-1.1071738214241122e-05,B2_RR,1,14700008925,100,"[462, 168]",5.189035800867714e-05,5.189035800867714e-05
5.785259418189526e-06,5.459040403366089e-05,3.5651920538311135,0.0010337562998756766,0.03300979733467102,0.0014891335338770694,3.619330527726561e-06,8.374496459960938,0.0010395415592938662,0.03306438773870468,1.9663796424865723,0.09503074846383103,14,2,0.0007629357860423625,9.382111549377441,124.0,time_100s,-4.0797509001322396e-05,B2_RR,1,21100002788,100,"[1261, 839]",0.00017061196558643132,0.00017061196558643132
6.449641659855843e-06,6.233900785446167e-05,3.4942155762485094,0.0010330919176340103,0.03300204873085022,0.00616051622890425,7.868987268011551e-06,8.355008125305176,0.0010395415592938662,0.03306438773870468,1.814765214920044,0.04994261566744541,15,2,0.0006454179238062352,7.272672176361084,105.0,time_100s,-3.0541861534061354e-05,B2_RR,1,8350049162,100,"[632, 799]",-0.001330666826106608,-0.001330666826106608
6.2371836975216866e-06,5.9276819229125977e-05,3.5549726194092273,0.0010333043755963445,0.033005110919475555,-0.03401284795303792,-2.86738395516295e-05,8.098079681396484,0.0010395415592938662,0.03306438773870468,3.4049386978149414,0.032961912378305404,0,4,0.0007314153699553572,16.00284767150879,92.75,time_100s,-4.0382878708555836e-05,B4_RR,1,35950002325,100,"[968, 882, 419, 1138]",-0.0035235367249697447,-0.022573089227080345
6.190501153469086e-06,5.6453049182891846e-05,3.617088647837481,0.001033351058140397,0.03300793468952179,0.006740804803525331,5.511788003786933e-06,8.200127601623535,0.0010395415592938662,0.03306438773870468,3.005648612976074,0.03197056426752737,1,4,0.0005985404568491504,13.647263526916504,96.0,time_100s,-4.19862971909879e-05,B4_RR,1,46249999662,100,"[1051, 1009, 126, 592]",-0.000955447496380657,-0.006592241581529379
6.640562787652016e-06,6.591528654098511e-05,3.6085297321277925,0.0010329009965062141,0.032998472452163696,0.09406798219118888,6.120901525719091e-05,8.102272033691406,0.0010395415592938662,0.03306438773870468,3.6861274242401123,0.0254415233468943,2,4,0.0006386538734659553,16.667200088500977,238.75,time_100s,-3.4349823238244426e-05,B4_RR,1,52499995825,100,"[757, 43, 1093, 379]",-0.007542996667325497,-0.04732929915189743
6.655347533524036e-06,6.23948872089386e-05,3.5271080889085153,0.0010328862117603421,0.03300199285149574,-0.012791270732262055,-1.3256894817459397e-05,8.20406436920166,0.0010395415592938662,0.03306438773870468,2.804621934890747,0.04052263399126954,3,4,0.0009281865204684436,15.530271530151367,372.5,time_100s,-3.6827943773687366e-05,B4_RR,1,22900006075,100,"[504, 256, 714, 673]",0.0038197000976651907,-0.00026808358961716294
7.52799678593874e-06,6.961822509765625e-05,3.573171667800987,0.0010320135625079274,0.032994769513607025,0.26672522372432356,0.0002810562145896256,8.312512397766113,0.0010395415592938662,0.03306438773870468,3.7979180812835693,0.04120013623135156,4,4,0.0010045211820397526,13.537216186523438,197.5,time_100s,2.0720596126011515e-05,B4_RR,1,27250000338,100,"[1, 546, 296, 211]",0.0006509549566544592,-3.0125926059332286e-11
9.211013093590736e-06,0.00010726228356361389,3.4857495775225287,0.0010303305462002754,0.03295712545514107,0.20905943841513064,0.000191965838894248,8.1746244430542,0.0010395415592938662,0.03306438773870468,2.8766982555389404,0.035902419668455005,5,4,0.0007492625445593148,17.618080139160156,112.0,time_100s,-1.387013155351724e-05,B4_RR,1,44149996787,100,"[1179, 924, 1219, 336]",0.04592093452811241,-0.017371827736496925
9.302515536546707e-06,9.480863809585571e-05,3.5222451583932823,0.0010302390437573195,0.032969579100608826,0.25539050485068815,0.00018480769358575344,8.197728157043457,0.0010395415592938662,0.03306438773870468,3.63779354095459,0.028293381003826477,6,4,0.0012819822804885916,15.154335975646973,145.5,time_100s,8.859516185566463e-06,B4_RR,1,60750001712,100,"[84, 1299, 462, 168]",0.016708895564079285,-0.005008433945477009
6.1497557908296585e-06,5.90495765209198e-05,3.4775755071086345,0.0010333918035030365,0.03300533816218376,0.003997818802652416,5.74409432374523e-06,8.234272003173828,0.0010395415592938662,0.03306438773870468,2.936248779296875,0.05617822382413693,7,4,0.0007041768549242988,15.816831588745117,114.5,time_100s,-3.566067280758034e-05,B4_RR,1,31450006825,100,"[1261, 839, 632, 799]",0.032681576907634735,-0.001330666826106608
6.77863135933876e-06,6.0889869928359985e-05,3.541428120499537,0.0010327629279345274,0.03300349786877632,0.20629447540255488,0.00022860383614897728,8.311200141906738,0.0010395415592938662,0.03306438773870468,3.1803009510040283,0.043327682851047926,0,4,0.0012376762606436387,13.264032363891602,114.5,time_100s,5.701157306248206e-06,B4_Strat,1,50399989750,100,"[1, 336, 673, 1009]",0.0024823080748319626,-0.0020293290726840496
6.7783985286951065e-06,6.537884473800659e-05,3.6715371081939687,0.001032763160765171,0.032999008893966675,0.04088794310759819,2.7103886168333702e-05,8.10153579711914,0.0010395415592938662,0.03306438773870468,3.2776007652282715,0.025918260377222054,1,4,0.0005870724562555552,16.402111053466797,226.0,time_100s,-3.2016489825537064e-05,B4_Strat,1,50400006787,100,"[43, 379, 714, 1051]",-0.004575937055051327,-0.025475287809967995
6.070360541343689e-06,6.167963147163391e-05,3.5841732576048684,0.0010334711987525225,0.03300270810723305,0.06875043649148965,5.339295603334904e-05,8.308287620544434,0.0010395415592938662,0.03306438773870468,3.66776704788208,0.03036533336349687,2,4,0.000799347908468917,17.5512638092041,238.75,time_100s,-3.5789244265060915e-05,B4_Strat,1,50449997000,100,"[84, 419, 757, 1093]",-0.0005925429868511856,-0.007542687933892012
6.318208761513233e-06,5.968660116195679e-05,3.458255331748889,0.001033223350532353,0.033004701137542725,0.04389797173748933,3.377384564373642e-05,8.167072296142578,0.0010395415592938662,0.03306438773870468,3.140317916870117,0.03008192382082984,3,4,0.0006052876633475535,17.165664672851562,84.75,time_100s,-3.479373185655277e-05,B4_Strat,1,50599995450,100,"[126, 462, 799, 1138]",-0.0002291919954586774,-0.019224366173148155
6.593763828277588e-06,6.300956010818481e-05,3.509754294769365,0.0010329477954655886,0.0330013781785965,0.04364467776280856,4.9966842198045924e-05,8.331647872924805,0.0010395415592938662,0.03306438773870468,2.1914477348327637,0.0447631004755077,4,4,0.0005893881607335061,14.284640312194824,118.0,time_100s,-2.560332026746437e-05,B4_Strat,1,50549998587,100,"[168, 504, 839, 1179]",0.0008176447590813041,-0.002195610897615552
7.232418283820152e-06,6.384402513504028e-05,3.5382989101630455,0.001032309141010046,0.03300054371356964,0.05775864592149931,4.5352866436587647e-05,8.35103988647461,0.0010395415592938662,0.03306438773870468,3.144806146621704,0.030701336749430305,5,4,0.0006780214389436878,17.18819236755371,244.25,time_100s,-2.0453919319152192e-05,B4_Strat,1,50400000000,100,"[211, 546, 882, 1219]",0.003223306965082884,-0.009553901851177216
9.01869498193264e-06,0.0001113303005695343,3.4955166337184536,0.0010305228643119335,0.03295305743813515,0.12942535446896256,0.00015194498701021075,8.272928237915039,0.0010395415592938662,0.03306438773870468,2.9821574687957764,0.04590252340676199,6,4,0.0006629566487390548,14.867391586303711,247.0,time_100s,-2.1241795963078403e-05,B4_Strat,1,50250004450,100,"[256, 592, 924, 1261]",0.0002354464231757447,-0.00249915081076324
9.18773002922535e-06,8.97720456123352e-05,3.555312522239485,0.0010303538292646408,0.032974615693092346,0.10179124968097139,9.822472202358767e-05,8.096159934997559,0.0010395415592938662,0.03306438773870468,3.627995014190674,0.037729400949625784,7,4,0.0014769885456189513,13.081119537353516,96.25,time_100s,-9.250073219391197e-06,B4_Strat,1,50150000037,100,"[296, 632, 968, 1299]",-0.0004202954878564924,-0.0029087746515870094
1.2388918548822403e-05,0.00014542043209075928,3.5254503909210264,0.0010271526407450438,0.03291896730661392,0.5827843072691823,0.0005645026685670018,8.103775978088379,0.0010395415592938662,0.03306438773870468,3.233262062072754,0.037872824715397546,0,4,0.001599078779690899,13.624095916748047,58.5,time_100s,6.421790669719485e-05,B4_Match,1,64899997125,100,"[1, 1299, 924, 379]",-0.0002189734805142507,-0.0011524423025548458
7.462920621037483e-06,7.461011409759521e-05,3.4773553661205696,0.0010320786386728287,0.032989777624607086,0.20414550417281066,0.00016156591300386935,8.062272071838379,0.0010395415592938662,0.03306438773870468,3.7560675144195557,0.030944214764072858,1,4,0.0005776842299383134,15.486656188964844,330.25,time_100s,-9.11037059836417e-06,B4_Match,1,50549998587,100,"[211, 1179, 757, 168]",0.043486595153808594,-0.001350139849819243
5.811336450278759e-06,5.585700273513794e-05,3.6471398919501077,0.0010337302228435874,0.03300853073596954,0.06036624857548947,5.017429793952033e-05,8.099712371826172,0.0010395415592938662,0.03306438773870468,3.4101901054382324,0.032498002228751204,2,4,0.000840019405586645,19.248096466064453,76.75,time_100s,-3.393441505750161e-05,B4_Match,1,16949956413,100,"[1138, 1093, 799, 1051]",0.015221931040287018,-0.0006946960347704589
6.6248467192053795e-06,6.002932786941528e-05,3.5286244806642797,0.0010329167125746608,0.033004358410835266,0.02525921431434654,1.72204127011355e-05,8.380928039550781,0.0010395415592938662,0.03306438773870468,3.3358192443847656,0.026655894766807412,3,4,0.000864082932821475,22.46393585205078,272.0,time_100s,-2.5143511379610572e-05,B4_Match,1,56749999212,100,"[84, 1219, 126, 714]",0.0031978036276996136,-0.03905973583459854
6.2836334109306335e-06,5.907192826271057e-05,3.519465369269018,0.0010332579258829355,0.03300531581044197,0.004900599625932443,5.723412414226914e-06,8.188063621520996,0.0010395415592938662,0.03306438773870468,2.357043504714966,0.04566414874666683,4,4,0.0005275298535707407,12.559103965759277,86.75,time_100s,-4.2772277637936895e-05,B4_Match,1,29499992912,100,"[419, 1009, 462, 839]",-0.007029595784842968,-0.04220079630613327
6.308546289801598e-06,5.8803707361221313e-05,3.555977000216631,0.0010332330130040646,0.03300558403134346,-0.003068840189208844,-3.889299023285275e-06,8.311264038085938,0.0010395415592938662,0.03306438773870468,3.093061923980713,0.04955261852946563,5,4,0.001062702518538572,15.564160346984863,250.0,time_100s,-4.2681371454023065e-05,B4_Match,1,50250004450,100,"[1261, 673, 256, 296]",0.00237417034804821,-0.00249915081076324
7.118331268429756e-06,7.037818431854248e-05,3.5585027932546445,0.0010324232280254364,0.03299400955438614,-0.035160481919992645,-3.263784674345516e-05,8.311967849731445,0.0010395415592938662,0.03306438773870468,3.246642589569092,0.036294116360186764,6,4,0.0005474975187098607,13.602432250976562,100.5,time_100s,-4.4002737794812674e-05,B4_Match,1,27449998000,100,"[592, 336, 43, 504]",0.03232957422733307,-0.00030141923343762755
5.9480080381035805e-06,5.1312148571014404e-05,3.5496159603827167,0.0010335935512557626,0.03301307559013367,-0.08327554975323714,-7.428065146086738e-05,8.195039749145508,0.0010395415592938662,0.03306438773870468,3.2802250385284424,0.03487608625028202,7,4,0.0006181438438943587,13.121024131774902,194.75,time_100s,-4.00753563667422e-05,B4_Match,1,21099995625,100,"[546, 632, 882, 968]",0.019900934770703316,-2.3472725985129728e-08
7.445807568728924e-06,7.362663745880127e-05,3.496233286967164,0.0010320957517251372,0.03299076110124588,0.12833061577120936,0.00010078160266857594,8.2259521484375,0.0010395415592938662,0.03306438773870468,3.649049758911133,0.03070580798055066,0,4,0.000576077465666458,16.436479568481445,592.5,time_100s,-1.9491579593022834e-05,B4_Novel,1,27300006913,100,"[256, 714, 757, 211]",0.011011320166289806,-1.4131374292958299e-08
6.331596523523331e-06,5.6702643632888794e-05,3.485121517880594,0.0010332099627703428,0.03300768509507179,0.014750180450489434,1.129040992964292e-05,8.25113582611084,0.0010395415592938662,0.03306438773870468,3.0747103691101074,0.029928291453909055,1,4,0.0005291465931804851,13.99788761138916,265.5,time_100s,-2.2251125770367253e-05,B4_Novel,1,20999996625,100,"[546, 168, 336, 126]",0.011347430758178234,-0.00020945891446899623
5.570938810706139e-06,4.8998743295669556e-05,3.6413990334946615,0.00103397062048316,0.03301538899540901,-0.008669350867626152,-5.76894854020793e-06,8.222687721252441,0.0010395415592938662,0.03306438773870468,3.7669730186462402,0.02601834285847297,2,4,0.0007467233735951595,17.67068862915039,151.75,time_100s,-3.5743677145205766e-05,B4_Novel,1,50449997000,100,"[882, 84, 1093, 632]",-0.0012883434537798166,-0.007542687933892012
6.720423698425293e-06,6.61611557006836e-05,3.5710422668643034,0.0010328211355954409,0.032998226583004,-0.03608095365691192,-4.036589234601706e-05,8.212384223937988,0.0010395415592938662,0.03306438773870468,2.7307422161102295,0.04374275147472539,3,4,0.0008190227817976847,16.109439849853516,128.5,time_100s,-4.2782030504895374e-05,B4_Novel,1,60900003825,100,"[1009, 1261, 968, 43]",0.017373746261000633,0.0
9.157694876194e-06,0.00010623782873153687,3.5033126788792583,0.0010303838644176722,0.032958149909973145,0.16511626118195646,0.00019075445015914738,8.215680122375488,0.0010395415592938662,0.03306438773870468,2.1807615756988525,0.04517044612702187,4,4,0.0006388531328411773,16.645984649658203,92.25,time_100s,-8.376955292987986e-06,B4_Novel,1,42000000212,100,"[839, 1219, 379, 924]",-0.0028040416073054075,-0.010549516417086124
9.503215551376343e-06,9.605661034584045e-05,3.5201396562610223,0.0010300383437424898,0.03296833112835884,0.13995931162627168,0.00016169494483619928,8.217503547668457,0.0010395415592938662,0.03306438773870468,3.463742256164551,0.04517146670464744,5,4,0.0017059857491403818,13.615103721618652,64.25,time_100s,-4.61299714515917e-06,B4_Novel,1,50150000037,100,"[673, 799, 296, 1299]",-0.0014727823436260223,-0.01104087382555008
6.455346010625362e-06,6.385892629623413e-05,3.4980566386918355,0.0010330862132832408,0.03300052881240845,0.012473980885637719,1.105363935494097e-05,8.180255889892578,0.0010395415592938662,0.03306438773870468,3.4802114963531494,0.03464732932508717,6,4,0.0006170182532514445,15.75164794921875,49.5,time_100s,-4.3046900543686206e-05,B4_Novel,1,35950002325,100,"[462, 1138, 592, 419]",-0.011025826446712017,-0.04220079630613327
6.782938726246357e-06,6.387755274772644e-05,3.6479618468702517,0.0010327586205676198,0.033000510185956955,0.2887961538956777,0.00025893893325701356,8.274175643920898,0.0010395415592938662,0.03306438773870468,3.2854645252227783,0.03505706039943346,7,4,0.0010039117332780734,14.103520393371582,25.25,time_100s,2.7799095505542937e-06,B4_Novel,1,58899995125,100,"[1179, 1051, 504, 1]",0.009245781227946281,-1.7021465348321385e-09
2.9103830456733704e-08,4.284083843231201e-06,3.270740564636351,0.0010614111088216305,0.03341900184750557,0.0006169715027967763,1.5261139196809381e-06,8.145695686340332,0.0010614402126520872,0.0334232859313488,1.0,0.10879460103234699,0,1,0.00044304554467089474,4.253568172454834,31.0,time_100s,-4.901793226963491e-05,B1_RR,2,0,100,[588],,
-1.398380845785141e-06,-1.841410994529724e-05,3.3544692996629095,0.0010628385934978724,0.0334417000412941,0.0010326061197273005,1.5105765669432003e-06,8.2575044631958,0.0010614402126520872,0.0334232859313488,1.0,0.06434185002644978,1,1,0.001039458205923438,7.44652795791626,155.0,time_100s,-5.2185997049036814e-05,B1_RR,2,0,100,[1134],,
-5.611218512058258e-07,-4.287809133529663e-06,3.373505992628586,0.001062001334503293,0.03342757374048233,0.14861195160304405,0.0003219572827219963,8.362303733825684,0.0010614402126520872,0.0334232859313488,1.0,0.09528620075664682,2,1,0.0006115842843428254,4.496767997741699,639.0,time_100s,-4.801048453373369e-05,B1_RR,2,0,100,[758],,
-1.4778925105929375e-06,-1.714751124382019e-05,3.4364998746877364,0.0010629181051626801,0.03344043344259262,-0.0037135841118930524,-3.7879387946304632e-06,8.413727760314941,0.0010614402126520872,0.0334232859313488,1.0,0.04486370985750586,3,1,0.0005562406731769443,5.926144123077393,205.0,time_100s,-5.1071670498004096e-05,B1_RR,2,0,100,[84],,
-1.2265518307685852e-06,-1.6774982213974e-05,3.3196107202912524,0.0010626667644828558,0.033440060913562775,0.0010323704422580933,1.622038666937442e-06,8.265151977539062,0.0010614402126520872,0.0334232859313488,1.0,0.06910526494834984,4,1,0.0005515366792678833,3.7741758823394775,112.0,time_100s,-5.2686829349113395e-05,B1_RR,2,0,100,[334],,
-2.1506566554307938e-06,-3.385171294212341e-05,3.2987104895674184,0.001063590869307518,0.033457137644290924,-0.03861847388269415,-4.497430199990049e-05,8.192000389099121,0.0010614402126520872,0.0334232859313488,1.0,0.05122179806596281,5,1,0.000497218279633671,4.235904216766357,159.0,time_100s,-4.4547212723955454e-05,B1_RR,2,0,100,[629],,
-1.0479707270860672e-06,-1.0415911674499512e-05,3.5680706704450156,0.0010624881833791733,0.0334337018430233,0.01752747568532057,2.4450502678519115e-05,8.131999969482422,0.0010614402126520872,0.0334232859313488,1.0,0.06135555856471908,6,1,0.001048332080245018,3.9826560020446777,104.0,time_100s,-4.712691281838488e-05,B1_RR,2,0,100,[968],,
-5.721813067793846e-07,-8.262693881988525e-06,3.3128917698918836,0.0010620123939588666,0.03343154862523079,0.006581665321509809,9.309280358138494e-06,8.142304420471191,0.0010614402126520872,0.0334232859313488,1.0,0.06221080346400236,7,1,0.0005788584239780903,4.221248149871826,103.0,time_100s,-4.16002106931046e-05,B1_RR,2,0,100,[799],,
-1.3075768947601318e-06,-2.1159648895263672e-05,3.2667613423027,0.0010627477895468473,0.033444445580244064,0.036120725921993654,7.243822619784623e-05,8.125920295715332,0.0010614402126520872,0.0334232859313488,1.0,0.08820573691394094,8,1,0.0005338393966667354,4.2223358154296875,362.0,time_100s,-4.321411506680306e-05,B1_RR,2,0,100,[546],,
-9.317882359027863e-07,-1.2185424566268921e-05,3.397742338195566,0.00106237200088799,0.03343547135591507,-0.002598987356381915,-3.24991560773924e-06,8.171551704406738,0.0010614402126520872,0.0334232859313488,1.0,0.05499882510201009,9,1,0.0007964973920024931,5.625311851501465,21.0,time_100s,-5.45116654393496e-05,B1_RR,2,0,100,[1179],,
-8.849892765283585e-07,-1.5445053577423096e-05,3.272412081922483,0.0010623252019286156,0.033438730984926224,0.0074905467915905195,6.561099780810764e-06,8.320735931396484,0.0010614402126520872,0.0334232859313488,1.0,0.03852552950583834,10,1,0.0004473877197597176,5.00054407119751,211.0,time_100s,-4.91762590968392e-05,B1_RR,2,0,100,[126],,
8.870847523212433e-07,7.282942533493042e-06,3.612966136354981,0.001060553127899766,0.03341600298881531,-0.021365058171957767,-2.3192886146716774e-05,8.216320037841797,0.0010614402126520872,0.0334232859313488,1.0,0.04774591402445856,11,1,0.0005630120867863297,5.428063869476318,117.0,time_100s,-5.279786023493216e-05,B1_RR,2,0,100,[43],,
-1.2271339073777199e-06,-1.53370201587677e-05,3.1538495841057865,0.001062667346559465,0.03343862295150757,0.09874706891272357,0.00011337873729644343,8.376511573791504,0.0010614402126520872,0.0334232859313488,1.0,0.05050017670518463,12,1,0.00043467237264849246,3.630784034729004,23.0,time_100s,-4.3538911540963454e-05,B1_RR,2,0,100,[378],,
-7.718335837125778e-07,-8.206814527511597e-06,3.2848684244234017,0.0010622120462357998,0.03343149274587631,-0.005404898140661731,-5.916741429246031e-06,8.16425609588623,0.0010614402126520872,0.0334232859313488,1.0,0.04814825720616346,13,1,0.0004776895802933723,4.224095821380615,157.0,time_100s,-5.405354011145391e-05,B1_RR,2,0,100,[882],,
-1.5669502317905426e-07,-8.609145879745483e-06,3.521501808610365,0.0010615969076752663,0.033431895077228546,-0.005396550437545023,-8.927918315748684e-06,8.145600318908691,0.0010614402126520872,0.0334232859313488,1.0,0.07276448550529048,14,1,0.0006998913595452905,4.000288009643555,128.0,time_100s,-4.846577871830959e-05,B1_RR,2,0,100,[1009],,
-4.1152816265821457e-07,-9.424984455108643e-07,3.308797513670766,0.0010618517408147454,0.03342422842979431,-0.041247443559712854,-5.4428943258244544e-05,8.277728080749512,0.0010614402126520872,0.0334232859313488,1.0,0.058038791498605954,15,1,0.0007003769278526306,6.944543838500977,597.0,time_100s,-3.3661832958387095e-05,B1_RR,2,0,100,[714],,
-1.387670636177063e-07,-1.948326826095581e-06,3.274629163666659,0.001061578979715705,0.033425234258174896,0.023351082294410942,5.187346687307581e-05,8.149056434631348,0.0010614402126520872,0.0334232859313488,1.0,0.09770656719912724,16,1,0.00037944508949294686,3.7480320930480957,70.0,time_100s,-5.4980922072900285e-05,B1_RR,2,0,100,[504],,
-7.364433258771896e-07,-1.4204531908035278e-05,3.264955117893432,0.0010621766559779644,0.033437490463256836,-0.01014823306971212,-1.1015376912837382e-05,8.266079902648926,0.0010614402126520872,0.0334232859313488,1.0,0.047741320185959925,17,1,0.0006622862420044839,3.9894399642944336,174.0,time_100s,-5.684432335328893e-05,B1_RR,2,0,100,[293],,
-5.888286978006363e-07,-2.6561319828033447e-06,3.344676263509284,0.0010620290413498878,0.033425942063331604,0.005991880026612285,9.986088116420433e-06,8.329631805419922,0.0010614402126520872,0.0334232859313488,1.0,0.07330233011964919,18,1,0.0007176367798820138,3.7179839611053467,32.0,time_100s,-5.200587941089907e-05,B1_RR,2,0,100,[419],,
9.036622941493988e-06,9.962543845176697e-05,3.3373999190599255,0.0010524035897105932,0.033323660492897034,0.3485473968527347,0.0005605388432741165,8.287424087524414,0.0010614402126520872,0.0334232859313488,1.0,0.07073418675219187,19,1,0.003185425652191043,4.511104106903076,205.0,time_100s,6.83285452396376e-05,B1_RR,2,0,100,[1298],,
-7.993075996637344e-07,-7.070600986480713e-06,3.229632177481848,0.001062239520251751,0.03343035653233528,-0.007400414550372435,-7.749573342152871e-06,8.236063957214355,0.0010614402126520872,0.0334232859313488,1.0,0.046058229523749626,20,1,0.00039069424383342266,4.112192153930664,568.0,time_100s,-5.6104578931126525e-05,B1_RR,2,0,100,[253],,
-1.0994262993335724e-06,-1.676008105278015e-05,3.4158423621734975,0.0010625396389514208,0.03344004601240158,0.0020875847872761544,9.512574251857586e-06,8.14236831665039,0.0010614402126520872,0.0334232859313488,1.0,0.20041924954439935,21,1,0.0013228633906692266,4.2369279861450195,52.0,time_100s,-5.5898141852139815e-05,B1_RR,2,0,100,[672],,
-9.865034371614456e-07,-1.0240823030471802e-05,3.217160187117203,0.0010624267160892487,0.03343352675437927,0.059437070133826354,5.059685281594284e-05,8.224672317504883,0.0010614402126520872,0.0334232859313488,1.0,0.037441359183133134,22,1,0.00035627593751996756,4.696928024291992,332.0,time_100s,-2.0800625122774363e-05,B1_RR,2,0,100,[168],,
6.018439307808876e-06,0.00012920424342155457,3.3293679231062123,0.0010554217733442783,0.033294081687927246,0.04430102963363917,6.343767017824575e-05,8.330240249633789,0.0010614402126520872,0.0334232859313488,1.0,0.06298235562271029,23,1,0.0005577474366873503,4.053567886352539,87.0,time_100s,3.5030379876843654e-06,B1_RR,2,0,100,[924],,
-1.2435484677553177e-06,-1.895800232887268e-05,3.3314689075101867,0.0010626837611198425,0.03344224393367767,-0.005169888503677645,-7.483133686037036e-06,8.2957124710083,0.0010614402126520872,0.0334232859313488,1.0,0.06366310585811506,24,1,0.000633773859590292,4.216864109039307,71.0,time_100s,-5.480176901073719e-05,B1_RR,2,0,100,[842],,
-8.577480912208557e-07,-8.31112265586853e-06,3.254287896108703,0.001062297960743308,0.03343159705400467,0.08805094704497826,0.00010172798647545278,8.243871688842773,0.0010614402126520872,0.0334232859313488,1.0,0.050814997939790836,25,1,0.0004285227623768151,4.433824062347412,396.0,time_100s,-2.4991444490751746e-05,B1_RR,2,0,100,[211],,
-9.073410183191299e-07,-8.542090654373169e-06,3.2704057574738283,0.0010623475536704063,0.033431828022003174,-0.0017503315115578728,-2.3030650027067168e-06,8.237504005432129,0.0010614402126520872,0.0334232859313488,1.0,0.057872384861922165,26,1,0.00027458250406198204,3.6666879653930664,40.0,time_100s,-5.746464881895008e-05,B1_RR,2,0,100,[462],,
-2.539600245654583e-06,-2.9414892196655273e-05,3.7658505755328475,0.0010639798128977418,0.033452700823545456,-0.006612073196257059,-8.101138519123197e-06,8.24563217163086,0.0010614402126520872,0.0334232859313488,1.0,0.05388822772577286,27,1,0.001139157684519887,7.178400039672852,116.0,time_100s,-5.756158327585581e-05,B1_RR,2,0,100,[1093],,
1.6225967556238174e-06,9.026378393173218e-06,3.5898842775089186,0.0010598176158964634,0.03341425955295563,0.36466601493232115,0.0006108783418312669,8.209376335144043,0.0010614402126520872,0.0334232859313488,1.0,0.07367920514449308,28,1,0.001728651812300086,4.687007904052734,2.0,time_100s,0.0002161328707188659,B1_RR,2,0,100,[1],,
-7.953494787216187e-07,-7.64802098274231e-06,3.818455619581694,0.0010622355621308088,0.03343093395233154,0.006789710848978452,1.094834806281142e-05,8.289152145385742,0.0010614402126520872,0.0334232859313488,1.0,0.07092230003785932,29,1,0.001029253238812089,3.958048105239868,38.0,time_100s,-4.461484752482647e-05,B1_RR,2,0,100,[1052],,
7.641501724720001e-07,1.5422701835632324e-06,3.281287626077274,0.0010606760624796152,0.03342174366116524,0.02360407378261344,2.6050169253721833e-05,8.26854419708252,0.0010614402126520872,0.0334232859313488,1.0,0.04854104046680323,30,1,0.001281482633203268,7.693920135498047,74.0,time_100s,-2.9246668589166802e-05,B1_RR,2,0,100,[1218],,
-1.805368810892105e-06,-1.4271587133407593e-05,3.269563246225369,0.0010632455814629793,0.03343755751848221,0.012956600634601325,2.0644176402129233e-05,8.271519660949707,0.0010614402126520872,0.0334232859313488,1.0,0.0700796596705655,31,1,0.0013858970487490296,6.240416049957275,183.0,time_100s,-3.702569000552103e-05,B1_RR,2,0,100,[1262],,
-6.624031811952591e-07,-6.6943466663360596e-06,3.2059559982020396,0.0010621026158332825,0.03342998027801514,0.001056735602703144,1.5185969459707849e-06,8.354463577270508,0.0010614402126520872,0.0334232859313488,1.6232737302780151,0.06320649060859213,0,2,0.0007412518752971664,10.239616394042969,93.0,time_100s,-5.038940315671425e-05,B2_RR,2,27300002663,100,"[588, 1134]",0.00028751438367180526,0.00028751438367180526
-9.755603969097137e-07,-1.031532883644104e-05,3.2651868810850804,0.001062415773048997,0.03343360126018524,0.13287477320028165,0.00015908468049019575,8.372544288635254,0.0010614402126520872,0.0334232859313488,1.4225963354110718,0.052658843767539175,1,2,0.0005839124787598848,9.070207595825195,422.0,time_100s,-4.950717107021774e-05,B2_RR,2,33700004550,100,"[758, 84]",-4.633776916307397e-05,-4.633776916307397e-05
-1.6686972230672836e-06,-2.4899840354919434e-05,3.206309002211522,0.0010631089098751545,0.03344818577170372,-0.022256071414487683,-2.167609636671841e-05,8.344672203063965,0.0010614402126520872,0.0334232859313488,1.8439226150512695,0.042836902731025715,2,2,0.0005243774794507772,6.634143829345703,135.5,time_100s,-4.8578519226794015e-05,B2_RR,2,14749997338,100,"[334, 629]",-0.008361275307834148,-0.008361275307834148
-7.26780854165554e-07,-7.88271427154541e-06,3.273262892995821,0.0010621669935062528,0.033431168645620346,0.01699455981022413,1.687987423792947e-05,8.276288032531738,0.0010614402126520872,0.0334232859313488,1.999617099761963,0.04368625151742627,3,2,0.0008135952521115541,7.117824077606201,103.5,time_100s,-4.411134864312771e-05,B2_RR,2,8449953213,100,"[968, 799]",3.703016773215495e-05,3.703016773215495e-05
-1.1140946298837662e-06,-1.6529113054275513e-05,3.2234534663273284,0.001062554307281971,0.033439815044403076,0.029274960977104574,3.4593795135151595e-05,8.387840270996094,0.0010614402126520872,0.0334232859313488,1.6754814386367798,0.051974148099920285,4,2,0.0006651683943346143,8.062560081481934,191.5,time_100s,-4.872606888284281e-05,B2_RR,2,31649994787,100,"[546, 1179]",9.905588740366511e-06,9.905588740366511e-06
5.494803190231323e-08,-3.0212104320526123e-06,3.3189426983494563,0.001061385264620185,0.03342630714178085,-0.01195901070963363,-8.315935701830313e-06,8.363072395324707,0.0010614402126520872,0.0334232859313488,1.9144312143325806,0.03058449846538811,5,2,0.0005051999032730237,8.844608306884766,164.0,time_100s,-5.094992661724973e-05,B2_RR,2,4150007125,100,"[126, 43]",-0.006048223003745079,-0.006048223003745079
-9.73348505795002e-07,-1.1589378118515015e-05,3.1446740454726396,0.0010624135611578822,0.033434875309467316,0.06773974340545494,5.373124804464169e-05,8.335871696472168,0.0010614402126520872,0.0334232859313488,1.9954674243927002,0.034887421822460324,6,2,0.00045618097647093236,6.645279884338379,90.0,time_100s,-4.8755560840163525e-05,B2_RR,2,25199997325,100,"[378, 882]",0.0,0.0
-2.6193447411060333e-07,-4.69014048576355e-06,3.2744695639595864,0.0010617021471261978,0.033427976071834564,-0.029955670151399567,-3.167846807627939e-05,8.381888389587402,0.0010614402126520872,0.0334232859313488,1.9057822227478027,0.046512601100458836,7,2,0.0007001341436989605,9.362655639648438,362.5,time_100s,-4.0933053014668985e-05,B2_RR,2,14749987712,100,"[1009, 714]",-0.0010914192534983158,-0.0010914192534983158
-4.0815211832523346e-07,-7.547438144683838e-06,3.180253355068681,0.0010618483647704124,0.033430833369493484,0.01652554131836657,2.0429033611435443e-05,8.341919898986816,0.0010614402126520872,0.0334232859313488,1.4517738819122314,0.0543722899113734,8,2,0.0005208656657487154,6.311520099639893,122.0,time_100s,-5.5866145771688025e-05,B2_RR,2,10550008212,100,"[504, 293]",2.3653945390833542e-05,2.3653945390833542e-05
4.416098818182945e-06,5.127117037773132e-05,3.2134021900569634,0.0010570241138339043,0.03337201476097107,0.24675418734597662,0.00028526331880129874,8.399168014526367,0.0010614402126520872,0.0334232859313488,1.9974446296691895,0.05084718266193531,9,2,0.0019515312160365283,7.038815975189209,118.5,time_100s,9.362138484902971e-06,B2_RR,2,43949994412,100,"[419, 1298]",-0.0033227363601326942,-0.0033227363601326942
-9.280629456043243e-07,-1.1332333087921143e-05,3.2082783543417692,0.0010623682755976915,0.03343461826443672,0.00037702354206513766,8.82017673120572e-07,8.26364803314209,0.0010614402126520872,0.0334232859313488,1.105453372001648,0.10289500989672636,10,2,0.0008567788172513247,7.009952068328857,310.0,time_100s,-5.59808297566633e-05,B2_RR,2,20950004962,100,"[253, 672]",0.004468659870326519,0.004468659870326519
2.810731530189514e-06,6.445497274398804e-05,3.1707940242096315,0.0010586294811218977,0.03335883095860481,0.06845395139668498,5.7018358347704634e-05,8.275327682495117,0.0010614402126520872,0.0334232859313488,1.6283245086669922,0.03663546280294884,11,2,0.0004570116871036589,7.4027838706970215,209.5,time_100s,-8.150650273819338e-06,B2_RR,2,37799999625,100,"[168, 924]",0.0,0.0
-1.0064104571938515e-06,-1.3150274753570557e-05,3.1890642453884817,0.001062446623109281,0.03343643620610237,0.05088853976213571,4.71226594527252e-05,8.294207572937012,0.0010614402126520872,0.0334232859313488,1.9063313007354736,0.04072820770836201,12,2,0.0005311483109835535,7.357759952545166,233.5,time_100s,-3.9666462726017926e-05,B2_RR,2,31550002038,100,"[842, 211]",0.0,0.0
-1.6577541828155518e-06,-1.7639249563217163e-05,3.3305255292400187,0.0010630979668349028,0.03344092518091202,-0.005774657286096013,-5.202055945119355e-06,8.379743576049805,0.0010614402126520872,0.0334232859313488,1.9898732900619507,0.03962180888861842,13,2,0.0007068700942909345,9.332287788391113,78.0,time_100s,-5.75962179709677e-05,B2_RR,2,31549986950,100,"[462, 1093]",0.004245744552463293,0.004245744552463293
7.19679519534111e-07,3.4570693969726562e-06,3.489558461456684,0.001060720533132553,0.03341982886195183,0.26374787020275964,0.0003109514364041388,8.339967727661133,0.0010614402126520872,0.0334232859313488,1.9954838752746582,0.05185481643984873,14,2,0.0013789525255560875,7.3666558265686035,20.0,time_100s,0.00011166052991029574,B2_RR,2,52550001838,100,"[1, 1052]",0.02833864465355873,0.02833864465355873
-4.918547347187996e-07,-5.941838026046753e-06,3.1823663265015067,0.001061932067386806,0.03342922776937485,0.023195107805759417,2.3347154638031498e-05,8.257823944091797,0.0010614402126520872,0.0334232859313488,1.7702252864837646,0.04427137999804825,15,2,0.0013336898409761488,12.761088371276855,128.5,time_100s,-3.29862405124004e-05,B2_RR,2,2199996625,100,"[1218, 1262]",0.08413847535848618,0.08413847535848618
-8.165370672941208e-07,-8.128583431243896e-06,3.1623324991013027,0.0010622567497193813,0.033431414514780045,0.08605658514809504,8.030160097405314e-05,8.281824111938477,0.0010614402126520872,0.0334232859313488,3.0059571266174316,0.04104172353107205,0,4,0.0006625821770285256,18.423648834228516,257.5,time_100s,-4.991876022586439e-05,B4_RR,2,52500002875,100,"[588, 1134, 758, 84]",-0.004429555498063564,-0.035245638340711594
-1.160893589258194e-06,-1.6026198863983154e-05,3.1589554012077667,0.0010626011062413454,0.033439312130212784,-0.00344815222099817,-2.398168362560682e-06,8.275679588317871,0.0010614402126520872,0.0334232859313488,3.8411643505096436,0.03058994772230543,1,4,0.0006689863657811657,12.842911720275879,119.5,time_100s,-4.6311021151268505e-05,B4_RR,2,31699998713,100,"[334, 629, 968, 799]",-0.00146749138366431,-0.008361275307834148
-5.119945853948593e-07,-9.443610906600952e-06,3.2033194897949886,0.001061952207237482,0.0334327295422554,0.01916294570578168,1.3138906979293097e-05,8.2706880569458,0.0010614402126520872,0.0334232859313488,2.7536497116088867,0.0301566061495469,2,4,0.000585184148803819,16.20947265625,177.75,time_100s,-4.981648760349344e-05,B4_RR,2,56799998537,100,"[546, 1179, 126, 43]",-0.0008350041462108493,-0.006048223003745079
-5.899928510189056e-07,-8.132308721542358e-06,3.1474562155121375,0.0010620302055031061,0.03343141824007034,0.016703536766231458,1.1026293577742763e-05,8.249279975891113,0.0010614402126520872,0.0334232859313488,3.572173833847046,0.029033982412091403,3,4,0.0005781575600849465,15.161503791809082,226.25,time_100s,-4.482546870576698e-05,B4_RR,2,31549993787,100,"[378, 882, 1009, 714]",-0.001214288640767336,-0.0062826648354530334
2.041459083557129e-06,2.2467225790023804e-05,3.1325291729747273,0.00105939875356853,0.03340081870555878,0.18210517898163908,0.00015284631808754057,8.156448364257812,0.0010614402126520872,0.0334232859313488,3.2797746658325195,0.03691630110689058,4,4,0.0012361984408926219,12.358528137207031,120.25,time_100s,-2.30379375807388e-05,B4_RR,2,50249996712,100,"[504, 293, 419, 1298]",-0.009213468059897423,-0.051075760275125504
9.94885340332985e-07,2.7496367692947388e-05,3.126989011468511,0.0010604453273117542,0.03339578956365585,0.023316395314537917,2.8950138585059904e-05,8.272576332092285,0.0010614402126520872,0.0334232859313488,1.3890708684921265,0.05461032138735699,5,4,0.0006568952521774918,13.475296020507812,259.75,time_100s,-3.2036125219292444e-05,B4_RR,2,37799999625,100,"[253, 672, 168, 924]",0.0007077620248310268,-0.00029757581069134176
-1.3201497495174408e-06,-1.4755874872207642e-05,3.1666339504119096,0.0010627603624016047,0.03343804180622101,0.03227390301377301,2.0960304027539678e-05,8.277791976928711,0.0010614402126520872,0.0334232859313488,3.885176658630371,0.028564826033676743,6,4,0.000619009202637244,15.855039596557617,155.75,time_100s,-4.8617194124744856e-05,B4_RR,2,44099997788,100,"[842, 211, 462, 1093]",0.005021323449909687,-0.0016086765099316835
-2.6193447411060333e-08,-1.3746321201324463e-06,3.2351098183898244,0.0010614664060994983,0.03342466056346893,0.21523517421440772,0.00016713020158931613,8.39628791809082,0.0010614402126520872,0.0334232859313488,3.7117698192596436,0.034152868512051175,7,4,0.0013563211832661182,19.253376007080078,74.25,time_100s,4.65128669020487e-05,B4_RR,2,63049998875,100,"[1, 1052, 1218, 1262]",0.02033853530883789,-8.338543921126984e-06
-2.2724270820617676e-07,-7.458031177520752e-06,3.213545081694717,0.0010616674553602934,0.03343074396252632,0.11343064630421677,0.00015328641165979207,8.28332805633545,0.0010614402126520872,0.0334232859313488,1.8300081491470337,0.059437255314093676,0,4,0.0010757358104456216,13.030367851257324,73.5,time_100s,3.492257746984251e-05,B4_Strat,2,50399989750,100,"[1, 334, 672, 1009]",0.0038714043330401182,-0.013926808722317219
-3.190943971276283e-07,-3.032386302947998e-06,3.242936436713868,0.0010617593070492148,0.03342631831765175,0.017911369356763615,1.1676359463308472e-05,8.278688430786133,0.0010614402126520872,0.0334232859313488,3.6190922260284424,0.028672407613713407,1,4,0.0006818286565248854,16.197824478149414,193.75,time_100s,-4.335456401349802e-05,B4_Strat,2,50450005250,100,"[43, 378, 714, 1052]",-0.0018382695270702243,-0.012975615449249744
-1.2184027582406998e-06,-1.1879950761795044e-05,3.1948145065084392,0.001062658615410328,0.033435165882110596,0.10153506813225775,8.00000416347757e-05,8.169952392578125,0.0010614402126520872,0.0334232859313488,3.030383586883545,0.03465450052114335,2,4,0.0007561548554804176,17.606048583984375,248.0,time_100s,-5.217561414383454e-05,B4_Strat,2,50449997000,100,"[84, 419, 758, 1093]",-0.005350438877940178,-0.030052587389945984
-8.570495992898941e-07,-1.1645257472991943e-05,3.1297416016576696,0.001062297262251377,0.03343493118882179,0.005864600524271965,3.7694569527957356e-06,8.377408027648926,0.0010614402126520872,0.0334232859313488,3.6223745346069336,0.028270002599700212,3,4,0.000585071713430807,17.081567764282227,127.25,time_100s,-4.9930979969303735e-05,B4_Strat,2,50399994575,100,"[126, 462, 799, 1134]",-0.0013954907190054655,-0.0051871673204004765
-7.972121238708496e-07,-1.0006129741668701e-05,3.1320234662061046,0.001062237424775958,0.03343329206109047,0.03005094875039987,2.293431680300273e-05,8.211647987365723,0.0010614402126520872,0.0334232859313488,2.7381222248077393,0.033567045307035824,4,4,0.0005414980696514249,14.357952117919922,123.5,time_100s,-4.620431047897e-05,B4_Strat,2,50549998587,100,"[168, 504, 842, 1179]",0.00015059628640301526,-0.0014787435065954924
-4.814937710762024e-07,-8.419156074523926e-06,3.1373007252688976,0.0010619217064231634,0.033431705087423325,0.06945435604417162,4.8575064283795655e-05,8.403807640075684,0.0010614402126520872,0.0334232859313488,2.893751859664917,0.03076092495726673,5,4,0.0006803835931350477,16.96656036376953,247.25,time_100s,-3.759515095680399e-05,B4_Strat,2,50350007625,100,"[211, 546, 882, 1218]",0.0034825345501303673,-0.00790110882371664
1.0748626664280891e-06,3.1735748052597046e-05,3.125593856496582,0.0010603653499856591,0.033391550183296204,0.02266941883182569,1.946547308762092e-05,8.316960334777832,0.0010614402126520872,0.0334232859313488,2.827087640762329,0.03776678988643277,6,4,0.0006943460684851743,14.77017593383789,217.25,time_100s,-3.434682668057576e-05,B4_Strat,2,50450001962,100,"[253, 588, 924, 1262]",-5.478351886267774e-05,-0.0013917526230216026
1.421431079506874e-06,1.2595206499099731e-05,3.1551606340035083,0.0010600187815725803,0.0334106907248497,0.19908501311415133,0.0001322505559073761,8.264351844787598,0.0010614402126520872,0.0334232859313488,3.644227981567383,0.029217592888375006,7,4,0.001348315563518554,13.362208366394043,160.5,time_100s,-1.9157926089974353e-05,B4_Strat,2,50249996712,100,"[293, 629, 968, 1298]",-0.00034716175287030637,-0.0010801221942529082
2.2317981347441673e-06,2.3212283849716187e-05,3.1359318390554582,0.001059208414517343,0.033400073647499084,0.4899534571902538,0.0003338450624141842,8.444767951965332,0.0010614402126520872,0.0334232859313488,3.285440683364868,0.029969232858123182,0,4,0.0014262564436648972,13.821120262145996,140.5,time_100s,7.597698777317419e-05,B4_Match,2,64849991250,100,"[1, 1298, 378, 168]",-0.0001585980353411287,-0.003026091493666172
1.5844125300645828e-06,3.384798765182495e-05,3.141849799208048,0.0010598558001220226,0.033389437943696976,0.1680978074783386,0.0001282939047086984,8.256768226623535,0.0010614402126520872,0.0334232859313488,2.929550886154175,0.03356830942144998,1,4,0.0007198342791525647,17.420255661010742,299.0,time_100s,-2.4195052787945315e-05,B4_Match,2,50350007625,100,"[758, 211, 924, 1218]",0.0020859267096966505,-0.018558712676167488
-1.044594682753086e-06,-1.1343508958816528e-05,3.1581305740763383,0.0010624848073348403,0.03343462944030762,0.047740020558320974,4.235172309563495e-05,8.276351928710938,0.0010614402126520872,0.0334232859313488,3.5349173545837402,0.039018806219931174,2,4,0.0008368784037884325,14.368191719055176,179.75,time_100s,-4.5390266052436345e-05,B4_Match,2,37899996125,100,"[546, 504, 968, 1262]",-0.015944665297865868,-0.09405484795570374
-5.990732461214066e-07,-6.85080885887146e-06,3.20225757255231,0.0010620392858982086,0.03343013674020767,0.012878491266007052,9.20106776902685e-06,8.145407676696777,0.0010614402126520872,0.0334232859313488,3.479865074157715,0.03142380252687482,3,4,0.0006932840406079777,13.668383598327637,96.0,time_100s,-4.656328349028627e-05,B4_Match,2,46299998125,100,"[126, 799, 1052, 419]",0.001197547884657979,-0.0014714448479935527
-8.998904377222061e-07,-1.1485069990158081e-05,3.1474220252536402,0.0010623401030898094,0.03343477100133896,0.0025053845262027036,3.5431357900961302e-06,8.393728256225586,0.0010614402126520872,0.0334232859313488,2.069817066192627,0.06220121977831767,4,4,0.0008392259551328607,15.986720085144043,87.5,time_100s,-5.227519909567491e-05,B4_Match,2,40000001038,100,"[672, 1134, 334, 588]",0.006074230186641216,-0.0005453841877169907
-9.78820025920868e-07,-1.1164695024490356e-05,3.1544596407770054,0.001062419032678008,0.03343445062637329,-0.006505892427295382,-3.81476411348558e-06,8.20742416381836,0.0010614402126520872,0.0334232859313488,3.8455350399017334,0.025789700914793816,5,4,0.0005262525373836979,15.74351978302002,105.75,time_100s,-5.4277225274290686e-05,B4_Match,2,54749999712,100,"[462, 1179, 84, 882]",-0.0019550882279872894,-0.021779153496026993
-1.1516967788338661e-06,-1.5195459127426147e-05,3.2038567531399016,0.001062591909430921,0.03343848139047623,-0.0118255673972692,-8.06545176601503e-06,8.368895530700684,0.0010614402126520872,0.0334232859313488,3.5993733406066895,0.02999799345118397,6,4,0.000715879286872223,15.710271835327148,220.75,time_100s,-5.430441512999096e-05,B4_Match,2,41999995500,100,"[842, 1009, 1093, 253]",0.0008483254350721836,-0.0016086765099316835
-5.3399708122015e-07,-9.2238187789917e-06,3.1875680767814303,0.0010619742097333074,0.03343250975012779,-0.05755548208049569,-3.340288094477728e-05,8.175488471984863,0.0010614402126520872,0.0334232859313488,3.888666868209839,0.025525997654653073,7,4,0.0006057233840692788,16.486719131469727,261.75,time_100s,-4.684661809051249e-05,B4_Match,2,33550005450,100,"[293, 43, 629, 714]",-0.0038026063703000546,-0.01945999450981617
-5.922047421336174e-07,-3.4943222999572754e-06,3.1265001852746592,0.0010620324173942208,0.03342678025364876,0.12241876045611891,9.037669951794669e-05,8.37718391418457,0.0010614402126520872,0.0334232859313488,2.801875114440918,0.032470875216149934,0,4,0.0005327945546014234,16.39401626586914,550.0,time_100s,-4.051310122576979e-05,B4_Novel,2,27350005338,100,"[758, 714, 253, 211]",-0.009112002328038216,-0.05798392742872238
-1.1442461982369423e-06,-1.56499445438385e-05,3.144100494993676,0.0010625844588503242,0.03343893587589264,0.04788284601195154,3.145212394883856e-05,8.161151885986328,0.0010614402126520872,0.0334232859313488,2.334672212600708,0.02889053059878949,1,4,0.0004734359317808412,15.844927787780762,277.5,time_100s,-4.095657965308419e-05,B4_Novel,2,23100004925,100,"[546, 168, 126, 84]",0.03693656623363495,-0.0004909926792606711
1.2398231774568558e-06,1.1496245861053467e-05,3.126163251900996,0.0010602003894746304,0.03341178968548775,0.19168985219131474,0.00013129852595739067,8.368096351623535,0.0010614402126520872,0.0334232859313488,3.58345890045166,0.03012632959793289,2,4,0.0014327068056445569,15.368000030517578,180.25,time_100s,-1.667846186137467e-05,B4_Novel,2,50249996712,100,"[1298, 1262, 293, 629]",-0.0052121905609965324,-0.02756425179541111
-2.8905924409627914e-07,-6.42240047454834e-06,3.229395135623016,0.0010617292718961835,0.03342970833182335,-0.013685771466486649,-9.131568731390871e-06,8.139840126037598,0.0010614402126520872,0.0334232859313488,3.5317280292510986,0.029346857548062016,3,4,0.0006950128081371076,17.4368953704834,139.25,time_100s,-5.175469073037675e-05,B4_Novel,2,54550001700,100,"[882, 1134, 1009, 43]",-0.006437337026000023,-0.021380092948675156
-1.2313248589634895e-06,-1.4562159776687622e-05,3.1883427535998727,0.0010626715375110507,0.03343784809112549,0.009689617666554018,6.82013705954887e-06,8.387359619140625,0.0010614402126520872,0.0334232859313488,3.8835718631744385,0.030957933053260053,4,4,0.0008294712170027196,15.609600067138672,108.75,time_100s,-4.962415920317653e-05,B4_Novel,2,37949995163,100,"[1093, 334, 968, 799]",0.0004960345104336739,-9.0317967988085e-05
1.5533296391367912e-06,3.087148070335388e-05,3.1467743967528543,0.0010598868830129504,0.03339241445064545,0.04188745007353254,3.34700926032383e-05,8.154687881469727,0.0010614402126520872,0.0334232859313488,3.0802836418151855,0.035144590391431745,5,4,0.0007131122547434643,16.476224899291992,75.5,time_100s,-3.351212217239663e-05,B4_Novel,2,35699999500,100,"[924, 1218, 842, 504]",-0.004232401959598064,-0.018558712676167488
-7.895287126302719e-07,-7.618218660354614e-06,3.218414209669121,0.0010622297413647175,0.033430904150009155,0.005319605653147309,7.03674231772311e-06,8.271072387695312,0.0010614402126520872,0.0334232859313488,1.732623815536499,0.05818053413572665,6,4,0.0008360839783563279,12.217375755310059,40.5,time_100s,-5.228861647310623e-05,B4_Novel,2,31650005000,100,"[672, 462, 1052, 419]",0.0050080930814146996,-5.763226562649493e-10
-1.1851079761981964e-07,-2.4139881134033203e-06,3.157103924861444,0.001061558723449707,0.033425699919462204,0.21028689227353245,0.00018064750474877656,8.31276798248291,0.0010614402126520872,0.0334232859313488,2.8165597915649414,0.03778376744505304,7,4,0.0008507167804054916,14.212672233581543,19.25,time_100s,3.74706409047576e-05,B4_Novel,2,58899995125,100,"[588, 378, 1179, 1]",1.6538804629817605e-05,-4.962889761372935e-06
