uid,left_uid,right_uid,interval_frames,alpha_uid,beta_time,endpoint_fraction,endpoint_rotation_deg,endpoint_rotation_deg_per_second,gyro_endpoint_disagreement_deg,gyro_curvature_deg,original_translation_error_m,original_rotation_error_deg,final_endpoint_slerp_rotation_error_deg,final_endpoint_imu_right_rotation_error_deg,final_endpoint_imu_left_rotation_error_deg,final_endpoint_imu_shape_right_rotation_error_deg,final_endpoint_imu_shape_left_rotation_error_deg,imu_right_improvement_deg,imu_left_improvement_deg,imu_shape_right_improvement_deg,imu_shape_left_improvement_deg
1,0,90,90,0.011111111111111112,0.011167323637287474,0.011111111111111112,0.013527885390035273,0.004501908770910189,0.3564924387011405,0.00809005481015172,0.00018982739216209132,0.0,0.0,0.0,0.0,0.0,0.0,0.0,0.0,0.0,0.0
2,0,90,90,0.022222222222222223,0.02233575807210615,0.022222222222222223,0.013527885390035273,0.004501908770910189,0.3564924387011405,0.021340851314082098,0.0005549004901182056,0.0,0.0,0.010876364678906951,0.010876413267997298,0.010876902095679089,0.01087587810583846,-0.010876364678906951,-0.010876413267997298,-0.010876902095679089,-0.01087587810583846
3,0,90,90,0.03333333333333333,0.03350466856300963,0.03333333333333333,0.013527885390035273,0.004501908770910189,0.3564924387011405,0.0225768183794473,0.000397342990527427,0.019782341029446364,0.01936030958606502,0.00753534855360575,0.0075347754756402464,0.007534629393765659,0.007535496459461663,0.01182496103245927,0.011825534110424772,0.011825680192299359,0.011824813126603356
4,0,90,90,0.044444444444444446,0.04467476919412512,0.044444444444444446,0.013527885390035273,0.004501908770910189,0.3564924387011405,0.014906950006987555,0.0001954236676942462,0.0,0.0,0.0,0.0,0.0,0.0,0.0,0.0,0.0,0.0
6,0,90,90,0.06666666666666667,0.0670170333660569,0.06666666666666667,0.013527885390035273,0.004501908770910189,0.3564924387011405,0.00751629637193427,0.0005052944664609719,0.0,0.004664381643182676,0.0038799322296168472,0.003877556052302945,0.003878091025894228,0.0038794074684892293,0.0007844494135658287,0.0007868255908797311,0.000786290617288448,0.0007849741746934467
7,0,90,90,0.07777777777777778,0.07818927624955399,0.07777777777777778,0.013527885390035273,0.004501908770910189,0.3564924387011405,0.009793634121560264,0.00034616033314176144,0.0,0.0,0.00047614857509509716,0.0004645893845036323,0.0004642739132871554,0.00047648525110256036,-0.00047614857509509716,-0.0004645893845036323,-0.0004642739132871554,-0.00047648525110256036
8,0,90,90,0.08888888888888889,0.08936262993058229,0.08888888888888889,0.013527885390035273,0.004501908770910189,0.3564924387011405,0.023122732131388178,0.000699584932587456,0.019782341029446364,0.018860720757764852,0.016215642430590056,0.016215431648167185,0.016216679400655968,0.01621439909387223,0.0026450783271747963,0.0026452891095976663,0.002644041357108884,0.0026463216638926215
9,0,90,90,0.1,0.1005365390103762,0.1,0.013527885390035273,0.004501908770910189,0.3564924387011405,0.0250180489538023,0.0005424084047390023,0.019782341029446364,0.01865026709150544,0.016803611359521773,0.016804500482183377,0.01680662820806096,0.0168014885011563,0.0018466557319836673,0.0018457666093220637,0.001843638883444479,0.00184877859034914
11,0,90,90,0.12222222222222222,0.12288705482111122,0.12222222222222222,0.013527885390035273,0.004501908770910189,0.3564924387011405,0.014678260758363926,0.0004231372959656161,0.0,0.0036863183739158276,0.008991707339446658,0.008980247397609626,0.008983771526720493,0.008988191917648514,-0.00530538896553083,-0.005293929023693798,-0.005297453152804665,-0.005301873543732686
12,0,90,90,0.13333333333333333,0.13406374089473314,0.13333333333333333,0.013527885390035273,0.004501908770910189,0.3564924387011405,0.016555069231807478,0.00015466721994846394,0.0,0.0,0.00493882160211609,0.004934086950024731,0.004934425247912795,0.004938484638601783,-0.00493882160211609,-0.004934086950024731,-0.004934425247912795,-0.004938484638601783
13,0,90,90,0.14444444444444443,0.14524082368175906,0.14444444444444443,0.013527885390035273,0.004501908770910189,0.3564924387011405,0.017692651041521384,0.0003938052495660411,0.019782341029446364,0.018037437247182198,0.0074528688645548215,0.007460054377393487,0.007460777110718378,0.007452143310153306,0.010584568382627377,0.010577382869788711,0.010576660136463821,0.010585293937028891
14,0,90,90,0.15555555555555556,0.15641909660899697,0.15555555555555556,0.013527885390035273,0.004501908770910189,0.3564924387011405,0.022554599795967172,0.00035552963051520254,0.019782341029446364,0.017574356774489607,0.0,0.0,0.0,0.0,0.017574356774489607,0.017574356774489607,0.017574356774489607,0.017574356774489607
16,0,90,90,0.17777777777777778,0.17869764860824608,0.17777777777777778,0.013527885390035273,0.004501908770910189,0.3564924387011405,0.016453530816732575,0.0005372155887584805,0.0,0.0,0.004060124323368195,0.004048011243359826,0.004052368057582778,0.004055794712339199,-0.004060124323368195,-0.004048011243359826,-0.004052368057582778,-0.004055794712339199
17,0,90,90,0.18888888888888888,0.18979705491076845,0.18888888888888888,0.013527885390035273,0.004501908770910189,0.3564924387011405,0.011846654565532567,0.00037406761955116206,0.0,0.0034888492460286263,0.007726757730124573,0.00772069958893982,0.007721098942879077,0.007726359423417861,-0.004237908484095946,-0.004231850342911193,-0.004232249696850451,-0.004237510177389235
18,0,90,90,0.2,0.20089685792669482,0.2,0.013527885390035273,0.004501908770910189,0.3564924387011405,0.012258252922134968,0.00048434927984697927,0.0,0.0,0.011732664701066578,0.01173142797388634,0.011733483957154973,0.011730601863185182,-0.011732664701066578,-0.01173142797388634,-0.011733483957154973,-0.011730601863185182
19,0,90,90,0.2111111111111111,0.2119962642292172,0.2111111111111111,0.013527885390035273,0.004501908770910189,0.3564924387011405,0.01332413910018829,0.0004005833585794492,0.0,0.0,0.004611797582521341,0.004607592282646603,0.0046149917678432045,0.0046043939139855375,-0.004611797582521341,-0.004607592282646603,-0.0046149917678432045,-0.0046043939139855375
21,0,90,90,0.23333333333333334,0.23419555289034674,0.23333333333333334,0.013527885390035273,0.004501908770910189,0.3564924387011405,0.014439482464247068,0.00033818168438812626,0.0,0.0,0.007150884121744738,0.0071495179526836145,0.007159773697846155,0.007140616731798826,-0.007150884121744738,-0.0071495179526836145,-0.007159773697846155,-0.007140616731798826
22,0,90,90,0.24444444444444444,0.24529543524895392,0.24444444444444444,0.013527885390035273,0.004501908770910189,0.3564924387011405,0.012463517783980476,0.0004706354616371317,0.0,0.0,0.009745053418736795,0.009733213099074193,0.009739793638074194,0.00973847411354194,-0.009745053418736795,-0.009733213099074193,-0.009739793638074194,-0.00973847411354194
23,0,90,90,0.25555555555555554,0.2563949208941571,0.25555555555555554,0.013527885390035273,0.004501908770910189,0.3564924387011405,0.012891513915118268,0.0006304914439819856,0.0,0.007669863475115862,0.01442465756989056,0.014407878903120171,0.0144123757662255,0.014420161301654043,-0.006754794094774698,-0.006738015428004309,-0.006742512291109637,-0.0067502978265381805
24,0,90,90,0.26666666666666666,0.26749488259544507,0.26666666666666666,0.013527885390035273,0.004501908770910189,0.3564924387011405,0.0126477009258885,0.0002472850989031252,0.0,0.0,0.012035941784887701,0.0120322268996041,0.012034059469300458,0.01203409799315733,-0.012035941784887701,-0.0120322268996041,-0.012034059469300458,-0.01203409799315733
26,0,90,90,0.28888888888888886,0.2896943299419362,0.28888888888888886,0.013527885390035273,0.004501908770910189,0.3564924387011405,0.016491237035229252,0.00018237695737119766,0.019782341029446364,0.01632315837912236,0.018922757207613924,0.01892622712046916,0.01893038285253504,0.018918602767262496,-0.002599598828491565,-0.0026030687413468,-0.0026072244734126823,-0.002595444388140137
27,0,90,90,0.3,0.3007938949298202,0.3,0.013527885390035273,0.004501908770910189,0.3564924387011405,0.018394619207651734,0.000312404085068701,0.019782341029446364,0.016821604322904676,0.021989569519048884,0.02199134440384731,0.02199583217317719,0.021985082560141724,-0.005167965196144209,-0.005169740080942634,-0.005174227850272516,-0.005163478237237049
28,0,90,90,0.3111111111111111,0.311893935973789,0.3111111111111111,0.013527885390035273,0.004501908770910189,0.3564924387011405,0.019832412161535744,0.0002896709204496319,0.0,0.0,0.017965393662670106,0.017960513925383337,0.017966207600997472,0.017959699363734538,-0.017965393662670106,-0.017960513925383337,-0.017966207600997472,-0.017959699363734538
29,0,90,90,0.32222222222222224,0.32299358030435377,0.32222222222222224,0.013527885390035273,0.004501908770910189,0.3564924387011405,0.018851385144499803,0.00030230687967918753,0.0,0.0,0.01596528749768041,0.01595547093295231,0.015959589610629914,0.015961167093481166,-0.01596528749768041,-0.01595547093295231,-0.015959589610629914,-0.015961167093481166
31,0,90,90,0.34444444444444444,0.3451932656788873,0.34444444444444444,0.013527885390035273,0.004501908770910189,0.3564924387011405,0.02061456725414929,0.0006685069757939896,0.0,0.0,0.01275637507456163,0.012743966632016672,0.01275093053094658,0.012749427242253296,-0.01275637507456163,-0.012743966632016672,-0.01275093053094658,-0.012749427242253296
32,0,90,90,0.35555555555555557,0.3562933067228561,0.35555555555555557,0.013527885390035273,0.004501908770910189,0.3564924387011405,0.023530809023863123,0.00029240580830420924,0.019782341029446364,0.014741850271831173,0.02064696489834959,0.020658307463533733,0.020665422386473477,0.02063985424308412,-0.0059051146265184165,-0.00591645719170256,-0.0059235721146423045,-0.0058980039712529485
33,0,90,90,0.36666666666666664,0.36739303039610166,0.36666666666666664,0.013527885390035273,0.004501908770910189,0.3564924387011405,0.01994168661466729,0.000458333483670602,0.019782341029446364,0.015934268215620898,0.014289122925175679,0.01429087949706479,0.014293022634499618,0.014286990682377475,0.0016451452904452189,0.0016433887185561078,0.001641245581121279,0.0016472775332434225
34,0,90,90,0.37777777777777777,0.37849315078275125,0.37777777777777777,0.013527885390035273,0.004501908770910189,0.3564924387011405,0.020558507080498122,0.00039590677711819495,0.0,0.0,0.014853022944280158,0.014839679225793038,0.014846375414836379,0.014846332748489736,-0.014853022944280158,-0.014839679225793038,-0.014846375414836379,-0.014846332748489736
36,0,90,90,0.4,0.4006930741853272,0.4,0.013527885390035273,0.004501908770910189,0.3564924387011405,0.019739222463437532,0.0003876031078267136,0.0,0.0,0.008322086702335496,0.008302005298452275,0.008312538058997947,0.008311559376985347,-0.008322086702335496,-0.008302005298452275,-0.008312538058997947,-0.008311559376985347
37,0,90,90,0.4111111111111111,0.4117929565439344,0.4111111111111111,0.013527885390035273,0.004501908770910189,0.3564924387011405,0.02327510888580219,0.00024001363983091245,0.013988227454926254,0.008210141670770546,0.020641615230167547,0.020643305904800204,0.02065032934882446,0.020634595108056136,-0.012431473559397001,-0.012433164234029659,-0.012440187678053915,-0.01242445343728559
38,0,90,90,0.4222222222222222,0.42289315627326474,0.4222222222222222,0.013527885390035273,0.004501908770910189,0.3564924387011405,0.021979757285374667,0.0004811140145754302,0.0,0.0,0.01855030111715659,0.018545226645627667,0.01855317876288478,0.01854235826198086,-0.01855030111715659,-0.018545226645627667,-0.01855317876288478,-0.01854235826198086
39,0,90,90,0.43333333333333335,0.43399311797455276,0.43333333333333335,0.013527885390035273,0.004501908770910189,0.3564924387011405,0.020375812973984088,0.00042559141386705723,0.0,0.0,0.015071548719391889,0.015062635921865079,0.015071145304851954,0.015063045564898396,-0.015071548719391889,-0.015062635921865079,-0.015071145304851954,-0.015063045564898396
41,0,90,90,0.45555555555555555,0.4561930413771287,0.45555555555555555,0.013527885390035273,0.004501908770910189,0.3564924387011405,0.021031213905079296,0.00036324741222213433,0.0,0.00762229957252482,0.016835137690473484,0.016812045872225567,0.016817529840440784,0.016829646596075713,-0.009212838117948664,-0.009189746299700747,-0.009195230267915964,-0.009207347023550893
42,0,90,90,0.4666666666666667,0.46729332044913985,0.4666666666666667,0.013527885390035273,0.004501908770910189,0.3564924387011405,0.02108952765020083,0.0003742033529033302,0.0,0.0,0.02266092125485341,0.02265138890083511,0.022655319613911516,0.02265698559387405,-0.02266092125485341,-0.02265138890083511,-0.022655319613911516,-0.02265698559387405
43,0,90,90,0.4777777777777778,0.47839328215042787,0.4777777777777778,0.013527885390035273,0.004501908770910189,0.3564924387011405,0.02219371537091649,0.0004911055288431706,0.019782341029446364,0.01474734465647042,0.025539021469700707,0.025542708375096684,0.025546677343158415,0.025535051454401325,-0.010791676813230287,-0.010795363718626263,-0.010799332686687995,-0.010787706797930905
44,0,90,90,0.4888888888888889,0.48949364056511985,0.4888888888888889,0.013527885390035273,0.004501908770910189,0.3564924387011405,0.02100426981947115,0.00034612297780564833,0.019782341029446364,0.015302780183961967,0.028592222253040103,0.028592161118416826,0.028597712261917204,0.028586670604431024,-0.013289442069078136,-0.013289380934454859,-0.013294932077955237,-0.013283890420469057
46,0,90,90,0.5111111111111111,0.511691501057995,0.48888888888888893,0.013527885390035273,0.004501908770910189,0.3564924387011405,0.022519339447572676,0.0003013921000961569,0.0,0.0,0.02134051818283223,0.02133239463324075,0.021337995534519143,0.021334905268205327,-0.02134051818283223,-0.02133239463324075,-0.021337995534519143,-0.021334905268205327
47,0,90,90,0.5222222222222223,0.5227892411642205,0.47777777777777775,0.013527885390035273,0.004501908770910189,0.3564924387011405,0.023827538425633843,0.00048533287135217704,0.0,0.008448750063386998,0.019026258807485343,0.018999138928219042,0.019004927811689096,0.019020459285535894,-0.010577508744098345,-0.010550388864832044,-0.010556177748302097,-0.010571709222148895
48,0,90,90,0.5333333333333333,0.5338872192984885,0.4666666666666667,0.013527885390035273,0.004501908770910189,0.3564924387011405,0.022495956178898668,0.00027468240141319706,0.0,0.0,0.01901464365737143,0.01901399056832923,0.019018625420469587,0.019010002044410817,-0.01901464365737143,-0.01901399056832923,-0.019018625420469587,-0.019010002044410817
49,0,90,90,0.5444444444444444,0.5449848800620333,0.4555555555555556,0.013527885390035273,0.004501908770910189,0.3564924387011405,0.022756130629099768,0.00040684698072795445,0.019782341029446364,0.014944176603912285,0.02468025160787817,0.0246848701136406,0.024688833704282553,0.02467628646151224,-0.009736075003965887,-0.009740693509728317,-0.009744657100370268,-0.009732109857599956
51,0,90,90,0.5666666666666667,0.5671806776452076,0.43333333333333335,0.013527885390035273,0.004501908770910189,0.3564924387011405,0.0232705434349192,0.000663493710554722,0.0,0.0,0.013410323006371046,0.013398119567204606,0.013404026686511505,0.013404420673806853,-0.013410323006371046,-0.013398119567204606,-0.013404026686511505,-0.013404420673806853
52,0,90,90,0.5777777777777777,0.5782786557794756,0.4222222222222223,0.013527885390035273,0.004501908770910189,0.3564924387011405,0.021548125725515746,0.0005921034769940854,0.0,0.007917680639475726,0.015718157403961396,0.015686595868720163,0.015692819341815527,0.01571193501331458,-0.00780047676448567,-0.007768915229244437,-0.007775138702339802,-0.007794254373838853
53,0,90,90,0.5888888888888889,0.5893763165430204,0.4111111111111111,0.013527885390035273,0.004501908770910189,0.3564924387011405,0.02352110292853384,0.00044831561585934385,0.0,0.0024883997117463256,0.01606793161266419,0.01605556248989215,0.016058312022334584,0.01606516798207821,-0.013579531900917865,-0.013567162778145824,-0.013569912310588258,-0.013576768270331883
54,0,90,90,0.6,0.6004742946772883,0.4,0.013527885390035273,0.004501908770910189,0.3564924387011405,0.021183651867918502,0.0005429659905621158,0.0,0.00502674183365433,0.01600659946716088,0.015978594753496955,0.01598579415547525,0.01599939708044025,-0.010979857633506548,-0.010951852919842624,-0.010959052321820918,-0.01097265524678592
56,0,90,90,0.6222222222222222,0.6226700922604627,0.37777777777777777,0.013527885390035273,0.004501908770910189,0.3564924387011405,0.01871065241558558,0.0002732186670713908,0.019782341029446364,0.012522100380913368,0.021467051548124744,0.021476717723370786,0.021482732859657266,0.021461039590903837,-0.008944951167211376,-0.008954617342457418,-0.008960632478743898,-0.00893893920999047
57,0,90,90,0.6333333333333333,0.6337676736813266,0.3666666666666667,0.013527885390035273,0.004501908770910189,0.3564924387011405,0.016706070624430136,0.0005394575332426769,0.019782341029446364,0.013327710032308718,0.022055027536286374,0.022060842664310465,0.022063856760653085,0.02205201008457885,-0.008727317503977657,-0.008733132632001747,-0.008736146728344368,-0.008724300052270133
58,0,90,90,0.6444444444444445,0.6448657311582754,0.3555555555555555,0.013527885390035273,0.004501908770910189,0.3564924387011405,0.014775384809339254,0.00018272961284929406,0.0,0.0,0.015327870673211695,0.015317797941938016,0.015320960634212935,0.015324690666151646,-0.015327870673211695,-0.015317797941938016,-0.015320960634212935,-0.015324690666151646
59,0,90,90,0.6555555555555556,0.6559634712645009,0.34444444444444444,0.013527885390035273,0.004501908770910189,0.3564924387011405,0.013187626940746749,0.00034873718604952735,0.0,0.0,0.008363724918694328,0.008362085745878847,0.008362807750185344,0.008362972312768448,-0.008363724918694328,-0.008362085745878847,-0.008362807750185344,-0.008362972312768448
61,0,90,90,0.6777777777777778,0.6781591101623137,0.3222222222222222,0.013527885390035273,0.004501908770910189,0.3564924387011405,0.012443597179788775,0.0003281210943986541,0.0,0.0,0.010492513269717762,0.010486992454579703,0.010492152845975019,0.010487344367472276,-0.010492513269717762,-0.010486992454579703,-0.010492152845975019,-0.010487344367472276
62,0,90,90,0.6888888888888889,0.6892572469819432,0.3111111111111111,0.013527885390035273,0.004501908770910189,0.3564924387011405,0.013916166125935808,0.0003725886241111939,0.0,0.0,0.015070161607154617,0.015063715777851728,0.015066610900360882,0.015067261990417519,-0.015070161607154617,-0.015063715777851728,-0.015066610900360882,-0.015067261990417519
63,0,90,90,0.7,0.700354907745488,0.30000000000000004,0.013527885390035273,0.004501908770910189,0.3564924387011405,0.012570436212347188,0.0005084051250548051,0.0,0.0,0.012740645283139942,0.012737498756444712,0.012739827627146212,0.012738307005618683,-0.012740645283139942,-0.012737498756444712,-0.012739827627146212,-0.012738307005618683
64,0,90,90,0.7111111111111111,0.711452885879756,0.28888888888888886,0.013527885390035273,0.004501908770910189,0.3564924387011405,0.01345229916564178,0.00033974556614151374,0.0,0.003864022574020537,0.016968895251592866,0.01695295857012366,0.01695603151522077,0.01696580470087313,-0.013104872677572328,-0.013088935996103123,-0.013092008941200231,-0.013101782126852594
66,0,90,90,0.7333333333333333,0.7336486834629303,0.2666666666666667,0.013527885390035273,0.004501908770910189,0.3564924387011405,0.012231434584061153,0.0005589406947136726,0.0,0.0,0.006481096469890537,0.0064708252111614715,0.006476055174795664,0.006475840974077948,-0.006481096469890537,-0.0064708252111614715,-0.006476055174795664,-0.006475840974077948
67,0,90,90,0.7444444444444445,0.7447463442264751,0.25555555555555554,0.013527885390035273,0.004501908770910189,0.3564924387011405,0.011634467946607666,0.00042458899500964135,0.0,0.0,0.013272186712843373,0.013253956705316434,0.013258630141587544,0.013267503107892768,-0.013272186712843373,-0.013253956705316434,-0.013258630141587544,-0.013267503107892768
68,0,90,90,0.7555555555555555,0.7558444017034239,0.24444444444444446,0.013527885390035273,0.004501908770910189,0.3564924387011405,0.01111001853169615,0.0004794600385781772,0.019782341029446364,0.013235261163070756,0.019349666682273375,0.019350471779148296,0.01935098679454292,0.019349145980876895,-0.006114405519202618,-0.006115210616077539,-0.006115725631472165,-0.006113884817806139
69,0,90,90,0.7666666666666667,0.7669420624669686,0.23333333333333328,0.013527885390035273,0.004501908770910189,0.3564924387011405,0.012659335437674613,0.00044277445455367833,0.0,0.0,0.011483903522310249,0.011479039113172522,0.011480183596543164,0.01148273820725122,-0.011483903522310249,-0.011479039113172522,-0.011480183596543164,-0.01148273820725122
71,0,90,90,0.7888888888888889,0.789137860050143,0.21111111111111114,0.013527885390035273,0.004501908770910189,0.3564924387011405,0.01206793573251916,0.0005381932819222225,0.013988227454926254,0.009073042385174314,0.01932954759454498,0.019310806997837236,0.01931489708090343,0.019325450767586988,-0.010256505209370667,-0.010237764612662922,-0.010241854695729117,-0.010252408382412674
72,0,90,90,0.8,0.8002358381844109,0.19999999999999996,0.013527885390035273,0.004501908770910189,0.3564924387011405,0.01457311045028396,0.0005389843463248028,0.019782341029446364,0.011635395355799542,0.021682884383752803,0.021683196152383743,0.021686403572437698,0.02167967281179631,-0.010047489027953261,-0.0100478007965842,-0.010051008216638155,-0.010044277455996769
73,0,90,90,0.8111111111111111,0.8113334989479557,0.18888888888888888,0.013527885390035273,0.004501908770910189,0.3564924387011405,0.013067791963483701,0.00026595821463027065,0.0,0.0,0.012210940773977351,0.01219991207756234,0.012204512043022774,0.01220633433331116,-0.012210940773977351,-0.01219991207756234,-0.012204512043022774,-0.01220633433331116
74,0,90,90,0.8222222222222222,0.8224316357675853,0.1777777777777778,0.013527885390035273,0.004501908770910189,0.3564924387011405,0.011906514183439696,0.00029534645664925464,0.019782341029446364,0.012948599784717432,0.022865123709604755,0.022862434321584114,0.02286487874596349,0.022862676952078553,-0.009916523924887323,-0.009913834536866683,-0.009916278961246059,-0.009914077167361122
76,0,90,90,0.8444444444444444,0.8446273540080789,0.15555555555555556,0.013527885390035273,0.004501908770910189,0.3564924387011405,0.011792597000570122,0.00039056837973982584,0.0,0.0,0.008238874552935212,0.008207612090499975,0.00821319083589052,0.00823329603474474,-0.008238874552935212,-0.008207612090499975,-0.00821319083589052,-0.00823329603474474
77,0,90,90,0.8555555555555555,0.8557251734569852,0.1444444444444445,0.013527885390035273,0.004501908770910189,0.3564924387011405,0.009750376748335796,0.0002072968567169459,0.0,0.0,0.0028585856399029707,0.0028360684803310715,0.0028427995857826433,0.0028518629109421504,-0.0028585856399029707,-0.0028360684803310715,-0.0028427995857826433,-0.0028518629109421504
78,0,90,90,0.8666666666666667,0.8668234689619764,0.1333333333333333,0.013527885390035273,0.004501908770910189,0.3564924387011405,0.007173886805826935,0.0005284823193247185,0.0,0.0,0.0,0.0,0.0,0.0,0.0,0.0,0.0,0.0
79,0,90,90,0.8777777777777778,0.8779212884108827,0.12222222222222223,0.013527885390035273,0.004501908770910189,0.3564924387011405,0.005021850866329077,0.0003583149678986973,0.0,0.0,0.0,0.0,0.0,0.0,0.0,0.0,0.0,0.0
81,0,90,90,0.9,0.9001174033647803,0.09999999999999998,0.013527885390035273,0.004501908770910189,0.3564924387011405,0.006821116605961721,0.00035754667654232345,0.0,0.0,0.0,0.0,0.0,0.0,0.0,0.0,0.0,0.0
82,0,90,90,0.9111111111111111,0.9112156195270906,0.0888888888888889,0.013527885390035273,0.004501908770910189,0.3564924387011405,0.0063241180393221515,0.00043777058559694006,0.0,0.0,0.0,0.0,0.0,0.0,0.0,0.0,0.0,0.0
83,0,90,90,0.9222222222222223,0.922313438975997,0.07777777777777772,0.013527885390035273,0.004501908770910189,0.3564924387011405,0.004320789593906498,0.0003385502343566998,0.0,0.0,0.0,0.0,0.0,0.0,0.0,0.0,0.0,0.0
84,0,90,90,0.9333333333333333,0.9334117344809881,0.06666666666666665,0.013527885390035273,0.004501908770910189,0.3564924387011405,0.003630842253489619,0.0003628612276120683,0.019782341029446364,0.014045517659628966,0.015486060873880816,0.015487163591431244,0.015486454845073492,0.015486769026386033,-0.0014405432142518496,-0.0014416459318022778,-0.0014409371854445258,-0.0014412513667570667
86,0,90,90,0.9555555555555556,0.9556077700922049,0.0444444444444444,0.013527885390035273,0.004501908770910189,0.3564924387011405,0.0008678255292803915,0.00037340062283643734,0.0,0.0,0.0,0.0,0.0,0.0,0.0,0.0,0.0,0.0
87,0,90,90,0.9666666666666667,0.9667056688837921,0.033333333333333326,0.013527885390035273,0.004501908770910189,0.3564924387011405,0.002150762745914991,0.0003400123080590436,0.0,0.0013601308226954204,0.0,0.0,0.0,0.0,0.0013601308226954204,0.0013601308226954204,0.0013601308226954204,0.0013601308226954204
88,0,90,90,0.9777777777777777,0.9778038850461025,0.022222222222222254,0.013527885390035273,0.004501908770910189,0.3564924387011405,0.0029008791200708143,0.0005675273194508796,0.0,0.013442745991459374,0.010690612971713129,0.010694224003560127,0.010694299184924342,0.010690534423382385,0.002752133019746245,0.002748521987899247,0.0027484468065350313,0.002752211568076989
89,0,90,90,0.9888888888888889,0.9889017838376897,0.011111111111111072,0.013527885390035273,0.004501908770910189,0.3564924387011405,0.0026199373934150073,0.00041777295618623133,0.0,0.007009170697364824,0.006674382786969711,0.0066897810962135784,0.00668954006874994,0.0066746229420603,0.00033478791039511305,0.00031938960115124575,0.00031963062861488454,0.00033454775530452393
91,90,176,86,0.011627906976744186,0.011627954342781948,0.011627906976744186,3.39119933951578,1.1824496353386789,0.39525380927898274,0.03816564737237051,0.0005893957827104959,0.019782341029446364,0.047947162338346394,0.0,0.0,0.0,0.0,0.047947162338346394,0.047947162338346394,0.047947162338346394,0.047947162338346394
92,90,176,86,0.023255813953488372,0.023256241214482068,0.023255813953488372,3.39119933951578,1.1824496353386789,0.39525380927898274,0.0735531178691857,0.0007398793875740562,0.019782341029446364,0.08571317355894659,0.011506825422942929,0.011382610555846212,0.01144082396370056,0.011443150590323662,0.07420634813600366,0.07433056300310037,0.07427234959524603,0.07427002296862292
93,90,176,86,0.03488372093023256,0.03488427868949356,0.03488372093023256,3.39119933951578,1.1824496353386789,0.39525380927898274,0.10912069391449235,0.000776269349124829,0.019782341029446364,0.12689361231233703,0.014997894258297156,0.015097780518552619,0.0150455303363783,0.01504169701097562,0.11189571805403987,0.11179583179378441,0.11184808197595873,0.11185191530136142
94,90,176,86,0.046511627906976744,0.046512482428964136,0.046511627906976744,3.39119933951578,1.1824496353386789,0.39525380927898274,0.14534957200195575,0.0007051327253651011,0.019782341029446364,0.161711793533584,0.0191038735620763,0.01912116651562893,0.019106773435086773,0.01910534743749619,0.1426079199715077,0.14259062701795508,0.14260502009849724,0.1426064460960878
96,90,176,86,0.06976744186046512,0.06976880677567575,0.06976744186046512,3.39119933951578,1.1824496353386789,0.39525380927898274,0.22051226994481982,0.0006386524504627558,0.019782341029446364,0.24587097393739268,0.022934004906908396,0.02293995761852146,0.022925618747856744,0.0229249265513209,0.2229369690304843,0.22293101631887122,0.22294535518953595,0.2229460473860718
97,90,176,86,0.08139534883720931,0.08139676111845769,0.08139534883720931,3.39119933951578,1.1824496353386789,0.39525380927898274,0.2580423513207348,0.0008799480408236126,0.027976455118293345,0.2895748050682574,0.032861438148268245,0.03262964201875987,0.032727942661451875,0.03274615013039244,0.25671336691998914,0.25694516304949755,0.25684686240680554,0.25682865493786494
98,90,176,86,0.09302325581395349,0.0930250479901578,0.09302325581395349,3.39119933951578,1.1824496353386789,0.39525380927898274,0.29099118241190586,0.0008196698908916661,0.019782341029446364,0.3250679690831004,0.03263797575027683,0.032188635228327676,0.03238141778206305,0.0324207055685702,0.2924299933328236,0.29287933385477277,0.2926865513010374,0.29264726351453024
99,90,176,86,0.10465116279069768,0.1046530854651693,0.10465116279069768,3.39119933951578,1.1824496353386789,0.39525380927898274,0.3260435155329253,0.0006574200782462992,0.019782341029446364,0.3579788974671866,0.0344627745712231,0.03406808275509425,0.034232039513439436,0.03427178823255531,0.3235161228959635,0.3239108147120923,0.32374685795374714,0.32370710923463125
101,90,176,86,0.12790697674418605,0.12790924354742184,0.12790697674418605,3.39119933951578,1.1824496353386789,0.39525380927898274,0.3985909063027705,0.0010015860634891923,0.027976455118293345,0.4493879390956741,0.05040911900322936,0.050322801237495815,0.05034725160798428,0.05035732573797758,0.39897882009244473,0.39906513785817826,0.39904068748768984,0.3990306133576965
102,90,176,86,0.13953488372093023,0.13953769668358101,0.13953488372093023,3.39119933951578,1.1824496353386789,0.39525380927898274,0.4380401371542212,0.0009288653065720132,0.027976455118293345,0.488921457785805,0.05057305468602381,0.050305570174204874,0.050403754362033995,0.05044069292130484,0.4383484030997812,0.4386158876116001,0.438517703423771,0.43848076486450016
103,90,176,86,0.1511627906976744,0.15116565102636298,0.1511627906976744,3.39119933951578,1.1824496353386789,0.39525380927898274,0.4757288603242572,0.001098828232689161,0.03426402009603798,0.5321007294945402,0.05822559388551523,0.05775605864269221,0.05794066166474716,0.05801024675369596,0.473875135609025,0.474344670851848,0.4741600678297931,0.47409048274084425
104,90,176,86,0.16279069767441862,0.16279402103029264,0.16279069767441862,3.39119933951578,1.1824496353386789,0.39525380927898274,0.5108501966363049,0.00083139827379281,0.019782341029446364,0.5626801464652127,0.05072586258743494,0.05040129255472119,0.05051665820902568,0.050567829746942954,0.5119542838777777,0.5122788539104915,0.512163488256187,0.5121123167182697
106,90,176,86,0.18604651162790697,0.1860502622447747,0.18604651162790697,3.39119933951578,1.1824496353386789,0.39525380927898274,0.5813708692655132,0.0008656794183307855,0.027976455118293345,0.6453239071254108,0.06439522270254795,0.06421958489504163,0.06426975798415557,0.0643010179725101,0.5809286844228628,0.5811043222303691,0.5810541491412552,0.5810228891529007
107,90,176,86,0.19767441860465115,0.19767796719086803,0.19767441860465115,3.39119933951578,1.1824496353386789,0.39525380927898274,0.6174564089062098,0.0007223404532825967,0.019782341029446364,0.6792379563218905,0.06113649677097779,0.06097065214944303,0.06101098314240112,0.06104171532836356,0.6181014595509128,0.6182673041724476,0.6182269731794894,0.618196240993527
108,90,176,86,0.20930232558139536,0.2093060046658795,0.20930232558139536,3.39119933951578,1.1824496353386789,0.39525380927898274,0.6551746514431733,0.0005363575344677566,0.019782341029446364,0.7164560010494125,0.061317992106116985,0.061344634808960505,0.061304057954338576,0.06129950693815139,0.6551380089432955,0.6551113662404521,0.655151943095074,0.6551564941112612
109,90,176,86,0.22093023255813954,0.22093379274420238,0.22093023255813954,3.39119933951578,1.1824496353386789,0.39525380927898274,0.6917664654693275,0.0007080702593754058,0.027976455118293345,0.7613483724643727,0.07034741079079225,0.07029246342137063,0.07028370940095414,0.07029672397456734,0.6910009616735805,0.6910559090430021,0.6910646630634185,0.6910516484898054
111,90,176,86,0.2441860465116279,0.2441895351653072,0.2441860465116279,3.39119933951578,1.1824496353386789,0.39525380927898274,0.762945272483447,0.000870256670889269,0.027976455118293345,0.8407292988891026,0.07881822172048907,0.07877603046328419,0.0787627548369098,0.078772259549581,0.7619110771686136,0.7619532684258185,0.7619665440521929,0.7619570393395216
112,90,176,86,0.2558139534883721,0.25581773890477777,0.2558139534883721,3.39119933951578,1.1824496353386789,0.39525380927898274,0.7989546214202278,0.0009272336965789735,0.027976455118293345,0.8819548038274152,0.0832431214051028,0.08318216378542653,0.08317408434031645,0.08318771794710954,0.7987116824223124,0.7987726400419887,0.7987807194870987,0.7987670858803056
113,90,176,86,0.26744186046511625,0.26744552698310065,0.26744186046511625,3.39119933951578,1.1824496353386789,0.39525380927898274,0.8348716429413432,0.0007955413294038451,0.027976455118293345,0.9191200562543884,0.08494099294921126,0.08529994735692087,0.08513311834272719,0.08503963187080794,0.8341790633051771,0.8338201088974675,0.8339869379116612,0.8340804243835804
114,90,176,86,0.27906976744186046,0.27907348132588256,0.27906976744186046,3.39119933951578,1.1824496353386789,0.39525380927898274,0.8727153584971873,0.0007019584941917981,0.019782341029446364,0.9552539199635246,0.08207560864158636,0.08203586839759612,0.08201244939947384,0.08202166150136049,0.8731783113219382,0.8732180515659285,0.8732414705640508,0.8732322584621641
116,90,176,86,0.3023255813953488,0.3023292237469874,0.3023255813953488,3.39119933951578,1.1824496353386789,0.39525380927898274,0.9463512060984025,0.0006515847947823942,0.019782341029446364,1.0359464417037407,0.08909760529827924,0.08912496549504749,0.08907615017001995,0.0890683778177462,0.9468488364054615,0.9468214762086933,0.9468702915337208,0.9468780638859945
117,90,176,86,0.313953488372093,0.3139570118253103,0.313953488372093,3.39119933951578,1.1824496353386789,0.39525380927898274,0.9831779497213834,0.0009591730315537971,0.027976455118293345,1.080326528140736,0.09775904037173169,0.09751554784825252,0.09756327573707785,0.09763714521082714,0.9825674877690043,0.9828109802924834,0.982763252403658,0.9826893829299088
118,90,176,86,0.32558139534883723,0.3255850493003217,0.32558139534883723,3.39119933951578,1.1824496353386789,0.39525380927898274,1.021124050959704,0.0006609377015957527,0.019782341029446364,1.1116520587675356,0.09119313425254584,0.09104812733082529,0.09105504825596684,0.09110105375899598,1.0204589245149898,1.0206039314367104,1.0205970105115687,1.0205510050085396
119,90,176,86,0.3372093023255814,0.33721275424641506,0.3372093023255814,3.39119933951578,1.1824496353386789,0.39525380927898274,1.0580743808504496,0.0009165962603320866,0.027976455118293345,1.156887045394031,0.09968351710174887,0.09940526624652005,0.09945541232591344,0.09954643435262936,1.057203528292282,1.0574817791475108,1.0574316330681175,1.0573406110414016
121,90,176,86,0.36046511627906974,0.36046857979974944,0.36046511627906974,3.39119933951578,1.1824496353386789,0.39525380927898274,1.132976763020358,0.0005932682543140222,0.027976455118293345,1.2342203189511813,0.10222496911935382,0.10219145832237764,0.10215334430021253,0.10216700474716557,1.1319953498318276,1.1320288606288038,1.1320669746509688,1.1320533142040157
122,90,176,86,0.37209302325581395,0.3720966172747609,0.37209302325581395,3.39119933951578,1.1824496353386789,0.39525380927898274,1.1696896941550239,0.0008657541230266096,0.027976455118293345,1.2760271975358792,0.1071589974164032,0.10704814535035771,0.10703645553872718,0.1070772084449142,1.1688682001194761,1.1689790521855215,1.1689907419971521,1.1689499890909651
123,90,176,86,0.38372093023255816,0.38372432222085423,0.38372093023255816,3.39119933951578,1.1824496353386789,0.39525380927898274,1.2050894371834897,0.00038150369946261743,0.019782341029446364,1.3048127166962922,0.1009986994253425,0.10098125177609517,0.10093358282812738,0.10094277356845659,1.2038140172709497,1.203831464920197,1.2038791338681647,1.2038699431278357
124,90,176,86,0.3953488372093023,0.3953524428280953,0.3953488372093023,3.39119933951578,1.1824496353386789,0.39525380927898274,1.2397707516869219,0.0006436058212502697,0.019782341029446364,1.343725076289637,0.10559386847719342,0.10544365167785381,0.10543789145279435,0.10549696342115165,1.2381312078124438,1.2382814246117833,1.2382871848368429,1.2382281128684856
126,90,176,86,0.4186046511627907,0.41860818524920007,0.4186046511627907,3.39119933951578,1.1824496353386789,0.39525380927898274,1.314083987102958,0.0007227102925319667,0.027976455118293345,1.433897690917422,0.1208060533845535,0.12089953832228306,0.12082166561744996,0.120786567398863,1.3130916375328685,1.3129981525951389,1.313076025299972,1.3131111235185589
127,90,176,86,0.43023255813953487,0.4302358901952934,0.43023255813953487,3.39119933951578,1.1824496353386789,0.39525380927898274,1.3505452750660079,0.0008218276638174685,0.027976455118293345,1.4722045342472323,0.12309137432454437,0.12318035116450499,0.12310373128378392,0.12306943905857318,1.349113159922688,1.3490241830827272,1.3491008029634484,1.3491350951886592
128,90,176,86,0.4418604651162791,0.441864093934764,0.4418604651162791,3.39119933951578,1.1824496353386789,0.39525380927898274,1.3850499202064062,0.0008747377524839671,0.027976455118293345,1.5106330462387076,0.12822593047461253,0.12775726317168373,0.12784292543289386,0.12804508410395943,1.3824071157640951,1.382875783067024,1.3827901208058138,1.3825879621347483
129,90,176,86,0.45348837209302323,0.4534917988808573,0.45348837209302323,3.39119933951578,1.1824496353386789,0.39525380927898274,1.4198572274720822,0.0006206230359220218,0.019782341029446364,1.5479066187804482,0.12896665156424592,0.12905950100982314,0.12898242069948476,0.1289437069321772,1.4189399672162022,1.418847117770625,1.4189241980809635,1.418962911848271
131,90,176,86,0.47674418604651164,0.4767475413019621,0.47674418604651164,3.39119933951578,1.1824496353386789,0.39525380927898274,1.4917368005933613,0.000569567244503127,0.019782341029446364,1.6258660199402746,0.1353367795252988,0.13525015969814014,0.13521891146954929,0.13526530918480523,1.4905292404149757,1.4906158602421344,1.4906471084707253,1.4906007107554693
132,90,176,86,0.4883720930232558,0.4883756619092031,0.4883720930232558,3.39119933951578,1.1824496353386789,0.39525380927898274,1.5295399655590953,0.0007611254052891858,0.019782341029446364,1.6656482557220547,0.13791942822943126,0.13734527534551766,0.13744145170158717,0.13771924706174013,1.5277288274926235,1.528302980376537,1.5282068040204675,1.5279290086603146
133,90,176,86,0.5,0.5000033668552964,0.5,3.39119933951578,1.1824496353386789,0.39525380927898274,1.565309255955242,0.0004998228928354569,0.019782341029446364,1.705167722078926,0.14132720525205789,0.1410487609229677,0.14106558489728557,0.14120518645379382,1.5638405168268683,1.5641189611559585,1.5641021371816406,1.5639625356251323
134,90,176,86,0.5116279069767442,0.511631404330308,0.4883720930232558,3.39119933951578,1.1824496353386789,0.39525380927898274,1.6018447873859338,0.0006843788382943914,0.027976455118293345,1.7470414254194466,0.14791702328836315,0.1475390187174035,0.1475799673247378,0.14777403769792094,1.5991244021310835,1.5995024067020431,1.5994614580947089,1.5992673877215258
136,90,176,86,0.5348837209302325,0.5348871467514128,0.4651162790697675,3.39119933951578,1.1824496353386789,0.39525380927898274,1.6787080189912014,0.00045846356514109906,0.027976455118293345,1.8250618999433983,0.14874474909442378,0.14872635561100722,0.14867760563021729,0.14868401134702022,1.6763171508489745,1.676335544332391,1.676384294313181,1.676377888596378
137,90,176,86,0.5465116279069767,0.5465148516975061,0.4534883720930233,3.39119933951578,1.1824496353386789,0.39525380927898274,1.713421126158203,0.0006268465938461754,0.019782341029446364,1.863552615595403,0.15163065404760873,0.15149571182453858,0.15147256668754297,0.15154414748952633,1.7119219615477943,1.7120569037708644,1.71208004890786,1.7120084681058767
138,90,176,86,0.5581395348837209,0.558142806040288,0.4418604651162791,3.39119933951578,1.1824496353386789,0.39525380927898274,1.7460955913886025,0.0005639800359948121,0.019782341029446364,1.9011799891149395,0.1565494965290858,0.15618281074219903,0.15621306576405442,0.1564084665439978,1.7446304925858536,1.7449971783727405,1.744966923350885,1.7447715225709417
139,90,176,86,0.5697674418604651,0.5697704278541518,0.43023255813953487,3.39119933951578,1.1824496353386789,0.39525380927898274,1.7808131284082904,0.0006937484508527658,0.019782341029446364,1.9397892859864223,0.16100745015131754,0.1607035938585173,0.16071707591763923,0.16088615801811956,1.7787818358351049,1.779085692127905,1.779072210068783,1.7789031279683027
141,90,176,86,0.5930232558139535,0.5930260871430271,0.40697674418604646,3.39119933951578,1.1824496353386789,0.39525380927898274,1.8612906398995206,0.0006476842796677284,0.027976455118293345,2.023851913551217,0.1645461153258261,0.16432077006140794,0.16431520559949728,0.1644392619453439,1.8593057982253909,1.859531143489809,1.8595367079517198,1.859412651605873
142,90,176,86,0.6046511627906976,0.604654041485809,0.39534883720930236,3.39119933951578,1.1824496353386789,0.39525380927898274,1.8942509490565655,0.0006835353028373064,0.027976455118293345,2.0627196107324908,0.17068674070507703,0.17052015264125364,0.1705017042118987,0.17059586374639482,1.8920328700274138,1.8921994580912371,1.892217906520592,1.8921237469860959
143,90,176,86,0.6162790697674418,0.6162816632996728,0.38372093023255816,3.39119933951578,1.1824496353386789,0.39525380927898274,1.9276771620337891,0.0005714489194891781,0.019782341029446364,2.0962023994998504,0.16960968969846274,0.1695414261391704,0.1695010178034054,0.16953441130296573,1.9265927098013877,1.92666097336068,1.9267013816964451,1.9266679881968847
144,90,176,86,0.627906976744186,0.6279097007746843,0.37209302325581395,3.39119933951578,1.1824496353386789,0.39525380927898274,1.9664172498412253,0.0004927775427204284,0.019782341029446364,2.13761483918317,0.1721003435778885,0.17202311606210363,0.17198388136051276,0.17202406559274086,1.9655144956052817,1.9655917231210664,1.9656309578226574,1.9655907735904292
146,90,176,86,0.6511627906976745,0.6511653600635596,0.34883720930232553,3.39119933951578,1.1824496353386789,0.39525380927898274,2.0441852476035978,0.0007760942174724946,0.027976455118293345,2.2257404215252357,0.18259828672930545,0.18272714099798026,0.18265138106603926,0.18256389215030625,2.0431421347959304,2.0430132805272554,2.0430890404591966,2.0431765293749296
147,90,176,86,0.6627906976744186,0.6627929818774233,0.33720930232558144,3.39119933951578,1.1824496353386789,0.39525380927898274,2.075089533113633,0.0007479599974118074,0.027976455118293345,2.258497074903833,0.1851557039771435,0.18527587635892756,0.18520402343509534,0.1851171285512764,2.0733413709266895,2.0732211985449056,2.0732930514687378,2.073379946352557
148,90,176,86,0.6744186046511628,0.6744209362202053,0.32558139534883723,3.39119933951578,1.1824496353386789,0.39525380927898274,2.1087780559776514,0.0006075236096881096,0.019782341029446364,2.2911743880219917,0.1837151235793011,0.1839802476004948,0.1838837387657765,0.1836992879054892,2.1074592644426904,2.107194140421497,2.1072906492562153,2.1074751001165026
149,90,176,86,0.686046511627907,0.6860486411662986,0.313953488372093,3.39119933951578,1.1824496353386789,0.39525380927898274,2.146458668007336,0.0006842525201106707,0.027976455118293345,2.338092022277916,0.19336438526491329,0.193524401051726,0.19344826329806394,0.19333428837898745,2.144727637013003,2.14456762122619,2.144643758979852,2.1447577338989285
151,90,176,86,0.7093023255813954,0.7093042173229444,0.2906976744186046,3.39119933951578,1.1824496353386789,0.39525380927898274,2.2266637653193793,0.00027704391316975854,0.027976455118293345,2.418542153972493,0.19313831707805681,0.1934217411559056,0.1933268930547203,0.19312430599283062,2.225403836894436,2.2251204128165876,2.2252152609177727,2.2254178479796622
152,90,176,86,0.7209302325581395,0.7209321716657263,0.2790697674418605,3.39119933951578,1.1824496353386789,0.39525380927898274,2.253350975615002,0.0006189690835416105,0.024228320780105533,2.4539798171884106,0.2017495907760944,0.202293707637112,0.2021661911176129,0.20177326490266165,2.2522302264123164,2.2516861095512986,2.2518136260707977,2.252206552285749
153,90,176,86,0.7325581395348837,0.7325598766118196,0.2674418604651163,3.39119933951578,1.1824496353386789,0.39525380927898274,2.2893223925876574,0.0005653420483267025,0.019782341029446364,2.492560616092032,0.20455773084351594,0.20491692796268127,0.20482066190254272,0.2045541052695553,2.2880028852485164,2.287643688129351,2.2877399541894894,2.288006510822477
154,90,176,86,0.7441860465116279,0.7441878309546016,0.2558139534883721,3.39119933951578,1.1824496353386789,0.39525380927898274,2.3346781840329456,0.0004784230355902049,0.031278627784669236,2.5412075585237566,0.208009695213058,0.20845962248388286,0.2083531807188488,0.20801783888038186,2.3331978633106987,2.3327479360398735,2.3328543778049076,2.3331897196433746
156,90,176,86,0.7674418604651163,0.7674434071112473,0.2325581395348837,3.39119933951578,1.1824496353386789,0.39525380927898274,2.4149420125999934,0.0006758643934742623,0.03700937167982347,2.62567702339244,0.212570825185523,0.21314457238802823,0.21303154621855874,0.21259044923945553,2.413106198206917,2.4125324510044117,2.4126454771738812,2.4130865741529846
157,90,176,86,0.7790697674418605,0.779071028925111,0.22093023255813948,3.39119933951578,1.1824496353386789,0.39525380927898274,2.4304271116575533,0.0005374517541896372,0.024228320780105533,2.6428650264220375,0.21396786088143846,0.2148894666529564,0.2147361996636506,0.21402813710453325,2.428897165540599,2.427975559769081,2.4281288267583867,2.428836889317504
158,90,176,86,0.7906976744186046,0.7906990664001226,0.2093023255813954,3.39119933951578,1.1824496353386789,0.39525380927898274,2.4439673558641206,0.00121234646546969,0.059347025446578223,2.6562515886956475,0.21322020693506682,0.2142826561893293,0.21410173999568027,0.2133059252784574,2.443031381760581,2.441968932506318,2.4421498486999673,2.44294566341719
159,90,176,86,0.8023255813953488,0.8023266882139863,0.19767441860465118,3.39119933951578,1.1824496353386789,0.39525380927898274,2.388310836249279,0.0013488232142489123,0.12114162556234563,2.59521654098507,0.20875098911580112,0.2083216081735841,0.20830450434152134,0.20867973645029878,2.386465551869269,2.3868949328114857,2.3869120366435483,2.3865368045347712
161,90,176,86,0.8255813953488372,0.8255822643706321,0.17441860465116277,3.39119933951578,1.1824496353386789,0.39525380927898274,2.5044690415317605,0.0005626370771370961,0.046393703102338577,2.7491250864226933,0.2450995823119269,0.24573546410790406,0.24563675146786199,0.24512153542873602,2.5040255041107664,2.5033896223147893,2.5034883349548314,2.504003550993957
162,90,176,86,0.8372093023255814,0.8372103018456436,0.16279069767441856,3.39119933951578,1.1824496353386789,0.39525380927898274,2.6784091208946665,0.0006639921978325945,0.09891171693842998,2.922341389645876,0.24490466338157452,0.24622250017639588,0.24607675964898462,0.24497519830952758,2.6774367262643013,2.67611888946948,2.6762646299968913,2.6773661913363482
163,90,176,86,0.8488372093023255,0.8488379236595074,0.15116279069767447,3.39119933951578,1.1824496353386789,0.39525380927898274,2.79950841755063,0.0007488255593706639,0.16785878907325083,3.031410425872928,0.2333393940197303,0.23524160123164733,0.2350607475345438,0.23344245656085338,2.798071031853198,2.796168824641281,2.7963496783383843,2.797967969312075
164,90,176,86,0.8604651162790697,0.8604658780022892,0.13953488372093026,3.39119933951578,1.1824496353386789,0.39525380927898274,2.764112823926364,0.0006130455553230152,0.0778831601254473,2.9801610441890096,0.21740450404858486,0.21893681233785045,0.21878935418230686,0.21747499976693116,2.762756540140425,2.761224231851159,2.761371690006703,2.7626860444220784
166,90,176,86,0.8837209302325582,0.8837215372911645,0.11627906976744184,3.39119933951578,1.1824496353386789,0.39525380927898274,2.57699089945045,0.00131060187668514,0.17804114001225932,2.8068412402683984,0.2302219872521765,0.23094797349448445,0.23086875517330543,0.23023826443374537,2.5766192530162217,2.575893266773914,2.575972485095093,2.576602975834653
167,90,176,86,0.8953488372093024,0.8953492422372579,0.10465116279069764,3.39119933951578,1.1824496353386789,0.39525380927898274,2.6095296193196655,0.0015459385782525816,0.16192549306284887,2.8619057138764363,0.2525980297783247,0.25271246617134174,0.2526806116547135,0.25257612231477716,2.6093076840981118,2.6091932477050945,2.609225102221723,2.609329591561659
168,90,176,86,0.9069767441860465,0.9069771965800398,0.09302325581395354,3.39119933951578,1.1824496353386789,0.39525380927898274,2.737130122360589,0.0005757603142817133,0.06852804325551864,2.999435464029664,0.2624645120052202,0.2627392942656737,0.26270670344789265,0.26244760440350706,2.736970952024444,2.73669616976399,2.7367287605817716,2.736987859626157
169,90,176,86,0.9186046511627907,0.9186049015261332,0.08139534883720934,3.39119933951578,1.1824496353386789,0.39525380927898274,2.900390603964216,0.00045386220158311015,0.06994114144344862,3.1720348301614645,0.2721125139178994,0.2738895077221615,0.2737960492404109,0.27216139702263276,2.8999223162435652,2.8981453224393032,2.8982387809210537,2.899873433138832
171,90,176,86,0.9418604651162791,0.941860643947238,0.05813953488372092,3.39119933951578,1.1824496353386789,0.39525380927898274,2.782680428829985,0.0012896137671161096,0.19483355668961086,3.045899683744145,0.2634201221418697,0.26343781386665266,0.26344261273340114,0.2633817391754652,2.7824795616022753,2.7824618698774923,2.782457071010744,2.78251794456868
172,90,176,86,0.9534883720930233,0.95348859829002,0.046511627906976716,3.39119933951578,1.1824496353386789,0.39525380927898274,2.91117849995383,0.0005911959919482058,0.15259359101835007,3.197136788183733,0.28661672686228384,0.28824439385074063,0.28821194636320635,0.28662241579942843,2.9105200613214492,2.9088923943329923,2.9089248418205265,2.9105143723843043
173,90,176,86,0.9651162790697675,0.9651163032361132,0.03488372093023251,3.39119933951578,1.1824496353386789,0.39525380927898274,3.051577975330748,0.0003335608860339989,0.11014342980975618,3.32927247127215,0.27799670191831244,0.27960939929246115,0.2795788435195019,0.2780059121365085,3.051275769353838,3.049663071979689,3.0496936277526485,3.051266559135642
174,90,176,86,0.9767441860465116,0.9767443407111247,0.023255813953488413,3.39119933951578,1.1824496353386789,0.39525380927898274,2.708044779051156,0.003086862583192113,0.44762441581863394,2.860325031993686,0.15510827057719606,0.15887754798704645,0.1588175408044515,0.1551462578585744,2.70521676141649,2.7014474840066396,2.7015074911892345,2.7051787741351117
177,176,185,9,0.1111111111111111,0.11110987540950269,0.1111111111111111,2.7128551056205743,9.038879337650096,0.2621442295216454,1.731817151578587,0.020957412555504155,5.0427291810547334,1.7011079266794897,0.05010113899447834,0.04921604913933479,0.04970697357028809,0.04959935575374393,1.6510067876850114,1.651891877540155,1.6514009531092015,1.6515085709257458
178,176,185,9,0.2222222222222222,0.22222372271703245,0.2222222222222222,2.7128551056205743,9.038879337650096,0.2621442295216454,2.773367640790287,0.023782508300878066,6.029597999828945,2.704782376208027,0.10826654626543049,0.10717113249112797,0.10798120909358852,0.10745103805607359,2.5965158299425966,2.597611243716899,2.596801167114439,2.5973313381519536
179,176,185,9,0.3333333333333333,0.3333328037469297,0.3333333333333333,2.7128551056205743,9.038879337650096,0.2621442295216454,3.048329012969975,0.027184153915369977,6.270698016205024,2.949041674351452,0.14539962567117376,0.144554967366288,0.1454386000063705,0.14450991996343637,2.803642048680278,2.804486706985164,2.8036030743450815,2.8045317543880155
181,176,185,9,0.5555555555555556,0.5555557320843567,0.4444444444444444,2.7128551056205743,9.038879337650096,0.2621442295216454,3.3013629470083714,0.049740805222352656,6.539120090192255,3.1632868036092625,0.1449533108539417,0.14502452402687832,0.14501383722724145,0.14491979846377193,3.0183334927553207,3.0182622795823844,3.018272966382021,3.0183670051454907
182,176,185,9,0.6666666666666666,0.6666687850122811,0.33333333333333337,2.7128551056205743,9.038879337650096,0.2621442295216454,2.437675731348295,0.06882184653499683,5.561830802397503,2.2191504500265724,0.24536026643990116,0.2450628039655863,0.2451974534314998,0.24517527551361018,1.9737901835866714,1.9740876460609862,1.9739529965950726,1.9739751745129621
183,176,185,9,0.7777777777777778,0.7777778660421784,0.2222222222222222,2.7128551056205743,9.038879337650096,0.2621442295216454,1.3404315240246678,0.09359134384625271,4.625756562187614,1.1894389490972692,0.15778818094937297,0.15749586627863557,0.15757923969352094,0.15767343767238068,1.0316507681478964,1.0319430828186336,1.0318597094037483,1.0317655114248885
184,176,185,9,0.8888888888888888,0.8888909189701028,0.11111111111111116,2.7128551056205743,9.038879337650096,0.2621442295216454,0.42812614997405335,0.11724183564168177,4.027300847899368,0.33122699214584067,0.11569034427422067,0.11534643846391057,0.11543072923745384,0.11559122530156858,0.21553664787162,0.2158805536819301,0.21579626290838683,0.2156357668442721
186,185,190,5,0.2,0.20000257377806313,0.2,2.761718840085077,16.562960156262932,0.05674274122922563,0.20740087390921852,0.16709447004143335,4.372129969811036,0.22739968395388072,0.0437026436537839,0.04361662340616674,0.043675173887266834,0.04364252658545295,0.18369704030009681,0.18378306054771398,0.1837245100666139,0.18375715736842776
187,185,190,5,0.4,0.3999994280493193,0.4,2.761718840085077,16.562960156262932,0.05674274122922563,0.28750590331726705,0.19229690537644695,4.66400677169175,0.3142750992481833,0.05023508625165829,0.05011190052228231,0.050216496802429095,0.05012876052790128,0.264040012996525,0.264163198725901,0.2640586024457542,0.26414633872028204
188,185,190,5,0.6,0.6000020018273824,0.4,2.761718840085077,16.562960156262932,0.05674274122922563,0.29107729026672347,0.21634605371016943,5.174130860889596,0.3011697651771236,0.04042495546513477,0.04046236661995492,0.040420923256166946,0.0404678966846522,0.2607448097119889,0.26070739855716873,0.2607488419209567,0.26070186849247146
189,185,190,5,0.8,0.7999988560986386,0.19999999999999996,2.761718840085077,16.562960156262932,0.05674274122922563,0.27231140471014753,0.2387848604055021,5.580931399996772,0.26749458387566666,0.015787612537432678,0.0157722248868545,0.015823654520881365,0.015735415982451293,0.251706971338234,0.2517223589888122,0.2516709293547853,0.25175916789321534
191,190,196,6,0.16666666666666666,0.16666547510104476,0.16666666666666666,3.2493157646058455,16.239392812415822,0.0813764990494772,0.3337294510480338,0.2840808909509311,6.133619170362609,0.3204141328471274,0.019949577953217452,0.020131538591868628,0.020037372944340135,0.020027738694310047,0.30046455489390994,0.3002825942552588,0.3003767599027872,0.3003863941528173
192,190,196,6,0.3333333333333333,0.3333333333333333,0.3333333333333333,3.2493157646058455,16.239392812415822,0.0813764990494772,0.477151351738531,0.30456625217537153,6.403615201580922,0.47575994305657754,0.01364035861193926,0.01320093406760416,0.013407574819362746,0.013429688404800636,0.4621195844446383,0.4625590089889734,0.4623523682372148,0.4623302546517769
193,190,196,6,0.5,0.4999976168687562,0.5,3.2493157646058455,16.239392812415822,0.0813764990494772,0.8309514395273015,0.3262141163384329,7.022387384361437,0.8724935564584557,0.05744394810689562,0.05745396120558361,0.05746612634058213,0.05744612655737649,0.8150496083515602,0.8150395952528721,0.8150274301178736,0.8150474299010793
194,190,196,6,0.6666666666666666,0.6666654751010448,0.33333333333333337,3.2493157646058455,16.239392812415822,0.0813764990494772,0.9627275460050149,0.34632453687924897,7.4427738291661045,0.9513061624720375,0.014555056136305476,0.014891812155327153,0.014740245405917743,0.014689004893076292,0.936751106335732,0.9364143503167103,0.9365659170661197,0.9366171575789611
197,196,204,8,0.125,0.12499765418274855,0.125,4.208940810877738,15.776025192582876,0.1558560992943757,0.3337406376425255,0.3997757718280238,7.923376911939637,0.29521140717732675,0.06925387515603501,0.06818304881405189,0.06869003003013818,0.0687340713940491,0.22595753202129173,0.22702835836327484,0.22652137714718856,0.22647733578327764
198,196,204,8,0.25,0.24999977658883318,0.25,4.208940810877738,15.776025192582876,0.1558560992943757,0.6158854085428607,0.4125684893893202,8.270943155250722,0.6309800530170706,0.039629838800357683,0.03996038159425377,0.03983450499702328,0.039760532796005,0.591350214216713,0.5910196714228169,0.5911455480200474,0.5912195202210656
199,196,204,8,0.375,0.374998324416249,0.375,4.208940810877738,15.776025192582876,0.1558560992943757,1.0082487591712317,0.4260892522336899,8.719461756061389,1.0118073598243025,0.04656551320702672,0.0450364038721795,0.04582108851641813,0.04578208647322913,0.9652418466172757,0.9667709559521229,0.9659862713078844,0.9660252733510734
201,196,204,8,0.625,0.6249981010050821,0.375,4.208940810877738,15.776025192582876,0.1558560992943757,0.9630325489650995,0.44283620848976635,9.369228631033716,0.9506692452003429,0.06335396649590672,0.06130068196368609,0.06215846242208183,0.062471256397835365,0.8873152787044362,0.8893685632366568,0.8885107827782611,0.8881979888025076
202,196,204,8,0.75,0.7500002234111668,0.25,4.208940810877738,15.776025192582876,0.1558560992943757,0.7568711237192486,0.4493137972649377,9.439702916706564,0.7463117511530968,0.01857141093801445,0.01830479706607868,0.018258703230984684,0.018549172537595082,0.7277403402150824,0.7280069540870181,0.7280530479221121,0.7277625786155018
203,196,204,8,0.875,0.8749978775939153,0.125,4.208940810877738,15.776025192582876,0.1558560992943757,0.41623619496338243,0.45287099758786414,9.38210020301506,0.39603519394989006,0.023078200868283164,0.023621800881819945,0.023233719946705363,0.02344583506963132,0.3729569930816069,0.37241339306807014,0.3728014740031847,0.37258935888025874
206,204,210,6,0.3333333333333333,0.3333337305081494,0.3333333333333333,2.8903933789123744,14.445075501835172,0.09189051534389293,0.5560111764629254,0.45490518604174573,8.952637333040572,0.5226907749207153,0.040785095974733586,0.040461451663834164,0.04068190614509705,0.04055952899354857,0.4819056789459817,0.48222932325688106,0.4820088687756182,0.48213124592716666
207,204,210,6,0.5,0.4999970211888793,0.5,2.8903933789123744,14.445075501835172,0.09189051534389293,0.319805520859682,0.4499163916103653,8.871724139343891,0.28072495362620625,0.04031129134823083,0.03974563323901169,0.04004940832629085,0.039998291862708764,0.24041366227797542,0.24097932038719455,0.24067554529991542,0.2407266617634975
208,204,210,6,0.6666666666666666,0.6666662694918506,0.33333333333333337,2.8903933789123744,14.445075501835172,0.09189051534389293,0.15485221675724917,0.4456514808218016,8.77084324235138,0.14549615753318765,0.02158471895083208,0.0209012311629685,0.0212916240587997,0.02119141079659388,0.12391143858235557,0.12459492637021916,0.12420453347438795,0.12430474673659377
209,204,210,6,0.8333333333333334,0.8333307516970287,0.16666666666666663,2.8903933789123744,14.445075501835172,0.09189051534389293,0.07843046595853549,0.4394274760167433,8.6494488958141,0.08592788687921529,0.016387527494310477,0.016175918838140763,0.01629955048904664,0.016263138903600316,0.06954035938490481,0.06975196804107453,0.06962833639016866,0.06966474797561498
211,210,218,8,0.125,0.12499754247936129,0.125,3.480822631485361,13.046868302389047,0.06592141727169169,0.08690344751599213,0.42314182716305765,8.504822145779727,0.1132315140931458,0.02818431000285936,0.02832549246073377,0.02825499089659501,0.028255299983801146,0.08504720409028645,0.08490602163241204,0.08497652319655079,0.08497621410934465
212,210,218,8,0.25,0.2500004468219343,0.25,3.480822631485361,13.046868302389047,0.06592141727169169,0.04394339890908988,0.4160476757261268,8.44628092649411,0.02710354638321801,0.028944858595986313,0.02894448084277107,0.02894758260475146,0.02894592257437757,-0.0018413122127683042,-0.0018409344595530612,-0.0018440362215334516,-0.0018423761911595601
213,210,218,8,0.375,0.37499798930129563,0.375,3.480822631485361,13.046868302389047,0.06592141727169169,0.2145396770226685,0.40744251468690795,8.328621438229058,0.22144399796247108,0.04434621718094218,0.044474393523543355,0.044414225012961765,0.044416123028672067,0.1770977807815289,0.17696960443892773,0.1770297729495093,0.177027874933799
214,210,218,8,0.5,0.5,0.5,3.480822631485361,13.046868302389047,0.06592141727169169,0.26991430530260685,0.3995247707462894,8.254344262864766,0.2786859799718081,0.06833316505300452,0.0683011311643528,0.06828863674844554,0.06835675007078652,0.2103528149188036,0.2103848488074553,0.21039734322336257,0.2103292299010216
216,210,218,8,0.75,0.7500004468219343,0.25,3.480822631485361,13.046868302389047,0.06592141727169169,0.4810032467179879,0.38310226520780094,8.114596109219423,0.5523905717457629,0.07184491649842291,0.07154115789356795,0.07171155847279868,0.07167998375051658,0.48054565524734,0.48084941385219493,0.4806790132729642,0.4807105879952463
217,210,218,8,0.875,0.8749997765890328,0.125,3.480822631485361,13.046868302389047,0.06592141727169169,0.35382468304734993,0.37773691317363167,8.444211372399792,0.36469335964358757,0.10198805770178279,0.10195001232324565,0.10188335067186671,0.10205647446996174,0.26270530194180475,0.26274334732034194,0.26281000897172085,0.2626368851736258
219,218,242,24,0.041666666666666664,0.04166712590784534,0.041666666666666664,12.73305359918381,15.908997456132852,0.27991606809044584,0.89111333529772,0.11428737271574568,0.9229530410610307,0.9082821409671655,0.047555415595157614,0.049026345758405344,0.04828703775915974,0.04825113548100563,0.8607267253720079,0.8592557952087602,0.8599951032080058,0.8600310054861598
221,218,242,24,0.125,0.1250019734958759,0.125,12.73305359918381,15.908997456132852,0.27991606809044584,2.4091400263232967,0.10115389035303829,2.4059666489234264,2.3912923204116496,0.017859300468134328,0.015587787025446456,0.01664232375694592,0.016562819927295958,2.373433019943515,2.375704533386203,2.374649996654704,2.374729500484354
222,218,242,24,0.16666666666666666,0.1666699930622311,0.16666666666666666,12.73305359918381,15.908997456132852,0.27991606809044584,2.8257831622808314,0.09611480519196575,2.8375999370334752,2.8262852388269684,0.02594115023712054,0.02284086971310356,0.023573890894061283,0.024507053130860226,2.800344088589848,2.8034443691138646,2.802711347932907,2.801778185696108
223,218,242,24,0.20833333333333334,0.20833711897007645,0.20833333333333334,12.73305359918381,15.908997456132852,0.27991606809044584,3.41041803897144,0.09270326551375306,3.438267848445778,3.430224784647195,0.03960862786620659,0.035606658955833766,0.03655667504739576,0.037995560901101,3.3906161567809887,3.3946181256913612,3.3936681095997994,3.392229223746094
224,218,242,24,0.25,0.2500048406502617,0.25,12.73305359918381,15.908997456132852,0.27991606809044584,3.8103657837790705,0.09087132473887057,3.819292806822952,3.815404017493463,0.06010560115127373,0.05092166769936689,0.05428391924552767,0.05655244322991603,3.7552984163421894,3.7644823497940965,3.7611200982479356,3.7588515742635473
226,218,242,24,0.3333333333333333,0.3333399861244622,0.3333333333333333,12.73305359918381,15.908997456132852,0.27991606809044584,4.474311008471341,0.09103279396195477,4.489285486335412,4.492620368611066,0.08584111327755845,0.07424459977633921,0.07845079026736067,0.08170969479658546,4.4067792553335075,4.418375768834727,4.414169578343705,4.41091067381448
227,218,242,24,0.375,0.37500532471528786,0.375,12.73305359918381,15.908997456132852,0.27991606809044584,4.599084430594375,0.09278954748292546,4.590344501648602,4.597873366742574,0.10506728336731165,0.09187546894036996,0.09652309949314156,0.10046650730981557,4.492806083375262,4.505997897802204,4.501350267249433,4.4974068594327585
228,218,242,24,0.4166666666666667,0.41667215273696323,0.4166666666666667,12.73305359918381,15.908997456132852,0.27991606809044584,4.6659279038262556,0.0957840149408874,4.653354931800248,4.664993196786177,0.10551174615089759,0.09164529037691055,0.0963551058501311,0.10075240440994833,4.559481450635279,4.573347906409266,4.568638090936045,4.5642407923762285
229,218,242,24,0.4583333333333333,0.4583380871001288,0.4583333333333333,12.73305359918381,15.908997456132852,0.27991606809044584,4.670951629916149,0.10052219589228928,4.672281981895359,4.687809138446535,0.0968832362755269,0.08215540057742658,0.08706559956390104,0.09200964943088177,4.590925902171008,4.605653737869108,4.600743538882634,4.595799489015653
231,218,242,24,0.5416666666666666,0.5416702537126298,0.45833333333333337,12.73305359918381,15.908997456132852,0.27991606809044584,4.643228865518546,0.1122011430378001,4.629129899046885,4.648615701010556,0.07295628093773099,0.05746639819432275,0.062115192247906306,0.06849130231441873,4.5756594200728244,4.591149302816233,4.58650050876265,4.580124398696137
232,218,242,24,0.5833333333333334,0.5833373796204752,0.41666666666666663,12.73305359918381,15.908997456132852,0.27991606809044584,4.5268180624530405,0.1179085707032625,4.52108016582262,4.5412784365087,0.08022431861610752,0.06461340254243464,0.06933628437545356,0.07566183289450419,4.461054117892592,4.476665033966265,4.471942152133246,4.465616603614196
233,218,242,24,0.625,0.6250030160974708,0.375,12.73305359918381,15.908997456132852,0.27991606809044584,4.311725382440925,0.12652370090745657,4.267934543226822,4.2893797624035805,0.08242224097952719,0.07005665313704812,0.07324491592435756,0.07901793534774151,4.206957521424053,4.219323109266533,4.216134846479223,4.210361827055839
234,218,242,24,0.6666666666666666,0.6666698441191461,0.33333333333333337,12.73305359918381,15.908997456132852,0.27991606809044584,3.957670671827964,0.1333769915434936,3.905986734905647,3.9286542208995807,0.08722057702726171,0.07604761402739645,0.07863910565256396,0.08444791242270945,3.841433643872319,3.8526066068721843,3.850015115247017,3.8442063084768714
236,218,242,24,0.75,0.7500026065039871,0.25,12.73305359918381,15.908997456132852,0.27991606809044584,3.042157167457033,0.14794141802635535,3.000950121333392,3.0225340994192953,0.06129758816691409,0.051716284343997734,0.0537987960691934,0.05909230899366872,2.9612365112523813,2.9708178150752977,2.968735303350102,2.9634417904256267
237,218,242,24,0.7916666666666666,0.7916679450948128,0.20833333333333337,12.73305359918381,15.908997456132852,0.27991606809044584,2.5655550852596765,0.15514437897633265,2.51789466963817,2.538221335266272,0.04904234143797747,0.04311399933292083,0.04422363857497907,0.04757684555245799,2.4891789938282947,2.4951073359333513,2.493997696691293,2.490644489713814
238,218,242,24,0.8333333333333334,0.8333347731164881,0.16666666666666663,12.73305359918381,15.908997456132852,0.27991606809044584,2.008735136641409,0.16153995271499044,1.962639646606454,1.9832914382933469,0.09028043298788967,0.0833910123089952,0.08516499855370312,0.08844020369219127,1.8930110053054572,1.8999004259843517,1.8981264397396438,1.8948512346011557
239,218,242,24,0.875,0.8750004095934837,0.125,12.73305359918381,15.908997456132852,0.27991606809044584,1.5054428064135927,0.16815182017526867,1.4692727907848946,1.4926395666196173,0.07577571665272878,0.07035184689233458,0.0717259423893174,0.0743533785831889,1.4168638499668884,1.4222877197272827,1.4209136242303,1.4182861880364284
241,218,242,24,0.9583333333333334,0.9583331719783246,0.04166666666666663,12.73305359918381,15.908997456132852,0.27991606809044584,0.6282577624488699,0.17853422326804888,0.5911794975776787,0.6143243343640314,0.03673136130939994,0.03495687801980874,0.03490197877709144,0.03676940704420639,0.5775929730546315,0.5793674563442227,0.57942235558694,0.577554927319825
243,242,262,20,0.05,0.04999949954744791,0.05,8.118151437873188,12.171719229130508,0.27842682563199167,0.83047423680858,0.19280502778592593,0.8119025581313783,0.8096953734552176,0.022214974279551738,0.022171094028727203,0.02212172529303872,0.0221283850395216,0.7874803991756658,0.7875242794264904,0.7875736481621789,0.787566988415696
244,242,262,20,0.1,0.10000007149322172,0.1,8.118151437873188,12.171719229130508,0.27842682563199167,1.4323032010234815,0.19789292657398425,1.400970627943558,1.395968190350962,0.04400492486526162,0.042453780466734085,0.043022937584371104,0.04321298668760773,1.3519632654857003,1.353514409884228,1.3529452527665908,1.3527552036633543
246,242,262,20,0.2,0.19999978552033482,0.2,8.118151437873188,12.171719229130508,0.27842682563199167,2.2153109636120494,0.2075549325401904,2.169587438762339,2.158189433001549,0.08481413904568989,0.08153136896425732,0.08254384770752612,0.08347974229584712,2.073375293955859,2.0766580640372916,2.0756455852940228,2.074709690705702
247,242,262,20,0.25,0.2499992850677827,0.25,8.118151437873188,12.171719229130508,0.27842682563199167,2.430079179437918,0.21034986789344068,2.4038253973374792,2.3898518741739156,0.05200020842982692,0.05178124990919456,0.051207615153276986,0.05214685951995776,2.337851665744089,2.338070624264721,2.3386442590206387,2.3377050146539577
248,242,262,20,0.3,0.3000002144796652,0.3,8.118151437873188,12.171719229130508,0.27842682563199167,2.689342222042529,0.21232964456462186,2.6893787477666513,2.669016507592761,0.09627412118037934,0.09004076802381729,0.09208688457552888,0.094120731340479,2.572742386412382,2.578975739568944,2.5769296230172323,2.574895776252282
249,242,262,20,0.35,0.34999935656100445,0.35,8.118151437873188,12.171719229130508,0.27842682563199167,2.9939056328925484,0.21347128211977107,3.0231549151315305,2.9914469136555413,0.12196901968292025,0.11574419764941817,0.11761670748048011,0.12009176096473603,2.869477893972621,2.8757027160061233,2.8738302061750614,2.871355152690805
251,242,262,20,0.45,0.44999942805422616,0.45,8.118151437873188,12.171719229130508,0.27842682563199167,3.3640547069219324,0.21268247135519883,3.463596677721256,3.4122777749630697,0.1319209751004043,0.1252944590695483,0.12734822243682647,0.12999978222356534,3.2803567998626653,3.2869833158935213,3.2849295525262434,3.2822779927395045
252,242,262,20,0.5,0.5,0.5,8.118151437873188,12.171719229130508,0.27842682563199167,3.6298372134140076,0.21146267401490895,3.744474904235519,3.6878256081790335,0.1209699701531716,0.11522376397959821,0.11684807462991598,0.11951926443234288,3.566855638025862,3.5726018441994354,3.5709775335491174,3.5683063437466904
253,242,262,20,0.55,0.5499991420813393,0.44999999999999996,8.118151437873188,12.171719229130508,0.27842682563199167,3.8313541592718474,0.21043261842514255,3.959077876716299,3.899666120436615,0.117616922453086,0.11232379390313982,0.1138869529896191,0.11627236918425912,3.7820491979835293,3.7873423265334756,3.785779167446996,3.783393751252356
254,242,262,20,0.6,0.600000786425439,0.4,8.118151437873188,12.171719229130508,0.27842682563199167,3.9278497861680726,0.2093080208079136,4.050732136900422,3.9897753978874815,0.10823613715600926,0.10206910410174078,0.10453710359891556,0.10601008763376778,3.881539260731472,3.8877062937857407,3.8852382942885657,3.8837653102537137
256,242,262,20,0.7,0.7000001429864434,0.30000000000000004,8.118151437873188,12.171719229130508,0.27842682563199167,3.7201006295672427,0.2050516522618809,3.79256943219084,3.732482768660385,0.06056099102565957,0.05358923360702529,0.05732949057960362,0.056944040533315796,3.6719217776347257,3.67889353505336,3.6751532780807814,3.6755387281270693
257,242,262,20,0.75,0.7499992850677827,0.25,8.118151437873188,12.171719229130508,0.27842682563199167,3.242106185014927,0.20521098218524836,3.2768851615460597,3.218943015639675,0.03580287458111793,0.0335366417988366,0.033384595650249156,0.035692707362133265,3.183140141058557,3.1854063738408387,3.1855584199894262,3.183250308277542
258,242,262,20,0.8,0.8000002144796652,0.19999999999999996,8.118151437873188,12.171719229130508,0.27842682563199167,2.518294161970676,0.2058429803669455,2.571250446839918,2.5165299137555435,0.03843421626973742,0.03353291996296811,0.03530361522379733,0.03667516081458428,2.478095697485806,2.4829969937925753,2.481226298531746,2.4798547529409594
259,242,262,20,0.85,0.8499993565610044,0.15000000000000002,8.118151437873188,12.171719229130508,0.27842682563199167,1.8805470165439302,0.2067304912492151,1.9580556238325064,1.900913202344157,0.08288466326939882,0.07828380135877282,0.08039142833163428,0.08081401993860327,1.8180285390747581,1.8226294009853843,1.8205217740125228,1.8200991824055537
261,242,262,20,0.95,0.9499990705881175,0.050000000000000044,8.118151437873188,12.171719229130508,0.27842682563199167,0.673001428099041,0.21188854933807136,0.7453577429932577,0.6811234269098377,0.030579640501469163,0.028519529269325505,0.02906285911427406,0.030044606961277504,0.6505437864083685,0.6526038976405122,0.6520605677955637,0.6510788199485602
263,262,273,11,0.09090909090909091,0.09090785011328466,0.09090909090909091,10.398227258164598,28.34607402163055,0.20591726458319717,0.3451990158563077,0.21452539857731945,0.338176489599936,0.3603963427403841,0.023034093234757837,0.021731990109805893,0.022387213105099685,0.02241140763696309,0.33736224950562627,0.33866435263057826,0.33800912963528446,0.33798493510342104
264,262,273,11,0.18181818181818182,0.18181765004855058,0.18181818181818182,10.398227258164598,28.34607402163055,0.20591726458319717,0.6230355656186719,0.21554988885081805,0.6160242122904663,0.6375477084340816,0.04168400178367431,0.038468777253755866,0.040064896231368725,0.04015970113692493,0.5958637066504073,0.5990789311803257,0.5974828122027128,0.5973880072971567
266,262,273,11,0.36363636363636365,0.36363659997842196,0.36363636363636365,10.398227258164598,28.34607402163055,0.20591726458319717,0.7130185932379562,0.22057639899189538,0.7060367460989354,0.7254737761972736,0.054128331687441696,0.04934144930868668,0.05167136551306903,0.05188127573161615,0.6713454445098319,0.6761323268885869,0.6738024106842045,0.6735925004656574
267,262,273,11,0.45454545454545453,0.45454445009170663,0.45454545454545453,10.398227258164598,28.34607402163055,0.20591726458319717,0.8106653569916292,0.22533331191569458,0.7989704501748163,0.816418343855402,0.0429784296528151,0.038805110587481574,0.0407128162106887,0.04114450870842673,0.773439914202587,0.7776132332679204,0.7757055276447133,0.7752738351469752
268,262,273,11,0.5454545454545454,0.5454555499082934,0.4545454545454546,10.398227258164598,28.34607402163055,0.20591726458319717,0.7745113165367004,0.23060019937743323,0.7498768727838417,0.765650416986309,0.05285992127025754,0.0494973460927401,0.05097548128695692,0.05133557880659776,0.7127904957160515,0.7161530708935688,0.714674935699352,0.7143148381797112
269,262,273,11,0.6363636363636364,0.636363400021578,0.36363636363636365,10.398227258164598,28.34607402163055,0.20591726458319717,0.6459619592330221,0.2376269770526526,0.6257513894917831,0.6380694395423127,0.052717735540105275,0.0507224678682873,0.05144691643788813,0.05193713189899163,0.5853517040022074,0.5873469716740254,0.5866225231044245,0.586132307643321
271,262,273,11,0.8181818181818182,0.818181700010789,0.18181818181818177,10.398227258164598,28.34607402163055,0.20591726458319717,0.23041446003826666,0.253838823248329,0.25414128541787495,0.23616467745909794,0.017007045772306217,0.01713168457548088,0.016922728160104594,0.017058094589424443,0.21915763168679173,0.21903299288361705,0.21924194929899335,0.2191065828696735
272,262,273,11,0.9090909090909091,0.9090927998273758,0.09090909090909094,10.398227258164598,28.34607402163055,0.20591726458319717,0.1489273028813901,0.26367769828508614,0.16200658184240505,0.13691846841812266,0.014231334622231334,0.015898907054243922,0.014901389244375153,0.015201702946810338,0.12268713379589133,0.12101956136387874,0.12201707917374752,0.12171676547131233
274,273,287,14,0.07142857142857142,0.07142973867056682,0.07142857142857142,8.058104846365861,17.259641873137575,0.20057516271553666,0.8245604731264339,0.286817315710185,0.833649539445812,0.8209003535560087,0.029412291135870697,0.030395086471802574,0.029845430033185422,0.029871774035548755,0.7914880624201379,0.7905052670842061,0.7910549235228233,0.7910285795204599
276,273,287,14,0.21428571428571427,0.2142876840065815,0.21428571428571427,8.058104846365861,17.259641873137575,0.20057516271553666,2.2277756398073767,0.3005492273514686,2.29612959539059,2.2791364548977904,0.054757492611832735,0.05713019258552713,0.05584131349288675,0.05596636991099721,2.2243789622859578,2.2220062623122634,2.2232951414049036,2.2231700849867932
277,273,287,14,0.2857142857142857,0.28571538000365637,0.2857142857142857,8.058104846365861,17.259641873137575,0.20057516271553666,2.8918469309005888,0.3087848639933626,2.9496284917038067,2.930258303756516,0.04149444514852227,0.04542494587042148,0.043340971978565505,0.043363273691248344,2.888763858607994,2.8848333578860945,2.886917331777951,2.886895030065268
278,273,287,14,0.35714285714285715,0.3571451186742232,0.35714285714285715,8.058104846365861,17.259641873137575,0.20057516271553666,3.286111600624406,0.3183429506796581,3.3137795812494293,3.2912636579579035,0.06510240916279579,0.06705005765195332,0.0655472352162517,0.06605075409867994,3.226161248795108,3.22421360030595,3.2257164227416517,3.2252129038592234
279,273,287,14,0.42857142857142855,0.4285733253396711,0.42857142857142855,8.058104846365861,17.259641873137575,0.20057516271553666,3.4099620024645954,0.3281065301393018,3.4498117600076643,3.423971675842936,0.05937824665794628,0.06373896040056408,0.061553168290618514,0.06101155242684096,3.36459342918499,3.360232715442372,3.362418507552318,3.3629601234160953
281,273,287,14,0.5714285714285714,0.5714307600073127,0.4285714285714286,8.058104846365861,17.259641873137575,0.20057516271553666,3.3402813307748045,0.3489129471889153,3.3653930631248654,3.3336669548419207,0.05034376488560903,0.059339569159537586,0.057884705703551066,0.05177020492698675,3.283323189956312,3.274327385682383,3.2757822491383695,3.281896749914934
282,273,287,14,0.6428571428571429,0.6428604986778795,0.3571428571428571,8.058104846365861,17.259641873137575,0.20057516271553666,3.0737171751710837,0.3586150940892652,3.095355598243141,3.061094462343449,0.10022169259292682,0.10400936372874646,0.10411190396092569,0.10019433532440132,2.960872769750522,2.957085098614703,2.9569825583825233,2.960900127019048
283,273,287,14,0.7142857142857143,0.7142887053433274,0.2857142857142857,8.058104846365861,17.259641873137575,0.20057516271553666,2.6737804475659286,0.3681658292429902,2.6921155248256348,2.6557946121446134,0.04804029417559263,0.0526416114120238,0.05272163812927585,0.047805308182579526,2.607754317969021,2.60315300073259,2.6030729740153378,2.607989303962034
284,273,287,14,0.7857142857142857,0.7857184440138942,0.2142857142857143,8.058104846365861,17.259641873137575,0.20057516271553666,2.132642224705439,0.37630456625377917,2.1589445928087203,2.1201220075973155,0.045207080650965195,0.046867437793368216,0.047428509343874506,0.04453586857641693,2.0749149269463505,2.0732545698039475,2.072693498253441,2.0755861390208987
286,273,287,14,0.9285714285714286,0.928575878681536,0.0714285714285714,8.058104846365861,17.259641873137575,0.20057516271553666,0.8264961617700224,0.3907623185087813,0.8616352852800336,0.8246204803042,0.05121414809134618,0.0506008016996574,0.051150070875876565,0.05067935477603717,0.7734063322128538,0.7740196786045426,0.7734704094283235,0.7739411255281629
288,287,299,12,0.08333333333333333,0.08333427670051866,0.08333333333333333,12.322934337529238,30.795158907900294,0.3580657384488676,0.8246781659385324,0.4100950057463329,0.7917616484823229,0.8149584594516602,0.05795121621013509,0.05224033868503167,0.05512571913305243,0.05513855172303409,0.7570072432415251,0.7627181207666286,0.7598327403186078,0.7598199077286262
289,287,299,12,0.16666666666666666,0.16666676596847566,0.16666666666666666,12.322934337529238,30.795158907900294,0.3580657384488676,1.632210589210491,0.4182627345363131,1.6161317818121954,1.6540375822493392,0.09589835849773916,0.086013658234144,0.09102815757912283,0.09112873256953376,1.5581392237516,1.5680239240151952,1.5630094246702164,1.5629088496798054
291,287,299,12,0.3333333333333333,0.3333335319369513,0.3333333333333333,12.322934337529238,30.795158907900294,0.3580657384488676,2.850465711837096,0.4316847747184853,2.8077786660239274,2.8602484995345976,0.07598642222098126,0.06131460852517031,0.06875550524593654,0.06870282715557001,2.7842620773136164,2.7989338910094275,2.791492994288661,2.7915456723790277
292,287,299,12,0.4166666666666667,0.4166684044483238,0.4166666666666667,12.322934337529238,30.795158907900294,0.3580657384488676,3.1669269260827244,0.43705295123482213,3.151649081108902,3.2110100065829554,0.12012242158459305,0.10401590883559911,0.1122560406136922,0.11230052548790544,3.0908875849983626,3.1069940977473562,3.098753965969263,3.09870948109505
293,287,299,12,0.5,0.500000297905427,0.5,12.322934337529238,30.795158907900294,0.3580657384488676,3.444052096101954,0.4406183806060901,3.4388400008576583,3.503955032217557,0.12934964022651732,0.11162715690221782,0.12052222235795738,0.12087899145866136,3.3746053919910395,3.392327875315339,3.3834328098596,3.383076040758896
294,287,299,12,0.5833333333333334,0.5833351704167995,0.41666666666666663,12.322934337529238,30.795158907900294,0.3580657384488676,3.4934760912065785,0.4452128081013877,3.425340782241431,3.4948978685509324,0.09769481975156696,0.08323493440619999,0.08942204025211525,0.09148360114113778,3.3972030487993656,3.4116629341447324,3.405475828298817,3.4034142674097945
296,287,299,12,0.75,0.7500019363852751,0.25,12.322934337529238,30.795158907900294,0.3580657384488676,2.4476222335379996,0.454584319707038,2.337703377459838,2.4149702356430596,0.043319953142899194,0.04638525795311353,0.04323758124002674,0.04524524719174977,2.3716502825001604,2.368584977689946,2.371732654403033,2.36972498845131
297,287,299,12,0.8333333333333334,0.8333338298423782,0.16666666666666663,12.322934337529238,30.795158907900294,0.3580657384488676,1.6905543145744295,0.459336836293908,1.5760809465612762,1.6546179938325165,0.0639527715416909,0.06868851805559863,0.06542664588371272,0.06683281605135014,1.5906652222908255,1.5859294757769178,1.5891913479488038,1.5877851777811665
298,287,299,12,0.9166666666666666,0.9166681065428969,0.08333333333333337,12.322934337529238,30.795158907900294,0.3580657384488676,0.7682682140663887,0.4645347996660219,0.6885814784652243,0.7740186824316116,0.07078164619537591,0.07225852422042145,0.07137931522243017,0.07163314363570178,0.7032370362362357,0.7017601582111902,0.7026393672091815,0.7023855387959099
301,299,314,15,0.13333333333333333,0.1333335239936472,0.13333333333333333,16.33642743046956,32.66008455657568,0.21229891882952368,1.1613224239838453,0.4894896095562698,1.2202775230108607,1.220538786781592,0.10068846552761025,0.10163579159403126,0.10155298971366246,0.10114137357788723,1.1198503212539817,1.1189029951875606,1.1189857970679296,1.1193974132037048
302,299,314,15,0.2,0.2000012392920401,0.2,16.33642743046956,32.66008455657568,0.21229891882952368,1.5781244032650754,0.4986831207851593,1.6517938815183426,1.646994758985642,0.11753332404301212,0.11969280778622993,0.119264969832525,0.11845826260011649,1.5294614349426299,1.5273019511994121,1.527729789153117,1.5285364963855255
303,299,314,15,0.26666666666666666,0.2666670479872944,0.26666666666666666,16.33642743046956,32.66008455657568,0.21229891882952368,2.045132501039495,0.5081449713344165,2.1296351974487173,2.115674223162752,0.1240269910217221,0.12705386649218334,0.12644057933359412,0.12522899972980797,1.99164723214103,1.9886203566705687,1.989233643829158,1.9904452234329442
304,299,314,15,0.3333333333333333,0.33333428663490267,0.3333333333333333,16.33642743046956,32.66008455657568,0.21229891882952368,2.4377475415283794,0.516321522314619,2.5202806700086384,2.497084147265778,0.12095444339021111,0.1257827007195274,0.12459467479691526,0.12275244306064068,2.376129703875567,2.3713014465462505,2.3724894724688625,2.374331704205137
306,299,314,15,0.4666666666666667,0.46666781062854984,0.4666666666666667,16.33642743046956,32.66008455657568,0.21229891882952368,2.8123012525705926,0.528763822628783,2.904933356251985,2.857074066680096,0.17748464438964837,0.18219629274764487,0.18110489159012472,0.17926747814791355,2.6795894222904475,2.674877773932451,2.6759691750899712,2.6778065885321825
307,299,314,15,0.5333333333333333,0.5333331426730195,0.4666666666666667,16.33642743046956,32.66008455657568,0.21229891882952368,2.825886547086964,0.5332310611577925,2.9438630027847092,2.8878003102978265,0.16690090356019002,0.17298369313224907,0.1715380871817519,0.16897166062970628,2.7208994067376366,2.714816617165577,2.7162622231160745,2.71882864966812
308,299,314,15,0.6,0.6000018112729817,0.4,16.33642743046956,32.66008455657568,0.21229891882952368,2.703485882374389,0.5364449938724327,2.8314276685340096,2.772196600973873,0.16400752480052389,0.16928250278704096,0.16803706844540736,0.16579133668724166,2.6081890761733493,2.602914098186832,2.6041595325284654,2.6064052642866313
309,299,314,15,0.6666666666666666,0.6666666666666666,0.33333333333333337,16.33642743046956,32.66008455657568,0.21229891882952368,2.5169645635593394,0.5380875460627362,2.6487446736600435,2.5921016970503885,0.18309925776829206,0.18753089628568134,0.1864222087668234,0.18467268218117003,2.4090024392820966,2.404570800764707,2.4056794882835653,2.4074290148692183
311,299,314,15,0.8,0.7999997140095292,0.19999999999999996,16.33642743046956,32.66008455657568,0.21229891882952368,1.7780203240896233,0.5396796504206666,1.8858590195696807,1.8285425225450964,0.08420987559945195,0.08336948453870216,0.0837119620456037,0.08394575563402716,1.7443326469456444,1.7451730380063943,1.7448305604994927,1.7445967669110694
312,299,314,15,0.8666666666666667,0.8666674293079222,0.1333333333333333,16.33642743046956,32.66008455657568,0.21229891882952368,1.2198487828587874,0.5402312726518397,1.3223706557827126,1.243596084685667,0.04528234932832577,0.037101490240736446,0.039760325889328055,0.042719477816555385,1.1983137353573412,1.2064945944449306,1.203835758796339,1.2008766068691117
313,299,314,15,0.9333333333333333,0.9333327613523917,0.06666666666666665,16.33642743046956,32.66008455657568,0.21229891882952368,0.579082321517254,0.5404487832289919,0.6951951281447768,0.5876755366330112,0.04564162115313538,0.0452430655340673,0.04522898751499541,0.04564488439741998,0.5420339154798758,0.5424324710989439,0.5424465491180158,0.5420306522355912
316,314,328,14,0.14285714285714285,0.14285064998733527,0.14285714285714285,21.93188641284369,46.976496129560296,0.2446438707498391,0.5181244510844221,0.5460404615100399,0.6711660369769107,0.5316047361554631,0.035820641858623506,0.035668573160564244,0.03547363631744443,0.035426649300848344,0.4957840942968396,0.49593616299489884,0.4961310998380187,0.4961780868546148
317,314,328,14,0.21428571428571427,0.2142787836943466,0.21428571428571427,21.93188641284369,46.976496129560296,0.2446438707498391,0.6629868222085871,0.5500320800860031,0.7651676329090479,0.6702785381878675,0.051323587498822064,0.05122514990791302,0.051015697963510215,0.0511041032977946,0.6189549506890455,0.6190533882799545,0.6192628402243573,0.619174434890073
318,314,328,14,0.2857142857142857,0.285709470777125,0.2857142857142857,21.93188641284369,46.976496129560296,0.2446438707498391,0.6745979387337445,0.5532696318987693,0.7077748995287775,0.6722364382261438,0.059301176119967304,0.060884283888300285,0.059955179807883764,0.06012635128028596,0.6129352621061764,0.6113521543378435,0.61228125841826,0.6121100869458578
319,314,328,14,0.35714285714285715,0.35713709380898295,0.35714285714285715,21.93188641284369,46.976496129560296,0.2446438707498391,0.5873013560381605,0.5563896828743539,0.5572485840150911,0.6099919040146146,0.06659270523426113,0.06919152567353962,0.06782666529436635,0.06796856225888645,0.5433991987803535,0.540800378341075,0.5421652387202482,0.5420233417557281
321,314,328,14,0.5,0.49999540392361935,0.5,21.93188641284369,46.976496129560296,0.2446438707498391,0.6721756504601712,0.5632818966733116,0.6023575340454452,0.7087435573655521,0.05520933928926184,0.0604366196057365,0.057757391197956746,0.058102731675004564,0.6535342180762902,0.6483069377598155,0.6509861661675953,0.6506408256905475
322,314,328,14,0.5714285714285714,0.5714255803312444,0.4285714285714286,21.93188641284369,46.976496129560296,0.2446438707498391,0.7316648851049288,0.5667042005719911,0.669755169433116,0.785219559955517,0.07840896473264791,0.08424124263183123,0.08136316891664369,0.08168351762111803,0.706810595222869,0.7009783173236858,0.7038563910388733,0.7035360423343989
323,314,328,14,0.6428571428571429,0.6428537140382558,0.3571428571428571,21.93188641284369,46.976496129560296,0.2446438707498391,0.7966393515628813,0.569134293396654,0.7375166238106806,0.851856691873113,0.05606258782873934,0.06055346336374497,0.05833741794668273,0.05841490419683442,0.7957941040443737,0.791303228509368,0.7935192739264303,0.7934417876762786
324,314,328,14,0.7142857142857143,0.7142838904458807,0.2857142857142857,21.93188641284369,46.976496129560296,0.2446438707498391,0.7781997270008487,0.5715536518056754,0.7095535126089568,0.817494021940441,0.04219689012581846,0.044919920617026515,0.04364003625520729,0.043487897822709815,0.7752971318146225,0.7725741013234144,0.7738539856852337,0.7740061241177312
326,314,328,14,0.8571428571428571,0.857142200560517,0.1428571428571429,21.93188641284369,46.976496129560296,0.2446438707498391,0.5209991135418811,0.57584719593766,0.4169971418597978,0.507357548031211,0.02080137094746944,0.017256491927185834,0.019358069615588603,0.018740316099130988,0.4865561770837416,0.4901010561040252,0.4879994784156224,0.48861723193208006
327,314,328,14,0.9285714285714286,0.928569823592375,0.0714285714285714,21.93188641284369,46.976496129560296,0.2446438707498391,0.26223622189311074,0.577220681206152,0.1815899269479807,0.2524133550057837,0.011246489567912318,0.011253462683753225,0.011305082488718156,0.011208890949859534,0.24116686543787139,0.2411598923220305,0.24110827251706557,0.2412044640559242
329,328,351,23,0.043478260869565216,0.04347785541988909,0.043478260869565216,21.876953278709735,28.522676946729092,0.18292507026174534,0.5654411822133424,0.5868281833603103,0.6021066163786732,0.5847256430313413,0.04033560729260079,0.03806653094024116,0.03913000075691471,0.03913766039850179,0.5443900357387406,0.5466591120911002,0.5455956422744266,0.5455879826328396
331,328,351,23,0.13043478260869565,0.13043480963867407,0.13043478260869565,21.876953278709735,28.522676946729092,0.18292507026174534,1.466762927748731,0.6023905382466274,1.4967318185853473,1.4967741792040574,0.07569092138290155,0.06985916388238501,0.07259977066193529,0.07259398546292296,1.4210832578211559,1.4269150153216723,1.4241744085421222,1.4241801937411345
332,328,351,23,0.17391304347826086,0.17391359759281824,0.17391304347826086,21.876953278709735,28.522676946729092,0.18292507026174534,1.9943362957595436,0.6081492225220495,2.0270380858163497,2.0333996622484034,0.09786492812045815,0.0930232616999307,0.09502706464444644,0.09526590245082094,1.9355347341279452,1.9403764005484727,1.938372597603957,1.9381337597975825
333,328,351,23,0.21739130434782608,0.21739145301270732,0.21739130434782608,21.876953278709735,28.522676946729092,0.18292507026174534,2.515141802912326,0.6139257364469796,2.566678062523123,2.5832289330937592,0.1150184805512309,0.1116994248752376,0.11287724309823768,0.11334543312826113,2.4682104525425284,2.471529508218522,2.4703516899955216,2.469883499965498
334,328,351,23,0.2608695652173913,0.26087055181160324,0.2608695652173913,21.876953278709735,28.522676946729092,0.18292507026174534,3.050407125776822,0.6170534137650799,3.111317369038085,3.1344130565951245,0.17899422256429723,0.17131146861901247,0.17494823059772213,0.17470474079102094,2.9554188340308274,2.9631015879761122,2.9594648259974026,2.9597083158041038
336,328,351,23,0.34782608695652173,0.3478275060303882,0.34782608695652173,21.876953278709735,28.522676946729092,0.18292507026174534,4.172689574539956,0.6218442256831582,4.2736018467057475,4.302861462630809,0.21480238374482744,0.20764934794069,0.21087348529056388,0.2108420805205552,4.088059078885982,4.095212114690119,4.091987977340246,4.092019382110254
337,328,351,23,0.391304347826087,0.39130505060552556,0.391304347826087,21.876953278709735,28.522676946729092,0.18292507026174534,4.748130927280163,0.6223814475421923,4.856359364576872,4.889209039291269,0.22942271774225326,0.22465890271481345,0.22624618900801574,0.22702784209629776,4.659786321549015,4.664550136576455,4.662962850283253,4.662181197194971
338,328,351,23,0.43478260869565216,0.43478414940442145,0.43478260869565216,21.876953278709735,28.522676946729092,0.18292507026174534,5.2847086174631555,0.6212829949265375,5.402308301624348,5.436265549214019,0.21910144160626366,0.21443712482907967,0.216255484057781,0.21654982414180193,5.217164107607755,5.221828424384939,5.220010065156238,5.219715725072217
339,328,351,23,0.4782608695652174,0.47826231566906224,0.4782608695652174,21.876953278709735,28.522676946729092,0.18292507026174534,5.778752992613907,0.6198449193425523,5.904540898094577,5.9366440468758945,0.20959315833367137,0.2042939652591293,0.20716410718333775,0.20613251579084887,5.727050888542223,5.732350081616765,5.729479939692557,5.730511531085046
341,328,351,23,0.5652173913043478,0.5652183373535922,0.4347826086956522,21.876953278709735,28.522676946729092,0.18292507026174534,6.395064732549457,0.6131771095934019,6.502280293435652,6.5283141199155335,0.17237646397464385,0.16864279678133567,0.17148962209628785,0.1691433363997992,6.35593765594089,6.359671323134198,6.356824497819246,6.359170783515734
342,328,351,23,0.6086956521739131,0.6086977469972397,0.3913043478260869,21.876953278709735,28.522676946729092,0.18292507026174534,6.4846613212236575,0.6082551344172743,6.580323284255466,6.601986071310091,0.16179613681683172,0.15840045482290585,0.1622935561840487,0.15763417715528796,6.44018993449326,6.443585616487185,6.439692515126042,6.444351894154804
343,328,351,23,0.6521739130434783,0.6521749807276254,0.34782608695652173,21.876953278709735,28.522676946729092,0.18292507026174534,6.416122702944258,0.6018557911325811,6.507983694636727,6.525197968439184,0.1399998022117677,0.13726243953026027,0.14016380314402502,0.13692492170171686,6.385198166227417,6.387935528908924,6.385034165295159,6.388273046737467
344,328,351,23,0.6956521739130435,0.695654390371273,0.30434782608695654,21.876953278709735,28.522676946729092,0.18292507026174534,6.243732107743386,0.5938233245764464,6.335614079941857,6.348244756633571,0.1663705763347063,0.1648394306384873,0.16888250184978304,0.1621646414352099,6.181874180298864,6.183405325995084,6.179362254783788,6.1860801151983615
346,328,351,23,0.782608695652174,0.7826110337453063,0.21739130434782605,21.876953278709735,28.522676946729092,0.18292507026174534,5.436159107854931,0.5756664293284006,5.506738921709716,5.510330397417127,0.11636542531771381,0.11555259231258985,0.1180271506372835,0.11386057291011285,5.393964972099414,5.394777805104537,5.392303246779844,5.396469824507014
347,328,351,23,0.8260869565217391,0.8260879566309403,0.17391304347826086,21.876953278709735,28.522676946729092,0.18292507026174534,4.731371399100037,0.5665709726793752,4.781340340386795,4.780224255737914,0.09053429035979206,0.09095863315761385,0.09354057869126034,0.08795944607020109,4.689689965378122,4.6892656225803,4.686683677046654,4.692264809667713
348,328,351,23,0.8695652173913043,0.8695667445850844,0.13043478260869568,21.876953278709735,28.522676946729092,0.18292507026174534,3.7766239792390657,0.5570090986194574,3.7955022233207787,3.789407788577685,0.04992045740298618,0.051370746944058035,0.05356063704397949,0.04781990235239947,3.739487331174699,3.738037041633627,3.7358471515337057,3.7415878862252856
349,328,351,23,0.9130434782608695,0.9130439783154701,0.08695652173913049,21.876953278709735,28.522676946729092,0.18292507026174534,2.61708442060262,0.5470543162899206,2.624908928453993,2.614144387824736,0.045695325087003316,0.04796791003642811,0.05001315251822332,0.04364089541072878,2.5684490627377325,2.5661764777883076,2.5641312353065127,2.5705034924140073
352,351,364,13,0.07692307692307693,0.07692409223499598,0.07692307692307693,11.660455809757327,26.89719720525872,0.08579075211659012,0.49061436362879657,0.5214534762386955,0.4847457522400549,0.480955420876164,0.02080303584923655,0.021470178269851623,0.021129772647079003,0.02109116690225732,0.46015238502692746,0.45948524260631235,0.459825648229085,0.4598642539739067
353,351,364,13,0.15384615384615385,0.15384598462750068,0.15384615384615385,11.660455809757327,26.89719720525872,0.08579075211659012,0.8433757176850939,0.514503495543484,0.8357645051578019,0.830733465405394,0.011861851995429705,0.012692766517080746,0.012250716408598813,0.012181334236234301,0.8188716134099643,0.8180406988883132,0.8184827489967952,0.8185521311691596
354,351,364,13,0.23076923076923078,0.23077007686249665,0.23076923076923078,11.660455809757327,26.89719720525872,0.08579075211659012,1.1674191985647495,0.5088577191426266,1.1680201511100614,1.1606064170042647,0.014429319801639862,0.013447922481691002,0.013842291534159869,0.013966680537263885,1.1461770972026248,1.1471584945225737,1.1467641254701049,1.146639736467001
356,351,364,13,0.38461538461538464,0.38461661145062015,0.38461538461538464,11.660455809757327,26.89719720525872,0.08579075211659012,1.560488582185334,0.497158107692541,1.5794539083576224,1.5709763592670198,0.02164479797785513,0.020391370515379384,0.02106997001165758,0.02075871596516757,1.5493315612891647,1.5505849887516405,1.5499063892553622,1.5502176433018522
357,351,364,13,0.46153846153846156,0.461537953882502,0.46153846153846156,11.660455809757327,26.89719720525872,0.08579075211659012,1.7391024669285768,0.49257748356912007,1.7618983353993916,1.7525495704703389,0.02345659714721065,0.02340433612357982,0.02355466621003497,0.023139980339090725,1.7290929733231282,1.729145234346759,1.7289949042603039,1.729409590131248
358,351,364,13,0.5384615384615384,0.538462046117498,0.46153846153846156,11.660455809757327,26.89719720525872,0.08579075211659012,1.7776079436253138,0.488632876785803,1.7960243738167725,1.7858975005288071,0.01707982215499572,0.019116947018282034,0.018324295287708407,0.017802503752615335,1.7688176783738114,1.7667805535105252,1.7675732052410986,1.7680949967761919
359,351,364,13,0.6153846153846154,0.6153833885493799,0.3846153846153846,11.660455809757327,26.89719720525872,0.08579075211659012,1.7063286603070196,0.4855661576201211,1.7326040464648382,1.721331633699917,0.012072114234910648,0.008606110018010501,0.010401963067506792,0.010254007044637794,1.7092595194650062,1.7127255236819063,1.7109296706324102,1.7110776266552792
361,351,364,13,0.7692307692307693,0.7692304730981262,0.23076923076923073,11.660455809757327,26.89719720525872,0.08579075211659012,1.416503798877572,0.4818653998028245,1.4472608615073572,1.4309736476740669,0.025181861448088212,0.025544924029557294,0.025529147182976747,0.025079759271703705,1.4057917862259786,1.4054287236445095,1.40544450049109,1.405893888402363
362,351,364,13,0.8461538461538461,0.846155115293745,0.15384615384615385,11.660455809757327,26.89719720525872,0.08579075211659012,1.084455974095363,0.48225040619279874,1.1093036861814645,1.0892446175048889,0.0,0.0,0.0,0.0,1.0892446175048889,1.0892446175048889,1.0892446175048889,1.0892446175048889
363,351,364,13,0.9230769230769231,0.923075907765004,0.07692307692307687,11.660455809757327,26.89719720525872,0.08579075211659012,0.6126694193025131,0.48346846657645337,0.6366999382481956,0.612459306147105,0.0,0.0,0.0,0.0,0.612459306147105,0.612459306147105,0.612459306147105,0.612459306147105
366,364,379,15,0.13333333333333333,0.1332473727154902,0.13333333333333333,27.197255832525528,54.33598229569396,0.08708501842548937,0.5972195863986985,0.4769650049370418,0.5894023469603717,0.5789068217480704,0.018124561634435474,0.021908140164290327,0.01993558271028685,0.019924765901430424,0.560782260113635,0.5569986815837801,0.5589712390377836,0.55898205584664
367,364,379,15,0.2,0.19986939193897718,0.2,27.197255832525528,54.33598229569396,0.08708501842548937,0.6499734467280102,0.47529961134446,0.6317945116170345,0.6213073385529114,0.02810047306491104,0.03340327364797893,0.030451801427104942,0.03041678481542687,0.5932068654880004,0.5879040649049325,0.5908555371258065,0.5908905537374846
368,364,379,15,0.26666666666666666,0.2664937927828329,0.26666666666666666,27.197255832525528,54.33598229569396,0.08708501842548937,0.6943131871671009,0.4747587334173457,0.6543298590656378,0.6503612829645634,0.05916007505975962,0.06510094095049611,0.0618061838183805,0.06173232234477862,0.5912012079048038,0.5852603420140673,0.5885550991461829,0.5886289606197848
369,364,379,15,0.3333333333333333,0.33311628833039364,0.3333333333333333,27.197255832525528,54.33598229569396,0.08708501842548937,0.6570732163867705,0.47480854990030996,0.6295869357228098,0.6515007291027546,0.10628950260239721,0.11458372001282123,0.11027808670554651,0.11004294565235931,0.5452112265003574,0.5369170090899333,0.5412226423972081,0.5414577834503953
371,364,379,15,0.4666666666666667,0.46636366104588384,0.4666666666666667,27.197255832525528,54.33598229569396,0.08708501842548937,1.314021241433319,0.4802323176774894,1.3521248456325,1.4161840997114281,0.13428661285870794,0.14200432578346908,0.1379390965747416,0.13754692939631058,1.2818974868527202,1.274179773927959,1.2782450031366865,1.2786371703151176
372,364,379,15,0.5333333333333333,0.5329871092415921,0.4666666666666667,27.197255832525528,54.33598229569396,0.08708501842548937,1.608629183014764,0.4829858327279579,1.59254837365954,1.6642374113312932,0.077003398188073,0.08410672121325813,0.08046678809789382,0.07986810295155082,1.5872340131432203,1.5801306901180352,1.5837706232333995,1.5843693083797423
373,364,379,15,0.6,0.5996096047891528,0.4,27.197255832525528,54.33598229569396,0.08708501842548937,1.684054226909782,0.4864932326720148,1.6699690950133574,1.7478271787666553,0.06562595238730667,0.07400963928694107,0.06963138704237795,0.06927284173009945,1.6822012263793487,1.6738175394797141,1.6781957917242774,1.6785543370365559
374,364,379,15,0.6666666666666666,0.6662340056330085,0.33333333333333337,27.197255832525528,54.33598229569396,0.08708501842548937,1.7646945813160766,0.4905835806579335,1.7337451164971573,1.8171546133251084,0.05330737880947827,0.06007927002893659,0.05651501875830789,0.05601855990688468,1.7638472345156302,1.7570753432961719,1.7606395945668005,1.7611360534182237
376,364,379,15,0.8,0.7994809020244249,0.19999999999999996,27.197255832525528,54.33598229569396,0.08708501842548937,1.0965072334057553,0.49895736312628775,0.9937765071168072,1.0889991156391068,0.020348609245077087,0.019201402117586308,0.019844736033203293,0.019166133420912366,1.0686505063940297,1.0697977135215204,1.0691543796059035,1.0698329822181945
377,364,379,15,0.8666666666666667,0.8659181075072961,0.1333333333333333,27.197255832525528,54.33598229569396,0.08708501842548937,0.7317663135373337,0.5041132836410194,0.6096160157160092,0.7097131027375326,0.0271039332541975,0.026535797641659236,0.027052525533961494,0.026684362661543278,0.6826091694833352,0.6831773050958734,0.6826605772035711,0.6830287400759893
378,364,379,15,0.9333333333333333,0.9329583392675375,0.06666666666666665,27.197255832525528,54.33598229569396,0.08708501842548937,0.33150096191767287,0.5107191172778545,0.21908567316270727,0.32522325427584675,0.018332710914705064,0.01705140419669017,0.017699957387388648,0.017554958199555153,0.3068905433611417,0.3081718500791566,0.3075232968884581,0.3076682960762916
381,379,391,12,0.16666666666666666,0.16663342079857563,0.16666666666666666,11.764295545032365,29.206859260894884,0.4418801260775961,1.825008443112494,0.006604036660167331,1.8823120241877307,1.8348693270665009,0.023989977832984406,0.018509531747771986,0.020986406804803993,0.02153567275581812,1.8108793492335165,1.816359795318729,1.8138829202616968,1.8133336543106828
382,379,391,12,0.25,0.24995605034351762,0.25,11.764295545032365,29.206859260894884,0.4418801260775961,2.6137184695801494,0.008200409081759369,2.666906484897331,2.6254677836408193,0.018290912399441465,0.007400050368690255,0.012546278094953435,0.014348768354643365,2.607176871241378,2.618067733272129,2.612921505545866,2.611119015286176
383,379,391,12,0.3333333333333333,0.33328045563215586,0.3333333333333333,11.764295545032365,29.206859260894884,0.4418801260775961,3.266788063803225,0.009326893621772345,3.3116357737279043,3.2767174824128613,0.021925115259751674,0.014330027676322903,0.018112633502520525,0.01806066579464306,3.25479236715311,3.2623874547365386,3.2586048489103407,3.258656816618218
384,379,391,12,0.4166666666666667,0.41660959623731747,0.4166666666666667,11.764295545032365,29.206859260894884,0.4418801260775961,3.7470361399860668,0.009463073274685402,3.771690833242676,3.7422743856956395,0.02024448457171912,0.021341402251820445,0.01979282570760737,0.020520620255982797,3.7220299011239204,3.720932983443819,3.722481559988032,3.7217537654396566
386,379,391,12,0.5833333333333334,0.583276756166122,0.41666666666666663,11.764295545032365,29.206859260894884,0.4418801260775961,3.7812591804738,0.007191812863071397,3.768177905936836,3.744131059862494,0.03529815431595641,0.0366035564036549,0.03524101919453232,0.03576685871012343,3.7088329055465374,3.707527503458839,3.7088900406679617,3.7083642011523703
387,379,391,12,0.6666666666666666,0.666613591660634,0.33333333333333337,11.764295545032365,29.206859260894884,0.4418801260775961,3.3768808907886263,0.00594456413493539,3.346546225845338,3.3269093254677298,0.053048710541718634,0.05182244759263716,0.05164133291884885,0.052688176449500114,3.273860614926011,3.2750868778750926,3.275267992548881,3.2742211490182296
388,379,391,12,0.75,0.7499563463008003,0.25,11.764295545032365,29.206859260894884,0.4418801260775961,2.7993813848648297,0.005364434618755989,2.780633187638945,2.768696461636484,0.048840317195821256,0.04526365285749208,0.04604595795754884,0.047734073133195706,2.7198561444406626,2.723432808778992,2.7226505036789352,2.7209623885032883
389,379,391,12,0.8333333333333334,0.8333002847700974,0.16666666666666663,11.764295545032365,29.206859260894884,0.4418801260775961,2.06196763731997,0.004261301280202766,2.0519666290660545,2.0439468068119697,0.029091116931556162,0.031082430136508087,0.02938347053431019,0.03055673826496013,2.0148556898804135,2.0128643766754615,2.0145633362776594,2.0133900685470096
392,391,404,13,0.07692307692307693,0.07690635758348915,0.07692307692307693,7.615582974446423,17.443854597393383,0.16139429160594504,0.3672539095658407,0.004193650413285152,0.5069089726585451,0.42667985614939535,0.06702828376383393,0.06668565282310236,0.06682586319619659,0.06683290092771649,0.35965157238556145,0.359994203326293,0.35985399295319875,0.35984695522167887
393,391,404,13,0.15384615384615385,0.1538121690578963,0.15384615384615385,7.615582974446423,17.443854597393383,0.16139429160594504,0.6894845601646891,0.00433894721671403,0.8008553549810496,0.702882732853231,0.010578260798017857,0.010507535637492304,0.010418910561110658,0.010435003420986824,0.6923044720552132,0.6923751972157387,0.6924638222921203,0.6924477294322442
394,391,404,13,0.23076923076923078,0.2307239877322056,0.23076923076923078,7.615582974446423,17.443854597393383,0.16139429160594504,0.7959043068679348,0.004982045908411122,0.8921715141388091,0.7824759476976539,0.020554694709335165,0.02012637726515399,0.02031038345980145,0.020378617088820827,0.7619212529883188,0.7623495704325,0.7621655642378525,0.7620973306088331
396,391,404,13,0.38461538461538464,0.38455472449889033,0.38461538461538464,7.615582974446423,17.443854597393383,0.16139429160594504,1.0084653458187844,0.007130483223469659,1.1545341807586451,1.0068032291303528,0.04163631956728404,0.04158442399922735,0.04158477562761614,0.04166559741021684,0.9651669095630687,0.9652188051311255,0.9652184535027367,0.965137631720136
397,391,404,13,0.46153846153846156,0.4614736425912658,0.46153846153846156,7.615582974446423,17.443854597393383,0.16139429160594504,1.1067142053700398,0.008160330681395142,1.2740782956197354,1.1097810424626966,0.051148300981143494,0.05088785424572033,0.050986591888874264,0.05108965821368441,1.058632741481553,1.0588931882169763,1.0587944505738223,1.0586913842490122
398,391,404,13,0.5384615384615384,0.5383980217744613,0.46153846153846156,7.615582974446423,17.443854597393383,0.16139429160594504,1.1353385682015067,0.008758109792426765,1.3157076942571095,1.1323710868027559,0.047723868892556726,0.04877884056208157,0.04830742011498918,0.048236869047792195,1.0846472179101991,1.0835922462406744,1.0840636666877668,1.0841342177549638
399,391,404,13,0.6153846153846154,0.6153229470667388,0.3846153846153846,7.615582974446423,17.443854597393383,0.16139429160594504,1.0619959543568522,0.009908784409565892,1.2837440804465856,1.0825323564210172,0.05042059808152539,0.05059257285740935,0.05045534226423294,0.0505484925298023,1.0321117583394919,1.031939783563608,1.0320770141567843,1.0319838638912149
401,391,404,13,0.7692307692307693,0.7691837198329343,0.23076923076923073,7.615582974446423,17.443854597393383,0.16139429160594504,0.7543403261055062,0.009767270309948901,0.9644861695401714,0.7373295452045443,0.07248115537469837,0.0733277736764236,0.07295010383164743,0.07291292004573519,0.664848389829846,0.6640017715281207,0.6643794413728968,0.6644166251588091
402,391,404,13,0.8461538461538461,0.8461201134159342,0.15384615384615385,7.615582974446423,17.443854597393383,0.16139429160594504,0.5287495526841113,0.009317933504945076,0.7339346458158785,0.5151359648436584,0.06421934002849373,0.0650037524917285,0.06468806525974094,0.06456546085348938,0.4509166248151647,0.4501322123519299,0.4504478995839175,0.45057050399016907
403,391,404,13,0.9230769230769231,0.9230575992170981,0.07692307692307687,7.615582974446423,17.443854597393383,0.16139429160594504,0.2732317557679391,0.008245592456065152,0.4632524804907971,0.2571197702654031,0.07164648933965981,0.07214656529186321,0.07197177048976958,0.07184057266384808,0.1854732809257433,0.18497320497353992,0.18514799977563354,0.18527919760155503
406,404,422,18,0.1111111111111111,0.11183356761137202,0.1111111111111111,22.714682161236347,37.809491970230255,0.3755962698230003,0.7201953701492694,0.024619932825548644,0.8809426322422459,0.7303547830496171,0.04824573832706355,0.05196057237749695,0.05061221816292456,0.05033275315102949,0.6821090447225535,0.6783942106721201,0.6797425648866925,0.6800220298985876
407,404,422,18,0.16666666666666666,0.16794878002125568,0.16666666666666666,22.714682161236347,37.809491970230255,0.3755962698230003,0.9960981266315984,0.03179970036037555,1.1450007566744949,1.0149033803579974,0.035512633147283416,0.043877020989548585,0.040238963490954,0.039639433667755804,0.9793907472107141,0.9710263593684488,0.9746644168670434,0.9752639466902416
408,404,422,18,0.2222222222222222,0.22342187746795578,0.2222222222222222,22.714682161236347,37.809491970230255,0.3755962698230003,1.263234060109967,0.03805165500983429,1.3893856181067208,1.308001511922797,0.08071263961257556,0.09002670949370913,0.08638959599526114,0.08543273158014265,1.2272888723102215,1.217974802429088,1.2216119159275358,1.2225687803426544
409,404,422,18,0.2777777777777778,0.2788929906286139,0.2777777777777778,22.714682161236347,37.809491970230255,0.3755962698230003,1.514967518651994,0.04268127293791573,1.5938793948408931,1.5502951729591448,0.06078013325571658,0.0647968882132265,0.06372471588248527,0.06266831240792876,1.4895150397034282,1.4854982847459182,1.4865704570766596,1.487626860551216
411,404,422,18,0.3888888888888889,0.3898360106643469,0.3888888888888889,22.714682161236347,37.809491970230255,0.3755962698230003,1.81321855953302,0.04731058554868305,1.8386616313429318,1.8548953192719566,0.051583442123282246,0.060592981519446004,0.05721849238601718,0.05547126931842719,1.8033118771486745,1.7943023377525107,1.7976768268859393,1.7994240499535294
412,404,422,18,0.4444444444444444,0.4453075206822134,0.4444444444444444,22.714682161236347,37.809491970230255,0.3755962698230003,1.8069485898517843,0.048038568111522725,1.824293297292676,1.8301457765844067,0.016993596163060138,0.02475328708738047,0.019922961602107905,0.01852731040440745,1.8131521804213466,1.8053924894970261,1.8102228149822988,1.8116184661799992
413,404,422,18,0.5,0.5007774432712463,0.5,22.714682161236347,37.809491970230255,0.3755962698230003,1.7708076254150897,0.04779556127439387,1.8054402551069209,1.7947875882378737,0.027617326730885093,0.04020449998472417,0.030813416454997033,0.03268733695565588,1.7671702615069886,1.7545830882531495,1.7639741717828765,1.7621002512822177
414,404,422,18,0.5555555555555556,0.5562485564319045,0.4444444444444444,22.714682161236347,37.809491970230255,0.3755962698230003,1.7038556468223178,0.046468263667358005,1.7534940537333854,1.7099927405165076,0.05406624370489452,0.04013229840983632,0.04337807024360894,0.04713990831423142,1.6559264968116132,1.6698604421066714,1.6666146702728988,1.6628528322022762
416,404,422,18,0.6666666666666666,0.6671884016099703,0.33333333333333337,22.714682161236347,37.809491970230255,0.3755962698230003,1.4760833591227185,0.04116205088959503,1.6141714036894976,1.5029242144944954,0.0208528345410866,0.03991675723311252,0.031356972329824616,0.028536471462375687,1.4820713799534089,1.463007457261383,1.4715672421646708,1.4743877430321197
417,404,422,18,0.7222222222222222,0.722657133627378,0.2777777777777778,22.714682161236347,37.809491970230255,0.3755962698230003,1.4009171533851417,0.03630426050703146,1.5303516832425204,1.4181235316978655,0.03097793581133052,0.02810721826728292,0.02563684250827289,0.028245242376046756,1.387145595886535,1.3900163134305825,1.3924866891895926,1.3898782893218187
418,404,422,18,0.7777777777777778,0.778127056216411,0.2222222222222222,22.714682161236347,37.809491970230255,0.3755962698230003,1.2060338494588865,0.030904000682741194,1.3569280346829686,1.2180613011449781,0.02238574137365213,0.031793007187327596,0.025466151236109357,0.024823332340067374,1.195675559771326,1.1862682939576505,1.1925951499088687,1.1932379688049108
419,404,422,18,0.8333333333333334,0.833594994519402,0.16666666666666663,22.714682161236347,37.809491970230255,0.3755962698230003,0.9698157912366782,0.0239622842115077,1.1059462125136483,0.9758495745820427,0.01407163541959337,0.032380270614745146,0.025503812361178164,0.021606979300976735,0.9617779391624494,0.9434693039672976,0.9503457622208645,0.9542425952810659
421,404,422,18,0.9444444444444444,0.9445312679825922,0.05555555555555558,22.714682161236347,37.809491970230255,0.3755962698230003,0.35112966806285667,0.00963260160313121,0.5670675458876504,0.3537942089507967,0.017351784621594694,0.01687395043863357,0.01687883936928889,0.016949121325287222,0.336442424329202,0.3369202585121632,0.3369153695815078,0.3368450876255095
423,422,439,17,0.058823529411764705,0.0588240740779711,0.058823529411764705,12.422266532667196,21.928928871558487,0.17577303730495752,0.8941191867426437,0.005909304314614163,0.9300227682244567,0.9514888149281846,0.07389767600760012,0.07492209997947838,0.07438915282583598,0.07440936001564562,0.8775911389205845,0.8765667149487062,0.8770996621023486,0.877079454912539
424,422,439,17,0.11764705882352941,0.11764941079123882,0.11764705882352941,12.422266532667196,21.928928871558487,0.17577303730495752,1.654385065529285,0.012952589963084649,1.6549275900653055,1.696541949051301,0.046066241323947904,0.04827206977469711,0.04709023190703789,0.04724201407633186,1.650475707727353,1.648269879276604,1.649451717144263,1.649299934974969
426,422,439,17,0.23529411764705882,0.2352971380687488,0.23529411764705882,12.422266532667196,21.928928871558487,0.17577303730495752,2.703510544744972,0.02818277472866009,2.6776082433248503,2.710657004180933,0.04894023415910857,0.051353435473080036,0.0494197906978644,0.05062994987971507,2.6617167700218243,2.659303568707853,2.6612372134830684,2.6600270543012177
427,422,439,17,0.29411764705882354,0.29411952863299107,0.29411764705882354,12.422266532667196,21.928928871558487,0.17577303730495752,2.9072364362041294,0.03290371878016973,2.868889428710657,2.9126886602039948,0.043339911274161244,0.043853137453299246,0.043443962350139864,0.04348610520966168,2.8693487489298337,2.8688355227506954,2.869244697853855,2.869202554994333
428,422,439,17,0.35294117647058826,0.35294360271096215,0.35294117647058826,12.422266532667196,21.928928871558487,0.17577303730495752,3.021141309554049,0.03641071679913175,2.970337740000431,3.0170501401395375,0.01782858708990515,0.018976658006403326,0.017125243333870475,0.019176542848751556,2.9992215530496322,2.998073482133134,2.999924896805667,2.997873597290786
429,422,439,17,0.4117647058823529,0.41176515151834,0.4117647058823529,12.422266532667196,21.928928871558487,0.17577303730495752,3.0130217095624845,0.03864118696934626,2.945222294662475,2.9939449909463587,0.06433090669867665,0.06139101320517187,0.06377965408014392,0.061750052678595145,2.929614084247682,2.9325539777411866,2.9301653368662146,2.9321949382677635
431,422,439,17,0.5294117647058824,0.5294099326468245,0.47058823529411764,12.422266532667196,21.928928871558487,0.17577303730495752,2.9931156635694225,0.037610914855219335,2.946850628987361,2.995827313786491,0.08101029050933031,0.07829899728288033,0.08168810407238555,0.07756341717878877,2.9148170232771604,2.9175283165036103,2.9141392097141052,2.918263896607702
432,422,439,17,0.5882352941176471,0.5882323232110668,0.4117647058823529,12.422266532667196,21.928928871558487,0.17577303730495752,2.9696919917843836,0.035690044977656876,2.915968487337072,2.967298364345723,0.05742775774744943,0.055377385314189745,0.05842587100788195,0.05430988337202482,2.9098706065982736,2.911920979031533,2.908872493337841,2.912988480973698
433,422,439,17,0.6470588235294118,0.6470530302615801,0.3529411764705882,12.422266532667196,21.928928871558487,0.17577303730495752,2.822580901221105,0.03373168258414057,2.7677501278073278,2.8142448240215336,0.029105627773148297,0.028006817175227867,0.0301188420880193,0.026993147918286088,2.785139196248385,2.7862380068463057,2.7841259819335145,2.7872516761032475
434,422,439,17,0.7058823529411765,0.705874579068958,0.2941176470588235,12.422266532667196,21.928928871558487,0.17577303730495752,2.559789659569658,0.030956705406355055,2.505451623758364,2.5406408137590066,0.021601221311357516,0.02143150496520276,0.02212237790777306,0.021173717229571804,2.519039592447649,2.519209308793804,2.5185184358512336,2.519467096529435
436,422,439,17,0.8235294117647058,0.8235151514131204,0.17647058823529416,12.422266532667196,21.928928871558487,0.17577303730495752,1.7676664090147187,0.021607983698084463,1.7345657555315843,1.7416640948172164,0.046736918274453886,0.046638277248132215,0.04656948617230039,0.04693455444183817,1.6949271765427625,1.6950258175690842,1.695094608644916,1.6947295403753782
437,422,439,17,0.8823529411764706,0.8823278617734218,0.11764705882352944,12.422266532667196,21.928928871558487,0.17577303730495752,1.2420989641452345,0.015586489392345889,1.239638274312461,1.2335037800245916,0.0422238865009391,0.04214390905141689,0.042478920534268744,0.04201059046055747,1.1912798935236526,1.1913598709731748,1.1910248594903228,1.1914931895640342
438,422,439,17,0.9411764705882353,0.9411649830827914,0.05882352941176472,12.422266532667196,21.928928871558487,0.17577303730495752,0.6782630858332489,0.008352617812551807,0.6521844163443364,0.6376370970676147,0.08430073328936308,0.08428919797536874,0.08444110722083742,0.08418078860969681,0.5533363637782517,0.553347899092246,0.5531959898467773,0.5534563084579179
441,439,449,10,0.2,0.20000414907779593,0.2,4.71365681753809,14.142996996516406,0.2140226594863224,0.6214970260604439,0.006605102339808261,0.6549997987545887,0.6609825136676057,0.07561208578262277,0.07547419314455628,0.07547367054844412,0.07556841963849159,0.585370427884983,0.5855083205230495,0.5855088431191616,0.5854140940291142
442,439,449,10,0.3,0.3000069389749346,0.3,4.71365681753809,14.142996996516406,0.2140226594863224,0.9145554554227333,0.008499141440895076,0.9499366688284523,0.9395897232840938,0.05721817009089699,0.05825044472052425,0.057785426782942816,0.05757951128994118,0.8823715531931968,0.8813392785635696,0.881804296501151,0.8820102119941526
443,439,449,10,0.4,0.4000061520808698,0.4,4.71365681753809,14.142996996516406,0.2140226594863224,0.9762033207975429,0.008580387784194487,0.9460869954462925,0.9210064386396707,0.07119000975279922,0.07219431784951029,0.0720212225913109,0.07123791073476897,0.8498164288868715,0.8488121207901604,0.8489852160483597,0.8497685279049018
444,439,449,10,0.5,0.5000075112615271,0.5,4.71365681753809,14.142996996516406,0.2140226594863224,0.7644752333676084,0.009158472655423331,0.7867990024214853,0.7270083540742392,0.08027901186797375,0.08181085025016885,0.08147608225547688,0.08049504349270879,0.6467293422062655,0.6451975038240704,0.6455322718187624,0.6465133105815305
446,439,449,10,0.7,0.7000066528316383,0.30000000000000004,4.71365681753809,14.142996996516406,0.2140226594863224,0.6686036292953589,0.008249368165281993,0.7481550699697782,0.6587230958194489,0.061799001025857746,0.06462113766723815,0.06397119119050391,0.062399359556215006,0.5969240947935911,0.5941019581522107,0.594751904628945,0.5963237362632339
447,439,449,10,0.8,0.8000037198628516,0.19999999999999996,4.71365681753809,14.142996996516406,0.2140226594863224,0.5574745163540406,0.00927471205119896,0.7046463596307342,0.5663555736735723,0.07190517901556913,0.07381689320490074,0.07347406651152372,0.07219454581408889,0.4944503946580031,0.4925386804686715,0.49288150716204854,0.49416102785948335
448,439,449,10,0.9,0.9000029329687868,0.09999999999999998,4.71365681753809,14.142996996516406,0.2140226594863224,0.3415703147365487,0.008422803770920211,0.4873244946985681,0.33784920784634415,0.09778358462258852,0.09897688543944551,0.09882908678146858,0.09791703347930203,0.24006562322375563,0.23887232240689865,0.23902012106487558,0.23993217436704212
451,449,465,16,0.125,0.12500402415206643,0.125,17.273546674356666,32.39465034162407,0.4604929566343207,0.7639380144871789,0.022601694675116482,0.8305917250745796,0.7256535222020287,0.060216396074123525,0.053594481840236755,0.05694666202663558,0.05699196455319754,0.6654371261279052,0.672059040361792,0.6687068601753932,0.6686615576488312
452,449,465,16,0.1875,0.18750670692011073,0.1875,17.273546674356666,32.39465034162407,0.4604929566343207,1.1245852240657161,0.030948372162675455,1.2157591199734359,1.105169332558239,0.06985592427838824,0.06437890431641635,0.06716645545144634,0.06621062408804532,1.0353134082798507,1.0407904282418228,1.0380028771067926,1.0389587084701937
453,449,465,16,0.25,0.2500076011761255,0.25,17.273546674356666,32.39465034162407,0.4604929566343207,1.4946249703130081,0.03764313459832143,1.5691018726111294,1.4343919430268295,0.06859074862768741,0.0629311724354928,0.06601301314794422,0.0653991684650581,1.3658011943991422,1.3714607705913366,1.3683789298788853,1.3689927745617714
454,449,465,16,0.3125,0.31250938968815506,0.3125,17.273546674356666,32.39465034162407,0.4604929566343207,1.7730575499403138,0.043154350395740476,1.8724149193310833,1.698631905183229,0.07937540394222148,0.07255904033550935,0.07635381311802637,0.0755505081297133,1.6192565012410076,1.6260728648477196,1.6222780920652027,1.6230813970535158
456,449,465,16,0.4375,0.4375102839441698,0.4375,17.273546674356666,32.39465034162407,0.4604929566343207,2.1000147034154533,0.05122611663410731,2.341395590137767,2.095825216395741,0.0563493829713578,0.04404999209748356,0.051301103145797895,0.048981186555818255,2.039475833424383,2.0517752242982574,2.044524113249943,2.0468440298399226
457,449,465,16,0.5,0.5000098368161624,0.5,17.273546674356666,32.39465034162407,0.4604929566343207,2.137489748175017,0.05294616417454752,2.4264242211438996,2.155341104254877,0.07438971392661832,0.06608734308523341,0.0711430702818178,0.0692002063744735,2.080951390328259,2.0892537611696436,2.0841980339730592,2.0861408978804037
458,449,465,16,0.5625,0.5625102839441698,0.4375,17.273546674356666,32.39465034162407,0.4604929566343207,2.08013199076341,0.05256042941930625,2.3563040122842893,2.0598232647222705,0.09641279907061645,0.09021021252003975,0.09353955780070189,0.09382933698083996,1.963410465651654,1.9696130522022308,1.9662837069215686,1.9659939277414304
459,449,465,16,0.625,0.6250089425601476,0.375,17.273546674356666,32.39465034162407,0.4604929566343207,1.863353616135531,0.05045200102635654,2.223103819180327,1.9005219344154598,0.10018971753577187,0.09690400618387467,0.09869429089447626,0.09843853528479393,1.800332216879688,1.8036179282315852,1.8018276435209835,1.802083399130666
461,449,465,16,0.75,0.7500071540481181,0.25,17.273546674356666,32.39465034162407,0.4604929566343207,1.2765920866082148,0.03989962243034921,1.637651433289348,1.2969517499154541,0.0583194774791821,0.05921556003722483,0.05738424986398288,0.06019238130270118,1.238632272436272,1.2377361898782293,1.2395675000514712,1.236759368612753
462,449,465,16,0.8125,0.8125071540481181,0.1875,17.273546674356666,32.39465034162407,0.4604929566343207,1.012539269262051,0.03306524945994597,1.3703430018888505,1.0233831274908112,0.050362808363448454,0.05002321850834803,0.048993742291424267,0.05148476505911439,0.9730203191273628,0.9733599089824632,0.9743893851993869,0.9718983624316968
463,449,465,16,0.875,0.8750044712800739,0.125,17.273546674356666,32.39465034162407,0.4604929566343207,0.6900644270407138,0.024954200331535187,1.0988518853039537,0.6852356344637371,0.048030568019738325,0.04479799772999105,0.04671241759744003,0.04621880461240342,0.6372050664439988,0.6404376367337461,0.6385232168662971,0.6390168298513337
464,449,465,16,0.9375,0.9375035770240591,0.0625,17.273546674356666,32.39465034162407,0.4604929566343207,0.3682639814986529,0.01516755757536237,0.8373079258442082,0.3369592268254474,0.032326659572006144,0.029947991283026273,0.031799867663653086,0.03062171954526559,0.30463256725344123,0.3070112355424211,0.30515935916179426,0.3063375072801818
466,465,479,14,0.07142857142857142,0.0714244105536723,0.07142857142857142,16.012892044603547,34.31922904388072,0.1412183691250661,0.285515255434157,0.010325389401252796,0.5504207009659288,0.3402650260951432,0.06208282034279186,0.0635368049717596,0.06282131700932911,0.06281439649071917,0.2781822057523513,0.2767282211233836,0.27744370908581406,0.277450629604424
467,465,479,14,0.14285714285714285,0.14284575519952417,0.14285714285714285,16.012892044603547,34.31922904388072,0.1412183691250661,0.7461683378267604,0.013528004004530655,0.7658261453064619,0.8221671436358444,0.08232238367181507,0.08483540962770128,0.08362865531516549,0.08357892976030164,0.7398447599640293,0.7373317340081431,0.7385384883206789,0.7385882138755427
468,465,479,14,0.21428571428571427,0.21427885249202097,0.21428571428571427,16.012892044603547,34.31922904388072,0.1412183691250661,1.2411971440421068,0.015687564850456463,1.1393861669752268,1.3307522792233788,0.10354993489387666,0.10584023234945121,0.10479650644262462,0.10457973123316475,1.2272023443295021,1.2249120468739276,1.2259557727807542,1.2261725479902141
469,465,479,14,0.2857142857142857,0.28570837289206064,0.2857142857142857,16.012892044603547,34.31922904388072,0.1412183691250661,1.7908228401983626,0.016956877243412997,1.6357775008107993,1.8878916758773623,0.11080624410162661,0.11304575631817254,0.11214764492995559,0.11170616711880509,1.7770854317757356,1.7748459195591897,1.7757440309474066,1.7761855087585572
471,465,479,14,0.42857142857142855,0.4285699686153236,0.42857142857142855,16.012892044603547,34.31922904388072,0.1412183691250661,2.4099750044748305,0.01894209601675251,2.139407570550927,2.4726645725261043,0.10083468875170065,0.10024750376393374,0.1011752584762389,0.09967054354166517,2.371829883774404,2.3724170687621706,2.371489314049865,2.372994028984439
472,465,479,14,0.5,0.5000010219692734,0.5,16.012892044603547,34.31922904388072,0.1412183691250661,2.4508143694822917,0.019017932462546402,2.1290299748404076,2.5023789800908665,0.0879920857138803,0.08622779376894431,0.08793464030885172,0.0860514686820079,2.414386894376986,2.416151186321922,2.4144443397820146,2.4163275114088587
473,465,479,14,0.5714285714285714,0.5714295204000397,0.4285714285714286,16.012892044603547,34.31922904388072,0.1412183691250661,2.4531624583573612,0.019246190314107754,2.12121345728041,2.52661499722951,0.07621613050060869,0.07696254562515481,0.07695627352376601,0.0761390865136719,2.4503988667289014,2.449652451604355,2.449658723705744,2.4504759107158383
474,465,479,14,0.6428571428571429,0.6428600627693528,0.3571428571428571,16.012892044603547,34.31922904388072,0.1412183691250661,2.431259258742959,0.018155492124940633,2.0636953856100586,2.495468989266163,0.08044929418412206,0.07831757102438086,0.08051114436002971,0.07825181164418646,2.415019695082041,2.417151418241782,2.4149578449061333,2.4172171776219766
476,465,479,14,0.7857142857142857,0.7857175706155218,0.2142857142857143,16.012892044603547,34.31922904388072,0.1412183691250661,2.016779511875701,0.014372783693436949,1.6185109199118832,2.0709429612205854,0.05440051449672572,0.0542680448775317,0.054522734307395314,0.05427246966172855,2.0165424467238595,2.0166749163430535,2.01642022691319,2.0166704915588567
477,465,479,14,0.8571428571428571,0.8571445360923778,0.1428571428571429,16.012892044603547,34.31922904388072,0.1412183691250661,1.4913893325723728,0.012317154328838455,1.0629380443130259,1.5019795983272928,0.015685966303553688,0.014447075488267019,0.016068612352653985,0.014142454768394748,1.486293632023739,1.4875325228390257,1.4859109859746389,1.487837143558898
478,465,479,14,0.9285714285714286,0.9285740564924175,0.0714285714285714,16.012892044603547,34.31922904388072,0.1412183691250661,0.8053773644818606,0.01001638420497448,0.41500655710088513,0.8052647334280062,0.0,0.0,0.0,0.0,0.8052647334280062,0.8052647334280062,0.8052647334280062,0.8052647334280062
481,479,495,16,0.125,0.12500447137603915,0.125,5.256970477513104,9.859085613309642,0.42879663232011916,0.6078417366691014,0.011205333880862202,0.06954687247777255,0.5377542360648391,0.07022341598146525,0.06906172662484221,0.06965264706570617,0.06966213853244611,0.4675308200833738,0.46869250943999685,0.4681015889991329,0.46809209753239295
482,479,495,16,0.1875,0.18750715420166264,0.1875,5.256970477513104,9.859085613309642,0.42879663232011916,0.7260998392851092,0.011844561204607484,0.21179213096239705,0.6152639225416355,0.11560028368584781,0.11438156572637817,0.11500023309133306,0.11506013007456234,0.49966363885578774,0.5008823568152574,0.5002636894503025,0.5002037924670732
483,479,495,16,0.25,0.2500076013392665,0.25,5.256970477513104,9.859085613309642,0.42879663232011916,0.8149992095002607,0.012202601869206789,0.2684904073284734,0.6515061724032802,0.170466609068636,0.16965927773661335,0.17009419131881842,0.1701342791248834,0.48103956333464426,0.48184689466666686,0.4814119810844618,0.4813718932783968
484,479,495,16,0.3125,0.31250983702728613,0.3125,5.256970477513104,9.859085613309642,0.42879663232011916,0.8800319451340372,0.0119777055878054,0.35299108514602623,0.7221813156575373,0.16718753567721722,0.16803608796969505,0.16771520606655038,0.16759925463709946,0.5549937799803201,0.5541452276878422,0.5544661095909869,0.5545820610204378
486,479,495,16,0.4375,0.43751117844009785,0.4375,5.256970477513104,9.859085613309642,0.42879663232011916,0.9710662090100448,0.013003369490412869,0.9296227746090606,1.2176609544188615,0.25889790888963715,0.25912048069936633,0.25884513126788306,0.258828659594241,0.9587630455292243,0.9585404737194951,0.9588158231509785,0.9588322948246204
487,479,495,16,0.5,0.50001028416489,0.5,5.256970477513104,9.859085613309642,0.42879663232011916,0.9766397676697067,0.013682879829226299,0.8990459371803223,1.1526473400641064,0.18005964947412126,0.18117804619397251,0.18047181415847582,0.18038217204799029,0.9725876905899852,0.9714692938701339,0.9721755259056306,0.9722651680161161
488,479,495,16,0.5625,0.5625111784400979,0.4375,5.256970477513104,9.859085613309642,0.42879663232011916,0.9346991357364698,0.013612188054550911,0.891958132622648,1.1052477054350136,0.1809815631150975,0.18212327538886014,0.18143736328288756,0.18128258745342551,0.9242661423199161,0.9231244300461534,0.923810342152126,0.9239651179815881
489,479,495,16,0.625,0.6250093898896822,0.375,5.256970477513104,9.859085613309642,0.42879663232011916,0.8055151112811576,0.014329476912859126,0.7891122026266679,0.9542993381262397,0.1557952532533619,0.15559617657665725,0.15549512899856244,0.15552802878586472,0.7985040848728777,0.7987031615495824,0.7988042091276772,0.798771309340375
491,479,495,16,0.75,0.7500076013392666,0.25,5.256970477513104,9.859085613309642,0.42879663232011916,0.48520873874701964,0.015030177160619225,0.4859189546296766,0.5948216003920891,0.11857307981837253,0.11838435536075287,0.1183034757433337,0.11836896619187126,0.4762485205737166,0.4764372450313362,0.47651812464875537,0.47645263420021783
492,479,495,16,0.8125,0.8125071542016626,0.1875,5.256970477513104,9.859085613309642,0.42879663232011916,0.3642826572647824,0.015362154403734701,0.3722012778529647,0.4503262333932098,0.09145438477006856,0.09271609717453663,0.09204995548331499,0.09189374417639216,0.35887184862314125,0.3576101362186732,0.3582762779098948,0.35843248921681764
493,479,495,16,0.875,0.8750044713760391,0.125,5.256970477513104,9.859085613309642,0.42879663232011916,0.28785976135037167,0.01598335426187442,0.3138312947615605,0.35622228580180576,0.07158344587055093,0.07333655556306175,0.07252244460387551,0.07225440678719983,0.28463883993125483,0.282885730238744,0.28369984119793024,0.28396787901460596
494,479,495,16,0.9375,0.9375031299632274,0.0625,5.256970477513104,9.859085613309642,0.42879663232011916,0.16389480806838466,0.016828926358563426,0.22407356054146982,0.1826266267901932,0.020487155157501772,0.020314010272147538,0.020308477781644924,0.020374673210233406,0.16213947163269143,0.16231261651804565,0.16231814900854827,0.1622519535799598
496,495,514,19,0.05263157894736842,0.05262787318615622,0.05263157894736842,17.33137728151588,27.370479555227256,0.7277765321818157,0.5845974909668314,0.014260806380222101,0.7443083309356942,0.5453745131752222,0.05115658360508221,0.04837184271608458,0.04958594781275189,0.04952561268181745,0.49421792957014,0.49700267045913765,0.49578856536247035,0.4958489004934048
497,495,514,19,0.10526315789473684,0.10525009855442219,0.10526315789473684,17.33137728151588,27.370479555227256,0.7277765321818157,1.0300327553902369,0.014634269057701979,1.1746503247646471,0.9305301243078311,0.10223538340018114,0.09894416697023459,0.10062169445101429,0.10055581623621103,0.82829474090765,0.8315859573375965,0.8299084298568168,0.8299743080716201
498,495,514,19,0.15789473684210525,0.1578855021644321,0.15789473684210525,17.33137728151588,27.370479555227256,0.7277765321818157,1.448888989133159,0.017435179266633228,1.6228305900609463,1.328606783561804,0.12872274924178925,0.1215373898987307,0.1250286356080284,0.1249782388482418,1.1998840343200148,1.2070693936630734,1.2035781479537757,1.2036285447135622
499,495,514,19,0.21052631578947367,0.21051902316847854,0.21052631578947367,17.33137728151588,27.370479555227256,0.7277765321818157,1.8955396483346476,0.021010330499663582,2.076449532494481,1.7268170721716842,0.1794400631746679,0.1750239938314084,0.17718183861621029,0.1770158065324581,1.5473770089970162,1.5517930783402758,1.549635233555474,1.5498012656392262
501,495,514,19,0.3157894736842105,0.3157868182189569,0.3157894736842105,17.33137728151588,27.370479555227256,0.7277765321818157,2.429266839278629,0.02899277341659229,2.6036952726742815,2.155022276749753,0.2958336657780097,0.291791287599742,0.29389291939795154,0.2934719000099157,1.8591886109717435,1.8632309891500112,1.8611293573518015,1.8615503767398374
502,495,514,19,0.3684210526315789,0.368420715744196,0.3684210526315789,17.33137728151588,27.370479555227256,0.7277765321818157,2.58044284675216,0.03200939698337852,2.756127692448918,2.2595612984501647,0.3446675624554987,0.34099612113107547,0.3430953740363013,0.3424501376110739,1.914893735994666,1.9185651773190893,1.9164659244138633,1.9171111608390907
503,495,514,19,0.42105263157894735,0.42105310718466443,0.42105263157894735,17.33137728151588,27.370479555227256,0.7277765321818157,2.7161996565443114,0.03468099118003427,2.9136680148621963,2.370506766325333,0.3812294679947452,0.3781440649110785,0.38006306229128733,0.3790341984664336,1.989277298330588,1.9923627014142546,1.990443704034046,1.9914725678588996
504,495,514,19,0.47368421052631576,0.47368662818871093,0.47368421052631576,17.33137728151588,27.370479555227256,0.7277765321818157,2.834261704597983,0.0359616127863677,3.0395221697140897,2.4520060043940046,0.4341415186972734,0.43312905623325887,0.4342001322728153,0.4327461270201,2.017864485696731,2.0188769481607456,2.0178058721211896,2.0192598773739046
506,495,514,19,0.5789473684210527,0.5789514110696478,0.42105263157894735,17.33137728151588,27.370479555227256,0.7277765321818157,3.0599552663843093,0.035275755669274426,3.60015836476303,2.9222638558228073,0.40490052072977567,0.42650756000379425,0.41479300908238903,0.41839100177955413,2.5173633350930316,2.495756295819013,2.5074708467404183,2.5038728540432533
507,495,514,19,0.631578947368421,0.6315826729465381,0.368421052631579,17.33137728151588,27.370479555227256,0.7277765321818157,3.0512198526075123,0.03876842380416091,3.8087580965777414,3.0821613029175934,0.3120684552733328,0.3334412717694974,0.32083804226471385,0.3259634129232127,2.7700928476442606,2.748720031148096,2.7613232606528797,2.7561978899943806
508,495,514,19,0.6842105263157895,0.6842150643870065,0.3157894736842105,17.33137728151588,27.370479555227256,0.7277765321818157,2.8804511730776814,0.043998065823906786,3.8814853479639804,3.101232270376694,0.24860518998996298,0.25502254558207604,0.24971011012269106,0.2529294511945577,2.852627080386731,2.846209724794618,2.851522160254003,2.8483028191821362
509,495,514,19,0.7368421052631579,0.7368459497427042,0.26315789473684215,17.33137728151588,27.370479555227256,0.7277765321818157,2.5967115946582804,0.04122446325997406,3.5974941907385527,2.7684396663042974,0.1947855822551237,0.19698048130019194,0.19382095674141678,0.19685510714659693,2.5736540840491737,2.5714591850041053,2.5746187095628805,2.5715845591577002
511,495,514,19,0.8421052631578947,0.8421080969752923,0.1578947368421053,17.33137728151588,27.370479555227256,0.7277765321818157,1.7948689640904683,0.030800488238813168,2.8276008728323476,1.8980154067132065,0.11471098442115944,0.11328918942186976,0.11291409494051026,0.11404796387062219,1.783304422292047,1.7847262172913367,1.7851013117726962,1.7839674428425842
512,495,514,19,0.8947368421052632,0.8947397353733754,0.10526315789473684,17.33137728151588,27.370479555227256,0.7277765321818157,1.2382079541503512,0.023466699067258057,2.2791389809998934,1.3004718681187357,0.06925571712044462,0.067600171579917,0.06781741735622707,0.06818912334096609,1.231216150998291,1.2328716965388187,1.2326544507625086,1.2322827447777696
513,495,514,19,0.9473684210526315,0.9473691146443023,0.052631578947368474,17.33137728151588,27.370479555227256,0.7277765321818157,0.6357220838612619,0.017555401816975853,1.6931571843590714,0.6655240335215262,0.03319320860790958,0.03183254817012926,0.032500932249130914,0.03191559990207026,0.6323308249136167,0.633691485351397,0.6330231012723954,0.633608433619456
516,514,540,26,0.07692307692307693,0.07692178581569963,0.07692307692307693,9.044824987259874,10.438448489889751,0.913226371759391,2.0859908250322974,0.01930531132887779,1.0239742480991836,2.008447098771117,0.07610795441230496,0.07733549047569696,0.07678291468258067,0.07670560579217872,1.932339144358812,1.93111160829542,1.9316641840885362,1.9317414929789383
517,514,540,26,0.11538461538461539,0.1153811653763777,0.11538461538461539,9.044824987259874,10.438448489889751,0.913226371759391,3.01353135428777,0.029485170122499373,1.974832955305148,2.9046393054398347,0.10824973328914379,0.10987379246414689,0.1092470063787522,0.1090033526974735,2.796389572150691,2.7947655129756876,2.7953922990610827,2.7956359527423613
518,514,540,26,0.15384615384615385,0.1538419207072119,0.15384615384615385,9.044824987259874,10.438448489889751,0.913226371759391,3.8990510619995518,0.04034987331530155,2.871251775151789,3.748227460482189,0.14913595380982775,0.15254834988415059,0.15099925902381325,0.15093082806426583,3.599091506672361,3.5956791105980384,3.5972282014583756,3.597296632417923
519,514,540,26,0.19230769230769232,0.1923015754219212,0.19230769230769232,9.044824987259874,10.438448489889751,0.913226371759391,4.734583026068206,0.05045692222896475,3.729893118511638,4.5621276853089725,0.17019371605718972,0.17436508829922479,0.17227647755406697,0.17260977617046203,4.391933969251783,4.387762597009748,4.389851207754906,4.389517909138511
521,514,540,26,0.2692307692307692,0.26922088485133977,0.2692307692307692,9.044824987259874,10.438448489889751,0.913226371759391,6.334724511874347,0.06446720793172081,5.309153608873913,6.067903227195622,0.2700771863133052,0.2734445342530116,0.2715549916299382,0.2724323208838718,5.797826040882317,5.7944586929426105,5.7963482355656835,5.79547090631175
522,514,540,26,0.3076923076923077,0.3076808147200803,0.3076923076923077,9.044824987259874,10.438448489889751,0.913226371759391,7.0035743847516825,0.0710348899540582,5.999152850595674,6.71421401897288,0.30020453093206273,0.3014202470943113,0.30098350968940507,0.30110818856248955,6.414009488040818,6.412793771878569,6.413230509283475,6.413105830410391
523,514,540,26,0.34615384615384615,0.3461396439726959,0.34615384615384615,9.044824987259874,10.438448489889751,0.913226371759391,7.573525974297362,0.07429041868047703,6.534499212857181,7.2095633405420605,0.37616339315778996,0.3780674575580196,0.37701885191980755,0.3777259154987992,6.833399947384271,6.831495882984041,6.832544488622253,6.831837425043261
524,514,540,26,0.38461538461538464,0.384599023533374,0.38461538461538464,9.044824987259874,10.438448489889751,0.913226371759391,7.877511870175604,0.08002057008379666,6.849153215830261,7.473166094817769,0.40676604686815926,0.4095067668575484,0.40852964238792994,0.4084279914457573,7.066400047949609,7.06365932796022,7.064636452429839,7.064738103372012
526,514,540,26,0.46153846153846156,0.4615166820386052,0.46153846153846156,9.044824987259874,10.438448489889751,0.913226371759391,7.976641644896075,0.0848879080724117,6.910046889096525,7.447540932317966,0.5414102613400208,0.5440275410148566,0.5420534527705033,0.5439703846683928,6.906130670977945,6.903513391303109,6.905487479547463,6.903570547649573
527,514,540,26,0.5,0.4999741355210647,0.5,9.044824987259874,10.438448489889751,0.913226371759391,7.88986608025018,0.08615946937171698,6.834339702117571,7.327652895840569,0.5744616766718224,0.5766435989981022,0.5750661553984792,0.5766452706591173,6.753191219168747,6.751009296842467,6.75258674044209,6.751007625181452
528,514,540,26,0.5384615384615384,0.5384392933163985,0.46153846153846156,9.044824987259874,10.438448489889751,0.913226371759391,7.693496965132564,0.0869392592664846,6.660799431283968,7.109726137253732,0.5976948656131704,0.5996664623674814,0.5981179992656731,0.5998388270517383,6.512031271640562,6.510059674886251,6.511608137988059,6.509887310201994
529,514,540,26,0.5769230769230769,0.5769030753415763,0.42307692307692313,9.044824987259874,10.438448489889751,0.913226371759391,7.415688396889912,0.10336323743181453,6.647287463649165,7.037262585927485,0.395452128479651,0.3947198606547099,0.3981651722975344,0.3929079199443261,6.641810457447835,6.642542725272776,6.639097413629951,6.644354665983159
531,514,540,26,0.6538461538461539,0.6538314648540253,0.34615384615384615,9.044824987259874,10.438448489889751,0.913226371759391,6.931888164170452,0.08643440370222542,6.077351533040882,6.384426292814806,0.5692224214836215,0.568800376901553,0.5703910693695257,0.5682260109283459,5.815203871331184,5.815625915913253,5.81403522344528,5.816200281886459
532,514,540,26,0.6923076923076923,0.6922960723412966,0.3076923076923077,9.044824987259874,10.438448489889751,0.913226371759391,6.478651025455441,0.0733076639011531,5.454917332051676,5.714731982939848,0.7838162283129834,0.7850433786304399,0.783783803032861,0.7855791404040966,4.930915754626865,4.929688604309408,4.930948179906987,4.929152842535752
533,514,540,26,0.7307692307692307,0.7307590289043807,0.2692307692307693,9.044824987259874,10.438448489889751,0.913226371759391,5.7817114720511125,0.06975796866128109,4.757644824867288,4.951235617910094,0.8462510355130912,0.8479557647111994,0.846417362803117,0.8482930772549767,4.1049845823970035,4.103279853198895,4.104818255106977,4.102942540655118
534,514,540,26,0.7692307692307693,0.7692230860835896,0.23076923076923073,9.044824987259874,10.438448489889751,0.913226371759391,5.002094498940768,0.06285257005379107,4.0244856742529205,4.164727308467706,0.8581473623610749,0.8587059333819804,0.8583433202319187,0.858932976559347,3.3065799461066305,3.3060213750857255,3.306383988235787,3.3057943319083587
536,514,540,26,0.8461538461538461,0.8461495495178201,0.15384615384615385,9.044824987259874,10.438448489889751,0.913226371759391,3.216491338201316,0.04749664973466136,2.3398839441898227,2.3035609644742934,0.9374589245026493,0.9385485737325565,0.9381405692333025,0.938204122389361,1.366102039971644,1.3650123907417369,1.365420395240991,1.3653568420849322
537,514,540,26,0.8846153846153846,0.8846116806188105,0.11538461538461542,9.044824987259874,10.438448489889751,0.913226371759391,2.447229885981683,0.035910778596822165,1.5881182720069267,1.524166871421028,0.9552290211372418,0.9554256667750444,0.9556691734370353,0.9552486211173515,0.5689378502837861,0.5687412046459835,0.5684976979839926,0.5689182503036764
538,514,540,26,0.9230769230769231,0.9230749123359256,0.07692307692307687,9.044824987259874,10.438448489889751,0.913226371759391,1.8059734454985539,0.02445447976919195,0.934059024230457,0.9745197220855923,0.9685478113650332,0.9681511464281616,0.9681481319090742,0.9687395597917386,0.005971910720559137,0.006368575657430764,0.006371590176518116,0.005780162293853697
539,514,540,26,0.9615384615384616,0.9615367682828848,0.038461538461538436,9.044824987259874,10.438448489889751,0.913226371759391,1.0105819375313712,0.012745750067885723,0.24850078710066095,0.4061065364797969,1.0078634998032743,1.0075836748035918,1.007404156690003,1.0081450374382162,-0.6017569633234774,-0.6014771383237949,-0.601297620210206,-0.6020385009584193
541,540,548,8,0.125,0.12499977643639615,0.125,5.147117722602748,19.305679814338113,0.47980871937212266,0.350264662988244,0.010542536816690574,0.2933293737206541,0.6792788237234496,0.3545628370748216,0.35552619607656005,0.35497427237498574,0.35502361444908104,0.324715986648628,0.32375262764688956,0.32430455134846387,0.32425520927436857
542,540,548,8,0.25,0.2500031298904538,0.25,5.147117722602748,19.305679814338113,0.47980871937212266,0.42625007576990614,0.026752995758971575,0.3213471421773469,0.28460798666961146,0.15901632830006895,0.15823475350074798,0.15863435381714505,0.15872295494338734,0.1255916583695425,0.12637323316886348,0.1259736328524664,0.12588503172622412
543,540,548,8,0.375,0.3750020120724346,0.375,5.147117722602748,19.305679814338113,0.47980871937212266,0.4250125398009107,0.024695094478832683,0.3090108406386602,0.24419162812115222,0.2055223289882247,0.2040757827817594,0.20479360012501302,0.20492278282791268,0.03866929913292752,0.04011584533939283,0.0393980279961392,0.03926884529323954
544,540,548,8,0.5,0.5000044712720769,0.5,5.147117722602748,19.305679814338113,0.47980871937212266,0.3799084468476464,0.023222901954282952,0.20252561237369116,0.13106189624399364,0.2537981856269782,0.2509669591025666,0.25242324314399733,0.25245959904221443,-0.12273628938298456,-0.11990506285857297,-0.12136134690000369,-0.12139770279822079
546,540,548,8,0.75,0.7500031298904538,0.25,5.147117722602748,19.305679814338113,0.47980871937212266,0.3902289313739245,0.0015087090025111174,0.33170782957524375,0.4677040110086282,0.10871974212621471,0.10964550586360783,0.10895661686819398,0.10919490877137332,0.35898426888241347,0.35805850514502036,0.3587473941404342,0.35850910223725485
547,540,548,8,0.875,0.8750002235636039,0.125,5.147117722602748,19.305679814338113,0.47980871937212266,0.18898507328032174,0.004686175986849457,0.17724863112785647,0.18506670017443144,0.0,0.005986223314402738,0.002856598781392567,0.0026605573221340916,0.18506670017443144,0.1790804768600287,0.18221010139303886,0.18240614285229734
549,548,555,7,0.14285714285714285,0.14285743487014912,0.14285714285714285,7.31523764256935,31.358738494505683,0.028735363531361222,0.45686747692903895,0.0011585044708458808,0.5847401823137554,0.523176077821294,0.0784383235250388,0.07868771498060352,0.07856375698994772,0.07855591606202957,0.4447377542962553,0.44448836284069054,0.44461232083134633,0.4446201617592645
551,548,555,7,0.42857142857142855,0.4285753707470131,0.42857142857142855,7.31523764256935,31.358738494505683,0.028735363531361222,1.0388042253179237,0.0022689430683830686,1.09987112992842,1.0254017285433108,0.05414128883763202,0.05386952144343198,0.054073825794103844,0.05392395930079879,0.9712604397056788,0.9715322070998789,0.971327902749207,0.9714777692425121
552,548,555,7,0.5714285714285714,0.5714338276626841,0.4285714285714286,7.31523764256935,31.358738494505683,0.028735363531361222,0.9790715651757939,0.0012409359296653864,1.0291160905917274,0.9539395848240333,0.07207482644018984,0.07190412388975662,0.07207250604963743,0.07189923182159719,0.8818647583838435,0.8820354609342766,0.8818670787743959,0.8820403530024361
553,548,555,7,0.7142857142857143,0.7142881963962675,0.2857142857142857,7.31523764256935,31.358738494505683,0.028735363531361222,0.7237612444414421,0.0015634912178888753,0.7477336610337757,0.682420404207265,0.08081736096328687,0.08065712699066273,0.08080901807403856,0.08066675118855728,0.6016030432439782,0.6017632772166023,0.6016113861332264,0.6017536530187078
554,548,555,7,0.8571428571428571,0.8571466533119385,0.1428571428571429,7.31523764256935,31.358738494505683,0.028735363531361222,0.37537884708964747,0.003658548632575423,0.39663737714535985,0.33330863048356196,0.05411347241266656,0.05398748164647408,0.05408030028822827,0.054025273449046694,0.2791951580708954,0.27932114883708786,0.27922833019533366,0.2792833570345153
556,555,565,10,0.1,0.09965606092797956,0.1,8.177195785137211,24.45335860381281,0.23898302206863356,0.7715130807439938,0.01086655330722008,0.7399745410008056,0.8090368926808313,0.06392593006152923,0.06428313226846265,0.06421540788164719,0.06400901826843144,0.7451109626193021,0.7447537604123687,0.7448214847991842,0.7450278744123999
557,555,565,10,0.2,0.19930784400680462,0.2,8.177195785137211,24.45335860381281,0.23898302206863356,1.2558724479507097,0.01475802902301142,1.1967811342746872,1.2579174865590255,0.0358692925828289,0.03422750297781815,0.03460348891807886,0.035439654977979074,1.2220481939761965,1.2236899835812074,1.2233139976409466,1.2224778315810463
558,555,565,10,0.3,0.2990123872252017,0.3,8.177195785137211,24.45335860381281,0.23898302206863356,1.4333663487631663,0.01735576052504941,1.389943515792147,1.4176131426400447,0.026813822799990474,0.029814516235949346,0.02901243916802634,0.027576220075212734,1.3907993198400541,1.3877986264040953,1.3886007034720182,1.390036922564832
559,555,565,10,0.4,0.3987568570357072,0.4,8.177195785137211,24.45335860381281,0.23898302206863356,1.5882110828282783,0.01960956390990339,1.548853830312609,1.5607746274854115,0.0843818893873444,0.08034137364450579,0.08111562709303316,0.0835519487828726,1.476392738098067,1.4804332538409057,1.4796590003923784,1.4772226787025389
561,555,565,10,0.6,0.5985445331226731,0.4,8.177195785137211,24.45335860381281,0.23898302206863356,1.8748009540499455,0.025443719858606273,1.943951527822809,1.9136193471230925,0.15835902298397556,0.15246903252959576,0.1532324101887692,0.15755025433838007,1.755260324139117,1.7611503145934968,1.7603869369343232,1.7560690927847125
562,555,565,10,0.7,0.6989050132114242,0.30000000000000004,8.177195785137211,24.45335860381281,0.23898302206863356,1.9047751510546362,0.024309014862460752,1.9412752348517601,1.8945634966880893,0.09736656669622178,0.0915296397375026,0.09195985032203029,0.09689188594596285,1.7971969299918675,1.8030338569505868,1.802603646366059,1.7976716107421264
563,555,565,10,0.8,0.7992654933001753,0.19999999999999996,8.177195785137211,24.45335860381281,0.23898302206863356,1.4155420439004949,0.01971578859097909,1.4321589178774796,1.3677451614815035,0.07581898962046019,0.07313883234870278,0.0730382737017375,0.07587132120331339,1.2919261718610433,1.2946063291328007,1.294706887779766,1.2918738402781902
564,555,565,10,0.9,0.8996323901626581,0.09999999999999998,8.177195785137211,24.45335860381281,0.23898302206863356,0.6545612330834347,0.012592356024160239,0.7474360432549986,0.6458096028220255,0.0681560666630692,0.06652038630928356,0.0666596218272667,0.06800817211299844,0.5776535361589563,0.5792892165127419,0.5791499809947588,0.577801430709027
566,565,579,14,0.07142857142857142,0.07141208594163326,0.07142857142857142,23.906239808081153,50.86155044330439,0.2824109868794615,0.6099722935654599,0.01194830156455122,0.8195184645317488,0.6388232820431081,0.06619389811437454,0.07045983888618246,0.06846042389330304,0.06827796854476058,0.5726293839287335,0.5683634431569257,0.570362858149805,0.5705453134983476
567,565,579,14,0.14285714285714285,0.14282467912901847,0.14285714285714285,23.906239808081153,50.86155044330439,0.2824109868794615,1.281236068065923,0.019073534645538674,1.5186258437580185,1.3318737761750914,0.08164500711419927,0.09006731441310821,0.0861596049361236,0.08542648673234082,1.2502287690608922,1.2418064617619833,1.2457141712389679,1.2464472894427505
568,565,579,14,0.21428571428571427,0.21424183752817116,0.21428571428571427,23.906239808081153,50.86155044330439,0.2824109868794615,1.7198766415370184,0.025306550969747058,1.9107057981394282,1.712621678667662,0.04174355869938813,0.04871335054601715,0.04556485162089884,0.04397493479484855,1.6708781199682738,1.663908328121645,1.6670568270467632,1.6686467438728134
569,565,579,14,0.2857142857142857,0.28565899592732386,0.2857142857142857,23.906239808081153,50.86155044330439,0.2824109868794615,1.9214647632190247,0.030014506751534643,2.107621902232193,1.8960681351922093,0.054237171176876355,0.05775716282880371,0.05624900595433466,0.05439298318603101,1.841830964015333,1.8383109723634057,1.8398191292378747,1.8416751520061783
571,565,579,14,0.42857142857142855,0.4285054866236759,0.42857142857142855,23.906239808081153,50.86155044330439,0.2824109868794615,1.7947044220226058,0.03438474215950877,1.9585408063113217,1.785190117461416,0.08892696337011737,0.09116139189483562,0.09051898526205904,0.08919299836468378,1.6962631540912987,1.6940287255665805,1.6946711321993568,1.6959971190967322
572,565,579,14,0.5,0.49993380442937135,0.5,23.906239808081153,50.86155044330439,0.2824109868794615,1.672178296970137,0.0347353385929938,1.8320906661830059,1.692318309118421,0.08814449754673175,0.09604527633192277,0.09307753622187519,0.09036772421752642,1.6041738115716893,1.5962730327864982,1.5992407728965459,1.6019505849008946
573,565,579,14,0.5714285714285714,0.5713616149893148,0.4285714285714286,23.906239808081153,50.86155044330439,0.2824109868794615,1.6401297699348658,0.03347289428580642,1.7850957128161733,1.6771854674366666,0.09387944564883252,0.10139084502216753,0.0987811809424826,0.09574087550314438,1.583306021787834,1.5757946224144992,1.578404286494184,1.5814445919335223
574,565,579,14,0.6428571428571429,0.6427965269897856,0.3571428571428571,23.906239808081153,50.86155044330439,0.2824109868794615,1.761427905108257,0.03215756508756958,1.8805820082738811,1.799556160575512,0.08895520788047208,0.09734777917577773,0.09483876584450786,0.09041130035483265,1.7106009526950399,1.7022083813997342,1.7047173947310041,1.7091448602206794
576,565,579,14,0.7857142857142857,0.7856699017109906,0.2142857142857143,23.906239808081153,50.86155044330439,0.2824109868794615,1.3929863360343249,0.0246769929788084,1.467775374712424,1.4259232909606232,0.06619206865952225,0.07009012796639742,0.06968188083388277,0.06592277379840075,1.3597312223011009,1.3558331629942257,1.3562414101267404,1.3600005171622225
577,565,579,14,0.8571428571428571,0.8571098861689808,0.1428571428571429,23.906239808081153,50.86155044330439,0.2824109868794615,1.1726793557686908,0.018666049841545868,1.2153819593274013,1.1733381612521916,0.03125262115425326,0.031764073092168804,0.033001927311831054,0.029216785717209155,1.1420855400979384,1.1415740881600227,1.1403362339403604,1.1441213755349824
578,565,579,14,0.9285714285714286,0.9285544358387384,0.0714285714285714,23.906239808081153,50.86155044330439,0.2824109868794615,0.6443820734492158,0.012208651904661994,0.6792138087058862,0.6164344565784932,0.05667000896066133,0.05558977381261809,0.05694750872901116,0.055037639946361766,0.5597644476178318,0.5608446827658751,0.559486947849482,0.5613968166321314
581,579,592,13,0.15384615384615385,0.15396937653439785,0.15384615384615385,4.522011214702016,10.365965348497971,0.6489878700638085,2.0337202269190287,0.0168389420821971,1.5415103601950646,1.8817486250605675,0.2157003910934996,0.2149626447640884,0.21554054409505533,0.21498649104139333,1.666048233967068,1.666785980296479,1.6662080809655122,1.6667621340191743
582,579,592,13,0.23076923076923078,0.2309598034221854,0.23076923076923078,4.522011214702016,10.365965348497971,0.6489878700638085,2.689200124942168,0.025622657490640875,2.1532399799359188,2.512538392330758,0.2528956257895185,0.2502745498646957,0.25169063005484477,0.25129329917584975,2.2596427665412393,2.262263842466062,2.260847762275913,2.261245093154908
583,579,592,13,0.3076923076923077,0.3079507768452671,0.3076923076923077,4.522011214702016,10.365965348497971,0.6489878700638085,3.0135245101326973,0.029765989368073568,2.4438148631616334,2.830020975352588,0.2181478658565028,0.21937799529027366,0.21935927871770136,0.2178887924385696,2.611873109496085,2.6106429800623143,2.6106616966348866,2.612132182914018
584,579,592,13,0.38461538461538464,0.3849472156212904,0.38461538461538464,4.522011214702016,10.365965348497971,0.6489878700638085,3.07266594955078,0.03427628859816575,2.495160009235256,2.9016264320044636,0.2050985238612372,0.20450726260599578,0.20537525995733844,0.20392995970485253,2.6965279081432265,2.697119169398468,2.696251172047125,2.697696472299611
586,579,592,13,0.5384615384615384,0.5389466515968668,0.46153846153846156,4.522011214702016,10.365965348497971,0.6489878700638085,2.983764469695647,0.03648963491431856,2.3905441396894562,2.847592115150384,0.15499713810046278,0.1577790571246691,0.1569149959103588,0.1555331907012794,2.692594977049921,2.689813058025715,2.6906771192400254,2.6920589244491047
587,579,592,13,0.6153846153846154,0.61594964879642,0.3846153846153846,4.522011214702016,10.365965348497971,0.6489878700638085,2.6953679345260873,0.03516896456392371,2.091057117555546,2.5698623248249293,0.13877746662972537,0.13955248531386033,0.13964252735195684,0.13838834897855723,2.431084858195204,2.430309839511069,2.4302197974729722,2.431473975846372
588,579,592,13,0.6923076923076923,0.6929575648136206,0.3076923076923077,4.522011214702016,10.365965348497971,0.6489878700638085,2.194474642606991,0.03247888912118247,1.5774715032644986,2.077546654381144,0.13014948162068532,0.1326439135380584,0.1318979285684712,0.1306719984779263,1.9473971727604584,1.9449027408430855,1.9456487258126727,1.9468746559032175
589,579,592,13,0.7692307692307693,0.7699665739014094,0.23076923076923073,4.522011214702016,10.365965348497971,0.6489878700638085,1.6698584742097946,0.027677344311499,1.0599570308735278,1.5877930117746617,0.09213292490577069,0.09407141049731985,0.0935144122723301,0.09247801015952037,1.495660086868891,1.4937216012773418,1.4942785995023316,1.4953150016151413
591,579,592,13,0.9230769230769231,0.9236484728710811,0.07692307692307687,4.522011214702016,10.365965348497971,0.6489878700638085,0.7271964376796382,0.009603885319314538,0.1765979132966161,0.7436687791284623,0.03824614572437222,0.03818044120774237,0.037964739857472105,0.03841442293675313,0.7054226334040901,0.70548833792072,0.7057040392709902,0.7052543561917092
593,592,597,5,0.2,0.20000286342193238,0.2,6.401243643805799,38.43966672659222,0.3492223123427582,0.4849978840740855,0.002606385667614878,0.3114501442882685,0.4521766851513806,0.06183476002160507,0.06124214416546317,0.061499056747856516,0.06153024704074927,0.3903419251297755,0.3909345409859174,0.3906776284035241,0.3906464381106313
594,592,597,5,0.4,0.40000572684386476,0.4,6.401243643805799,38.43966672659222,0.3492223123427582,0.7953778150988386,0.002648554722632177,0.25150685551152313,0.76595542404758,0.0331378927792483,0.032272156583856584,0.032606208462285555,0.03272278283346263,0.7328175312683317,0.7336832674637234,0.7333492155852944,0.7332326412141174
596,592,597,5,0.8,0.800007158554831,0.19999999999999996,6.401243643805799,38.43966672659222,0.3492223123427582,0.4289735443534864,0.0023190384593429134,0.3938077331005551,0.4286069033418797,0.04526834242881363,0.04396646648302676,0.04445602868535877,0.044801758398227025,0.38333856091306606,0.3846404368588529,0.3841508746565209,0.38380514494365264
598,597,602,5,0.2,0.20000687254718075,0.2,5.707260527938012,34.27394497290715,0.3981131348568823,0.3917643630475137,0.010290234272390827,0.9279189818724459,0.22286322683987111,0.3134876512934872,0.3167349660948827,0.31497072843753954,0.3152160048553347,-0.0906244244536161,-0.0938717392550116,-0.09210750159766842,-0.09235277801546357
599,597,602,5,0.4,0.40000658619104823,0.4,5.707260527938012,34.27394497290715,0.3981131348568823,0.4226054446304032,0.007201542091294274,0.8408247989035235,0.22951552902923808,0.23892077858134148,0.23976470697127278,0.23934374027335664,0.23925672924855174,-0.009405249552103395,-0.010249177942034698,-0.009828211244118562,-0.009741200219313656
601,597,602,5,0.8,0.8000031499174578,0.19999999999999996,5.707260527938012,34.27394497290715,0.3981131348568823,0.24052604900803048,0.0020445416865360003,0.7097409986621243,0.3076308130767091,0.11774597931593347,0.11809035036676917,0.11833531173751526,0.11752228668511988,0.1898848337607756,0.1895404627099399,0.18929550133919382,0.1901085263915892
603,602,611,9,0.1111111111111111,0.11111500020682918,0.1111111111111111,10.278744450450143,34.29560262346973,1.3604459878121362,0.29533565888820446,0.002905844934704639,0.33914102824921444,0.2401657460306045,0.0895020239212035,0.08729117771583997,0.08842198276796508,0.08819050298922038,0.150663722109401,0.15287456831476454,0.15174376326263944,0.15197524304138413
604,602,611,9,0.2222222222222222,0.2222315914073612,0.2222222222222222,10.278744450450143,34.29560262346973,1.3604459878121362,0.5949251831227004,0.027008292890017573,0.9639874979402848,0.9271196308506414,0.6478370603452721,0.6422863919287666,0.6455580138370258,0.643814971592375,0.2792825705053693,0.28483323892187484,0.2815616170136156,0.2833046592582664
606,602,611,9,0.4444444444444444,0.44445761433676245,0.4444444444444444,10.278744450450143,34.29560262346973,1.3604459878121362,0.9203083315740931,0.021920110984155472,1.826913046742245,1.6076000190657145,0.7965723702625929,0.79698842381688,0.7961886384981062,0.7971165649698294,0.8110276488031216,0.8106115952488345,0.8114113805676083,0.8104834540958851
607,602,611,9,0.5555555555555556,0.5555678415624831,0.4444444444444444,10.278744450450143,34.29560262346973,1.3604459878121362,0.9264300155836729,0.021817214100816364,1.7654062201179135,1.4310452057756013,0.623367172760959,0.624220415104088,0.6227775208928704,0.624532365175698,0.8076780330146424,0.8068247906715134,0.8082676848827309,0.8065128405999034
608,602,611,9,0.6666666666666666,0.6666788642850552,0.33333333333333337,10.278744450450143,34.29560262346973,1.3604459878121362,0.8608959684959165,0.020055099594174557,1.6376393827546256,1.1920885836588595,0.4572773698771493,0.4575691057947503,0.4562077406682098,0.45833507682411173,0.7348112137817102,0.7345194778641092,0.7358808429906497,0.7337535068347478
609,602,611,9,0.7777777777777778,0.7777859095233701,0.2222222222222222,10.278744450450143,34.29560262346973,1.3604459878121362,0.6851468636338518,0.01732784587355947,1.4899256907823732,0.9019991676087273,0.2989497423800288,0.298995976637378,0.2975597781641706,0.3001577361841462,0.6030494252286985,0.6030031909713494,0.6044393894445568,0.6018414314245811
612,611,625,14,0.07142857142857142,0.07142754862412345,0.07142857142857142,18.91555725700645,40.57342378945529,0.962644418464686,0.22974877692913528,0.012251806687333906,0.9643645768512829,0.2812338920497854,0.08301064880729622,0.0842784999415956,0.08350618464621572,0.08335134545485963,0.19822324324248916,0.1969553921081898,0.19772770740356965,0.19788254659492577
613,611,625,14,0.14285714285714285,0.142852028834903,0.14285714285714285,18.91555725700645,40.57342378945529,0.962644418464686,0.5452949946357832,0.016941365691861877,1.0417448067805852,0.660103916700452,0.15190828061334413,0.15368448687364564,0.1527587473986548,0.1521551317246122,0.5081956360871078,0.5064194298268063,0.5073451693017972,0.5079487849758397
614,611,625,14,0.21428571428571427,0.21427753185013051,0.21428571428571427,18.91555725700645,40.57342378945529,0.962644418464686,0.8375537209617894,0.02184501066047826,1.2063909570860878,0.970788818755218,0.17677263542174984,0.18015679237842977,0.17850155447282678,0.17807755994373584,0.7940161833334682,0.7906320263767883,0.7922872642823913,0.7927112588114822
616,611,625,14,0.35714285714285715,0.35712495806501765,0.35714285714285715,18.91555725700645,40.57342378945529,0.962644418464686,1.2344795375066944,0.041008356082091905,1.732366870483607,1.0026219659401103,0.5840302239629259,0.582731657605896,0.5826682562422121,0.5837829493063663,0.4185917419771844,0.41989030833421437,0.41995370969789825,0.418839016633744
617,611,625,14,0.42857142857142855,0.42854585846022925,0.42857142857142855,18.91555725700645,40.57342378945529,0.962644418464686,1.394803637127375,0.04263502780176933,1.7339268836852424,1.167925508715172,0.5005284520082928,0.4992850994799581,0.4988444838934534,0.5006687917776081,0.6673970567068793,0.6686404092352141,0.6690810248217187,0.6672567169375639
618,611,625,14,0.5,0.49996931586656085,0.5,18.91555725700645,40.57342378945529,0.962644418464686,1.551469335816293,0.04362318980258771,1.8230076984420274,1.3576376874081095,0.44150494773907495,0.44141046059361727,0.44067061311272454,0.4417227411640329,0.9161327396690346,0.9162272268144922,0.916967074295385,0.9159149462440767
619,611,625,14,0.5714285714285714,0.5713886820551005,0.4285714285714286,18.91555725700645,40.57342378945529,0.962644418464686,1.7507953518868762,0.043466321750467156,1.9830437216159666,1.5921293887632175,0.35881688926734745,0.35824933980501006,0.35739506900045603,0.35938597232267716,1.2333124994958702,1.2338800489582074,1.2347343197627616,1.2327434164405404
621,611,625,14,0.7142857142857143,0.7142463363144673,0.2857142857142857,18.91555725700645,40.57342378945529,0.962644418464686,1.875975304077465,0.038730078798492704,2.1402884980267904,1.7778823195775235,0.21307033136908263,0.21133227529492427,0.21078937945074402,0.21379853667895005,1.5648119882084408,1.5665500442825993,1.5670929401267795,1.5640837828985734
622,611,625,14,0.7857142857142857,0.7856871813964145,0.2142857142857143,18.91555725700645,40.57342378945529,0.962644418464686,1.7298411719688345,0.03461700018283009,2.189201509117417,1.6871024869686417,0.171449776508104,0.17238785336957066,0.17165016147134823,0.17232415038740106,1.5156527104605377,1.514714633599071,1.5154523254972936,1.5147783365812406
623,611,625,14,0.8571428571428571,0.8571249580650177,0.1428571428571429,18.91555725700645,40.57342378945529,0.962644418464686,1.5385806548888477,0.02902045962950395,2.2122889639519454,1.4851996430298613,0.11855205162167576,0.11669468082067767,0.11741948575067532,0.11842961410667922,1.3666475914081855,1.3685049622091836,1.367780157279186,1.3667700289231821
624,611,625,14,0.9285714285714286,0.9285637575380687,0.0714285714285714,18.91555725700645,40.57342378945529,0.962644418464686,0.8400879030440485,0.023025556620900733,1.9651350256633147,0.7688461389166173,0.0910991609443137,0.08712686697384862,0.08781129388585887,0.09084513917865385,0.6777469779723037,0.6817192719427687,0.6810348450307585,0.6780009997379635
626,625,633,8,0.125,0.1250077184592434,0.125,7.767332749264807,29.15434754595269,1.6445296057966912,0.4178280259936405,0.019064401192938885,1.5741271797420806,0.2229104940698071,0.1948065372030469,0.1982365253823816,0.19658849663803019,0.19662398093824168,0.028103956866760205,0.024673968687425496,0.026321997431776906,0.02628651313156541
627,625,633,8,0.25,0.2500082777678842,0.25,7.767332749264807,29.15434754595269,1.6445296057966912,0.6599835698843404,0.020561483608633337,1.3096371448441342,0.2653314708807162,0.3988856381595046,0.40185636785198137,0.40044548295611115,0.40050352547934875,-0.13355416727878844,-0.13652489697126519,-0.13511401207539497,-0.13517205459863257
628,625,633,8,0.375,0.37501241665182633,0.375,7.767332749264807,29.15434754595269,1.6445296057966912,0.7861287400107335,0.02217408887057496,1.1974171643461573,0.2469370549046565,0.5878138939312737,0.588920897974061,0.5884184777674549,0.58854026718435,-0.3408768390266172,-0.3419838430694045,-0.3414814228627984,-0.34160321227969354
629,625,633,8,0.5,0.5000111861728165,0.5,7.767332749264807,29.15434754595269,1.6445296057966912,0.8638861558385086,0.027419628345514743,1.0650851426957624,0.3134711471734314,0.7511844697287463,0.75348688621393,0.752276907502517,0.7527243103369687,-0.4377133225553149,-0.4400157390404986,-0.4388057603290856,-0.43925316316353735
631,625,633,8,0.75,0.7500087252147969,0.25,7.767332749264807,29.15434754595269,1.6445296057966912,0.7452136019850304,0.019010945187757373,1.2225130056295352,0.5236937887642954,1.2358095601694603,1.2370526277138016,1.2364343851705395,1.236644465210217,-0.7121157714051649,-0.7133588389495062,-0.7127405964062441,-0.7129506764459217
632,625,633,8,0.875,0.8750074947357871,0.125,7.767332749264807,29.15434754595269,1.6445296057966912,0.45184829818207856,0.0189968090531707,1.4099712585990118,0.9447269658540649,1.374546575304883,1.3759615955161695,1.3752579175174602,1.3754077504857536,-0.429819609450818,-0.4312346296621046,-0.4305309516633953,-0.4306807846316887
634,633,639,6,0.16666666666666666,0.16667422412723262,0.16666666666666666,2.357939970074147,11.801472330436686,0.12879387968375164,0.17907236183489111,0.007516315806035102,0.2213613463572214,0.23267894108315773,0.05447750637510293,0.05499914695685969,0.05473784135155347,0.05473381001312239,0.1782014347080548,0.17767979412629803,0.17794109973160427,0.17794513107003535
636,633,639,6,0.5,0.5000107395492254,0.5,2.357939970074147,11.801472330436686,0.12879387968375164,0.48205059093395974,0.008624654959526714,0.3932558162562452,0.499692995784202,0.039439873292376665,0.04008008350791177,0.039956444653135754,0.039558048660894754,0.4602531224918254,0.45961291227629025,0.45973655113106626,0.46013494712330727
637,633,639,6,0.6666666666666666,0.6666754174104799,0.33333333333333337,2.357939970074147,11.801472330436686,0.12879387968375164,0.3147224793121218,0.0063099569539632186,0.2360159822539439,0.24707896948975167,0.07428093937231457,0.07343120856570895,0.07383016813441551,0.07388775049896583,0.1727980301174371,0.17364776092404272,0.17324880135533616,0.17319121899078582
638,633,639,6,0.8333333333333334,0.8333412885549817,0.16666666666666663,2.357939970074147,11.801472330436686,0.12879387968375164,0.15987298968716504,0.005258533468122615,0.21573335789177503,0.09912446693020535,0.07628227788137887,0.07575961104378971,0.07602453935666627,0.07602048711352584,0.022842189048826483,0.02336485588641564,0.023099927573539084,0.023103979816679512
641,639,645,6,0.3333333333333333,0.33334128909611,0.3333333333333333,2.6346745390583965,13.18742379815767,0.23179765928368895,0.5695883757144863,0.004190825185478557,0.6319226798237123,0.5402891105982188,0.06311849185416613,0.06190577711803267,0.06256167819152865,0.062456436640911196,0.4771706187440527,0.47838333348018613,0.4777274324066902,0.4778326739573076
642,639,645,6,0.5,0.5000113369619568,0.5,2.6346745390583965,13.18742379815767,0.23179765928368895,0.6314306680165654,0.0009914650592381838,0.6611117444194249,0.5413971624523137,0.09073657575710978,0.09083702307104187,0.09078538928275935,0.09080189685984516,0.4506605866952039,0.4505601393812719,0.45061177316955436,0.45059526559246854
643,639,645,6,0.6666666666666666,0.6666742246413044,0.33333333333333337,2.6346745390583965,13.18742379815767,0.23179765928368895,0.43155952798411834,0.0023776887138871536,0.4439541710600947,0.3448777482777765,0.10088086298567363,0.10101485426246055,0.10097966231493774,0.10092419483384392,0.2439968852921029,0.24386289401531597,0.24389808596283877,0.2439535534439326
644,639,645,6,0.8333333333333334,0.8333406924139017,0.16666666666666663,2.6346745390583965,13.18742379815767,0.23179765928368895,0.23961303102154413,0.002773004600275745,0.2777621310546537,0.241320870146075,0.056552156335940885,0.05690292573619207,0.05654843001064601,0.056910224782775916,0.18476871381013413,0.18441794440988293,0.18477244013542898,0.1844106453632991
646,645,650,5,0.2,0.2000131758155042,0.2,4.100989115071547,24.634185010363137,0.25965310783821993,0.6020262376371149,0.010366136280243694,0.9117107571143253,0.632299882367538,0.07908047615928296,0.07802507503821263,0.07863466595767302,0.07842114392444301,0.553219406208255,0.5542748073293253,0.553665216409865,0.553878738443095
647,645,650,5,0.4,0.40001632655399433,0.4,4.100989115071547,24.634185010363137,0.25965310783821993,0.9168607280849037,0.009386777040259862,1.1939238667294723,0.9430180034229667,0.09500707429876998,0.09733469559903128,0.09650332785371331,0.0958056823647009,0.8480109291241967,0.8456833078239354,0.8465146755692534,0.8472123210582658
648,645,650,5,0.6,0.6000223416002028,0.4,4.100989115071547,24.634185010363137,0.25965310783821993,0.5899553654672021,0.009787185329743838,0.766915227303665,0.5374097622227684,0.15077574035872268,0.15449100905279156,0.1528372225702206,0.1524079547922266,0.3866340218640457,0.3829187531699768,0.3845725396525478,0.3850018074305418
649,645,650,5,0.8,0.8000211958771155,0.19999999999999996,4.100989115071547,24.634185010363137,0.25965310783821993,0.18302336402926228,0.004388139495000044,0.34293288955952517,0.21408112365329027,0.10394142869408318,0.1054099839548493,0.10475931524540746,0.10460684509342207,0.11013969495920709,0.10867113969844097,0.1093218084078828,0.1094742785598682
651,650,657,7,0.14285714285714285,0.14286006488060904,0.14285714285714285,6.0410944634750114,25.913571616708488,0.04062973201657547,0.6306535015202037,0.014737237233938957,0.625397465591549,0.7151284080252827,0.0852523480114314,0.08544656227656912,0.08535571488696009,0.08535473932532091,0.6298760600138512,0.6296818457487136,0.6297726931383225,0.6297736686999618
652,650,657,7,0.2857142857142857,0.2857231978858576,0.2857142857142857,6.0410944634750114,25.913571616708488,0.04062973201657547,1.1811779579665105,0.019083981648487493,1.1419843032906525,1.261783533160514,0.08311362586237299,0.0834399757074904,0.08330266643153272,0.08327174310908404,1.178669907298141,1.1783435574530237,1.1784808667289814,1.17851179005143
653,650,657,7,0.42857142857142855,0.4285801946418271,0.42857142857142855,6.0410944634750114,25.913571616708488,0.04062973201657547,1.3435006771187328,0.020822481614953942,1.254605336056458,1.3795829956525993,0.03673612658967142,0.03714058050785899,0.03693277893534609,0.03695973033840594,1.3428468690629278,1.3424424151447403,1.3426502167172532,1.3426232653141934
654,650,657,7,0.5714285714285714,0.571439236814223,0.4285714285714286,6.0410944634750114,25.913571616708488,0.04062973201657547,1.0924792298825106,0.020428250338938133,1.0142734620174123,1.1194677706147236,0.032109791220972704,0.03268611671835872,0.03233671509492992,0.03246525259575071,1.087357979393751,1.0867816538963648,1.0871310555197937,1.0870025180189729
656,650,657,7,0.8571428571428571,0.8571501622015226,0.1428571428571429,6.0410944634750114,25.913571616708488,0.04062973201657547,0.6336491242579564,0.014205847669036827,0.5827133861428951,0.6393976315659988,0.02811169876744804,0.02830529149569583,0.02810420368007595,0.028308062525380356,0.6112859327985508,0.611092340070303,0.6112934278859229,0.6110895690406185
658,657,671,14,0.07142857142857142,0.07143489105080852,0.07142857142857142,22.52623330485015,48.31940007776887,0.2017581408512157,0.9774068644446726,0.02084594532809517,1.0301014293815947,0.8720509672499118,0.12697230748782298,0.12416568658226194,0.1252877195536982,0.12539161672996355,0.7450786597620889,0.7478852806676499,0.7467632476962136,0.7466593505199483
659,657,671,14,0.14285714285714285,0.14286671361451928,0.14285714285714285,22.52623330485015,48.31940007776887,0.2017581408512157,1.699761122132817,0.03184179179620449,1.7439707772158919,1.59451877810376,0.11159858365679676,0.10740870703401076,0.10898587929825497,0.10922011319939712,1.4829201944469632,1.4871100710697491,1.485532898805505,1.485298664904363
661,657,671,14,0.2857142857142857,0.28573035874194075,0.2857142857142857,22.52623330485015,48.31940007776887,0.2017581408512157,2.6302771889415633,0.04582819540715375,2.5986463566871807,2.464050602278393,0.18952885831335428,0.1797324480152292,0.1834827211670224,0.18451278934293927,2.2745217439650385,2.2843181542631634,2.2805678811113705,2.2795378129354535
662,657,671,14,0.35714285714285715,0.35716218130565147,0.35714285714285715,22.52623330485015,48.31940007776887,0.2017581408512157,2.837550420503064,0.05047375808957258,2.812049601524634,2.6795479437828207,0.18249267756222928,0.17091060036426095,0.17529766452626638,0.1767179440647577,2.4970552662205914,2.5086373434185596,2.504250279256554,2.502829999718063
663,657,671,14,0.42857142857142855,0.42859093538226445,0.42857142857142855,22.52623330485015,48.31940007776887,0.2017581408512157,2.9883004461813973,0.05310549344379016,2.9426407895561,2.807702885626726,0.2062407278939931,0.19423345958937563,0.19854305799953983,0.20017309625429544,2.601462157732733,2.6134694260373506,2.6091598276271863,2.6075297893724305
664,657,671,14,0.5,0.5000212237024263,0.5,22.52623330485015,48.31940007776887,0.2017581408512157,2.9322121127982537,0.05316590145850627,2.9219972327109915,2.7765842296414456,0.1764641300570467,0.1636366704045478,0.16830662456444068,0.1700719522297724,2.600120099584399,2.612947559236898,2.6082776050770047,2.606512277411673
666,657,671,14,0.6428571428571429,0.6428766861975871,0.3571428571428571,22.52623330485015,48.31940007776887,0.2017581408512157,2.4281622225890125,0.04762917070242906,2.4422432386771935,2.3009875226906136,0.1535103091808578,0.13926955297133586,0.14454135999521467,0.1469170916464843,2.147477213509756,2.1617179697192777,2.156446162695399,2.154070431044129
667,657,671,14,0.7142857142857143,0.7143018603725859,0.2857142857142857,22.52623330485015,48.31940007776887,0.2017581408512157,2.0744676690571646,0.041187403129322765,2.133477608352688,2.0159814491568566,0.08034296250319664,0.06725079017027993,0.07233024901436974,0.0743052094781035,1.93563848665366,1.9487306589865767,1.9436512001424868,1.941676239678753
668,657,671,14,0.7857142857142857,0.78572908020565,0.2142857142857143,22.52623330485015,48.31940007776887,0.2017581408512157,1.7664244691238318,0.03455587876167363,1.7852249812498155,1.70932710075823,0.10811524381507909,0.09402519812884157,0.09964160438566987,0.10225358907103609,1.6012118569431508,1.6153019026293884,1.6096854963725602,1.607073511687194
669,657,671,14,0.8571428571428571,0.8571527201371,0.1428571428571429,22.52623330485015,48.31940007776887,0.2017581408512157,1.2829730089408407,0.028621323106794282,1.20976822679885,1.166856908025365,0.19707574304183245,0.1876916851011079,0.19113289378027726,0.19320861357395622,0.9697811649835326,0.9791652229242571,0.9757240142450878,0.9736482944514088
672,671,682,11,0.09090909090909091,0.09091033362235293,0.09090909090909091,14.528627162853729,39.666949843165234,0.1037691696462221,0.6807433316522318,0.011079641276346227,0.45442981104933683,0.6561073533893024,0.04911448182002673,0.0504169312245773,0.049709791793578734,0.04977909441806857,0.6069928715692756,0.605690422164725,0.6063975615957237,0.6063282589712338
673,671,682,11,0.18181818181818182,0.18181676157445378,0.18181818181818182,14.528627162853729,39.666949843165234,0.1037691696462221,1.288387145548881,0.013984617935709265,1.0160959705103256,1.2615617350987096,0.06103349976462449,0.06325809087034218,0.061968658003871864,0.0622421841316434,1.2005282353340851,1.1983036442283674,1.1995930770948378,1.1993195509670662
674,671,682,11,0.2727272727272727,0.27272514236168066,0.2727272727272727,14.528627162853729,39.666949843165234,0.1037691696462221,1.7885635668503521,0.01620018023342397,1.4742339540195049,1.7627526106987286,0.11083859257032701,0.11365303947368366,0.11193605530341676,0.11259707729389641,1.6519140181284016,1.649099571225045,1.6508165553953118,1.6501555334048321
676,671,682,11,0.45454545454545453,0.45453539448571434,0.45454545454545453,14.528627162853729,39.666949843165234,0.1037691696462221,2.3661535770203876,0.01855563618823412,2.023402603276437,2.320824056193836,0.10412126803404441,0.10603376636115856,0.10441919580406125,0.10567945563999787,2.2167027881597914,2.2147902898326772,2.2164048603897744,2.2151446005538378
677,671,682,11,0.5454545454545454,0.5454379167675631,0.4545454545454546,14.528627162853729,39.666949843165234,0.1037691696462221,2.378219631694834,0.018388411932217553,2.0250183124757233,2.3093477499664,0.10739952610023762,0.10752856110918857,0.10675732745405882,0.10817845026043542,2.2019482238661623,2.201819188857211,2.202590422512341,2.2011692997059646
678,671,682,11,0.6363636363636364,0.6363417409394959,0.36363636363636365,14.528627162853729,39.666949843165234,0.1037691696462221,2.14842163943699,0.016847905279220803,1.799665148106462,2.077371939780051,0.11870568835566002,0.11911269570339515,0.11816508712930276,0.11960888822414795,1.9586662514243909,1.9582592440766557,1.9592068526507482,1.957763051555903
679,671,682,11,0.7272727272727273,0.7272423103862187,0.2727272727272727,14.528627162853729,39.666949843165234,0.1037691696462221,1.7980870165351506,0.0146681734313502,1.4228443922846006,1.6959725316759775,0.13194210598591574,0.13042461921641493,0.13074825651236188,0.13164395080418734,1.5640304256900617,1.5655479124595626,1.5652242751636156,1.5643285808717902
681,671,682,11,0.9090909090909091,0.9090623266858826,0.09090909090909094,14.528627162853729,39.666949843165234,0.1037691696462221,0.8166442631411391,0.010875300785720849,0.5514201054148739,0.7319322283731966,0.1996369788684148,0.19979167325778321,0.1994813039783958,0.19990294365903666,0.5322952495047818,0.5321405551154134,0.5324509243948008,0.5320292847141599
683,682,688,6,0.16666666666666666,0.16666865516360954,0.16666666666666666,4.10689939491126,20.551813341789074,0.18761425734973697,0.4303101543822128,0.006175708884592866,0.5754915092301913,0.45091848754762015,0.07657250330692988,0.0762528726200488,0.07637078916427746,0.07641004384942997,0.37434598424069027,0.37466561492757133,0.3745476983833427,0.3745084436981902
684,682,688,6,0.3333333333333333,0.33333969652355055,0.3333333333333333,4.10689939491126,20.551813341789074,0.18761425734973697,0.837835216376115,0.0067816136537474534,0.9975311183150305,0.8524054824108712,0.04552217083844181,0.04456281012891351,0.044991480841199145,0.045007576227055465,0.8068833115724294,0.8078426722819577,0.807414001569672,0.8073979061838158
686,682,688,6,0.6666666666666666,0.6666734275562725,0.33333333333333337,4.10689939491126,20.551813341789074,0.18761425734973697,0.8068054118992738,0.006326083453418866,0.9689834616622496,0.7831861593212925,0.04405774120388248,0.04512786667610148,0.044007488546311986,0.04517065854037856,0.73912841811741,0.7380582926451911,0.7391786707749806,0.7380155007809139
687,682,688,6,0.8333333333333334,0.8333349241308876,0.16666666666666663,4.10689939491126,20.551813341789074,0.18761425734973697,0.4449132993313286,0.004834243970012302,0.5996711525515204,0.4085051612493492,0.07432648816411959,0.07499899363912764,0.07427027912747414,0.07506242546286213,0.33417867308522964,0.33350616761022156,0.3342348821218751,0.3334427357864871
689,688,694,6,0.16666666666666666,0.1666686552917313,0.16666666666666666,4.088448600307115,20.460799806780255,0.23229677999812076,0.30733912405934527,0.005948093873093972,0.3592103220234504,0.3218683685718447,0.03070568692875558,0.03041132631466757,0.03052242794075015,0.030595924593784556,0.2911626816430891,0.2914570422571771,0.29134594063109454,0.2912724439780601
691,688,694,6,0.5,0.5000059658751939,0.5,4.088448600307115,20.460799806780255,0.23229677999812076,0.6581666406302291,0.008462799335853356,0.6160142073715429,0.6668257846924163,0.05312245854626392,0.05541306749042942,0.05420681334464027,0.05433398449164419,0.6137033261461523,0.6114127172019869,0.612618971347776,0.6124918002007721
692,688,694,6,0.6666666666666666,0.6666734279918864,0.33333333333333337,4.088448600307115,20.460799806780255,0.23229677999812076,0.46077628452351127,0.01232307465208727,0.43445605863881476,0.41904417260944427,0.08999781578044967,0.09357064226837745,0.09197135571691319,0.09156331644090956,0.3290463568289946,0.3254735303410668,0.3270728168925311,0.32748085616853473
693,688,694,6,0.8333333333333334,0.8333349242333851,0.16666666666666663,4.088448600307115,20.460799806780255,0.23229677999812076,0.2515589434812139,0.012108192393522678,0.259574793825282,0.30555579114947784,0.060135631299041696,0.05965834223414725,0.05997295957126983,0.05982735669960824,0.24542015985043614,0.24589744891533058,0.245582831578208,0.2457284344498696
696,694,700,6,0.3333333333333333,0.3333396973435826,0.3333333333333333,4.055579394117327,20.297612392474733,0.47016961226092263,0.30516531353523674,0.008733207613952724,0.30830659228742696,0.47843119238293996,0.19468898469475512,0.19831071642781112,0.19669920411568922,0.19632140467269552,0.2837422076881848,0.28012047595512884,0.28173198826725077,0.2821097877102444
697,694,700,6,0.5,0.500004773007687,0.5,4.055579394117327,20.297612392474733,0.47016961226092263,0.464977022597025,0.012114968331015713,0.4506800715819513,0.692377485747798,0.23332996207386994,0.236857378646816,0.23509515533222217,0.23511965768052992,0.4590475236739281,0.455520107100982,0.45728233041557587,0.4572578280672681
698,694,700,6,0.6666666666666666,0.6666722351756348,0.33333333333333337,4.055579394117327,20.297612392474733,0.47016961226092263,0.5254582329008087,0.016772309396877762,0.5382053066258419,0.785117233826608,0.27474250386509635,0.27664626447365553,0.27532676707591075,0.2760847866823909,0.5103747299615117,0.5084709693529526,0.5097904667506973,0.5090324471442171
699,694,700,6,0.8333333333333334,0.8333361175878173,0.16666666666666663,4.055579394117327,20.297612392474733,0.47016961226092263,0.4331640033894485,0.018670342383708977,0.4839211468502853,0.6844231991340161,0.2636798693441057,0.26420065217718725,0.2635025146358892,0.2643921433378548,0.42074332978991036,0.4202225469568288,0.42092068449812686,0.42003105579616123
701,700,707,7,0.14285714285714285,0.14285918858321195,0.14285714285714285,2.640325260803779,11.32751951897854,0.22163003414821147,0.41499217749919076,0.004145296540980372,0.4897162785073285,0.5293604884984505,0.17908997977511182,0.17913607580194346,0.1791319042126386,0.1790902401532534,0.3502705087233387,0.35022441269650706,0.35022858428581194,0.35027024834519715
702,700,707,7,0.2857142857142857,0.2857224686185621,0.2857142857142857,2.640325260803779,11.32751951897854,0.22163003414821147,0.6549233643907851,0.012161016971424254,0.9345107960097676,0.9137787310535045,0.2709941055808861,0.272112631130993,0.27159112344081016,0.27151608534625843,0.6427846254726184,0.6416660999225114,0.6421876076126943,0.642262645707246
703,700,707,7,0.42857142857142855,0.4285785886126704,0.42857142857142855,2.640325260803779,11.32751951897854,0.22163003414821147,0.853743078974755,0.009049868522559304,1.0491867291364692,1.0552609844829521,0.23590029960462078,0.23736385265348195,0.23697902070711635,0.23628696601727894,0.8193606848783314,0.8178971318294702,0.8182819637758358,0.8189740184656732
704,700,707,7,0.5714285714285714,0.5714367543328478,0.4285714285714286,2.640325260803779,11.32751951897854,0.22163003414821147,0.9550494003483794,0.008786341409754884,1.0867646237578137,1.080526733947802,0.14529215665382786,0.14708477421012026,0.1467009492067195,0.14568397998744018,0.9352345772939741,0.9334419597376817,0.9338257847410825,0.9348427539603618
706,700,707,7,0.8571428571428571,0.8571489943210644,0.1428571428571429,2.640325260803779,11.32751951897854,0.22163003414821147,0.5064276175560901,0.004571408189767553,0.6039957147540498,0.39999444400098827,0.2055816282541766,0.20572421456148446,0.20585605134178392,0.2054519076150853,0.19441281574681166,0.1942702294395038,0.19413839265920435,0.19454253638590296
708,707,718,11,0.09090909090909091,0.09089453614896549,0.09090909090909091,7.23930686101879,19.761482446597437,0.3695254126809363,0.45087299037567063,0.006069850446104617,1.1116535528904024,0.7850831607305279,0.35524854405196143,0.3551731519280183,0.3552135590467873,0.35520717004982366,0.42983461667856643,0.42991000880250957,0.42986960168374055,0.4298759906807042
709,707,718,11,0.18181818181818182,0.18178451653968034,0.18181818181818182,7.23930686101879,19.761482446597437,0.3695254126809363,0.7054641994213283,0.005744567501709875,1.1201700993556916,0.7318794665596132,0.046290158164771514,0.04623753337149209,0.04643233459215296,0.04609497865757081,0.6855893083948417,0.6856419331881212,0.6854471319674602,0.6857844879020424
711,707,718,11,0.36363636363636365,0.3635813987088981,0.36363636363636365,7.23930686101879,19.761482446597437,0.3695254126809363,0.9913158066928928,0.006900214497294076,1.413776230023154,0.902857533799744,0.14545850463522775,0.14561775156261564,0.14566343195866857,0.14541228131674955,0.7573990291645163,0.7572397822371284,0.7571941018410754,0.7574452524829944
712,707,718,11,0.45454545454545453,0.45450196776215296,0.45454545454545453,7.23930686101879,19.761482446597437,0.3695254126809363,0.8564368206534582,0.007666287823013271,1.2141912701155784,0.7044958065857094,0.2151931144738477,0.21591048533755985,0.21606734450550724,0.21504635990595933,0.4893026921118617,0.4885853212481496,0.4884284620802022,0.4894494466797501
713,707,718,11,0.5454545454545454,0.5454192827023716,0.4545454545454546,7.23930686101879,19.761482446597437,0.3695254126809363,0.5137210849422779,0.007760631631562294,0.8620390616580265,0.4333844707900087,0.25724491096126645,0.2574107885334315,0.2574694210455489,0.2571902925254045,0.17613955982874224,0.17597368225657717,0.17591504974445982,0.1761941782646042
714,707,718,11,0.6363636363636364,0.6363385501104121,0.36363636363636365,7.23930686101879,19.761482446597437,0.3695254126809363,0.6382681591473106,0.007995074448924852,0.9932439974568789,0.7411075692108917,0.26675334203972323,0.26654136709481846,0.26648935629860876,0.2668040779410035,0.4743542271711685,0.47456620211607325,0.47461821291228296,0.4743034912698882
716,707,718,11,0.8181818181818182,0.8181712275230277,0.18181818181818177,7.23930686101879,19.761482446597437,0.3695254126809363,0.5466908937724704,0.006243720230202653,0.709095336618441,0.7578506295544905,0.3487002811938471,0.34835127072884847,0.3483330877056328,0.3487201059116614,0.40915034836064335,0.409499358825642,0.40951754184885764,0.40913052364282904
717,707,718,11,0.9090909090909091,0.9090852883502103,0.09090909090909094,7.23930686101879,19.761482446597437,0.3695254126809363,0.30491269927035985,0.005719980475725685,0.4655800327503505,0.6466123229143135,0.3843755401968015,0.38410842431491554,0.384080554226923,0.3844041563656138,0.262236782717512,0.26250389859939793,0.2625317686873905,0.26220816654869966
719,718,730,12,0.08333333333333333,0.08333701235554866,0.08333333333333333,10.297685104960467,25.76804371064755,0.32005021568200526,0.5950466830725402,0.013744671924981975,1.0858843623629784,0.5155638233307089,0.10425385105940038,0.10407590965834741,0.10414602846451369,0.10415296347988677,0.41130997227130855,0.41148791367236154,0.41141779486619523,0.41141085985082215
721,718,730,12,0.25,0.25001103706664596,0.25,10.297685104960467,25.76804371064755,0.32005021568200526,1.3002859257294208,0.01335165009277242,1.8469819181999805,1.239151669616628,0.1018755182459577,0.1021547910915925,0.10206150082164157,0.10207938200636173,1.1372761513706704,1.1369968785250355,1.1370901687949864,1.1370722876102664
722,718,730,12,0.3333333333333333,0.33334804942219465,0.3333333333333333,10.297685104960467,25.76804371064755,0.32005021568200526,1.585090356742181,0.015702918281879058,2.1717532581169303,1.543269019880938,0.09895076702209929,0.09868444151168203,0.09887994174743131,0.09889643779197475,1.4443182528588387,1.444584578369256,1.4443890781335067,1.4443725820889632
723,718,730,12,0.4166666666666667,0.4166814821885608,0.4166666666666667,10.297685104960467,25.76804371064755,0.32005021568200526,1.721854659965993,0.015778226625891952,2.300425938321405,1.6739980633415066,0.12267642229901259,0.1247825121079461,0.12402097543233057,0.12357290868321102,1.551321641042494,1.5492155512335606,1.549977087909176,1.5504251546582957
724,718,730,12,0.5,0.5000167047495182,0.5,10.297685104960467,25.76804371064755,0.32005021568200526,1.778201573460728,0.019499115869922038,2.3595902276980856,1.738868917984058,0.1243557660264417,0.12552117566628562,0.1255831017599047,0.12445807193905781,1.6145131519576164,1.6133477423177722,1.6132858162241532,1.6144108460450002
726,718,730,12,0.6666666666666666,0.6666811838894623,0.33333333333333337,10.297685104960467,25.76804371064755,0.32005021568200526,1.512268655290803,0.017473195901130504,2.123264973396753,1.4716330220724092,0.14571867328319651,0.14615468478881763,0.14628936100619966,0.14571423675545112,1.3259143487892127,1.3254783372835917,1.3253436610662095,1.325918785316958
727,718,730,12,0.75,0.750011037066646,0.25,10.297685104960467,25.76804371064755,0.32005021568200526,0.9255215298629023,0.0171042633202661,1.4527924055676487,0.8314476114084015,0.09422881058301982,0.09408960401512194,0.09414903970524628,0.09412439875942062,0.7372188008253817,0.7373580073932796,0.7372985717031553,0.7373232126489809
728,718,730,12,0.8333333333333334,0.8333420834402239,0.16666666666666663,10.297685104960467,25.76804371064755,0.32005021568200526,0.5981055218002961,0.015226345027933517,1.0536308273545587,0.5824322214013159,0.09787056653373444,0.09531761990778494,0.0960452556962355,0.09719301390898524,0.48456165486758146,0.487114601493531,0.4863869657050804,0.4852392074923306
729,718,730,12,0.9166666666666666,0.9166701468228163,0.08333333333333337,10.297685104960467,25.76804371064755,0.32005021568200526,0.47920440433757683,0.00841874222439935,0.9487281321672356,0.5472037673289013,0.09468227525157533,0.09316037283314069,0.09342422075197145,0.09443851388226085,0.45252149207732595,0.4540433944957606,0.45377954657692987,0.4527652534466404
731,730,738,8,0.125,0.12500302060725393,0.125,11.102290993191245,41.67666840167902,0.13962093012292862,0.3418382733690522,0.022236727452684808,0.6076575928977739,0.3562744185877416,0.02151001359496965,0.020900921854721366,0.021131729199451915,0.021202687873338642,0.33476440499277194,0.33537349673302025,0.3351426893882897,0.335071730714403
732,730,738,8,0.25,0.2500087261987336,0.25,11.102290993191245,41.67666840167902,0.13962093012292862,0.6819247744026393,0.02435343875634486,0.7240984742959147,0.6944324076782679,0.05737766769429871,0.058945114769971885,0.05836374716936877,0.058125045787710786,0.6370547399839691,0.635487292908296,0.6360686605088991,0.636307361890557
733,730,738,8,0.375,0.375007271832278,0.375,11.102290993191245,41.67666840167902,0.13962093012292862,0.9716744059114727,0.025670482509182583,0.9128952637656187,1.0021913072750837,0.08731258521065513,0.08811072587891271,0.0880576584392517,0.0875817383219945,0.9148787220644286,0.914080581396171,0.9141336488358319,0.9146095689530891
734,730,738,8,0.5,0.5000111874342739,0.5,11.102290993191245,41.67666840167902,0.13962093012292862,1.0959257144674415,0.025873957059569064,1.0737880716280181,1.121919178578251,0.07578806195846487,0.07401684246283939,0.07513629671478608,0.07484031507076798,1.0461311166197862,1.0479023361154116,1.0467828818634648,1.047078863507483
736,730,738,8,0.75,0.7500073837066207,0.25,11.102290993191245,41.67666840167902,0.13962093012292862,1.0105579061970236,0.025442166916669316,1.0371968443442088,1.0298910397750434,0.07153610919017916,0.06922220420460867,0.07067457760164594,0.07017107563895839,0.9583549305848642,0.9606688355704347,0.9592164621733974,0.959719964136085
737,730,738,8,0.875,0.8750032443559395,0.125,11.102290993191245,41.67666840167902,0.13962093012292862,0.5876244704035064,0.022419854617479744,0.7620508754257742,0.6041612976893614,0.03454690145613726,0.03369725908916262,0.033994872196529,0.034249393270996,0.5696143962332242,0.5704640386001988,0.5701664254928325,0.5699119044183655
739,738,745,7,0.14285714285714285,0.14282821485441252,0.14285714285714285,10.367860403047903,44.47340128875977,0.13426411031084587,0.21811451282604885,0.02132481015592047,0.5912504048524143,0.1968320506646343,0.051167241806344285,0.0483640491233329,0.04979594799368222,0.04973649291174898,0.14566480885829003,0.1484680015413014,0.14703610267095207,0.14709555775288533
741,738,745,7,0.42857142857142855,0.42851737119258904,0.42857142857142855,10.367860403047903,44.47340128875977,0.13426411031084587,0.3757123245764098,0.021085883232553553,0.8408462252818082,0.39428856359682624,0.09104410017634795,0.08684430198409751,0.08914770758180009,0.08886105909925471,0.3032444634204783,0.30744426161272875,0.30514085601502616,0.3054275044975715
742,738,745,7,0.5714285714285714,0.5713926305766943,0.4285714285714286,10.367860403047903,44.47340128875977,0.13426411031084587,0.5660238257602358,0.021608695871801493,1.1062308312256637,0.6273768502488991,0.10102332800711075,0.09679596968424047,0.09917850055204759,0.0987368931982631,0.5263535222417883,0.5305808805646587,0.5281983496968515,0.528639957050636
743,738,745,7,0.7142857142857143,0.7142617537177962,0.2857142857142857,10.367860403047903,44.47340128875977,0.13426411031084587,0.3874663939112518,0.02340669915536171,0.9237152460521318,0.4205400599158603,0.06225715689290562,0.05909004342352618,0.060847052073579454,0.06056998685748284,0.3582829030229547,0.3614500164923341,0.35969300784228087,0.35997007305837747
744,738,745,7,0.8571428571428571,0.8571339449803999,0.1428571428571429,10.367860403047903,44.47340128875977,0.13426411031084587,0.27023689399744877,0.02459644174882976,0.8533314346622588,0.3939646643606002,0.14306471533706222,0.14071084617572374,0.14196988883673317,0.14185101422135069,0.25089994902353796,0.25325381818487647,0.251994775523867,0.25211365013924947
746,745,754,9,0.1111111111111111,0.11111747445317018,0.1111111111111111,11.537603437334484,38.49202812249256,0.06977566123180672,0.34480938329999283,0.022698466288357828,0.33645880905932274,0.31412302268898296,0.040909128982895775,0.04056972249234893,0.040741139666196885,0.04075925130402658,0.2732138937060872,0.27355330019663404,0.2733818830227861,0.2733637713849564
747,745,754,9,0.2222222222222222,0.22222938098203868,0.2222222222222222,11.537603437334484,38.49202812249256,0.06977566123180672,0.2068104310968223,0.022752627760631253,0.5001962064227292,0.13125539773049605,0.09297891943182336,0.0913639174165723,0.09218988103251154,0.09216507812014034,0.038276478298672686,0.039891480313923755,0.03906551669798451,0.03909031961035571
748,745,754,9,0.3333333333333333,0.3333452645996941,0.3333333333333333,11.537603437334484,38.49202812249256,0.06977566123180672,0.2848457320266248,0.023193847126227612,0.797234489269841,0.34436145511389493,0.0863953174625304,0.08471979620747946,0.08564586755787237,0.0855747806279701,0.25796613765136456,0.25964165890641544,0.25871558755602253,0.25878667448592485
749,745,754,9,0.4444444444444444,0.4444555802930478,0.4444444444444444,11.537603437334484,38.49202812249256,0.06977566123180672,0.6337255882101561,0.02279918911052719,0.9636990269266285,0.7049981141131622,0.08983966793212975,0.08995218118909197,0.09000285128941614,0.08992591571029121,0.6151584461810324,0.6150459329240702,0.6149952628237461,0.615072198402871
751,745,754,9,0.6666666666666666,0.6666762116797552,0.33333333333333337,11.537603437334484,38.49202812249256,0.06977566123180672,0.7916167888164645,0.02275419589282787,0.8406178820710154,0.8120394769049271,0.047893727904490126,0.04821347502048673,0.048054035709921096,0.04804385953986299,0.764145749000437,0.7638260018844403,0.763985441195006,0.763995617365064
752,745,754,9,0.7777777777777778,0.777786527373109,0.2222222222222222,11.537603437334484,38.49202812249256,0.06977566123180672,0.5529019937845611,0.02310217802874955,0.6779935484719442,0.5761061258494631,0.03799004542818353,0.037829430251112926,0.03789022692338987,0.037912402881785295,0.5381160804212796,0.5382766955983501,0.5382158989260732,0.5381937229676778
753,745,754,9,0.8888888888888888,0.8888920705599184,0.11111111111111116,11.537603437334484,38.49202812249256,0.06977566123180672,0.3408284974346994,0.024316062396384,0.5149501123426797,0.36149629191782046,0.02369030164517115,0.02473225950545411,0.024305040991452115,0.024156124887002632,0.3378059902726493,0.33676403241236635,0.33719125092636837,0.3373401670308178
756,754,761,7,0.2857142857142857,0.28572290623011987,0.2857142857142857,10.190927893512837,43.71725809624343,0.12839847862551737,1.1340837878926755,0.027128798863075846,1.5877922473573844,1.2019867194604243,0.07503123950679384,0.07597838537824907,0.07562411938093398,0.07555366700451624,1.1269554799536305,1.1260083340821754,1.1263626000794904,1.126433052455908
757,754,761,7,0.42857142857142855,0.428579756866387,0.42857142857142855,10.190927893512837,43.71725809624343,0.12839847862551737,1.5784318199366354,0.026782322283837805,1.9763855934916412,1.6288175704463874,0.08954450142109725,0.0857968306578311,0.08781346343274597,0.08764951404190333,1.5392730690252903,1.5430207397885563,1.5410041070136415,1.541168056404484
758,754,761,7,0.5714285714285714,0.5714396758218493,0.4285714285714286,10.190927893512837,43.71725809624343,0.12839847862551737,1.5061643407405185,0.02655789285600761,1.7251412478852508,1.4592373132986527,0.1029557889783686,0.09870294466788851,0.10091090667407686,0.10060272026130898,1.3562815243202841,1.3605343686307643,1.358326406624576,1.3586345930373438
759,754,761,7,0.7142857142857143,0.7142924353658562,0.2857142857142857,10.190927893512837,43.71725809624343,0.12839847862551737,1.1528934690699126,0.026162302853755235,1.3443124909681652,1.1604461645834623,0.035721859696492664,0.03211425684136216,0.03408551994429927,0.033661716548833154,1.1247243048869695,1.1283319077421001,1.126360644639163,1.1267844480346292
762,761,770,9,0.1111111111111111,0.1111175639467169,0.1111111111111111,10.343295190528451,34.51350565386214,0.1038257385031436,0.7021969792578825,0.023521679048669804,0.665016755094453,0.7142549240542373,0.02832870355286867,0.02958734659999952,0.028985742948390028,0.028898677637866146,0.6859262205013686,0.6846675774542378,0.6852691811058472,0.6853562464163712
763,761,770,9,0.2222222222222222,0.22223035456298568,0.2222222222222222,10.343295190528451,34.51350565386214,0.1038257385031436,1.156833208614919,0.022575599435462366,1.0686757858568876,1.1444033023319002,0.047071251395337826,0.047468453594269044,0.04740117394198059,0.047035969018105174,1.0973320509365625,1.0969348487376311,1.0970021283899196,1.097367333313795
764,761,770,9,0.3333333333333333,0.3333455318444785,0.3333333333333333,10.343295190528451,34.51350565386214,0.1038257385031436,1.2731028566136142,0.021057023444566524,1.1708340998653646,1.2588816833652734,0.08283055536670542,0.08345498545638398,0.08334707294179991,0.08282448855937073,1.176051127998568,1.1754266979088894,1.1755346104234734,1.1760571948059027
766,761,770,9,0.5555555555555556,0.555568726411792,0.4444444444444444,10.343295190528451,34.51350565386214,0.1038257385031436,1.2008728824692543,0.01899085408931102,1.068608793650988,1.1818283079653393,0.1190439749438349,0.11850935880528718,0.11924152079063455,0.1182268895242639,1.0627843330215043,1.063318949160052,1.0625867871747048,1.0636014184410754
767,761,770,9,0.6666666666666666,0.666675948142538,0.33333333333333337,10.343295190528451,34.51350565386214,0.1038257385031436,1.0193695100864866,0.01945022419470151,0.9774250281871566,1.029963115751668,0.06328183101679358,0.06278884345541831,0.06357714317886716,0.06243227160193484,0.9666812847348745,0.9671742722962496,0.9663859725728008,0.9675308441497331
768,761,770,9,0.7777777777777778,0.7777863520935827,0.2222222222222222,10.343295190528451,34.51350565386214,0.1038257385031436,0.7930117497453056,0.02009288881326318,0.8973290097332843,0.8128345093093319,0.06749500509139186,0.06691123643921729,0.06767930803458498,0.06671219610246111,0.74533950421794,0.7459232728701146,0.7451552012747469,0.7461223132068707
769,761,770,9,0.8888888888888888,0.8888919827141794,0.11111111111111116,10.343295190528451,34.51350565386214,0.1038257385031436,0.4757582524925037,0.022107185990711542,0.7070861604154387,0.4843047301265943,0.05597641043506369,0.055590381672665765,0.05614880744953154,0.055412658911074414,0.4283283196915306,0.42871434845392853,0.42815592267706276,0.42889207121551987
771,770,779,9,0.1111111111111111,0.11014973913687767,0.1111111111111111,6.331563924221565,20.93250498246452,0.14653328703047747,0.12944039902141885,0.02463618922753427,0.28454578232479305,0.20308264334759912,0.10138166228081498,0.10258916100538833,0.10198814038064712,0.10196177575543498,0.10170098106678414,0.1004934823422108,0.10109450296695201,0.10112086759216414
772,770,779,9,0.2222222222222222,0.22029159602198517,0.2222222222222222,6.331563924221565,20.93250498246452,0.14653328703047747,0.6667696477526719,0.0254776107298521,0.4487572225007394,0.7430997496023096,0.09016267125959238,0.0925331944279257,0.09138952391932942,0.09128157945717447,0.6529370783427173,0.6505665551743839,0.6517102256829802,0.6518181701451351
773,770,779,9,0.3333333333333333,0.331657566606998,0.3333333333333333,6.331563924221565,20.93250498246452,0.14653328703047747,1.472600588300297,0.025803870408753926,1.244510636333594,1.5902597633291768,0.13104869529479196,0.1342762371036547,0.13276208330592063,0.132529752541628,1.4592110680343848,1.455983526225522,1.4574976800232562,1.4577300107875488
774,770,779,9,0.4444444444444444,0.443032207668958,0.4444444444444444,6.331563924221565,20.93250498246452,0.14653328703047747,2.0343879871760566,0.026230847009801966,1.7689007003234607,2.101825773913783,0.09133514678310768,0.09464636782055243,0.09293614190417938,0.09306557627206385,2.0104906271306753,2.007179406093231,2.0088896320096037,2.008760197641719
776,770,779,9,0.6666666666666666,0.6657996189719494,0.33333333333333337,6.331563924221565,20.93250498246452,0.14653328703047747,1.9314006766524094,0.024962865051879092,1.6312866368948244,1.9093168911058154,0.07131179426400687,0.07044035075908073,0.07056363749773499,0.07123223343934527,1.8380050968418085,1.8388765403467346,1.8387532536080804,1.83808465766647
777,770,779,9,0.7777777777777778,0.7771923892129808,0.2222222222222222,6.331563924221565,20.93250498246452,0.14653328703047747,1.3676710291851868,0.02366871470764677,1.0790323319198112,1.306822454608259,0.09909640388860239,0.09739421536071954,0.09807889590261795,0.09844843434749075,1.2077260507196566,1.2094282392475395,1.208743558705641,1.2083740202607682
778,770,779,9,0.8888888888888888,0.8885946181561364,0.11111111111111116,6.331563924221565,20.93250498246452,0.14653328703047747,0.6152540094047175,0.022276835352253728,0.5001665327544436,0.5530924118077551,0.10215262643056884,0.1004118874019201,0.1009902567007012,0.10159237944585263,0.4509397853771863,0.45268052440583506,0.4521021551070539,0.4515000323619025
781,779,789,10,0.2,0.1999513390255357,0.2,10.11638704326136,30.0108091309343,0.06563668918315424,0.6822679406202222,0.023556704881840567,0.9269872758873529,0.687329430371874,0.0,0.0,0.0,0.0,0.687329430371874,0.687329430371874,0.687329430371874,0.687329430371874
782,779,789,10,0.3,0.2999390323255985,0.3,10.11638704326136,30.0108091309343,0.06563668918315424,0.7770304144897207,0.02504695533141812,0.9873070979309823,0.7433324934593633,0.028235368379460377,0.02912486428839916,0.02869253789955012,0.028594174617152242,0.7150971250799029,0.7142076291709641,0.7146399555598131,0.7147383188422111
783,779,789,10,0.4,0.39992814018887246,0.4,10.11638704326136,30.0108091309343,0.06563668918315424,0.6763041491169715,0.02614225288947153,0.914653319685403,0.6387857019458473,0.0501912027819596,0.05081363769313204,0.05051748859039913,0.0504306147321822,0.5885944991638876,0.5879720642527152,0.5882682133554481,0.588355087213665
784,779,789,10,0.5,0.49992644271301906,0.5,10.11638704326136,30.0108091309343,0.06563668918315424,0.7228403953289251,0.026471775988896495,1.0098416157865127,0.7368354234739403,0.04724290010240732,0.046228695361414544,0.04666035716677529,0.04681052099238721,0.689592523371533,0.6906067281125258,0.690175066307165,0.690024902481553
786,779,789,10,0.7,0.6999393152382407,0.30000000000000004,10.11638704326136,30.0108091309343,0.06563668918315424,0.7203568115784204,0.02594101421380544,0.8651607885677524,0.6984042949494997,0.05760209752586621,0.0567596503046715,0.05701370588035828,0.05729877727288683,0.6408021974236335,0.6416446446448283,0.6413905890691415,0.641105517676613
787,779,789,10,0.8,0.799951763394499,0.19999999999999996,10.11638704326136,30.0108091309343,0.06563668918315424,0.568855376074188,0.024732543134272224,0.5927667150037494,0.5593758505810429,0.03979939252576245,0.03929417159552328,0.039410060670381414,0.03964380787499394,0.5195764580552804,0.5200816789855196,0.5199657899106614,0.519732042706049
788,779,789,10,0.9,0.8999741134932355,0.09999999999999998,10.11638704326136,30.0108091309343,0.06563668918315424,0.4084208993856561,0.02234371252130342,0.30989079095872396,0.38971649307730954,0.01944195408945954,0.01992480811942699,0.019831035733029048,0.019540565661569562,0.37027453898785,0.36979168495788256,0.3698854573442805,0.37017592741573996
791,789,799,10,0.2,0.19995179244456132,0.2,13.80545559115212,40.92996587851675,0.1163083223854337,0.6893192507473282,0.02035158915785309,0.42943933094678743,0.7109915881789765,0.040598490758929844,0.039999961949535756,0.04012517779987234,0.040038175173779264,0.6703930974200466,0.6709916262294406,0.6708664103791041,0.6709534130051972
792,789,799,10,0.3,0.2999379380737901,0.3,13.80545559115212,40.92996587851675,0.1163083223854337,0.838370586159253,0.02018068338197024,0.584065652684151,0.8364176914039609,0.009799938379013981,0.0,0.0025647871912515487,0.0031767296294095016,0.826617753024947,0.8364176914039609,0.8338529042127094,0.8332409617745514
793,789,799,10,0.4,0.3999276179812768,0.4,13.80545559115212,40.92996587851675,0.1163083223854337,0.9269280644495457,0.02074029792193415,0.6849873889797469,0.90519147153142,0.021100410674450506,0.020112998195009515,0.02055657706576162,0.020478706835594968,0.8840910608569695,0.8850784733364104,0.8846348944656584,0.884712764695825
794,789,799,10,0.5,0.49992648701223424,0.5,13.80545559115212,40.92996587851675,0.1163083223854337,0.8362337950309612,0.02122849541517126,0.6502658905030357,0.7886282941488468,0.05591938343542823,0.050716581779012025,0.05324362514570031,0.053678435347715235,0.7327089107134186,0.7379117123698348,0.7353846690031465,0.7349498588011316
796,789,799,10,0.7,0.6999383621871811,0.30000000000000004,13.80545559115212,40.92996587851675,0.1163083223854337,0.5277937732098,0.020996979737316523,0.7579961780218463,0.5687107058624098,0.10066967760831938,0.0974146159533229,0.09898056331990693,0.09928302800163949,0.46804102825409044,0.4712960899090869,0.4697301425425029,0.46942767786077033
797,789,799,10,0.8,0.799952075186822,0.19999999999999996,13.80545559115212,40.92996587851675,0.1163083223854337,0.8477582606782919,0.021426779006642242,1.124723424378911,0.892612287768145,0.06097327523108128,0.057321937602858156,0.05896193625895533,0.059393638936429245,0.8316390125370637,0.8352903501652869,0.8336503515091898,0.8332186488317158
798,789,799,10,0.9,0.8999749773099336,0.09999999999999998,13.80545559115212,40.92996587851675,0.1163083223854337,0.6421385629265366,0.020388471615015683,0.8947863910319123,0.6638528057055583,0.006024252986597436,0.0,0.0,0.003345539241312791,0.6578285527189608,0.6638528057055583,0.6638528057055583,0.6605072664642455
801,799,808,9,0.2222222222222222,0.22329257642610387,0.2222222222222222,14.862489596120422,49.17793238936844,0.03523082324056827,0.5870924230739555,0.011942345653468581,0.3837675842058662,0.6043943364627317,0.05257272756365853,0.051700485264852915,0.05210740911926261,0.05217863959188538,0.5518216088990732,0.5526938511978787,0.5522869273434691,0.5522156968708463
802,799,808,9,0.3333333333333333,0.3349510925002189,0.3333333333333333,14.862489596120422,49.17793238936844,0.03523082324056827,0.7390183048385761,0.010400133750058283,0.49485557733530106,0.7403169817063198,0.0614551202389564,0.06000807333383201,0.0606505857868991,0.06076315252244804,0.6788618614673634,0.6803089083724878,0.6796663959194207,0.6795538291838717
803,799,808,9,0.4444444444444444,0.4452803217426359,0.4444444444444444,14.862489596120422,49.17793238936844,0.03523082324056827,0.6168735501634456,0.00886401637508182,0.43573460128535463,0.6163515929577101,0.07577043005401499,0.07368474026823223,0.07463241275846806,0.07475850458515233,0.5405811629036952,0.5426668526894779,0.541719180199242,0.5415930883725578
804,799,808,9,0.5555555555555556,0.5562201551439456,0.4444444444444444,14.862489596120422,49.17793238936844,0.03523082324056827,0.5655763727462622,0.008033252406283917,0.5495057678900573,0.5924835121815721,0.05825517319937126,0.05627849473449074,0.05717204557482869,0.057292372947676515,0.5342283389822009,0.5362050174470814,0.5353114666067434,0.5351911392338956
806,799,808,9,0.7777777777777778,0.7781029775236136,0.2222222222222222,14.862489596120422,49.17793238936844,0.03523082324056827,0.48841475582803473,0.009659796362518866,0.5669749361940248,0.4904533940889752,0.0,0.0,0.0,0.0,0.4904533940889752,0.4904533940889752,0.4904533940889752,0.4904533940889752
807,799,808,9,0.8888888888888888,0.8890483331847583,0.11111111111111116,14.862489596120422,49.17793238936844,0.03523082324056827,0.27595378631012085,0.012523340631771086,0.3166499307952208,0.26838007514695583,0.0,0.0,0.0,0.0,0.26838007514695583,0.26838007514695583,0.26838007514695583,0.26838007514695583
809,808,817,9,0.1111111111111111,0.11109671680886746,0.1111111111111111,12.853633989299608,42.58681024655752,0.15053200940808983,0.5611848303788414,0.018277983851389748,0.778403546540918,0.5383989475880392,0.04519113897105267,0.04458805396833804,0.044844109049285374,0.04483002081648588,0.49320780861698654,0.49381089361970115,0.4935548385387538,0.4935689267715533
811,808,817,9,0.3333333333333333,0.33330357925735404,0.3333333333333333,12.853633989299608,42.58681024655752,0.15053200940808983,1.240960812216372,0.022140711274802664,1.4490659450611905,1.2237599670411339,0.10348324801109043,0.10000838825281148,0.10164241034826242,0.10150430441439806,1.1202767190300436,1.1237515787883223,1.1221175566928714,1.1222556626267357
812,808,817,9,0.4444444444444444,0.4444129349657525,0.4444444444444444,12.853633989299608,42.58681024655752,0.15053200940808983,1.402199664251282,0.022625432274255942,1.612413773077109,1.3885514636145087,0.026109945181840778,0.02916088470978015,0.02764748068210049,0.026905298973030685,1.362441518432668,1.3593905789047285,1.360903982932408,1.361646164641478
813,808,817,9,0.5555555555555556,0.5555230806053717,0.4444444444444444,12.853633989299608,42.58681024655752,0.15053200940808983,1.3317500998854503,0.02269734898672845,1.5311092801234722,1.302745785808215,0.047222148358053745,0.052444568288955815,0.04956172816994157,0.04984059567147795,1.2555236374501613,1.2503012175192592,1.2531840576382733,1.252905190136737
814,808,817,9,0.6666666666666666,0.6666395456947564,0.33333333333333337,12.853633989299608,42.58681024655752,0.15053200940808983,1.155088052723536,0.021999589152170495,1.325329976660731,1.0999999976991715,0.04758474145254964,0.05199235941447572,0.0495798866160601,0.04958430624442874,1.0524152562466218,1.0480076382846957,1.0504201110831113,1.0504156914547427
816,808,817,9,0.8888888888888888,0.8888772154608499,0.11111111111111116,12.853633989299608,42.58681024655752,0.15053200940808983,0.23866400443287636,0.017606086410220777,0.44370845675179116,0.21537400741227955,0.03420164333057122,0.03484615618854066,0.03446144134218124,0.03444349416221778,0.18117236408170834,0.18052785122373888,0.1809125660700983,0.18093051325006176
818,817,827,10,0.1,0.09998848591158886,0.1,8.15620433029084,24.314343460535245,0.10201402634757215,0.5642470614881013,0.01578032456119544,0.4529433093105931,0.5304569376310735,0.045378463073902225,0.04476324074180244,0.04505235456501077,0.04507406601013269,0.48507847455717124,0.48569369688927105,0.4854045830660627,0.4853828716209408
819,817,827,10,0.2,0.19997697182317772,0.2,8.15620433029084,24.314343460535245,0.10201402634757215,0.7369290469285622,0.018816557781200415,0.5927544658512122,0.682355611435234,0.07185595694051174,0.07055393064491852,0.0711680258617648,0.0712041553449168,0.6104996544947223,0.6118016807903155,0.6111875855734692,0.6111514560903173
821,817,827,10,0.4,0.3999660263317252,0.4,8.15620433029084,24.314343460535245,0.10201402634757215,0.922241837882591,0.023150279208567652,0.8334359564731217,0.8720649998654662,0.056360958216091064,0.05508291979788765,0.05571190772274303,0.055632648460129136,0.815704041649375,0.8169820800675784,0.8163530921427231,0.816432351405337
822,817,827,10,0.5,0.4999665949286837,0.5,8.15620433029084,24.314343460535245,0.10201402634757215,0.9748646398855456,0.02404110629985566,0.9034792293721005,0.9344197064533769,0.03460413232762649,0.033811993816018,0.034193353836939167,0.03407876528021172,0.8998155741257504,0.900607712637359,0.9002263526164378,0.9003409411731652
823,817,827,10,0.6,0.5999657420332458,0.4,8.15620433029084,24.314343460535245,0.10201402634757215,1.0618749095160671,0.02401423822768882,1.002714832187387,1.0193440324076777,0.05761789395320177,0.05573363889348106,0.056830934345843666,0.05646049073751401,0.961726138454476,0.9636103935141966,0.962513098061834,0.9628835416701637
824,817,827,10,0.7,0.6999719965997901,0.30000000000000004,8.15620433029084,24.314343460535245,0.10201402634757215,1.0146437857985509,0.023533001037304085,0.95603106745373,0.9508625904924154,0.09309325806204928,0.09134933169235326,0.09236481531391769,0.09204480613109361,0.8577693324303661,0.8595132588000621,0.8584977751784977,0.8588177843613218
826,817,827,10,0.9,0.8999887702100682,0.09999999999999998,8.15620433029084,24.314343460535245,0.10201402634757215,0.3929966433773497,0.018494530087986127,0.5258195131968709,0.39271684645983895,0.08096817573242626,0.08071624212062567,0.08082222365467996,0.08083895432215367,0.3117486707274127,0.3120006043392133,0.311894622805159,0.3118778921376853
828,827,835,8,0.125,0.12512314832927285,0.125,6.066312410433537,22.62368930017163,0.05711775583499141,0.5850120790143132,0.01493371264681886,0.6420152839190756,0.5949057912037089,0.0,0.0,0.0,0.0,0.5949057912037089,0.5949057912037089,0.5949057912037089,0.5949057912037089
829,827,835,8,0.25,0.2502462966585457,0.25,6.066312410433537,22.62368930017163,0.05711775583499141,0.9099718566313592,0.01600455839235137,0.9333289478706407,0.8588572064149683,0.06613842455433812,0.06608111549298139,0.06614874198615668,0.06605373020451961,0.7927187818606302,0.792776090921987,0.7927084644288116,0.7928034762104487
831,827,835,8,0.5,0.5005077089964968,0.5,6.066312410433537,22.62368930017163,0.05711775583499141,0.6286560913754732,0.01563339869504366,0.6700184460743899,0.5253642962533229,0.1061616248981304,0.10565780695006448,0.10593007612575765,0.10586877748758251,0.4192026713551925,0.41970648930325843,0.41943422012756526,0.4194955187657404
832,827,835,8,0.625,0.6256441946899507,0.375,6.066312410433537,22.62368930017163,0.05711775583499141,0.3219615959080992,0.014507134075125893,0.4745109970551378,0.2894632828980603,0.09784985005939845,0.097497908448691,0.09771502883746999,0.09761496675101605,0.19161343283866183,0.19196537444936929,0.1917482540605903,0.19184831614704423
833,827,835,8,0.75,0.7507824586986289,0.25,6.066312410433537,22.62368930017163,0.05711775583499141,0.28855916953436334,0.013767191083277407,0.4463852925149908,0.3000838056864562,0.0311826542270577,0.03079008742383096,0.031065985349782856,0.03089222556895078,0.2689011514593985,0.26929371826262527,0.2690178203366734,0.26919158011750544
834,827,835,8,0.875,0.8754921487382854,0.125,6.066312410433537,22.62368930017163,0.05711775583499141,0.14531916368549755,0.014245908902765976,0.2892402215158913,0.1547841236666684,0.0,0.0,0.0,0.0,0.1547841236666684,0.1547841236666684,0.1547841236666684,0.1547841236666684
836,835,842,7,0.14285714285714285,0.1421076774578738,0.14285714285714285,4.699072165691823,20.046580809813367,0.07960495842108686,0.2999648262229209,0.015040364921961136,0.155614948597531,0.29787115673521225,0.0,0.0,0.0,0.0,0.29787115673521225,0.29787115673521225,0.29787115673521225,0.29787115673521225
837,835,842,7,0.2857142857142857,0.2850788820324316,0.2857142857142857,4.699072165691823,20.046580809813367,0.07960495842108686,0.46234545816309824,0.016079951890135957,0.27531976032292377,0.4340635620370837,0.0,0.0,0.0,0.0,0.4340635620370837,0.4340635620370837,0.4340635620370837,0.4340635620370837
838,835,842,7,0.42857142857142855,0.4280582234938368,0.42857142857142855,4.699072165691823,20.046580809813367,0.07960495842108686,0.31026561717189793,0.017246284306179645,0.10635973866745507,0.24583691131815558,0.07847589705250317,0.07817852417009391,0.0782891714716532,0.07832246908239814,0.16736101426565242,0.16765838714806167,0.1675477398465024,0.16751444223575745
839,835,842,7,0.5714285714285714,0.5710355307335302,0.4285714285714286,4.699072165691823,20.046580809813367,0.07960495842108686,0.15183723710916075,0.018130362885449582,0.33510806862335474,0.2139728167536233,0.06885418310953086,0.06958111444334217,0.06920652785645286,0.06918843335281283,0.14511863364409244,0.14439170231028114,0.14476628889717047,0.14478438340081048
841,835,842,7,0.8571428571428571,0.8570074360974677,0.1428571428571429,4.699072165691823,20.046580809813367,0.07960495842108686,0.38967929601048845,0.017531440983576747,0.506252014951692,0.3884666724410991,0.022117389525966147,0.02149379872541701,0.021593670902999598,0.022017824570708482,0.36634928291513297,0.3669728737156821,0.36687300153809954,0.3664488478703906
843,842,850,8,0.125,0.12498744222311324,0.125,4.910718091329278,18.311723169996075,0.09013584360226334,0.31896965765192536,0.015943091825778452,0.40531008813384817,0.29900901457805185,0.055068712757897945,0.05548015766398895,0.05525316948896677,0.055288738685201524,0.24394030182015392,0.2435288569140629,0.24375584508908507,0.24372027589285034
844,842,850,8,0.25,0.24998199681543667,0.25,4.910718091329278,18.311723169996075,0.09013584360226334,0.34345905290986867,0.015189421879427796,0.42964371751065733,0.28593702273801924,0.06391967864698997,0.0646392797673382,0.06425182527799028,0.06430095634886424,0.22201734409102927,0.22129774297068106,0.22168519746002896,0.221636066389155
846,842,850,8,0.5,0.49997644027699123,0.5,4.910718091329278,18.311723169996075,0.09013584360226334,0.4930845133363048,0.013473699984135893,0.5068540809513877,0.41962561650486374,0.08078104010383028,0.08215448411550309,0.08153106287736268,0.08139358827436265,0.3388445764010335,0.33747113238936066,0.33809455362750107,0.3382320282305011
847,842,850,8,0.625,0.6249763291462224,0.375,4.910718091329278,18.311723169996075,0.09013584360226334,0.29347989716184236,0.013340005230105933,0.292868977843184,0.25611860686569415,0.058413058287624754,0.05980248820802928,0.059171022392467576,0.05904215283292938,0.1977055485780694,0.19631611865766488,0.19694758447322658,0.19707645403276478
848,842,850,8,0.75,0.7499833303846636,0.25,4.910718091329278,18.311723169996075,0.09013584360226334,0.18500169715496925,0.014088296514314097,0.1478649333971054,0.1690292002077471,0.06505969211398492,0.06606252110658727,0.06559238977145349,0.06552574070662573,0.10396950809376217,0.10296667910115982,0.1034368104362936,0.10350345950112136
849,842,850,8,0.875,0.8749894425769537,0.125,4.910718091329278,18.311723169996075,0.09013584360226334,0.12942279182953517,0.01601021256380059,0.09857836091096688,0.1674069963617734,0.05013010688889735,0.050668305071148424,0.050398998718456656,0.0503973649751301,0.11727688947287604,0.11673869129062497,0.11700799764331674,0.11700963138664329
851,850,858,8,0.125,0.12498833350962696,0.125,6.733830187649869,25.105159203265902,0.08760364974655913,0.15474550378330013,0.018686540240913905,0.10712582816705715,0.14568074724335162,0.0,0.0,0.0,0.0,0.14568074724335162,0.14568074724335162,0.14568074724335162,0.14568074724335162
852,850,858,8,0.25,0.24998200027199588,0.25,6.733830187649869,25.105159203265902,0.08760364974655913,0.24879018404618997,0.019085156856485732,0.08783257936795993,0.24762909022271484,0.0,0.0059524447165998275,0.0,0.0,0.24762909022271484,0.241676645506115,0.24762909022271484,0.24762909022271484
853,850,858,8,0.375,0.3749765559098218,0.375,6.733830187649869,25.105159203265902,0.08760364974655913,0.31479784435171465,0.02028070756911239,0.14921542459361514,0.32838468964419465,0.0,0.00914142257748549,0.005461285108534682,0.004883232391984674,0.32838468964419465,0.31924326706670914,0.32292340453566,0.32350145725220997
854,850,858,8,0.5,0.49997644480038966,0.5,6.733830187649869,25.105159203265902,0.08760364974655913,0.549147398332755,0.02115876174890459,0.46003229681645424,0.5785090111574449,0.03218195833212009,0.03490111097169476,0.03361805202760442,0.03345744926857596,0.5463270528253248,0.5436079001857501,0.5448909591298405,0.5450515618888689
856,850,858,8,0.75,0.7499824447097244,0.25,6.733830187649869,25.105159203265902,0.08760364974655913,0.6090802783079737,0.020916282240104295,0.44195538235025117,0.5446673535137715,0.07689561113458111,0.07487315071421574,0.07575772283645589,0.07600253541282373,0.4677717423791904,0.46979420279955575,0.4689096306773156,0.46866481810094773
857,850,858,8,0.875,0.8749876668530342,0.125,6.733830187649869,25.105159203265902,0.08760364974655913,0.20944175649858035,0.02016790874540949,0.057071674106803034,0.1860482108486847,0.03747208989781241,0.03633917983840536,0.03679018795138725,0.036998157117654126,0.1485761209508723,0.14970903101027933,0.14925802289729745,0.14905005373103059
859,858,866,8,0.125,0.12498678049218338,0.125,6.711541024096723,25.017301659421918,0.12484170626960253,0.05904719045621469,0.01930008236598316,0.154416132909209,0.09940363910461912,0.06703303248207557,0.06701873395908045,0.06705070349839932,0.06703737977507973,0.032370606622543555,0.03238490514553867,0.032352935606219796,0.03236625932953939
861,858,866,8,0.375,0.37497544948548345,0.375,6.711541024096723,25.017301659421918,0.12484170626960253,0.8873002630704488,0.016565549020692676,0.7858248033245727,1.0011565205151103,0.14008799964905017,0.14174436970672702,0.14113482257360604,0.14076614431928727,0.8610685208660601,0.8594121508083833,0.8600216979415043,0.860390376195823
862,858,866,8,0.5,0.4999755605737844,0.5,6.711541024096723,25.017301659421918,0.12484170626960253,1.3267751342543999,0.017325600286070577,1.247415700141628,1.447966686140925,0.1458406914386022,0.1485886004548015,0.14755454122432327,0.1469219358981031,1.302125994702323,1.2993780856861235,1.3004121449166017,1.301044750242822
863,858,866,8,0.625,0.6249756716620853,0.375,6.711541024096723,25.017301659421918,0.12484170626960253,1.5465319859124917,0.01818455959668317,1.4249357626609893,1.6115884150129107,0.07223016894936639,0.07432042298058408,0.07346983383155431,0.07309106015044016,1.5393582460635444,1.5372679920323267,1.5381185811813565,1.5384973548624705
864,858,866,8,0.75,0.7499820036952413,0.25,6.711541024096723,25.017301659421918,0.12484170626960253,1.16842497936482,0.01931887510324172,0.9898929234197518,1.1828491799883158,0.0,0.0,0.0,0.0,1.1828491799883158,1.1828491799883158,1.1828491799883158,1.1828491799883158
867,866,874,8,0.125,0.12481566584740376,0.125,7.538278927836478,28.10486576397251,0.13554478882037926,0.7859295378158521,0.022886991397455123,0.9949788065550493,0.8294949869612507,0.03746994798887054,0.03698968599874743,0.037237999491835226,0.03728535602190774,0.7920250389723802,0.7925053009625033,0.7922569874694154,0.7922096309393429
868,866,874,8,0.25,0.2493344414864066,0.25,7.538278927836478,28.10486576397251,0.13554478882037926,1.6237821939533927,0.024026452939989354,1.8182934893588494,1.6610115082673251,0.04648104150734086,0.04458452967132615,0.04542311594148959,0.045697509016215214,1.6145304667599842,1.616426978595999,1.6155883923258356,1.6153139992511099
869,866,874,8,0.375,0.37334388152836234,0.375,7.538278927836478,28.10486576397251,0.13554478882037926,2.0073906553811933,0.02451768612155511,2.1789109477218274,2.0141903188832995,0.07568946068629989,0.07176344457435713,0.07343748328286626,0.07405829705002474,1.9385008581969996,1.9424268743089423,1.940752835600433,1.9401320218332747
871,866,874,8,0.625,0.6239814399175108,0.375,7.538278927836478,28.10486576397251,0.13554478882037926,2.0421878008623846,0.0250289130220722,2.209731780652349,2.0682329815031797,0.0,0.011244496751190138,0.008573286419510552,0.003998856477647308,2.0682329815031797,2.0569884847519897,2.059659695083669,2.0642341250255325
872,866,874,8,0.75,0.7493144413975174,0.25,7.538278927836478,28.10486576397251,0.13554478882037926,1.7492463354948065,0.023640443413932746,1.852180316226817,1.7126969130849998,0.044728605208491125,0.04454567553602523,0.044457069400731256,0.044659881346766066,1.6679683078765086,1.6681512375489747,1.6682398436842685,1.6680370317382338
873,866,874,8,0.875,0.8746518873417215,0.125,7.538278927836478,28.10486576397251,0.13554478882037926,0.9588614258985981,0.023170994106295455,1.060855410707249,0.9030397691433308,0.06725645712190043,0.0659824262603656,0.06637085718847986,0.06680581570747371,0.8357833120214304,0.8370573428829653,0.8366689119548509,0.8362339534358572
876,874,884,10,0.2,0.19995051835216188,0.2,10.487794901026062,31.184071804076222,0.11580535533217569,1.3492684077906316,0.026836650232924624,1.3226210705753527,1.366816568599875,0.04338766183830668,0.04565372413982814,0.044785567413281706,0.04421285635377275,1.3234289067615683,1.321162844460047,1.3220310011865932,1.3226037122461023
877,874,884,10,0.3,0.29993322104260245,0.3,10.487794901026062,31.184071804076222,0.11580535533217569,1.9751856517106203,0.029640310123663683,1.90999838921744,1.9185919216403342,0.09109376146152398,0.09167840099814398,0.09171822387073028,0.0909225225810255,1.8274981601788103,1.8269135206421903,1.8268736977696038,1.8276693990593087
878,874,884,10,0.4,0.39992584841885576,0.4,10.487794901026062,31.184071804076222,0.11580535533217569,1.9070232776888798,0.031459622288655786,1.8587130799732001,1.8143344613132488,0.15160163544201688,0.15164838228561953,0.15202656405237164,0.15109961160025812,1.662732825871232,1.6626860790276292,1.6623078972608771,1.6632348497129907
879,874,884,10,0.5,0.49992131141962703,0.5,10.487794901026062,31.184071804076222,0.11580535533217569,1.6868593783156942,0.03243290923462266,1.7414476325029025,1.6415559560515427,0.10224280085461504,0.10253631382355172,0.10303000210520326,0.10160692439344908,1.5393131551969277,1.539019642227991,1.5385259539463394,1.5399490316580937
881,874,884,10,0.7,0.6999335046050542,0.30000000000000004,10.487794901026062,31.184071804076222,0.11580535533217569,1.2666382794658555,0.03309413829849071,1.3693460081604252,1.2029920260118214,0.11875450107194158,0.11822057463259114,0.11907032092585239,0.11784433163561683,1.08423752493988,1.0847714513792304,1.083921705085969,1.0851476943762046
882,874,884,10,0.8,0.7999509436958395,0.19999999999999996,10.487794901026062,31.184071804076222,0.11580535533217569,0.8342480259277565,0.03056698371410893,0.9759757065221577,0.7918505994354238,0.04748621564697516,0.04648444679349473,0.04747346027329379,0.04647020595665931,0.7443643837884486,0.7453661526419291,0.74437713916213,0.7453803934787645
883,874,884,10,0.9,0.8999705095050133,0.09999999999999998,10.487794901026062,31.184071804076222,0.11580535533217569,0.3604590032311243,0.02818827949053889,0.5437628170823176,0.315093617806055,0.058587307595307773,0.05821901357211335,0.05861297224843696,0.058189644654561404,0.2565063102107472,0.25687460423394165,0.256480645557618,0.2569039731514936
886,884,893,9,0.2222222222222222,0.22217455239342776,0.2222222222222222,8.884223010323172,29.333842480501264,0.10388263445119068,0.9981298805901235,0.03102980799885068,1.0659823131693924,1.0753822375752435,0.07838956462687802,0.07761473717119935,0.07800968978971841,0.07807254243900442,0.9969926729483656,0.9977675004040442,0.9973725477855251,0.9973096951362391
887,884,893,9,0.3333333333333333,0.3332708814842338,0.3333333333333333,8.884223010323172,29.333842480501264,0.10388263445119068,1.510877948594767,0.03297138256603938,1.539150018034983,1.5664452081497438,0.05778272603587886,0.05607325085047737,0.056842371942040934,0.057063747372787174,1.508662482113865,1.5103719572992664,1.5096028362077027,1.5093814607769567
888,884,893,9,0.4444444444444444,0.44437665707322294,0.4444444444444444,8.884223010323172,29.333842480501264,0.10388263445119068,1.5540597121514517,0.03267364123353673,1.4980363186063115,1.5408276977618973,0.023718802971699867,0.021520635544514752,0.022217074707022576,0.022767674420721376,1.5171088947901974,1.5193070622173825,1.5186106230548748,1.5180600233411758
889,884,893,9,0.5555555555555556,0.5554863687031217,0.4444444444444444,8.884223010323172,29.333842480501264,0.10388263445119068,1.0972184182460323,0.03105029115775018,1.025067448022112,1.0935353195134139,0.059664473222886885,0.06013221573586772,0.059972329586084935,0.059715847647734584,1.033870846290527,1.0334031037775462,1.0335629899273289,1.0338194718656792
891,884,893,9,0.7777777777777778,0.7777294082083771,0.2222222222222222,8.884223010323172,29.333842480501264,0.10388263445119068,0.7874928678015147,0.029543141693656187,0.8122747917137516,0.7980153657392103,0.03745310515011184,0.04047791266747428,0.03949918169706648,0.038436814986577854,0.7605622605890985,0.757537453071736,0.7585161840421438,0.7595785507526325
892,884,893,9,0.8888888888888888,0.8888643105000976,0.11111111111111116,8.884223010323172,29.333842480501264,0.10388263445119068,0.5274272780308713,0.02881482341963561,0.6322062307596799,0.5469013385789997,0.02811903598252451,0.029303696512410937,0.028922135801270482,0.028483453010187492,0.5187823025964752,0.5175976420665888,0.5179792027777292,0.5184178855688122
894,893,902,9,0.1111111111111111,0.11150818346374856,0.1111111111111111,11.333638302325847,37.54246876984147,0.24790620455049878,0.7499364985280856,0.02700023594604009,0.8001431183385564,0.7195236894171109,0.020478046760436738,0.025533009118308327,0.022918444135464133,0.02273435790505607,0.6990456426566741,0.6939906802988025,0.6966052452816467,0.6967893315120548
896,893,902,9,0.3333333333333333,0.3345395557773896,0.3333333333333333,11.333638302325847,37.54246876984147,0.24790620455049878,1.3361629728886728,0.026045281617743554,1.295089962077805,1.3215044509470004,0.0,0.013851524368455926,0.0,0.0,1.3215044509470004,1.3076529265785446,1.3215044509470004,1.3215044509470004
897,893,902,9,0.4444444444444444,0.44606432414161296,0.4444444444444444,11.333638302325847,37.54246876984147,0.24790620455049878,1.5987233567800012,0.025494902293075467,1.5809011968982498,1.6142120671300841,0.0449429496250232,0.04964871084813798,0.04734878067847736,0.04678903503870167,1.569269117505061,1.564563356281946,1.5668632864516068,1.5674230320913825
898,893,902,9,0.5555555555555556,0.5575993593489874,0.4444444444444444,11.333638302325847,37.54246876984147,0.24790620455049878,1.7085612946675062,0.025549272895602153,1.6752668380079765,1.7077125858716065,0.0,0.018340530104032478,0.006616762617249513,0.0020155637547248366,1.7077125858716065,1.689372055767574,1.701095823254357,1.7056970221168817
899,893,902,9,0.6666666666666666,0.6700828929120874,0.33333333333333337,11.333638302325847,37.54246876984147,0.24790620455049878,1.6980003498815979,0.025650064687243245,1.6498052759991422,1.6656088045099597,0.0539789116412753,0.05591274551197653,0.05444934820400573,0.05456435675329928,1.6116298928686845,1.6096960589979832,1.611159456305954,1.6110444477566606
901,893,902,9,0.8888888888888888,0.8900318430089116,0.11111111111111116,11.333638302325847,37.54246876984147,0.24790620455049878,0.6007554402429037,0.027463912776623186,0.48729868134802246,0.5942452836887147,0.037776332614378905,0.04082764352176765,0.03918292371603729,0.03921822726151343,0.5564689510743357,0.5534176401669471,0.5550623599726774,0.5550270564272012
903,902,911,9,0.1111111111111111,0.1111265414732218,0.1111111111111111,7.171634888814142,24.00752860724704,0.25744491511409384,0.9953615898988322,0.028873544407259404,0.9865398241465744,1.0397596537288651,0.05164934695554397,0.05435095345272127,0.05299415125290958,0.05306129758976523,0.9881103067733211,0.9854087002761439,0.9867655024759555,0.9866983561391
904,902,911,9,0.2222222222222222,0.22225228482426546,0.2222222222222222,7.171634888814142,24.00752860724704,0.25744491511409384,1.6878060974359548,0.028951871670667546,1.5948751374477041,1.6942470677432884,0.03854981950629002,0.04143120754635745,0.03959310874528107,0.0402300967893516,1.6556972482369983,1.652815860196931,1.6546539589980074,1.6540169709539367
906,902,911,9,0.4444444444444444,0.4444870109606119,0.4444444444444444,7.171634888814142,24.00752860724704,0.25744491511409384,2.2791568297324547,0.0304242182198568,2.1781136610342062,2.2926058856998757,0.04270344814592643,0.04895159403328329,0.04510797907065695,0.046367081589348505,2.249902437553949,2.2436542916665925,2.247497906629219,2.246238804110527
907,902,911,9,0.5555555555555556,0.5555967918680927,0.4444444444444444,7.171634888814142,24.00752860724704,0.25744491511409384,2.142087241654315,0.03163358525771599,2.0170973885065924,2.152128055386434,0.05510511858853689,0.05934941786879518,0.05620724714051932,0.05793588380041661,2.097022936797897,2.0927786375176387,2.0959208082459146,2.0941921715860174
908,902,911,9,0.6666666666666666,0.6667057746533955,0.33333333333333337,7.171634888814142,24.00752860724704,0.25744491511409384,1.8967057560577063,0.03207154037638148,1.7587192434095231,1.9176769597923151,0.03414544304196361,0.03782764071099301,0.03454639459526808,0.037033363285253626,1.8835315167503515,1.8798493190813221,1.8831305651970471,1.8806435965070616
909,902,911,9,0.7777777777777778,0.7778067762169169,0.2222222222222222,7.171634888814142,24.00752860724704,0.25744491511409384,1.5425445156736681,0.032362436496816194,1.3895398258049403,1.5509614900205824,0.0,0.0,0.0,0.0,1.5509614900205824,1.5509614900205824,1.5509614900205824,1.5509614900205824
912,911,920,9,0.1111111111111111,0.11112885313516202,0.1111111111111111,9.991726662015664,33.45924421537633,0.07613297566994703,0.3177153827857399,0.03219999901138175,0.447419336957474,0.30653605552681146,0.0,0.0,0.0,0.0,0.30653605552681146,0.30653605552681146,0.30653605552681146,0.30653605552681146
913,911,920,9,0.2222222222222222,0.22225052075058344,0.2222222222222222,9.991726662015664,33.45924421537633,0.07613297566994703,0.5893261892571399,0.03294209983164138,0.6860667982335181,0.5855425836263374,0.019369942534047592,0.017944204698976046,0.018541405324727374,0.01854092419860907,0.5661726410922898,0.5675983789273613,0.56700117830161,0.5670016594277283
914,911,920,9,0.3333333333333333,0.33337218836600485,0.3333333333333333,9.991726662015664,33.45924421537633,0.07613297566994703,0.9054832132397006,0.03276193746743231,0.9855059763263037,0.9386785056060261,0.04434363530815276,0.04102873741900757,0.04264493052076088,0.04265147108035319,0.8943348702978733,0.8976497681870185,0.8960335750852652,0.8960270345256729
916,911,920,9,0.5555555555555556,0.5555979589930372,0.4444444444444444,9.991726662015664,33.45924421537633,0.07613297566994703,1.0192224256098878,0.03387046740912837,1.0464368573803995,0.973091333959705,0.08427533576241873,0.08507529137753454,0.08441189891248173,0.08481805812117561,0.8888159981972863,0.8880160425821705,0.8886794350472234,0.8882732758385294
917,911,920,9,0.6666666666666666,0.6667036587868128,0.33333333333333337,9.991726662015664,33.45924421537633,0.07613297566994703,0.6805468528327341,0.03472654637705424,0.846153791672625,0.6830067940627247,0.09771267297491952,0.09797899446020948,0.09761743008753562,0.0979709377204662,0.5852941210878052,0.5850277996025152,0.585389363975189,0.5850358563422585
918,911,920,9,0.7777777777777778,0.7778077617984238,0.2222222222222222,9.991726662015664,33.45924421537633,0.07613297566994703,0.555143563092518,0.03517516962391481,0.7730626701185171,0.5671416676568736,0.05776110289358405,0.05812794699690427,0.057687588228911714,0.058145744300116035,0.5093805647632895,0.5090137206599693,0.5094540794279618,0.5089959233567576
919,911,920,9,0.8888888888888888,0.8889046792902942,0.11111111111111116,9.991726662015664,33.45924421537633,0.07613297566994703,0.33098616701537514,0.034725275262404987,0.6025329178896552,0.35677839205223827,0.0504313494291213,0.05037263048601577,0.05029156932945669,0.050484424698857125,0.30634704262311696,0.3064057615662225,0.3064868227227816,0.30629396735338116
921,920,928,8,0.125,0.1250143756648745,0.125,10.38408125202209,39.13235093485062,0.15334402522023324,0.44235877628375536,0.03491139141859076,0.20955519576779763,0.45948837532291226,0.047465204565844236,0.044436322245801775,0.04588389088161866,0.046029476731153984,0.412023170757068,0.41505205307711046,0.4136044844412936,0.4134588985917583
922,920,928,8,0.25,0.25002785285069434,0.25,10.38408125202209,39.13235093485062,0.15334402522023324,0.8320246265904712,0.035269654474416455,0.6295096537705654,0.8608761205567549,0.035359938256087735,0.026992822299186696,0.030975129942351215,0.031752947238229086,0.8255161823006671,0.8338832982575682,0.8299009906144037,0.8291231733185258
923,920,928,8,0.375,0.3750323452459676,0.375,10.38408125202209,39.13235093485062,0.15334402522023324,0.9971185495538105,0.03691304351346547,0.7279417060170625,0.9771633610253825,0.01782207980386474,0.02252195675336616,0.020352256035635247,0.020426890999761787,0.9593412812215177,0.9546414042720163,0.9568111049897472,0.9567364700256207
924,920,928,8,0.5,0.5000377361202956,0.5,10.38408125202209,39.13235093485062,0.15334402522023324,0.8829411937913046,0.038440502110977354,0.5788514261693022,0.8813012327942081,0.06311456815648613,0.06547245619893956,0.06440982826023137,0.06433448023034326,0.818186664637722,0.8158287765952685,0.8168914045339768,0.8169667525638649
926,920,928,8,0.75,0.7500278528506944,0.25,10.38408125202209,39.13235093485062,0.15334402522023324,0.7836250273106151,0.03676513173075872,0.5179923721854595,0.7758731320446862,0.0,0.0,0.0,0.0,0.7758731320446862,0.7758731320446862,0.7758731320446862,0.7758731320446862
927,920,928,8,0.875,0.8750134771858199,0.125,10.38408125202209,39.13235093485062,0.15334402522023324,0.4182247106561336,0.03621668286066914,0.08026554328787622,0.38643614636788437,0.07132708654468017,0.07315057236410807,0.07235882372273243,0.07217452078545705,0.3151090598232042,0.3132855740037763,0.3140773226451519,0.3142616255824273
929,928,938,10,0.1,0.09985887219854132,0.1,11.723227803664216,35.31483082246987,0.11463949081707836,0.9137726988365169,0.03421525008834989,1.1553389078661576,0.9034544050042742,0.09050314480087389,0.0893984494160904,0.08990125377624343,0.09004968629011882,0.8129512602034004,0.8140559555881838,0.8135531512280307,0.8134047187141554
931,928,938,10,0.3,0.2999156106021812,0.3,11.723227803664216,35.31483082246987,0.11463949081707836,1.6388940371619782,0.031746900351068266,1.8521878025677663,1.5884219861186388,0.08400276184245527,0.08141747684650631,0.08259289903870315,0.0827755716636989,1.5044192242761836,1.5070045092721325,1.5058290870799356,1.50564641445494
932,928,938,10,0.4,0.39993967055815505,0.4,11.723227803664216,35.31483082246987,0.11463949081707836,1.60651456098591,0.031032186247498258,1.8224180060350494,1.5433559846230425,0.11191561050389436,0.10817096941519813,0.10978479115073878,0.1102817009996118,1.4314403741191482,1.4351850152078443,1.4335711934723037,1.4330742836234307
933,928,938,10,0.5,0.49995726664535983,0.5,11.723227803664216,35.31483082246987,0.11463949081707836,1.4754731745200036,0.03186974593752979,1.7205707031731314,1.4534128176827226,0.11929894024156673,0.11509382326273528,0.11682923081868765,0.11756566488478068,1.3341138774411558,1.3383189944199874,1.336583586864035,1.3358471527979419
934,928,938,10,0.6,0.5999748627325646,0.4,11.723227803664216,35.31483082246987,0.11463949081707836,1.2839315443603454,0.03302971815316217,1.5226840386380027,1.2739063094121443,0.10348329956567766,0.09915954794078106,0.10088545780198106,0.10175578527824787,1.1704230098464667,1.1747467614713634,1.1730208516101632,1.1721505241338965
936,928,938,10,0.8,0.7999935361312309,0.19999999999999996,11.723227803664216,35.31483082246987,0.11463949081707836,0.8361983323141077,0.035225755291625256,1.060797659981658,0.8692028637035591,0.07985733448207355,0.07696585176022142,0.07802993782613692,0.0787925863283063,0.7893455292214856,0.7922370119433377,0.7911729258774223,0.7904102773752528
937,928,938,10,0.9,0.8999982044808975,0.09999999999999998,11.723227803664216,35.31483082246987,0.11463949081707836,0.5024360146551439,0.037195958628629525,0.7234380393971965,0.5194906767807667,0.03206092688923598,0.029612536211431263,0.030408425590198497,0.0312666376595254,0.48742974989153065,0.4898781405693354,0.48908225119056814,0.48822403912124124
939,938,947,9,0.1111111111111111,0.1111259211606964,0.1111111111111111,8.601174441086668,28.793881380240588,0.06688460573211183,0.21829558077410044,0.03819304560849832,0.5642532558977343,0.2385948315745556,0.005942681639272104,0.0088637689586808,0.007572652003684258,0.0075544914388052066,0.2326521499352835,0.2297310626158748,0.23102217957087134,0.2310403401357504
941,938,947,9,0.3333333333333333,0.33336818572547117,0.3333333333333333,8.601174441086668,28.793881380240588,0.06688460573211183,0.7322752919196281,0.0368373312780925,1.0793567607734555,0.7968918577332638,0.05150108184823404,0.05408375800455178,0.05282172063086054,0.05279512007677909,0.7453907758850298,0.742808099728712,0.7440701371024032,0.7440967376564847
942,938,947,9,0.4444444444444444,0.44448532727593437,0.4444444444444444,8.601174441086668,28.793881380240588,0.06688460573211183,0.9063093122707753,0.036630026258223945,1.2122371143590562,0.9359969825877277,0.0,0.010395819990677825,0.006050785571302531,0.006222683992982025,0.9359969825877277,0.9256011625970498,0.9299461970164251,0.9297742985947457
943,938,947,9,0.5555555555555556,0.555595285508934,0.4444444444444444,8.601174441086668,28.793881380240588,0.06688460573211183,1.0318447270102296,0.03604708262336481,1.3404133933092237,1.1124269373050601,0.09023152862117549,0.09244438182310327,0.0911777957015598,0.09148652847504087,1.0221954086838847,1.0199825554819568,1.0212491416035003,1.0209404088300194
944,938,947,9,0.6666666666666666,0.6667044455955489,0.33333333333333337,8.601174441086668,28.793881380240588,0.06688460573211183,1.2962415611941245,0.036108974745756486,1.49045263200482,1.3297251308607188,0.06498966230905026,0.06535435508108543,0.06472590481063355,0.06563353154118473,1.2647354685516685,1.2643707757796334,1.2649992260500853,1.264091599319534
946,938,947,9,0.8888888888888888,0.8889068028410819,0.11111111111111116,8.601174441086668,28.793881380240588,0.06688460573211183,0.3546920333028968,0.039586098023982844,0.666283370652198,0.36503364669065774,0.030478443100249414,0.03048189468653842,0.03052620883489779,0.03044497687382993,0.33455520359040836,0.33455175200411935,0.33450743785576,0.33458866981682783
948,947,956,9,0.1111111111111111,0.11112849861396763,0.1111111111111111,9.464988468681435,31.695940740844215,0.07588912236652577,0.29203928119078487,0.04003345740073004,0.09973627608850427,0.2877460834468104,0.0,0.0,0.0,0.0,0.2877460834468104,0.2877460834468104,0.2877460834468104,0.2877460834468104
949,947,956,9,0.2222222222222222,0.22224981157624454,0.2222222222222222,9.464988468681435,31.695940740844215,0.07588912236652577,0.46787902494331796,0.041808395267210106,0.23116498490761928,0.4654205094107257,0.04725477845888783,0.048171558195380534,0.04765187613348145,0.04767979059526037,0.4181657309518379,0.41724895121534517,0.4177686332772443,0.4177407188154654
951,947,956,9,0.4444444444444444,0.4444844534433643,0.4444444444444444,9.464988468681435,31.695940740844215,0.07588912236652577,0.37477932683041976,0.042484354577886387,0.0,0.3825529979056281,0.0,0.0,0.0,0.0,0.3825529979056281,0.3825529979056281,0.3825529979056281,0.3825529979056281
952,947,956,9,0.5555555555555556,0.5555969839424637,0.4444444444444444,9.464988468681435,31.695940740844215,0.07588912236652577,0.5014824150169578,0.04214600086788986,0.19967056192701793,0.5290032000413605,0.025839570050331783,0.024613944429135056,0.02524218640429943,0.025257913004846488,0.5031636299910287,0.5043892556122255,0.503761013637061,0.503745287036514
953,947,956,9,0.6666666666666666,0.6667015303841289,0.33333333333333337,9.464988468681435,31.695940740844215,0.07588912236652577,0.5933805085594709,0.04172431280694374,0.27835404340349656,0.6206213446632519,0.03731804008410908,0.035427623096034484,0.03634722298909141,0.036417836859455696,0.5833033045791428,0.5851937215672174,0.5842741216741605,0.5842035078037963
954,947,956,9,0.7777777777777778,0.7778068752315377,0.2222222222222222,9.464988468681435,31.695940740844215,0.07588912236652577,0.5819843685281777,0.041018309493769944,0.3163974396158226,0.594431477436996,0.006171837629000374,0.0,0.0,0.0,0.5882596398079956,0.594431477436996,0.594431477436996,0.594431477436996
957,956,969,13,0.07692307692307693,0.07643319799581078,0.07692307692307693,12.202461766581719,28.115359095302686,0.18216092565232628,0.38729595070094613,0.038806282813697,0.583956614756432,0.3887065658001418,0.0,0.0,0.0,0.0,0.3887065658001418,0.3887065658001418,0.3887065658001418,0.3887065658001418
958,956,969,13,0.15384615384615385,0.15286639599162155,0.15384615384615385,12.202461766581719,28.115359095302686,0.18216092565232628,0.5610636488209924,0.03771996264216099,0.688298425266037,0.5294552864396709,0.04666105412283582,0.047552268652148774,0.0469065564070677,0.046893022394262476,0.48279423231683505,0.4819030177875221,0.4825487300326032,0.4825622640454084
959,956,969,13,0.23076923076923078,0.2292946499837672,0.23076923076923078,12.202461766581719,28.115359095302686,0.18216092565232628,0.5832137897730791,0.03675056290453503,0.6125853476401815,0.5771611021446468,0.0,0.0,0.0,0.0,0.5771611021446468,0.5771611021446468,0.5771611021446468,0.5771611021446468
961,956,969,13,0.38461538461538464,0.38285100915354814,0.38461538461538464,12.202461766581719,28.115359095302686,0.18216092565232628,0.8222646624038943,0.03592997993962814,0.8509740774154086,0.814241616803178,0.04957135494644165,0.05103799584304658,0.05017624270758672,0.04960942323132072,0.7646702618567364,0.7632036209601314,0.7640653740955913,0.7646321935718573
962,956,969,13,0.46153846153846156,0.45961545539492427,0.46153846153846156,12.202461766581719,28.115359095302686,0.18216092565232628,0.8801794553854396,0.0368579997675612,1.0058974054082002,0.9065409359079567,0.07948005586887799,0.08071072025812115,0.08008132072216344,0.07948383501259754,0.8270608800390787,0.8258302156498356,0.8264596151857933,0.8270571008953591
963,956,969,13,0.5384615384615384,0.536807283286466,0.46153846153846156,12.202461766581719,28.115359095302686,0.18216092565232628,0.9363894228226716,0.037327440943876154,1.1160308507550842,0.9722045585198883,0.057260015042274,0.05835025622076238,0.05785668150034571,0.05712369597391352,0.9149445434776143,0.9138543022991259,0.9143478770195426,0.9150808625459748
964,956,969,13,0.6153846153846154,0.6140040551816729,0.3846153846153846,12.202461766581719,28.115359095302686,0.18216092565232628,0.9404285471273138,0.03758723001956004,1.171093717469136,0.9673717034584158,0.04220782701540808,0.04221305477206377,0.04230654542545134,0.04154563694611427,0.9251638764430078,0.9251586486863521,0.9250651580329645,0.9258260665123016
966,956,969,13,0.7692307692307693,0.7683981483058273,0.23076923076923073,12.202461766581719,28.115359095302686,0.18216092565232628,0.7736896957388512,0.0401834420447404,1.0944754513887625,0.8118198248750782,0.045873317840899416,0.04874197741315612,0.04679768812995129,0.047573696840015486,0.7659465070341788,0.7630778474619221,0.7650221367451269,0.7642461280350628
967,956,969,13,0.8461538461538461,0.8455965682022559,0.15384615384615385,12.202461766581719,28.115359095302686,0.18216092565232628,0.8413925644552008,0.04193175947005548,1.094182459999761,0.8471564635226976,0.0,0.0,0.0,0.0,0.8471564635226976,0.8471564635226976,0.8471564635226976,0.8471564635226976
968,956,969,13,0.9230769230769231,0.9227988334348686,0.07692307692307687,12.202461766581719,28.115359095302686,0.18216092565232628,0.412964255437868,0.04265007862354696,0.6594090254012088,0.35736226352204414,0.07883842921198322,0.07856567669876476,0.07861400024387627,0.07886864148833359,0.2785238343100609,0.2787965868232794,0.2787482632781679,0.27849362203371053
971,969,991,22,0.09090909090909091,0.0908915706908031,0.09090909090909091,10.232148082002361,13.877545489094476,0.1530885919767583,0.7622407647772294,0.05008571389117415,1.1256173708856434,0.7442572788367796,0.038264029503123353,0.037134185221985,0.037757747257724475,0.037564341865819875,0.7059932493336563,0.7071230936147946,0.7064995315790551,0.7066929369709597
972,969,991,22,0.13636363636363635,0.1363394578744724,0.13636363636363635,10.232148082002361,13.877545489094476,0.1530885919767583,1.0115737182790632,0.05479784098445294,1.4084679383820065,1.0154521863203414,0.0,0.0,0.0,0.0,1.0154521863203414,1.0154521863203414,1.0154521863203414,1.0154521863203414
973,969,991,22,0.18181818181818182,0.1817866983386747,0.18181818181818182,10.232148082002361,13.877545489094476,0.1530885919767583,1.2611028825971293,0.05881535861319363,1.6536142927375068,1.245532335945632,0.0743901861585032,0.07394121722788274,0.07425974745297396,0.07395562372843165,1.1711421497871288,1.1715911187177492,1.171272588492658,1.1715767122172005
974,969,991,22,0.22727272727272727,0.2272355556015445,0.22727272727272727,10.232148082002361,13.877545489094476,0.1530885919767583,1.4331698480905868,0.06237676270834018,1.8658495788052896,1.4470154316624466,0.07556216616691662,0.07539603365354305,0.07558717980354286,0.0752307076711501,1.37145326549553,1.3716193980089035,1.3714282518589038,1.3717847239912966
976,969,991,22,0.3181818181818182,0.3181365037246191,0.3181818181818182,10.232148082002361,13.877545489094476,0.1530885919767583,2.1701968131993157,0.07175330705199032,2.559672811433846,2.1772585206163235,0.053789303733434185,0.053740571703297435,0.05357127495246844,0.05389395512304069,2.1234692168828895,2.123517948913026,2.123687245663855,2.123364565493283
977,969,991,22,0.36363636363636365,0.3635869777861564,0.36363636363636365,10.232148082002361,13.877545489094476,0.1530885919767583,2.3299697722376234,0.07485895417716244,2.678812547754535,2.3143314296926656,0.06320577943250072,0.06180887634253797,0.06240850939355791,0.06261828704877503,2.251125650260165,2.2525225533501274,2.2519229202991076,2.2517131426438906
978,969,991,22,0.4090909090909091,0.40904003872556166,0.4090909090909091,10.232148082002361,13.877545489094476,0.1530885919767583,2.3465172608489264,0.07715952033875083,2.6683509433958883,2.321393890251769,0.044309049032448866,0.041502077061604005,0.04265490831127849,0.04326997867632855,2.27708484121932,2.2798918131901647,2.2787389819404904,2.2781239115754404
979,969,991,22,0.45454545454545453,0.4544927763052335,0.45454545454545453,10.232148082002361,13.877545489094476,0.1530885919767583,2.253324469477414,0.07822621738808638,2.5565599524237297,2.2238208101601966,0.058860444599434174,0.056082174570409496,0.05779428523536066,0.05720353705785786,2.1649603655607623,2.167738635589787,2.166026524924836,2.1666172731023385
981,969,991,22,0.5454545454545454,0.5454018084216455,0.4545454545454546,10.232148082002361,13.877545489094476,0.1530885919767583,1.8622059766785428,0.0799074661991643,2.124187263711445,1.8228562424396029,0.06514480345129897,0.06252057643006946,0.0632630229470297,0.06456021662985785,1.757711438988304,1.7603356660095335,1.7595932194925732,1.758296025809745
982,969,991,22,0.5909090909090909,0.5908584263181194,0.40909090909090906,10.232148082002361,13.877545489094476,0.1530885919767583,1.5828515826296201,0.08063952278324336,1.846328128787529,1.5637892867914764,0.08644309550749034,0.08545805435125635,0.08505160103353884,0.0869744613840173,1.477346191283986,1.47833123244022,1.4787376857579375,1.4768148254074591
983,969,991,22,0.6363636363636364,0.6363140741353926,0.36363636363636365,10.232148082002361,13.877545489094476,0.1530885919767583,1.4980800191407597,0.08106828828393556,1.7939223578847248,1.5366457491721202,0.11680611777583962,0.11679023870674561,0.11577857305364055,0.11791491686632412,1.4198396313962804,1.4198555104653745,1.4208671761184797,1.418730832305796
984,969,991,22,0.6818181818181818,0.6817726321902674,0.31818181818181823,10.232148082002361,13.877545489094476,0.1530885919767583,1.7394878533259988,0.08102780277131005,2.010694846887458,1.7935003825644538,0.08268247911724692,0.08226008030266846,0.08120741167768875,0.08377451191940559,1.7108179034472069,1.7112403022617853,1.712292970886765,1.7097258706450482
986,969,991,22,0.7727272727272727,0.772690395019484,0.2272727272727273,10.232148082002361,13.877545489094476,0.1530885919767583,1.7479707630966597,0.07540605741328327,1.9294218499359204,1.7577537182604706,0.05030681980838549,0.0476454116372782,0.04764433880993414,0.05022716109435549,1.707446898452085,1.7101083066231924,1.7101093794505364,1.7075265571661151
987,969,991,22,0.8181818181818182,0.8181499231535594,0.18181818181818177,10.232148082002361,13.877545489094476,0.1530885919767583,1.5683009750954162,0.07012109116535753,1.7207098142820358,1.5623447929347847,0.07290120482167811,0.07067066311518574,0.07106386468383613,0.07244755349644885,1.4894435881131065,1.491674129819599,1.4912809282509485,1.4898972394383359
988,969,991,22,0.8636363636363636,0.8636113914460356,0.13636363636363635,10.232148082002361,13.877545489094476,0.1530885919767583,1.2221814075828807,0.06335817235306229,1.3408932331314436,1.211744640129243,0.06225528055213669,0.05954550267200327,0.06015509135355617,0.0616211908083459,1.1494893595771065,1.1521991374572398,1.1515895487756869,1.1501234493208972
989,969,991,22,0.9090909090909091,0.9090731830982454,0.09090909090909094,10.232148082002361,13.877545489094476,0.1530885919767583,0.7221353735660102,0.056396082729743585,0.7906976763408585,0.6967306710975868,0.050573701065111804,0.04798289796232944,0.04883751556078149,0.04971734818696335,0.646156970032475,0.6487477731352573,0.6478931555368053,0.6470133229106234
992,991,1010,19,0.05263157894736842,0.05350423925821486,0.05263157894736842,13.03334922802355,20.66362584170768,0.21431609714376806,0.4084899478776445,0.04177373907113019,0.6132820343880006,0.4414497060744194,0.050396598873488664,0.04822114951005918,0.049353406650830524,0.04929753608484791,0.3910531072009307,0.39322855656436023,0.39209629942358887,0.3921521699895715
993,991,1010,19,0.10526315789473684,0.10610619502477783,0.10526315789473684,13.03334922802355,20.66362584170768,0.21431609714376806,0.8252287624433985,0.037202530020993864,0.9182525876745998,0.8028089305653783,0.05151281747382576,0.0517703095560863,0.05157536317844612,0.05142737080180679,0.7512961130915525,0.751038621009292,0.7512335673869321,0.7513815597635715
994,991,1010,19,0.15789473684210525,0.1587070167944933,0.15789473684210525,13.03334922802355,20.66362584170768,0.21431609714376806,0.6384119419589133,0.03459537573157569,0.7966343368750459,0.5838380334397628,0.0664761276238817,0.06895107956681731,0.06753908318774975,0.06747219589950959,0.5173619058158812,0.5148869538729455,0.5162989502520131,0.5163658375402532
996,991,1010,19,0.2631578947368421,0.2639007223559918,0.2631578947368421,13.03334922802355,20.66362584170768,0.21431609714376806,0.28420066176214925,0.02974503342956912,0.6113323814491346,0.24051500748571294,0.09852954995851324,0.10357914852363084,0.10087465666223297,0.10079384147285729,0.1419854575271997,0.1369358589620821,0.13964035082347998,0.13972116601285567
997,991,1010,19,0.3157894736842105,0.31649322814882574,0.3157894736842105,13.03334922802355,20.66362584170768,0.21431609714376806,0.21602530667939374,0.02870408637465673,0.5571042445914012,0.2791655548448179,0.0929153072185415,0.09744619776885953,0.09498809725011781,0.09492261804731601,0.1862502476262764,0.18171935707595838,0.1841774575947001,0.18424293679750192
998,991,1010,19,0.3684210526315789,0.36908535594271047,0.3684210526315789,13.03334922802355,20.66362584170768,0.21431609714376806,0.3137302426706554,0.028020997697404418,0.4874884581386858,0.39039656356781366,0.07572571737295215,0.08168896040392107,0.07853970046472646,0.07841197856584149,0.3146708461948615,0.30870760316389256,0.3118568631030872,0.3119845850019722
999,991,1010,19,0.42105263157894735,0.4216729477492053,0.42105263157894735,13.03334922802355,20.66362584170768,0.21431609714376806,0.39068330725076017,0.027717382410014323,0.5319900458215616,0.4649647797294589,0.07347433293709246,0.08284981177404298,0.07805985490639404,0.07787153764455197,0.39149044679236644,0.3821149679554159,0.3869049248230648,0.3870932420849069
1001,991,1010,19,0.5263157894736842,0.5268435953748049,0.4736842105263158,13.03334922802355,20.66362584170768,0.21431609714376806,0.6846925878301832,0.028261707068574476,0.843961678575739,0.7388733196856421,0.06517630455388683,0.07248174827185289,0.0683338879500137,0.06893951409550028,0.6736970151317553,0.6663915714137891,0.6705394317356284,0.6699338055901418
1002,991,1010,19,0.5789473684210527,0.5794266511939097,0.42105263157894735,13.03334922802355,20.66362584170768,0.21431609714376806,0.749821109235847,0.028547122659050825,0.8549544089738335,0.8011142131210535,0.05229813516247699,0.060196895643518204,0.055556946434417345,0.05656263579939713,0.7488160779585765,0.7409173174775353,0.7455572666866361,0.7445515773216563
1003,991,1010,19,0.631578947368421,0.6320055490245737,0.368421052631579,13.03334922802355,20.66362584170768,0.21431609714376806,0.7651736902610596,0.029437818194067555,0.8315245804546202,0.803247451181236,0.027460276755311278,0.03735910390814693,0.03161352179752832,0.03302668310808869,0.7757871744259247,0.7658883472730891,0.7716339293837077,0.7702207680731473
1004,991,1010,19,0.6842105263157895,0.6845840688562885,0.3157894736842105,13.03334922802355,20.66362584170768,0.21431609714376806,0.6709334943222578,0.030042871787433454,0.7176123775332598,0.7096367972937586,0.0434578562610745,0.04851537905154964,0.04521891106537865,0.046191065906537876,0.6661789410326842,0.6611214182422089,0.6644178862283799,0.6634457313872207
1006,991,1010,19,0.7894736842105263,0.7897316585459893,0.21052631578947367,13.03334922802355,20.66362584170768,0.21431609714376806,0.514720298481133,0.03345189929779734,0.42492877021585657,0.5140368979847747,0.03468680706416871,0.027972025582209386,0.030484968853968432,0.03212953098473054,0.479350090920606,0.4860648724025653,0.48355192913080625,0.48190736700004416
1007,991,1010,19,0.8421052631578947,0.8423014844018734,0.1578947368421053,13.03334922802355,20.66362584170768,0.21431609714376806,0.3132465171402059,0.036733301322232195,0.26080504881892963,0.3176529977018373,0.012079684878446673,0.01636954438118594,0.014317495825198045,0.013767432662765429,0.3055733128233906,0.3012834533206514,0.30333550187663927,0.3038855650390719
1008,991,1010,19,0.8947368421052632,0.8948709322588083,0.10526315789473684,13.03334922802355,20.66362584170768,0.21431609714376806,0.2187624687790568,0.040562689392783034,0.3040526947659977,0.22065540833670924,0.0,0.0,0.0,0.0,0.22065540833670924,0.22065540833670924,0.22065540833670924,0.22065540833670924
1009,991,1010,19,0.9473684210526315,0.9474358441283534,0.052631578947368474,13.03334922802355,20.66362584170768,0.21431609714376806,0.12383180289047446,0.04523218833298622,0.3117762842838779,0.13416069184443047,0.02920145889692304,0.027394537313274497,0.028199617877403434,0.028466683167087857,0.10495923294750743,0.10676615453115597,0.10596107396702703,0.1056940086773426
1011,1010,1015,5,0.2,0.20001639820597872,0.2,3.260211310130897,19.669673012475958,0.21664915816195565,0.668231419598636,0.053638339050534854,0.8386291269260436,0.6613030162885412,0.0,0.0,0.0,0.0,0.6613030162885412,0.6613030162885412,0.6613030162885412,0.6613030162885412
1012,1010,1015,5,0.4,0.40002848109459466,0.4,3.260211310130897,19.669673012475958,0.21664915816195565,0.9434733508953771,0.05489102173738904,1.0559435713588259,0.9293507134365604,0.04558340213287607,0.044286061127911704,0.04504549434120477,0.04481716043682708,0.8837673113036844,0.8850646523086487,0.8843052190953556,0.8845335529997334
1013,1010,1015,5,0.6,0.6000261795920011,0.4,3.260211310130897,19.669673012475958,0.21664915816195565,0.8509869605239647,0.05435398306472905,0.9346073223373365,0.8015906089886875,0.05255508721302624,0.05214355984274811,0.05242174414431515,0.052237825033938944,0.7490355217756612,0.7494470491459394,0.7491688648443724,0.7493527839547486
1014,1010,1015,5,0.8,0.8000195627720448,0.19999999999999996,3.260211310130897,19.669673012475958,0.21664915816195565,0.40451846635745514,0.053699161599825865,0.5405262514709899,0.3496245409254981,0.06374260709645617,0.0633518502809167,0.06362754554131927,0.06344549645640485,0.2858819338290419,0.2862726906445814,0.28599699538417883,0.28617904446909326
1016,1015,1027,12,0.08333333333333333,0.08331021224856194,0.08333333333333333,7.7485367259084,19.475475120988396,0.17727803125056765,0.9702049865598854,0.047861395805836975,1.02532383610352,0.9993801588385763,0.05081775144465377,0.05103646822152254,0.05089660022956498,0.0509864096797251,0.9485624073939226,0.9483436906170538,0.9484835586090113,0.9483937491588512
1017,1015,1027,12,0.16666666666666666,0.16661383274077438,0.16666666666666666,7.7485367259084,19.475475120988396,0.17727803125056765,1.8752051911961847,0.046115904938477545,1.8625553606440335,1.9168109364728811,0.04952711964409653,0.04997941698969035,0.04964897403233558,0.0498984670664795,1.8672838168287846,1.8668315194831908,1.8671619624405456,1.8669124694064017
1018,1015,1027,12,0.25,0.2499168539824096,0.25,7.7485367259084,19.475475120988396,0.17727803125056765,2.4117568846068864,0.04595224006425694,2.331661690313729,2.4070355356100723,0.025380151547463984,0.026353671055671192,0.025746356306397773,0.025970872438172452,2.3816553840626082,2.380681864554401,2.3812891793036743,2.3810646631719
1019,1015,1027,12,0.3333333333333333,0.3332132834676953,0.3333333333333333,7.7485367259084,19.475475120988396,0.17727803125056765,2.615419615538501,0.04649000970307315,2.503281307751938,2.595297890800704,0.030809242384153702,0.032793876196066406,0.031392019752253426,0.032232151605571496,2.56448864841655,2.5625040146046376,2.5639058710484504,2.563065739195132
1021,1015,1027,12,0.5,0.4997977529301855,0.5,7.7485367259084,19.475475120988396,0.17727803125056765,2.089011794253423,0.05019227385027096,1.8759527294641078,2.016571768325581,0.10585921832536278,0.10748548451400962,0.10690076121374587,0.10633738487259767,1.910712550000218,1.9090862838115712,1.909671007111835,1.9102343834529831
1022,1015,1027,12,0.5833333333333334,0.5830414483646751,0.41666666666666663,7.7485367259084,19.475475120988396,0.17727803125056765,1.6983307897926627,0.05158689481158267,1.4418819049155684,1.6566021805993751,0.0890117725504656,0.09095439694062407,0.09017087845158195,0.08970716909317489,1.5675904080489096,1.565647783658751,1.5664313021477931,1.5668950115062001
1023,1015,1027,12,0.6666666666666666,0.6664397504480897,0.33333333333333337,7.7485367259084,19.475475120988396,0.17727803125056765,1.3288121291133574,0.0529669443705078,1.0053197012021102,1.2797251675362349,0.12732324917524065,0.1273981081686346,0.12732689523743207,0.12729229910404535,1.1524019183609941,1.1523270593676003,1.1523982722988029,1.1524328684321896
1024,1015,1027,12,0.75,0.7498362547797724,0.25,7.7485367259084,19.475475120988396,0.17727803125056765,0.9039505989117494,0.054220196663534774,0.6982851745248947,0.9134563999972564,0.09746464264602889,0.09751553539488343,0.09747377537955731,0.09741854424612668,0.8159917573512274,0.8159408646023729,0.8159826246176991,0.8160378557511296
1026,1015,1027,12,0.9166666666666666,0.9166166791810162,0.08333333333333337,7.7485367259084,19.475475120988396,0.17727803125056765,0.36116988376892806,0.052203615749029444,0.32879789506058366,0.3788142725088194,0.041150328074326406,0.040746329458355476,0.0407988311581201,0.04106599329273754,0.337663944434493,0.3380679430504639,0.3380154413506993,0.33774827921608186
1028,1027,1036,9,0.1111111111111111,0.11113125554582055,0.1111111111111111,9.326236589375233,31.241945477256362,0.19181519422815516,0.30224191744529244,0.019526325458377618,0.2736768505204567,0.31466539364256463,0.02858803326019081,0.027059572288420226,0.02781295242492786,0.027821376977959188,0.2860773603823738,0.2876058213541444,0.28685244121763676,0.28684401666460546
1029,1027,1036,9,0.2222222222222222,0.22225532298938797,0.2222222222222222,9.326236589375233,31.241945477256362,0.19181519422815516,0.5853476589349719,0.019976365869010658,0.4240847615337415,0.6093914993513998,0.021722874563175277,0.019115149828127048,0.020403048776515602,0.02046394189502606,0.5876686247882246,0.5902763495232728,0.5889884505748842,0.5889275574563737
1031,1027,1036,9,0.4444444444444444,0.44449147770610087,0.4444444444444444,9.326236589375233,31.241945477256362,0.19181519422815516,0.6948420274736533,0.02134067343558746,0.520980908712739,0.6723262591073148,0.05539515161260075,0.05048959286855583,0.05269192864135583,0.05291821079417957,0.616931107494714,0.621836666238759,0.619634330465959,0.6194080483131352
1032,1027,1036,9,0.5555555555555556,0.5556035649792463,0.4444444444444444,9.326236589375233,31.241945477256362,0.19181519422815516,0.5289497097051186,0.02220859305604756,0.49873488084906664,0.5452359175585868,0.04376564256474337,0.03938042340623133,0.04123963866921682,0.04153339341971834,0.5014702749938434,0.5058554941523554,0.5039962788893699,0.5037025241388685
1033,1027,1036,9,0.6666666666666666,0.6667092628281668,0.33333333333333337,9.326236589375233,31.241945477256362,0.19181519422815516,0.5791757681135133,0.021766396950662525,0.6024399504355632,0.623492198904685,0.05415123936534474,0.04997795993828921,0.05172702987557789,0.052290421421734505,0.5693409595393403,0.5735142389663958,0.5717651690291071,0.5712017774829505
1034,1027,1036,9,0.7777777777777778,0.7778117659649748,0.2222222222222222,9.326236589375233,31.241945477256362,0.19181519422815516,0.5296797070088924,0.02044640998384157,0.5418196810931899,0.5420784665249003,0.04138637610580605,0.03742654547557438,0.03894989802779988,0.03996169560327777,0.5006920904190942,0.504651921049326,0.5031285684971004,0.5021167709216225
1037,1036,1049,13,0.07692307692307693,0.07694197059557324,0.07692307692307693,12.387607713519646,28.742471779266157,0.12229370629430354,0.30155456697492994,0.016785287879972705,0.5499521936829862,0.292645518251331,0.05486676729977903,0.0542719478945899,0.05463220527548141,0.0546078483641143,0.237778750951552,0.23837357035674112,0.2380133129758496,0.2380376698872167
1038,1036,1049,13,0.15384615384615385,0.1538828348049192,0.15384615384615385,12.387607713519646,28.742471779266157,0.12229370629430354,0.6721589335948369,0.015502057935964346,0.815074864265555,0.7198338630220296,0.07116058490951581,0.0725477320148694,0.07193231298199637,0.07191838006976621,0.6486732781125137,0.6472861310071601,0.6479015500400331,0.6479154829522633
1039,1036,1049,13,0.23076923076923078,0.23081816708312888,0.23076923076923078,12.387607713519646,28.742471779266157,0.12229370629430354,1.2916575277191515,0.016311396699509515,1.3891087140896632,1.3662301446539862,0.08470510491703538,0.0879896497424074,0.08638154144455044,0.08645586566553973,1.2815250397369509,1.2782404949115789,1.2798486032094358,1.2797742789884465
1041,1036,1049,13,0.38461538461538464,0.3846805337428438,0.38461538461538464,12.387607713519646,28.742471779266157,0.12229370629430354,2.3857073539995057,0.01923003711929154,2.465356870409256,2.483581531728022,0.10343812748377589,0.10828167531824964,0.10578463113914542,0.10608291944796655,2.3801434042442464,2.3752998564097725,2.377796900588877,2.3774986122800557
1042,1036,1049,13,0.46153846153846156,0.46160867451057624,0.46153846153846156,12.387607713519646,28.742471779266157,0.12229370629430354,2.746581546694999,0.019873767363529034,2.7854516293555753,2.816118273627774,0.09039867868151745,0.09438661696761264,0.09260634060626535,0.09238728373144238,2.7257195949462565,2.7217316566601615,2.7235119330215087,2.7237309898963318
1043,1036,1049,13,0.5384615384615384,0.5385307301540587,0.46153846153846156,12.387607713519646,28.742471779266157,0.12229370629430354,2.688375326199526,0.019552854568223678,2.6654851271507067,2.727346608796924,0.07811149003375271,0.08024106469347969,0.07951926874759949,0.07904088446272325,2.6492351187631713,2.647105544103444,2.647827340049324,2.6483057243342008
1044,1036,1049,13,0.6153846153846154,0.6154516794113141,0.3846153846153846,12.387607713519646,28.742471779266157,0.12229370629430354,2.4672679657556977,0.019328185967694946,2.4271651624728054,2.5144712422904303,0.06353957509782375,0.06650445331640586,0.06537696963479628,0.0648673711521416,2.4509316671926067,2.4479667889740244,2.449094272655634,2.449603871138289
1046,1036,1049,13,0.7692307692307693,0.7692814076773247,0.23076923076923073,12.387607713519646,28.742471779266157,0.12229370629430354,1.791152579460588,0.01911499950175273,1.6973046572994916,1.7890514407459708,0.03913312945871237,0.03793955727824468,0.03902362378927585,0.03817033717367272,1.7499183112872585,1.7511118834677262,1.750027816956695,1.750881103572298
1047,1036,1049,13,0.8461538461538461,0.8461896334929664,0.15384615384615385,12.387607713519646,28.742471779266157,0.12229370629430354,1.2542496717325213,0.018448151754797592,1.1187296159037352,1.229601104866585,0.04851471917680061,0.0464243154815741,0.0473170503735049,0.04766390001158917,1.1810863856897844,1.183176789385011,1.18228405449308,1.1819372048549956
1048,1036,1049,13,0.9230769230769231,0.9230978593086082,0.07692307692307687,12.387607713519646,28.742471779266157,0.12229370629430354,0.5942841009912291,0.01813458038308338,0.454423126957319,0.5711778250051763,0.04926189700940404,0.04799650143078912,0.04882312805265192,0.048448525012907105,0.5219159279957722,0.5231813235743872,0.5223546969525245,0.5227292999922692
1051,1049,1062,13,0.15384615384615385,0.15329375126818467,0.15384615384615385,8.808852754703977,20.372011685200125,0.16857276548724137,0.8812527224071562,0.02557922385219465,1.251255440374224,0.8829560685701043,0.06220784514275029,0.06216105808278914,0.062069316290139925,0.062158024207628386,0.8207482234273541,0.8207950104873152,0.8208867522799644,0.8207980443624759
1052,1049,1062,13,0.23076923076923078,0.22967871919965416,0.23076923076923078,8.808852754703977,20.372011685200125,0.16857276548724137,1.1706809796393902,0.027677917585083475,1.5102367644697758,1.1616163646324122,0.028504772820788518,0.02621252056265383,0.0272871633435031,0.027155161621942946,1.1331115918116237,1.1354038440697585,1.1343292012889092,1.1344612030104693
1053,1049,1062,13,0.3076923076923077,0.3067077043872573,0.3076923076923077,8.808852754703977,20.372011685200125,0.16857276548724137,1.2452160213785726,0.028814300484689512,1.54952839772186,1.2063791699255244,0.08256316655232936,0.0793594675479432,0.08105332819072272,0.08070890174997299,1.123816003373195,1.1270197023775812,1.1253258417348018,1.1256702681755515
1054,1049,1062,13,0.38461538461538464,0.3837388951134088,0.38461538461538464,8.808852754703977,20.372011685200125,0.16857276548724137,1.2158591793150904,0.029662109939006837,1.5024900265812586,1.1926694003738176,0.07593658469600238,0.07230753693484165,0.07422898195054951,0.0738452217516781,1.1167328156778153,1.120361863438976,1.1184404184232681,1.1188241786221396
1056,1049,1062,13,0.5384615384615384,0.5378018279503489,0.46153846153846156,8.808852754703977,20.372011685200125,0.16857276548724137,0.9842729535827379,0.029742679352011,1.2379627264317197,0.9803896016713036,0.07184200628765826,0.06795991236871568,0.07014668731799557,0.06949496429454086,0.9085475953836454,0.9124296893025879,0.9102429143533081,0.9108946373767628
1057,1049,1062,13,0.6153846153846154,0.6148330186765004,0.3846153846153846,8.808852754703977,20.372011685200125,0.16857276548724137,0.90535279907176,0.029160471854548214,1.1104727419723814,0.8871614813556911,0.026119255692060167,0.0212343690284551,0.023665557251589656,0.023809810070307223,0.8610422256636309,0.865927112327236,0.8634959241041014,0.8633516712853838
1058,1049,1062,13,0.6923076923076923,0.6918658635565632,0.3076923076923077,8.808852754703977,20.372011685200125,0.16857276548724137,0.7121864806505508,0.029141696455279115,0.9019578991929444,0.6959800919684527,0.0417862044512766,0.03973546169442842,0.040433072598663515,0.0410918292227946,0.6541938875171761,0.6562446302740242,0.6555470193697892,0.654888262745658
1059,1049,1062,13,0.7692307692307693,0.7688976056673519,0.23076923076923073,8.808852754703977,20.372011685200125,0.16857276548724137,0.579525141011693,0.028869920536081912,0.7676832901229588,0.5811705329458817,0.03193989521682195,0.032246480076636906,0.03173823872877095,0.03240909867802131,0.5492306377290598,0.5489240528692448,0.5494322942171108,0.5487614342678604
1061,1049,1062,13,0.9230769230769231,0.9229643981967517,0.07692307692307687,8.808852754703977,20.372011685200125,0.16857276548724137,0.44444486075943246,0.026531018212621535,0.7429086709007419,0.4381872468457066,0.023466678165552843,0.02301600901783124,0.02332095588195825,0.0231284160955115,0.4147205686801537,0.41517123782787535,0.41486629096374833,0.4150588307501951
1063,1062,1075,13,0.07692307692307693,0.07691896882730341,0.07692307692307693,12.91531269931926,29.824763470374993,0.02122901187502452,0.4784461866055214,0.01816972974088329,0.5143872022722972,0.4121497379393725,0.07261060352933738,0.07269325789977768,0.07264672525132405,0.07264996693992197,0.33953913441003514,0.33945648003959483,0.33950301268804844,0.3394997709994505
1064,1062,1075,13,0.15384615384615385,0.15384124107182676,0.15384615384615385,12.91531269931926,29.824763470374993,0.02122901187502452,0.592902543457557,0.015280302581331354,0.735909418200963,0.5315965343038435,0.09905791279708234,0.09912755771543025,0.09907058901641094,0.09909547351979466,0.43253862150676115,0.4324689765884132,0.4325259452874325,0.4325010607840488
1066,1062,1075,13,0.3076923076923077,0.30768468442180014,0.3076923076923077,12.91531269931926,29.824763470374993,0.02122901187502452,0.37918262098276495,0.012721414783249573,0.7481308448666789,0.36995539293957785,0.0975453156456022,0.09784620520287177,0.09766935349005716,0.09770087888069257,0.27241007729397565,0.2721091877367061,0.2722860394495207,0.2722545140588853
1067,1062,1075,13,0.38461538461538464,0.3846058555272502,0.38461538461538464,12.91531269931926,29.824763470374993,0.02122901187502452,0.3130136178445186,0.012197389228569637,0.7440114994857442,0.3417247838037458,0.12453571307327378,0.12481675456046208,0.12464682955329047,0.1246819035645851,0.21718907073047206,0.21690802924328373,0.21707795425045534,0.21704288023916074
1068,1062,1075,13,0.46153846153846156,0.4615297794803835,0.46153846153846156,12.91531269931926,29.824763470374993,0.02122901187502452,0.44541531034044574,0.011788427077027722,0.948768664829698,0.5658633324385219,0.15190243165545206,0.15218734019444685,0.15200905577866095,0.15205646615404883,0.4139609007830699,0.4136759922440751,0.41385427665986096,0.4138068662844731
1069,1062,1075,13,0.5384615384615384,0.5384515011553702,0.46153846153846156,12.91531269931926,29.824763470374993,0.02122901187502452,0.5748696798467678,0.011536133773192183,1.04549950614113,0.6841200396956243,0.12007937644943079,0.12036615009998221,0.12018272164027771,0.12023733480019376,0.5640406632461935,0.5637538895956421,0.5639373180553466,0.5638827048954306
1071,1062,1075,13,0.6923076923076923,0.6922998996311734,0.3076923076923077,12.91531269931926,29.824763470374993,0.02122901187502452,1.3512081033143895,0.013507781841106183,1.8220572159388255,1.5247434575824255,0.17649120449472416,0.17669885965511664,0.17655206759099512,0.17661784037136183,1.3482522530877012,1.3480445979273088,1.3481913899914304,1.3481256172110636
1072,1062,1075,13,0.7692307692307693,0.7692249247233801,0.23076923076923073,12.91531269931926,29.824763470374993,0.02122901187502452,1.5151126868523346,0.015986572456023175,1.934786869479238,1.6373097474475597,0.12299804479097874,0.12314791778612418,0.1230421576405122,0.12308736078301022,1.514311702656581,1.5141618296614356,1.5142675898070475,1.5142223866645494
1073,1062,1075,13,0.8461538461538461,0.84614939924605,0.15384615384615385,12.91531269931926,29.824763470374993,0.02122901187502452,1.3744260393538263,0.01855645780830048,1.785409669835795,1.4693822161828989,0.09611659171429804,0.09620033313725704,0.09613717729629671,0.09616818433138337,1.3732656244686008,1.373181883045642,1.3732450388866022,1.3732140318515156
1074,1062,1075,13,0.9230769230769231,0.9230766266164033,0.07692307692307687,12.91531269931926,29.824763470374993,0.02122901187502452,0.9478316671661325,0.02138627278037627,1.3345264687979927,1.0042030277105445,0.06217250887275046,0.0621488727142254,0.062090292890020424,0.06222632419777051,0.942030518837794,0.9420541549963191,0.942112734820524,0.941976703512774
1076,1075,1086,11,0.09090909090909091,0.09099647799266422,0.09090909090909091,10.35755552348903,28.292462436953027,0.07941158408119717,0.4854224493148005,0.021790026787885667,0.5315996442707265,0.45969919642961066,0.06736740252851421,0.06766611100536525,0.06747587442420938,0.06749493447174836,0.39233179390109646,0.3920330854242454,0.3922233220054013,0.3922042619578623
1077,1075,1086,11,0.18181818181818182,0.18199035095031676,0.18181818181818182,10.35755552348903,28.292462436953027,0.07941158408119717,0.8622552654034712,0.020017749822944558,0.8829361893036766,0.8457776524747213,0.067277497606705,0.06734283463002884,0.06724434000989231,0.0672592707429849,0.7785001548680163,0.7784348178446924,0.7785333124648289,0.7785183817317364
1078,1075,1086,11,0.2727272727272727,0.272986828942981,0.2727272727272727,10.35755552348903,28.292462436953027,0.07941158408119717,1.036921045107084,0.02070476692777021,1.1297618556588458,1.0069659013082075,0.08076786875412882,0.0811106248834257,0.08087793145481005,0.0808603624056647,0.9261980325540787,0.9258552764247818,0.9260879698533975,0.9261055389025428
1079,1075,1086,11,0.36363636363636365,0.3639820044181394,0.36363636363636365,10.35755552348903,28.292462436953027,0.07941158408119717,1.1172185175817926,0.021335322318844312,1.2861771654330711,1.0943214925940479,0.06628602624116946,0.06696105113920992,0.0665619854182185,0.06653400639546614,1.0280354663528783,1.0273604414548378,1.0277595071758294,1.0277874861985818
1081,1075,1086,11,0.5454545454545454,0.5459762629209737,0.4545454545454546,10.35755552348903,28.292462436953027,0.07941158408119717,1.167499046673567,0.020598561284583324,1.2201593493569571,1.1319686677295284,0.07224496919108322,0.07305027763384263,0.07294380554672444,0.07224254059118637,1.0597236985384453,1.0589183900956858,1.059024862182804,1.059726127138342
1082,1075,1086,11,0.6363636363636364,0.6371961226658887,0.36363636363636365,10.35755552348903,28.292462436953027,0.07941158408119717,0.8608296278355282,0.02275273193494923,1.0451597200408658,0.8071521658869972,0.10629133772354951,0.10781323657535888,0.10724090601020447,0.10674765582187903,0.7008608281634477,0.6993389293116383,0.6999112598767927,0.7004045100651182
1083,1075,1086,11,0.7272727272727273,0.7279001854784928,0.2727272727272727,10.35755552348903,28.292462436953027,0.07941158408119717,0.6797902955107745,0.023932392774025348,0.9801025771518231,0.6818598249815596,0.03349364519177198,0.034252242625540025,0.034185710121043246,0.03354359177167824,0.6483661797897876,0.6476075823560196,0.6476741148605164,0.6483162332098814
1084,1075,1086,11,0.8181818181818182,0.8186048995498499,0.18181818181818177,10.35755552348903,28.292462436953027,0.07941158408119717,0.5065188793061114,0.025202112707200436,0.7851352092036338,0.47091749083212453,0.052160328357010004,0.05423373856372862,0.05338787854852336,0.05298427261816398,0.4187571624751145,0.41668375226839593,0.4175296122836012,0.41793321821396057
1087,1086,1098,12,0.08333333333333333,0.08334904477431487,0.08333333333333333,12.911732552678343,32.41388872985657,0.1547001833968429,0.12943059843445875,0.008401068295881076,0.03624008606456917,0.18970664448744795,0.0655036699119846,0.06540155848263444,0.06553627301574655,0.06553699309593533,0.12420297457546335,0.1243050860048135,0.1241703714717014,0.12416965139151262
1088,1086,1098,12,0.16666666666666666,0.16669749101754475,0.16666666666666666,12.911732552678343,32.41388872985657,0.1547001833968429,0.690382113012516,0.009371442760982387,0.639888766019205,0.8081060466997256,0.1187773896465068,0.11867937335376746,0.11886757284061615,0.11886820887962639,0.6893286570532189,0.6894266733459582,0.6892384738591095,0.6892378378200993
1089,1086,1098,12,0.25,0.2500399519499245,0.25,12.911732552678343,32.41388872985657,0.1547001833968429,1.350799571400184,0.009782230674490258,1.2728895293725775,1.4509514333174984,0.0982639087547792,0.0989821630550272,0.09877985388838288,0.09878571564552655,1.3526875245627192,1.3519692702624713,1.3521715794291156,1.352165717671972
1091,1086,1098,12,0.4166666666666667,0.4167182899727489,0.4166666666666667,12.911732552678343,32.41388872985657,0.1547001833968429,2.5527504924386366,0.009594355271727402,2.5102694092874156,2.7028324017398777,0.15494288206098594,0.1538593006833348,0.15465987013559668,0.15451441514186154,2.5478895196788915,2.548973101056543,2.548172531604281,2.548317986598016
1092,1086,1098,12,0.5,0.5000547655942785,0.5,12.911732552678343,32.41388872985657,0.1547001833968429,3.023866449607317,0.010219648723111666,2.96993573518701,3.1651379160412616,0.15076062320090117,0.14895929732166957,0.15024161807195277,0.14982589293373305,3.0143772928403605,3.016178618719592,3.014896297969309,3.0153120231075285
1093,1086,1098,12,0.5833333333333334,0.583385255904958,0.41666666666666663,12.911732552678343,32.41388872985657,0.1547001833968429,3.2517618032476685,0.0104654993182898,3.1773869481243544,3.3755625158415437,0.14609476576329491,0.14301844918571993,0.14513935879884987,0.1442639247839858,3.229467750078249,3.232544066655824,3.2304231570426936,3.231298591057558
1094,1086,1098,12,0.6666666666666666,0.6667151476845525,0.33333333333333337,12.911732552678343,32.41388872985657,0.1547001833968429,3.1154690663844127,0.01041388848486789,2.997596039346534,3.1977021412519733,0.09880025721894409,0.0956477456455635,0.09794311645500256,0.09673875012544239,3.098901884033029,3.1020543956064097,3.099759024796971,3.100963391126531
1096,1086,1098,12,0.8333333333333334,0.8333629606220414,0.16666666666666663,12.911732552678343,32.41388872985657,0.1547001833968429,1.7463035632372716,0.007719145486154991,1.4887785765345112,1.7055995124570191,0.05610558272778184,0.05657669602774962,0.05662209436161236,0.05586230107751915,1.6494939297292373,1.6490228164292695,1.6489774180954067,1.6497372113795
1097,1086,1098,12,0.9166666666666666,0.9166814803110207,0.08333333333333337,12.911732552678343,32.41388872985657,0.1547001833968429,0.620927786500137,0.008065820370124948,0.4489286305674544,0.6737862576980292,0.06033396885970183,0.059765542349481275,0.06017481477476954,0.060000134436680265,0.6134522888383274,0.614020715348548,0.6136114429232598,0.613786123261349
1099,1098,1105,7,0.14285714285714285,0.1428697530959236,0.14285714285714285,6.982994364592407,30.06245856659881,0.26500367758356663,0.6465198470988911,0.010757677197438555,0.6616314280210729,0.6485736541885004,0.04126902229342033,0.043607967418517975,0.04237829673678603,0.04245376358866484,0.6073046318950801,0.6049656867699824,0.6061953574517144,0.6061198905998356
1101,1098,1105,7,0.42857142857142855,0.4286000215547105,0.42857142857142855,6.982994364592407,30.06245856659881,0.26500367758356663,1.241767708386883,0.01377475027203321,1.2255963994069794,1.2540255609905273,0.04052646648422115,0.042145535796871546,0.04048831517501189,0.04193653146247411,1.2134990945063062,1.2118800251936557,1.2135372458155154,1.2120890295280533
1102,1098,1105,7,0.5714285714285714,0.5714615633323582,0.4285714285714286,6.982994364592407,30.06245856659881,0.26500367758356663,1.208996703854703,0.014024322023425616,1.1546795551403561,1.2194264676692417,0.015687600759996395,0.020751651505428823,0.017958760684771702,0.018388902038726465,1.2037388669092453,1.1986748161638128,1.20146770698447,1.2010375656305152
1103,1098,1105,7,0.7142857142857143,0.7143107881325923,0.2857142857142857,6.982994364592407,30.06245856659881,0.26500367758356663,0.9916333850314077,0.012748131587157435,0.9619913634325135,1.0051361063762132,0.0,0.002387489730193988,0.0,0.0,1.0051361063762132,1.002748616646019,1.0051361063762132,1.0051361063762132
1104,1098,1105,7,0.8571428571428571,0.8571600129328263,0.1428571428571429,6.982994364592407,30.06245856659881,0.26500367758356663,0.6033074504592673,0.011360084897264363,0.5774952641456836,0.6127948556521542,0.01936237254695367,0.018902783612123594,0.018687634536787963,0.01948949540881516,0.5934324831052005,0.5938920720400306,0.5941072211153662,0.593305360243339
1106,1105,1112,7,0.14285714285714285,0.14289161376970672,0.14285714285714285,8.212241883936612,35.36751902417981,0.14437480410313006,0.7471230948747214,0.010271987172304679,0.9928605523382619,0.757897845936564,0.013256168779866068,0.015168210979938507,0.01421462016094129,0.014263669819999181,0.7446416771566979,0.7427296349566255,0.7436832257756226,0.7436341761165648
1107,1105,1112,7,0.2857142857142857,0.28577295960801147,0.2857142857142857,8.212241883936612,35.36751902417981,0.14437480410313006,1.0543648110652097,0.010899763060066158,1.2704849596343413,1.0338302757746027,0.04150735061006228,0.04323472150494449,0.042130594616098006,0.04248202346072407,0.9923229251645405,0.9905955542696583,0.9916996811585047,0.9913482523138787
1108,1105,1112,7,0.42857142857142855,0.428653278653176,0.42857142857142855,8.212241883936612,35.36751902417981,0.14437480410313006,1.212637473563972,0.011586062100989773,1.4456266251518521,1.2063070896322687,0.03212560789941481,0.03451979797812823,0.0329116801647447,0.03362780480526652,1.174181481732854,1.1717872916541405,1.173395409467524,1.1726792848270022
1109,1105,1112,7,0.5714285714285714,0.5715264101463591,0.4285714285714286,8.212241883936612,35.36751902417981,0.14437480410313006,1.2514047224665643,0.011957403255197988,1.4663182853139545,1.2243040070049718,0.04298231178798737,0.04379299343167676,0.0428047444487359,0.043811200303884815,1.1813216952169845,1.180511013573295,1.181499262556236,1.180492806701087
1111,1105,1112,7,0.8571428571428571,0.8572562444424822,0.1428571428571429,8.212241883936612,35.36751902417981,0.14437480410313006,0.3130177131278532,0.008967685529283165,0.4339297722225961,0.28976838871329963,0.07788786489863253,0.07760747257620652,0.077497744925646,0.0779305822680021,0.2118805238146671,0.2121609161370931,0.21227064378765365,0.21183780644529754
1113,1112,1119,7,0.14285714285714285,0.14287033086063153,0.14285714285714285,10.841292788034165,46.64182788397604,0.23529249404681626,0.46779626161355803,0.011435887526750486,0.6390424867938388,0.492119024837998,0.04540255207016413,0.041961430961076115,0.04371417518459384,0.04367469472074822,0.4467164727678339,0.4501575938769219,0.44840484965340416,0.4484443301172498
1114,1112,1119,7,0.2857142857142857,0.2857396359876584,0.2857142857142857,10.841292788034165,46.64182788397604,0.23529249404681626,0.894100303346859,0.013487473310918336,1.066275663101819,0.9328048098640899,0.040729860803953535,0.03989446287114241,0.040325101021970435,0.04030420603264784,0.8920749490601363,0.8929103469929475,0.8924797088421195,0.892500603831442
1116,1112,1119,7,0.5714285714285714,0.5714608087704326,0.4285714285714286,10.841292788034165,46.64182788397604,0.23529249404681626,1.309381662630503,0.014658254412521339,1.4069190261853075,1.2955962803266108,0.04331930571603665,0.03951551407962268,0.041488648293175764,0.040887652145916865,1.2522769746105742,1.2560807662469882,1.254107632033435,1.2547086281806938
1117,1112,1119,7,0.7142857142857143,0.7143106249589707,0.2857142857142857,10.841292788034165,46.64182788397604,0.23529249404681626,0.9658491798829038,0.013136457622104072,0.9811026365119466,0.911848797138996,0.07459704480526919,0.07418051496402883,0.07440287436832904,0.07403195880860768,0.8372517523337268,0.8376682821749672,0.837445922770667,0.8378168383303883
1118,1112,1119,7,0.8571428571428571,0.8571614668811134,0.1428571428571429,10.841292788034165,46.64182788397604,0.23529249404681626,0.446112013760858,0.010915703790198867,0.45848604104012913,0.4100415580360807,0.04333108464226467,0.043729821461559744,0.04347638626593857,0.04342033391686774,0.36671047339381607,0.366311736574521,0.36656517177014214,0.366621224119213
1121,1119,1125,6,0.3333333333333333,0.3333584696981123,0.3333333333333333,11.015056291909039,55.30059461313249,0.10357949334953542,0.7299735544784681,0.0123072003984252,0.4277075034273455,0.675839192044521,0.05729116944316708,0.057149469550852317,0.05723172559452904,0.057163340680061826,0.618548022601354,0.6186897224936687,0.618607466449992,0.6186758513644592
1122,1119,1125,6,0.5,0.5000305227286601,0.5,11.015056291909039,55.30059461313249,0.10357949334953542,0.6028964458308287,0.013271950902469958,0.31601546572117467,0.5513974381325856,0.07491854141310356,0.07489339167474629,0.07500413651923099,0.07476332894626846,0.476478896719482,0.4765040464578393,0.4763933016133546,0.4766341091863171
1123,1119,1125,6,0.6666666666666666,0.6666906060616942,0.33333333333333337,11.015056291909039,55.30059461313249,0.10357949334953542,0.43082718464311925,0.012945083089800842,0.2356816081397614,0.4000196311994019,0.058905046447853444,0.05937330354261219,0.05914580075220254,0.059105236390169735,0.3411145847515485,0.34064632765678976,0.3408738304471994,0.3409143948092322
1124,1119,1125,6,0.8333333333333334,0.8333518863644797,0.16666666666666663,11.015056291909039,55.30059461313249,0.10357949334953542,0.23305999303622868,0.011845328240020374,0.11322793879368728,0.20654721405205698,0.0493894616589513,0.0494882006532307,0.04939295212628131,0.049465352601148885,0.15715775239310567,0.15705901339882627,0.15715426192577567,0.15708186145090808
1126,1125,1132,7,0.14285714285714285,0.1428745884883463,0.14285714285714285,12.743142464796806,54.849693996103575,0.07293865813523635,0.32859457479412557,0.000935809721085097,0.3165532469690405,0.30318230569945054,0.08005924541940654,0.08150752947616755,0.08080748478991141,0.08081307023387244,0.223123060280044,0.221674776223283,0.22237482090953914,0.2223692354655781
1127,1125,1132,7,0.2857142857142857,0.2857399410542908,0.2857142857142857,12.743142464796806,54.849693996103575,0.07293865813523635,0.4940536307020191,0.0009602479736153209,0.49469890900858715,0.5055815508031762,0.052532694404928665,0.054684771324688825,0.053640290552392784,0.053659580945249634,0.45304885639824755,0.4508967794784874,0.45194126025078346,0.4519219698579266
1128,1125,1132,7,0.42857142857142855,0.4286042674066351,0.42857142857142855,12.743142464796806,54.849693996103575,0.07293865813523635,0.6263290530425261,0.0012031328071589026,0.6242331440735416,0.6404782815883903,0.061777603741796916,0.06319358840480181,0.06256177178695536,0.0625412697628424,0.5787006778465933,0.5772846931835884,0.5779165098014349,0.5779370118255479
1129,1125,1132,7,0.5714285714285714,0.5714583316229773,0.4285714285714286,12.743142464796806,54.849693996103575,0.07293865813523635,0.4659960159587618,0.002804104088868518,0.42509040635894324,0.43170215345511725,0.04437280925186419,0.04327689234470785,0.04387435503501012,0.04383951887903946,0.38732934420325305,0.3884252611104094,0.3878277984201071,0.3878626345760778
1131,1125,1132,7,0.8571428571428571,0.8571561979196598,0.1428571428571429,12.743142464796806,54.849693996103575,0.07293865813523635,0.13973228158664483,0.0035316342126695435,0.1913473631842641,0.19425003816962208,0.07331953583006393,0.07401126279768115,0.07368751128627403,0.07369939512147299,0.12093050233955815,0.12023877537194093,0.12056252688334805,0.1205506430481491
1133,1132,1139,7,0.14285714285714285,0.14287078039256745,0.14285714285714285,12.132964735472171,52.23695139390996,0.17350948823308357,0.3096371992869849,0.004183713865561709,0.25397820529256043,0.3210620540823284,0.023647188401611275,0.02669657355899345,0.02509514725918652,0.025088173385176136,0.2974148656807171,0.29436548052333494,0.29596690682314186,0.29597388069715225
1134,1132,1139,7,0.2857142857142857,0.2857405343039739,0.2857142857142857,12.132964735472171,52.23695139390996,0.17350948823308357,0.6344691587002457,0.004404944218635995,0.5959964040992419,0.6724042658586179,0.04217404171695151,0.045216868726224414,0.04386067431174306,0.04366818791680793,0.6302302241416664,0.6271873971323935,0.6285435915468749,0.62873607794181
1136,1132,1139,7,0.5714285714285714,0.571459512503567,0.4285714285714286,12.132964735472171,52.23695139390996,0.17350948823308357,0.912354810206851,0.004363738259201036,0.8438759506416205,0.9297877381758859,0.010891560673029365,0.018325870325096503,0.014750683376519278,0.014673262325083942,0.9188961775028566,0.9114618678507894,0.9150370547993666,0.915114475850802
1137,1132,1139,7,0.7142857142857143,0.7143107897540757,0.2857142857142857,12.132964735472171,52.23695139390996,0.17350948823308357,0.8899886828282242,0.0044830863246459645,0.8065151452253256,0.9047106857808581,0.036193393424839126,0.03689253074281115,0.037186538777949626,0.03581213949038054,0.8685172923560189,0.8678181550380469,0.8675241470029085,0.8688985462904776
1138,1132,1139,7,0.8571428571428571,0.8571589875611013,0.1428571428571429,12.132964735472171,52.23695139390996,0.17350948823308357,0.5060652837834472,0.004287934955369678,0.438402563881749,0.5130264031941203,0.02548957229197981,0.024931177633421352,0.025752034433882624,0.024617844940974732,0.4875368309021405,0.48809522556069895,0.48727436876023766,0.48840855825314555
1141,1139,1149,10,0.2,0.19989326460895773,0.2,10.581865375350102,31.879519928698773,0.2184604909224248,0.9631105320747546,0.003575873106827696,1.1082938086214353,0.9781706054277025,0.02399348400721303,0.023456354911116493,0.023562286398032588,0.023756322096638343,0.9541771214204895,0.954714250516586,0.9546083190296699,0.9544142833310642
1142,1139,1149,10,0.3,0.29977489319278167,0.3,10.581865375350102,31.879519928698773,0.2184604909224248,1.3127058197441555,0.0038521523941449816,1.439562519706277,1.3142936613704717,0.07253862928468884,0.07565218841577236,0.07387957011939442,0.07446140872157649,1.2417550320857829,1.2386414729546993,1.2404140912510773,1.2398322526488952
1143,1139,1149,10,0.4,0.3998166966904846,0.4,10.581865375350102,31.879519928698773,0.2184604909224248,1.3377172946374833,0.0032472168270671654,1.4288441314591138,1.3467250828084247,0.0912706872856514,0.09665161652161973,0.09351561013650007,0.0945798046738317,1.2554543955227733,1.250073466286805,1.2532094726719247,1.252145278134593
1144,1139,1149,10,0.5,0.49985778191503116,0.5,10.581865375350102,31.879519928698773,0.2184604909224248,1.35935881155723,0.0025227891495653155,1.4441882043669865,1.3828421730216682,0.03583099976526392,0.03215427152862574,0.03447597389035528,0.033518215448525145,1.3470111732564043,1.3506879014930424,1.348366199131313,1.349323957573143
1146,1139,1149,10,0.7,0.6999263051741526,0.30000000000000004,10.581865375350102,31.879519928698773,0.2184604909224248,1.1774746489941015,0.001671920774528592,1.2663786177252534,1.192301732502037,0.012804115899156003,0.008955514431441136,0.01084831472446506,0.010765972963860284,1.179497616602881,1.183346218070596,1.181453417777572,1.1815357595381768
1147,1139,1149,10,0.8,0.7999537432087273,0.19999999999999996,10.581865375350102,31.879519928698773,0.2184604909224248,0.9411159826383417,0.0018187117895719631,1.0074002759399032,0.9560459595641445,0.06767273660858898,0.07080929912649465,0.0685029052468107,0.07004053715287632,0.8883732229555555,0.8852366604376498,0.8875430543173338,0.8860054224112682
1148,1139,1149,10,0.9,0.8999804629701457,0.09999999999999998,10.581865375350102,31.879519928698773,0.2184604909224248,0.5717748504865694,0.0031789532266700326,0.6289196244766945,0.5943555293715839,0.025505615885209748,0.026135667377233707,0.0255173239151153,0.026159516633198602,0.5688499134863741,0.5682198619943502,0.5688382054564686,0.5681960127383853
1151,1149,1161,12,0.16666666666666666,0.16669759323462371,0.16666666666666666,11.067396605165891,27.786040336205943,0.15969957466044812,0.7357493438500259,0.00877171523936804,0.7703842285052398,0.7188709521585286,0.058643087711641555,0.061674657660082295,0.060274096388471886,0.06005925516339984,0.6602278644468871,0.6571962944984463,0.6585968557700567,0.6588116969951288
1152,1149,1161,12,0.25,0.250043097668895,0.25,11.067396605165891,27.786040336205943,0.15969957466044812,0.9977346902796961,0.0133002640675844,1.028200517664122,1.0118048660074177,0.05947003739510463,0.06351688745351483,0.061701202009272337,0.061228642740857986,0.9523348286123131,0.9482879785539029,0.9501036639981454,0.9505762232665598
1153,1149,1161,12,0.3333333333333333,0.33338321489455436,0.3333333333333333,11.067396605165891,27.786040336205943,0.15969957466044812,1.3953075592492772,0.0178794242169341,1.4316445932027373,1.4371856192504069,0.058569296988228076,0.06245719486669766,0.06083382257611348,0.060204614583947456,1.3786163222621788,1.3747284243837092,1.3763517966742933,1.3769810046664595
1154,1149,1161,12,0.4166666666666667,0.41672213496274446,0.4166666666666667,11.067396605165891,27.786040336205943,0.15969957466044812,1.8445177896133718,0.02134579428594803,1.8886242043597357,1.8770717205960463,0.046701983011509705,0.04952310997431886,0.04826619981611205,0.04759836558743419,1.8303697375845367,1.8275486106217276,1.8288055207799343,1.8294733550086122
1156,1149,1161,12,0.5833333333333334,0.5833892006819009,0.41666666666666663,11.067396605165891,27.786040336205943,0.15969957466044812,1.894568445771555,0.023563579680545944,1.8584033339779729,1.8635625261342608,0.054986504529574154,0.05860500930513657,0.05728174160839968,0.05599377405920386,1.8085760216046867,1.8049575168291243,1.806280784525861,1.807568752075057
1157,1149,1161,12,0.6666666666666666,0.6667167477541326,0.33333333333333337,11.067396605165891,27.786040336205943,0.15969957466044812,1.6471790842024485,0.0208683943380501,1.6372583739367323,1.6498387099141643,0.09900414800808574,0.10452300860815582,0.10273029152656693,0.1005974205829831,1.5508345619060786,1.5453157013060084,1.5471084183875974,1.549241289331181
1158,1149,1161,12,0.75,0.750043097668895,0.25,11.067396605165891,27.786040336205943,0.15969957466044812,1.3808760394170434,0.01698495175109971,1.358749073700741,1.3696903967356904,0.04488348706664243,0.038599250271036445,0.040468702107243786,0.04309089253026248,1.324806909669048,1.331091146464654,1.3292216946284465,1.326599504205428
1159,1149,1161,12,0.8333333333333334,0.8333646589537801,0.16666666666666663,11.067396605165891,27.786040336205943,0.15969957466044812,1.0148377614235724,0.013136076097887178,1.0379199185439973,1.0056819000836803,0.0,0.009421225734813543,0.0068189429735152855,0.0,1.0056819000836803,0.9962606743488668,0.998862957110165,1.0056819000836803
1162,1161,1171,10,0.1,0.10001868326123511,0.1,12.355202995537779,37.238238416375225,0.1940371007712472,1.1842536790632388,0.0036353994130204604,1.2924452830614226,1.3149045167305107,0.1373723079967289,0.13615914438860968,0.13688085725047677,0.13684262897900973,1.1775322087337818,1.178745372341901,1.178023659480034,1.178061887751501
1163,1161,1171,10,0.2,0.20002946206579383,0.2,12.355202995537779,37.238238416375225,0.1940371007712472,2.499091283450038,0.0058483536843919924,2.5055092295192494,2.5412575019838206,0.055885835321045706,0.05783921997578111,0.056841599514011354,0.05698558787503847,2.485371666662775,2.4834182820080395,2.4844159024698094,2.484271914108782
1164,1161,1171,10,0.3,0.3000402408703525,0.3,12.355202995537779,37.238238416375225,0.1940371007712472,2.965323040131638,0.007253878344223698,2.8990417163316144,2.9214993874227186,0.09372048855539335,0.10004701363220142,0.09626903106686176,0.0972929388636812,2.8277788988673254,2.821452373790517,2.8252303563558567,2.8242064485590372
1166,1161,1171,10,0.5,0.5000481453270289,0.5,12.355202995537779,37.238238416375225,0.1940371007712472,2.7137644822533376,0.0063129226643062085,2.7130376903757627,2.721848236165876,0.019033740504280545,0.013184084855526818,0.0172048918015364,0.015255399475933844,2.7028144956615954,2.708664151310349,2.704643344364339,2.706592836689942
1167,1161,1171,10,0.6,0.600044552392176,0.4,12.355202995537779,37.238238416375225,0.1940371007712472,2.5910767533995887,0.0057536640097084,2.5613369927209275,2.575813554405541,0.026989164579875033,0.02579047918965578,0.02640736866717671,0.025882942882251382,2.548824389825666,2.5500230752158854,2.5494061857383645,2.5499306115232896
1168,1161,1171,10,0.7,0.7000409594573231,0.30000000000000004,12.355202995537779,37.238238416375225,0.1940371007712472,2.104154962874119,0.0037494878317253432,2.066993729222179,2.0882088389719673,0.05039202417971026,0.04566446448912047,0.04922079250201535,0.04670151985426388,2.037816814792257,2.042544374482847,2.038988046469952,2.0415073191177036
1169,1161,1171,10,0.8,0.8000294620657938,0.19999999999999996,12.355202995537779,37.238238416375225,0.1940371007712472,1.647296180393073,0.003520919653492367,1.6472970841352763,1.6868311323402332,0.06841069141280058,0.06566011540763704,0.0680993120740472,0.0660552689743696,1.6184204409274325,1.6211710169325961,1.618731820266186,1.6207758633658635
1172,1171,1181,10,0.1,0.09985499429385669,0.1,8.622214721517254,25.97332275319706,0.13738860236468606,0.375217561559108,0.0023986463901326895,0.3036715744437883,0.3253431443788077,0.09800426074527957,0.09641642833366858,0.09719570831578318,0.09718898967902839,0.2273388836335281,0.2289267160451391,0.2281474360630245,0.2281541546997793
1173,1171,1181,10,0.2,0.1998845125431013,0.2,8.622214721517254,25.97332275319706,0.13738860236468606,0.7144827228881491,0.0017670016548366923,0.7094116729825242,0.7255313990088854,0.013244147198738176,0.014171665010795313,0.013604244387288654,0.013734146938031128,0.7122872518101473,0.71135973399809,0.7119271546215967,0.7117972520708543
1174,1171,1181,10,0.3,0.29991403079234596,0.3,8.622214721517254,25.97332275319706,0.13738860236468606,1.673479658354309,0.00234880599450088,1.7507656529847373,1.7596303925469443,0.08414538403597159,0.08719946040334939,0.08572668163622431,0.0857258272130082,1.6754850085109727,1.6724309321435948,1.67390371091072,1.6739045653339362
1176,1171,1181,10,0.5,0.4999572667681252,0.5,8.622214721517254,25.97332275319706,0.13738860236468606,2.6113289704521776,0.0040902972276968454,2.5906133524094774,2.5976429308310305,0.0882352802504741,0.0850592524388598,0.08718884630777368,0.08619129059966384,2.5094076505805565,2.5125836783921707,2.510454084523257,2.5114516402313667
1177,1171,1181,10,0.6,0.5999724209058153,0.4,8.622214721517254,25.97332275319706,0.13738860236468606,2.758505888588172,0.004505944421370831,2.695008600600775,2.701804661214293,0.09543357418944272,0.09208832714831201,0.09445701489729239,0.09306933703209543,2.6063710870248507,2.6097163340659812,2.6073476463170007,2.608735324182198
1178,1171,1181,10,0.7,0.6999854204267721,0.30000000000000004,8.622214721517254,25.97332275319706,0.13738860236468606,2.4635300464286476,0.003790150050735847,2.3107424038251905,2.316815998563721,0.202224065069321,0.1991531850246295,0.201219346752284,0.20014492167098927,2.1145919334944,2.117662813539092,2.1155966518114373,2.116671076892732
1179,1171,1181,10,0.8,0.799993392508685,0.19999999999999996,8.622214721517254,25.97332275319706,0.13738860236468606,1.6928268367760861,0.0031769511865188038,1.552741468948411,1.561712623453507,0.17468224024846377,0.17211239533962883,0.1737198734956686,0.17305220352396328,1.3870303832050432,1.3896002281138782,1.3879927499578384,1.3886604199295438
1182,1181,1189,8,0.125,0.12501795796399787,0.125,7.914897400957332,29.807962766339003,0.05899751386045834,0.495052108203323,0.005240533937299721,0.49940364306001317,0.5149174327418299,0.03488313514767264,0.035432983963346126,0.03513008993265908,0.03517098498882246,0.4800342975941572,0.47948444877848373,0.4797873428091708,0.47974644775300745
1183,1181,1189,8,0.25,0.2500278348441967,0.25,7.914897400957332,29.807962766339003,0.05899751386045834,0.7968288329282187,0.007970568676838954,0.8104727699957777,0.8234106747723303,0.08337665245952347,0.0837278990026683,0.08349777182704407,0.08356081513624129,0.7400340223128068,0.739682775769662,0.7399129029452862,0.7398498596360891
1184,1181,1189,8,0.375,0.37503681382619564,0.375,7.914897400957332,29.807962766339003,0.05899751386045834,0.8495802341309451,0.008989885438310188,0.8762641590869374,0.8869149343640921,0.09203294944991496,0.09217369860800735,0.0920480267164253,0.09210243233795966,0.7948819849141772,0.7947412357560847,0.7948669076476668,0.7948125020261324
1186,1181,1189,8,0.625,0.6250368138261957,0.375,7.914897400957332,29.807962766339003,0.05899751386045834,1.2755567927503966,0.009961736320941463,1.3472808148013025,1.34816317257711,0.07315737009350771,0.0731005722294471,0.07311494179671536,0.07309554285026153,1.2750058024836022,1.2750626003476628,1.2750482307803945,1.2750676297268484
1187,1181,1189,8,0.75,0.7500287327423966,0.25,7.914897400957332,29.807962766339003,0.05899751386045834,1.2704854487840296,0.00862180209848403,1.2920609577718292,1.291831628947855,0.02092753310182993,0.02161725879561313,0.021127915551990995,0.02137593167243246,1.2709040958460252,1.270214370152242,1.270703713395864,1.2704556972754226
1188,1181,1189,8,0.875,0.8750188558621977,0.125,7.914897400957332,29.807962766339003,0.05899751386045834,0.6695969975938679,0.006295360635507242,0.6138282573442235,0.6133084044993021,0.06060535044576501,0.06073310693217159,0.060642604840011285,0.060704974319857156,0.5527030540535371,0.5525752975671305,0.5526657996592909,0.552603430179445
1191,1189,1197,8,0.25,0.2500285167431454,0.25,5.815933590525222,21.909654936157793,0.10760171528904071,0.3648259239216914,0.009697467478727453,0.3284269499739891,0.35453589093493204,0.025967747052483614,0.025850738581943873,0.025895057825486463,0.025872310972476432,0.3285681438824484,0.3286851523529882,0.3286408331094456,0.3286635799624556
1192,1189,1197,8,0.375,0.3750369370413183,0.375,5.815933590525222,21.909654936157793,0.10760171528904071,0.44807219602241294,0.011351032760860127,0.3702647347060508,0.3980609689550316,0.05297366387258546,0.05299844200450871,0.05294960713277825,0.05295240235589647,0.34508730508244617,0.3450625269505229,0.3451113618222534,0.34510856659913514
1193,1189,1197,8,0.5,0.5000372738532453,0.5,5.815933590525222,21.909654936157793,0.10760171528904071,0.32326438433249444,0.011789100965880008,0.2634124672685391,0.28821785556060836,0.05121432113552749,0.05097082260411719,0.05104938448651908,0.051061004340049634,0.23700353442508088,0.23724703295649116,0.23716847107408928,0.23715685122055874
1194,1189,1197,8,0.625,0.6250367125000337,0.375,5.815933590525222,21.909654936157793,0.10760171528904071,0.17280842012074948,0.010732715164499527,0.11853923835771554,0.15028115199727926,0.033407077830295014,0.033515225022829026,0.03337938878841126,0.03347519240862819,0.11687407416698425,0.11676592697445023,0.116901763208868,0.11680595958865107
1196,1189,1197,8,0.875,0.8750176264908418,0.125,5.815933590525222,21.909654936157793,0.10760171528904071,0.10913760525288496,0.005175410337536133,0.12751546957096788,0.12428782383507958,0.036944249913197565,0.03681212479119642,0.036897941125361135,0.03684037345822602,0.08734357392188202,0.08747569904388316,0.08738988270971845,0.08744745037685356
1198,1197,1207,10,0.1,0.09996795852712677,0.1,7.378502424849382,22.233392843224852,0.06829126152677016,0.2042264805947517,0.0034499146532081856,0.2777118471463691,0.2232253833492029,0.03250629446562917,0.03281442613972082,0.03266131683852555,0.03264941386917393,0.19071908888357372,0.19041095720948206,0.19056406651067734,0.19057596948002897
1199,1197,1207,10,0.2,0.19993016970485925,0.2,7.378502424849382,22.233392843224852,0.06829126152677016,0.426376458624262,0.004950813153157725,0.47869057977423574,0.4313999346682774,0.04459705562580839,0.04479891303994001,0.044736476369021824,0.0446649732612585,0.386802879042469,0.3866010216283374,0.3866634582992556,0.3867349614070189
1201,1197,1207,10,0.4,0.3998459710362327,0.4,7.378502424849382,22.233392843224852,0.06829126152677016,0.5011215856474757,0.006415764241343054,0.5169152967179,0.5207295336703781,0.05020986397833722,0.05008106632653653,0.05027885304517384,0.05004839863594026,0.4705196696920409,0.4706484673438416,0.4704506806252043,0.47068113503443787
1202,1197,1207,10,0.5,0.4997399324399079,0.5,7.378502424849382,22.233392843224852,0.06829126152677016,0.5721888530575518,0.006491379879076068,0.5674056445160309,0.5953386400856205,0.04073997513047558,0.04055300310790786,0.04078864253631862,0.04053194347260475,0.554598664955145,0.5547856369777127,0.5545499975493019,0.5548066966130158
1203,1197,1207,10,0.6,0.5997984117199949,0.4,7.378502424849382,22.233392843224852,0.06829126152677016,0.6294134635485615,0.00617957590697612,0.6206389891808848,0.6591727544421323,0.0404373219115255,0.04027087031570673,0.04051039345168069,0.04022685496865786,0.6187354325306068,0.6189018841264255,0.6186623609904516,0.6189458994734744
1204,1197,1207,10,0.7,0.6998554541627333,0.30000000000000004,7.378502424849382,22.233392843224852,0.06829126152677016,0.5836494860233042,0.004739799804185717,0.5431829792116343,0.5868323223005711,0.005823488844059274,0.005352506164125187,0.005706952470224885,0.0054779405261580535,0.5810088334565119,0.581479816136446,0.5811253698303462,0.5813543817744131
1206,1197,1207,10,0.9,0.8999566075120731,0.09999999999999998,7.378502424849382,22.233392843224852,0.06829126152677016,0.16025031090086675,0.0035430086208061607,0.15332584601347596,0.16939513816731952,0.018392512934660907,0.01866439229678534,0.018469929170557477,0.018586266099296086,0.15100262523265862,0.15073074587053417,0.15092520899676204,0.15080887206802343
1208,1207,1224,17,0.058823529411764705,0.058842196312210895,0.058823529411764705,10.682562397786612,18.932873734521767,0.1538201266425103,0.47261054689290305,0.008875320738963797,0.5576442054591574,0.49136779254073665,0.02979425267868842,0.030236864792020486,0.030043953080465643,0.030026492151534766,0.46157353986204824,0.46113092774871617,0.461323839460271,0.4613413003892019
1209,1207,1224,17,0.11764705882352941,0.11768016709436073,0.11764705882352941,10.682562397786612,18.932873734521767,0.1538201266425103,0.8281963893282243,0.01434460753816975,0.9139399164491021,0.8499020136811254,0.02777076751768536,0.028308531143732007,0.02808839080494897,0.02805511362941686,0.82213124616344,0.8215934825373934,0.8218136228761764,0.8218469000517086
1211,1207,1224,17,0.23529411764705882,0.23535146057559325,0.23529411764705882,10.682562397786612,18.932873734521767,0.1538201266425103,1.2071647801780676,0.023597198579488464,1.2762825615549513,1.2237865643490404,0.03702164361992285,0.039906656028208504,0.03861709489807392,0.03830013196315584,1.1867649207291175,1.183879908320832,1.1851694694509665,1.1854864323858847
1212,1207,1224,17,0.29411764705882354,0.29418478327467595,0.29411764705882354,10.682562397786612,18.932873734521767,0.1538201266425103,1.4051366043772693,0.02680900452342259,1.484376078490111,1.4404511471035897,0.06271178126392471,0.06406547459674673,0.06351865269100902,0.06326205167521293,1.377739365839665,1.3763856725068428,1.3769324944125807,1.3771890954283768
1213,1207,1224,17,0.35294117647058826,0.3530138804436976,0.35294117647058826,10.682562397786612,18.932873734521767,0.1538201266425103,1.6844329061941634,0.028945868576755483,1.7687546605897486,1.7291270993400434,0.04927617053432144,0.05087378915572594,0.05020973233206016,0.049990209984824854,1.679850928805722,1.6782533101843173,1.6789173670079833,1.6791368893552185
1214,1207,1224,17,0.4117647058823529,0.4118429776127192,0.4117647058823529,10.682562397786612,18.932873734521767,0.1538201266425103,1.8121811206388887,0.030221945293924683,1.8811921303423311,1.8454673014994625,0.031235371532205253,0.035204010763416095,0.03344376054735353,0.03304113942446334,1.8142319299672571,1.8102632907360463,1.812023540952109,1.812426162074999
1216,1207,1224,17,0.5294117647058824,0.5294918757846281,0.47058823529411764,10.682562397786612,18.932873734521767,0.1538201266425103,2.115959108098692,0.028769625850362912,2.2090791514394765,2.18662073721852,0.07796768136708127,0.08121428912589602,0.07991347610806897,0.079328461068412,2.108653055851439,2.105406448092624,2.106707261110451,2.107292276150108
1217,1207,1224,17,0.5882352941176471,0.5883125218935277,0.4117647058823529,10.682562397786612,18.932873734521767,0.1538201266425103,2.3304938263942647,0.02681651354709597,2.413538753344016,2.3967152700856342,0.07138663703466544,0.0740637919563706,0.07308692775365132,0.07241775839516248,2.325328633050969,2.3226514781292638,2.323628342331983,2.324297511690472
1218,1207,1224,17,0.6470588235294118,0.647132322896415,0.3529411764705882,10.682562397786612,18.932873734521767,0.1538201266425103,2.3378790507772784,0.02431268266623576,2.3873527678142836,2.3785699915768626,0.061405948392027586,0.06438300292784742,0.06342141183365711,0.06234607213362262,2.317164043184835,2.314186988649015,2.3151485797432056,2.31622391944324
1219,1207,1224,17,0.7058823529411765,0.7059478983692412,0.2941176470588235,10.682562397786612,18.932873734521767,0.1538201266425103,2.140821720953031,0.021168081870885275,2.165092936757441,2.1660390826476648,0.05022002751555392,0.05133596792287498,0.05143646474804607,0.05006121114237154,2.115819055132111,2.1147031147247897,2.1146026178996187,2.1159778715052933
1221,1207,1224,17,0.8235294117647058,0.8235752463378387,0.17647058823529416,10.682562397786612,18.932873734521767,0.1538201266425103,1.3984662310617058,0.014672243952745934,1.397936886508472,1.4098068700703414,0.037370971488647604,0.039299950824928626,0.03750303410180266,0.03915528329399548,1.3724358985816938,1.370506919245413,1.3723038359685389,1.370651586776346
1222,1207,1224,17,0.8823529411764706,0.8823861737275979,0.11764705882352944,10.682562397786612,18.932873734521767,0.1538201266425103,1.0101426249021883,0.010992720363192062,1.029779041068549,1.041135271824189,0.038126369210286115,0.038642126038322316,0.03805513462787705,0.038766016459327375,1.003008902613903,1.0024931457858668,1.003080137196312,1.0023692553648618
1223,1207,1224,17,0.9411764705882353,0.941193298140302,0.05882352941176472,10.682562397786612,18.932873734521767,0.1538201266425103,0.5844137524848495,0.00784083231075552,0.5971418027644304,0.6039872754624648,0.009852365739955756,0.010746641773416797,0.010194410079384068,0.010467897568433346,0.594134909722509,0.593240633689048,0.5937928653830807,0.5935193778940314
1226,1224,1239,15,0.13333333333333333,0.13330718142812392,0.13333333333333333,9.025894800551093,18.132632627773443,0.19739278318713277,0.8983286632586508,0.015562809933076365,0.9618072619704482,0.9105427558167986,0.03883991362961895,0.03808381934527071,0.038470772167541384,0.03853995197105448,0.8717028421871796,0.8724589364715278,0.8720719836492572,0.872002803845744
1227,1224,1239,15,0.2,0.19995574292964563,0.2,9.025894800551093,18.132632627773443,0.19739278318713277,0.9443492866895482,0.0204402333063213,0.9543544088021784,0.9091064383495048,0.0527327300350028,0.05314715918813217,0.052908367826379636,0.05291303086107781,0.856373708314502,0.8559592791613726,0.8561980705231251,0.856193407488427
1228,1224,1239,15,0.26666666666666666,0.26660334648592154,0.26666666666666666,9.025894800551093,18.132632627773443,0.19739278318713277,0.9359324533471404,0.024383248002600087,0.9802456186319216,0.9371103168802186,0.015340340063287121,0.0159550136171903,0.015564001516101057,0.015520069194858557,0.9217699768169315,0.9211553032630283,0.9215463153641176,0.92159024768536
1229,1224,1239,15,0.3333333333333333,0.3332475972338373,0.3333333333333333,9.025894800551093,18.132632627773443,0.19739278318713277,0.9805051037726146,0.026869405067842387,0.9831544305478976,0.9443047680265749,0.05743170260381256,0.0606270988164867,0.0591186109800912,0.05886465415254433,0.8868730654227623,0.8836776692100883,0.8851861570464837,0.8854401138740307
1231,1224,1239,15,0.4666666666666667,0.46652987208557134,0.4666666666666667,9.025894800551093,18.132632627773443,0.19739278318713277,0.31836579083059746,0.029867152421281275,0.3230168504089454,0.37950744681147375,0.13903345838549547,0.14220014935334876,0.14056047421364679,0.140498534153721,0.24047398842597828,0.23730729745812498,0.23894697259782696,0.23900891265775276
1232,1224,1239,15,0.5333333333333333,0.5331271835164446,0.4666666666666667,9.025894800551093,18.132632627773443,0.19739278318713277,0.9439594285585247,0.02859896104988547,0.9641696984198858,1.0278754906290528,0.08202934229823544,0.0866025915790928,0.0843906272570472,0.0841474409874361,0.9458461483308174,0.94127289904996,0.9434848633720057,0.9437280496416167
1233,1224,1239,15,0.6,0.5998303478969749,0.4,9.025894800551093,18.132632627773443,0.19739278318713277,1.0949064271658355,0.02693625951409153,1.0886576367308718,1.1520693632248922,0.07372873032669627,0.07822103394890038,0.07632682089052063,0.07564430180176956,1.078340632898196,1.0738483292759917,1.0757425423343716,1.0764250614231226
1234,1224,1239,15,0.6666666666666666,0.6665330333048823,0.33333333333333337,9.025894800551093,18.132632627773443,0.19739278318713277,1.105960289126435,0.024946370175019196,1.0841518723766954,1.1484831149751922,0.06077696601830982,0.0647905567450959,0.06317789351256423,0.062449459369170734,1.0877061489568824,1.0836925582300962,1.085305221462628,1.0860336556060215
1236,1224,1239,15,0.8,0.7999278667229939,0.19999999999999996,9.025894800551093,18.132632627773443,0.19739278318713277,0.8800594689453319,0.020775392761680292,0.8477135235489305,0.8955138652951071,0.06809662899793041,0.06810510953078848,0.06834457669115475,0.06795480302348446,0.8274172362971767,0.8274087557643186,0.8271692886039523,0.8275590622716227
1237,1224,1239,15,0.8666666666666667,0.8666209726784436,0.1333333333333333,9.025894800551093,18.132632627773443,0.19739278318713277,0.6772715038756502,0.017621360429449208,0.6541493639959722,0.6778782867793024,0.023822589734545065,0.02263587842554606,0.023631329649454302,0.02289002410161662,0.6540556970447573,0.6552424083537564,0.6542469571298482,0.6549882626776857
1238,1224,1239,15,0.9333333333333333,0.9333131206886477,0.06666666666666665,9.025894800551093,18.132632627773443,0.19739278318713277,0.3695117676565365,0.012039261024448206,0.3615759964949175,0.36822686975023466,0.0,0.0,0.0,0.0,0.36822686975023466,0.36822686975023466,0.36822686975023466,0.36822686975023466
1241,1239,1249,10,0.2,0.20003132123155656,0.2,8.126553583829223,24.48604531583744,0.29136915004165853,1.4145710716951012,0.01064390795258603,1.4327500037145855,1.4773020422593912,0.06557423502841389,0.06722439106682467,0.06653073191662502,0.06642591042073781,1.4117278072309773,1.4100776511925666,1.4107713103427661,1.4108761318386533
1242,1239,1249,10,0.3,0.3000423123976762,0.3,8.126553583829223,24.48604531583744,0.29136915004165853,1.9302774076842497,0.01294089341783726,1.941456669420043,1.987766885083591,0.06837928439395471,0.07327378918595505,0.0709330420250537,0.07092153483547617,1.9193876006896362,1.914493095897636,1.9168338430585372,1.9168453502481149
1243,1239,1249,10,0.4,0.40004683817196074,0.4,8.126553583829223,24.48604531583744,0.29136915004165853,2.122524896197799,0.014537755150217267,2.118527545930498,2.1648133708133175,0.05791141672995936,0.06366276454558781,0.061089646046940345,0.060697618977127034,2.1069019540833582,2.10115060626773,2.103723724766377,2.1041157518361904
1244,1239,1249,10,0.5,0.5000506455693747,0.5,8.126553583829223,24.48604531583744,0.29136915004165853,1.9762396388343222,0.015886015387587025,1.9263705278820566,1.9741322695413295,0.008330329982406003,0.012332196793142609,0.012403853453134947,0.007448238500952762,1.9658019395589235,1.9618000727481868,1.9617284160881945,1.9666840310403768
1246,1239,1249,10,0.7,0.7000424560730503,0.30000000000000004,8.126553583829223,24.48604531583744,0.29136915004165853,1.2406037552532658,0.01463080289983805,1.2089609315429124,1.2667301728490596,0.03267402599506677,0.033249188284668704,0.03386232941242389,0.0321219500206287,1.2340561468539928,1.233480984564391,1.2328678434366358,1.234608222828431
1247,1239,1249,10,0.8,0.8000311775561825,0.19999999999999996,8.126553583829223,24.48604531583744,0.29136915004165853,0.8210222596985374,0.012005436433051936,0.7665776455827144,0.831083335425903,0.016591468403970324,0.01422129241340649,0.016526725638518716,0.014289006207208167,0.8144918670219327,0.8168620430124964,0.8145566097873842,0.8167943292186948
1248,1239,1249,10,0.9,0.900019180662444,0.09999999999999998,8.126553583829223,24.48604531583744,0.29136915004165853,0.408985136903683,0.008657190249983725,0.35923266696220235,0.430935183168047,0.01009629195504966,0.009710029810850179,0.010264152435835866,0.009646797394469447,0.42083889121299733,0.42122515335719685,0.4206710307322111,0.4212883857735776
1251,1249,1261,12,0.16666666666666666,0.16669950656308824,0.16666666666666666,6.1105391415998485,15.3495824524568,0.14376951549330358,1.5375069510066453,0.012614983493616621,1.564157242368365,1.4914260024443278,0.05418695550327724,0.05426558927381948,0.05430845962245267,0.054076804877754125,1.4372390469410505,1.4371604131705082,1.4371175428218752,1.4373491975665735
1252,1249,1261,12,0.25,0.25004476806548653,0.25,6.1105391415998485,15.3495824524568,0.14376951549330358,1.6588065235180522,0.013256383920763252,1.6476907960855272,1.5798371068280679,0.08315805631474596,0.08392205063636418,0.08354336827647658,0.08346692824650134,1.4966790505133218,1.4959150561917036,1.4962937385515913,1.4963701785815666
1253,1249,1261,12,0.3333333333333333,0.333385238336796,0.3333333333333333,6.1105391415998485,15.3495824524568,0.14376951549330358,1.5974875562567534,0.013132824275104536,1.5932457068717607,1.526852723143083,0.07002660261910722,0.0711972982858715,0.07058864046995315,0.07055781973660137,1.4568261205239759,1.4556554248572116,1.45626408267313,1.4562949034064816
1254,1249,1261,12,0.4166666666666667,0.41672451080033324,0.4166666666666667,6.1105391415998485,15.3495824524568,0.14376951549330358,1.471955694073657,0.01243358330304058,1.4523741966534076,1.3918163133477568,0.11652542669790138,0.1168363817597625,0.11696679168004982,0.11630815611594648,1.2752908866498553,1.2749799315879944,1.274849521667707,1.2755081572318103
1256,1249,1261,12,0.5833333333333334,0.5833910776496856,0.41666666666666663,6.1105391415998485,15.3495824524568,0.14376951549330358,1.205284306294676,0.010243348834652895,1.2379241024733685,1.2032878130498652,0.05707680222503672,0.05806448991197945,0.058225834275963305,0.056877709860122236,1.1462110108248285,1.1452233231378857,1.1450619787739018,1.146410103189743
1257,1249,1261,12,0.6666666666666666,0.6667183720355007,0.33333333333333337,6.1105391415998485,15.3495824524568,0.14376951549330358,1.1813826302823012,0.009172934363736517,1.2454723691715188,1.1933112437591127,0.05625121785265569,0.05721257590034911,0.0572188715731569,0.05623371412341883,1.137060025906457,1.1360986678587637,1.1360923721859557,1.1370775296356939
1258,1249,1261,12,0.75,0.7500450675174296,0.25,6.1105391415998485,15.3495824524568,0.14376951549330358,1.1160459339824154,0.008685864259747477,1.1920239400375354,1.1344551337516677,0.027899822464098223,0.028781246161618028,0.029205923424984542,0.027414992066317524,1.1065553112875695,1.1056738875900498,1.105249210326683,1.1070401416853501
1259,1249,1261,12,0.8333333333333334,0.8333657739604975,0.16666666666666663,6.1105391415998485,15.3495824524568,0.14376951549330358,1.0132090205218258,0.00784145130423444,1.091711612744679,1.029013690935303,0.050050536337382094,0.050986145636139166,0.050808883701388835,0.05023281302065722,0.9789631545979208,0.9780275452991638,0.9782048072339141,0.9787808779146457
1262,1261,1272,11,0.09090909090909091,0.08993806938633803,0.09090909090909091,12.88028994021112,34.927761593572036,0.06335815741124119,0.29677375484563406,0.0071692001480896704,0.2841850510484145,0.3023036546839406,0.0,0.0,0.0,0.0,0.3023036546839406,0.3023036546839406,0.3023036546839406,0.3023036546839406
1263,1261,1272,11,0.18181818181818182,0.17993109338340021,0.18181818181818182,12.88028994021112,34.927761593572036,0.06335815741124119,0.5302292392907709,0.006928899534674668,0.5116390377402904,0.5323831752808433,0.05246814414145724,0.05368251261877867,0.053100635874184815,0.05299402203916971,0.4799150311393861,0.4787006626620647,0.47928253940665855,0.47938915324167364
1264,1261,1272,11,0.2727272727272727,0.2700980325602836,0.2727272727272727,12.88028994021112,34.927761593572036,0.06335815741124119,0.5102969261191106,0.007533898704016019,0.48127689399302886,0.47924154924147255,0.06474650650968701,0.06492760126475242,0.0648390272379518,0.0647101667971247,0.41449504273178556,0.41431394797672016,0.41440252200352073,0.41453138244434784
1266,1261,1272,11,0.45454545454545453,0.4506976326200225,0.45454545454545453,12.88028994021112,34.927761593572036,0.06335815741124119,0.42930934467946397,0.009050411958206635,0.49736378341901205,0.4126476769910416,0.07262947949370671,0.07122004393519586,0.07182621077966361,0.07183344868343769,0.34001819749733486,0.3414276330558457,0.340821466211378,0.3408142283076039
1267,1261,1272,11,0.5454545454545454,0.5422222739442087,0.4545454545454546,12.88028994021112,34.927761593572036,0.06335815741124119,0.5996669500313626,0.01017034591078536,0.6740264983847613,0.6040729550601025,0.08558980930248446,0.08864980554997003,0.08719370668213851,0.08698102819869334,0.518483145757618,0.5154231495101325,0.516879248377964,0.5170919268614091
1268,1261,1272,11,0.6363636363636364,0.6337598457650361,0.36363636363636365,12.88028994021112,34.927761593572036,0.06335815741124119,0.6962609154273208,0.010040101077199479,0.6944208966924618,0.6644927799850683,0.0583484387235628,0.057144496611230264,0.05780381337163926,0.05760671775050994,0.6061443412615055,0.6073482833738381,0.606688966613429,0.6068860622345583
1269,1261,1272,11,0.7272727272727273,0.7253038828341838,0.2727272727272727,12.88028994021112,34.927761593572036,0.06335815741124119,0.42343284957348903,0.010624689536040212,0.500174342629778,0.4149883346999984,0.06469810476354691,0.061925245128274006,0.06322403662281836,0.06337514045925507,0.3502902299364515,0.3530630895717244,0.35176429807718,0.35161319424074333
1271,1261,1272,11,0.9090909090909091,0.9084242832140819,0.09090909090909094,12.88028994021112,34.927761593572036,0.06335815741124119,0.24525827428585809,0.009040452477738565,0.23391413524333077,0.24680672003234083,0.0,0.0,0.0,0.0,0.24680672003234083,0.24680672003234083,0.24680672003234083,0.24680672003234083
1273,1272,1281,9,0.1111111111111111,0.11106232643326334,0.1111111111111111,12.515832031638773,41.15831195803714,0.06538471302405689,0.23840985709568696,0.009116952907073528,0.24923830427994237,0.2641421691671746,0.08102661255731511,0.08125538593790681,0.08115720037244982,0.08116436704001452,0.18311555660985948,0.18288678322926777,0.18298496879472476,0.18297780212716008
1274,1272,1281,9,0.2222222222222222,0.2221403336558349,0.2222222222222222,12.515832031638773,41.15831195803714,0.06538471302405689,0.39254989046882716,0.008449843269829987,0.39548829521000345,0.38517506671473933,0.037335999602880116,0.037167660619440185,0.03725764680633407,0.037304291860280475,0.3478390671118592,0.3480074060952991,0.34791741990840525,0.34787077485445883
1276,1272,1281,9,0.4444444444444444,0.44432770967959445,0.4444444444444444,12.515832031638773,41.15831195803714,0.06538471302405689,0.6247930174983554,0.008134467928300042,0.6130509574253923,0.6334901983140216,0.0893918704445912,0.08939580042959644,0.08939964707507143,0.08947262209373082,0.5440983278694305,0.5440943978844253,0.5440905512389502,0.5440175762202908
1277,1272,1281,9,0.5555555555555556,0.5554370784807824,0.4444444444444444,12.515832031638773,41.15831195803714,0.06538471302405689,0.5615814226820652,0.007345257321798945,0.5493171798880955,0.5771713468537514,0.08320780649316473,0.08340183248464728,0.08332607490620166,0.0833600543666742,0.49396354036058665,0.4937695143691041,0.49384527194754974,0.49381129248707717
1278,1272,1281,9,0.6666666666666666,0.6665613440318132,0.33333333333333337,12.515832031638773,41.15831195803714,0.06538471302405689,0.5968576246580489,0.006922074977817622,0.5996977839775981,0.6531837440244951,0.12801223945837506,0.12850573225357123,0.1283133835042257,0.12826750163250905,0.52517150456612,0.5246780117709239,0.5248703605202694,0.524916242391986
1279,1272,1281,9,0.7777777777777778,0.7776942340169635,0.2222222222222222,12.515832031638773,41.15831195803714,0.06538471302405689,0.607120356076167,0.005707486118097558,0.6032003291611567,0.6762752294605828,0.08533179938370491,0.0857552755204131,0.08558650295291534,0.08554469090276019,0.5909434300768779,0.5905199539401698,0.5906887265076675,0.5907305385578226
1282,1281,1291,10,0.1,0.09995361584899914,0.1,11.613425143761589,34.337126448397846,0.1847616911370353,0.5561814214600931,0.004516832763571254,0.6407841919667263,0.6167423066217192,0.06320494832723601,0.06312295571141191,0.06323773982237295,0.06319202699141864,0.5535373582944833,0.5536193509103073,0.5535045667993463,0.5535502796303006
1283,1281,1291,10,0.2,0.19991569081368235,0.2,11.613425143761589,34.337126448397846,0.1847616911370353,1.260248476299023,0.005716710768633417,1.3526406988429582,1.3335212300501922,0.08936147388894536,0.08861285594698771,0.08906778602732299,0.08900786830944697,1.2441597561612467,1.2449083741032045,1.2444534440228692,1.2445133617407451
1284,1281,1291,10,0.3,0.2998904544518916,0.3,11.613425143761589,34.337126448397846,0.1847616911370353,1.8572555113560119,0.007463048508166595,1.9430679042231311,1.9238368435678344,0.07436581154780356,0.07254382328778762,0.07347022105605747,0.07351953536271888,1.8494710320200307,1.8512930202800468,1.850366622511777,1.8503173082051154
1286,1281,1291,10,0.5,0.4998688837068973,0.5,11.613425143761589,34.337126448397846,0.1847616911370353,2.182645519592548,0.009925435098565796,2.1948288349046345,2.1751805324103044,0.045228292408310854,0.0480560160369194,0.04721434520352249,0.045760995638842096,2.1299522400019937,2.127124516373385,2.127966187206782,2.1294195367714623
1287,1281,1291,10,0.6,0.5998725493236937,0.4,11.613425143761589,34.337126448397846,0.1847616911370353,1.987839569904913,0.009036743669705234,2.010249225875203,1.9907713836238137,0.019839836751652375,0.029420551838218716,0.026996941477505,0.02267316876972513,1.9709315468721613,1.961350831785595,1.9637744421463086,1.9680982148540886
1288,1281,1291,10,0.7,0.6998903134666302,0.30000000000000004,11.613425143761589,34.337126448397846,0.1847616911370353,1.751358244724893,0.008163164766344697,1.7548592193885588,1.7355304232468654,0.030737177681519602,0.03507478686255078,0.033649981047677524,0.03193624400429538,1.7047932455653458,1.7004556363843146,1.7018804421991878,1.70359417924257
1289,1281,1291,10,0.8,0.7999151268726368,0.19999999999999996,11.613425143761589,34.337126448397846,0.1847616911370353,1.303049121182342,0.005930512578115631,1.277672048758069,1.256867129658521,0.05112718441142957,0.052031400358031415,0.051482851165957445,0.051463600092825315,1.2057399452470914,1.2048357293004897,1.2053842784925635,1.2054035295656957
1292,1291,1306,15,0.06666666666666667,0.06732312052889419,0.06666666666666667,13.007222827726608,25.8756747348225,0.1427679326645171,0.3864074845578769,0.0073763022038439655,0.4057901264401923,0.40023265593476176,0.06083914094250274,0.05946111059776348,0.06014750863820363,0.06018831246040783,0.339393514992259,0.34077154533699827,0.34008514729655814,0.3400443434743539
1293,1291,1306,15,0.13333333333333333,0.1346509839930677,0.13333333333333333,13.007222827726608,25.8756747348225,0.1427679326645171,0.8278297792410798,0.01001074079692679,0.8732677229594589,0.8679819966625267,0.08512852387793679,0.08222043199571671,0.0836209854154219,0.08378427611558223,0.7828534727845899,0.78576156466681,0.7843610112471049,0.7841977205469445
1294,1291,1306,15,0.2,0.20198785903427197,0.2,13.007222827726608,25.8756747348225,0.1427679326645171,1.1969503120825222,0.0126637969834929,1.2326272547260797,1.2230670903167893,0.07109119442368428,0.06581323429355855,0.06825036538991147,0.06867231868066379,1.151975895893105,1.1572538560232308,1.154816724926878,1.1543947716361256
1296,1291,1306,15,0.3333333333333333,0.33644959990969453,0.3333333333333333,13.007222827726608,25.8756747348225,0.1427679326645171,1.567399970294837,0.016173650877428822,1.6065713672750408,1.5887818579717374,0.045023231967092056,0.038963791059914314,0.04175380953469358,0.04222428354091468,1.5437586260046454,1.5498180669118231,1.5470280484370438,1.5465575744308226
1297,1291,1306,15,0.4,0.4027975729451589,0.4,13.007222827726608,25.8756747348225,0.1427679326645171,1.7646331155732067,0.017732193947780917,1.7977888257699466,1.76991649528386,0.05678654704347267,0.05118865039165603,0.05348652350052459,0.05434636740047587,1.7131299482403872,1.7187278448922039,1.7164299717833353,1.7155701278833841
1298,1291,1306,15,0.4666666666666667,0.4691498146223746,0.4666666666666667,13.007222827726608,25.8756747348225,0.1427679326645171,1.6180341399942846,0.016963123090805766,1.5916192234898852,1.546924324448555,0.1177295979884538,0.11709298102434336,0.11689421863607187,0.11751223331457124,1.4291947264601013,1.4298313434242118,1.4300301058124831,1.4294120911339838
1299,1291,1306,15,0.5333333333333333,0.5355001591254787,0.4666666666666667,13.007222827726608,25.8756747348225,0.1427679326645171,1.208431280775244,0.015493468338149057,1.2243681033052063,1.16731760139847,0.05461656287813777,0.055617707699509716,0.05464348374400904,0.055056240230149094,1.1127010385203322,1.1116998936989604,1.112674117654461,1.112261361168321
1301,1291,1306,15,0.6666666666666666,0.6682079625346057,0.33333333333333337,13.007222827726608,25.8756747348225,0.1427679326645171,1.0184387622247328,0.015851501775151183,1.063500213420592,1.0194102128393068,0.029690564756267544,0.02645905410433691,0.028675497366689347,0.02751709034012344,0.9897196480830392,0.9929511587349699,0.9907347154726174,0.9918931224991834
1302,1291,1306,15,0.7333333333333333,0.7345644728535727,0.2666666666666667,13.007222827726608,25.8756747348225,0.1427679326645171,0.8591069585836721,0.01571563801544212,0.8741093982870116,0.8391503675733103,0.03885594085805332,0.037377456922869694,0.038357339392431765,0.0376989674217151,0.800294426715257,0.8017729106504407,0.8007930281808785,0.8014514001515952
1303,1291,1306,15,0.8,0.800920508879012,0.19999999999999996,13.007222827726608,25.8756747348225,0.1427679326645171,0.6475983046911102,0.014826904965756027,0.6576500268664741,0.633444640964152,0.03869407289507842,0.03747056610594451,0.03823413044015883,0.03777986123147555,0.5947505680690736,0.5959740748582075,0.5952105105239931,0.5956647797326764
1304,1291,1306,15,0.8666666666666667,0.8672798649591468,0.1333333333333333,13.007222827726608,25.8756747348225,0.1427679326645171,0.4964419665120533,0.012339087703696983,0.4936716311468832,0.479149928818345,0.014873635943203118,0.011844813248149354,0.013216236713407863,0.01321071187699199,0.4642762928751419,0.46730511557019566,0.4659336921049371,0.46593921694135304
1307,1306,1315,9,0.1111111111111111,0.11110122951730884,0.1111111111111111,6.349352141362992,21.1466123033736,0.21589867049173322,0.4761387049049956,0.007317845338438383,0.4600396479463606,0.48689762873535963,0.02464578547375982,0.023408221552218927,0.023994000497288857,0.024072560118150354,0.4622518432615998,0.4634894071831407,0.4629036282380708,0.4628250686172093
1308,1306,1315,9,0.2222222222222222,0.22220722337448665,0.2222222222222222,6.349352141362992,21.1466123033736,0.21589867049173322,0.7704334599061948,0.009591334905812848,0.7366534932908517,0.7715612807673592,0.0490914950383399,0.04464652847979497,0.0467629207242471,0.047025754411947555,0.7224697857290193,0.7269147522875642,0.724798360043112,0.7245355263554116
1309,1306,1315,9,0.3333333333333333,0.33331321723166446,0.3333333333333333,6.349352141362992,21.1466123033736,0.21589867049173322,1.03130439913574,0.011375144206891447,1.0403979483909285,1.077513401710682,0.052781477718715726,0.05101500771780902,0.05184371946695014,0.05198822052263937,1.0247319239919663,1.026498393992873,1.025669682243732,1.0255251811880426
1311,1306,1315,9,0.5555555555555556,0.5555331455124682,0.4444444444444444,6.349352141362992,21.1466123033736,0.21589867049173322,1.5626446057576757,0.012439698568382078,1.5552375457311127,1.5977266921424202,0.012423106358582662,0.007526052421905891,0.009174327846461355,0.010743524055329143,1.5853035857838376,1.5902006397205144,1.588552364295959,1.5869831680870912
1312,1306,1315,9,0.6666666666666666,0.6666478739927392,0.33333333333333337,6.349352141362992,21.1466123033736,0.21589867049173322,1.5681627708919341,0.012132913257636305,1.5706847465821148,1.615816312084671,0.03899455115490765,0.043631109253617066,0.041451678002562685,0.04120883948988575,1.5768217609297632,1.572185202831054,1.5743646340821082,1.5746074725947852
1313,1306,1315,9,0.7777777777777778,0.7777618084163652,0.2222222222222222,6.349352141362992,21.1466123033736,0.21589867049173322,1.5046868456848865,0.010342658178878653,1.4732997538683041,1.5188613324355837,0.0,0.0,0.0,0.0,1.5188613324355837,1.5188613324355837,1.5188613324355837,1.5188613324355837
1314,1306,1315,9,0.8888888888888888,0.888881301236505,0.11111111111111116,6.349352141362992,21.1466123033736,0.21589867049173322,0.8858617408809072,0.007979830704608155,0.7770602318525683,0.8268764774228483,0.06832751291624331,0.06679758933547612,0.06749858479169099,0.06757503703653783,0.758548964506605,0.7600788880873722,0.7593778926311573,0.7593014403863105
1316,1315,1323,8,0.125,0.12499352453086343,0.125,4.751547466639647,17.800336318464947,0.03706074220545499,0.5244348637841451,0.009128637859789708,0.5325289865332107,0.4768969942375966,0.07615399791347599,0.0761670056616684,0.07616102870591711,0.07616863874237315,0.40074299632412064,0.40072998857592823,0.4007359655316795,0.40072835549522345
1317,1315,1323,8,0.25,0.24998526272541333,0.25,4.751547466639647,17.800336318464947,0.03706074220545499,0.9316009219102241,0.011636792001053728,0.9629776112326872,0.9192353930839533,0.11750589880030841,0.11748784670774366,0.11748591627950652,0.11752156872694673,0.8017294942836449,0.8017475463762096,0.8017494768044467,0.8017138243570066
1318,1315,1323,8,0.375,0.37498414626521737,0.375,4.751547466639647,17.800336318464947,0.03706074220545499,0.8680624442749665,0.013191131988194764,0.7799632292539699,0.7507484165197152,0.15805428170228553,0.15869724779339434,0.15838999027008602,0.1583707230472469,0.5926941348174297,0.5920511687263209,0.5923584262496292,0.5923776934724684
1319,1315,1323,8,0.5,0.49998124346870787,0.5,4.751547466639647,17.800336318464947,0.03706074220545499,0.3901845059186058,0.01279885110678973,0.3703938195211899,0.40606590156284367,0.1425084243510208,0.14328789421096477,0.14295147087418592,0.14285315866215503,0.2635574772118229,0.2627780073518789,0.26311443068865775,0.26321274290068863
1321,1315,1323,8,0.75,0.7499861558935701,0.25,4.751547466639647,17.800336318464947,0.03706074220545499,0.588917334590625,0.010015489564963112,0.5309981613182462,0.5870770328986075,0.08102404839062224,0.08125424290932118,0.08122637018439695,0.08106052273698866,0.5060529845079852,0.5058227899892863,0.5058506627142105,0.5060165101616187
1322,1315,1323,8,0.875,0.8749939711149418,0.125,4.751547466639647,17.800336318464947,0.03706074220545499,0.2856964396120704,0.007368029696446477,0.19542101032420914,0.2677326464752253,0.08722471894728742,0.08707449896444865,0.0871627169681701,0.08714089471151595,0.1805079275279379,0.1806581475107767,0.18056992950705522,0.18059175176370937
1324,1323,1332,9,0.1111111111111111,0.11074407236825969,0.1111111111111111,7.57661268577437,25.143916730605927,0.12463593666778813,0.4666059162112409,0.0072453683117270065,0.45561058610273814,0.49106001899450313,0.05453053128724119,0.05361471268692432,0.054052384496475134,0.05411649212031671,0.43652948770726197,0.43744530630757883,0.437007634498028,0.4369435268741864
1326,1323,1332,9,0.3333333333333333,0.33218790871522286,0.3333333333333333,7.57661268577437,25.143916730605927,0.12463593666778813,1.1180109814810115,0.004377724620697843,1.0711909613750652,1.1248954606774915,0.10554094539935238,0.1066899900855618,0.10613242211232547,0.10619960587777794,1.0193545152781391,1.0182054705919297,1.018763038565166,1.0186958547997136
1327,1323,1332,9,0.4444444444444444,0.4427412967641425,0.4444444444444444,7.57661268577437,25.143916730605927,0.12463593666778813,1.2324088355071416,0.003456650899595679,1.198579736623978,1.270907999394388,0.12426658817423261,0.126273706741878,0.12533238838470903,0.12530811933354402,1.1466414112201553,1.14463429265251,1.1455756110096789,1.145599880060844
1328,1323,1332,9,0.5555555555555556,0.5521719418705577,0.4444444444444444,7.57661268577437,25.143916730605927,0.12463593666778813,1.3471767805630153,0.003303707288233448,1.303086811055663,1.372673264407132,0.06473640014012365,0.0665566700265126,0.0657203458532978,0.06567535833147346,1.3079368642670084,1.3061165943806194,1.3069529185538342,1.3069979060756585
1329,1323,1332,9,0.6666666666666666,0.6641115495355927,0.33333333333333337,7.57661268577437,25.143916730605927,0.12463593666778813,1.21284387341868,0.0045258618144965665,1.1370833241720406,1.199607840125853,0.04046115505709427,0.040289750240548906,0.04028310264251915,0.04043134244563705,1.1591466850687586,1.1593180898853042,1.1593247374833338,1.159176497680216
1331,1323,1332,9,0.8888888888888888,0.8880263698215559,0.11111111111111116,7.57661268577437,25.143916730605927,0.12463593666778813,0.4677570398822667,0.005811628975574335,0.36168159357856877,0.4520039678736723,0.08192757089677344,0.08325009892546067,0.08268666056922287,0.08250106885624911,0.37007639697689887,0.3687538689482116,0.36931730730444945,0.36950289901742317
1333,1332,1339,7,0.14285714285714285,0.14281548215487605,0.14285714285714285,8.120701824048226,34.370057026710185,0.1882950834674916,0.7965574702205154,0.01351382043324289,0.6914116070323357,0.6445940052025219,0.17729262251186778,0.1765327385587164,0.1768213982834909,0.1768849263527786,0.4673013826906541,0.46806126664380543,0.467772606919031,0.4677090788497432
1334,1332,1339,7,0.2857142857142857,0.2856481187165678,0.2857142857142857,8.120701824048226,34.370057026710185,0.1882950834674916,0.592892692961357,0.011902031075711455,0.5840546909019055,0.5725052706434864,0.15134022967594238,0.15007996516031596,0.15050507917399872,0.15067882326561247,0.42116504096754404,0.4224253054831705,0.42200019146948775,0.421826447377874
1336,1332,1339,7,0.5714285714285714,0.5713487097363368,0.4285714285714286,8.120701824048226,34.370057026710185,0.1882950834674916,0.6718148318557765,0.014887660030783028,0.6372238422252225,0.6661899622908847,0.042608625924885075,0.047101221710081485,0.045124971111815765,0.044275036304438964,0.6235813363659996,0.6190887405808032,0.6210649911790689,0.6219149259864457
1337,1332,1339,7,0.7142857142857143,0.7142176732771678,0.2857142857142857,8.120701824048226,34.370057026710185,0.1882950834674916,0.5997217071920489,0.014928365555931427,0.532270210139871,0.5341234655358307,0.06516396222511188,0.06372548110580886,0.06410583694371363,0.06455212592352198,0.4689595033107188,0.4703979844300218,0.47001762859211704,0.4695713396123087
1338,1332,1339,7,0.8571428571428571,0.8571048003075684,0.1428571428571429,8.120701824048226,34.370057026710185,0.1882950834674916,0.39806978800996046,0.01389044394828082,0.3899942718199909,0.35967614965180056,0.0,0.0,0.0,0.0,0.35967614965180056,0.35967614965180056,0.35967614965180056,0.35967614965180056
1341,1339,1346,7,0.2857142857142857,0.28564643336503137,0.2857142857142857,6.727345289905303,28.454151881190796,0.11558830159224288,0.6322602845213112,0.013205621840046542,0.6091760088120428,0.5962854570542389,0.024220288754951146,0.02175356594466975,0.02292800010042223,0.022991535992728244,0.5720651682992877,0.5745318911095691,0.5733574569538167,0.5732939210615106
1342,1339,1346,7,0.42857142857142855,0.42849233952739324,0.42857142857142855,6.727345289905303,28.454151881190796,0.11558830159224288,1.120707850719513,0.012163254094048965,1.0794067086335,1.0856041849235296,0.047942708876281756,0.044984208793111574,0.04622081143214774,0.046690942639165005,1.0376614760472478,1.040619976130418,1.0393833734913818,1.0389132422843645
1343,1339,1346,7,0.5714285714285714,0.5713473214816936,0.4285714285714286,6.727345289905303,28.454151881190796,0.11558830159224288,1.2809369298242785,0.011693877636634877,1.1529858780555098,1.1603958991256456,0.12459273398996885,0.12271404238834475,0.12348742939794541,0.12375377168041704,1.0358031651356767,1.0376818567373007,1.0369084697277002,1.0366421274452284
1344,1339,1346,7,0.7142857142857143,0.7142194465985444,0.2857142857142857,6.727345289905303,28.454151881190796,0.11558830159224288,0.7689837840884239,0.012198603876583796,0.6075308612140141,0.6419199739482366,0.14442456210916269,0.14285961846543982,0.14345887060128495,0.14377546426587842,0.497495411839074,0.4990603554827968,0.4984611033469517,0.49814450968235824
1347,1346,1353,7,0.14285714285714285,0.14281496053073142,0.14285714285714285,5.101110206197579,21.561827067156038,0.13069814244707612,0.312750177815247,0.01234970640526116,0.4252485587795326,0.3031487021425157,0.03436811866693751,0.03457843182511749,0.034477107438691326,0.03445443877958826,0.2687805834755782,0.2685702703173982,0.2686715947038244,0.26869426336292745
1348,1346,1353,7,0.2857142857142857,0.2856480609014896,0.2857142857142857,5.101110206197579,21.561827067156038,0.13069814244707612,0.4245897237152381,0.013016797423252189,0.5239023334187701,0.37118909603613276,0.05963797005756566,0.059082599416070296,0.059412435571787985,0.05927837759085518,0.3115511259785671,0.31210649662006246,0.31177666046434477,0.31191071844527757
1349,1346,1353,7,0.42857142857142855,0.42849023119226115,0.42857142857142855,5.101110206197579,21.561827067156038,0.13069814244707612,0.426898544137428,0.013660664009313206,0.4922342447448118,0.3787658070705323,0.06416358328312592,0.06313669795966287,0.06362727236775567,0.06366157960024614,0.3146022237874064,0.31562910911086944,0.31513853470277664,0.31510422747028616
1351,1346,1353,7,0.7142857142857143,0.7142179058360905,0.2857142857142857,5.101110206197579,21.561827067156038,0.13069814244707612,0.35592830269354664,0.012165665601703566,0.4025507454404415,0.2825405620313408,0.10601442786789278,0.1054524028846353,0.10587736846868417,0.10557347338662589,0.17652613416344803,0.1770881591467055,0.17666319356265664,0.17696708864471494
1352,1346,1353,7,0.8571428571428571,0.8571044179580385,0.1428571428571429,5.101110206197579,21.561827067156038,0.13069814244707612,0.1657152299348579,0.011215282838478818,0.3185107522222974,0.13843077437479737,0.02512542860421348,0.02442418260316516,0.02488997865366782,0.024662271696093713,0.11330534577058389,0.1140065917716322,0.11354079572112954,0.11376850267870366
1354,1353,1362,9,0.1111111111111111,0.11159296777803221,0.1111111111111111,6.520466837070216,21.52130318221418,0.17030050831221913,0.2684678586879446,0.008076202093793195,0.1581666024759669,0.28802168393378785,0.014094567572425937,0.011672966038511989,0.012937309082351032,0.01303025230037093,0.2739271163613619,0.2763487178952759,0.27508437485143683,0.27499143163341694
1356,1353,1362,9,0.3333333333333333,0.3348080193330233,0.3333333333333333,6.520466837070216,21.52130318221418,0.17030050831221913,0.7039361851593237,0.007908476860212338,0.657634600918147,0.7451000313930067,0.022345909236062583,0.014249188151824056,0.018516535371775885,0.0189905569096222,0.7227541221569441,0.7308508432411827,0.7265834960212308,0.7261094744833846
1357,1353,1362,9,0.4444444444444444,0.44643010310998216,0.4444444444444444,6.520466837070216,21.52130318221418,0.17030050831221913,0.8648252918409204,0.008815277888188412,0.8116008943768013,0.8991268819728058,0.04080656528541264,0.04125875176803423,0.041033622118861614,0.040999625012607434,0.8583203166873932,0.8578681302047715,0.8580932598539441,0.8581272569601983
1358,1353,1362,9,0.5555555555555556,0.5580655645080694,0.4444444444444444,6.520466837070216,21.52130318221418,0.17030050831221913,0.9496262105292732,0.009400101122799561,0.9106500770262559,0.9831241846630967,0.0,0.0,0.0,0.0,0.9831241846630967,0.9831241846630967,0.9831241846630967,0.9831241846630967
1359,1353,1362,9,0.6666666666666666,0.6693980621335417,0.33333333333333337,6.520466837070216,21.52130318221418,0.17030050831221913,0.8973586188376429,0.008591374283257165,0.8440671915084215,0.9137959382046169,0.0,0.005006412767630742,0.0,0.0,0.9137959382046169,0.9087895254369862,0.9137959382046169,0.9137959382046169
1361,1353,1362,9,0.8888888888888888,0.8886415340511608,0.11111111111111116,6.520466837070216,21.52130318221418,0.17030050831221913,0.4350058926590281,0.007589915074260953,0.36011802565722556,0.442776823800855,0.026544116377263838,0.023817181002960167,0.024884963701028596,0.025529548946721357,0.41623270742359114,0.4189596427978948,0.4178918600998264,0.4172472748541336
1363,1362,1371,9,0.1111111111111111,0.11106777220127217,0.1111111111111111,9.028847453786511,29.720514513717742,0.23344180688601718,0.37752361462926926,0.009687861554615528,0.4525110992063331,0.3529581190445176,0.009007148828105053,0.0111467989028812,0.009875592138959095,0.009823767789938178,0.3439509702164126,0.3418113201416364,0.3430825269055585,0.3431343512545795
1364,1362,1371,9,0.2222222222222222,0.22214967096872928,0.2222222222222222,9.028847453786511,29.720514513717742,0.23344180688601718,0.5230045836993324,0.007643298345628209,0.5748971093979488,0.44862451546017007,0.08001194529825305,0.08103263149532133,0.08038848521867129,0.08037844625487052,0.368612570161917,0.36759188396484876,0.36823603024149876,0.36824606920529956
1366,1362,1371,9,0.4444444444444444,0.44434015201754834,0.4444444444444444,9.028847453786511,29.720514513717742,0.23344180688601718,0.5714782873225271,0.004959280428537638,0.7486514262311836,0.5814793026470486,0.0638804227168975,0.06755339789582333,0.0655573012133258,0.06550680470406511,0.5175988799301511,0.5139259047512252,0.5159220014337228,0.5159724979429835
1367,1362,1371,9,0.5555555555555556,0.5554495191081428,0.4444444444444444,9.028847453786511,29.720514513717742,0.23344180688601718,0.5184757981077994,0.0056914064430293515,0.684091971785815,0.5038358640440228,0.03519867207609432,0.03359477044890917,0.03421781124748145,0.033930079167239266,0.46863719196792847,0.4702410935951136,0.46961805279654134,0.4699057848767835
1368,1362,1371,9,0.6666666666666666,0.6665737975741547,0.33333333333333337,9.028847453786511,29.720514513717742,0.23344180688601718,0.4491651293674082,0.006936612183101509,0.6600916319981699,0.4692348649999206,0.03697347707808404,0.036383767445976545,0.03655787204845208,0.03649080878562493,0.4322613879218366,0.4328510975539441,0.43267699295146855,0.4327440562142957
1369,1362,1371,9,0.7777777777777778,0.7777043545140265,0.2222222222222222,9.028847453786511,29.720514513717742,0.23344180688601718,0.4552631826747709,0.008341980194078643,0.6812733102577603,0.48664169982462663,0.05523833264598403,0.05729153092212817,0.055991302971160846,0.05642514402914595,0.4314033671786426,0.42935016890249844,0.4306503968534658,0.4302165557954807
1372,1371,1378,7,0.14285714285714285,0.1428188284877419,0.14285714285714285,5.998213927600753,25.36646451070186,0.10148841071785579,0.1580470962466297,0.011977623370685538,0.2803581724041297,0.15581711309085358,0.03759844396957485,0.03778261195309868,0.03767501329970442,0.037723416772572946,0.11821866912127874,0.1180345011377549,0.11814209979114916,0.11809369631828064
1373,1371,1378,7,0.2857142857142857,0.2856457231585156,0.2857142857142857,5.998213927600753,25.36646451070186,0.10148841071785579,0.29869196122398445,0.012612137149291703,0.31909605934302954,0.3460207055971006,0.0740847991556389,0.07419600187456643,0.07409204373331138,0.07420886766966689,0.2719359064414617,0.27182470372253414,0.27192866186378917,0.2718118379274337
1374,1371,1378,7,0.42857142857142855,0.4284917750139898,0.42857142857142855,5.998213927600753,25.36646451070186,0.10148841071785579,0.48362780142012085,0.012901871977489451,0.41399666315401884,0.5257097434398382,0.06477237919675947,0.06454782819602435,0.06454977955016715,0.06479180281061535,0.46093736424307874,0.4611619152438139,0.46115996388967107,0.46091794062922287
1376,1371,1378,7,0.7142857142857143,0.7142191682757021,0.2857142857142857,5.998213927600753,25.36646451070186,0.10148841071785579,0.5663782805354466,0.012492643997754993,0.41703914848578866,0.575907395325907,0.08516981121118226,0.08495391480182635,0.08497773085334043,0.08515638695609219,0.4907375841147247,0.4909534805240806,0.49092966447256653,0.4907510083698148
1377,1371,1378,7,0.8571428571428571,0.8571005096819403,0.1428571428571429,5.998213927600753,25.36646451070186,0.10148841071785579,0.3634790617929796,0.011167925237902844,0.21212807565458955,0.3811383890693156,0.09475232995251,0.09452805105239699,0.09457265991408798,0.09471183819819995,0.2863860591168056,0.2866103380169186,0.2865657291552276,0.2864265508711156
1379,1378,1388,10,0.1,0.09995535912630829,0.1,9.838224096703689,29.100844425991475,0.07978911190333865,0.5044738091463148,0.01191247713161819,0.42705705248007086,0.4930251891430782,0.02955148431129534,0.029123506451909423,0.029304824124246617,0.029321070206721655,0.46347370483178285,0.46390168269116877,0.46372036501883157,0.46370411893635655
1381,1378,1388,10,0.3,0.29989851782426163,0.3,9.838224096703689,29.100844425991475,0.07978911190333865,0.9771428753296958,0.015726766833404696,0.7701058069796844,0.9019943336981038,0.09005277898212778,0.08894819125253321,0.08938181549088559,0.08945414102576026,0.811941554715976,0.8130461424455706,0.8126125182072181,0.8125401926723436
1382,1378,1388,10,0.4,0.39988561216883417,0.4,9.838224096703689,29.100844425991475,0.07978911190333865,0.9083553584851016,0.01708900924894117,0.6434977534259234,0.8510985052798328,0.11689527926743085,0.11510225969044083,0.11580119659610284,0.11600911553519899,0.734203226012402,0.7359962455893919,0.7352973086837299,0.7350893897446338
1383,1378,1388,10,0.5,0.4998804640112047,0.5,9.838224096703689,29.100844425991475,0.07978911190333865,0.8542525155117324,0.01782756440087425,0.6109753796581952,0.8041779137588205,0.12200563046412481,0.11997880602196316,0.12076459609153746,0.12109551976434228,0.6821722832946957,0.6841991077368573,0.6834133176672831,0.6830823939944782
1384,1378,1388,10,0.6,0.5998865994867357,0.4,9.838224096703689,29.100844425991475,0.07978911190333865,0.7459695496299188,0.017122953255693664,0.5647589602044409,0.7058260765985396,0.0741139809087092,0.0733585351321331,0.0735478586197646,0.07383304490031124,0.6317120956898303,0.6324675414664065,0.6322782179787749,0.6319930316982283
1386,1378,1388,10,0.8,0.7999242586124093,0.19999999999999996,9.838224096703689,29.100844425991475,0.07978911190333865,0.6295618463032059,0.014367249640966287,0.63082252322809,0.6270927304800736,0.04677154012099561,0.0460602885630278,0.046098937353935956,0.046659061910632516,0.580321190359078,0.5810324419170458,0.5809937931261376,0.5804336685694411
1387,1378,1388,10,0.9,0.8999564874896243,0.09999999999999998,9.838224096703689,29.100844425991475,0.07978911190333865,0.36677290142449315,0.011244132051338177,0.39773736783292585,0.33995133100903074,0.040227464029268224,0.04071542686048165,0.04034072654737433,0.040588999909448066,0.2997238669797625,0.2992359041485491,0.29961060446165644,0.29936233109958266
1389,1388,1397,9,0.1111111111111111,0.11228787232409064,0.1111111111111111,10.239799806706896,33.99332564153358,0.15126414364477753,0.41870466613059953,0.010619393701724142,0.26363319897054405,0.34881118746875844,0.0986964351196935,0.09859901972427407,0.09857569236918151,0.09860099849496155,0.25011475234906494,0.2502121677444844,0.25023549509957693,0.2502101889737969
1391,1388,1397,9,0.3333333333333333,0.3385209850179944,0.3333333333333333,10.239799806706896,33.99332564153358,0.15126414364477753,0.5996720930427791,0.01656984664920383,0.49956574259868725,0.6643323633431282,0.06903319788922133,0.06790977014561632,0.06838297281498669,0.06853097185472404,0.5952991654539068,0.5964225931975119,0.5959493905281414,0.5958013914884042
1392,1388,1397,9,0.4444444444444444,0.4487787002087144,0.4444444444444444,10.239799806706896,33.99332564153358,0.15126414364477753,0.780835914148146,0.0179618557351409,0.6652065627832855,0.8046670089825103,0.05708484517238986,0.0550976250485841,0.05589539317925541,0.05606188372335246,0.7475821638101204,0.7495693839339262,0.7487716158032549,0.7486051252591579
1393,1388,1397,9,0.5555555555555556,0.5590292920410717,0.4444444444444444,10.239799806706896,33.99332564153358,0.15126414364477753,0.5870756264416178,0.017689621713621366,0.49076366359347445,0.5920877379522764,0.03612153087119147,0.03461435255969993,0.035124680968768265,0.035199870527243715,0.5559662070810849,0.5574733853925765,0.5569630569835081,0.5568878674250327
1394,1388,1397,9,0.6666666666666666,0.6692790923891665,0.33333333333333337,10.239799806706896,33.99332564153358,0.15126414364477753,0.4666605483946354,0.01605859603769371,0.38564734549555896,0.48820832973404715,0.042481075595232384,0.04402109171817181,0.043336213212756824,0.043120498377277286,0.44572725413881475,0.44418723801587534,0.44487211652129033,0.4450878313567699
1396,1388,1397,9,0.8888888888888888,0.8897644463686306,0.11111111111111116,10.239799806706896,33.99332564153358,0.15126414364477753,0.28168217514589455,0.011359286676327861,0.16144991755934543,0.2584266091804334,0.05968685404952283,0.06052241167594171,0.06002558965160402,0.06011540511739615,0.19873975513091058,0.1979041975044917,0.1984010195288294,0.19831120406303726
1398,1397,1411,14,0.07142857142857142,0.07144582954796698,0.07142857142857142,12.287838630289471,26.4384506963848,0.12758261833815882,0.7991897274531536,0.005221719348970206,0.8788177064736923,0.7718944441141191,0.10394666167928987,0.10298410300784808,0.10342196672978439,0.10344300140029457,0.6679477824348292,0.668910341106271,0.6684724773843347,0.6684514427138245
1399,1397,1411,14,0.14285714285714285,0.14288652929399048,0.14285714285714285,12.287838630289471,26.4384506963848,0.12758261833815882,1.4996933227967115,0.0033647834715631905,1.5770581598147724,1.5096485851401624,0.10196263633298427,0.10025843892846467,0.10101257313733783,0.10115520952647775,1.4076859488071782,1.4093901462116978,1.4086360120028245,1.4084933756136846
1401,1397,1411,14,0.2857142857142857,0.2857638249444827,0.2857142857142857,12.287838630289471,26.4384506963848,0.12758261833815882,2.853307558868925,0.003889810095508351,2.8958858214347307,2.8607364738792502,0.0783497410425843,0.07436972289175452,0.07603020582765277,0.07661684662861433,2.782386732836666,2.786366750987496,2.7847062680515973,2.784119627250636
1402,1397,1411,14,0.35714285714285715,0.3571999078687571,0.35714285714285715,12.287838630289471,26.4384506963848,0.12758261833815882,3.2494257113283243,0.006529687630658556,3.281411137495106,3.242212122331622,0.07154204796456083,0.06907745693870941,0.06980719198950133,0.07068030316547833,3.1706700743670613,3.1731346653929124,3.172404930342121,3.1715318191661437
1403,1397,1411,14,0.42857142857142855,0.42863034801089367,0.42857142857142855,12.287838630289471,26.4384506963848,0.12758261833815882,3.387100765825181,0.009248552605658355,3.3582028753402544,3.3204918504071874,0.10237630181358105,0.0989763017968313,0.10029637098089274,0.1006975894145067,3.218115548593606,3.221515548610356,3.2201954794262946,3.2197942609926806
1404,1397,1411,14,0.5,0.5000618141134189,0.5,12.287838630289471,26.4384506963848,0.12758261833815882,3.175033818742358,0.010046454954526529,3.125011332372985,3.1036033529876064,0.11324276865216262,0.11025530835581923,0.11144353201847866,0.11167770862683728,2.990360584335444,2.9933480446317873,2.992159820969128,2.991925644360769
1406,1397,1411,14,0.6428571428571429,0.6429139737343881,0.3571428571428571,12.287838630289471,26.4384506963848,0.12758261833815882,2.3744308240594902,0.012091160926844572,2.3537870853167098,2.300541420579186,0.07338485329548389,0.07450521333188247,0.07354973412546789,0.073968579246956,2.227156567283702,2.2260362072473034,2.2269916864537183,2.22657284133223
1407,1397,1411,14,0.7142857142857143,0.7143351802330263,0.2857142857142857,12.287838630289471,26.4384506963848,0.12758261833815882,1.787648998327353,0.011534961605409812,1.7566720665721647,1.7107017126001678,0.11936225492917107,0.11712854740745961,0.11810408070649762,0.11812675438710893,1.5913394576709967,1.593573165192708,1.59259763189367,1.5925749582130588
1408,1397,1411,14,0.7857142857142857,0.785755360771276,0.2142857142857143,12.287838630289471,26.4384506963848,0.12758261833815882,1.2890861099938555,0.009570441523689275,1.277314719438172,1.2743040664858727,0.06513909311780793,0.0635605870427835,0.06444192235937547,0.06406249079074708,1.2091649733680647,1.2107434794430891,1.2098621441264972,1.2102415756951257
1409,1397,1411,14,0.8571428571428571,0.8571724634283595,0.1428571428571429,12.287838630289471,26.4384506963848,0.12758261833815882,0.9104673041744236,0.009162354570392701,0.859857489693997,0.8790725860886365,0.04703303752350296,0.05037199941283672,0.04910785238503793,0.048369114283155545,0.8320395485651335,0.8287005866757997,0.8299647337035986,0.8307034718054809
1412,1411,1422,11,0.09090909090909091,0.09092346027360576,0.09090909090909091,7.19469031613551,19.710012097521243,0.15140660470332934,0.4018467656740759,0.008912179774989877,0.4661705428136287,0.39081570047695796,0.0,0.0,0.0,0.0,0.39081570047695796,0.39081570047695796,0.39081570047695796,0.39081570047695796
1413,1411,1422,11,0.18181818181818182,0.18184234847668407,0.18181818181818182,7.19469031613551,19.710012097521243,0.15140660470332934,0.552858087100055,0.00839678562545585,0.7623409243954635,0.5812494749908593,0.06254376459701093,0.06218716331498077,0.06238183599522664,0.0623306905717053,0.5187057103938484,0.5190623116758786,0.5188676389956327,0.5189187844191541
1414,1411,1422,11,0.2727272727272727,0.2727599303738974,0.2727272727272727,7.19469031613551,19.710012097521243,0.15140660470332934,0.9274593234422457,0.007686145603649575,1.1633621705250226,0.9980577579546197,0.07184589476729399,0.07168743103704324,0.07178369351079954,0.0718080889937397,0.9262118631873257,0.9263703269175765,0.9262740644438202,0.92624966896088
1416,1411,1422,11,0.45454545454545453,0.45458333741553913,0.45454545454545453,7.19469031613551,19.710012097521243,0.15140660470332934,1.913722954076093,0.00614147750170935,2.1308039779968215,1.988251073696972,0.08690652800252173,0.0863474876892335,0.08673728756514516,0.08656405582066629,1.9013445456944504,1.9019035860077387,1.901513786131827,1.9016870178763057
1417,1411,1422,11,0.5454545454545454,0.5454891625599676,0.4545454545454546,7.19469031613551,19.710012097521243,0.15140660470332934,2.1133840297475666,0.00600231465482757,2.32674239829186,2.1583017664289623,0.06414338937206239,0.06362786245326092,0.06422154015038847,0.06356054866996078,2.0941583770569,2.094673903975701,2.094080226278574,2.0947412177590015
1418,1411,1422,11,0.6363636363636364,0.6363943345514635,0.36363636363636365,7.19469031613551,19.710012097521243,0.15140660470332934,2.1368616857555414,0.006095077688672303,2.3426894227559183,2.1467989708027533,0.05916672798310588,0.058301282573254995,0.059260704250947385,0.058182429313788246,2.087632242819647,2.088497688229498,2.087538266551806,2.0886165414889653
1419,1411,1422,11,0.7272727272727273,0.7272929750136345,0.2727272727272727,7.19469031613551,19.710012097521243,0.15140660470332934,1.86939493850314,0.007165602402283421,2.068626589962516,1.8612360670268844,0.07085601377740926,0.0696574099236871,0.07073691497831984,0.06975484796140045,1.7903800532494751,1.7915786571031973,1.7904991520485645,1.7914812190654839
1421,1411,1422,11,0.9090909090909091,0.90900208029209,0.09090909090909094,7.19469031613551,19.710012097521243,0.15140660470332934,0.6196221660801597,0.008832255817805607,0.8940705166738218,0.6182809251565118,0.0,0.0,0.0,0.0,0.6182809251565118,0.6182809251565118,0.6182809251565118,0.6182809251565118
1423,1422,1433,11,0.09090909090909091,0.09092327131374152,0.09090909090909091,2.075446696970547,5.6813938502251355,0.08521959175317805,0.3433530976587409,0.007378185183117906,0.3410501987648767,0.3942162864628008,0.05215986094017575,0.052159186492519605,0.05216516769948441,0.052155772992038094,0.34205642552262505,0.3420570999702812,0.3420511187633164,0.3420605134707627
1424,1422,1433,11,0.18181818181818182,0.18184588997287568,0.18181818181818182,2.075446696970547,5.6813938502251355,0.08521959175317805,0.6918302670512652,0.0072046614093765875,0.6135340499125775,0.7190901685233692,0.0473554910995488,0.047111034997216625,0.04720328642761191,0.047266900591362224,0.6717346774238203,0.6719791335261526,0.6718868820957572,0.671823267932007
1426,1422,1433,11,0.36363636363636365,0.363680032162819,0.36363636363636365,2.075446696970547,5.6813938502251355,0.08521959175317805,0.7686645422167145,0.00821598776615243,0.6585751002706649,0.768761842962605,0.043501162907664315,0.04377224575622524,0.043702847941374356,0.043577896174055025,0.7252606800549406,0.7249895972063797,0.7250589950212306,0.7251839467885499
1427,1422,1433,11,0.45454545454545453,0.4545902503844136,0.45454545454545453,2.075446696970547,5.6813938502251355,0.08521959175317805,0.7551913518963081,0.009509590323877772,0.768024429574471,0.8134115068070988,0.10820427067463219,0.10791403377169533,0.10800645829015017,0.10811861695090129,0.7052072361324666,0.7054974730354036,0.7054050485169486,0.7052928898561975
1428,1422,1433,11,0.5454545454545454,0.5455017739152228,0.4545454545454546,2.075446696970547,5.6813938502251355,0.08521959175317805,1.0709888420629938,0.010239589615100644,1.174944169006183,1.144668229351066,0.08490717597988041,0.084936160898446,0.08495623165598805,0.08489218691376701,1.0597610533711854,1.05973206845262,1.059711997695078,1.0597760424372988
1429,1422,1433,11,0.6363636363636364,0.6364061182453511,0.36363636363636365,2.075446696970547,5.6813938502251355,0.08521959175317805,1.0688863932285535,0.010992135346228036,1.1008437502760255,1.0609020508203717,0.06305735047476729,0.06417200599790629,0.06388943510808998,0.06334261831545471,0.9978447003456044,0.9967300448224654,0.9970126157122817,0.997559432504917
1431,1422,1433,11,0.8181818181818182,0.818209585668749,0.18181818181818177,2.075446696970547,5.6813938502251355,0.08521959175317805,0.563257082996589,0.010412380594183925,0.627330136420373,0.5980311988635546,0.04014331394652861,0.039594217613443575,0.03971549923135765,0.04002364154529042,0.557887884917026,0.558436981250111,0.558315699632197,0.5580075573182641
1432,1422,1433,11,0.9090909090909091,0.9091074034528039,0.09090909090909094,2.075446696970547,5.6813938502251355,0.08521959175317805,0.3641439719954274,0.009779967727235194,0.43695307304895337,0.3645158728720648,0.0,0.0,0.0,0.0,0.3645158728720648,0.3645158728720648,0.3645158728720648,0.3645158728720648
1434,1433,1443,10,0.1,0.10001651800462504,0.1,5.383187226290175,16.215454902958726,0.1139981783966349,0.2610395168534127,0.007545207168114327,0.5041074484494009,0.3461167648987815,0.08902966467495402,0.08855843930690777,0.08879978535872754,0.08880661213076799,0.2570871002238275,0.25755832559187375,0.25731697954005395,0.2573101527680135
1436,1433,1443,10,0.3,0.30003734505393487,0.3,5.383187226290175,16.215454902958726,0.1139981783966349,0.920876745264867,0.0055343596203749484,1.0935632300732385,0.9570149014127675,0.04489955588599752,0.04280960862446988,0.043783470904060005,0.04394110709571142,0.91211534552677,0.9142052927882975,0.9132314305087075,0.913073794317056
1437,1433,1443,10,0.4,0.4000402177503914,0.4,5.383187226290175,16.215454902958726,0.1139981783966349,1.045620190853713,0.005506913909372796,1.2423380336003664,1.110500882319368,0.0535466599044695,0.05072005812059518,0.05200598796404406,0.05232831747751162,1.0569542224148984,1.059780824198773,1.058494894355324,1.0581725648418565
1438,1433,1443,10,0.5,0.5000430904468479,0.5,5.383187226290175,16.215454902958726,0.1139981783966349,1.1283113132474898,0.005544927244322254,1.3086063880692396,1.1590834641687726,0.052851054049340644,0.05024438660847034,0.05125237433401751,0.05186785002210976,1.106232410119432,1.1088390775603023,1.1078310898347552,1.107215614146663
1439,1433,1443,10,0.6,0.6000394995762772,0.4,5.383187226290175,16.215454902958726,0.1139981783966349,0.9492775539598314,0.005955640400542765,1.1247112566636397,0.9551123745906961,0.02743766013178355,0.025279668768223993,0.026121060144365094,0.026553325602360102,0.9276747144589126,0.9298327058224721,0.928991314446331,0.928559048988336
1441,1433,1443,10,0.8,0.8000265724422229,0.19999999999999996,5.383187226290175,16.215454902958726,0.1139981783966349,0.4427547558685184,0.008268729997136279,0.5621532160608366,0.46105856535134604,0.05041590264087384,0.05010489194091027,0.05025237007333884,0.0502806205780658,0.41064266271047223,0.41095367341043576,0.4108061952780072,0.4107779447732802
1442,1433,1443,10,0.9,0.9000157998305109,0.09999999999999998,5.383187226290175,16.215454902958726,0.1139981783966349,0.3327833009402683,0.009850799011205965,0.5313321022486662,0.3605256729178333,0.04013446142085373,0.039606563882233464,0.039773870486646754,0.03997912634049354,0.3203912114969795,0.32091910903559984,0.3207518024311865,0.3205465465773397
1444,1443,1452,9,0.1111111111111111,0.11111102243178919,0.1111111111111111,5.936952213996441,19.87413936902243,0.2127372755479487,0.11079183140092727,0.008566661984778446,0.2909169328824423,0.03295376360900606,0.12596672124251976,0.12590647136549604,0.12592090728848415,0.12592168095824852,-0.0930129576335137,-0.09295270775648998,-0.09296714367947809,-0.09296791734924245
1446,1443,1452,9,0.3333333333333333,0.33331949935911453,0.3333333333333333,5.936952213996441,19.87413936902243,0.2127372755479487,0.2836650829571024,0.010895800767518508,0.5491911096456633,0.26266510579532176,0.048169231904808346,0.04686259735476301,0.047452837927774716,0.04745055337991731,0.21449587389051342,0.21580250844055876,0.21521226786754705,0.21521455241540444
1447,1443,1452,9,0.4444444444444444,0.44441775196854794,0.4444444444444444,5.936952213996441,19.87413936902243,0.2127372755479487,0.2955108891669148,0.010860572278600785,0.5610619495169007,0.29963411350594166,0.053191276991729874,0.05184995144273275,0.05246590799174337,0.052462881742598715,0.24644283651421178,0.2477841620632089,0.2471682055141983,0.24717123176334294
1448,1443,1452,9,0.5555555555555556,0.5555128121223923,0.4444444444444444,5.936952213996441,19.87413936902243,0.2127372755479487,0.30704764556689657,0.010291632116782358,0.5370640585087932,0.3208201622430025,0.04600963445083536,0.04556679465128662,0.04574632756435234,0.045706576717361336,0.2748105277921672,0.2752533675917159,0.2750738346786502,0.2751135855256412
1449,1443,1452,9,0.6666666666666666,0.6666022854789562,0.33333333333333337,5.936952213996441,19.87413936902243,0.2127372755479487,0.3123073941771053,0.010079653050010224,0.514819424230945,0.32991799808184896,0.0,0.0,0.0,0.0,0.32991799808184896,0.32991799808184896,0.32991799808184896,0.32991799808184896
1451,1443,1452,9,0.8888888888888888,0.8887740491670085,0.11111111111111116,5.936952213996441,19.87413936902243,0.2127372755479487,0.2090140448027717,0.009732380597619661,0.3687765951691335,0.1347555542913372,0.07834252615285453,0.07821404044906548,0.0782685769476174,0.0782995052949275,0.056413028138482674,0.056541513842271726,0.05648697734371981,0.0564560489964097
1453,1452,1461,9,0.1111111111111111,0.11023410602180411,0.1111111111111111,10.068045639062694,33.25461872415306,0.2982754447870421,0.6566062466953025,0.01749467725744799,0.4459398672141775,0.6375015084379291,0.17378022974587515,0.17543744535799824,0.17451131845406398,0.1744132511891862,0.46372127869205393,0.46206406307993086,0.4629901899838651,0.46308825724874286
1454,1452,1461,9,0.2222222222222222,0.21943502077407445,0.2222222222222222,10.068045639062694,33.25461872415306,0.2982754447870421,1.2868979090408412,0.014595327188621443,1.1131348283111262,1.3362129513914767,0.09830746094794537,0.10574359123372869,0.10262861137736395,0.10156366216572851,1.2379054904435314,1.2304693601577479,1.2335843400141127,1.2346492892257481
1456,1452,1461,9,0.4444444444444444,0.44239958672349217,0.4444444444444444,10.068045639062694,33.25461872415306,0.2982754447870421,1.6679678034187857,0.019762477136409447,1.4051025948004403,1.6362985666520682,0.08802672640101032,0.0867509712539892,0.08786956101974794,0.08659118442075575,1.5482718402510578,1.549547595398079,1.5484290056323202,1.5497073822313125
1457,1452,1461,9,0.5555555555555556,0.553896832071769,0.4444444444444444,10.068045639062694,33.25461872415306,0.2982754447870421,1.540852422599378,0.020391004888698844,1.2750087535351204,1.512794435033074,0.07210750776283109,0.06865135484997112,0.07057629106959659,0.06969319215250618,1.440686927270243,1.4441430801831028,1.4422181439634774,1.4431012428805678
1458,1452,1461,9,0.6666666666666666,0.665408252300268,0.33333333333333337,10.068045639062694,33.25461872415306,0.2982754447870421,1.3069915362058846,0.019616008504559548,1.0408185998223398,1.285685107832564,0.06574951976697598,0.06563284924826736,0.06619887781209303,0.06463452752543761,1.219935588065588,1.2200522585842966,1.219486230020471,1.2210505803071263
1459,1452,1461,9,0.7777777777777778,0.7769267599688783,0.2222222222222222,10.068045639062694,33.25461872415306,0.2982754447870421,0.9601423320870485,0.01691901015948234,0.6738094493967011,0.9216944691759426,0.09092428621710795,0.08994587918117439,0.09105797332473185,0.08964703715319555,0.8307701829588346,0.8317485899947682,0.8306364958512107,0.832047432022747
1462,1461,1468,7,0.14285714285714285,0.1428165273858457,0.14285714285714285,7.33089330766762,30.999681538333256,0.2745674444336907,0.6081662120226375,0.01706701330327341,0.6013345405231468,0.5824136049777714,0.03317175169664251,0.032557876621647996,0.032761041114582654,0.032716757805850365,0.5492418532811288,0.5498557283561234,0.5496525638631887,0.549696847171921
1463,1461,1468,7,0.2857142857142857,0.2856441448117264,0.2857142857142857,7.33089330766762,30.999681538333256,0.2745674444336907,1.0292569450875981,0.01932593681633742,0.9632153650406883,1.0066934130620961,0.012057630226275503,0.010702525318422789,0.010653435537208825,0.010618841308578182,0.9946357828358207,0.9959908877436734,0.9960399775248873,0.996074571753518
1464,1461,1468,7,0.42857142857142855,0.4284889013903886,0.42857142857142855,7.33089330766762,30.999681538333256,0.2745674444336907,1.1564348742129802,0.020415843544431836,1.0556847383241341,1.1203955548557758,0.0403414494040468,0.042087066985951035,0.040809803208930975,0.041017530513235236,1.080054105451729,1.0783084878698248,1.0795857516468448,1.0793780243425406
1466,1461,1468,7,0.7142857142857143,0.7142167255951066,0.2857142857142857,7.33089330766762,30.999681538333256,0.2745674444336907,1.2441262842624228,0.017557412733872183,1.0811918951239996,1.2380769273713428,0.07149180112897152,0.07452428233873593,0.07344612465851327,0.0723950818043081,1.1665851262423712,1.1635526450326068,1.1646308027128296,1.1656818455670346
1467,1461,1468,7,0.8571428571428571,0.8570987850357049,0.1428571428571429,7.33089330766762,30.999681538333256,0.2745674444336907,0.7802098412216246,0.010989366673268362,0.5761793485087137,0.7426240264524737,0.04641880692568209,0.04994574755482092,0.048363187902371714,0.04790956097326256,0.6962052195267916,0.6926782788976528,0.694260838550102,0.6947144654792111
1469,1468,1476,8,0.125,0.12495592383638927,0.125,7.838196182412613,28.98076304714206,0.16074040826287483,0.4708134498990109,0.006049169682325247,0.6420533404940691,0.4456985132933514,0.029348921429200082,0.028455150035359887,0.028826221631690387,0.028908141229187386,0.4163495918641513,0.41724336325799155,0.416872291661661,0.416790372064164
1471,1468,1476,8,0.375,0.37490655853314525,0.375,7.838196182412613,28.98076304714206,0.16074040826287483,0.7682066315320113,0.007058628811289315,0.9812424190419563,0.781525904560178,0.06637988125930044,0.06804022804422531,0.06736734782149789,0.06705735257854283,0.7151460233008775,0.7134856765159527,0.7141585567386801,0.7144685519816352
1472,1468,1476,8,0.5,0.4999039139633286,0.5,7.838196182412613,28.98076304714206,0.16074040826287483,0.9533701479306189,0.006308476953652879,1.1803848122094345,0.981167244329159,0.0552135749565997,0.05812905132925388,0.05704563013890187,0.05630895926641274,0.9259536693725593,0.9230381929999052,0.9241216141902572,0.9248582850627463
1473,1468,1476,8,0.625,0.6249065585331453,0.375,7.838196182412613,28.98076304714206,0.16074040826287483,0.8995449520167628,0.0058498647302477275,1.1017838016473922,0.9020031305453959,0.00709021381859808,0.014855621937971391,0.01264495929817975,0.010145889753192317,0.8949129167267978,0.8871475086074245,0.8893581712472162,0.8918572407922036
1474,1468,1476,8,0.75,0.7499268335684062,0.25,7.838196182412613,28.98076304714206,0.16074040826287483,0.6278372003079132,0.00515406927700572,0.8883729107649232,0.6906465861119556,0.080643418160899,0.0826831329629753,0.08196352148357315,0.08139260994808559,0.6100031679510566,0.6079634531489804,0.6086830646283825,0.60925397616387
1477,1476,1485,9,0.1111111111111111,0.11109457840288818,0.1111111111111111,8.400832071462261,27.59402908590326,0.08999668600203538,0.3068807685155269,0.003573433959374937,0.12160217121731637,0.27307486733353953,0.08191384933256138,0.08193714650447673,0.08191639692085957,0.0819497817182458,0.19116101800097815,0.1911377208290628,0.19115847041267997,0.19112508561529373
1478,1476,1485,9,0.2222222222222222,0.22220325311489275,0.2222222222222222,8.400832071462261,27.59402908590326,0.08999668600203538,0.4064354323115213,0.0044665754787116185,0.413462966729491,0.4085244136388563,0.05579751627699942,0.05563205381082556,0.05567657768445947,0.055773954647031936,0.35272689736185686,0.3528923598280307,0.3528478359543968,0.35275045899182433
1479,1476,1485,9,0.3333333333333333,0.33331975910973977,0.3333333333333333,8.400832071462261,27.59402908590326,0.08999668600203538,0.5557843872696319,0.006750673798268816,0.6105125873211864,0.5587789110188147,0.03572323117794872,0.03504461441306362,0.03527763983216949,0.035516435124230604,0.523055679840866,0.5237342966057511,0.5235012711866452,0.5232624758945841
1481,1476,1485,9,0.5555555555555556,0.5555872287439405,0.4444444444444444,8.400832071462261,27.59402908590326,0.08999668600203538,0.7220376531374826,0.00801040697216491,0.7698063669315383,0.6966858418040613,0.08050792302629008,0.07978882534321012,0.08003791047531497,0.0802711573059742,0.6161779187777713,0.6168970164608513,0.6166479313287464,0.6164146844980871
1482,1476,1485,9,0.6666666666666666,0.6667381923832943,0.33333333333333337,8.400832071462261,27.59402908590326,0.08999668600203538,0.6689613943554976,0.007322011414167485,0.7890723843127936,0.6550305499748026,0.09606401313314893,0.0953601729871903,0.09560168239035312,0.09582782600380407,0.5589665368416536,0.5596703769876124,0.5594288675844494,0.5592027239709985
1483,1476,1485,9,0.7777777777777778,0.7778977704337747,0.2222222222222222,8.400832071462261,27.59402908590326,0.08999668600203538,0.6465320799008833,0.006215707137551222,0.8490319177011236,0.6711054567932097,0.10468629696108485,0.10432568099039213,0.10443481275202864,0.10457992498746864,0.5664191598321248,0.5667797758028175,0.5666706440411811,0.5665255318057411
1484,1476,1485,9,0.8888888888888888,0.8890706616650873,0.11111111111111116,8.400832071462261,27.59402908590326,0.08999668600203538,0.49075845885626523,0.003607626928180186,0.67040074857001,0.48156019096898395,0.06233096273844994,0.061982720666267845,0.062045247345989464,0.062262713002299956,0.419229228230534,0.4195774703027161,0.41951494362299446,0.419297477966684
1486,1485,1498,13,0.07692307692307693,0.07662180013762203,0.07692307692307693,13.393643951366839,30.703711148856275,0.09947514983368305,0.3839660690812398,0.002075658493666411,0.4692237100552643,0.36688563567815496,0.05569452536633868,0.05706184747130516,0.056393037918629936,0.056371763196265405,0.3111911103118163,0.3098237882068498,0.31049259775952504,0.31051387248188955
1487,1485,1498,13,0.15384615384615385,0.1532408675106537,0.15384615384615385,13.393643951366839,30.703711148856275,0.09947514983368305,0.5888923350428953,0.0012195249735688339,0.6965472152019248,0.5887678099552698,0.03644198179343308,0.03900340303960598,0.037788396472071,0.03771841450907844,0.5523258281618367,0.5497644069156638,0.5509794134831988,0.5510493954461914
1488,1485,1498,13,0.23076923076923078,0.2299080315404758,0.23076923076923078,13.393643951366839,30.703711148856275,0.09947514983368305,0.8349106570172701,0.0010605374884504663,0.9424594436511089,0.8629721814565817,0.07343749677209879,0.07544779968073309,0.07452125409678109,0.07446621589665658,0.789534684684483,0.7875243817758486,0.7884509273598006,0.7885059655599251
1489,1485,1498,13,0.3076923076923077,0.30690422042697807,0.3076923076923077,13.393643951366839,30.703711148856275,0.09947514983368305,1.1196183053446198,0.0020410919532436013,1.232571900936978,1.1338791735402358,0.07675419417085982,0.08120214131441608,0.07913741571441975,0.07889141654001207,1.057124979369376,1.0526770322258197,1.054741757825816,1.0549877570002237
1491,1485,1498,13,0.46153846153846156,0.4609064361525079,0.46153846153846156,13.393643951366839,30.703711148856275,0.09947514983368305,1.7019155413349958,0.006222358060319252,1.8923476317124248,1.74374724298924,0.07558026424321489,0.08112757324389806,0.07867624995066759,0.07804479467814655,1.6681669787460252,1.662619669745342,1.6650709930385723,1.6657024483110934
1492,1485,1498,13,0.5384615384615384,0.5379124629915355,0.46153846153846156,13.393643951366839,30.703711148856275,0.09947514983368305,1.9016939592889563,0.007778286981531396,2.0865233376979315,1.9313322992863817,0.041846784285880546,0.04817904591526646,0.045444566958105594,0.044615813587595025,1.8894855150005012,1.8831532533711153,1.8858877323282761,1.8867164856987868
1493,1485,1498,13,0.6153846153846154,0.6149190363834812,0.3846153846153846,13.393643951366839,30.703711148856275,0.09947514983368305,2.032854625268775,0.008008054948528168,2.2198374221310684,2.057897278663693,0.015152548139965898,0.020581585424165397,0.017486580296788165,0.018242348602342914,2.042744730523727,2.0373156932395275,2.040410698366905,2.0396549300613502
1494,1485,1498,13,0.6923076923076923,0.6919310753046076,0.3076923076923077,13.393643951366839,30.703711148856275,0.09947514983368305,1.8406316531891527,0.00758197006856151,1.971145178252845,1.8018993332617508,0.07630940950964211,0.07147622537490407,0.07313937489666432,0.07453774431161975,1.7255899237521086,1.7304231078868466,1.7287599583650866,1.727361588950131
1496,1485,1498,13,0.8461538461538461,0.8459606186760411,0.15384615384615385,13.393643951366839,30.703711148856275,0.09947514983368305,0.8605772609781015,0.002552723490853049,1.0193775426824958,0.8463667712942666,0.055500544521529985,0.05693420659220684,0.056346221363489615,0.05594140714404912,0.7908662267727367,0.7894325647020598,0.790020549930777,0.7904253641502175
1497,1485,1498,13,0.9230769230769231,0.9229775765734302,0.07692307692307687,13.393643951366839,30.703711148856275,0.09947514983368305,0.46917866957277476,0.001438508331547837,0.6033018355046693,0.43386893730376375,0.046296010485198255,0.04482360996014065,0.04533685415650617,0.04572732925058364,0.3875729268185655,0.38904532734362307,0.38853208314725757,0.3881416080531801
1499,1498,1510,12,0.08333333333333333,0.08331623751734461,0.08333333333333333,6.498318426773063,16.11396808217341,0.3133217262238986,1.202421696092541,0.009914759467695796,1.0064347026918077,1.1787977036282458,0.03836877121654882,0.035552474394065794,0.0368851514287361,0.03700746771584369,1.140428932411697,1.14324522923418,1.1419125521995097,1.1417902359124021
1501,1498,1510,12,0.25,0.24995994553775555,0.25,6.498318426773063,16.11396808217341,0.3133217262238986,2.7081400055264964,0.017592973614570896,2.423011310427548,2.616148112096986,0.1035168103258089,0.09927033477142416,0.1008960127862922,0.10158664429260317,2.5126313017711768,2.5168777773255617,2.5152520993106937,2.514561467804383
1502,1498,1510,12,0.3333333333333333,0.33328682483104705,0.3333333333333333,6.498318426773063,16.11396808217341,0.3133217262238986,2.9102485821681694,0.019827994129175918,2.6130792213970584,2.801058979736545,0.13043686710546126,0.12338432990339063,0.12617077426446807,0.12740132657926873,2.670622112631084,2.6776746498331545,2.674888205472077,2.673657653157276
1503,1498,1510,12,0.4166666666666667,0.4166142953341133,0.4166666666666667,6.498318426773063,16.11396808217341,0.3133217262238986,2.8944896735294448,0.02142570835578717,2.5859260299153783,2.7686282029182014,0.15636475201775527,0.14908027457591796,0.1519032140820782,0.15327372185491617,2.6122634509004463,2.6195479283422833,2.6167249888361233,2.615354481063285
1504,1498,1510,12,0.5,0.4999476779349279,0.5,6.498318426773063,16.11396808217341,0.3133217262238986,2.696093577063441,0.022350915634669424,2.41292774918106,2.578829913028846,0.18729265081299692,0.17812890384073085,0.18162093843537028,0.18361725988483846,2.391537262215849,2.4007010091881154,2.3972089745934757,2.3952126531440077
1506,1498,1510,12,0.6666666666666666,0.6666197640245305,0.33333333333333337,6.498318426773063,16.11396808217341,0.3133217262238986,2.2198374078735887,0.022391716754905082,2.043556347515502,2.1616678576418598,0.13735384064980827,0.12876098935134775,0.13163505185982566,0.1342921077878933,2.0243140169920517,2.032906868290512,2.0300328057820343,2.0273757498539666
1507,1498,1510,12,0.75,0.7499596499328681,0.25,6.498318426773063,16.11396808217341,0.3133217262238986,1.7912123778715536,0.01842572580164582,1.6581485213526428,1.732286454857315,0.17165890634286543,0.16473431431676325,0.16680611303225856,0.16947760891123614,1.5606275485144494,1.5675521405405517,1.5654803418250562,1.5628088459460787
1508,1498,1510,12,0.8333333333333334,0.8333042655194044,0.16666666666666663,6.498318426773063,16.11396808217341,0.3133217262238986,1.0731611306356656,0.013593826265529515,0.992225738331483,1.0276261422355302,0.09403378911977617,0.09135682988034517,0.09237847217788007,0.09285352724603117,0.933592353115754,0.936269312355185,0.9352476700576501,0.934772614989499
1509,1498,1510,12,0.9166666666666666,0.9166494723157155,0.08333333333333337,6.498318426773063,16.11396808217341,0.3133217262238986,0.550824690475415,0.008712848264704361,0.6195224236271311,0.5947121166840473,0.08462571961125502,0.08163042635376716,0.08285095197847368,0.0833917747222767,0.5100863970727924,0.5130816903302802,0.5118611647055736,0.5113203419617707
1511,1510,1540,30,0.03333333333333333,0.033675710058881855,0.03333333333333333,13.120114973054779,13.144512353089416,0.32090811781613127,0.990824532156234,0.019523216655454603,0.9752449352271406,1.000657704476411,0.040519229435325425,0.04140330682839873,0.04094317148285981,0.04104371600619138,0.9601384750410855,0.9592543976480121,0.959714532993551,0.9596139884702195
1512,1510,1540,30,0.06666666666666667,0.06735356987511582,0.06666666666666667,13.120114973054779,13.144512353089416,0.32090811781613127,1.9496678768910978,0.03475849356434223,1.8869475510280305,1.938536062861606,0.0,0.00507718994948383,0.0,0.0,1.938536062861606,1.933458872912122,1.938536062861606,1.938536062861606
1513,1510,1540,30,0.1,0.10103142969134979,0.1,13.120114973054779,13.144512353089416,0.32090811781613127,2.706811647282491,0.046867119652268745,2.6174249007420887,2.6773687954967422,0.038810947616387585,0.03851888835379236,0.03867311353978866,0.038025195665218094,2.638557847880355,2.6388499071429496,2.6386956819569534,2.6393435998315242
1514,1510,1540,30,0.13333333333333333,0.13471167812686388,0.13333333333333333,13.120114973054779,13.144512353089416,0.32090811781613127,3.3505065468727273,0.05778351478516563,3.2572693301088833,3.315141774920569,0.03747178499655508,0.03863949443919993,0.037996443036962285,0.03732680071323961,3.2776699899240143,3.276502280481369,3.277145331883607,3.2778149742073297
1516,1510,1540,30,0.2,0.20207456361717216,0.2,13.120114973054779,13.144512353089416,0.32090811781613127,4.008007978776164,0.07297647998572647,3.9207880245967894,3.9514822631449777,0.12168618825590928,0.12167538806714029,0.12231305629370993,0.12016442900837723,3.8297960748890683,3.8298068750778373,3.829169206851268,3.8313178341366005
1517,1510,1540,30,0.23333333333333334,0.23575720067196637,0.23333333333333334,13.120114973054779,13.144512353089416,0.32090811781613127,4.312827809000214,0.07837097738486137,4.237880926012655,4.259911705477673,0.06184865304309218,0.06639142473999697,0.06467381813930762,0.06243155147471577,4.198063052434581,4.193520280737676,4.195237887338366,4.197480154002958
1518,1510,1540,30,0.26666666666666666,0.26939612599393437,0.26666666666666666,13.120114973054779,13.144512353089416,0.32090811781613127,4.490903205111325,0.08191401266074093,4.408946875534179,4.421371462868524,0.0936372811349679,0.09716316504998221,0.09605454669562125,0.0936537396791789,4.327734181733556,4.324208297818542,4.325316916172903,4.327717723189345
1519,1510,1540,30,0.3,0.30262086473272903,0.3,13.120114973054779,13.144512353089416,0.32090811781613127,4.639058373349853,0.08455344681912047,4.591718826043183,4.5926159871383145,0.11150878906702526,0.11520584430622102,0.11494813492831914,0.11047051125277302,4.481107198071289,4.477410142832094,4.477667852209995,4.482145475885542
1521,1510,1540,30,0.36666666666666664,0.3690669981433262,0.36666666666666664,13.120114973054779,13.144512353089416,0.32090811781613127,5.116971272495363,0.08731963326785773,5.125571430297755,5.111778866173066,0.10465016703742973,0.10584878084365576,0.10740150682527576,0.10160523239458355,5.007128699135636,5.00593008532941,5.0043773593477905,5.010173633778482
1522,1510,1540,30,0.4,0.40228839281512874,0.4,13.120114973054779,13.144512353089416,0.32090811781613127,5.341426049509605,0.08695393433191172,5.359472424674819,5.330661243421847,0.1075995757436775,0.10912779465916331,0.11062639816499331,0.10449622416374556,5.22306166767817,5.221533448762684,5.220034845256854,5.226165019258102
1523,1510,1540,30,0.43333333333333335,0.43550692114379513,0.43333333333333335,13.120114973054779,13.144512353089416,0.32090811781613127,5.387914345214894,0.08637757364551357,5.406589044963983,5.36569203207297,0.07005789490438384,0.07554935910208581,0.07497667590813754,0.0689099297873912,5.295634137168586,5.290142672970885,5.290715356164832,5.2967821022855786
1524,1510,1540,30,0.4666666666666667,0.4687254494724615,0.4666666666666667,13.120114973054779,13.144512353089416,0.32090811781613127,5.434046420696368,0.08495176458057886,5.472827170679997,5.42411763569417,0.047177370066332755,0.05250648923977939,0.05259240742303821,0.04475468899247425,5.376940265627837,5.3716111464543905,5.371525228271132,5.379362946701696
1526,1510,1540,30,0.5333333333333333,0.5351560568577379,0.4666666666666667,13.120114973054779,13.144512353089416,0.32090811781613127,5.179211957225502,0.08060713878049582,5.18402177552895,5.124864954804199,0.06494199115580387,0.06993822318953731,0.06509325621204347,0.06916788611584927,5.059922963648395,5.054926731614661,5.059771698592155,5.05569706868835
1527,1510,1540,30,0.5666666666666667,0.5683688525001319,0.43333333333333335,13.120114973054779,13.144512353089416,0.32090811781613127,4.932505617712351,0.07815628592659744,4.941232601716266,4.882909251291894,0.03128223579594634,0.049006527531380795,0.04250234759128309,0.038015849774949394,4.851627015495947,4.833902723760513,4.840406903700611,4.844893401516944
1528,1510,1540,30,0.6,0.601580931556742,0.4,13.120114973054779,13.144512353089416,0.32090811781613127,4.6758632380097245,0.07582716046373963,4.674060561081705,4.614769278479854,0.057127687614024925,0.06548607124963048,0.05998144999123566,0.062104831286339424,4.557641590865829,4.549283207230224,4.554787828488618,4.552664447193515
1529,1510,1540,30,0.6333333333333333,0.6347906219940719,0.3666666666666667,13.120114973054779,13.144512353089416,0.32090811781613127,4.263349663818194,0.07293012638243185,4.267952074811288,4.205128150533008,0.04995476967103483,0.06082930527013697,0.05632904880117976,0.05382817096295174,4.155173380861973,4.14429884526287,4.148799101731828,4.151299979570056
1531,1510,1540,30,0.7,0.7012059422159556,0.30000000000000004,13.120114973054779,13.144512353089416,0.32090811781613127,3.5310064966698014,0.0654801976668931,3.5488701040843855,3.474738286001034,0.07536114071927101,0.07714317923524279,0.0723420148136343,0.07986815553939565,3.399377145281763,3.3975951067657912,3.4023962711873996,3.394870130461638
1532,1510,1540,30,0.7333333333333333,0.7344118108624372,0.2666666666666667,13.120114973054779,13.144512353089416,0.32090811781613127,3.1650652120554232,0.06074326918286594,3.189151659311787,3.124844658468113,0.06913884069009088,0.07057517237691899,0.06587646843973853,0.07368182747926415,3.055705817778022,3.054269486091194,3.0589681900283745,3.0511628309888486
1533,1510,1540,30,0.7666666666666667,0.7676152908896389,0.23333333333333328,13.120114973054779,13.144512353089416,0.32090811781613127,2.8328152952291394,0.05546714359349067,2.843950077775083,2.7825226774216034,0.059090247631858474,0.06419976054283211,0.059585700556579316,0.06354901220541466,2.723432429789745,2.7183229168787713,2.7229369768650242,2.718973665216189
1534,1510,1540,30,0.8,0.8008180543310565,0.19999999999999996,13.120114973054779,13.144512353089416,0.32090811781613127,2.330744194886176,0.050614389893868794,2.312561487773754,2.2556534416723695,0.11477693567895644,0.11743973962308762,0.11351762542643158,0.11871220630363677,2.140876505993413,2.1382137020492817,2.142135816245938,2.1369412353687327
1536,1510,1540,30,0.8666666666666667,0.8672183262514753,0.1333333333333333,13.120114973054779,13.144512353089416,0.32090811781613127,1.5545488559921072,0.03877828130025396,1.543834126067853,1.537678943476897,0.08310763255500399,0.08451867369923506,0.08196610419411661,0.08573062967769858,1.454571310921893,1.4531602697776618,1.4557128392827803,1.4519483137991984
1537,1510,1540,30,0.9,0.9004155958685486,0.09999999999999998,13.120114973054779,13.144512353089416,0.32090811781613127,1.1655883384639831,0.03179905364880734,1.1447864131999226,1.1503018416329893,0.07542496400429123,0.0760583610571176,0.07412080179417888,0.077420559435477,1.074876877628698,1.0742434805758718,1.0761810398388105,1.0728812821975122
1538,1510,1540,30,0.9333333333333333,0.9336119100379098,0.06666666666666665,13.120114973054779,13.144512353089416,0.32090811781613127,0.8236917211278905,0.024045000059130735,0.8386892096507889,0.8605871211510586,0.10957484242497878,0.10894554768117985,0.10801821622590367,0.11060254735849454,0.7510122787260798,0.7516415734698788,0.7525689049251549,0.7499845737925641
1539,1510,1540,30,0.9666666666666667,0.9668065521737749,0.033333333333333326,13.120114973054779,13.144512353089416,0.32090811781613127,0.5313988749960881,0.01586319749055119,0.5342567938775135,0.5717716427999494,0.06031666085715588,0.059857056974984106,0.05925124837391018,0.06098124010715793,0.5114549819427935,0.5119145858249653,0.5125203944260392,0.5107904026927915
1541,1540,1554,14,0.07142857142857142,0.07139869632997259,0.07142857142857142,9.697577213796349,20.899511199854732,0.13882035161864825,0.14906809107852792,0.008008716281806542,0.2999618391311279,0.12385419792772,0.03767099436836492,0.0369873646431497,0.03732819442300141,0.0373404819300496,0.08618320355935508,0.08686683328457029,0.08652600350471859,0.0865137159976704
1542,1540,1554,14,0.14285714285714285,0.1427958511929413,0.14285714285714285,9.697577213796349,20.899511199854732,0.13882035161864825,0.18801961080374716,0.011457849543107463,0.20745330336531762,0.22250836794375517,0.06543115882795443,0.06421307458694886,0.06479750369041473,0.064841792375096,0.15707720911580075,0.1582952933568063,0.15771086425334044,0.15766657556865915
1543,1540,1554,14,0.21428571428571427,0.21418735401022918,0.21428571428571427,9.697577213796349,20.899511199854732,0.13882035161864825,0.43193066201158253,0.014243329064654524,0.4148006364207232,0.502220478096055,0.07521516738552085,0.07312917115575282,0.07410717119882708,0.0742140919410689,0.4270053107105341,0.4290913069403022,0.4281133068972279,0.4280063861549861
1544,1540,1554,14,0.2857142857142857,0.2855783430051824,0.2857142857142857,9.697577213796349,20.899511199854732,0.13882035161864825,0.751402586643209,0.017305602862880687,0.7340227709838175,0.8282376781297334,0.08082361096107796,0.07832792540850514,0.0794793479845323,0.07963313390463499,0.7474140671686554,0.7499097527212282,0.7487583301452011,0.7486045442250984
1546,1540,1554,14,0.42857142857142855,0.4283474754367233,0.42857142857142855,9.697577213796349,20.899511199854732,0.13882035161864825,0.9999979555691277,0.02088842756062818,0.9000896130749801,1.0350421913913803,0.04607899101227152,0.04489621788110987,0.045479607713651955,0.045356160333025856,0.9889632003791088,0.9901459735102704,0.9895625836777283,0.9896860310583545
1547,1540,1554,14,0.5,0.4997261326956456,0.5,9.697577213796349,20.899511199854732,0.13882035161864825,1.031784333149794,0.02059813400876718,0.9227694035680456,1.0646643163446465,0.02450147094855128,0.020717649809853224,0.02243533035504918,0.022685373073875623,1.0401628453960952,1.0439466665347934,1.0422289859895975,1.041978943270771
1548,1540,1554,14,0.5714285714285714,0.5711160940459296,0.4285714285714286,9.697577213796349,20.899511199854732,0.13882035161864825,0.9060768390380362,0.01931770462501463,0.746970229125361,0.8882470438393565,0.05383580040589969,0.05785465843712929,0.056380025266773943,0.05523115690283579,0.8344112434334567,0.8303923854022272,0.8318670185725825,0.8330158869365207
1549,1540,1554,14,0.6428571428571429,0.6426036816397921,0.3571428571428571,9.697577213796349,20.899511199854732,0.13882035161864825,0.703988362103798,0.01698986383564938,0.5944437456462232,0.7281838778492138,0.055813505857687934,0.05848249995376662,0.057488444699193064,0.05669745490089973,0.6723703719915258,0.6697013778954471,0.6706954331500208,0.6714864229483141
1551,1540,1554,14,0.7857142857142857,0.7855711494924977,0.2142857142857143,9.697577213796349,20.899511199854732,0.13882035161864825,0.6807060969452988,0.011941300876420058,0.724667949902783,0.7273457956963242,0.0503421716154718,0.05193528871234043,0.051258651626623665,0.05090624123502967,0.6770036240808524,0.6754105069839837,0.6760871440697005,0.6764395544612946
1552,1540,1554,14,0.8571428571428571,0.8570515435736754,0.1428571428571429,9.697577213796349,20.899511199854732,0.13882035161864825,0.6167388298832375,0.009991609323189831,0.6894893730377908,0.6378052082836265,0.016805705496460828,0.017662075766163333,0.01718767581145433,0.017144518429983855,0.6209995027871656,0.6201431325174632,0.6206175324721722,0.6206606898536426
1553,1540,1554,14,0.9285714285714286,0.9285262856091724,0.0714285714285714,9.697577213796349,20.899511199854732,0.13882035161864825,0.3398052336946025,0.007736999958135257,0.452635849833372,0.3654124268845895,0.029593223528007986,0.030533110940357943,0.03023068868809042,0.029866043640133552,0.33581920335658155,0.3348793159442316,0.3351817381964991,0.33554638324445596
1556,1554,1567,13,0.15384615384615385,0.15388364230175203,0.15384615384615385,9.47873300480174,21.992529748244188,0.15405969289910837,0.8242955386007184,0.0034335636198642334,0.8587124461870785,0.8895151298586164,0.08675063460501135,0.08587427411136708,0.08638405629716157,0.08632632963273605,0.802764495253605,0.8036408557472493,0.8031310735614547,0.8031888002258804
1557,1554,1567,13,0.23076923076923078,0.23081965508237928,0.23076923076923078,9.47873300480174,21.992529748244188,0.15405969289910837,1.2833745935570786,0.0037958363285468598,1.3082263793607214,1.3754509128353647,0.09835719645224847,0.09673367439328438,0.09764142410633979,0.09756784379541512,1.2770937163831162,1.2787172384420804,1.277809488729025,1.2778830690399496
1558,1554,1567,13,0.3076923076923077,0.30775400832864974,0.3076923076923077,9.47873300480174,21.992529748244188,0.15405969289910837,1.7895518348508401,0.004767950894011145,1.791443813741258,1.8819341874278805,0.10737640148684166,0.10598016542044691,0.10683699761864927,0.10659996290481441,1.7745577859410389,1.7759540220074337,1.7750971898092314,1.775334224523066
1559,1554,1567,13,0.38461538461538464,0.3846828297937309,0.38461538461538464,9.47873300480174,21.992529748244188,0.15405969289910837,2.0827750188597807,0.005435566261347769,2.0310688975507354,2.1354284461295867,0.06106399451751682,0.06173835114457717,0.061791585548783175,0.060992639433407284,2.07436445161207,2.0736900949850097,2.0736368605808035,2.0744358066961794
1561,1554,1567,13,0.5384615384615384,0.5385327282302284,0.46153846153846156,9.47873300480174,21.992529748244188,0.15405969289910837,1.827486338953745,0.005860939785946167,1.7305664489782326,1.85777719194935,0.03195922733082019,0.02807930369091188,0.029936829335226553,0.029878691016116024,1.8258179646185297,1.829697888258438,1.8278403626141235,1.827898500933234
1562,1554,1567,13,0.6153846153846154,0.6154532520235255,0.3846153846153846,9.47873300480174,21.992529748244188,0.15405969289910837,1.6852519756941753,0.005694775212205171,1.575054226410518,1.6910094819087584,0.01682664985957072,0.010498134916696955,0.013035774495935761,0.014162161651410326,1.6741828320491878,1.6805113469920614,1.6779737074128227,1.6768473202573482
1563,1554,1567,13,0.6923076923076923,0.6923687972137524,0.3076923076923077,9.47873300480174,21.992529748244188,0.15405969289910837,1.2851361357156466,0.004541110954254674,1.1412842631153595,1.2363150265422602,0.04148500173271379,0.0435314965376247,0.0421179383452935,0.04257704302695158,1.1948300248095465,1.1927835300046354,1.1941970881969668,1.1937379835153086
1564,1554,1567,13,0.7692307692307693,0.7692826828696225,0.23076923076923073,9.47873300480174,21.992529748244188,0.15405969289910837,0.7911861667159903,0.004478012799893923,0.7259706688499925,0.7956585066701773,0.0,0.0,0.0,0.0,0.7956585066701773,0.7956585066701773,0.7956585066701773,0.7956585066701773
1566,1554,1567,13,0.9230769230769231,0.9230982842627463,0.07692307692307687,9.47873300480174,21.992529748244188,0.15405969289910837,0.3056860446961345,0.003190561937899628,0.24575352140926143,0.29327958897219875,0.03532263754627456,0.034988651955445975,0.034951203912895,0.03532015305153756,0.2579569514259242,0.25829093701675276,0.2583283850593037,0.2579594359206612
1568,1567,1574,7,0.14285714285714285,0.1428775517335652,0.14285714285714285,6.287187539291805,27.103080523678912,0.06687514993494197,0.04056907884366183,0.005140739957963267,0.1460543728893953,0.0,0.03830330041868798,0.039361825496639545,0.03884039049102533,0.0388368931586932,-0.03830330041868798,-0.039361825496639545,-0.03884039049102533,-0.0388368931586932
1569,1567,1574,7,0.2857142857142857,0.2857437978305511,0.2857142857142857,6.287187539291805,27.103080523678912,0.06687514993494197,0.26067140545460826,0.0062453773928319205,0.3910620874544897,0.3400889634882033,0.07261390591673568,0.0740825295789739,0.0733611074969109,0.07334790575752898,0.2674750575714676,0.2660064339092294,0.2667278559912924,0.2667410577306743
1571,1567,1574,7,0.5714285714285714,0.5714660121730872,0.4285714285714286,6.287187539291805,27.103080523678912,0.06687514993494197,0.6083803401499303,0.006323408551243687,0.8023758079738463,0.7281823420224238,0.1189226319426633,0.12040873625124855,0.11964390882167145,0.11969626723746964,0.6092597100797605,0.6077736057711752,0.6085384332007524,0.6084860747849542
1572,1567,1574,7,0.7142857142857143,0.7143178692780632,0.2857142857142857,6.287187539291805,27.103080523678912,0.06687514993494197,0.8041620636035884,0.004854238375814193,0.9889726059882408,0.9096109642043554,0.10778497669708605,0.10894593707675475,0.10836298301897475,0.10837162606741516,0.8018259875072693,0.8006650271276007,0.8012479811853807,0.8012393381369403
1573,1567,1574,7,0.8571428571428571,0.857160476316747,0.1428571428571429,6.287187539291805,27.103080523678912,0.06687514993494197,0.5939070373934674,0.0037123516176656877,0.7097259043152961,0.6269050565587743,0.016804150555977636,0.018139159230419172,0.017190679449792984,0.017764819218955577,0.6101009060027967,0.6087658973283551,0.6097143771089812,0.6091402373398187
1576,1574,1584,10,0.2,0.19964070505706555,0.2,5.21290585736917,15.705334969042552,0.4417846946550152,0.7074853612061645,0.012553595416760334,0.6446663681972739,0.6512948838468684,0.10716038889008692,0.10574382503594969,0.10672979055071838,0.1061697523600969,0.5441344949567815,0.5455510588109187,0.54456509329615,0.5451251314867716
1577,1574,1584,10,0.3,0.29945315625738506,0.3,5.21290585736917,15.705334969042552,0.4417846946550152,1.1376208860630166,0.014440646092112713,1.0734896419184121,1.1176597248574156,0.09386500555631316,0.0927394487285422,0.09406455354417269,0.09256047310978886,1.0237947193011023,1.0249202761288734,1.023595171313243,1.0250992517476267
1578,1574,1584,10,0.4,0.3993668881193474,0.4,5.21290585736917,15.705334969042552,0.4417846946550152,1.487091484337504,0.015921449085389366,1.428083037522477,1.4666008242526822,0.03025109868866588,0.03019143655311186,0.030927831983743492,0.0297788535525587,1.4363497255640163,1.4364093876995703,1.4356729922689389,1.4368219707001235
1579,1574,1584,10,0.5,0.5002646944951447,0.5,5.21290585736917,15.705334969042552,0.4417846946550152,1.512534334715425,0.016340562472968473,1.4212434573110586,1.4491708438441753,0.06213103757516222,0.06260929095356685,0.06175589278191771,0.06320087761612328,1.387039806269013,1.3865615528906083,1.3874149510622575,1.385969966228052
1581,1574,1584,10,0.7,0.7001718898037669,0.30000000000000004,5.21290585736917,15.705334969042552,0.4417846946550152,0.9378905396816768,0.012824878182584449,0.8112646071315645,0.8876408424658477,0.1879635867657635,0.18885321861305118,0.187872840099589,0.1890103570855125,0.6996772557000842,0.6987876238527966,0.6997680023662587,0.6986304853803352
1582,1574,1584,10,0.8,0.8001193818862768,0.19999999999999996,5.21290585736917,15.705334969042552,0.4417846946550152,0.630409222027555,0.009855652395644026,0.5639349162210368,0.7035798643714974,0.220638931048427,0.22174388805713985,0.22114065137073144,0.22127858864780564,0.4829409333230704,0.4818359763143576,0.482439213000766,0.4823012757236918
1583,1574,1584,10,0.9,0.9000604092457033,0.09999999999999998,5.21290585736917,15.705334969042552,0.4417846946550152,0.3447289289499238,0.005662619753544613,0.4382151943264203,0.6373295458708098,0.3608057275074399,0.36110509089568554,0.3610440503129796,0.36088418594848576,0.2765238183633699,0.27622445497512427,0.2762854955578302,0.27644535992232405
1586,1584,1596,12,0.16666666666666666,0.16670301373080246,0.16666666666666666,5.14519776584604,12.929483642071155,0.46983280133154476,0.1951746776137597,0.009351832805907456,0.23182708129477797,0.1319460038962581,0.1417985894224889,0.142019123502475,0.14188209457185583,0.14188521637589296,-0.009852585526230806,-0.010073119606216902,-0.009936090675597725,-0.009939212479634862
1587,1584,1596,12,0.25,0.2500482297581802,0.25,5.14519776584604,12.929483642071155,0.46983280133154476,0.38010543995652635,0.010267195920325206,0.422111117656021,0.29989857212894616,0.08427221063895589,0.0843989130238464,0.0843331160399812,0.08427361586684848,0.21562636148999026,0.21549965910509977,0.21556545608896496,0.21562495626209768
1588,1584,1596,12,0.3333333333333333,0.33339164840326546,0.3333333333333333,5.14519776584604,12.929483642071155,0.46983280133154476,0.49006480794495805,0.01055775195580616,0.5307689050158798,0.45647526348511386,0.0269828226273061,0.022616108793785096,0.02433710584856871,0.025128381610819286,0.42949244085780774,0.43385915469132874,0.4321381576365452,0.4313468818742946
1589,1584,1596,12,0.4166666666666667,0.41672907577404267,0.4166666666666667,5.14519776584604,12.929483642071155,0.46983280133154476,0.6328220777075008,0.00860221404841585,0.6566194544533124,0.6075106570920261,0.029551138584660214,0.022550498019172104,0.025107989816228776,0.027074819883974838,0.5779595185073659,0.584960159072854,0.5824026672757974,0.5804358372080513
1591,1584,1596,12,0.5833333333333334,0.5833955427315658,0.41666666666666663,5.14519776584604,12.929483642071155,0.46983280133154476,1.2378989293540539,0.010195926250210747,1.4058865174644253,1.3571369654565368,0.16879472995497505,0.16610783202180457,0.16672653747083416,0.16813190513447587,1.1883422355015618,1.1910291334347323,1.1904104279857026,1.189005060322061
1592,1584,1596,12,0.6666666666666666,0.6667251814457424,0.33333333333333337,5.14519776584604,12.929483642071155,0.46983280133154476,1.347348631881095,0.009331137785961492,1.482010303203404,1.439855090767184,0.1345662106312001,0.13248260942412468,0.13289698128052535,0.1340894054299057,1.305288880135984,1.3073724813430594,1.3069581094866587,1.3057656853372783
1593,1584,1596,12,0.75,0.7500482297581802,0.25,5.14519776584604,12.929483642071155,0.46983280133154476,1.133273660143142,0.009895482635573447,1.298584667730656,1.267504445822984,0.15225573461390948,0.15280802025913204,0.152812620347796,0.15218123067277775,1.1152487112090745,1.114696425563852,1.114691825475188,1.1153232151502064
1594,1584,1596,12,0.8333333333333334,0.8333700798157563,0.16666666666666663,5.14519776584604,12.929483642071155,0.46983280133154476,0.8893688613682339,0.009166673199192963,1.0431184542559886,1.0364914499101743,0.16193438593613907,0.16288660362871532,0.16282923949652356,0.16195792343963922,0.8745570639740352,0.873604846281459,0.8736622104136507,0.8745335264705351
1597,1596,1607,11,0.09090909090909091,0.09092793576910778,0.09090909090909091,6.390037839666489,17.526277075543433,0.28137114974849614,0.6385385845356538,0.007903278073527777,0.6936411614225869,0.7550432617140179,0.15095158846901452,0.15029081324683666,0.15060068906190574,0.15059757731517576,0.6040916732450035,0.6047524484671812,0.6044425726521122,0.6044456843988422
1598,1596,1607,11,0.18181818181818182,0.18185521761562823,0.18181818181818182,6.390037839666489,17.526277075543433,0.28137114974849614,1.1362695945557308,0.010896654865689664,1.0724186059516552,1.1459926883883815,0.039513990853698604,0.039733839727194145,0.039344497909958316,0.03982428582865837,1.106478697534683,1.1062588486611873,1.106648190478423,1.1061684025597232
1599,1596,1607,11,0.2727272727272727,0.2727739984685133,0.2727272727272727,6.390037839666489,17.526277075543433,0.28137114974849614,1.0191676793605182,0.013673533722763299,0.9706782282752778,1.0390942654700632,0.05069590821768539,0.050861740912854246,0.050332250282717685,0.05113577659239935,0.9883983572523778,0.988232524557209,0.9887620151873455,0.9879584888776639
1601,1596,1607,11,0.45454545454545453,0.45460436702582274,0.45454545454545453,6.390037839666489,17.526277075543433,0.28137114974849614,1.3276387570347272,0.01687201816096612,1.309566904361946,1.3481643177026499,0.0477440846252186,0.047630448040800404,0.04645456546360429,0.04882276366959947,1.3004202330774313,1.3005338696618496,1.3017097522390455,1.2993415540330504
1602,1596,1607,11,0.5454545454545454,0.5455146468850725,0.4545454545454546,6.390037839666489,17.526277075543433,0.28137114974849614,1.3106772328900076,0.016849690213630066,1.2732450193156184,1.2953341489502903,0.05378186236298328,0.05374932237922133,0.05332618161070632,0.0542376999176987,1.241552286587307,1.241584826571069,1.242007967339584,1.2410964490325915
1603,1596,1607,11,0.6363636363636364,0.6364190414410361,0.36363636363636365,6.390037839666489,17.526277075543433,0.28137114974849614,1.4112121458057556,0.01713627220843722,1.4321115437021856,1.4359646430453017,0.04130475637178168,0.039879879409543136,0.03972741616733859,0.04145096057939191,1.39465988667352,1.3960847636357585,1.396237226877963,1.3945136824659097
1604,1596,1607,11,0.7272727272727273,0.7273221281518252,0.2727272727272727,6.390037839666489,17.526277075543433,0.28137114974849614,1.2647577015364606,0.015393230045820987,1.2488031403478739,1.224844414305593,0.048473424630314246,0.048460108589235384,0.04737563307690834,0.04962080981401792,1.1763709896752788,1.1763843057163577,1.1774687812286846,1.1752236044915751
1606,1596,1607,11,0.9090909090909091,0.9091112995861323,0.09090909090909094,6.390037839666489,17.526277075543433,0.28137114974849614,0.45342344133644835,0.00661231387056051,0.3421445124159788,0.27039840989101954,0.25899216060614233,0.2591119978419708,0.25885778918302244,0.2592648413038164,0.011406249284877212,0.011286412049048733,0.011540620707997107,0.011133568587203158
1608,1607,1614,7,0.14285714285714285,0.14275208552019375,0.14285714285714285,4.099138224473341,17.658909193812597,0.17101389903807357,0.5324775793449271,0.008138134065211876,0.43988968440783394,0.5409671161953276,0.03600415265776386,0.03671835670087844,0.03640616147554433,0.03630177763880423,0.5049629635375636,0.5042487594944491,0.5045609547197832,0.5046653385565233
1609,1607,1614,7,0.2857142857142857,0.28546411426247253,0.2857142857142857,4.099138224473341,17.658909193812597,0.17101389903807357,0.7201273962530551,0.008853030359079498,0.6051120439103095,0.6696521124385995,0.0577026851904464,0.059229155829437385,0.05862798916862053,0.058319257648039836,0.611949427248153,0.6104229566091621,0.6110241232699789,0.6113328547905597
1611,1607,1614,7,0.5714285714285714,0.571295929204267,0.4285714285714286,4.099138224473341,17.658909193812597,0.17101389903807357,0.6757213164326249,0.008562925645417876,0.5649621551716195,0.5921842680442304,0.07803438307169645,0.07905381609931521,0.0786602745022991,0.07844387631331308,0.514149884972534,0.5131304519449152,0.5135239935419313,0.5137403917309173
1612,1607,1614,7,0.7142857142857143,0.7142051605455116,0.2857142857142857,4.099138224473341,17.658909193812597,0.17101389903807357,0.5476352319128565,0.008313266065054323,0.5023984270603898,0.4622841001921366,0.10746856120729162,0.1082632498686103,0.10803209254088011,0.10771229636189733,0.35481553898484497,0.3540208503235263,0.35425200765125653,0.3545718038302393
1613,1607,1614,7,0.8571428571428571,0.8571041209180603,0.1428571428571429,4.099138224473341,17.658909193812597,0.17101389903807357,0.4256129607193469,0.006865598067252108,0.42055551398256985,0.3532727835730174,0.07086956405199468,0.07123812390452702,0.0711976079179965,0.07091725482472973,0.2824032195210227,0.2820346596684904,0.2820751756550209,0.2823555287482877
1616,1614,1619,5,0.4,0.4000278924387049,0.4,3.203876314338901,19.320590860678575,0.12614880133786413,0.2676061369311673,0.0025774316505488373,0.28755356440732704,0.2883037046432954,0.03212602530161907,0.03181852549845848,0.031967664851692945,0.031970995128257816,0.25617767934167635,0.25648517914483693,0.25633603979160247,0.2563327095150376
1617,1614,1619,5,0.6,0.6000253044804745,0.4,3.203876314338901,19.320590860678575,0.12614880133786413,0.28227791189475926,0.002617116260697259,0.2924769888229433,0.33333278093564017,0.052615351989186786,0.05326588585690387,0.0529393917794531,0.052952401447356946,0.2807174289464534,0.2800668950787363,0.28039338915618706,0.2803803794882832
1618,1614,1619,5,0.8,0.8000198410130994,0.19999999999999996,3.203876314338901,19.320590860678575,0.12614880133786413,0.3029706321210622,0.002666502990944905,0.2660726061749397,0.33029807160036995,0.0,0.0,0.0,0.0,0.33029807160036995,0.33029807160036995,0.33029807160036995,0.33029807160036995
1621,1619,1623,4,0.5,0.5000224692844881,0.5,3.2200589087681557,24.27744346509066,0.062202282960513736,0.14267388181335808,0.0018056262786487949,0.0852215398438067,0.17167434933268072,0.03349921195603403,0.034412602039235574,0.033929349243376115,0.03399315434323784,0.1381751373766467,0.13726174729344515,0.1377450000893046,0.13768119498944287
1622,1619,1623,4,0.75,0.7500211211274188,0.25,3.2200589087681557,24.27744346509066,0.062202282960513736,0.10159052637331657,0.0023939775883059645,0.06232824658434877,0.1469429988351921,0.05366374698938004,0.053930762088594174,0.05379319935722259,0.05380299623218421,0.09327925184581207,0.09301223674659792,0.0931497994779695,0.0931400026030079
1624,1623,1629,6,0.16666666666666666,0.16668684352784227,0.16666666666666666,4.570426486082228,22.97735927512005,0.08858439874764396,0.20895087261646433,0.002352138351098134,0.220553093851731,0.2500409629438185,0.0514920327932821,0.051568409512859216,0.0515273623658099,0.05153502430864276,0.1985489301505364,0.1984725534309593,0.1985136005780086,0.19850593863517574
1626,1623,1629,6,0.5,0.500035359449783,0.5,4.570426486082228,22.97735927512005,0.08858439874764396,0.5038752605663458,0.0036105424779042583,0.45692884922590443,0.48969160767933917,0.0,0.0047461561906224185,0.0,0.0,0.48969160767933917,0.48494545148871676,0.48969160767933917,0.48969160767933917
1627,1623,1629,6,0.6666666666666666,0.6666946345930487,0.33333333333333337,4.570426486082228,22.97735927512005,0.08858439874764396,0.39916005596761295,0.003292982194093302,0.3954392194144661,0.4313582798792124,0.03167747061042801,0.03235504972331643,0.03206069061836758,0.031993925125529774,0.39968080926878435,0.39900323015589595,0.3992975892608448,0.3993643547536826
1628,1623,1629,6,0.8333333333333334,0.833352711110898,0.16666666666666663,4.570426486082228,22.97735927512005,0.08858439874764396,0.3460900301035135,0.003613046026746603,0.3074571929746774,0.34706302469636996,0.0,0.0,0.0,0.0,0.34706302469636996,0.34706302469636996,0.34706302469636996,0.34706302469636996
1631,1629,1638,9,0.2222222222222222,0.22225428489666849,0.2222222222222222,2.482434153230801,8.322862026912846,0.11543311135195744,0.8554445766504146,0.0031199543610466378,0.9360183309350588,0.8131061147449081,0.04253842978628493,0.04282169838659397,0.04266920851420379,0.04268334607809991,0.7705676849586232,0.7702844163583141,0.7704369062307044,0.7704227686668083
1632,1629,1638,9,0.3333333333333333,0.33337862963241255,0.3333333333333333,2.482434153230801,8.322862026912846,0.11543311135195744,1.0321256913927959,0.003235687269169267,1.1327903110732191,1.0091540154109264,0.03476027847249125,0.03475906194977902,0.03486518582769652,0.03464573311406071,0.9743937369384351,0.9743949534611474,0.9742888295832299,0.9745082822968657
1633,1629,1638,9,0.4444444444444444,0.4444933822107045,0.4444444444444444,2.482434153230801,8.322862026912846,0.11543311135195744,1.1965252583383768,0.0035064112982860743,1.29425454364054,1.1652405397904697,0.005096379073985578,0.008843782745293042,0.007481378153995278,0.00690208918497784,1.1601441607164842,1.1563967570451767,1.1577591616364744,1.158338450605492
1634,1629,1638,9,0.5555555555555556,0.5556049374031792,0.4444444444444444,2.482434153230801,8.322862026912846,0.11543311135195744,1.0907825602075076,0.003971673760894888,1.163041754541459,1.0362211105554804,0.044587776000899845,0.04517573874027526,0.04486455535933046,0.044893506261482946,0.9916333345545806,0.9910453718152051,0.99135655519615,0.9913276042939975
1636,1629,1638,9,0.7777777777777778,0.7778120608590416,0.2222222222222222,2.482434153230801,8.322862026912846,0.11543311135195744,0.3565664301401811,0.00410671897536434,0.4141944911021008,0.32523361734276446,0.038517106282102115,0.03891835237325641,0.038596503018812664,0.03883888318436087,0.2867165110606623,0.28631526496950804,0.2866371143239518,0.2863947341584036
1637,1629,1638,9,0.8888888888888888,0.8889068297759751,0.11111111111111116,2.482434153230801,8.322862026912846,0.11543311135195744,0.19994054038643444,0.0040010447873631535,0.29170783805264405,0.20464637692203205,0.023968726867852157,0.024132861027572172,0.023971192672795284,0.0241315900948144,0.1806776500541799,0.18051351589445988,0.18067518424923676,0.18051478682721767
1639,1638,1647,9,0.1111111111111111,0.11111128856322876,0.1111111111111111,2.961245412776439,9.918089106703274,0.10875484640302936,0.34560345360941247,0.0064094050733397925,0.17105532708301563,0.34065874249106237,0.0,0.0,0.0,0.0,0.34065874249106237,0.34065874249106237,0.34065874249106237,0.34065874249106237
1641,1638,1647,9,0.3333333333333333,0.3333626129327458,0.3333333333333333,2.961245412776439,9.918089106703274,0.10875484640302936,0.1849329289586089,0.0089096304770226,0.07537709885557463,0.1371385404926774,0.05135991077660309,0.05140203057404113,0.05137686894495415,0.051388372449566545,0.0857786297160743,0.08573650991863627,0.08576167154772325,0.08575016804311086
1642,1638,1647,9,0.4444444444444444,0.4444818868412689,0.4444444444444444,2.961245412776439,9.918089106703274,0.10875484640302936,0.17794998687566885,0.009506561215594515,0.09973402302016905,0.15265564229202214,0.027420533977417397,0.027659923779684577,0.0275339952912758,0.02755018148576193,0.12523510831460474,0.12499571851233757,0.12512164700074635,0.1251054608062602
1643,1638,1647,9,0.5555555555555556,0.5555947724735565,0.4444444444444444,2.961245412776439,9.918089106703274,0.10875484640302936,0.15137553741256946,0.009810618675006908,0.22065221672355415,0.14084212693354436,0.08240194369092978,0.08241354278273233,0.08236579322772171,0.08245327131061528,0.05844018324261459,0.058428584150812035,0.058476333705822656,0.05838885562292909
1644,1638,1647,9,0.6666666666666666,0.6667052625022558,0.33333333333333337,2.961245412776439,9.918089106703274,0.10875484640302936,0.28271188865082686,0.010020058948489763,0.4697742066977626,0.3462737101150979,0.08306915383271206,0.08296900328633709,0.08291381370818858,0.08312827560314288,0.2632045562823858,0.2633047068287608,0.2633598964069093,0.263145434511955
1646,1638,1647,9,0.8888888888888888,0.8889078762654776,0.11111111111111116,2.961245412776439,9.918089106703274,0.10875484640302936,0.2031580252468675,0.006469049888754401,0.340344824896468,0.22038720018609734,0.019811861398373126,0.01962024775980298,0.01951762993597463,0.019915321455458122,0.2005753387877242,0.20076695242629436,0.2008695702501227,0.2004718787306392
1648,1647,1655,8,0.125,0.12502190489456444,0.125,2.7513521718471012,10.370570084237897,0.07491773530896705,0.2620824522014825,0.003436285486823465,0.38126043337619864,0.23364564637522167,0.030931357121579104,0.03058996445931522,0.030762839997777215,0.030758678093280745,0.20271428925364257,0.20305568191590645,0.20288280637744446,0.20288696828194092
1649,1647,1655,8,0.25,0.2500330258410356,0.25,2.7513521718471012,10.370570084237897,0.07491773530896705,0.22557830072726168,0.0032531707264145423,0.2820741413372159,0.18019805747362516,0.059469106216726436,0.058975668114807415,0.05922859294432372,0.059220417714001404,0.12072895125689873,0.12122238935881774,0.12096946452930143,0.12097763975962375
1651,1647,1655,8,0.5,0.5000435851235436,0.5,2.7513521718471012,10.370570084237897,0.07491773530896705,0.1612060338874479,0.00431317503511996,0.17164287121548877,0.15432517553995231,0.0720007700563231,0.07134508184588817,0.07163836814438514,0.07171266527273079,0.08232440548362921,0.08298009369406414,0.08268680739556718,0.08261251026722152
1652,1647,1655,8,0.625,0.6250430234595804,0.375,2.7513521718471012,10.370570084237897,0.07491773530896705,0.40689321531749073,0.006514339422529981,0.3454428074540356,0.5095902599532824,0.12065534170610426,0.12006027582780306,0.12026053947415699,0.12045755023073552,0.3889349182471782,0.3895299841254794,0.38932972047912545,0.38913270972254693
1653,1647,1655,8,0.75,0.750031677847524,0.25,2.7513521718471012,10.370570084237897,0.07491773530896705,0.7362601131986898,0.007655466550771719,0.5918479448425232,0.7441944363538093,0.009446437531551496,0.008223920930701453,0.007878918716839616,0.009742428709261883,0.7347479988222578,0.7359705154231079,0.7363155176369697,0.7344520076445474
1654,1647,1655,8,0.875,0.8750203322354675,0.125,2.7513521718471012,10.370570084237897,0.07491773530896705,0.41213025981777623,0.0069821595086515375,0.25069290320782717,0.38257712405163646,0.04094777179483339,0.04105565516379992,0.04090257335137443,0.041102283033448435,0.3416293522568031,0.3415214688878365,0.34167455070026204,0.34147484101818804
1656,1655,1663,8,0.125,0.1250207888526801,0.125,1.0566306932297518,3.984115377580691,0.1340199125245219,0.40701811546754074,0.004873616453140168,0.6116963613357975,0.4534004633802261,0.06705470335056728,0.06701649349208709,0.0670087799233443,0.06706241848490083,0.3863457600296588,0.386383969888139,0.3863916834568818,0.3863380448953253
1657,1655,1663,8,0.25,0.25003168895381506,0.25,1.0566306932297518,3.984115377580691,0.1340199125245219,1.0590501854912047,0.0041838074365806305,1.3646200527172028,1.1795474094973608,0.14726009320921613,0.1471945557434994,0.1471876543180619,0.14726673344348523,1.0322873162881447,1.0323528537538613,1.032359755179299,1.0322806760538756
1658,1655,1663,8,0.375,0.37504258905494997,0.375,1.0566306932297518,3.984115377580691,0.1340199125245219,1.9801082124757348,0.00605826814599294,2.257405771400916,2.0697474485061895,0.12058319955587668,0.12043937807428423,0.12043946805919617,0.12058233398196895,1.949164248950313,1.9493080704319052,1.9493079804469933,1.9491651145242206
1659,1655,1663,8,0.5,0.5000427014271266,0.5,1.0566306932297518,3.984115377580691,0.1340199125245219,2.25997272810519,0.006859771751300729,2.4430480972905926,2.257531713558951,0.05754326557191557,0.05706130748305433,0.05706762417379488,0.05753552932371436,2.1999884479870357,2.200470406075897,2.2004640893851564,2.199996184235237
1661,1655,1663,8,0.75,0.7500330374199349,0.25,1.0566306932297518,3.984115377580691,0.1340199125245219,1.164725020016423,0.003641682420988432,1.3120968874993681,1.1346242697172209,0.0798979920981903,0.07950168812580258,0.07951707794827546,0.07988223039594186,1.0547262776190305,1.0551225815914183,1.0551071917689454,1.054742039321279
1662,1655,1663,8,0.875,0.8750223620631532,0.125,1.0566306932297518,3.984115377580691,0.1340199125245219,0.629522801846316,0.0033749678733809656,0.805790237363705,0.6313214964208063,0.022644752309763316,0.022582293012112988,0.02259963275943411,0.0226274491999664,0.608676744111043,0.6087392034086933,0.6087218636613722,0.6086940472208399
1664,1663,1669,6,0.16666666666666666,0.16670204027795266,0.16666666666666666,1.7383226618720282,8.742742346985743,0.0688876526939308,0.45807418486193563,0.005411267325602609,0.25936383471753527,0.42293871380512305,0.0,0.0,0.0,0.0,0.42293871380512305,0.42293871380512305,0.42293871380512305,0.42293871380512305
1666,1663,1669,6,0.5,0.5000785414081096,0.5,1.7383226618720282,8.742742346985743,0.0688876526939308,0.28346708263158354,0.0047560395416210545,0.22689838400779958,0.25469714267772164,0.050118801603192605,0.05001362625387263,0.050054256467038635,0.05007326488347469,0.20457834107452905,0.20468351642384902,0.204642886210683,0.20462387779424696
1667,1663,1669,6,0.6666666666666666,0.6667542013657811,0.33333333333333337,1.7383226618720282,8.742742346985743,0.0688876526939308,0.18905440108982619,0.00458926740022662,0.17679482466389568,0.16440966282177666,0.013596108192998809,0.013535753591320076,0.013568632509724286,0.013551534596568347,0.15081355462877785,0.15087390923045657,0.15084103031205237,0.1508581282252083
1668,1663,1669,6,0.8333333333333334,0.833427463112518,0.16666666666666663,1.7383226618720282,8.742742346985743,0.0688876526939308,0.06750690228557778,0.004462583338771859,0.1646225765200702,0.047405518501196536,0.0,0.0,0.0,0.0,0.047405518501196536,0.047405518501196536,0.047405518501196536,0.047405518501196536
1671,1669,1677,8,0.25,0.2500327900663168,0.25,1.1554834624418142,4.3538460577837785,0.0948509412692445,0.3174780763821201,0.007884468743553795,0.3491527003044861,0.3732110687380501,0.0687403911099301,0.06890538493497729,0.06878071962077831,0.06886533684066459,0.30447067762811997,0.3043056838030728,0.3044303491172718,0.3043457318973855
1672,1669,1677,8,0.375,0.37504289659360623,0.375,1.1554834624418142,4.3538460577837785,0.0948509412692445,0.6390494373768193,0.00876117086178333,0.5912162460623667,0.6509033858963207,0.0,0.0,0.0,0.0,0.6509033858963207,0.6509033858963207,0.6509033858963207,0.6509033858963207
1673,1669,1677,8,0.5,0.5000431211831016,0.5,1.1554834624418142,4.3538460577837785,0.0948509412692445,0.5339428002700146,0.009086810363568669,0.45110394179126667,0.5160540081396766,0.011750121917478134,0.011134746949621271,0.011145806052845486,0.01173960448195231,0.5043038862221985,0.5049192611900554,0.5049082020868312,0.5043144036577243
1674,1669,1677,8,0.625,0.6250433457725968,0.375,1.1554834624418142,4.3538460577837785,0.0948509412692445,0.2797367844301797,0.008843960624595078,0.2370780850980171,0.26163421583261537,0.0,0.0,0.0,0.0,0.26163421583261537,0.26163421583261537,0.26163421583261537,0.26163421583261537
1676,1669,1677,8,0.875,0.8750204376440741,0.125,1.1554834624418142,4.3538460577837785,0.0948509412692445,0.1338087875792948,0.007466390220771965,0.0390761688441376,0.14674354464001194,0.01762826785583852,0.0176643529053855,0.01772479054947854,0.017568449557239692,0.12911527678417342,0.12907919173462643,0.1290187540905334,0.12917509508277225
1678,1677,1685,8,0.125,0.12502168050174747,0.125,2.210658101321884,8.33265673722763,0.133232563362549,0.3206161899080973,0.008138043465856313,0.1886514072310824,0.3492139099506624,0.0,0.0,0.0,0.0,0.3492139099506624,0.3492139099506624,0.3492139099506624,0.3492139099506624
1679,1677,1685,8,0.25,0.25003347559337175,0.25,2.210658101321884,8.33265673722763,0.133232563362549,0.6448631142993125,0.010408234078535963,0.5165715820080699,0.6814777369929259,0.057550577804177015,0.057173428829987584,0.05728586730729698,0.05743996882523659,0.6239271591887489,0.6243043081629384,0.6241918696856289,0.6240377681676893
1681,1677,1685,8,0.5,0.5000435856719069,0.5,2.210658101321884,8.33265673722763,0.133232563362549,0.8744379141923884,0.013028616082683466,0.7992653832057357,0.9247516139885003,0.07604501783855934,0.07565778974306336,0.07573277744394256,0.07597542004483755,0.8487065961499409,0.8490938242454369,0.8490188365445577,0.8487761939436627
1682,1677,1685,8,0.625,0.6250427993324652,0.375,2.210658101321884,8.33265673722763,0.133232563362549,0.9216074722633387,0.013009433769493386,0.8691664670613942,0.9663148497205648,0.05376449896518784,0.05351839146314311,0.053555185469986756,0.053732679100781534,0.9125503507553769,0.9127964582574217,0.9127596642505781,0.9125821706197833
1683,1677,1685,8,0.75,0.750033026256548,0.25,2.210658101321884,8.33265673722763,0.133232563362549,0.7793495450417195,0.011740088088670423,0.7410616587724169,0.8151565231194667,0.045236491827349734,0.044936087249440114,0.04502381702404049,0.04515242448092519,0.7699200312921171,0.7702204358700266,0.7701327060954263,0.7700040986385416
1684,1677,1685,8,0.875,0.8750214558333356,0.125,2.210658101321884,8.33265673722763,0.133232563362549,0.4738160586113164,0.009314659936774404,0.4420099705510026,0.4978027472734796,0.0,0.0,0.0,0.0,0.4978027472734796,0.4978027472734796,0.4978027472734796,0.4978027472734796
1686,1685,1694,9,0.1111111111111111,0.1111325985173157,0.1111111111111111,10.09889630518849,33.84893079429757,0.18151400990998182,0.48209181436469695,0.007968994473092116,0.5183527705149884,0.491792798238642,0.006598421098998463,0.007142030633627711,0.006482722470813517,0.006913997419988822,0.4851943771396436,0.4846507676050143,0.48531007576782853,0.4848788008186532
1687,1685,1694,9,0.2222222222222222,0.22225640673209315,0.2222222222222222,10.09889630518849,33.84893079429757,0.18151400990998182,0.7479330698018829,0.008643343363608611,0.7457704031588352,0.7638410631299574,0.040198537077089376,0.03918254742641133,0.0395005513140849,0.03974204383722232,0.7236425260528679,0.724658515703546,0.7243405118158724,0.724099019292735
1688,1685,1694,9,0.3333333333333333,0.3333786167100455,0.3333333333333333,10.09889630518849,33.84893079429757,0.18151400990998182,1.0401058430060737,0.008681683493832552,1.022215888425219,1.0659665955163453,0.05684669932743957,0.055208045656223996,0.055793319335989466,0.05612901723893441,1.0091198961889059,1.0107585498601213,1.010173276180356,1.009837578277411
1689,1685,1694,9,0.4444444444444444,0.44449283550387214,0.4444444444444444,10.09889630518849,33.84893079429757,0.18151400990998182,1.2287118626743359,0.009441975345330676,1.2136029587802917,1.2683914489202321,0.03991351790459809,0.03910517804137171,0.03928049254307185,0.03957358247033414,1.228477931015634,1.2292862708788603,1.2291109563771603,1.228817866449898
1691,1685,1694,9,0.6666666666666666,0.6667092863153369,0.33333333333333337,10.09889630518849,33.84893079429757,0.18151400990998182,1.195889723581747,0.008887437473946611,1.1667752945876955,1.213222692678991,0.01586516764132412,0.0,0.009212625144826278,0.011957733468877216,1.197357525037667,1.213222692678991,1.2040100675341647,1.201264959210114
1692,1685,1694,9,0.7777777777777778,0.7778131165698002,0.2222222222222222,10.09889630518849,33.84893079429757,0.18151400990998182,1.0519418044737014,0.007557714125580027,1.0327634642410353,1.0574099395162129,0.0,0.0,0.0,0.0,1.0574099395162129,1.0574099395162129,1.0574099395162129,1.0574099395162129
1693,1685,1694,9,0.8888888888888888,0.8889073574033126,0.11111111111111116,10.09889630518849,33.84893079429757,0.18151400990998182,0.6410476173104601,0.00697096544376426,0.6353626232671703,0.6372800402591091,0.00837802628973082,0.010607463771565765,0.009442233601207639,0.0096334919096553,0.6289020139693783,0.6266725764875434,0.6278378066579015,0.6276465483494538
1696,1694,1701,7,0.2857142857142857,0.28538814660305,0.2857142857142857,8.723070029085934,37.557390014119996,0.20558089671800928,0.8821151318025651,0.009909915511489004,0.9088431406860049,0.8980309839458818,0.03483688837225948,0.04031375966243086,0.037486520129832376,0.0378588031067529,0.8631940955736223,0.8577172242834509,0.8605444638160494,0.8601721808391288
1697,1694,1701,7,0.42857142857142855,0.42807195473470694,0.42857142857142855,8.723070029085934,37.557390014119996,0.20558089671800928,1.1437616654955602,0.01091450313213262,1.1685917261652228,1.1707472960836842,0.05799475029075705,0.0621944933257278,0.059883481180220785,0.06033854703637633,1.1127525457929273,1.1085528027579563,1.1108638149034635,1.1104087490473078
1698,1694,1701,7,0.5714285714285714,0.5707526833154035,0.4285714285714286,8.723070029085934,37.557390014119996,0.20558089671800928,1.1446815741791736,0.010896251915881883,1.1662179203625158,1.1537598241467915,0.08283103286695832,0.08700356739398055,0.08445208510295596,0.08528366941713686,1.070928791279833,1.0667562567528108,1.0693077390438355,1.0684761547296546
1699,1694,1701,7,0.7142857142857143,0.7134210936922584,0.2857142857142857,8.723070029085934,37.557390014119996,0.20558089671800928,0.943599623263167,0.009776756992699797,1.0116252327444868,0.9633173570974688,0.07483586815537659,0.07790254394732395,0.07596366068901962,0.07665975417351524,0.8884814889420922,0.8854148131501448,0.8873536964084492,0.8866576029239536
1702,1701,1707,6,0.16666666666666666,0.1666599566135862,0.16666666666666666,3.7624595166707735,18.686588814985235,0.09508982905389791,0.5889824680339915,0.007390331358448696,0.5000837189278606,0.5964830062955924,0.0,0.0,0.0,0.0,0.5964830062955924,0.5964830062955924,0.5964830062955924,0.5964830062955924
1703,1701,1707,6,0.3333333333333333,0.3333163608461298,0.3333333333333333,3.7624595166707735,18.686588814985235,0.09508982905389791,0.9380965053832938,0.008900785879355803,0.8048418151462395,0.9026718843035105,0.05764336252252152,0.056830047298948916,0.057220536641853996,0.05724985117679001,0.845028521780989,0.8458418370045616,0.8454513476616565,0.8454220331267205
1704,1701,1707,6,0.5,0.4999834222218012,0.5,3.7624595166707735,18.686588814985235,0.09508982905389791,1.0058504953961604,0.008910815974708178,0.886591280571655,0.9723943105991167,0.06492320761776363,0.06433410960351163,0.06464675183792506,0.06460604089721461,0.9074711029813531,0.9080602009956051,0.9077475587611916,0.9077882697019022
1706,1701,1707,6,0.8333333333333334,0.8333246497352292,0.16666666666666663,3.7624595166707735,18.686588814985235,0.09508982905389791,0.41748530607634543,0.008137955694143785,0.3515579342442038,0.38179905159050664,0.02462758599995203,0.0243425653694491,0.02453670835616982,0.02441487884274719,0.3571714655905546,0.3574564862210575,0.3572623432343368,0.35738417274775947
1708,1707,1711,4,0.25,0.2499951161035386,0.25,2.6393122940659413,19.660041934466907,0.042761776068038646,0.05466787788673836,0.007008880373453576,0.1806216195708773,0.046459783243809304,0.01887590204314682,0.01892883154449113,0.01889763179592364,0.018899477979848235,0.027583881200662484,0.027530951699318174,0.027562151447885663,0.02756030526396107
1709,1707,1711,4,0.5,0.4999884562447276,0.5,2.6393122940659413,19.660041934466907,0.042761776068038646,0.08516951933004517,0.006849200082612882,0.22563839888079829,0.08272365609740778,0.0,0.0,0.0,0.0,0.08272365609740778,0.08272365609740778,0.08272365609740778,0.08272365609740778
1712,1711,1719,8,0.125,0.12499123256390018,0.125,3.336470548979517,12.424608279360243,0.1882922771641154,0.7592122641185158,0.007047575952118647,0.8095283911628969,0.7973016103626068,0.0441566420664141,0.04451579070375648,0.04433610109070847,0.044343532404906176,0.7531449682961927,0.7527858196588504,0.7529655092718983,0.7529580779577006
1713,1711,1719,8,0.25,0.24998157728617001,0.25,3.336470548979517,12.424608279360243,0.1882922771641154,1.2855333595321174,0.008877950962883343,1.2938051676064657,1.2791298569262404,0.0,0.0,0.0,0.0,1.2791298569262404,1.2791298569262404,1.2791298569262404,1.2791298569262404
1714,1711,1719,8,0.375,0.3749781368998524,0.375,3.336470548979517,12.424608279360243,0.1882922771641154,1.388823615667003,0.012312256261394304,1.3598700924164804,1.3799529093619698,0.061225069802480395,0.0601609169009179,0.06013468986904207,0.06123217905534229,1.3187278395594895,1.319791992461052,1.3198182194929278,1.3187207303066275
1716,1711,1719,8,0.625,0.62497835886026,0.375,3.336470548979517,12.424608279360243,0.1882922771641154,1.5630457094386674,0.014217987108124962,1.5453558964190666,1.5701475384708705,0.04537378069104787,0.04505072508704724,0.04467877860973472,0.045739298655531474,1.5247737577798226,1.5250968133838232,1.5254687598611358,1.5244082398153391
1717,1711,1719,8,0.75,0.7499811333653548,0.25,3.336470548979517,12.424608279360243,0.1882922771641154,1.2441457267741614,0.012706107778006653,1.189867862844658,1.210521952487931,0.04987659364149702,0.048486523266378964,0.04850334736406932,0.049850120019075295,1.1606453588464338,1.162035429221552,1.1620186051238617,1.1606718324688556
1718,1711,1719,8,0.875,0.8749910106034926,0.125,3.336470548979517,12.424608279360243,0.1882922771641154,0.6427184957825945,0.010325838295383336,0.5904840611510933,0.6287706509492886,0.044683798306264476,0.04398052622796953,0.04388349920419469,0.04477278688560246,0.5840868526430242,0.5847901247213191,0.584887151745094,0.5839978640636861
1721,1719,1728,9,0.2222222222222222,0.22220249676897075,0.2222222222222222,12.518705721253605,41.42917811253993,0.07393189619506492,0.4428864161951831,0.014951923618452658,0.4803204802070667,0.4769348593596025,0.07781623411265091,0.07732879861002938,0.07762639665500093,0.0776519417914119,0.3991186252469516,0.3996060607495731,0.3993084627046016,0.3992829175681906
1722,1719,1728,9,0.3333333333333333,0.33330887377130153,0.3333333333333333,12.518705721253605,41.42917811253993,0.07393189619506492,0.6208326072971273,0.01798992886539227,0.6214368388838182,0.6513719842686747,0.044681606119709824,0.04394699278344523,0.04433075323667488,0.04439139733818007,0.6066903781489649,0.6074249914852294,0.6070412310319998,0.6069805869304946
1723,1719,1728,9,0.4444444444444444,0.44441525077363225,0.4444444444444444,12.518705721253605,41.42917811253993,0.07393189619506492,0.5933111494853941,0.019099380895649776,0.6123645150897821,0.6074414636302212,0.0,0.0,0.0,0.0,0.6074414636302212,0.6074414636302212,0.6074414636302212,0.6074414636302212
1724,1719,1728,9,0.5555555555555556,0.5555279399210035,0.4444444444444444,12.518705721253605,41.42917811253993,0.07393189619506492,0.5450030490850215,0.01872401015141037,0.5853808384281666,0.5450171875250203,0.029864513256419395,0.02539029929832936,0.02723815047511012,0.027869887866545477,0.5151526742686009,0.5196268882266909,0.5177790370499101,0.5171472996584748
1726,1719,1728,9,0.7777777777777778,0.7777580523245263,0.2222222222222222,12.518705721253605,41.42917811253993,0.07393189619506492,0.39670703873208396,0.015964576453534003,0.38484167622248655,0.3978232504029106,0.028046717961377494,0.023920600865939137,0.025797882262300873,0.02636963322336425,0.36977653244153313,0.3739026495369715,0.3720253681406097,0.37145361717954634
1727,1719,1728,9,0.8888888888888888,0.888876264598808,0.11111111111111116,12.518705721253605,41.42917811253993,0.07393189619506492,0.2607884755877125,0.012138073005660688,0.2827420952109148,0.30003850673405086,0.04679730919095087,0.04588659158424392,0.04622011184343147,0.04637188232846144,0.2532411975431,0.25415191514980695,0.2538183948906194,0.2536666244055894
1729,1728,1734,6,0.16666666666666666,0.1677957337705043,0.16666666666666666,10.203007206323665,50.98615326581032,0.12521974186166737,0.2044438803703355,0.010564737373421201,0.35371118274008473,0.26153457011463915,0.09732860714270097,0.09800593991130768,0.0977157169523262,0.0977440522090172,0.16420596297193818,0.16352863020333147,0.16381885316231296,0.16379051790562194
1731,1728,1734,6,0.5,0.5032156371226779,0.5,10.203007206323665,50.98615326581032,0.12521974186166737,0.5817822100290779,0.011551457423242352,0.8182441073048214,0.7061312876194814,0.12545324441272482,0.12591610898837888,0.12577170670009416,0.12576723836406722,0.5806780432067566,0.5802151786311025,0.5803595809193872,0.5803640492554142
1732,1728,1734,6,0.6666666666666666,0.6688203532316022,0.33333333333333337,10.203007206323665,50.98615326581032,0.12521974186166737,0.5645353769641764,0.010731306571823128,0.7828978312597914,0.6732489683857843,0.1199367883438362,0.11912992913250214,0.11958193173725322,0.11960045279209054,0.553312180041948,0.5541190392532822,0.5536670366485311,0.5536485155936938
1733,1728,1734,6,0.8333333333333334,0.8344131551607461,0.16666666666666663,10.203007206323665,50.98615326581032,0.12521974186166737,0.4906842004609167,0.009594723482401814,0.6700033492803582,0.5711649682552327,0.10130420709185584,0.10101683391293588,0.10116726876455359,0.1012075537316525,0.4698607611633768,0.4701481343422968,0.46999769949067904,0.4699574145235802
1736,1734,1743,9,0.2222222222222222,0.222265938313929,0.2222222222222222,12.093644767965984,40.56353983977423,0.07948296629546137,1.120992746502379,0.012435713395427136,1.1474035691685311,1.1788861136027673,0.06816291236438209,0.0674795850254349,0.06780973238593338,0.06782145926246852,1.1107232012383852,1.1114065285773325,1.1110763812168338,1.1110646543402987
1737,1734,1743,9,0.3333333333333333,0.3333869122018276,0.3333333333333333,12.093644767965984,40.56353983977423,0.07948296629546137,1.649300733466428,0.014296240688059916,1.713609379370694,1.7300443963419245,0.0879550444514705,0.08727131122333848,0.08760466945917202,0.08770672676593919,1.642089351890454,1.642773085118586,1.6424397268827524,1.6423376695759853
1738,1734,1743,9,0.4444444444444444,0.444505487035913,0.4444444444444444,12.093644767965984,40.56353983977423,0.07948296629546137,1.9976601793627173,0.01516029132675339,2.0544778409003026,2.077738297409372,0.07466976211048203,0.07370284903819291,0.07415735853139296,0.07434349710924519,2.00306853529889,2.004035448371179,2.003580938877979,2.0033948003001267
1739,1734,1743,9,0.5555555555555556,0.5556160650239546,0.4444444444444444,12.093644767965984,40.56353983977423,0.07948296629546137,1.899875916240676,0.013935220449385114,1.9352289216254335,1.9349043389746765,0.06505232907023244,0.06627447820580362,0.06508523931608634,0.06619562682731346,1.869852009904444,1.868629860768873,1.8698190996585902,1.8687087121473631
1741,1734,1743,9,0.7777777777777778,0.7778196279387409,0.2222222222222222,12.093644767965984,40.56353983977423,0.07948296629546137,0.978231161452025,0.01035723618572047,1.0501743229000997,1.0407148890011688,0.06733344889899853,0.06683994592292737,0.06719785037009354,0.06706527817925031,0.9733814401021703,0.9738749430782414,0.9735170386310753,0.9736496108219185
1742,1734,1743,9,0.8888888888888888,0.8889142122346947,0.11111111111111116,12.093644767965984,40.56353983977423,0.07948296629546137,0.6421774827917225,0.009620066046515673,0.6688766694874475,0.6844320883756844,0.04139657931044254,0.04127820748425079,0.041289761084820555,0.0414312916443042,0.6430355090652419,0.6431538808914335,0.6431423272908638,0.6430007967313802
1744,1743,1760,17,0.058823529411764705,0.05884994594081621,0.058823529411764705,11.046390211208708,19.629041579999768,0.23147341199496557,0.15527585464649277,0.011141689355491955,0.36056511759542137,0.19218644618916825,0.07815148162189835,0.0775325900861118,0.07787350008401292,0.07785844356109163,0.1140349645672699,0.11465385610305645,0.11431294610515533,0.11432800262807662
1746,1743,1760,17,0.17647058823529413,0.17653839896694426,0.17647058823529413,11.046390211208708,19.629041579999768,0.23147341199496557,0.5486771556135548,0.011335919427317357,0.7372158880838907,0.5639744291914335,0.0,0.0,0.0,0.0,0.5639744291914335,0.5639744291914335,0.5639744291914335,0.5639744291914335
1747,1743,1760,17,0.23529411764705882,0.23537732971357106,0.23529411764705882,11.046390211208708,19.629041579999768,0.23147341199496557,0.7310028422083122,0.012266750652314409,0.9349044891055618,0.7568406605327871,0.043417361763071184,0.042458744388297325,0.043106517679809435,0.0429019282086889,0.7134232987697159,0.7143819161444898,0.7137341428529776,0.7139387323240982
1748,1743,1760,17,0.29411764705882354,0.29421414215362296,0.29411764705882354,11.046390211208708,19.629041579999768,0.23147341199496557,0.8824684340322991,0.013175643471988768,1.0777796701627145,0.9133128655862426,0.05232020867169778,0.050574978463235304,0.0517341963389652,0.051355399964358686,0.8609926569145449,0.8627378871230073,0.8615786692472773,0.8619574656218839
1749,1743,1760,17,0.35294117647058826,0.3530467179805251,0.35294117647058826,11.046390211208708,19.629041579999768,0.23147341199496557,1.0415213815348523,0.015028412791574092,1.216945996886228,1.0582458408412205,0.030368559493590047,0.028531375073425805,0.0296262217677437,0.02916938319108795,1.0278772813476305,1.0297144657677948,1.0286196190734769,1.0290764576501326
1751,1743,1760,17,0.47058823529411764,0.4707033964080299,0.47058823529411764,11.046390211208708,19.629041579999768,0.23147341199496557,1.0580761972793946,0.018575262110129793,1.1613659669985599,1.00819585104642,0.05664593637782696,0.056226929776488965,0.056409128587380994,0.05639856993621788,0.951549914668593,0.9519689212699309,0.951786722459039,0.9517972811102021
1752,1743,1760,17,0.5294117647058824,0.5295274990086325,0.47058823529411764,11.046390211208708,19.629041579999768,0.23147341199496557,0.889137446322599,0.020362256887929746,0.9964023976312119,0.8515066907768526,0.04715028914873066,0.04479402578441735,0.045717011561323156,0.04604689416249141,0.8043564016281219,0.8067126649924352,0.8057896792155295,0.8054597966143612
1753,1743,1760,17,0.5882352941176471,0.5883469413347704,0.4117647058823529,11.046390211208708,19.629041579999768,0.23147341199496557,0.858338613235011,0.02176602216250106,0.9035947458804819,0.7906488189697515,0.0801898070714802,0.07751499084030614,0.07859925584284315,0.07907260562367022,0.7104590118982713,0.7131338281294454,0.7120495631269084,0.7115762133460812
1754,1743,1760,17,0.6470588235294118,0.6471651126769633,0.3529411764705882,11.046390211208708,19.629041579999768,0.23147341199496557,0.3891131511850289,0.022911289235879373,0.27268608067263994,0.3356295622397214,0.15533546309683033,0.15248654064452077,0.1538207955769451,0.15404889832648502,0.18029409914289107,0.18314302159520063,0.1818087666627763,0.18158066391323638
1756,1743,1760,17,0.7647058823529411,0.7647895928445299,0.23529411764705888,11.046390211208708,19.629041579999768,0.23147341199496557,1.2253772080852428,0.022419475155497862,1.139726461296591,1.333665738213493,0.120836769804387,0.1190327528870937,0.11992456857938479,0.12000404009492292,1.212828968409106,1.2146329853263995,1.2137411696341083,1.2136616981185702
1757,1743,1760,17,0.8235294117647058,0.8235959016699035,0.17647058823529416,11.046390211208708,19.629041579999768,0.23147341199496557,1.3672453636897242,0.020565315532166818,1.2647898432291735,1.4533808082688966,0.09701103642664553,0.09544869893557865,0.09608620937775572,0.09643110639655958,1.3563697718422512,1.3579321093333179,1.357294598891141,1.356949701872337
1758,1743,1760,17,0.8823529411764706,0.8824009395113321,0.11764705882352944,11.046390211208708,19.629041579999768,0.23147341199496557,1.1093630641631385,0.018016597840148058,0.9356628832025338,1.1325497725681684,0.044277870104975074,0.045208719649567644,0.04543414087197071,0.04401440900395342,1.0882719024631933,1.0873410529186007,1.0871156316961976,1.088535363564215
1759,1743,1760,17,0.9411764705882353,0.941201317078296,0.05882352941176472,11.046390211208708,19.629041579999768,0.23147341199496557,0.5785984588456732,0.014903579655067535,0.3958362718464537,0.5916796090867366,0.0,0.0,0.0,0.0,0.5916796090867366,0.5916796090867366,0.5916796090867366,0.5916796090867366
1761,1760,1771,11,0.09090909090909091,0.09038659766979373,0.09090909090909091,12.726711234144284,34.73684693068229,0.13699794183380043,0.6166244598719193,0.011866106323516534,0.9229684112393793,0.625286819773268,0.010835139608403505,0.013330541942101424,0.012244150621704093,0.01202491662050451,0.6144516801648645,0.6119562778311667,0.6130426691515639,0.6132619031527635
1762,1760,1771,11,0.18181818181818182,0.18134195100111408,0.18181818181818182,12.726711234144284,34.73684693068229,0.13699794183380043,1.040864492577237,0.010388685997325637,1.334877786340708,1.0390351887255906,0.0,0.0,0.0,0.0,1.0390351887255906,1.0390351887255906,1.0390351887255906,1.0390351887255906
1763,1760,1771,11,0.2727272727272727,0.27229665358224964,0.2727272727272727,12.726711234144284,34.73684693068229,0.13699794183380043,1.4904007301593858,0.008504199448143885,1.7886732289740601,1.4879227264335968,0.015084728066328228,0.014504087365417875,0.015354390726110426,0.014378109165031096,1.4728379983672686,1.473418639068179,1.4725683357074864,1.4735446172685658
1764,1760,1771,11,0.36363636363636365,0.36325591141467883,0.36363636363636365,12.726711234144284,34.73684693068229,0.13699794183380043,1.5756797931589444,0.008130063734473014,1.8196138510055127,1.5207478553026383,0.05242641388038477,0.04808905249897945,0.05030431253926297,0.05021616048615925,1.4683214414222536,1.472658802803659,1.4704435427633753,1.470531694816479
1766,1760,1771,11,0.5454545454545454,0.5451750778297221,0.4545454545454546,12.726711234144284,34.73684693068229,0.13699794183380043,1.4982047323611811,0.008074897759044186,1.6956472211787437,1.4068189937626827,0.10079832848493701,0.09742405999056086,0.09919338795179586,0.0989729460851298,1.3060206652777457,1.3093949337721218,1.3076256058108868,1.3078460476775529
1767,1760,1771,11,0.6363636363636364,0.6361362879127058,0.36363636363636365,12.726711234144284,34.73684693068229,0.13699794183380043,0.9260459116747466,0.008775319106911345,1.1186080146953634,0.8219805344533471,0.11092973885778375,0.10767996712723163,0.10950593333505752,0.10910024341392821,0.7110507955955633,0.7143005673261155,0.7124746011182895,0.7128802910394189
1768,1760,1771,11,0.7272727272727273,0.7271007517466135,0.2727272727272727,12.726711234144284,34.73684693068229,0.13699794183380043,0.6922996761994183,0.009503114347398369,1.02303181356287,0.6976963445997446,0.05177132074861673,0.05244975807546335,0.05274470989717281,0.0515207100749844,0.6459250238511279,0.6452465865242812,0.6449516347025718,0.6461756345247602
1769,1760,1771,11,0.8181818181818182,0.8180652155805213,0.18181818181818177,12.726711234144284,34.73684693068229,0.13699794183380043,0.759714686893751,0.009608910223733742,1.0687923400971084,0.7343591213166892,0.05888507960377674,0.05825602087864665,0.05929234971467398,0.05791330269384507,0.6754740417129125,0.6761031004380426,0.6750667716020152,0.6764458186228441
1772,1771,1790,19,0.05263157894736842,0.052624466207710704,0.05263157894736842,9.337568964247282,14.743133299385285,0.2217333056269128,0.7381608239894727,0.012017695444517133,0.9558212424085085,0.7741891027463078,0.04993398739725816,0.050495115107707225,0.05018203663460021,0.050192336220886154,0.7242551153490496,0.7236939876386006,0.7240070661117076,0.7239967665254217
1773,1771,1790,19,0.10526315789473684,0.10524780309464009,0.10526315789473684,9.337568964247282,14.743133299385285,0.2217333056269128,1.4322302273934597,0.010236220489464976,1.5390047672167886,1.4461402646990809,0.047686995095353395,0.04760038487122571,0.047622445670879976,0.047563366745534304,1.3984532696037275,1.3985398798278552,1.3985178190282008,1.3985768979535464
1774,1771,1790,19,0.15789473684210525,0.15787415150365297,0.15789473684210525,9.337568964247282,14.743133299385285,0.2217333056269128,1.998994554636854,0.009208306804344805,2.0334326344813634,1.9924165616624476,0.03173651967742255,0.029805283204206293,0.031009360968000495,0.03033370045390859,1.960680041985025,1.9626112784582412,1.9614072006944472,1.962082861208539
1776,1771,1790,19,0.2631578947368421,0.26312722476193917,0.2631578947368421,9.337568964247282,14.743133299385285,0.2217333056269128,2.4597072129105726,0.009916165360346776,2.490873188510712,2.4165916110407855,0.06865558407378979,0.07127268945706487,0.06897876403107299,0.07077936154558166,2.3479360269669955,2.3453189215837207,2.3476128470097124,2.3458122494952036
1777,1771,1790,19,0.3157894736842105,0.3157543260514729,0.3157894736842105,9.337568964247282,14.743133299385285,0.2217333056269128,2.478097858335861,0.0103549388059461,2.5265686276393753,2.4304848548893077,0.054580175817777916,0.054713550264639456,0.054150196370506866,0.05497055210645241,2.37590467907153,2.375771304624668,2.3763346585188008,2.375514302782855
1778,1771,1790,19,0.3684210526315789,0.36838406242282973,0.3684210526315789,9.337568964247282,14.743133299385285,0.2217333056269128,2.4133359330092996,0.011057788540982454,2.47079218103331,2.362636967413973,0.07663764164780455,0.07930415981946666,0.07656977710110949,0.07920417091643706,2.2859993257661686,2.2833328075945065,2.2860671903128638,2.283432796497536
1779,1771,1790,19,0.42105263157894735,0.4210130459136657,0.42105263157894735,9.337568964247282,14.743133299385285,0.2217333056269128,2.377580187988894,0.011532082499130996,2.569398816941076,2.375108968096008,0.17408036164687585,0.17723941632009546,0.17397723595009537,0.17720205823926166,2.201028606449132,2.1978695517759124,2.2011317321459125,2.197906909856746
1781,1771,1790,19,0.5263157894736842,0.5262751537382023,0.4736842105263158,9.337568964247282,14.743133299385285,0.2217333056269128,2.5385780888587797,0.012296999828263247,2.8728919316146326,2.5320870972236302,0.14537033472544708,0.14466630665357638,0.1425540535063302,0.14735300998610557,2.386716762498183,2.387420790570054,2.3895330437173,2.3847340872375247
1782,1771,1790,19,0.5789473684210527,0.5789082780719031,0.42105263157894735,9.337568964247282,14.743133299385285,0.2217333056269128,2.4655557212453796,0.010741030026195251,2.8654923084335895,2.480660866042514,0.16882646541918533,0.16668240516369068,0.16508915669472712,0.1703040163475044,2.3118344006233285,2.313978460878823,2.315571709347787,2.3103568496950095
1783,1771,1790,19,0.631578947368421,0.6315414024056039,0.368421052631579,9.337568964247282,14.743133299385285,0.2217333056269128,2.574444139205759,0.009378206883833952,2.9950141919445223,2.590506944488651,0.08178440600847424,0.07898357093194659,0.07748081747730289,0.08311045610028366,2.5087225384801766,2.511523373556704,2.513026127011348,2.507396488388367
1784,1771,1790,19,0.6842105263157895,0.6841760325003463,0.3157894736842105,9.337568964247282,14.743133299385285,0.2217333056269128,2.203373090756378,0.008666788420694956,2.5443082624845945,2.1250039349298446,0.09927953405885959,0.09207980510246888,0.09483427116340744,0.09668662979418761,2.025724400870985,2.032924129827376,2.0301696637664373,2.028317305135657
1786,1771,1790,19,0.7894736842105263,0.7894471748911335,0.21052631578947367,9.337568964247282,14.743133299385285,0.2217333056269128,1.037991080751519,0.01250234858787842,1.3882236249301638,1.042586474527873,0.0,0.0,0.0,0.0,1.042586474527873,1.042586474527873,1.042586474527873,1.042586474527873
1787,1771,1790,19,0.8421052631578947,0.8420829343066573,0.1578947368421053,9.337568964247282,14.743133299385285,0.2217333056269128,0.9475541883229485,0.011661779058932589,1.3506887107894172,0.9623909476670535,0.06863264734886768,0.06967430495766846,0.0677432308731295,0.07045579983310839,0.8937583003181858,0.892716642709385,0.894647716793924,0.8919351478339451
1788,1771,1790,19,0.8947368421052632,0.8947217052442645,0.10526315789473684,9.337568964247282,14.743133299385285,0.2217333056269128,0.7676410755012083,0.011435454475707743,1.1626598217921507,0.7459171856889172,0.03350615513855798,0.030884900891101283,0.031689333308032044,0.03275944335570058,0.7124110305503593,0.7150322847978159,0.7142278523808852,0.7131577423332166
1789,1771,1790,19,0.9473684210526315,0.947359723301351,0.052631578947368474,9.337568964247282,14.743133299385285,0.2217333056269128,0.3633767063982109,0.013068347813422547,0.7496306770365272,0.3426569109814977,0.050081372853735075,0.04914077431487444,0.04974328986473061,0.04951238196023937,0.2925755381277626,0.29351613666662324,0.2929136211167671,0.2931445290212583
1791,1790,1804,14,0.07142857142857142,0.07175191302499741,0.07142857142857142,7.3554858038114626,15.837651621987304,0.1096058373999273,0.39478218955688477,0.01049524436031931,0.6196567882398932,0.3637708629334964,0.017011547365648336,0.017445285111587747,0.017238619932496903,0.017202438247738417,0.34675931556784806,0.34632557782190865,0.3465322430009995,0.346568424685758
1792,1790,1804,14,0.14285714285714285,0.14317681761759213,0.14285714285714285,7.3554858038114626,15.837651621987304,0.1096058373999273,0.441633353866457,0.013444240981344608,0.5931817268741593,0.35549760487283083,0.0859737494449864,0.0864208973567828,0.08619315701414056,0.08620313001062394,0.2695238554278444,0.26907670751604806,0.2693044478586903,0.2692944748622069
1793,1790,1804,14,0.21428571428571427,0.2145960752827827,0.21428571428571427,7.3554858038114626,15.837651621987304,0.1096058373999273,0.3261960969066848,0.016795178211727414,0.33785030681846356,0.28532109338458506,0.09246685547863524,0.09297406331263165,0.09268791130477068,0.09276720630523995,0.1928542379059498,0.19234703007195342,0.1926331820798144,0.19255388707934512
1794,1790,1804,14,0.2857142857142857,0.2860137928768631,0.2857142857142857,7.3554858038114626,15.837651621987304,0.1096058373999273,0.47295268003144764,0.019056373423346644,0.32328306064832113,0.4654153446977983,0.05108816249941655,0.05183829500920792,0.051377858739610725,0.05156168016957755,0.41432718219838177,0.41357704968859044,0.4140374859581876,0.41385366452822075
1796,1790,1804,14,0.42857142857142855,0.4288379342102156,0.42857142857142855,7.3554858038114626,15.837651621987304,0.1096058373999273,0.882791247461375,0.022815555512882047,0.6247201272872516,0.9255158208576348,0.09208527452920492,0.09257048006330656,0.0921982044933968,0.09248419037462102,0.8334305463284299,0.8329453407943282,0.8333176163642381,0.8330316304830139
1797,1790,1804,14,0.5,0.500243844592451,0.5,7.3554858038114626,15.837651621987304,0.1096058373999273,1.0900256545841802,0.023728047162425617,0.7961923039930954,1.1268799465312112,0.09569206405630645,0.095995739453754,0.09570770361024235,0.09599705043763626,1.0311878824749048,1.030884207077457,1.0311722429209689,1.030882896093575
1798,1790,1804,14,0.5714285714285714,0.5716487282606129,0.4285714285714286,7.3554858038114626,15.837651621987304,0.1096058373999273,1.2495866817250778,0.02403816718397015,0.9692603083895963,1.3029371734349675,0.0993032881112699,0.09953861971903209,0.0992184534772815,0.09964118339874933,1.2036338853236976,1.2033985537159355,1.203718719957686,1.2032959900362181
1799,1790,1804,14,0.6428571428571429,0.6430479650013706,0.3571428571428571,7.3554858038114626,15.837651621987304,0.1096058373999273,1.3304538921537403,0.024031973156787113,1.044724280547026,1.3666333102503738,0.0731559563977314,0.07326146675231154,0.07300456207940997,0.07342808435803758,1.2934773538526425,1.2933718434980623,1.2936287481709638,1.2932052258923363
1801,1790,1804,14,0.7857142857142857,0.7858382247702984,0.2142857142857143,7.3554858038114626,15.837651621987304,0.1096058373999273,1.0422139961766725,0.021221506509549855,0.7505294813982472,1.0499703133464555,0.0,0.0,0.0,0.0,1.0499703133464555,1.0499703133464555,1.0499703133464555,1.0499703133464555
1802,1790,1804,14,0.8571428571428571,0.8572297611555051,0.1428571428571429,7.3554858038114626,15.837651621987304,0.1096058373999273,0.7251572806669148,0.019039765303056757,0.45398638520282936,0.735805290409995,0.03252470055565657,0.0327571344021517,0.03272611226531755,0.03256649160513008,0.7032805898543384,0.7030481560078433,0.7030791781446775,0.703238798804865
1803,1790,1804,14,0.9285714285714286,0.9286156506133076,0.0714285714285714,7.3554858038114626,15.837651621987304,0.1096058373999273,0.36851197742750663,0.016709126532401336,0.15830978508195512,0.3699693069018153,0.034461864782092656,0.03467884384306062,0.034785031840923866,0.03435658217408888,0.3355074421197226,0.33529046305875465,0.33518427506089143,0.3356127247277264
1806,1804,1813,9,0.2222222222222222,0.2222589875157851,0.2222222222222222,5.3845998412519425,18.050679080997448,0.15041265578749838,1.1017679410879047,0.011624870957502814,1.373827203819004,1.140242460373225,0.046136086472402284,0.045723514350055325,0.045987338964382056,0.045901135243735576,1.0941063739008228,1.0945189460231697,1.094255121408843,1.0943413251294896
1807,1804,1813,9,0.3333333333333333,0.33337968957304304,0.3333333333333333,5.3845998412519425,18.050679080997448,0.15041265578749838,1.368088314471539,0.010990383823267044,1.5963569730399707,1.386250673899064,0.0,0.0,0.0,0.0,1.386250673899064,1.386250673899064,1.386250673899064,1.386250673899064
1808,1804,1813,9,0.4444444444444444,0.44449639540273983,0.4444444444444444,5.3845998412519425,18.050679080997448,0.15041265578749838,1.416559109159675,0.01097121288677367,1.6232213418119321,1.4304889785503954,0.0,0.0,0.0,0.0,1.4304889785503954,1.4304889785503954,1.4304889785503954,1.4304889785503954
1809,1804,1813,9,0.5555555555555556,0.5556067072683387,0.4444444444444444,5.3845998412519425,18.050679080997448,0.15041265578749838,1.4452981528376363,0.011235928292992714,1.695358944780514,1.4857593975720171,0.039090115102374604,0.03835264267558594,0.03888195708707521,0.038615175481065286,1.4466692824696425,1.4474067548964311,1.4468774404849418,1.4471442220909518
1811,1804,1813,9,0.7777777777777778,0.7778137438258285,0.2222222222222222,5.3845998412519425,18.050679080997448,0.15041265578749838,1.2611924210175547,0.012772950036919363,1.459030368428766,1.2337222430123735,0.0321164559982095,0.03248963496147736,0.03228096246209057,0.032277790835009826,1.201605787014164,1.2012326080508962,1.201441280550283,1.2014444521773637
1812,1804,1813,9,0.8888888888888888,0.8889112677632315,0.11111111111111116,5.3845998412519425,18.050679080997448,0.15041265578749838,0.5467472701230647,0.015021969244021036,0.7537189712532246,0.5093442411972641,0.04191960501953858,0.04218284684652274,0.04202926656134916,0.0420589084307908,0.4674246361777255,0.46716139435074133,0.4673149746359149,0.46728533276647327
1814,1813,1824,11,0.09090909090909091,0.09076957237271753,0.09090909090909091,4.451404432240016,12.193087573314457,0.09051191257274152,0.4198926798025233,0.009213428103839074,0.6165285161528126,0.42239881978826005,0.05377868052973875,0.05387997465996821,0.05383249469495974,0.05383042954997484,0.36862013925852133,0.36851884512829186,0.36856632509330034,0.3685683902382852
1816,1813,1824,11,0.2727272727272727,0.2722923904809174,0.2727272727272727,4.451404432240016,12.193087573314457,0.09051191257274152,0.9934977190846551,0.013149824445533361,1.0117002254241172,1.0510130941235345,0.07325133820248239,0.07246664006539362,0.07285728741703448,0.07287240670889229,0.9777617559210521,0.9785464540581409,0.9781558067065,0.9781406874146422
1817,1813,1824,11,0.36363636363636365,0.3630469423473786,0.36363636363636365,4.451404432240016,12.193087573314457,0.09051191257274152,1.1685969816372204,0.014097981272507627,1.1219476501867722,1.2137144565891325,0.05981601089265173,0.059070820033059454,0.05946018663505941,0.05943315680571777,1.1538984456964807,1.154643636556073,1.154254269954073,1.1542812997834146
1818,1813,1824,11,0.45454545454545453,0.4537988819518821,0.45454545454545453,4.451404432240016,12.193087573314457,0.09051191257274152,1.1303589760619064,0.01474539316895213,1.0812824580969824,1.165341339175106,0.03368795530236433,0.03253003519149176,0.033103272098931755,0.0331237251827468,1.1316533838727416,1.1328113039836143,1.1322380670761742,1.1322176139923592
1819,1813,1824,11,0.5454545454545454,0.544544943966981,0.4545454545454546,4.451404432240016,12.193087573314457,0.09051191257274152,0.9783127511694879,0.014503226968283359,0.9557285939881771,1.019362526674494,0.04684342823897529,0.04533055833151833,0.04601571458314041,0.04617065963917082,0.9725190984355186,0.9740319683429756,0.9733468120913535,0.9731918670353231
1821,1813,1824,11,0.7272727272727273,0.726066455944202,0.2727272727272727,4.451404432240016,12.193087573314457,0.09051191257274152,1.035985442409409,0.011806000497432715,0.9528205487306411,1.0888285540047111,0.04875457268447568,0.04789356704691205,0.04829855209614651,0.048358958019388776,1.0400739813202355,1.040934986957799,1.0405300019085646,1.0404695959853223
1822,1813,1824,11,0.8181818181818182,0.8171070504950236,0.18181818181818177,4.451404432240016,12.193087573314457,0.09051191257274152,0.737111206731267,0.009965562432277105,0.6911473103097777,0.7708578901210579,0.02584583201131669,0.025670804564047342,0.025895180894222762,0.025625308188275058,0.7450120581097411,0.7451870855570105,0.7449627092268352,0.7452325819327829
1823,1813,1824,11,0.9090909090909091,0.9085505864528095,0.09090909090909094,4.451404432240016,12.193087573314457,0.09051191257274152,0.39695074677021386,0.00826366063314677,0.4591677426272484,0.44119679196328115,0.04722010876258535,0.04699870623866442,0.04712568318516987,0.04709644366758188,0.3939766832006958,0.39419808572461673,0.3940711087781113,0.3941003482956993
1826,1824,1839,15,0.13333333333333333,0.1333065837715835,0.13333333333333333,9.800558899289332,19.565506865415358,0.0676889731705168,0.37544121725445845,0.01676071194004456,0.5049527816351731,0.41672284491381834,0.05692227984568166,0.05804577821840218,0.05747759222062097,0.05746003576676315,0.3598005650681367,0.35867706669541616,0.35924525269319735,0.35926280914705516
1827,1824,1839,15,0.2,0.19996154155534898,0.2,9.800558899289332,19.565506865415358,0.0676889731705168,0.7553827234880124,0.020000059504740306,0.9975444865425557,0.848538284283485,0.10817619841921336,0.10952338830289259,0.1088408146163982,0.10879158143322688,0.7403620858642717,0.7390148959805924,0.7396974696670868,0.7397467028502581
1828,1824,1839,15,0.26666666666666666,0.26662078307676124,0.26666666666666666,9.800558899289332,19.565506865415358,0.0676889731705168,1.4061901033163318,0.022637480478888593,1.7257731321136192,1.5237704574580804,0.11813186637378932,0.11988535499167984,0.11899842368628724,0.1189377082925406,1.405638591084291,1.4038851024664005,1.404772033771793,1.4048327491655397
1829,1824,1839,15,0.3333333333333333,0.33328050056902314,0.3333333333333333,9.800558899289332,19.565506865415358,0.0676889731705168,1.8169133504556545,0.02300610705870404,2.0746748448350187,1.8575852938357318,0.04729344331939936,0.04978297406415935,0.0484820052329309,0.04856768507707245,1.8102918505163323,1.8078023197715725,1.809103288602801,1.8090176087586594
1831,1824,1839,15,0.4666666666666667,0.46660707511629157,0.4666666666666667,9.800558899289332,19.565506865415358,0.0676889731705168,1.5430219097734503,0.02505027964357351,1.7551097503579958,1.5022370623115662,0.043488873860183234,0.0406628755723668,0.042159624493268245,0.0420497781666845,1.4587481884513829,1.4615741867391994,1.460077437818298,1.4601872841448817
1832,1824,1839,15,0.5333333333333333,0.5332748841129974,0.4666666666666667,9.800558899289332,19.565506865415358,0.0676889731705168,0.9251735413532648,0.025859565431590674,1.1790252351334602,0.8909340417457436,0.032519540757318915,0.03186563246620375,0.03211609505456688,0.032349481114599676,0.8584145009884248,0.8590684092795399,0.8588179466911767,0.858584560631144
1833,1824,1839,15,0.6,0.5999431690805528,0.4,9.800558899289332,19.565506865415358,0.0676889731705168,0.7119869503578314,0.024597375017553207,1.0361867132061424,0.723593940837415,0.0216998677994862,0.02390255149415711,0.022646249889476163,0.022962621921955157,0.7018940730379288,0.6996913893432579,0.7009476909479389,0.7006313189154598
1834,1824,1839,15,0.6666666666666666,0.6666147858440558,0.33333333333333337,9.800558899289332,19.565506865415358,0.0676889731705168,0.7556834226702126,0.02316397188238717,1.051649232646796,0.7749160182900909,0.023512577988442983,0.024439681735608818,0.023607668967910844,0.024212475643031677,0.751403440301648,0.7504763365544821,0.75130834932218,0.7507035426470593
1836,1824,1839,15,0.8,0.7999632550504077,0.19999999999999996,9.800558899289332,19.565506865415358,0.0676889731705168,0.6203505885038135,0.018852269608563517,0.7499959998020473,0.5864465947520445,0.04772143991432898,0.04588907018883368,0.04675336502340288,0.04681098774268276,0.5387251548377155,0.5405575245632108,0.5396932297286416,0.5396356070093618
1837,1824,1839,15,0.8666666666666667,0.8666391555515573,0.1333333333333333,9.800558899289332,19.565506865415358,0.0676889731705168,0.3811373109859702,0.01711694676204239,0.5560383726122167,0.38149584226410255,0.0672873459817669,0.06641244849842784,0.06681457456591473,0.06685226044802653,0.31420849628233566,0.31508339376567474,0.3146812676981878,0.314643581816076
1838,1824,1839,15,0.9333333333333333,0.9333193397903539,0.06666666666666665,9.800558899289332,19.565506865415358,0.0676889731705168,0.18501365062230643,0.013622450240216967,0.47917733390526623,0.18664246217630603,0.0,0.0,0.0,0.0,0.18664246217630603,0.18664246217630603,0.18664246217630603,0.18664246217630603
1841,1839,1847,8,0.25,0.24997635883189434,0.25,7.722899989368761,28.897706286596396,0.13233879781461863,0.7359837068837844,0.009870187483429048,0.8641633351653809,0.7727243930603102,0.047558366496602576,0.044931298480411296,0.0461709829390007,0.046353418055252504,0.7251660265637075,0.7277930945798988,0.7265534101213095,0.7263709750050577
1842,1839,1847,8,0.375,0.37497212126402635,0.375,7.722899989368761,28.897706286596396,0.13233879781461863,1.1393886644384696,0.00952436754991216,1.267790300628248,1.1853259056352992,0.049574028547715206,0.047735107203465486,0.04858096334901608,0.04879305313450118,1.1357518770875838,1.1375907984318336,1.136744942286283,1.136532852500798
1843,1839,1847,8,0.5,0.49996877581570953,0.5,7.722899989368761,28.897706286596396,0.13233879781461863,1.448770599835675,0.009646935881492779,1.5884272078165673,1.4884386692123261,0.06042507031658878,0.05914798305894838,0.059680158562789215,0.059960758617875864,1.4280135988957374,1.4292906861533778,1.4287585106495369,1.4284779105944503
1844,1839,1847,8,0.625,0.6249725673238019,0.375,7.722899989368761,28.897706286596396,0.13233879781461863,1.6367039561498546,0.009702674399869996,1.8053260748277618,1.6704118530163257,0.04724971858663965,0.04735991974565666,0.04728275518612361,0.047372098372636895,1.623162134429686,1.623051933270669,1.623129097830202,1.6230397546436888
1846,1839,1847,8,0.875,0.8749881794159472,0.125,7.722899989368761,28.897706286596396,0.13233879781461863,0.7489499839940598,0.01108069401895555,0.9459991440643596,0.6928661601477727,0.06653691232143652,0.06687218397434574,0.06668482889569215,0.06669341611419931,0.6263292478263361,0.625993976173427,0.6261813312520805,0.6261727440335734
1848,1847,1854,7,0.14285714285714285,0.14286500725855122,0.14285714285714285,8.074451062138536,34.52572951266975,0.15144598523150501,0.8890280668542239,0.017329675770733615,0.8731127327741458,0.9533007625777272,0.061298321877442476,0.059818588253920967,0.060603618079161814,0.06060421338129614,0.8920024407002848,0.8934821743238063,0.8926971444985654,0.892696549196431
1849,1847,1854,7,0.2857142857142857,0.28573001451710245,0.2857142857142857,8.074451062138536,34.52572951266975,0.15144598523150501,1.7870659676161067,0.02111115685036067,1.7159476603139696,1.8642805531282063,0.07841612467943355,0.0764593028725383,0.07745367040691782,0.07755294721592074,1.7858644284487728,1.787821250255668,1.7868268827212885,1.7867276059122856
1851,1847,1854,7,0.5714285714285714,0.5714773598447159,0.4285714285714286,8.074451062138536,34.52572951266975,0.15144598523150501,1.686784608040965,0.019681590832518213,1.5054256681700242,1.5665974278071624,0.12176296175370248,0.1240891758286595,0.12269872072024948,0.12297791460114348,1.44483446605346,1.4425082519785029,1.443898707086913,1.443619513206019
1852,1847,1854,7,0.7142857142857143,0.7143882427781493,0.2857142857142857,8.074451062138536,34.52572951266975,0.15144598523150501,0.7215908660167432,0.016893349840167278,0.8017541508442404,0.6520089574301686,0.08104129711543918,0.08219682153234288,0.08147368038505214,0.0816105667129601,0.5709676603147295,0.5698121358978258,0.5705352770451165,0.5703983907172085
1853,1847,1854,7,0.8571428571428571,0.8571890240918655,0.1428571428571429,8.074451062138536,34.52572951266975,0.15144598523150501,0.2882605987235513,0.015473196235246199,0.565422350652056,0.28270730370307606,0.01941063833027504,0.017732475160264608,0.018613926986501553,0.01847711160457732,0.263296665372801,0.26497482854281146,0.2640933767165745,0.26423019209849874
1856,1854,1864,10,0.2,0.1999695954915681,0.2,8.025706117961944,24.025450767101646,0.12032088268460167,0.37423888508513503,0.012529399232806604,0.6884222725742072,0.3322778067493332,0.047740855103159646,0.04561231408236544,0.04672525947989785,0.04661492250672698,0.28453695164617354,0.2866654926669678,0.28555254726943535,0.2856628842426062
1857,1854,1864,10,0.3,0.299959032422911,0.3,8.025706117961944,24.025450767101646,0.12032088268460167,0.5355983205688152,0.013402733411184968,0.7166583747486577,0.5511591021351321,0.06570154031639212,0.06356489829865236,0.0647675337980559,0.06448250438672777,0.48545756181873995,0.4875942038364797,0.4863915683370762,0.4866765977484043
1858,1854,1864,10,0.4,0.399955606562806,0.4,8.025706117961944,24.025450767101646,0.12032088268460167,0.7727047344701535,0.013087774097321425,0.8837437765296055,0.7388346064083112,0.03227994382680106,0.03298725226233962,0.032961387454064364,0.03242300563437233,0.7065546625815101,0.7058473541459716,0.7058732189542468,0.7064116007739389
1859,1854,1864,10,0.5,0.4999514669818458,0.5,8.025706117961944,24.025450767101646,0.12032088268460167,0.6684744387391263,0.011879063927325736,0.9491012815372658,0.6425384763606911,0.09775207152787391,0.09824199301282738,0.09819038851122634,0.09789463339423435,0.5447864048328172,0.5442964833478636,0.5443480878494648,0.5446438429664567
1861,1854,1864,10,0.7,0.69995888967874,0.30000000000000004,8.025706117961944,24.025450767101646,0.12032088268460167,0.6679018309526168,0.009286764459322083,1.204603218301595,0.7344520001120877,0.10445002435039084,0.10542109071746084,0.10508021817398872,0.10485275518591758,0.6300019757616968,0.6290309093946268,0.629371781938099,0.62959924492617
1862,1854,1864,10,0.8,0.7999704519565943,0.19999999999999996,8.025706117961944,24.025450767101646,0.12032088268460167,0.7357686517758911,0.008974366580435406,1.2533331354208537,0.8106084590130569,0.09009287170076494,0.09146323072603213,0.09092599690853774,0.0906680406737368,0.7205155873122919,0.7191452282870248,0.7196824621045191,0.7199404183393201
1863,1854,1864,10,0.9,0.8999820142344488,0.09999999999999998,8.025706117961944,24.025450767101646,0.12032088268460167,0.6014413012734634,0.01086912193368803,1.024539250020968,0.6225198526230251,0.038312860909770124,0.04039137141177642,0.03965641732674523,0.03906263177942024,0.584206991713255,0.5821284812112487,0.5828634352962799,0.5834572208436049
1866,1864,1876,12,0.16666666666666666,0.16663555335714592,0.16666666666666666,11.11618881370527,27.719387598559393,0.2089288333003944,0.48404836350027697,0.029708839457087986,0.20427978973082422,0.514706978567704,0.10190856251496988,0.10052564243665904,0.10106148981962212,0.10099908620984714,0.4127984160527341,0.4141813361310449,0.4136454887480818,0.4137078923578568
1867,1864,1876,12,0.25,0.24995659990582775,0.25,11.11618881370527,27.719387598559393,0.2089288333003944,0.8847745323674634,0.03417930432201464,0.6283818181219419,0.942819049653659,0.059775150919701606,0.0532674287473998,0.056485138493679206,0.05645264973685843,0.8830438987339574,0.8895516209062593,0.8863339111599798,0.8863663999168006
1868,1864,1876,12,0.3333333333333333,0.33328359167288935,0.3333333333333333,11.11618881370527,27.719387598559393,0.2089288333003944,1.3694632064101229,0.037012157127565136,1.1246214134868089,1.4110938970037499,0.0960980204808257,0.09116126590121358,0.09346602900104879,0.09328113881295338,1.3149958765229242,1.3199326311025363,1.3176278680027012,1.3178127581907966
1869,1864,1876,12,0.4166666666666667,0.41661117796178887,0.4166666666666667,11.11618881370527,27.719387598559393,0.2089288333003944,1.6077993737615235,0.03745481719239597,1.405421721386216,1.6723176045098829,0.16607418702752408,0.16368760250415745,0.1647788086977387,0.1643877679080823,1.506243417482359,1.5086300020057255,1.5075387958121442,1.5079298366018006
1871,1864,1876,12,0.5833333333333334,0.5832770519326715,0.41666666666666663,11.11618881370527,27.719387598559393,0.2089288333003944,1.866551453020842,0.035247711669076746,1.6679438658664816,1.899072561285248,0.04302637565167001,0.035402872557574495,0.03883068586825393,0.03923978095134961,1.856046185633578,1.8636696887276734,1.860241875416994,1.8598327803338983
1872,1864,1876,12,0.6666666666666666,0.6666165286583307,0.33333333333333337,11.11618881370527,27.719387598559393,0.2089288333003944,1.6493360971070465,0.034338043491743936,1.4500838889451668,1.6773612612036064,0.041112099038665695,0.034389267521597815,0.03650525702662516,0.038410100056765345,1.6362491621649407,1.6429719936820086,1.6408560041769813,1.638951161146841
1873,1864,1876,12,0.75,0.7499560053839898,0.25,11.11618881370527,27.719387598559393,0.2089288333003944,1.3919304170935682,0.03168518266574694,1.2646005279633932,1.4148800242231165,0.07088187125229968,0.07012150684317132,0.06969881668461982,0.07086344938152025,1.343998152970817,1.3447585173799452,1.3451812075384968,1.3440165748415962
1874,1864,1876,12,0.8333333333333334,0.8333020218498666,0.16666666666666663,11.11618881370527,27.719387598559393,0.2089288333003944,1.022518700147369,0.02944875058255234,0.9520039568222657,1.0167616497616363,0.01887204126795068,0.013868693204363226,0.01523846387387065,0.017683829087350594,0.9978896084936856,1.002892956557273,1.0015231858877656,0.9990778206742857
1877,1876,1883,7,0.14285714285714285,0.14290752598735645,0.14285714285714285,9.750801111040518,41.68763809458164,0.07912895886802049,0.22955182674416452,0.025802079400683072,0.25043892957286734,0.23334046968282984,0.017864556763417264,0.016324765966104746,0.017088579701568987,0.017133023655704283,0.2154759129194126,0.2170157037167251,0.21625188998126085,0.21620744602712555
1878,1876,1883,7,0.2857142857142857,0.28582524509354224,0.2857142857142857,9.750801111040518,41.68763809458164,0.07912895886802049,0.3684599480676521,0.02740364134822341,0.21034909232368956,0.3529025552472498,0.03190987682341268,0.03048600801314032,0.0311504773906127,0.03122428847615899,0.3209926784238371,0.32241654723410945,0.32175207785663706,0.3216782667710908
1879,1876,1883,7,0.42857142857142855,0.42874398351161097,0.42857142857142855,9.750801111040518,41.68763809458164,0.07912895886802049,0.29737612934500046,0.027864229364999115,0.23505783988119347,0.31376348506507723,0.08793444319382059,0.08846552737395245,0.08815831333562955,0.08812635985194932,0.22582904187125663,0.22529795769112476,0.22560517172944766,0.2256371252131279
1881,1876,1883,7,0.7142857142857143,0.7146018465854072,0.2857142857142857,9.750801111040518,41.68763809458164,0.07912895886802049,0.9774028692176574,0.026794587057871046,0.9876136958480226,0.959606664806381,0.06760839157372692,0.06551477620021044,0.06631919024387839,0.06678268041417858,0.8919982732326541,0.8940918886061706,0.8932874745625026,0.8928239843922025
1882,1876,1883,7,0.8571428571428571,0.8579099621427567,0.1428571428571429,9.750801111040518,41.68763809458164,0.07912895886802049,0.46285426220126824,0.027238122584832727,0.5955393802583977,0.38738006786006746,0.08482968203443397,0.0838036260291368,0.08423277747946174,0.08442320076797018,0.3025503858256335,0.3035764418309307,0.3031472903806057,0.3029568670920973
1884,1883,1894,11,0.09090909090909091,0.0909232033604237,0.09090909090909091,9.548255434878374,26.121740978339947,0.20805173233587437,0.5491335613414963,0.025605334906850165,1.017794617517956,0.5541349797023798,0.030944584101124523,0.033331022391903505,0.0320124394370281,0.03217269157246576,0.5231903956012552,0.5208039573104762,0.5221225402653517,0.5219622881299141
1886,1883,1894,11,0.2727272727272727,0.2727604784951146,0.2727272727272727,9.548255434878374,26.121740978339947,0.20805173233587437,1.1125528602551342,0.028128426258199238,1.5237576522129443,1.1187292510240539,0.10935267601589235,0.10707318471860995,0.10821543472808783,0.10835093033356803,1.0093765750081616,1.011656066305444,1.010513816295966,1.0103783206904857
1887,1883,1894,11,0.36363636363636365,0.36367389801322775,0.36363636363636365,9.548255434878374,26.121740978339947,0.20805173233587437,1.3603753708173139,0.02942516306652859,1.7333784518663542,1.3638812640126308,0.054960138246518596,0.050767963622491585,0.05282272985629359,0.05295349038961337,1.3089211257661122,1.3131133003901392,1.3110585341563372,1.3109277736230174
1888,1883,1894,11,0.45454545454545453,0.4545866652751869,0.45454545454545453,9.548255434878374,26.121740978339947,0.20805173233587437,1.4476788101023035,0.030620684834228966,1.786239549188534,1.4633325544985245,0.11295161170464957,0.10758567913234396,0.11022745131048431,0.11041488387546089,1.3503809427938749,1.3557468753661805,1.3531051031880401,1.3529176706230637
1889,1883,1894,11,0.5454545454545454,0.5454942144879137,0.4545454545454546,9.548255434878374,26.121740978339947,0.20805173233587437,1.6492616093431267,0.03245211148769115,1.9450594278271844,1.7224635552152296,0.1719715959560062,0.16585296694439722,0.16877172313200628,0.16915100815201092,1.5504919592592235,1.5566105882708325,1.5536918320832234,1.5533125470632188
1891,1883,1894,11,0.7272727272727273,0.727304094864135,0.2727272727272727,9.548255434878374,26.121740978339947,0.20805173233587437,1.6456492547817672,0.033923407403410405,1.8614005208494322,1.6811381894385862,0.09195449518704962,0.08483733519623797,0.08793911320669633,0.08887379380564188,1.5891836942515365,1.5963008542423482,1.59319907623189,1.5922643956329443
1892,1883,1894,11,0.8181818181818182,0.8182070782837836,0.18181818181818177,9.548255434878374,26.121740978339947,0.20805173233587437,1.2844151212431139,0.032929745695729415,1.5245611074559655,1.320022108054678,0.06917230745717202,0.06372743676568321,0.06584417130432205,0.0670895141386173,1.250849800597506,1.2562946712889946,1.2541779367503558,1.2529325939160607
1893,1883,1894,11,0.9090909090909091,0.9091041913980459,0.09090909090909094,9.548255434878374,26.121740978339947,0.20805173233587437,0.6954303433854744,0.030480833161344673,1.0077704900099642,0.698154847578918,0.04892086156546259,0.04617369907021784,0.04699162231555277,0.048066180731380546,0.6492339860134554,0.6519811485087001,0.6511632252633652,0.6500886668475374
1896,1894,1914,20,0.1,0.10002009732849083,0.1,11.092885293347681,16.697626059570403,0.27269789448723686,1.3658307902685987,0.032819233852145545,1.3615132136399573,1.3438881603550767,0.05053975364588338,0.04899773376578166,0.049599205659686424,0.049792842609308156,1.2933484067091934,1.294890426589295,1.2942889546953904,1.2940953177457686
1897,1894,1914,20,0.15,0.15002655718407718,0.15,11.092885293347681,16.697626059570403,0.27269789448723686,1.7397423282873168,0.0374751411257237,1.6119556298650464,1.710316389177581,0.07771017232582365,0.07549666837453252,0.0763457402772536,0.0766431312764867,1.6326062168517574,1.6348197208030484,1.6339706489003274,1.6336732579010942
1898,1894,1914,20,0.2,0.20003337592052942,0.2,11.092885293347681,16.697626059570403,0.27269789448723686,2.093598121593786,0.04185986781332315,1.9286611326067271,2.0740140764972637,0.04028925765978725,0.03902027818511587,0.03919420309981294,0.03969088415951212,2.0337248188374764,2.034993798312148,2.0348198733974505,2.0343231923377516
1899,1894,1914,20,0.25,0.2500369647291885,0.25,11.092885293347681,16.697626059570403,0.27269789448723686,2.3547305699395014,0.04582488261118105,2.143943565288732,2.3148122038115373,0.07783387480696266,0.0745952083543965,0.0759058346376052,0.07613252427265141,2.236978329004575,2.240216995457141,2.238906369173932,2.238679679538886
1901,1894,1914,20,0.35,0.3500416301804453,0.35,11.092885293347681,16.697626059570403,0.27269789448723686,2.6379555426949977,0.052108376519899836,2.3855515218025904,2.6169163228682675,0.06650278368712821,0.06194368004503456,0.06426153336132327,0.06379141727188192,2.550413539181139,2.554972642823233,2.5526547895069442,2.5531249055963854
1902,1894,1914,20,0.4,0.40004270682304305,0.4,11.092885293347681,16.697626059570403,0.27269789448723686,2.73780805657615,0.05418265232370552,2.4625455738226187,2.6877903668536556,0.09542846978789016,0.09171990308071255,0.09370723423213986,0.09301381600262955,2.5923618970657656,2.596070463772943,2.594083132621516,2.594776550851026
1903,1894,1914,20,0.45,0.45004055353784755,0.45,11.092885293347681,16.697626059570403,0.27269789448723686,2.6628847790971273,0.05687244066795796,2.3566452383752696,2.6019891412379312,0.1501644944262462,0.14695813715224612,0.14886135590960217,0.1478326922846614,2.451824646811685,2.455031004085685,2.453127785328329,2.45415644895327
1904,1894,1914,20,0.5,0.5000384002526521,0.5,11.092885293347681,16.697626059570403,0.27269789448723686,2.5935723133626234,0.058827958132539736,2.2886576352811496,2.555057415518097,0.14128373042269432,0.1396068553183,0.14099957638411395,0.13938491665895117,2.4137736850954026,2.415450560199797,2.414057839133983,2.415672498859146
1906,1894,1914,20,0.6,0.6000279927075408,0.4,11.092885293347681,16.697626059570403,0.27269789448723686,2.3819989905608407,0.05934121807867871,1.997663745474409,2.32585018578462,0.0888190465486317,0.09423242018902284,0.09275738998004415,0.08976040312106216,2.2370311392359885,2.231617765595597,2.233092795804576,2.2360897826635577
1907,1894,1914,20,0.65,0.6500200973284909,0.35,11.092885293347681,16.697626059570403,0.27269789448723686,2.061651199130642,0.057675752066263186,1.636180353156268,2.0051917353704125,0.07763416233361044,0.08390711972130974,0.08191487556391754,0.07920460804753231,1.927557573036802,1.9212846156491028,1.9232768598064949,1.9259871273228801
1908,1894,1914,20,0.7,0.700011843068575,0.30000000000000004,11.092885293347681,16.697626059570403,0.27269789448723686,1.7084935840073256,0.05457296067776136,1.1969993814628834,1.6341694903624788,0.10630393475504467,0.11422566685911828,0.1114125380110967,0.10896997629161977,1.527865555607434,1.5199438235033607,1.5227569523513822,1.525199514070859
1909,1894,1914,20,0.75,0.7500007177617318,0.25,11.092885293347681,16.697626059570403,0.27269789448723686,1.3632036689384535,0.05019914537342094,0.852629121031281,1.3138156986822453,0.13346252790941496,0.1403887978321659,0.13774782254391885,0.13607055208839303,1.1803531707728303,1.1734269008500795,1.1760678761383265,1.1777451465938524
1911,1894,1914,20,0.85,0.8499755961011183,0.15000000000000002,11.092885293347681,16.697626059570403,0.27269789448723686,0.9698947327105077,0.04281695706707734,0.6590994632167546,0.9554116261210092,0.08392497502298923,0.08604839312135122,0.0849454945661532,0.08486590774968641,0.8714866510980199,0.8693632329996579,0.870466131554856,0.8705457183713228
1912,1894,1914,20,0.9,0.8999415024188571,0.09999999999999998,11.092885293347681,16.697626059570403,0.27269789448723686,0.7295014684706835,0.03962053847092188,0.5009798774345777,0.7281838249026333,0.06523894819987842,0.06770929848540964,0.0668411366727941,0.06602329384916447,0.6629448767027549,0.6604745264172237,0.6613426882298392,0.6621605310534688
1913,1894,1914,20,0.95,0.9499705717689956,0.050000000000000044,11.092885293347681,16.697626059570403,0.27269789448723686,0.42430480831126793,0.03662498039583987,0.46245619036747426,0.4139670836978942,0.04401287143933857,0.045550529061763885,0.04522343601728694,0.04431381327438135,0.3699542122585556,0.3684165546361303,0.36874364768060724,0.36965327042351287
1916,1914,1929,15,0.13333333333333333,0.133359100434772,0.13333333333333333,5.926167469950809,11.88992979447925,0.13327591529908409,0.8671767518219312,0.0235948789359345,1.4056422383941158,0.8707224436394296,0.03243788064978946,0.0318456018814222,0.0321483531802743,0.03214065904078654,0.8382845629896402,0.8388768417580075,0.8385740904591553,0.8385817845986431
1917,1914,1929,15,0.2,0.20003482385491464,0.2,5.926167469950809,11.88992979447925,0.13327591529908409,1.1899417901278049,0.02303956590436757,1.689902421217233,1.177475360982272,0.04172461533976978,0.04150903524632973,0.04158496621737416,0.041609695756136315,1.1357507456425022,1.1359663257359423,1.1358903947648977,1.1358656652261356
1918,1914,1929,15,0.26666666666666666,0.2667105472750573,0.26666666666666666,5.926167469950809,11.88992979447925,0.13327591529908409,1.3889972699329007,0.024024966415959338,1.8679621164319573,1.3784743484742739,0.0494051874830884,0.050284616507212644,0.04973521720807295,0.049899148420057486,1.3290691609911855,1.3281897319670612,1.328739131266201,1.3285752000542164
1919,1914,1929,15,0.3333333333333333,0.3333824438979565,0.3333333333333333,5.926167469950809,11.88992979447925,0.13327591529908409,1.5675235836281818,0.026364662358098142,2.049655576157064,1.5667963755353245,0.06494845376318577,0.06710237630843004,0.06582392254601929,0.06618273103379914,1.5018479217721388,1.4996939992268945,1.5009724529893052,1.5006136445015252
1921,1914,1929,15,0.4666666666666667,0.46672145364720086,0.4666666666666667,5.926167469950809,11.88992979447925,0.13327591529908409,1.565732742714723,0.03041608723756448,2.026733443467075,1.5263471694852793,0.04223781388333163,0.04190350307512801,0.041908158564507386,0.042088049946130725,1.4841093556019476,1.4844436664101512,1.484439010920772,1.4842591195391486
1922,1914,1929,15,0.5333333333333333,0.5333890451232014,0.4666666666666667,5.926167469950809,11.88992979447925,0.13327591529908409,1.4306994429123128,0.030996766296221712,1.9143848067499134,1.3828703597808742,0.049013458564952525,0.04771265604514434,0.04825779726509519,0.04836021962383679,1.3338569012159218,1.3351577037357298,1.334612562515779,1.3345101401570374
1923,1914,1929,15,0.6,0.6000532881516139,0.4,5.926167469950809,11.88992979447925,0.13327591529908409,1.1438355702420913,0.02998965425174292,1.6450769708733006,1.0843956924650717,0.07994246164383688,0.07762573197416657,0.07901372323658723,0.07851069507799711,1.0044532308212348,1.006769960490905,1.0053819692284844,1.0058849973870747
1924,1914,1929,15,0.6666666666666666,0.666717052830371,0.33333333333333337,5.926167469950809,11.88992979447925,0.13327591529908409,0.9009823756987668,0.028892194306859888,1.45092482623514,0.8857625089174744,0.04963031707701493,0.04744065505941619,0.04889323803061145,0.04815210441757803,0.8361321918404595,0.8383218538580582,0.836869270886863,0.8376104044998964
1926,1914,1929,15,0.8,0.800036450243743,0.19999999999999996,5.926167469950809,11.88992979447925,0.13327591529908409,0.6242703549775147,0.027533410268033798,1.197372953499743,0.6301887199841809,0.016692821783216193,0.016513367602820128,0.016616693568500065,0.01656194278507771,0.6134958982009647,0.6136753523813607,0.6135720264156809,0.6136267771991032
1927,1914,1929,15,0.8666666666666667,0.866692082978358,0.1333333333333333,5.926167469950809,11.88992979447925,0.13327591529908409,0.48954460332940275,0.028303886593882038,1.0856626604777113,0.49497929617549463,0.02545810227684542,0.026280513073252205,0.025750571581857756,0.025981398028303494,0.4695211938986492,0.46869878310224244,0.46922872459363685,0.4689978981471911
1928,1914,1929,15,0.9333333333333333,0.9333481940626284,0.06666666666666665,5.926167469950809,11.88992979447925,0.13327591529908409,0.26854508024494433,0.029994161759225407,0.874799500031156,0.26590602746331526,0.027079257498571555,0.026840556391980772,0.027120721282255057,0.026790771211821898,0.23882676996474372,0.2390654710713345,0.2387853061810602,0.23911525625149338
1931,1929,1940,11,0.18181818181818182,0.18184185145694043,0.18181818181818182,4.192619092833239,11.47510667930007,0.20356781618347347,0.6612361547068145,0.00584781422225244,0.6857255407570445,0.6402412278085085,0.02822198377527166,0.02940444760824713,0.02889962146535793,0.028722114193622358,0.6120192440332368,0.6108367802002613,0.6113416063431505,0.6115191136148861
1932,1929,1940,11,0.2727272727272727,0.27276114581933075,0.2727272727272727,4.192619092833239,11.47510667930007,0.20356781618347347,0.6521596661202789,0.008328220969325768,0.64858458894486,0.6093010965525507,0.04204134096980289,0.04266150746805773,0.04235750232511999,0.042339320678260614,0.5672597555827479,0.566639589084493,0.5669435942274307,0.5669617758742901
1933,1929,1940,11,0.36363636363636365,0.36367391471740174,0.36363636363636365,4.192619092833239,11.47510667930007,0.20356781618347347,0.5383917201134361,0.010002798195781738,0.5564483590766156,0.5139220170020168,0.036864768343839095,0.037909561514790135,0.03742371679108853,0.03735056555073242,0.47705724865817767,0.47601245548722665,0.47649830021092826,0.4765714514512844
1934,1929,1940,11,0.45454545454545453,0.45458668361547266,0.45454545454545453,4.192619092833239,11.47510667930007,0.20356781618347347,0.5979318081128596,0.010845482994062508,0.6343413483551645,0.6039308112715062,0.039156946408518994,0.0409269779166219,0.04016751010951473,0.039924197867247206,0.5647738648629872,0.5630038333548842,0.5637633011619915,0.564006613404259
1936,1929,1940,11,0.6363636363636364,0.6364017806687035,0.36363636363636365,4.192619092833239,11.47510667930007,0.20356781618347347,0.47213107718446606,0.010347538088307911,0.4628307467388133,0.48188291726572313,0.03557202697696928,0.03664836628968763,0.036021401896142224,0.03618495259506921,0.44631089028875387,0.4452345509760355,0.4458615153695809,0.4456979646706539
1937,1929,1940,11,0.7272727272727273,0.7273041088238633,0.2727272727272727,4.192619092833239,11.47510667930007,0.20356781618347347,0.40035280342957513,0.00896901800644483,0.4412588186461049,0.43135408827406935,0.0724330872052118,0.07173711151191474,0.07202528162098899,0.0721437790181655,0.35892100106885755,0.3596169767621546,0.35932880665308037,0.35921030925590386
1938,1929,1940,11,0.8181818181818182,0.8182064369790233,0.18181818181818177,4.192619092833239,11.47510667930007,0.20356781618347347,0.6594630001072963,0.007484160164486883,0.7726768474991998,0.7354803498443978,0.08129649063110003,0.08100577306010161,0.08111038960713739,0.08118821592876524,0.6541838592132978,0.6544745767842962,0.6543699602372605,0.6542921339156326
1939,1929,1940,11,0.9090909090909091,0.9091028922162957,0.09090909090909094,4.192619092833239,11.47510667930007,0.20356781618347347,0.628608160444099,0.00610063505423735,0.658732995334355,0.620805806978757,0.015997227967653956,0.015689813561442785,0.015786116111416525,0.015888873817439073,0.6048085790111031,0.6051159934173141,0.6050196908673404,0.6049169331613179
1941,1940,1954,14,0.07142857142857142,0.07100607099944382,0.07142857142857142,9.299206618796715,19.883402307604545,0.1127282617961255,0.5583362196728043,0.003715778472265855,0.3905401494001633,0.4933769711482604,0.08873599811566829,0.08788080858705088,0.08827772324256031,0.08832751559906293,0.4046409730325921,0.4054961625612095,0.40509924790570007,0.40504945554919747
1942,1940,1954,14,0.14285714285714285,0.1417873279292993,0.14285714285714285,9.299206618796715,19.883402307604545,0.1127282617961255,0.8418657526141842,0.004284915664690818,0.7267850020059267,0.8337785050593401,0.06718460678907345,0.0659738610413427,0.06643562721530095,0.06665280388140521,0.7665938982702667,0.7678046440179974,0.7673428778440392,0.7671257011779349
1943,1940,1954,14,0.21428571428571427,0.21328431944804832,0.21428571428571427,9.299206618796715,19.883402307604545,0.1127282617961255,1.2830843603298097,0.005465869698457355,1.2143618979194108,1.3147520454152195,0.05158769853862747,0.05176801563672018,0.051460459728753426,0.051741335296236014,1.263164346876592,1.2629840297784993,1.2632915856864662,1.2630107101189836
1944,1940,1954,14,0.2857142857142857,0.2847869185739753,0.2857142857142857,9.299206618796715,19.883402307604545,0.1127282617961255,1.7205935525001292,0.006092719856615104,1.5986000433148626,1.7082520175372269,0.07069639895460211,0.06799910260202904,0.06885595757573332,0.06977237717358371,1.6375556185826248,1.6402529149351979,1.6393960599614936,1.6384796403636432
1946,1940,1954,14,0.42857142857142855,0.4278012929103022,0.42857142857142855,9.299206618796715,19.883402307604545,0.1127282617961255,1.8692888783135815,0.009559031383940353,1.7105500783484924,1.8565315356120753,0.0851266553486294,0.08097687787478491,0.0823617214879689,0.0837437913290756,1.771404880263446,1.7755546577372905,1.7741698141241065,1.7727877442829998
1947,1940,1954,14,0.5,0.4993120485557608,0.5,9.299206618796715,19.883402307604545,0.1127282617961255,1.926232532036075,0.010589024963765027,1.7645177337430993,1.9245640781719742,0.05325584006762673,0.04854944824113314,0.04998590682957793,0.05179701626173208,1.8713082381043475,1.8760146299308411,1.8745781713423963,1.8727670619102421
1948,1940,1954,14,0.5714285714285714,0.5708294313733386,0.4285714285714286,9.299206618796715,19.883402307604545,0.1127282617961255,1.9014767464088094,0.011226871606171234,1.7077916563790767,1.8813680289529193,0.1165708741152128,0.11170804106077831,0.1132713558289502,0.11501063101380156,1.7647971548377066,1.769659987892141,1.7680966731239691,1.7663573979391178
1949,1940,1954,14,0.6428571428571429,0.642347833755858,0.3571428571428571,9.299206618796715,19.883402307604545,0.1127282617961255,1.8150056309129052,0.011715150713730254,1.6331127696781629,1.8127285799004411,0.08983766902527564,0.08505411149284298,0.08651382633043471,0.08836842749864766,1.7228909108751655,1.7276744684075982,1.7262147535700063,1.7243601524017935
1951,1940,1954,14,0.7857142857142857,0.7853978928651355,0.2142857142857143,9.299206618796715,19.883402307604545,0.1127282617961255,1.4114093240034953,0.010624704768881834,1.1884865768787847,1.3725697189057113,0.09175864631313657,0.08838594112530458,0.08931392226162145,0.0907696935742261,1.2808110725925748,1.2841837777804068,1.2832557966440898,1.2818000253314852
1952,1940,1954,14,0.8571428571428571,0.8569290398094229,0.1428571428571429,9.299206618796715,19.883402307604545,0.1127282617961255,1.0183285667945194,0.009972070206165843,0.8245362365182843,0.9840152689847316,0.08530513885658109,0.0831552812481742,0.08370951145794696,0.08470111774056036,0.8987101301281505,0.9008599877365574,0.9003057575267847,0.8993141512441712
1953,1940,1954,14,0.9285714285714286,0.9284617161011225,0.0714285714285714,9.299206618796715,19.883402307604545,0.1127282617961255,0.5167099194475798,0.008750227502649689,0.40240510392406137,0.49252873944586456,0.05671451759753296,0.05597569486693856,0.05614948762967346,0.056513513118402796,0.43581422184833163,0.436553044578926,0.4363792518161911,0.43601522632746176
1956,1954,1965,11,0.18181818181818182,0.1817783229409799,0.18181818181818182,11.205868313244977,30.439288464692762,0.12287027909061995,0.7172942845907213,0.01372890739930945,0.7493463412263844,0.6794100817842491,0.11626332947706447,0.11653069681204564,0.11640238936161827,0.11620142043891575,0.5631467523071847,0.5628793849722035,0.5630076924226308,0.5632086613453333
1957,1954,1965,11,0.2727272727272727,0.2726716940270089,0.2727272727272727,11.205868313244977,30.439288464692762,0.12287027909061995,1.0037745696170708,0.016590598275838933,1.2110709232657448,1.0669062420010922,0.1159532973537439,0.1178163717217433,0.11699828422877967,0.11657626115969792,0.9509529446473483,0.9490898702793489,0.9499079577723125,0.9503299808413943
1958,1954,1965,11,0.36363636363636365,0.363573484344116,0.36363636363636365,11.205868313244977,30.439288464692762,0.12287027909061995,1.5185523688710094,0.01834411972592428,1.744867000651897,1.5772013230499538,0.06697244437133489,0.07017878360351262,0.06882498757664848,0.06821289115074299,1.5102288786786189,1.5070225394464412,1.5083763354733053,1.5089884318992108
1959,1954,1965,11,0.45454545454545453,0.45447721756070264,0.45454545454545453,11.205868313244977,30.439288464692762,0.12287027909061995,1.834927184650452,0.01922598462081417,2.021135062968683,1.8627673229502881,0.032357596129993074,0.03522214258870193,0.03391153957191369,0.03373860502633679,1.830409726820295,1.8275451803615863,1.8288557833783745,1.8290287179239513
1961,1954,1965,11,0.6363636363636364,0.6363002271897125,0.36363636363636365,11.205868313244977,30.439288464692762,0.12287027909061995,1.6650975584659773,0.018376866749832015,1.7526630532076721,1.6233731548620847,0.044110207161404014,0.03963892005969259,0.04198903310692384,0.04166440379582657,1.5792629477006805,1.5837342348023922,1.5813841217551607,1.5817087510662582
1962,1954,1965,11,0.7272727272727273,0.7272195036021356,0.2727272727272727,11.205868313244977,30.439288464692762,0.12287027909061995,1.3092292208155043,0.017203144749324523,1.3912040953872291,1.2732982525509813,0.045895807464975874,0.04412646695012753,0.04538077020831528,0.04443633707493559,1.2274024450860055,1.2291717856008537,1.227917482342666,1.2288619154760456
1963,1954,1965,11,0.8181818181818182,0.8181407229140384,0.18181818181818177,11.205868313244977,30.439288464692762,0.12287027909061995,0.8782629127027887,0.015296929126080093,0.9550606845925111,0.8156547456963484,0.08617014273815163,0.08484488649637155,0.08584528323023023,0.08506873814877526,0.7294846029581968,0.7308098591999769,0.7298094624661182,0.7305860075475732
1964,1954,1965,11,0.9090909090909091,0.9090697138238594,0.09090909090909094,11.205868313244977,30.439288464692762,0.12287027909061995,0.31488708544653177,0.012811572615544818,0.5294612022782388,0.30109185068368943,0.05797627441206745,0.057285849645796263,0.05781113100456239,0.05740509457441914,0.24311557627162197,0.24380600103789318,0.24328071967912704,0.2436867561092703
1966,1965,1983,18,0.05555555555555555,0.055540327215496045,0.05555555555555555,10.800691616024759,17.918568349283184,0.17174747257176864,0.4077469444518224,0.012131361434427132,0.6028482208827605,0.39452607763920955,0.07043583047607718,0.07139283195890786,0.070880210236533,0.07091291061892133,0.3240902471631324,0.32313324568030166,0.32364586740267653,0.3236131670202882
1967,1965,1983,18,0.1111111111111111,0.11108144551359257,0.1111111111111111,10.800691616024759,17.918568349283184,0.17174747257176864,0.6653429024117751,0.014662650093756691,0.8495401320305335,0.6621463428766814,0.09398284786569278,0.0959657592039213,0.0948575812867598,0.09498828317334151,0.5681634950109886,0.5661805836727601,0.5672887615899216,0.5671580597033399
1968,1965,1983,18,0.16666666666666666,0.16662691476599184,0.16666666666666666,10.800691616024759,17.918568349283184,0.17174747257176864,0.9230995745329603,0.016860584913511212,1.0886496527659966,0.9468603742722109,0.1160285140593243,0.11865442695845288,0.11712953059036363,0.11740018506042371,0.8308318602128866,0.8282059473137581,0.8297308436818474,0.8294601892117872
1969,1965,1983,18,0.2222222222222222,0.22217357064229182,0.2222222222222222,10.800691616024759,17.918568349283184,0.17174747257176864,1.330905768758602,0.018746276641374172,1.5142156242348233,1.4141391215077104,0.15107124566160549,0.15365278342666164,0.152118829877818,0.15240945953120053,1.263067875846105,1.2604863380810487,1.2620202916298924,1.26172966197651
1971,1965,1983,18,0.3333333333333333,0.3332775620099985,0.3333333333333333,10.800691616024759,17.918568349283184,0.17174747257176864,2.0835754541269798,0.022234707182248948,2.205627191799393,2.1378749458934365,0.10603751289433844,0.10662843856515462,0.10587113626203624,0.1064651509155016,2.0318374329990982,2.031246507328282,2.0320038096314,2.031409794977935
1972,1965,1983,18,0.3888888888888889,0.3888412261622091,0.3888888888888889,10.800691616024759,17.918568349283184,0.17174747257176864,2.1697376591842708,0.024252260198259625,2.3068267597593626,2.247403788295645,0.1105587325710123,0.11270943261714242,0.11095648423672695,0.11200611110411807,2.1368450557246326,2.1346943556785027,2.136447304058918,2.135397677191527
1973,1965,1983,18,0.4444444444444444,0.44438313554290615,0.4444444444444444,10.800691616024759,17.918568349283184,0.17174747257176864,2.388271094742043,0.025535288097632673,2.546535713976592,2.5110719044322547,0.13715515655921603,0.1409584803536838,0.13841142886375907,0.1394605518904225,2.3739167478730385,2.370113424078571,2.3726604755684955,2.3716113525418323
1974,1965,1983,18,0.5,0.4999305825018066,0.5,10.800691616024759,17.918568349283184,0.17174747257176864,2.649962394225328,0.02645315241586902,2.7191005390848937,2.693532574716399,0.06270758725327841,0.06427882388158569,0.06238091124022596,0.0642403061576894,2.6308249874631207,2.6292537508348133,2.631151663476173,2.62929226855871
1976,1965,1983,18,0.6111111111111112,0.6110333872456125,0.38888888888888884,10.800691616024759,17.918568349283184,0.17174747257176864,2.140803678648281,0.028279407697520947,2.226356350505411,2.1660041296570025,0.04444740287138958,0.04622022331152222,0.043824176865190786,0.0465177239066533,2.121556726785613,2.1197839063454804,2.1221799527918117,2.119486405750349
1977,1965,1983,18,0.6666666666666666,0.6665891405718183,0.33333333333333337,10.800691616024759,17.918568349283184,0.17174747257176864,1.896578237934119,0.028884427028979802,1.932377773119316,1.8570210095070037,0.052828379708106395,0.04788489142827536,0.04948337820251071,0.051188056235876606,1.8041926297988973,1.8091361180787282,1.8075376313044929,1.805832953271127
1978,1965,1983,18,0.7222222222222222,0.7221496403936268,0.2777777777777778,10.800691616024759,17.918568349283184,0.17174747257176864,1.2532287399581976,0.02934451192607371,1.2694769594526185,1.1699415850567465,0.09276399174301699,0.0885570283440146,0.09017610561393052,0.09112741483698795,1.0771775933137295,1.0813845567127318,1.079765479442816,1.0788141702197585
1979,1965,1983,18,0.7777777777777778,0.777712513463237,0.2222222222222222,10.800691616024759,17.918568349283184,0.17174747257176864,0.6400996256211553,0.028616207644869752,0.7315672581730672,0.6024950968414187,0.04940316516972603,0.04606212878482091,0.04734052452302906,0.04798322521530771,0.5530919316716927,0.5564329680565978,0.5551545723183896,0.5545118716261109
1981,1965,1983,18,0.8888888888888888,0.8888493347588642,0.11111111111111116,10.800691616024759,17.918568349283184,0.17174747257176864,0.22530582299150906,0.02172625545210845,0.20576738911716022,0.24774979524043472,0.051314523479556735,0.05130848808886012,0.05104407935328052,0.05143810384908166,0.196435271760878,0.1964413071515746,0.1967057158871542,0.19631169139135307
1982,1965,1983,18,0.9444444444444444,0.9444240740674817,0.05555555555555558,10.800691616024759,17.918568349283184,0.17174747257176864,0.18961561182596387,0.016963355472628994,0.17893372703660648,0.18433824869176246,0.042530789966037014,0.042674285256815526,0.042590641796070285,0.042546865275214,0.14180745872572545,0.14166396343494694,0.14174760689569219,0.14179138341654846
1984,1983,1994,11,0.09090909090909091,0.09088204458891622,0.09090909090909091,8.528438558122454,23.135157901941664,0.21845948642474142,0.46747713461764645,0.008525019973655212,0.43386401841904676,0.4539297013745201,0.028798461871688295,0.02735046004011547,0.027991537140979864,0.028066440375742054,0.4251312395028318,0.4265792413344046,0.42593816423354025,0.425863260998778
1986,1983,1994,11,0.2727272727272727,0.272661656002675,0.2727272727272727,8.528438558122454,23.135157901941664,0.21845948642474142,1.0539464268401306,0.008401231484767017,0.9101903897124948,1.059355880245111,0.060137036034632455,0.05658608318084788,0.05798356549043229,0.05856346638626232,0.9992188442104786,1.0027697970642633,1.0013723147546787,1.0007924138588487
1987,1983,1994,11,0.36363636363636365,0.363557929307857,0.36363636363636365,8.528438558122454,23.135157901941664,0.21845948642474142,1.2449564573009122,0.008456966241692686,1.0717034303906625,1.2683273858847754,0.04962900280645119,0.04583607671240337,0.047167109305871084,0.04807164993400807,1.2186983830783242,1.2224913091723721,1.2211602765789045,1.2202557359507673
1988,1983,1994,11,0.45454545454545453,0.45446261049083253,0.45454545454545453,8.528438558122454,23.135157901941664,0.21845948642474142,1.352661245918974,0.009076353765327687,1.144591105926701,1.365542880004388,0.03459885856114571,0.028795299038221516,0.03098506504570875,0.03226528174026304,1.3309440214432424,1.3367475809661666,1.3345578149586794,1.333277598264125
1989,1983,1994,11,0.5454545454545454,0.545369878713129,0.4545454545454546,8.528438558122454,23.135157901941664,0.21845948642474142,1.3262492647391564,0.0097696295448467,1.1122750153617245,1.3361958000904335,0.03264805631100769,0.028046785976683523,0.029754237708270653,0.03076294856866848,1.3035477437794258,1.30814901411375,1.3064415623821628,1.305432851521765
1991,1983,1994,11,0.7272727272727273,0.7272051114722905,0.2727272727272727,8.528438558122454,23.135157901941664,0.21845948642474142,1.021995623547736,0.009999863867058345,0.8847284400178782,1.0735169632491905,0.11752841101202566,0.11712744514421358,0.11755253214622036,0.11720773217483178,0.955988552237165,0.956389518104977,0.9559644311029702,0.9563092310743587
1992,1983,1994,11,0.8181818181818182,0.818131782489495,0.18181818181818177,8.528438558122454,23.135157901941664,0.21845948642474142,1.0208860898847427,0.009687043187132692,0.9532303331584223,1.0969066672440069,0.10911737983279798,0.10847506307481956,0.10897976841831492,0.10869119528868428,0.9877892874112089,0.9884316041691873,0.987926898825692,0.9882154719553226
1993,1983,1994,11,0.9090909090909091,0.9090616873058508,0.09090909090909094,8.528438558122454,23.135157901941664,0.21845948642474142,0.799292120138981,0.010193141765394681,0.7273472242798951,0.8228820027112949,0.0398718971375547,0.03887427601414251,0.039514742724748184,0.039258631542190295,0.7830101055737402,0.7840077266971524,0.7833672599865467,0.7836233711691045
1996,1994,2007,13,0.15384615384615385,0.15417567103810398,0.15384615384615385,6.403634828171668,14.724294191229134,0.21623675456251606,2.0150921616887216,0.005406986795611914,2.0880335210947254,1.9793821945240568,0.0698796570138305,0.07119181661295405,0.07055203943411488,0.07045159643198973,1.9095025375102264,1.9081903779111027,1.908830155089942,1.9089305980920672
1997,1994,2007,13,0.23076923076923078,0.23126953688201504,0.23076923076923078,6.403634828171668,14.724294191229134,0.21623675456251606,2.513456712149581,0.008120532471668005,2.6113673030950184,2.499645972967944,0.047469800226883324,0.0500105843801503,0.04888239244924679,0.048524276259936695,2.4521761727410607,2.4496353885877937,2.4507635805186974,2.4511216967080074
1998,1994,2007,13,0.3076923076923077,0.30836998126213605,0.3076923076923077,6.403634828171668,14.724294191229134,0.21623675456251606,3.12708637949154,0.010743523234618536,3.2528142047512407,3.144563885274381,0.018505414132217148,0.02050227886530572,0.019718917847142494,0.019185516446298012,3.126058471142164,3.1240616064090756,3.1248449674272387,3.125378368828083
1999,1994,2007,13,0.38461538461538464,0.38547316669901116,0.38461538461538464,6.403634828171668,14.724294191229134,0.21623675456251606,3.69715055099505,0.01199834098082687,3.807903093427705,3.7032104129301135,0.03019350493549929,0.02671835116090485,0.028551839752231505,0.028293151240611283,3.673016907994614,3.6764920617692085,3.674658573177882,3.6749172616895023
2001,1994,2007,13,0.5384615384615384,0.5396959839132861,0.46153846153846156,6.403634828171668,14.724294191229134,0.21623675456251606,3.526076873251662,0.012957543161329086,3.5689298990545772,3.4620887018943165,0.07835068139188098,0.07586782715400281,0.07722212239213459,0.07683220925884471,3.3837380205024354,3.3862208747403137,3.384866579502182,3.385256492635472
2002,1994,2007,13,0.6153846153846154,0.6170447680353311,0.3846153846153846,6.403634828171668,14.724294191229134,0.21623675456251606,3.1406050482148546,0.012312757625211368,3.2009803920298188,3.092823714523298,0.0672018378737735,0.0630274820994353,0.0649729254181789,0.06512871861966946,3.0256218766495246,3.0297962324238625,3.027850789105119,3.0276949959036283
2003,1994,2007,13,0.6923076923076923,0.6936364722818859,0.3076923076923077,6.403634828171668,14.724294191229134,0.21623675456251606,2.6707588388667007,0.01108648026161053,2.679611929213035,2.5684446725467036,0.12085770767304767,0.11872429126509573,0.11978612133894839,0.1196815619697009,2.447586964873656,2.4497203812816077,2.448658551207755,2.4487631105770027
2004,1994,2007,13,0.7692307692307693,0.7702298211624932,0.23076923076923073,6.403634828171668,14.724294191229134,0.21623675456251606,1.7885243526364636,0.009669493732688392,1.782804387640771,1.6587847758659748,0.1418291829728141,0.14084482482985697,0.14138088736280202,0.1411977475766429,1.5169555928931606,1.5179399510361178,1.5174038885031729,1.517587028289332
2006,1994,2007,13,0.9230769230769231,0.9234115850215502,0.07692307692307687,6.403634828171668,14.724294191229134,0.21623675456251606,0.4673378689066145,0.004650756981374721,0.6003280496304283,0.4517527333977554,0.04960136283784825,0.04847214774611079,0.049180708775057494,0.04887789555785081,0.40215137055990713,0.4032805856516446,0.4025720246226979,0.4028748378399046
2008,2007,2016,9,0.1111111111111111,0.11111703202223151,0.1111111111111111,6.169749661725855,20.581816225044342,0.11040684831335944,0.14055627804566206,0.005775427107878309,0.1543147181778419,0.1383183812999025,0.07146406764508079,0.07187472014894193,0.07167863301094916,0.07165403524445792,0.06685431365482172,0.06644366115096058,0.06663974828895335,0.06666434605544459
2009,2007,2016,9,0.2222222222222222,0.2222300873131135,0.2222222222222222,6.169749661725855,20.581816225044342,0.11040684831335944,0.37575952367771914,0.005709173193434513,0.30613754308102253,0.4363071166480869,0.07585015025898376,0.0769907979652594,0.07646468985189653,0.07637006699632667,0.3604569663891032,0.35931631868282754,0.3598424267961904,0.3599370496517602
2011,2007,2016,9,0.4444444444444444,0.4444546072023377,0.4444444444444444,6.169749661725855,20.581816225044342,0.11040684831335944,0.9369909314395839,0.006472562234633093,0.8899044262593093,1.0173323172496815,0.11407850524487677,0.11546256258609539,0.11502215033135074,0.11451455963401887,0.9032538120048048,0.9018697546635861,0.9023101669183308,0.9028177576156626
2012,2007,2016,9,0.5555555555555556,0.5555676624932196,0.4444444444444444,6.169749661725855,20.581816225044342,0.11040684831335944,1.1564051764357282,0.006847871784424352,1.1112714943436663,1.2208223597064385,0.11177182317692749,0.11191950435239621,0.11227532689136253,0.11140422314305949,1.109050536529511,1.1089028553540423,1.108547032815076,1.109418136563379
2013,2007,2016,9,0.6666666666666666,0.6666759457064823,0.33333333333333337,6.169749661725855,20.581816225044342,0.11040684831335944,0.9832620467082128,0.006310483841632674,0.8858350279003595,0.9568659409231635,0.035732718407560204,0.03497545398010351,0.035523310747470234,0.03520731311112741,0.9211332225156033,0.92189048694306,0.9213426301756932,0.921658627812036
2014,2007,2016,9,0.7777777777777778,0.7777858196122845,0.2222222222222222,6.169749661725855,20.581816225044342,0.11040684831335944,0.4722029398207099,0.0060756131429062984,0.4765929541650133,0.47946946364762183,0.015088318279321788,0.016209083921041652,0.01535671039978466,0.015943379042758252,0.46438114536830005,0.4632603797265802,0.4641127532478372,0.46352608460486355
2017,2016,2027,11,0.09090909090909091,0.09091234493741528,0.09090909090909091,7.82768327865638,21.36704547010073,0.08954651284712964,0.3396876316565143,0.009285659768213425,0.21134640273694322,0.31842570388372454,0.03800374067775324,0.03758860577896157,0.03777764593047315,0.037801267578393305,0.2804219632059713,0.280837098104763,0.2806480579532514,0.28062443630533124
2018,2016,2027,11,0.18181818181818182,0.18182664229182516,0.18181818181818182,7.82768327865638,21.36704547010073,0.08954651284712964,0.502355481243722,0.010437876449119038,0.32557587871027655,0.4836285833354932,0.07987168735179945,0.08020911499417875,0.08005177148607608,0.0800036436618623,0.40375689598369374,0.4034194683413144,0.4035768118494171,0.4036249396736309
2019,2016,2027,11,0.2727272727272727,0.2727370348122458,0.2727272727272727,7.82768327865638,21.36704547010073,0.08954651284712964,0.7598100694813631,0.009838452960780302,0.6512011901055857,0.8082975556753073,0.10414600330269878,0.10509768356715177,0.10469445698415952,0.10451894249104689,0.7041515523726085,0.7031998721081555,0.7036030986911477,0.7037786131842604
2021,2016,2027,11,0.45454545454545453,0.454558470658752,0.45454545454545453,7.82768327865638,21.36704547010073,0.08954651284712964,1.1560422480961177,0.008112965281995463,1.0921023459648653,1.2017890364605863,0.06331807160430568,0.06496896829804667,0.06434965890214485,0.06391717941306148,1.1384709648562807,1.1368200681625396,1.1374393775584415,1.1378718570475248
2022,2016,2027,11,0.5454545454545454,0.5454688631791726,0.4545454545454546,7.82768327865638,21.36704547010073,0.08954651284712964,1.4047006597372298,0.0072050795740935735,1.3835940995432672,1.4904405189913787,0.09129339084787792,0.0931137375959762,0.09236638297820475,0.09201621138802184,1.3991471281435008,1.3973267813954025,1.398074136013174,1.398424307603357
2023,2016,2027,11,0.6363636363636364,0.6363766524769339,0.36363636363636365,7.82768327865638,21.36704547010073,0.08954651284712964,1.5465766688871565,0.006190262621286353,1.4728671308263122,1.5753992065336428,0.030930467820861802,0.03220331795163099,0.031689631233207824,0.03139784154222522,1.5444687387127811,1.5431958885820118,1.543709575300435,1.5440013649914177
2024,2016,2027,11,0.7272727272727273,0.727284441774695,0.2727272727272727,7.82768327865638,21.36704547010073,0.08954651284712964,1.3205633336116582,0.006376382460077317,1.209950380699442,1.2969653006738096,0.03205109835149041,0.030616640065801774,0.03146719097427165,0.03119635523382703,1.2649142023223192,1.2663486606080079,1.265498109699538,1.2657689454399825
2026,2016,2027,11,0.9090909090909091,0.909096766341893,0.09090909090909094,7.82768327865638,21.36704547010073,0.08954651284712964,0.4054619954425584,0.006563622381574453,0.32366076739881644,0.36939453585189796,0.04774967495639642,0.04716172149713421,0.04733425290415823,0.04757753456789707,0.32164486089550154,0.32223281435476375,0.32206028294773975,0.3218170012840009
2028,2027,2039,12,0.08333333333333333,0.0833257273552135,0.08333333333333333,10.97811444226353,27.468348284385847,0.1272255371711625,0.39454670465063535,0.006902019384832071,0.42995146006475077,0.454957474579841,0.06618653778875729,0.06739054887277009,0.06682869004869843,0.06680267150350373,0.3887709367910837,0.3875669257070709,0.3881287845311425,0.38815480307633726
2029,2027,2039,12,0.16666666666666666,0.16664847197390942,0.16666666666666666,10.97811444226353,27.468348284385847,0.1272255371711625,0.7778880494798778,0.008472816251653748,0.833006134797026,0.8373318636000574,0.0630496434747794,0.06572195416195235,0.0644583459967431,0.06436776214519906,0.774282220125278,0.771609909438105,0.7728735176033144,0.7729641014548584
2031,2027,2039,12,0.3333333333333333,0.3332939612113012,0.3333333333333333,10.97811444226353,27.468348284385847,0.1272255371711625,1.511204073720132,0.01195782884511753,1.6150750070652347,1.5777286280979148,0.08938810291536756,0.09165578291126104,0.09074883697938886,0.09045966736318922,1.4883405251825472,1.4860728451866538,1.4869797911185259,1.4872689607347256
2032,2027,2039,12,0.4166666666666667,0.41660596797853383,0.4166666666666667,10.97811444226353,27.468348284385847,0.1272255371711625,1.6527418514926662,0.013487728463378737,1.727505731937669,1.7190001270599715,0.09878725715925075,0.10003981968896582,0.0995873672791147,0.09939865796828785,1.6202128699007208,1.6189603073710057,1.6194127597808567,1.6196014690916836
2033,2027,2039,12,0.5,0.49994959175285286,0.5,10.97811444226353,27.468348284385847,0.1272255371711625,1.737898622218997,0.015969424893457165,1.7682794690180605,1.8005112877077167,0.08065594261431146,0.08173770045830911,0.08108582608111217,0.08139101891248794,1.7198553450934053,1.7187735872494077,1.7194254616266045,1.7191202687952287
2034,2027,2039,12,0.5833333333333334,0.5832944086217788,0.41666666666666663,10.97811444226353,27.468348284385847,0.1272255371711625,1.660591260266194,0.017934227590469413,1.629998674540667,1.694645975915523,0.05006349634403988,0.050643449673687065,0.04980157827982802,0.0508118717881494,1.6445824795714832,1.6440025262418358,1.644844397635695,1.6438341041273736
2036,2027,2039,12,0.75,0.7499798665285063,0.25,10.97811444226353,27.468348284385847,0.1272255371711625,1.3376178561484937,0.018659082691236267,1.3626708188895025,1.4231930000966664,0.08896387305283934,0.09180267711720519,0.09070259568059288,0.09017106588401773,1.3342291270438271,1.3313903229794612,1.3324904044160735,1.3330219342126486
2037,2027,2039,12,0.8333333333333334,0.8333199110190042,0.16666666666666663,10.97811444226353,27.468348284385847,0.1272255371711625,1.277753547651202,0.01704413148985307,1.2765268248026382,1.3076558780533094,0.028188837724885816,0.030202384480066055,0.029095462102708147,0.029335524526771413,1.2794670403284236,1.2774534935732433,1.2785604159506012,1.278320353526538
2038,2027,2039,12,0.9166666666666666,0.9166617451514126,0.08333333333333337,10.97811444226353,27.468348284385847,0.1272255371711625,0.7556556637358359,0.012592534221253015,0.7287246584569427,0.7421403109472945,0.04119918243259803,0.03967914251164395,0.03997144118968976,0.04088143427303852,0.7009411285146965,0.7024611684356505,0.7021688697576047,0.701258876674256
2041,2039,2049,10,0.2,0.20000787426939307,0.2,8.037333758331078,24.131787446197677,0.12370473057171881,1.3162897972420589,0.00923109938478011,1.4569104530627668,1.388123251947633,0.10063642543221295,0.09870995250448039,0.09980079569606615,0.09960841704377695,1.28748682651542,1.2894132994431526,1.2883224562515667,1.288514834903856
2042,2039,2049,10,0.3,0.3000125272467617,0.3,8.037333758331078,24.131787446197677,0.12370473057171881,2.184577899116351,0.010116287178002174,2.3174084099388357,2.248140352551407,0.10037626225271558,0.09770820902185673,0.09927323297713948,0.09886309152584315,2.147764090298691,2.1504321435295504,2.1488671195742675,2.149277261025564
2043,2039,2049,10,0.4,0.40001288516809774,0.4,8.037333758331078,24.131787446197677,0.12370473057171881,2.5804878016935904,0.010246904840035887,2.660294361314834,2.58065532636073,0.05653739705584216,0.05435209387696397,0.05563691810284529,0.05521776467639943,2.524117929304888,2.526303232483766,2.525018408257885,2.5254375616843308
2044,2039,2049,10,0.5,0.500014674774778,0.5,8.037333758331078,24.131787446197677,0.12370473057171881,2.2815840277556334,0.00955906899837778,2.3447696920421714,2.2373783885844643,0.08950171539083117,0.08869252950144785,0.08920554211406907,0.08889223939107004,2.147876673193633,2.1486858590830162,2.1481728464703953,2.148486149193394
2046,2039,2049,10,0.7,0.7000125272467617,0.30000000000000004,8.037333758331078,24.131787446197677,0.12370473057171881,1.5105332404911147,0.00693536085515765,1.613675809880515,1.4698606270181598,0.056528860877351886,0.05639345124793219,0.056763298350814215,0.05607102366362028,1.4133317661408078,1.4134671757702275,1.4130973286673456,1.4137896033545394
2047,2039,2049,10,0.8,0.8000078742693931,0.19999999999999996,8.037333758331078,24.131787446197677,0.12370473057171881,0.7221745296055045,0.005571460610926435,0.8805604217014334,0.6539855024273188,0.08015176254284756,0.0799892461233685,0.0801815394865987,0.07990213985058627,0.5738337398844713,0.5739962563039502,0.5738039629407201,0.5740833625767325
2048,2039,2049,10,0.9,0.9000060846627128,0.09999999999999998,8.037333758331078,24.131787446197677,0.12370473057171881,0.2698331068730837,0.005023228647265363,0.5107668875945516,0.2435008211311403,0.08937161496849924,0.08851650057644184,0.08915890444304204,0.08874381308197121,0.15412920616264106,0.15498432055469846,0.15434191668809827,0.1547570080491691
2051,2049,2064,15,0.13333333333333333,0.13333664240070292,0.13333333333333333,12.82998270164576,25.683221914224017,0.13880548641402832,1.5112875202694078,0.010437869669388894,1.6071671812919759,1.6060164670140036,0.09579075228106668,0.09870997646738233,0.09719521081296148,0.09728690985515744,1.510225714732937,1.5073064905466214,1.5088212562010421,1.5087295571588462
2052,2049,2064,15,0.2,0.20000448633172224,0.2,12.82998270164576,25.683221914224017,0.13880548641402832,1.6263182946596009,0.01429630575023014,1.5509270241881046,1.5734126618817503,0.10351048331662221,0.10017660364507679,0.10199105957057528,0.1018275700478728,1.469902178565128,1.4732360582366735,1.471421602311175,1.4715850918338775
2053,2049,2064,15,0.26666666666666666,0.26667042118541295,0.26666666666666666,12.82998270164576,25.683221914224017,0.13880548641402832,1.5902150063959473,0.018537772318152856,1.5692615469216298,1.6099941358773355,0.04187823654357689,0.040302031097032134,0.04141946220711137,0.040961044590567486,1.5681158993337587,1.5696921047803034,1.5685746736702242,1.569033091286768
2054,2049,2064,15,0.3333333333333333,0.3333368333084358,0.3333333333333333,12.82998270164576,25.683221914224017,0.13880548641402832,2.037954186530599,0.019584505284126866,2.0615942499778375,2.094756744253767,0.08532984445628201,0.09078466994812845,0.08787777153504564,0.08824224930117343,2.009426899797485,2.0039720743056386,2.006878972718721,2.0065144949525933
2056,2049,2064,15,0.4666666666666667,0.4666667939384886,0.4666666666666667,12.82998270164576,25.683221914224017,0.13880548641402832,2.51096357588485,0.021619032376733793,2.4119613619570144,2.4570386800256117,0.12240750251141468,0.11670073620496396,0.11920729785292068,0.11982922020847503,2.334631177514197,2.3403379438206477,2.337831382172691,2.3372094598171365
2057,2049,2064,15,0.5333333333333333,0.5333293879068542,0.4666666666666667,12.82998270164576,25.683221914224017,0.13880548641402832,2.260105281337278,0.021961572008856362,2.126733439659493,2.19822128827164,0.09605918096146783,0.09101615246572901,0.09278349604602308,0.09394378511013542,2.102162107310172,2.107205135805911,2.105437792225617,2.1042775031615046
2058,2049,2064,15,0.6,0.5999934136832163,0.4,12.82998270164576,25.683221914224017,0.13880548641402832,1.9589667723895625,0.020682885590821966,1.8159178422354296,1.8939075283296745,0.09772648820067656,0.09353459090154459,0.09475540010254918,0.09610821773337115,1.796181040128998,1.8003729374281299,1.7991521282271252,1.7977993105963033
2059,2049,2064,15,0.6666666666666666,0.6666550531129176,0.33333333333333337,12.82998270164576,25.683221914224017,0.13880548641402832,1.6009276651443054,0.020231876861718054,1.4431478011168768,1.5515306793350416,0.1720548156764619,0.16582995605128123,0.16825254053440633,0.16953671314379173,1.3794758636585798,1.3857007232837604,1.3832781388006352,1.38199396619125
2061,2049,2064,15,0.8,0.7999773774336559,0.19999999999999996,12.82998270164576,25.683221914224017,0.13880548641402832,0.8843834767438598,0.017078065254237235,0.6956725879483231,0.8497644941482324,0.08226862269229941,0.08101394588678067,0.08138936996266553,0.08161211636645252,0.767495871455933,0.7687505482614517,0.7683751241855669,0.7681523777817799
2062,2049,2064,15,0.8666666666666667,0.8666304260153785,0.1333333333333333,12.82998270164576,25.683221914224017,0.13880548641402832,0.4858012937642063,0.01284833970036981,0.3847315316402916,0.49789978919826555,0.0510113500941737,0.05105548287292378,0.05090716954556003,0.050941807165062324,0.4468884391040919,0.4468443063253418,0.44699261965270554,0.44695798203320325
2063,2049,2064,15,0.9333333333333333,0.9333144971036911,0.06666666666666665,12.82998270164576,25.683221914224017,0.13880548641402832,0.3060562944845934,0.00863763614841098,0.26162604317275157,0.30066383810813035,0.058109788935047445,0.055988303934318126,0.0567278713906323,0.05734816137261818,0.2425540491730829,0.24467553417381221,0.24393596671749807,0.2433156767355122
2066,2064,2077,13,0.15384615384615385,0.15385432794272136,0.15384615384615385,7.5784110184344415,17.501040415419762,0.2533248996628959,1.3844306149720322,0.013582808991108449,1.4940803236872124,1.4120311603753657,0.03192191406565959,0.03189222629799487,0.03206342811156496,0.031729909234725344,1.380109246309706,1.3801389340773709,1.3799677322638007,1.3803012511406403
2067,2064,2077,13,0.23076923076923078,0.23077846368659719,0.23076923076923078,7.5784110184344415,17.501040415419762,0.2533248996628959,1.8238181699460971,0.01711250854124415,1.9234108103663883,1.8468208309648175,0.05532495457898844,0.051946304571734214,0.05388781549726887,0.05342953129691794,1.791495876385829,1.7948745263930834,1.7929330154675487,1.7933912996678996
2068,2064,2077,13,0.3076923076923077,0.30770535236455016,0.3076923076923077,7.5784110184344415,17.501040415419762,0.2533248996628959,2.0232033495208928,0.019415767031146162,2.1054043782333625,2.0327518934413527,0.017286408908470448,0.01666257573466093,0.017106433573943466,0.01645768815206054,2.015465484532882,2.0160893177066916,2.015645459867409,2.016294205289292
2069,2064,2077,13,0.38461538461538464,0.38462893752161054,0.38461538461538464,7.5784110184344415,17.501040415419762,0.2533248996628959,2.205256648519177,0.020393709702404558,2.31532545075437,2.2406921895083975,0.07371431548712604,0.07026413555381585,0.07260650163473004,0.07136970295663665,2.1669778740212715,2.1704280539545815,2.1680856878736674,2.169322486551761
2071,2064,2077,13,0.5384615384615384,0.5384761078357313,0.46153846153846156,7.5784110184344415,17.501040415419762,0.2533248996628959,2.634823879681203,0.0205997086950203,2.7749595893722394,2.714921615598536,0.10417635200526794,0.10047526070982593,0.10335618695437485,0.10136808617168565,2.610745263593268,2.61444635488871,2.611565428644161,2.6135535294268504
2072,2064,2077,13,0.6153846153846154,0.6153996929927917,0.3846153846153846,7.5784110184344415,17.501040415419762,0.2533248996628959,2.616353721921099,0.019064755984049806,2.707872738044214,2.6488843578217187,0.058774634388038344,0.060079319118212224,0.05772150362214955,0.06119912890902761,2.5901097234336805,2.5888050387035064,2.591162854199569,2.587685228912691
2073,2064,2077,13,0.6923076923076923,0.6923199746289596,0.3076923076923077,7.5784110184344415,17.501040415419762,0.2533248996628959,2.341496319862803,0.01660523423740286,2.4486495257543157,2.3862481907225153,0.05073219801573419,0.05063025724461311,0.05040954810995162,0.05109975500499204,2.3355159927067812,2.335617933477902,2.3358386426125635,2.335148435717523
2074,2064,2077,13,0.7692307692307693,0.769242458612389,0.23076923076923073,7.5784110184344415,17.501040415419762,0.2533248996628959,2.048282366449711,0.013901087255712699,2.130878650501889,2.0769591706152175,0.04836759417903729,0.049007472356845015,0.04809654997170259,0.049404609900600804,2.02859157643618,2.0279516982583723,2.028862620643515,2.027554560714617
2076,2064,2077,13,0.9230769230769231,0.9230824712979093,0.07692307692307687,7.5784110184344415,17.501040415419762,0.2533248996628959,0.8743865584130183,0.0068536620320286575,0.9574865427256835,0.8841858586940844,0.061313926332138606,0.06186030532596198,0.060867795465574574,0.06231235070877502,0.8228719323619458,0.8223255533681224,0.8233180632285099,0.8218735079853093
2078,2077,2086,9,0.1111111111111111,0.11111659033750797,0.1111111111111111,6.604941496415867,22.03428412436991,0.12651798668970582,0.4718046752815466,0.006802804624337175,0.5283005881963192,0.5702323290672123,0.10526489419984471,0.10562681821494388,0.10546321573919179,0.10546339142748568,0.46496743486736763,0.4646055108522684,0.4647691133280205,0.46476893763972665
2079,2077,2086,9,0.2222222222222222,0.2222284084455735,0.2222222222222222,6.604941496415867,22.03428412436991,0.12651798668970582,1.1317500324481446,0.010809376170651482,1.1546352429675109,1.2047207631216053,0.09086913051650974,0.090803759249447,0.09087453335967298,0.09083103551144966,1.1138516326050956,1.1139170038721582,1.1138462297619323,1.1138897276101556
2081,2077,2086,9,0.4444444444444444,0.4444544307764258,0.4444444444444444,6.604941496415867,22.03428412436991,0.12651798668970582,1.8345661047212596,0.01512618019046764,1.84535326729509,1.9124798467943098,0.09061683905611075,0.08978770292585594,0.09023261547949657,0.09021006220931611,1.821863007738199,1.8226921438684538,1.8222472313148133,1.8222697845849938
2082,2077,2086,9,0.5555555555555556,0.5555662488844914,0.4444444444444444,6.604941496415867,22.03428412436991,0.12651798668970582,2.039802376225891,0.015785010055980566,2.030339061982734,2.099487509994634,0.07319154757827105,0.0727792159174192,0.07279989561414402,0.07321070684026429,2.026295962416363,2.0267082940772148,2.02668761438049,2.02627680315437
2083,2077,2086,9,0.6666666666666666,0.666674885506262,0.33333333333333337,6.604941496415867,22.03428412436991,0.12651798668970582,1.889724236262846,0.014550141249341153,1.8343144367930266,1.9011682990062997,0.07241187885807356,0.07195218977650876,0.07196864115529998,0.07239337636568396,1.828756420148226,1.829216109229791,1.8291996578509997,1.8287749226406158
2084,2077,2086,9,0.7777777777777778,0.77778511287118,0.2222222222222222,6.604941496415867,22.03428412436991,0.12651798668970582,1.364082383026377,0.011213800283492214,1.3011958142938618,1.3593504552611524,0.0601741075341333,0.06012813569391498,0.059674986860963855,0.0606126322739382,1.299176347727019,1.2992223195672374,1.2996754684001885,1.2987378229872142
2087,2086,2103,17,0.058823529411764705,0.05881949202036837,0.058823529411764705,10.068427876066934,17.782128250266247,0.17987385851634738,0.507108009568112,0.0039439896334146985,0.41228268044472155,0.4937169041636345,0.07457526660919751,0.07299564205011336,0.07376167369483684,0.0738416670824235,0.419141637554437,0.4207212621135211,0.4199552304687977,0.419875237081211
2088,2086,2103,17,0.11764705882352941,0.11764024727362761,0.11764705882352941,10.068427876066934,17.782128250266247,0.17987385851634738,1.0208061193349407,0.006272800328945604,0.9632303908212162,1.0575084821518468,0.12921612816278255,0.12610498795250136,0.1275433489164298,0.12786127839236583,0.9282923539890642,0.9314034941993454,0.929965133235417,0.929647203759481
2089,2086,2103,17,0.17647058823529413,0.1764584760611051,0.17647058823529413,10.068427876066934,17.782128250266247,0.17987385851634738,1.6462175540192243,0.008654684350102181,1.5933132862657247,1.6900756348769654,0.14329112759642523,0.1389563634588105,0.14082175150657367,0.14155109204656302,1.5467845072805402,1.551119271418155,1.5492538833703917,1.5485245428304024
2091,2086,2103,17,0.29411764705882354,0.2940957757913207,0.29411764705882354,10.068427876066934,17.782128250266247,0.17987385851634738,2.5487134687653232,0.012917729362732661,2.5585171509531994,2.647434318554025,0.19454860918943964,0.18825279002959994,0.1906654919171867,0.19234691100151036,2.4528857093645855,2.459181528524425,2.4567688266368384,2.4550874075525146
2092,2086,2103,17,0.35294117647058826,0.35290810949197404,0.35294117647058826,10.068427876066934,17.782128250266247,0.17987385851634738,2.9811371984674495,0.015531518968786883,2.9702658501649704,3.0610548032418397,0.15999593379182692,0.15382496011647162,0.15595999577393244,0.1581372174608268,2.901058869450013,2.907229843125368,2.9050948074679073,2.902917585781013
2093,2086,2103,17,0.4117647058823529,0.4117372862978392,0.4117647058823529,10.068427876066934,17.782128250266247,0.17987385851634738,3.2323777826020224,0.01775654150996653,3.218097961911919,3.3094568118631615,0.16959511211996064,0.1622302493919077,0.16464892612730891,0.16743707471438857,3.139861699743201,3.147226562471254,3.144807885735853,3.142019737148773
2094,2086,2103,17,0.47058823529411764,0.4705668841813346,0.47058823529411764,10.068427876066934,17.782128250266247,0.17987385851634738,3.2915758495909375,0.019464611547125428,3.290520836621363,3.374582607642538,0.19665712771946542,0.18840837471803998,0.19100870823114433,0.1942553000660853,3.1779254799230725,3.1861742329244978,3.1835738994113933,3.1803273075764524
2096,2086,2103,17,0.5882352941176471,0.5882231324049133,0.4117647058823529,10.068427876066934,17.782128250266247,0.17987385851634738,2.987168649169579,0.02298623407987416,2.9398251111655718,3.019773881399004,0.14089516209959588,0.13562192898488415,0.13645502262340226,0.1402509432753096,2.878878719299408,2.8841519524141197,2.883318858775602,2.8795229381236944
2097,2086,2103,17,0.6470588235294118,0.6470493616673664,0.3529411764705882,10.068427876066934,17.782128250266247,0.17987385851634738,2.5799647007833717,0.02431833324194828,2.538063147814566,2.6122134093705855,0.14322364610778462,0.13793137570450076,0.13908947188425416,0.14219005748000627,2.468989763262801,2.4742820336660847,2.4731239374863314,2.470023351890579
2098,2086,2103,17,0.7058823529411765,0.70587643308508,0.2941176470588235,10.068427876066934,17.782128250266247,0.17987385851634738,2.354454860807309,0.02407380414742953,2.3708946010029974,2.4356942945557343,0.13089549877511547,0.12480199878467335,0.12683034616007574,0.1290218239644579,2.3047987957806186,2.310892295771061,2.3088639483956586,2.3066724705912764
2099,2086,2103,17,0.7647058823529411,0.7647022412699027,0.23529411764705888,10.068427876066934,17.782128250266247,0.17987385851634738,2.1191572609162876,0.02279705340484675,2.0633061870855465,2.1242377465716746,0.10192641576356616,0.09934337240204354,0.09886976199436506,0.10245822541654337,2.0223113308081087,2.024894374169631,2.0253679845773096,2.021779521155131
2101,2086,2103,17,0.8823529411764706,0.8823525944066574,0.11764705882352944,10.068427876066934,17.782128250266247,0.17987385851634738,1.0697548308280103,0.017660585678904994,1.0889450746677451,1.1099973956804712,0.06129469287373447,0.06047645078837566,0.060347030217599226,0.061490197334162625,1.0487027028067366,1.0495209448920955,1.049650365462872,1.0485071983463086
2102,2086,2103,17,0.9411764705882353,0.9411775604362196,0.05882352941176472,10.068427876066934,17.782128250266247,0.17987385851634738,0.5952543902426806,0.01104437808810111,0.6049700682528375,0.607866261435126,0.0,0.0,0.0,0.0,0.607866261435126,0.607866261435126,0.607866261435126,0.607866261435126
2104,2103,2121,18,0.05555555555555555,0.055561123679161536,0.05555555555555555,9.341763815603397,15.583665566898853,0.06826204944805414,0.6255175062601789,0.005492770734898629,0.7127346491905749,0.6435656288703293,0.03262355966044431,0.03266883201403277,0.03265833247451736,0.032655405338938195,0.610942069209885,0.6108967968562965,0.610907296395812,0.6109102235313911
2106,2103,2121,18,0.16666666666666666,0.1666797915294522,0.16666666666666666,9.341763815603397,15.583665566898853,0.06826204944805414,1.7648591058442764,0.019133044918632804,1.8575911739924758,1.7581971814059119,0.05402377056584643,0.053900028297117514,0.05399896033966815,0.053926525134795365,1.7041734108400655,1.7042971531087943,1.7041982210662436,1.7042706562711165
2107,2103,2121,18,0.2222222222222222,0.22223813114681074,0.2222222222222222,9.341763815603397,15.583665566898853,0.06826204944805414,1.9789658704490514,0.024154980311024057,2.0803612401682856,1.976380258982461,0.049022725297294734,0.04785304817165519,0.04840675502966639,0.04848806510826503,1.9273575336851663,1.9285272108108058,1.9279735039527948,1.927892193874196
2108,2103,2121,18,0.2777777777777778,0.277796868487284,0.2777777777777778,9.341763815603397,15.583665566898853,0.06826204944805414,2.0108865765688315,0.028760758989734427,2.073031506932343,1.956113563163041,0.07971771703426042,0.07904404427063608,0.07941231831683318,0.07929812392747931,1.8763958461287806,1.877069518892405,1.876701244846208,1.8768154392355618
2109,2103,2121,18,0.3333333333333333,0.3333540149352984,0.3333333333333333,9.341763815603397,15.583665566898853,0.06826204944805414,1.6546315271666387,0.03170537122724305,1.6821320500351191,1.5576498893009534,0.11681518752070479,0.11697717352423329,0.11693770372712443,0.11675944077979226,1.4408347017802485,1.44067271577672,1.440712185573829,1.440890448521161
2111,2103,2121,18,0.4444444444444444,0.4444671146619831,0.4444444444444444,9.341763815603397,15.583665566898853,0.06826204944805414,1.210520244777844,0.03592159345321336,1.2506123723526168,1.2005104018658035,0.10959840512594214,0.10929407223561947,0.1095837110018249,0.10920766767063968,1.0909119967398613,1.091216329630184,1.0909266908639785,1.0913027341951638
2112,2103,2121,18,0.5,0.5000238633868828,0.5,9.341763815603397,15.583665566898853,0.06826204944805414,1.1221135070855686,0.03810032508961162,1.1073858190278942,1.115571881004526,0.07607654129830682,0.07483782954959782,0.07553578347621333,0.07530161930919335,1.0394953397062192,1.0407340514549284,1.0400360975283127,1.0402702616953328
2113,2103,2121,18,0.5555555555555556,0.5555786234962089,0.4444444444444444,9.341763815603397,15.583665566898853,0.06826204944805414,1.079142302395921,0.03861947083580396,1.0342519983042964,1.0851326907163115,0.06212993621143691,0.060762829498739734,0.061561392971241725,0.06125442136178977,1.0230027545048745,1.0243698612175718,1.0235712977450697,1.0238782693545216
2114,2103,2121,18,0.6111111111111112,0.6111341790517645,0.38888888888888884,9.341763815603397,15.583665566898853,0.06826204944805414,1.012230182870296,0.038869574321068384,0.946336978576449,1.0087691850446625,0.046042058254973886,0.04472525128315007,0.04554365738636982,0.045171868187425614,0.9627271267896886,0.9640439337615124,0.9632255276582927,0.9635973168572369
2116,2103,2121,18,0.7222222222222222,0.7222417106548431,0.2777777777777778,9.341763815603397,15.583665566898853,0.06826204944805414,0.737523432418026,0.03430242606310439,0.667373395608208,0.7030184513478978,0.03711311787420278,0.03597843819055453,0.03669294413319804,0.036439329890064896,0.665905333473695,0.6670400131573432,0.6663255072146997,0.6665791214578328
2117,2103,2121,18,0.7777777777777778,0.7777936867023663,0.2222222222222222,9.341763815603397,15.583665566898853,0.06826204944805414,0.5184595364368851,0.030065888519016433,0.4626039584133853,0.47620887434805376,0.03348745670623202,0.032704332807224935,0.033123772584208046,0.0331206809382017,0.4427214176418217,0.4435045415408288,0.4430851017638457,0.44308819340985206
2118,2103,2121,18,0.8333333333333334,0.8333468559192335,0.16666666666666663,9.341763815603397,15.583665566898853,0.06826204944805414,0.40110049737087344,0.023782197591474222,0.36758477464699757,0.33935741634375394,0.06006823841116774,0.05928843346223497,0.059710831425458556,0.05967643021598914,0.2792891779325862,0.280068982881519,0.27964658491829536,0.2796809861277648
2119,2103,2121,18,0.8888888888888888,0.8888980365205272,0.11111111111111116,9.341763815603397,15.583665566898853,0.06826204944805414,0.15022846288182948,0.016259793626987522,0.2328808315934542,0.09183779046780266,0.08074149618130019,0.08011217018851381,0.08043099591642176,0.08043940711038085,0.011096294286502467,0.011725620279288848,0.011406794551380897,0.011398383357421812
2122,2121,2134,13,0.07692307692307693,0.07690117810957328,0.07692307692307693,7.7389903533103075,17.8738292249646,0.11075716787244516,0.49590396384978525,0.005788752653488523,0.4405050940758525,0.5097462998976993,0.021626285385159896,0.02210819582399546,0.02190973526969428,0.021880979663529424,0.4881200145125394,0.4876381040737038,0.48783656462800495,0.48786532023416984
2123,2121,2134,13,0.15384615384615385,0.15382988857654958,0.15384615384615385,7.7389903533103075,17.8738292249646,0.11075716787244516,0.8632839384202563,0.008065392628024354,0.8050460865817947,0.8948608628888572,0.04951340073840024,0.05031326995242589,0.04999429584514006,0.04987468417019628,0.845347462150457,0.8445475929364313,0.8448665670437172,0.844986178718661
2124,2121,2134,13,0.23076923076923078,0.23075970033782203,0.23076923076923078,7.7389903533103075,17.8738292249646,0.11075716787244516,1.259908826109939,0.012217703150296121,1.1890829664686942,1.312243928259477,0.05994935141245053,0.059851223542635,0.05997850939501185,0.05978448885511487,1.2522945768470266,1.2523927047168422,1.2522654188644653,1.2524594394043622
2126,2121,2134,13,0.38461538461538464,0.3846143680360343,0.38461538461538464,7.7389903533103075,17.8738292249646,0.11075716787244516,2.429725878313664,0.021683982903343554,2.3364541811533006,2.4759913699533387,0.04675918214501638,0.04514214842729997,0.045979130777720575,0.045839258626196776,2.4292321878083225,2.4308492215260387,2.430012239175618,2.430152111327142
2127,2121,2134,13,0.46153846153846156,0.46153867332582615,0.46153846153846156,7.7389903533103075,17.8738292249646,0.11075716787244516,2.60862769025246,0.024544460894425867,2.469518749908477,2.6116384316784225,0.05188503888937251,0.056955600752556707,0.0555161956277929,0.05335715356117678,2.55975339278905,2.5546828309258656,2.5561222360506295,2.5582812781172457
2128,2121,2134,13,0.5384615384615384,0.5384651812042103,0.46153846153846156,7.7389903533103075,17.8738292249646,0.11075716787244516,2.4515633503898906,0.026149092086512105,2.282676492527357,2.434878050357358,0.07818423978017307,0.08343146815330407,0.08187272690533012,0.07982435899915535,2.3566938105771853,2.351446582204054,2.353005323452028,2.355053691358203
2129,2121,2134,13,0.6153846153846154,0.615388385199706,0.3846153846153846,7.7389903533103075,17.8738292249646,0.11075716787244516,2.300485393422033,0.026289737428164477,2.1354402922499642,2.2854440856886535,0.08532601369375212,0.08849536621875899,0.08754255882794901,0.08636209120345278,2.2001180719949014,2.1969487194698947,2.1979015268607047,2.199081994485201
2131,2121,2134,13,0.7692307692307693,0.7692342425435493,0.23076923076923073,7.7389903533103075,17.8738292249646,0.11075716787244516,1.922154752593117,0.02338745790269782,1.7689327952824232,1.8970908016351526,0.08793988008759615,0.09045761178424712,0.08967220305085884,0.08877467381208717,1.8091509215475565,1.8066331898509056,1.8074185985842939,1.8083161278230655
2132,2121,2134,13,0.8461538461538461,0.8461579971861931,0.15384615384615385,7.7389903533103075,17.8738292249646,0.11075716787244516,1.384558075900015,0.017542720152121924,1.2063806922116738,1.3133436148964484,0.14043894177891975,0.14305510510023925,0.14223697982742828,0.14127539812863046,1.1729046731175286,1.170288509796209,1.17110663506902,1.1720682167678178
2133,2121,2134,13,0.9230769230769231,0.9230778972988004,0.07692307692307687,7.7389903533103075,17.8738292249646,0.11075716787244516,0.5773265856208618,0.011407487499631743,0.5225040223016606,0.5735212537890299,0.1379648139119267,0.1395488264568486,0.13903733573130336,0.13847819927619281,0.43555643987710313,0.4339724273321812,0.43448391805772646,0.43504305451283704
2136,2134,2145,11,0.18181818181818182,0.18182658345574382,0.18181818181818182,13.052176675387928,35.62961518199273,0.1107571700442853,0.9569283753144394,0.014660425496312128,0.7818572717482467,0.9485765418359935,0.13712291454178988,0.13595808132189244,0.13667375536566914,0.13647851059909857,0.8114536272942037,0.812618460514101,0.8119027864703243,0.812098031236895
2137,2134,2145,11,0.2727272727272727,0.2727379226903795,0.2727272727272727,13.052176675387928,35.62961518199273,0.1107571700442853,1.274637305875556,0.017453181317012702,1.1474514031727598,1.3317059036339212,0.11596700923313585,0.11454498149275615,0.11547266952474201,0.1151409108006821,1.2157388944007854,1.217160922141165,1.216233234109179,1.2165649928332392
2138,2134,2145,11,0.36363636363636365,0.3636499127560939,0.36363636363636365,13.052176675387928,35.62961518199273,0.1107571700442853,1.633855080141248,0.02056104472864596,1.4938086940489788,1.6854595273908175,0.08154976800815796,0.08068586690676538,0.08143343842350335,0.0809493910871153,1.6039097593826595,1.6047736604840521,1.6040260889673141,1.6045101363037022
2139,2134,2145,11,0.45454545454545453,0.4545586486664146,0.45454545454545453,13.052176675387928,35.62961518199273,0.1107571700442853,1.8884604244570178,0.022481772744562062,1.7205539302893618,1.9054961749663981,0.12492126053527224,0.12385104639772906,0.12493911193650192,0.12395448389324522,1.7805749144311258,1.781645128568669,1.7805570630298961,1.781541691073153
2141,2134,2145,11,0.6363636363636364,0.6363767713181346,0.36363636363636365,13.052176675387928,35.62961518199273,0.1107571700442853,1.75551734651621,0.01997185703470294,1.7101034418296366,1.8189878211591763,0.17267166939352802,0.1718973458081832,0.17303622749027467,0.1716020596644269,1.6463161517656484,1.6470904753509932,1.6459515936689018,1.6473857614947494
2142,2134,2145,11,0.7272727272727273,0.7272848563973766,0.2727272727272727,13.052176675387928,35.62961518199273,0.1107571700442853,1.513153484605342,0.017140315467927273,1.537920435368894,1.620412094024772,0.17629387927744908,0.17569307898954598,0.1767730336983893,0.17526120245929497,1.4441182147473228,1.444719015035226,1.4436390603263827,1.445150891565477
2143,2134,2145,11,0.8181818181818182,0.8181903381523036,0.18181818181818177,13.052176675387928,35.62961518199273,0.1107571700442853,1.5465144704865192,0.013734797637217378,1.6199650563129517,1.6801128135727625,0.15803894756611492,0.1574306704870267,0.15819102600594667,0.1573207610035784,1.5220738660066475,1.5226821430857358,1.5219217875668158,1.522792052569184
2144,2134,2145,11,0.9090909090909091,0.909097121569388,0.09090909090909094,13.052176675387928,35.62961518199273,0.1107571700442853,1.1487085749708863,0.010964625798755052,1.18542379167002,1.2088382788451244,0.06017094853188158,0.05925906017077665,0.059563476512032615,0.05990909371425435,1.1486673303132429,1.1495792186743476,1.1492748023330919,1.14892918513087
2146,2145,2161,16,0.0625,0.06249709159767042,0.0625,15.140632880743565,28.414829923000834,0.2239605751119297,0.6160802224176989,0.014087832763114072,0.7641315603513128,0.5529590353473148,0.08521696369548679,0.08776131201990618,0.08636466036081546,0.08643204983766133,0.467742071651828,0.46519772332740866,0.46659437498649936,0.4665269855096535
2147,2145,2161,16,0.125,0.12499149851626737,0.125,15.140632880743565,28.414829923000834,0.2239605751119297,0.881362521575116,0.0178829299007887,1.0148600677138282,0.8423616290615816,0.07733489085747823,0.0818759151433539,0.07940747289710569,0.07958776713871313,0.7650267382041034,0.7604857139182277,0.7629541561644759,0.7627738619228686
2148,2145,2161,16,0.1875,0.1874876952209133,0.1875,15.140632880743565,28.414829923000834,0.2239605751119297,1.3896990120606747,0.02144398149120515,1.5092321396748878,1.4022623410359183,0.036726599181849305,0.03705161312338915,0.036806494759806144,0.03674007515522866,1.365535741854069,1.3652107279125292,1.3654558462761122,1.3655222658806896
2149,2145,2161,16,0.25,0.2499807597999735,0.25,15.140632880743565,28.414829923000834,0.2239605751119297,1.8024654411751617,0.024543782965764635,1.874314792622238,1.763686475022396,0.04862823061782037,0.054940277677651674,0.05112371393889402,0.051620574213523424,1.7150582444045757,1.7087461973447442,1.712562761083502,1.7120659008088726
2151,2145,2161,16,0.375,0.37496733640460617,0.375,15.140632880743565,28.414829923000834,0.2239605751119297,1.9003889685329682,0.025978686724367296,2.0969054809708743,1.9123455839878751,0.0,0.0,0.0,0.0,1.9123455839878751,1.9123455839878751,1.9123455839878751,1.9123455839878751
2152,2145,2161,16,0.4375,0.43745279439295826,0.4375,15.140632880743565,28.414829923000834,0.2239605751119297,2.2582519845178997,0.024250030364163712,2.4223085147425487,2.249709664406728,0.0343445968480046,0.045126231137531184,0.03850659581707223,0.04081547136352198,2.2153650675587233,2.204583433269197,2.211203068589656,2.2088941930432062
2153,2145,2161,16,0.5,0.499959729813898,0.5,15.140632880743565,28.414829923000834,0.2239605751119297,2.190162984632098,0.022454476326591165,2.3165181388711487,2.1322867829931944,0.08421590142802605,0.09340634441910807,0.08738959614562904,0.08959324912996272,2.0480708815651685,2.038880438574086,2.044897186847565,2.0426935338632317
2154,2145,2161,16,0.5625,0.5624684550208868,0.4375,15.140632880743565,28.414829923000834,0.2239605751119297,1.954950834122343,0.020827517620563014,2.140617182764573,1.9348569400987359,0.06959214448191177,0.08005082444831445,0.07313327211136948,0.07621330300052145,1.865264795616824,1.8548061156504214,1.8617236679873663,1.8586436370982145
2156,2145,2161,16,0.6875,0.6874809835232296,0.3125,15.140632880743565,28.414829923000834,0.2239605751119297,1.8175379259067506,0.014599690602376399,1.9919836775358661,1.8022348137736919,0.027525917691500038,0.03525950532910011,0.029663097785029704,0.03270182180345467,1.7747088960821917,1.7669753084445918,1.7725717159886623,1.7695329919702372
2157,2145,2161,16,0.75,0.7499856817116082,0.25,15.140632880743565,28.414829923000834,0.2239605751119297,1.54289639978732,0.012119503528192091,1.699689738650831,1.499000790075078,0.0590181137952318,0.06509203901968164,0.06037197278503921,0.06326723674246579,1.4399826762798462,1.4339087510553963,1.4386288172900388,1.435733553332612
2158,2145,2161,16,0.8125,0.8124912747930112,0.1875,15.140632880743565,28.414829923000834,0.2239605751119297,1.07872579847309,0.010509097186423027,1.256606232007304,1.0459852255752553,0.060761488764646834,0.06486957590422579,0.06151210266884851,0.06372944758763896,0.9852237368106085,0.9811156496710295,0.9844731229064068,0.9822557779876163
2159,2145,2161,16,0.875,0.8749941831953408,0.125,15.140632880743565,28.414829923000834,0.2239605751119297,0.7145340725525465,0.00841797662517634,0.8926502486257893,0.6967062064904753,0.03340024392701943,0.035335100204896976,0.03325499024260851,0.0352302379953548,0.6633059625634559,0.6613711062855784,0.6634512162478668,0.6614759684951205
2162,2161,2174,13,0.07692307692307693,0.07692934668872495,0.07692307692307693,11.653809017380201,26.919113037386275,0.18695755072288314,0.12414879738136216,0.011262031600392502,0.25320938795473125,0.17209602132571494,0.057288854300254106,0.057207804071395585,0.05729900170612492,0.05730470812392348,0.11480716702546084,0.11488821725431936,0.11479701961959002,0.11479131320179146
2163,2161,2174,13,0.15384615384615385,0.15385538904150026,0.15384615384615385,11.653809017380201,26.919113037386275,0.18695755072288314,0.37273289957973155,0.011507139474261826,0.3496214712875883,0.4276252267777241,0.06771848255689941,0.07086921535176956,0.06930842533114823,0.06928662420302382,0.3599067442208247,0.35675601142595453,0.35831680144657585,0.35833860257470024
2164,2161,2174,13,0.23076923076923078,0.2307825328395921,0.23076923076923078,11.653809017380201,26.919113037386275,0.18695755072288314,0.8550843822456579,0.010741106525332594,0.8415362655870032,0.9329730255767633,0.071306718260388,0.07592804935631144,0.07369040911181898,0.07357100214656677,0.8616663073163753,0.8570449762204518,0.8592826164649443,0.8594020234301966
2166,2161,2174,13,0.38461538461538464,0.3846329653771679,0.38461538461538464,11.653809017380201,26.919113037386275,0.18695755072288314,1.2019193962714505,0.012299415732828566,1.0724616155102489,1.186676292906276,0.05104992017127315,0.04622555162375324,0.04860061478390272,0.048834235757635805,1.1356263727350029,1.1404507412825227,1.1380756781223733,1.13784205714864
2167,2161,2174,13,0.46153846153846156,0.4615557033939936,0.46153846153846156,11.653809017380201,26.919113037386275,0.18695755072288314,0.9933691051343443,0.014358979299120814,0.8253931643457488,0.9576336466458782,0.059846324536212976,0.054509208415897,0.057139423580944454,0.0572935503453437,0.8977873221096653,0.9031244382299812,0.9004942230649338,0.9003400963005346
2168,2161,2174,13,0.5384615384615384,0.5384795428561359,0.46153846153846156,11.653809017380201,26.919113037386275,0.18695755072288314,0.7743398371849729,0.01517538056533146,0.586785567992142,0.7443714093765875,0.06195159093317952,0.05712957131629088,0.059470302919841345,0.05968450720030103,0.682419818443408,0.6872418380602966,0.6849011064567462,0.6846869021762865
2169,2161,2174,13,0.6153846153846154,0.6154006287049867,0.3846153846153846,11.653809017380201,26.919113037386275,0.18695755072288314,0.6133534672947734,0.016014749730907024,0.3805284179929823,0.5968023061283843,0.08821101933272282,0.08367629526912287,0.08588326651498794,0.08618935926880676,0.5085912867956615,0.5131260108592614,0.5109190396133964,0.5106129468595775
2171,2161,2174,13,0.7692307692307693,0.7692422496800302,0.23076923076923073,11.653809017380201,26.919113037386275,0.18695755072288314,0.8056855347318652,0.016091084549209204,0.657435648201425,0.8599926926766993,0.09635804360361248,0.09286242660783292,0.09433886667271456,0.09503356853569087,0.7636346490730869,0.7671302660688664,0.7656538260039848,0.7649591241410084
2172,2161,2174,13,0.8461538461538461,0.846163335528881,0.15384615384615385,11.653809017380201,26.919113037386275,0.18695755072288314,0.6938106227568861,0.014835185960348649,0.5869987520415191,0.7323968723428621,0.08385754621583351,0.08122622734428304,0.08221763442252167,0.08296879292446672,0.6485393261270286,0.651170644998579,0.6501792379203404,0.6494280794183954
2173,2161,2174,13,0.9230769230769231,0.9230805663191239,0.07692307692307687,11.653809017380201,26.919113037386275,0.18695755072288314,0.4319317378331078,0.01280668681984156,0.4467639771468692,0.4651311175375943,0.05438138934976879,0.05277248141507659,0.05334760419016223,0.053864809214647175,0.4107497281878255,0.4123586361225177,0.4117835133474321,0.4112663083229471
2176,2174,2186,12,0.16666666666666666,0.16634290716578432,0.16666666666666666,12.52698222113711,31.28932405807678,0.24571748932596413,1.6001052250700019,0.015201149252057001,1.7190844129240843,1.6089724681607274,0.0,0.0,0.0,0.0,1.6089724681607274,1.6089724681607274,1.6089724681607274,1.6089724681607274
2177,2174,2186,12,0.25,0.24951316972660087,0.25,12.52698222113711,31.28932405807678,0.24571748932596413,2.113643824626866,0.017804133269431234,2.2168358467064855,2.107624860068044,0.0382535838234446,0.037639245200556594,0.03864570544758011,0.03686522934998518,2.069371276244599,2.069985614867487,2.0689791546204637,2.0707596307180585
2178,2174,2186,12,0.3333333333333333,0.3326834322874174,0.3333333333333333,12.52698222113711,31.28932405807678,0.24571748932596413,2.409000849322625,0.0190930680269765,2.5222291737254268,2.400450147057178,0.06481615010724992,0.060950787235465535,0.06393697647440491,0.061773944814859046,2.3356339969499285,2.339499359821713,2.3365131705827733,2.3386762022423193
2179,2174,2186,12,0.4166666666666667,0.415850717293045,0.4166666666666667,12.52698222113711,31.28932405807678,0.24571748932596413,2.4688797809595107,0.01998126231991873,2.6048410774364004,2.470079767999645,0.08658701882074446,0.08114322875411883,0.08493251707119598,0.0829166183768884,2.3834927491789006,2.388936539245526,2.385147250928449,2.3871631496227566
2181,2174,2186,12,0.5833333333333334,0.582185882815338,0.41666666666666663,12.52698222113711,31.28932405807678,0.24571748932596413,2.2038292014583813,0.021351326540124987,2.3607464758286714,2.2138416295928622,0.090186817409621,0.08804406149527404,0.09050592036993965,0.08768929240761303,2.1236548121832413,2.125797568097588,2.1233357092229226,2.1261523371852493
2182,2174,2186,12,0.6666666666666666,0.6650762551883899,0.33333333333333337,12.52698222113711,31.28932405807678,0.24571748932596413,1.9490120937199968,0.02015982966974329,2.1665748922059196,1.9817432999475555,0.10564654296305488,0.10689142848402738,0.10767823390734133,0.10489134778743726,1.8760967569845006,1.874851871463528,1.874065066040214,1.8768519521601181
2183,2174,2186,12,0.75,0.7487967699481309,0.25,12.52698222113711,31.28932405807678,0.24571748932596413,1.7095181384584255,0.018112485244495994,1.9779962463213183,1.7525046585255175,0.08882798614609858,0.08908494325237241,0.09038863600210756,0.0876007551195814,1.663676672379419,1.6634197152731451,1.66211602252341,1.664903903405936
2184,2174,2186,12,0.8333333333333334,0.8325256218624012,0.16666666666666663,12.52698222113711,31.28932405807678,0.24571748932596413,1.331687171170826,0.01524733343927061,1.6261239211189564,1.3792676669900696,0.07397142196413631,0.07276986916280291,0.07453458025766073,0.07233857141599619,1.3052962450259333,1.3064977978272667,1.304733086732409,1.3069290955740736
2187,2186,2198,12,0.08333333333333333,0.08329818791819095,0.08333333333333333,7.2247255128956,17.94945168273882,0.16101190033900356,0.769220631339385,0.016529875944791113,0.8375930036438397,0.7964120963963293,0.03486018064624176,0.03430831271151193,0.034586230107139806,0.03462054215798225,0.7615519157500875,0.7621037836848173,0.7618258662891895,0.761791554238347
2188,2186,2198,12,0.16666666666666666,0.16660585325170119,0.16666666666666666,7.2247255128956,17.94945168273882,0.16101190033900356,1.2958462914830986,0.01918056998697216,1.3440138465383498,1.2939308395392533,0.039177089508964986,0.03656194483254142,0.03768870839214206,0.03803703686638651,1.2547537500302883,1.2573688947067119,1.2562421311471113,1.2558938026728668
2189,2186,2198,12,0.25,0.24991648027749871,0.25,7.2247255128956,17.94945168273882,0.16101190033900356,1.5486186634471426,0.021023021923667645,1.5780432895402114,1.5243717082521773,0.03362550668235968,0.031758582412557614,0.03230594065002702,0.0329301936273551,1.4907462015698176,1.4926131258396196,1.4920657676021503,1.491441514624822
2191,2186,2198,12,0.4166666666666667,0.4165590585135622,0.4166666666666667,7.2247255128956,17.94945168273882,0.16101190033900356,1.1351886029919704,0.024972662062688986,1.204326749516584,1.0988443600683384,0.07847069756959837,0.07626648977303871,0.07688885769185161,0.07765024828592251,1.02037366249874,1.0225778702952997,1.0219555023764868,1.021194111782416
2192,2186,2198,12,0.5,0.4998910097238281,0.5,7.2247255128956,17.94945168273882,0.16101190033900356,1.0220477966382877,0.0256151586522491,1.1853064856039437,1.0502872420700737,0.05492666322725987,0.05137359985100775,0.05262028806623677,0.053672607145769095,0.9953605788428138,0.998913642219066,0.997666954003837,0.9966146349243047
2193,2186,2198,12,0.5833333333333334,0.5832259226263813,0.41666666666666663,7.2247255128956,17.94945168273882,0.16101190033900356,1.195883100903152,0.024366756952838797,1.3850267347438634,1.2375180377083592,0.050668786405751474,0.04689382753130395,0.04840959832328518,0.04918917050351908,1.1868492513026077,1.1906242101770552,1.189108439385074,1.1883288672048402
2194,2186,2198,12,0.6666666666666666,0.6665697206057963,0.33333333333333337,7.2247255128956,17.94945168273882,0.16101190033900356,1.3167412659494286,0.022113942616262833,1.5125945557894764,1.3636347626281229,0.06814660443299601,0.06643089567070987,0.06701751462650156,0.06760677154761921,1.295488158195127,1.297203866957413,1.2966172480016214,1.2960279910805037
2196,2186,2198,12,0.8333333333333334,0.8332727173645204,0.16666666666666663,7.2247255128956,17.94945168273882,0.16101190033900356,1.1170534372776846,0.01671919527580277,1.2764499719015374,1.109538501470678,0.07074454725836025,0.0724537155691142,0.07175195570227928,0.07148902749082889,1.0387939542123177,1.0370847859015637,1.0377865457683988,1.0380494739798491
2197,2186,2198,12,0.9166666666666666,0.9166325084822867,0.08333333333333337,7.2247255128956,17.94945168273882,0.16101190033900356,0.623654645401104,0.01512647045133713,0.7743395606804855,0.638593419527731,0.10240868380573889,0.10350723925796038,0.1031084412759282,0.1028300163962973,0.5361847357219921,0.5350861802697706,0.5354849782518027,0.5357634031314337
2199,2198,2206,8,0.125,0.12496648323451437,0.125,5.465206366194381,20.35221186018897,0.1799065617532128,0.6038262377326624,0.012185731474936005,0.6567716482078562,0.5699992358795262,0.06783319264393944,0.06724793112401539,0.06752555574214472,0.06751710466508332,0.5021660432355868,0.5027513047555108,0.5024736801373815,0.5024821312144429
2201,2198,2206,8,0.375,0.37493141271168834,0.375,5.465206366194381,20.35221186018897,0.1799065617532128,1.4263725077093665,0.012318113912147245,1.4627768980654765,1.4013094917379743,0.022298211803306132,0.024282197903411677,0.023268525321848792,0.02310052800183039,1.379011279934668,1.3770272938345627,1.3780409664161255,1.3782089637361439
2202,2198,2206,8,0.5,0.4999280832316732,0.5,5.465206366194381,20.35221186018897,0.1799065617532128,1.4292292697743736,0.01170078655055112,1.4523970269654098,1.4129575048545227,0.038269910012689076,0.041412392074824604,0.039827370989469216,0.03971516286022471,1.3746875948418336,1.371545112779698,1.3731301338650534,1.3732423419942978
2203,2198,2206,8,0.625,0.6249309687810196,0.375,5.465206366194381,20.35221186018897,0.1799065617532128,1.2833769365590735,0.01140060853069046,1.2515775667394704,1.2294043104550496,0.052761599794382226,0.05116572962598957,0.05173120574217251,0.05201294037809195,1.1766427106606674,1.17823858082906,1.177673104712877,1.1773913700769576
2204,2198,2206,8,0.75,0.7499462843890893,0.25,5.465206366194381,20.35221186018897,0.1799065617532128,0.8610914381329875,0.012184576053320571,0.831073832193495,0.8051329543878687,0.04717617754075596,0.045636315052364235,0.046291043970340014,0.04640113674303459,0.7579567768471127,0.7594966393355045,0.7588419104175287,0.7587318176448341
2207,2206,2215,9,0.1111111111111111,0.1113097552725008,0.1111111111111111,6.225207375554628,20.63666154205693,0.07804270331837747,0.5650333477217268,0.012651825115766483,0.39812999600052745,0.5668845255612163,0.02866448277331683,0.028520539622622902,0.028576110057475883,0.02860488523934021,0.5382200427878995,0.5383639859385934,0.5383084155037404,0.538279640321876
2208,2206,2215,9,0.2222222222222222,0.2226297852430045,0.2222222222222222,6.225207375554628,20.63666154205693,0.07804270331837747,0.94160090032621,0.013813136018410877,0.726671664516578,0.9249762190527869,0.06741323980287689,0.06699475515463302,0.06715031081320978,0.06724496992017213,0.85756297924991,0.8579814638981539,0.8578259082395772,0.8577312491326148
2209,2206,2215,9,0.3333333333333333,0.3339529766590476,0.3333333333333333,6.225207375554628,20.63666154205693,0.07804270331837747,1.2336881738961167,0.014422035883983516,0.9960644210287752,1.2055996517727385,0.047267324774991945,0.04646585137882436,0.046852378213690704,0.04687076458760736,1.1583323269977466,1.1591338003939142,1.1587472735590478,1.1587288871851311
2211,2206,2215,9,0.5555555555555556,0.5566286028623728,0.4444444444444444,6.225207375554628,20.63666154205693,0.07804270331837747,1.3312186321312014,0.0151367753941967,1.0380266734034624,1.2571309643055593,0.08439812167211377,0.08393320183047617,0.08410640857795873,0.08420348343634101,1.1727328426334456,1.1731977624750831,1.1730245557276004,1.1729274808692183
2212,2206,2215,9,0.6666666666666666,0.6683777990648444,0.33333333333333337,6.225207375554628,20.63666154205693,0.07804270331837747,1.1019789510625726,0.014631162479749592,0.8162546440914166,1.0409399800476653,0.06662058654857331,0.06637157471575442,0.06648472789621329,0.06649646781089731,0.974319393499092,0.9745684053319109,0.974455252151452,0.974443512236768
2213,2206,2215,9,0.7777777777777778,0.7789185327098963,0.2222222222222222,6.225207375554628,20.63666154205693,0.07804270331837747,0.7621482870079545,0.013301880567680927,0.4827204277991754,0.7038891186613523,0.059429014775602314,0.05925464328224357,0.05932751753934869,0.059347184504681016,0.6444601038857499,0.6446344753791087,0.6445616011220036,0.6445419341566713
2214,2206,2215,9,0.8888888888888888,0.889460056716333,0.11111111111111116,6.225207375554628,20.63666154205693,0.07804270331837747,0.371645681971609,0.013699734644025305,0.13665492833756324,0.31468116364607523,0.06733484710619281,0.06724981410269508,0.06726635523931275,0.0673140725594036,0.24734631653988243,0.24743134954338014,0.2474148084067625,0.24736709108667165
2216,2215,2226,11,0.09090909090909091,0.09091039090109596,0.09090909090909091,7.581216479632652,20.66852518207308,0.11353457511556353,0.5608990993838878,0.019400491048592917,0.6515840870624504,0.6228742017570593,0.06730365635754668,0.06799854019092821,0.06765085922853156,0.06766558596502388,0.5555705453995127,0.5548756615661311,0.5552233425285278,0.5552086157920354
2217,2215,2226,11,0.18181818181818182,0.18181818181818182,0.18181818181818182,7.581216479632652,20.66852518207308,0.11353457511556353,1.2835136012767034,0.022139401421678296,1.3139405990537112,1.284459153891696,0.036268499106178166,0.03630058558672435,0.036371975830760524,0.03619633644205591,1.248190654785518,1.2481585683049716,1.2480871780609355,1.2482628174496402
2218,2215,2226,11,0.2727272727272727,0.27272857271927775,0.2727272727272727,7.581216479632652,20.66852518207308,0.11353457511556353,1.34955110930974,0.02571658780881321,1.3658369166161397,1.2853958145878612,0.11457530255395988,0.11344924812220879,0.11422773226065373,0.11377774306595255,1.1708205120339013,1.1719465664656525,1.1711680823272075,1.1716180715219087
2219,2215,2226,11,0.36363636363636365,0.36363636363636365,0.36363636363636365,7.581216479632652,20.66852518207308,0.11353457511556353,1.1686045579593372,0.026595821970659315,1.286455151873089,1.1415291788786985,0.09899197022389637,0.09750141669898682,0.09849667237819894,0.0979912560130061,1.0425372086548021,1.0440277621797116,1.0430325065004995,1.0435379228656925
2221,2215,2226,11,0.5454545454545454,0.5454545454545454,0.4545454545454546,7.581216479632652,20.66852518207308,0.11353457511556353,1.5812295360221107,0.027380224239910236,1.7294852543069907,1.5654013171969734,0.074972961026715,0.0732938024006048,0.07450992737411749,0.0737670444306639,1.4904283561702585,1.4921075147963685,1.490891389822856,1.4916342727663094
2222,2215,2226,11,0.6363636363636364,0.6363649363556414,0.36363636363636365,7.581216479632652,20.66852518207308,0.11353457511556353,1.2591455216011387,0.02606797723075139,1.420844273249835,1.2375536972401555,0.11100163140995607,0.10925958173808498,0.11047548076760148,0.10978834489958594,1.1265520658301995,1.1282941155020705,1.1270782164725541,1.1277653523405695
2223,2215,2226,11,0.7272727272727273,0.7272733772687298,0.2727272727272727,7.581216479632652,20.66852518207308,0.11353457511556353,0.9669009095324912,0.024557535831780716,1.1575381588551414,0.9743872697158587,0.048022446884157806,0.04638561648216846,0.04747117206525893,0.04693690744901278,0.9263648228317009,0.9280016532336902,0.9269160976505997,0.9274503622668459
2224,2215,2226,11,0.8181818181818182,0.8181824681778207,0.18181818181818177,7.581216479632652,20.66852518207308,0.11353457511556353,0.6532870742257724,0.02246823267680237,0.829443676699518,0.6552006059458866,0.020435280342863866,0.01953226725126291,0.02006184832581607,0.019891530326859967,0.6347653256030227,0.6356683386946237,0.6351387576200705,0.6353090756190266
2227,2226,2237,11,0.09090909090909091,0.0909081454499127,0.09090909090909091,3.0602356298408604,8.343153934523905,0.09186628994840762,0.6191225506969817,0.021377018865415206,0.8254527837982337,0.6593019604997278,0.030990895920626673,0.0308183139949755,0.03090615311092993,0.030911494355664166,0.6283110645791011,0.6284836465047523,0.6283958073887979,0.6283904661440636
2228,2226,2237,11,0.18181818181818182,0.18181889091256548,0.18181818181818182,3.0602356298408604,8.343153934523905,0.09186628994840762,1.134429137805823,0.025838407738947064,1.2863760213395716,1.1226873998822584,0.0,0.0,0.0,0.0,1.1226873998822584,1.1226873998822584,1.1226873998822584,1.1226873998822584
2229,2226,2237,11,0.2727272727272727,0.2727270363624782,0.2727272727272727,3.0602356298408604,8.343153934523905,0.09186628994840762,1.2778070966671617,0.028878898789590768,1.4184002676620284,1.2561883574750272,0.0410763479674055,0.04154123783278292,0.04130968236815175,0.04129004139410412,1.2151120095076218,1.2146471196422444,1.2148786751068754,1.214898316080923
2231,2226,2237,11,0.45454545454545453,0.45454592727504367,0.45454545454545453,3.0602356298408604,8.343153934523905,0.09186628994840762,1.3283616655201937,0.03031422026975589,1.455784472250852,1.2934632658939227,0.034162897266859116,0.03544030854669383,0.034799104371959044,0.034791366228717376,1.2593003686270636,1.2580229573472288,1.2586641615219636,1.2586718996652053
2232,2226,2237,11,0.5454545454545454,0.5454560227345114,0.4545454545454546,3.0602356298408604,8.343153934523905,0.09186628994840762,1.2467288382013395,0.02978047733718815,1.4161570294163566,1.246913398128932,0.02629746470403152,0.027575970702685682,0.026965584010450613,0.026905778125176593,1.2206159334249005,1.2193374274262463,1.2199478141184814,1.2200076200037553
2233,2226,2237,11,0.6363636363636364,0.6363641681844241,0.36363636363636365,3.0602356298408604,8.343153934523905,0.09186628994840762,1.1957411606415351,0.028066572623015106,1.365366649953407,1.1963702490661654,0.027001011218012606,0.025563611971624184,0.02626454267498054,0.02631960788182844,1.1693692378481528,1.1708066370945411,1.1701057063911848,1.170050641184337
2234,2226,2237,11,0.7272727272727273,0.7272742636438918,0.2727272727272727,3.0602356298408604,8.343153934523905,0.09186628994840762,1.1333604374685242,0.02514889749530587,1.294489583245505,1.135134300075766,0.020537456226106258,0.02031461460615619,0.020514046887904612,0.020322823579554655,1.1145968438496598,1.11481968546961,1.1146202531878615,1.1148114764962114
2236,2226,2237,11,0.9090909090909091,0.9090925045532723,0.09090909090909094,3.0602356298408604,8.343153934523905,0.09186628994840762,0.5035578403283482,0.01870688694239632,0.6640808779122491,0.49067801933677907,0.0,0.0,0.0,0.0,0.49067801933677907,0.49067801933677907,0.49067801933677907,0.49067801933677907
2238,2237,2248,11,0.09090909090909091,0.09090968181838864,0.09090909090909091,7.578936410105278,20.662443377277818,0.2829328233648216,1.0044812908953704,0.0022549888743908304,1.0244645482725536,1.0118702983055323,0.10215981553144271,0.09959684995813432,0.1008383282354724,0.10097499320028178,0.9097104827740896,0.912273448347398,0.91103197007006,0.9108953051052505
2239,2237,2248,11,0.18181818181818182,0.18181611363563976,0.18181818181818182,7.578936410105278,20.662443377277818,0.2829328233648216,1.9128976444053383,0.0058075916391351,1.9594716348752181,1.9538634762404965,0.09998296625162041,0.09521125786411751,0.09740959113819045,0.09790952249302579,1.853880509988876,1.858652218376379,1.856453885102306,1.8559539537474707
2241,2237,2248,11,0.36363636363636365,0.36363222727127953,0.36363636363636365,7.578936410105278,20.662443377277818,0.2829328233648216,3.184093761488184,0.010138892395767327,3.1531013214303862,3.1741622205393796,0.09423554977460893,0.09593560586872187,0.09542537256518074,0.09492260045426708,3.079926670764771,3.078226614670658,3.078736847974199,3.0792396200851124
2242,2237,2248,11,0.45454545454545453,0.4545406090892132,0.45454545454545453,7.578936410105278,20.662443377277818,0.2829328233648216,3.3563079425029674,0.011511749968379751,3.2824462491571977,3.3159825875263413,0.06555146147086564,0.06705371785179372,0.06680207237301457,0.06575672200342753,3.2504311260554757,3.2489288696745477,3.2491805151533266,3.2502258655229137
2243,2237,2248,11,0.5454545454545454,0.5454496409073744,0.4545454545454546,7.578936410105278,20.662443377277818,0.2829328233648216,3.230168017854802,0.011888849058194725,3.1369757305855126,3.1793781581050964,0.0920653380600147,0.08825463562586389,0.0911578332536445,0.08915375352811443,3.087312820045082,3.0911235224792324,3.0882203248514517,3.0902244045769818
2244,2237,2248,11,0.6363636363636364,0.636360622726218,0.36363636363636365,7.578936410105278,20.662443377277818,0.2829328233648216,2.7234967084421453,0.011779035832635629,2.625678324522224,2.674663936525807,0.12900208948685657,0.12371746015417132,0.12742309418317194,0.12524825808085346,2.5456618470389505,2.5509464763716356,2.547240842342635,2.5494156784449533
2246,2237,2248,11,0.8181818181818182,0.8181806363632227,0.18181818181818177,7.578936410105278,20.662443377277818,0.2829328233648216,1.601323777129878,0.009222368007182043,1.528280793323721,1.5775207123934674,0.07167010068078776,0.06848676916835006,0.07067923366298157,0.06937697450829962,1.5058506117126795,1.5090339432251172,1.5068414787304858,1.5081437378851676
2247,2237,2248,11,0.9090909090909091,0.9090883681809289,0.09090909090909094,7.578936410105278,20.662443377277818,0.2829328233648216,0.8794537334650551,0.005452574503906949,0.8302075999760192,0.878457715965476,0.0,0.0,0.0,0.0,0.878457715965476,0.878457715965476,0.878457715965476,0.878457715965476
2249,2248,2260,12,0.08333333333333333,0.08333204236135855,0.08333333333333333,10.339247184602625,25.838871100639526,0.12991595358804603,0.6846116222363274,0.006219276467595483,0.6845957389109596,0.656086855076169,0.03586176137736636,0.035000950843445185,0.03539285221957885,0.03541603704973633,0.6202250936988026,0.6210859042327238,0.6206940028565902,0.6206708180264328
2251,2248,2260,12,0.25,0.24999970208339042,0.25,10.339247184602625,25.838871100639526,0.12991595358804603,1.6820169925580586,0.009211841879099797,1.6613994790054385,1.6357351204794044,0.03541061700795514,0.032087833962913676,0.03343077263918322,0.03379708625598055,1.6003245034714493,1.6036472865164908,1.6023043478402212,1.6019380342234237
2252,2248,2260,12,0.3333333333333333,0.3333341277776255,0.3333333333333333,10.339247184602625,25.838871100639526,0.12991595358804603,1.838843480971081,0.009352769620889132,1.77931949136194,1.7537849233975205,0.08778451320684773,0.08526403219219104,0.08630211192246806,0.08649301837602809,1.6660004101906727,1.6685208912053293,1.6674828114750524,1.6672919050214923
2253,2248,2260,12,0.4166666666666667,0.4166667659722032,0.4166666666666667,10.339247184602625,25.838871100639526,0.12991595358804603,1.7947097985850184,0.008560005454671732,1.7722889368782957,1.7440116645974193,0.0646123700943672,0.06403268796600722,0.06379837459309078,0.06449122560723669,1.679399294503052,1.6799789766314122,1.6802132900043285,1.6795204389901826
2254,2248,2260,12,0.5,0.5000005958332191,0.5,10.339247184602625,25.838871100639526,0.12991595358804603,1.7041557580827773,0.006927734759953557,1.691988811613061,1.6629867551291282,0.04180781193914578,0.0376807988993499,0.04008248735227821,0.03915503636559897,1.6211789431899823,1.6253059562297782,1.62290426777685,1.6238317187635292
2256,2248,2260,12,0.6666666666666666,0.6666676597220319,0.33333333333333337,10.339247184602625,25.838871100639526,0.12991595358804603,1.430932523508062,0.006169755346980689,1.4372792524491795,1.4154277547311105,0.0,0.0,0.0,0.0,1.4154277547311105,1.4154277547311105,1.4154277547311105,1.4154277547311105
2257,2248,2260,12,0.75,0.7499997020833904,0.25,10.339247184602625,25.838871100639526,0.12991595358804603,1.1095140083996402,0.005830218995846585,1.129316721367102,1.1107772846445148,0.008265863345670645,0.00946505625692576,0.008635717228517392,0.008682263789218313,1.102511421298844,1.101312228387589,1.1021415674159973,1.1020950208552964
2258,2248,2260,12,0.8333333333333334,0.8333335319444064,0.16666666666666663,10.339247184602625,25.838871100639526,0.12991595358804603,0.7244623166767353,0.004689384042727719,0.7412267701873477,0.7239250793095643,0.0,0.0,0.0,0.0,0.7239250793095643,0.7239250793095643,0.7239250793095643,0.7239250793095643
2259,2248,2260,12,0.9166666666666666,0.9166655743057649,0.08333333333333337,10.339247184602625,25.838871100639526,0.12991595358804603,0.440397019234629,0.003482908164087095,0.4789934719187657,0.4651202835586328,0.0,0.0,0.0,0.0,0.4651202835586328,0.4651202835586328,0.4651202835586328,0.4651202835586328
2261,2260,2273,13,0.07692307692307693,0.0769221461442126,0.07692307692307693,8.970823438028908,20.694712536454873,0.19770555820024657,0.5511844108228371,0.004914988566819455,0.5580598072493237,0.5756846820513896,0.0,0.0,0.0,0.0,0.5756846820513896,0.5756846820513896,0.5756846820513896,0.5756846820513896
2262,2260,2273,13,0.15384615384615385,0.15384649231119543,0.15384615384615385,8.970823438028908,20.694712536454873,0.19770555820024657,0.9884046723698539,0.007945063503302579,0.9812617402810003,1.016374897740567,0.0345728984976765,0.03227242071452929,0.0333819399253054,0.033512707414358335,0.9818019992428906,0.9841024770260378,0.9829929578152617,0.9828621903262088
2263,2260,2273,13,0.23076923076923078,0.23076863845540802,0.23076923076923078,8.970823438028908,20.694712536454873,0.19770555820024657,1.4854817354634768,0.010065182572284014,1.4737850013407547,1.5193095841772288,0.06721765259350172,0.06247970666547939,0.06467113399576238,0.06511622224952515,1.452091931583727,1.4568298775117494,1.4546384501814664,1.4541933619277037
2264,2260,2273,13,0.3076923076923077,0.30769298462239086,0.3076923076923077,8.970823438028908,20.694712536454873,0.19770555820024657,1.9882188752557757,0.010746012824321789,1.9690880264054618,2.0190927031734915,0.06538291974786231,0.05882542378256804,0.061747331559300914,0.06266044365913961,1.9537097834256292,1.9602672793909235,1.9573453716141906,1.956432259514352
2266,2260,2273,13,0.46153846153846156,0.46153947693358627,0.46153846153846156,8.970823438028908,20.694712536454873,0.19770555820024657,2.6087620517165853,0.010831066289600389,2.569082946704168,2.6260347502829124,0.07437376263749781,0.06678936032408103,0.06967590758558542,0.0716305520997562,2.551660987645415,2.559245389958831,2.556358842697327,2.5544041981831564
2267,2260,2273,13,0.5384615384615384,0.5384610730721063,0.46153846153846156,8.970823438028908,20.694712536454873,0.19770555820024657,2.6830431559893873,0.011152306898775447,2.6068776028838587,2.6672018467264467,0.06331234210867615,0.05581789127755284,0.05829436064702955,0.06072553930333863,2.6038895046177704,2.611383955448894,2.608907486079417,2.606476307423108
2268,2260,2273,13,0.6153846153846154,0.6153848692333965,0.3846153846153846,8.970823438028908,20.694712536454873,0.19770555820024657,2.4182500928266486,0.011694318839725005,2.2930484945509035,2.3580873839350383,0.08110464939118238,0.07767652639628077,0.07827482007097662,0.08021745245057631,2.276982734543856,2.2804108575387576,2.279812563864062,2.277869931484462
2269,2260,2273,13,0.6923076923076923,0.6923070153776092,0.3076923076923077,8.970823438028908,20.694712536454873,0.19770555820024657,1.987210785778479,0.011269737490953747,1.8777588985545535,1.9482786578210232,0.0752870726823263,0.07155584098363846,0.07239984171052977,0.07424698689355226,1.872991585138697,1.8767228168373846,1.8758788161104933,1.874031670927471
2271,2260,2273,13,0.8461538461538461,0.8461524076774195,0.15384615384615385,8.970823438028908,20.694712536454873,0.19770555820024657,1.067400445924212,0.00911195629881795,0.9873401772175454,1.0634236652131073,0.05145199800168496,0.04698360734492765,0.0483273138094797,0.05008036507665575,1.0119716672114223,1.0164400578681796,1.0150963514036275,1.0133433001364516
2272,2260,2273,13,0.9230769230769231,0.9230751038273246,0.07692307692307687,8.970823438028908,20.694712536454873,0.19770555820024657,0.6239132331044143,0.006673623221521496,0.5434612559944607,0.6127010835141945,0.048426205553879886,0.045752047826776096,0.046279884602082044,0.047875557291965,0.5642748779603146,0.5669490356874184,0.5664211989121124,0.5648255262222295
2274,2273,2283,10,0.1,0.10000128698104277,0.1,4.0430612008135425,12.124668256910763,0.11971993998315163,0.4671496511953632,0.008936078343282514,0.5305528067292477,0.4506667652151003,0.04696071127333634,0.04627814691559806,0.04667546858118956,0.04656151701486513,0.40370605394176395,0.40438861829950223,0.40399129663391076,0.4041052482002352
2276,2273,2283,10,0.3,0.3000017159747237,0.3,4.0430612008135425,12.124668256910763,0.11971993998315163,1.1226796896735212,0.015120677214418883,1.106704589447186,1.0633909999304754,0.15981846650365925,0.15906428146853122,0.15966094645289844,0.15921547416678844,0.9035725334268161,0.9043267184619441,0.903730053477577,0.904175525763687
2277,2273,2283,10,0.4,0.40000014299789366,0.4,4.0430612008135425,12.124668256910763,0.11971993998315163,1.110177309599419,0.019205583453235458,1.0888793307011235,1.1010829417418893,0.1661581082601108,0.16565801106179365,0.166320032622476,0.16549741411078922,0.9349248334817785,0.9354249306800956,0.9347629091194133,0.9355855276311
2278,2273,2283,10,0.5,0.5000021449684046,0.5,4.0430612008135425,12.124668256910763,0.11971993998315163,1.2674906385078235,0.019382770516285185,1.2753043007029485,1.3297945484467986,0.14805589866798075,0.14790875876767598,0.1486233719263386,0.14734899510423224,1.1817386497788178,1.1818857896791226,1.18117117652046,1.1824455533425664
2279,2273,2283,10,0.6,0.6000005719915745,0.4,4.0430612008135425,12.124668256910763,0.11971993998315163,1.3659802519382684,0.020409606679252193,1.3550831964959527,1.419792695923695,0.1491523575534247,0.1499499658209008,0.15022994272537032,0.14888485606328805,1.2706403383702702,1.2698427301027944,1.2695627531983247,1.270907839860407
2281,2273,2283,10,0.8,0.8000002859957873,0.19999999999999996,4.0430612008135425,12.124668256910763,0.11971993998315163,1.3582842700805624,0.014807630400752718,1.2809519529742226,1.3687662178086966,0.031179075348055477,0.033803678464360734,0.033822032936585145,0.031161389504071636,1.3375871424606411,1.3349625393443358,1.3349441848721115,1.337604828304625
2282,2273,2283,10,0.9,0.90000157297683,0.09999999999999998,4.0430612008135425,12.124668256910763,0.11971993998315163,0.7569667454903662,0.009791293598765013,0.6349239473444902,0.7212405613023877,0.06947701194227995,0.07054373210479971,0.07031795654548167,0.06970942644879628,0.6517635493601077,0.650696829197588,0.650922604756906,0.6515311348535914
2284,2283,2290,7,0.14285714285714285,0.14285933160577835,0.14285714285714285,6.318545948858156,27.069468084813852,0.08558165296511365,0.5415950768657235,0.007395343820205101,0.5112483237967339,0.5058720100905811,0.055460580733413124,0.05537300667125615,0.055433762921538884,0.05539841244600048,0.450411429357168,0.450499003419325,0.45043824716904224,0.45047359764458067
2286,2283,2290,7,0.42857142857142855,0.42857288773718555,0.42857142857142855,6.318545948858156,27.069468084813852,0.08558165296511365,0.56249741253424,0.006842744397218205,0.5856926002897519,0.5193231641356384,0.03920940699503024,0.03985866750370274,0.03960785357655948,0.0394480762492753,0.48011375714060817,0.47946449663193563,0.4797153105590789,0.47987508788636307
2287,2283,2290,7,0.5714285714285714,0.5714281336788444,0.4285714285714286,6.318545948858156,27.069468084813852,0.08558165296511365,0.41208636283355937,0.007336351487997115,0.40952102681666913,0.3660025165505767,0.05455153722448417,0.05503808440669942,0.05476269840568259,0.054822315955015126,0.3114509793260925,0.31096443214387726,0.3112398181448941,0.31118020059556156
2288,2283,2290,7,0.7142857142857143,0.7142874652846227,0.2857142857142857,6.318545948858156,27.069468084813852,0.08558165296511365,0.29589079144150976,0.0072102120987403845,0.3875616102917432,0.30779335310918904,0.06769647264887103,0.06780774571750452,0.06788915763557432,0.06760356210882616,0.24009688046031802,0.2399856073916845,0.23990419547361472,0.24018979100036286
2289,2283,2290,7,0.8571428571428571,0.8571416898102515,0.1428571428571429,6.318545948858156,27.069468084813852,0.08558165296511365,0.30438264766245543,0.005122650411384029,0.3500901641080202,0.24314008576543836,0.06695297907058316,0.06713531363331383,0.0670361122306643,0.06705342799134106,0.1761871066948552,0.1760047721321245,0.17610397353477406,0.1760866577740973
2291,2290,2299,9,0.1111111111111111,0.11111058148347641,0.1111111111111111,8.809764993242402,29.355273065587955,0.13681451479917822,0.6390268518271168,0.0030905492677292517,0.686480839636323,0.6494520145375442,0.05851926014114268,0.058969127594511804,0.05877037821374401,0.05874806154525035,0.5909327543964015,0.5904828869430324,0.5906816363238002,0.5907039529922938
2292,2290,2299,9,0.2222222222222222,0.22222354629130897,0.2222222222222222,8.809764993242402,29.355273065587955,0.13681451479917822,1.4821841788340466,0.0015692386243980302,1.538747198019608,1.5081924241347207,0.07542811101236027,0.0777965211231804,0.0767100977248652,0.076584399407256,1.4327643131223604,1.4303959030115403,1.4314823264098555,1.4316080247274647
2293,2290,2299,9,0.3333333333333333,0.3333333333333333,0.3333333333333333,8.809764993242402,29.355273065587955,0.13681451479917822,1.9578285784962524,0.00209033986791144,2.017212668310616,1.9936735437246211,0.06732141933737709,0.06967035680643471,0.06867962863451971,0.06841608660984473,1.9263521243872441,1.9240031869181864,1.9249939150901014,1.9252574571147765
2294,2290,2299,9,0.4444444444444444,0.4444462981411659,0.4444444444444444,8.809764993242402,29.355273065587955,0.13681451479917822,2.4821183143997363,0.005383941919290269,2.522024822799916,2.5065690746887217,0.0,0.011507155269019133,0.0,0.0,2.5065690746887217,2.4950619194197023,2.5065690746887217,2.5065690746887217
2296,2290,2299,9,0.6666666666666666,0.6666690499910228,0.33333333333333337,8.809764993242402,29.355273065587955,0.13681451479917822,3.00434403353684,0.007533568693891092,3.0213660655021957,3.016826629411521,0.026829412416217658,0.02981192606529966,0.02766669819159961,0.02881623918920496,2.9899972169953033,2.9870147033462215,2.9891599312199215,2.9880103902223163
2297,2290,2299,9,0.7777777777777778,0.7777780425915951,0.2222222222222222,8.809764993242402,29.355273065587955,0.13681451479917822,2.1489580070888405,0.005194700493484809,2.0994645258215794,2.1039806465715216,0.06904936913071574,0.06959825399333246,0.06889180462522729,0.06959927581159862,2.0349312774408057,2.034382392578189,2.0350888419462945,2.034381370759923
2298,2290,2299,9,0.8888888888888888,0.8888910073994277,0.11111111111111116,8.809764993242402,29.355273065587955,0.13681451479917822,1.0445700665773188,0.0023794625283031037,1.0042001099243827,1.0189121917739987,0.02983265813968149,0.029400609083360427,0.02906876181125149,0.03004748077717463,0.9890795336343172,0.9895115826906383,0.9898434299627472,0.988864710996824
2301,2299,2313,14,0.14285714285714285,0.14281651625341316,0.14285714285714285,9.201659201972573,19.705134880491602,0.24839199492952777,2.1203373424667107,0.00721857786718641,2.1123948090150626,2.1729335236672305,0.06137895038782902,0.060593630530915196,0.06094631653658228,0.06104603857106468,2.1115545732794017,2.112339893136315,2.1119872071306482,2.1118874850961658
2302,2299,2313,14,0.21428571428571427,0.21421277603844371,0.21428571428571427,9.201659201972573,19.705134880491602,0.24839199492952777,2.9276278815133403,0.0113737551412582,2.8887659958471663,2.9567858174710904,0.06159597313333173,0.060368113421445595,0.060760241888141046,0.061162155792012673,2.8951898443377586,2.896417704049645,2.896025575582949,2.895623661679078
2303,2299,2313,14,0.2857142857142857,0.28564579670009865,0.2857142857142857,9.201659201972573,19.705134880491602,0.24839199492952777,3.4874118910108045,0.014174757648909419,3.4345827263500746,3.5117755858411623,0.03265593346994196,0.03115848638927958,0.03176883293422864,0.0319766111844161,3.4791196523712205,3.480617099451883,3.4800067529069336,3.479798974656746
2304,2299,2313,14,0.35714285714285715,0.35708085963267716,0.35714285714285715,9.201659201972573,19.705134880491602,0.24839199492952777,3.9194099607876796,0.016681848155413438,3.829319905390586,3.913230961085323,0.008753964324309449,0.017244744202722862,0.013878616905540486,0.012909641183296528,3.9044769967610136,3.8959862168826,3.8993523441797824,3.900321319902026
2306,2299,2313,14,0.5,0.4999494537946415,0.5,9.201659201972573,19.705134880491602,0.24839199492952777,3.554020999241396,0.020106728159644257,3.421073151129542,3.5118090659249117,0.10185595892470728,0.1006837052911373,0.10082736994598855,0.10158784112180312,3.4099531070002045,3.4111253606337746,3.410981695978923,3.4102212248031085
2307,2299,2313,14,0.5714285714285714,0.5713840061594891,0.4285714285714286,9.201659201972573,19.705134880491602,0.24839199492952777,3.2016889318134236,0.02042421276449218,3.0938674222861384,3.1861017066880604,0.06290693678452951,0.06034307667958608,0.06129691001793246,0.06185611916248456,3.123194769903531,3.125758630008474,3.124804796670128,3.124245587525576
2308,2299,2313,14,0.6428571428571429,0.6428200902275294,0.3571428571428571,9.201659201972573,19.705134880491602,0.24839199492952777,2.833428287315452,0.018638419812170032,2.7381517385680505,2.8296674788117553,0.06781419034791085,0.06538170901836846,0.06632953598913274,0.06681472873126594,2.7618532884638443,2.764285769793387,2.7633379428226226,2.7628527500804894
2309,2299,2313,14,0.7142857142857143,0.714254642592377,0.2857142857142857,9.201659201972573,19.705134880491602,0.24839199492952777,2.4799896733939155,0.016050722349572572,2.3843743651028912,2.479151556439896,0.03089433242107983,0.029084409888890814,0.029543979042418827,0.03040120469733478,2.448257224018816,2.450067146551005,2.449607577397477,2.448750351742561
2311,2299,2313,14,0.8571428571428571,0.8571268107284576,0.1428571428571429,9.201659201972573,19.705134880491602,0.24839199492952777,1.2862199079545582,0.007820949650357834,1.2145196507675382,1.2985521384354037,0.0,0.0,0.0,0.0,1.2985521384354037,1.2985521384354037,1.2985521384354037,1.2985521384354037
2312,2299,2313,14,0.9285714285714286,0.9285644264996906,0.0714285714285714,9.201659201972573,19.705134880491602,0.24839199492952777,0.6787124357944588,0.0025304458712749455,0.6078997582391406,0.6865999698301586,0.0,0.0,0.0,0.0,0.6865999698301586,0.6865999698301586,0.6865999698301586,0.6865999698301586
2314,2313,2324,11,0.09090909090909091,0.09090832305691167,0.09090909090909091,5.503195823561569,14.996911392045323,0.23200287255184915,0.5362994497665489,0.006892920085645177,0.5224651342870892,0.5529701559344993,0.0,0.0,0.0,0.0,0.5529701559344993,0.5529701559344993,0.5529701559344993,0.5529701559344993
2316,2313,2324,11,0.2727272727272727,0.2727236697285855,0.2727272727272727,5.503195823561569,14.996911392045323,0.23200287255184915,1.7653565609808461,0.012511068841498297,1.6170213420656712,1.7425984732469708,0.017011302824091915,0.02139817764823929,0.019727940882997116,0.018864358653925252,1.725587170422879,1.7212002955987316,1.7228705323639737,1.7237341145930456
2317,2313,2324,11,0.36363636363636365,0.3636306933433477,0.36363636363636365,5.503195823561569,14.996911392045323,0.23200287255184915,1.88373000535041,0.014564896764558645,1.7632425044088378,1.8889909874302897,0.056159142627407566,0.05711080192638169,0.0569148703704074,0.0564265772565485,1.8328318448028822,1.831880185503908,1.8320761170598823,1.8325644101737413
2318,2313,2324,11,0.45454545454545453,0.4545409655634836,0.45454545454545453,5.503195823561569,14.996911392045323,0.23200287255184915,1.980890541915985,0.015933897726966663,1.8290056305691011,1.9552969092139132,0.03920064504705085,0.040090814899216586,0.0398264079513605,0.03941873207745561,1.9160962641668624,1.9152060943146967,1.9154705012625528,1.9158781771364577
2319,2313,2324,11,0.5454545454545454,0.5454479891782458,0.4545454545454546,5.503195823561569,14.996911392045323,0.23200287255184915,1.7474263163271173,0.01578240593885058,1.5777276526704092,1.6921702021078078,0.042115057830511164,0.04248178842239071,0.04247869380131171,0.04205518055922457,1.6500551442772966,1.649688413685417,1.649691508306496,1.6501150215485831
2321,2313,2324,11,0.7272727272727273,0.7272672341763681,0.2727272727272727,5.503195823561569,14.996911392045323,0.23200287255184915,1.196111821326032,0.01553194980025727,1.011605449610264,1.1684323304240198,0.07085058544386558,0.07144106684970698,0.07152453314058484,0.0707992248547862,1.0975817449801544,1.0969912635743129,1.096907797283435,1.0976331055692337
2322,2313,2324,11,0.8181818181818182,0.8181781561175787,0.18181818181818177,5.503195823561569,14.996911392045323,0.23200287255184915,0.7935897322895209,0.013952628873687624,0.608565693159824,0.7923846424863247,0.044547215131821374,0.04397535400046061,0.044645680268140676,0.043895972361,0.7478374273545033,0.7484092884858641,0.747738962218184,0.7484886701253247
2323,2313,2324,11,0.9090909090909091,0.9090877786166399,0.09090909090909094,5.503195823561569,14.996911392045323,0.23200287255184915,0.5157690925321796,0.01144900689501986,0.30576246805009716,0.5528160905182342,0.04076061595669824,0.040413156414228386,0.04082922782138385,0.040356684148087255,0.512055474561536,0.5124029341040058,0.5119868626968503,0.512459406370147
2326,2324,2331,7,0.2857142857142857,0.28571151454760413,0.2857142857142857,4.1655096299966425,17.837547196896946,0.08166307833700852,0.519625227689795,0.01685784321803539,0.5454655611668443,0.5045727163367233,0.08266352462680794,0.08308513413008499,0.08277911328556688,0.0829639027567976,0.42190919170991537,0.4214875822066383,0.42179360305115643,0.4216088135799257
2327,2324,2331,7,0.42857142857142855,0.42856676134333327,0.42857142857142855,4.1655096299966425,17.837547196896946,0.08166307833700852,0.6239831127623255,0.019353798964556388,0.7513688779873893,0.6231499373375549,0.0,0.0,0.0,0.0,0.6231499373375549,0.6231499373375549,0.6231499373375549,0.6231499373375549
2328,2324,2331,7,0.5714285714285714,0.5714260919636458,0.4285714285714286,4.1655096299966425,17.837547196896946,0.08166307833700852,0.7569486544705101,0.019237859557195203,0.9311001502881058,0.7307553950525645,0.05454559524351872,0.054857699458466004,0.054556192222297364,0.05484682098204879,0.6762097998090457,0.6758976955940985,0.6761992028302671,0.6759085740705157
2329,2324,2331,7,0.7142857142857143,0.7142823597155208,0.2857142857142857,4.1655096299966425,17.837547196896946,0.08166307833700852,0.5002424874120321,0.017412425690200056,0.5799915241758768,0.4532310503468674,0.1349016912906229,0.13522002947763506,0.13486610625161966,0.13525331808882038,0.3183293590562445,0.31801102086923233,0.31836494409524774,0.31797773225804704
2332,2331,2338,7,0.14285714285714285,0.14292950543098623,0.14285714285714285,3.8276111316361314,16.39525149190351,0.06509656029067662,0.24122643818172462,0.011697368302592893,0.5631361166910995,0.25376615618918186,0.0,0.0,0.0,0.0,0.25376615618918186,0.25376615618918186,0.25376615618918186,0.25376615618918186
2333,2331,2338,7,0.2857142857142857,0.2857722049518176,0.2857142857142857,3.8276111316361314,16.39525149190351,0.06509656029067662,0.37420036679485547,0.013495481937267012,0.7372799968177354,0.39089716767455845,0.0,0.0,0.0,0.0,0.39089716767455845,0.39089716767455845,0.39089716767455845,0.39089716767455845
2334,2331,2338,7,0.42857142857142855,0.4286189894566563,0.42857142857142855,3.8276111316361314,16.39525149190351,0.06509656029067662,0.5102365761893081,0.013597136170711444,0.9330256374202385,0.5393389051777965,0.038684719353405575,0.03868440179392998,0.03863466495403059,0.03873018515675708,0.5006541858243909,0.5006545033838665,0.5007042402237659,0.5006087200210394
2336,2331,2338,7,0.7142857142857143,0.7143094947283282,0.2857142857142857,3.8276111316361314,16.39525149190351,0.06509656029067662,0.36591795121562065,0.012244430767452179,0.7004097867749466,0.3445680033817253,0.0,0.0,0.0,0.0,0.3445680033817253,0.3445680033817253,0.3445680033817253,0.3445680033817253
2337,2331,2338,7,0.8571428571428571,0.8571521942491596,0.1428571428571429,3.8276111316361314,16.39525149190351,0.06509656029067662,0.21803020009009919,0.011279871656967266,0.5104658117672348,0.22035769062373536,0.019198188719342743,0.019088121110411308,0.01910947024323736,0.019173872201787328,0.20115950190439263,0.20126956951332406,0.201248220380498,0.20118381842194805
2339,2338,2345,7,0.14285714285714285,0.14285510018782344,0.14285714285714285,1.1989662618031367,5.136117342922247,0.07393336841684989,0.3159408082853044,0.004004319771214088,0.5588619260579738,0.310964156066674,0.027190395118662218,0.02732725685177255,0.027261102143910365,0.027255956014599392,0.28377376094801177,0.28363689921490143,0.2837030539227636,0.2837082000520746
2341,2338,2345,7,0.42857142857142855,0.42856938590210913,0.42857142857142855,1.1989662618031367,5.136117342922247,0.07393336841684989,0.5875153572681603,0.0034555453969957605,0.8384924523788743,0.632867310910095,0.03004268654775135,0.03016753237845463,0.030091672245809213,0.030119756078427457,0.6028246243623436,0.6026997785316404,0.6027756386642857,0.6027475548316675
2342,2338,2345,7,0.5714285714285714,0.5714306140978909,0.4285714285714286,1.1989662618031367,5.136117342922247,0.07393336841684989,0.7715447777204485,0.003524255686061785,0.9737986487170119,0.7994426479603506,0.035767470696668295,0.03584807062440609,0.03578441859832147,0.035829599715621635,0.7636751772636823,0.7635945773359445,0.7636582293620291,0.763613048244729
2343,2338,2345,7,0.7142857142857143,0.7142857142857143,0.2857142857142857,1.1989662618031367,5.136117342922247,0.07393336841684989,0.6026386261304066,0.0022165929605093672,0.8052912968390038,0.6336346982023023,0.034858177569436204,0.03476147056514904,0.03477688591175355,0.03484207359858601,0.5987765206328661,0.5988732276371533,0.5988578122905488,0.5987926246037163
2344,2338,2345,7,0.8571428571428571,0.8571448998121766,0.1428571428571429,1.1989662618031367,5.136117342922247,0.07393336841684989,0.39025239483958285,0.003128628498572142,0.5816330229649274,0.37419285529126406,0.0,0.0,0.0,0.0,0.37419285529126406,0.37419285529126406,0.37419285529126406,0.37419285529126406
2346,2345,2353,8,0.125,0.12500212245160586,0.125,2.2097751673666197,8.28289538466105,0.19162902335379592,0.6484322569385775,0.009132880286351572,0.6358182836094948,0.6975623829061912,0.041640664732653564,0.04142043415539384,0.04153831718578538,0.04153138108969026,0.6559217181735376,0.6561419487507973,0.6560240657204058,0.656031001816501
2347,2345,2353,8,0.25,0.2499997765840415,0.25,2.2097751673666197,8.28289538466105,0.19162902335379592,1.0644705013099462,0.009395307132202362,1.050371689149717,1.1425278205052618,0.07589763484661971,0.07565020436134418,0.07576468172388198,0.07579160845562663,1.0666301856586422,1.0668776161439175,1.0667631387813798,1.066736212049635
2348,2345,2353,8,0.375,0.3750010053718133,0.375,2.2097751673666197,8.28289538466105,0.19162902335379592,1.5246710753441717,0.010873892044193074,1.5711680721862398,1.6884389169771519,0.1604884576646394,0.1607358372889657,0.16061076820711387,0.1606257252532835,1.5279504593125124,1.527703079688186,1.527828148770038,1.5278131917238684
2349,2345,2353,8,0.5,0.499999553168083,0.5,2.2097751673666197,8.28289538466105,0.19162902335379592,1.9802294049929048,0.013156481014688371,1.9154725986223253,2.043282986993632,0.06976586199428318,0.06887124407963628,0.06932067245900239,0.06932460424950752,1.973517124999349,1.974411742913996,1.97396231453463,1.9739583827441247
2351,2345,2353,8,0.75,0.7499993297521245,0.25,2.2097751673666197,8.28289538466105,0.19162902335379592,1.1831112347794739,0.012924307496388862,1.216302370223561,1.239551758644162,0.05250542162489447,0.052118306081260016,0.05237751458486178,0.05224848506836676,1.1870463370192674,1.187433452562902,1.1871742440593003,1.1873032735757953
2352,2345,2353,8,0.875,0.8750023458675644,0.125,2.2097751673666197,8.28289538466105,0.19162902335379592,0.7188201921087167,0.011930220944822099,0.7737935648148258,0.7626601668280462,0.04547208204693576,0.045943483379282286,0.04576427480449729,0.045653276804617414,0.7171880847811104,0.7167166834487638,0.7168958920235489,0.7170068900234288
2354,2353,2360,7,0.14285714285714285,0.14285743466555545,0.14285714285714285,2.832784049408387,12.134984485566363,0.2103547392061873,1.144676797845729,0.0091144056999394,1.3503450740676701,1.1458248610980084,0.020971339426689415,0.02001359425636377,0.02054801279958482,0.020433533572448592,1.124853521671319,1.1258112668416447,1.1252768482984237,1.1253913275255598
2356,2353,2360,7,0.42857142857142855,0.4285723039966664,0.42857142857142855,2.832784049408387,12.134984485566363,0.2103547392061873,1.7201866009251612,0.008658607230225853,1.8370117781956004,1.6473127034757826,0.07211660421371406,0.07169488530748906,0.07186102673930468,0.0719504448856633,1.5751960992620686,1.5756178181682936,1.575451676736478,1.5753622585901192
2357,2353,2360,7,0.5714285714285714,0.5714266746738895,0.4285714285714286,2.832784049408387,12.134984485566363,0.2103547392061873,1.592446195563614,0.007573021006352025,1.7444969825937866,1.5492151895955029,0.04818792506576659,0.04771232595859992,0.04789635285518736,0.047999642726883965,1.5010272645297362,1.501502863636903,1.5013188367403154,1.5012155468686188
2358,2353,2360,7,0.7142857142857143,0.7142851306688891,0.2857142857142857,2.832784049408387,12.134984485566363,0.2103547392061873,1.4004379563907299,0.007256062187101038,1.5361853326966286,1.334150501175638,0.06904210401440904,0.06874001677376547,0.06881018633356431,0.06897154729014113,1.265108397161229,1.2654104844018725,1.2653403148420737,1.265178953885497
2359,2353,2360,7,0.8571428571428571,0.8571405226755563,0.1428571428571429,2.832784049408387,12.134984485566363,0.2103547392061873,0.6795227497929376,0.008688570180011044,0.8085551830848245,0.5863010019934388,0.09760241093285592,0.09756836355180756,0.09756451707226942,0.09760485336171562,0.4886985910605829,0.4887326384416313,0.4887364849211694,0.48869614863172317
2361,2360,2369,9,0.1111111111111111,0.11111578933988779,0.1111111111111111,6.486996607958633,21.61482239296221,0.24518007916169737,0.7855163812861452,0.012613496996376171,0.42686101359856254,0.7810441245156918,0.03742669655269295,0.03850091765064462,0.03793196564966376,0.03800546162536645,0.7436174279629989,0.7425432068650473,0.7431121588660281,0.7430386628903254
2362,2360,2369,9,0.2222222222222222,0.22223952284184922,0.2222222222222222,6.486996607958633,21.61482239296221,0.24518007916169737,1.5568386485445953,0.015886420054426798,1.2131357024045264,1.5902398351715166,0.06603953356281998,0.0673748944814664,0.0666579566313722,0.0667587248975677,1.5242003016086967,1.52286494069005,1.5235818785401443,1.523481110273949
2363,2360,2369,9,0.3333333333333333,0.33334657360345604,0.3333333333333333,6.486996607958633,21.61482239296221,0.24518007916169737,2.1248239286791026,0.018691377370984173,1.740211071525704,2.1227192155316916,0.05817221324262635,0.06078592720142889,0.059416891139922094,0.05951057854719958,2.064547002289065,2.0619332883302626,2.0633023243917696,2.063208636984492
2364,2360,2369,9,0.4444444444444444,0.44445839086230704,0.4444444444444444,6.486996607958633,21.61482239296221,0.24518007916169737,2.309553984713725,0.019691863940329065,1.9174688559011812,2.305707717796398,0.04108653800131321,0.044033460362656256,0.042328360453353975,0.04283539140880534,2.2646211797950846,2.2616742574337416,2.2633793573430436,2.2628723263875923
2366,2360,2369,9,0.6666666666666666,0.6666756700503501,0.33333333333333337,6.486996607958633,21.61482239296221,0.24518007916169737,1.8263315958514788,0.017732994428246482,1.415194943994018,1.8058009571119058,0.07608590761575465,0.07775625688299322,0.07677284133303264,0.07698252055726991,1.729715049496151,1.7280447002289125,1.7290281157788732,1.728818436554636
2367,2360,2369,9,0.7777777777777778,0.7777827208119569,0.2222222222222222,6.486996607958633,21.61482239296221,0.24518007916169737,1.3249020720876503,0.015348362332029067,0.9803250089346788,1.3458483645046928,0.049368938697964986,0.05085641831237887,0.04995894651316955,0.05019841860888163,1.2964794258067278,1.2949919461923138,1.2958894179915232,1.2956499458958113
2368,2360,2369,9,0.8888888888888888,0.8888929492383932,0.11111111111111116,6.486996607958633,21.61482239296221,0.24518007916169737,0.7961519445542247,0.012775894078484638,0.49787986252134914,0.8139516190340991,0.03859981563257136,0.03791281531097206,0.037890927696946144,0.03857180670178088,0.7753518034015278,0.7760388037231271,0.7760606913371529,0.7753798123323182
2371,2369,2379,10,0.2,0.20000014299871158,0.2,13.39578741889333,40.172631443853675,0.042401046649807164,0.7851436676350085,0.00994056393266302,1.1892264649456488,0.7948402348605179,0.07977843494997852,0.07943164122660229,0.079619520187789,0.07966522657870521,0.7150617999105394,0.7154085936339156,0.715220714672729,0.7151750082818127
2372,2369,2379,10,0.3,0.30000200198196214,0.3,13.39578741889333,40.172631443853675,0.042401046649807164,1.453918911567178,0.007503321748631459,1.880816345233386,1.487424289532588,0.04270329561197458,0.04224355825152818,0.04250755826400885,0.04252539081201911,1.4447209939206134,1.4451807312810598,1.4449167312685791,1.4448988987205689
2373,2369,2379,10,0.4,0.40000028599742316,0.4,13.39578741889333,40.172631443853675,0.042401046649807164,1.8180999989918214,0.008021039217535856,2.1659326289821217,1.781448005007127,0.10052457299752107,0.1009183396406636,0.1007771400822462,0.10056675974925992,1.680923432009606,1.6805296653664634,1.680670864924881,1.6808812452578672
2374,2369,2379,10,0.5,0.5000021449806737,0.5,13.39578741889333,40.172631443853675,0.042401046649807164,1.70969615091439,0.011463691239163982,2.0044729094373066,1.694510401897292,0.16451516952950726,0.1649514016933564,0.16481095647513108,0.16455033276220418,1.5299952323677848,1.5295590002039356,1.529699445422161,1.5299600691350879
2376,2369,2379,10,0.7,0.7000015729858274,0.30000000000000004,13.39578741889333,40.172631443853675,0.042401046649807164,1.2448950956629936,0.013323204241547777,1.4437269667399948,1.212574593492488,0.029270566048641943,0.027866028363877814,0.028663073500463303,0.028413760711962516,1.1833040274438462,1.1847085651286102,1.1839115199920247,1.1841608327805255
2377,2369,2379,10,0.8,0.7999998570012884,0.19999999999999996,13.39578741889333,40.172631443853675,0.042401046649807164,0.8387636744243474,0.012978722392672122,1.06992402443539,0.8289699378318557,0.04967129332182863,0.049487479881473194,0.04967918622219697,0.04941882165932609,0.7792986445100271,0.7794824579503825,0.7792907516096588,0.7795511161725296
2378,2369,2379,10,0.9,0.9000017159845389,0.09999999999999998,13.39578741889333,40.172631443853675,0.042401046649807164,0.44265344698417525,0.013715604981327767,0.665323378982993,0.44140742400149574,0.05169995828066589,0.05156209428422867,0.051684423108282064,0.051549175643032075,0.38970746572082987,0.38984532971726704,0.38972300089321366,0.38985824835846367
2381,2379,2393,14,0.14285714285714285,0.14285750765174926,0.14285714285714285,11.560057031080817,24.76260473853841,0.17013763529255577,0.8666185115266346,0.01249036180018343,1.1175885871129625,0.8839380720026289,0.036633401473638756,0.0316726565558122,0.03426589759429201,0.03416124253076018,0.8473046705289901,0.8522654154468167,0.8496721744083369,0.8497768294718687
2382,2379,2393,14,0.21428571428571427,0.21428677219007286,0.21428571428571427,11.560057031080817,24.76260473853841,0.17013763529255577,1.217060328566215,0.01468777164981363,1.4459812534149703,1.213963523977616,0.027377163192682887,0.024650333641922206,0.02564367797209423,0.025972182385189963,1.1865863607849332,1.189313190335694,1.1883198460055218,1.1879913415924261
2383,2379,2393,14,0.2857142857142857,0.2857145045910496,0.2857142857142857,11.560057031080817,24.76260473853841,0.17013763529255577,1.4056401369014582,0.016347253958951893,1.7144724639602613,1.438460677522189,0.07354601925205045,0.07229441157928489,0.07265142241738089,0.0730312244833024,1.3649146582701386,1.3661662659429041,1.3658092551048082,1.3654294530388866
2384,2379,2393,14,0.35714285714285715,0.3571442798418221,0.35714285714285715,11.560057031080817,24.76260473853841,0.17013763529255577,1.7386034560920887,0.018755981217636147,2.0917612451244727,1.8003901561764197,0.07368040395109506,0.0693978546184988,0.07146448713702705,0.07158845779715975,1.7267097522253247,1.730992301557921,1.7289256690393926,1.72880169837926
2386,2379,2393,14,0.5,0.5000012767811224,0.5,11.560057031080817,24.76260473853841,0.17013763529255577,1.8777436055576426,0.02266868202677768,2.1921417492779858,1.8890824591462436,0.029832227072942696,0.032089082198205596,0.02973393123283432,0.03180171130516644,1.8592502320733009,1.856993376948038,1.8593485279134092,1.857280747841077
2387,2379,2393,14,0.5714285714285714,0.5714279877572012,0.4285714285714286,11.560057031080817,24.76260473853841,0.17013763529255577,1.7694411355177302,0.023474434645329823,2.0970974369063,1.7880382860131974,0.0,0.0,0.0,0.0,1.7880382860131974,1.7880382860131974,1.7880382860131974,1.7880382860131974
2388,2379,2393,14,0.6428571428571429,0.6428572522955248,0.3571428571428571,11.560057031080817,24.76260473853841,0.17013763529255577,1.5625289322957554,0.025077310772419672,1.8595874683794158,1.5536150827021087,0.02614451809439322,0.0336448058756934,0.028733507191707246,0.03119388258455313,1.5274705646077154,1.5199702768264154,1.5248815755104015,1.5224212001175557
2389,2379,2393,14,0.7142857142857143,0.7142844739840525,0.2857142857142857,11.560057031080817,24.76260473853841,0.17013763529255577,1.3455209932191134,0.02396952880037696,1.7150584922244445,1.401777255197955,0.07422894966233642,0.07491691945658757,0.07383898067653316,0.07533321380262492,1.3275483055356185,1.3268603357413675,1.3279382745214219,1.3264440413953302
2391,2379,2393,14,0.8571428571428571,0.8571414709233528,0.1428571428571429,11.560057031080817,24.76260473853841,0.17013763529255577,1.1052817233616046,0.019566921729598584,1.4298652526993232,1.1024073919288717,0.07163771057366303,0.07367912093977488,0.07175921980672205,0.07354350782887734,1.0307696813552087,1.0287282709890968,1.0306481721221497,1.0288638840999944
2392,2379,2393,14,0.9285714285714286,0.9285681818994316,0.0714285714285714,11.560057031080817,24.76260473853841,0.17013763529255577,0.6042721832343215,0.01768499922418982,0.939082463042696,0.595545244218339,0.08761567689192488,0.08858631319569309,0.08761882466596997,0.08855740876410736,0.5079295673264141,0.5069589310226459,0.5079264195523691,0.5069878354542317
2394,2393,2405,12,0.08333333333333333,0.08333541861044283,0.08333333333333333,8.709489188493828,21.764481261256872,0.21079507062064742,0.5323917826441121,0.019939448302416552,0.4243995164532566,0.5284477640605626,0.027763842855733096,0.028372221963034384,0.02808371490483864,0.02811126376650861,0.5006839212048295,0.5000755420975282,0.500364049155724,0.500336500294054
2396,2393,2405,12,0.25,0.25000148948364964,0.25,8.709489188493828,21.764481261256872,0.21079507062064742,0.931410926258127,0.023195649025056456,0.6820581957758914,0.9566113091859049,0.02860542541633675,0.02458089334408312,0.02652875656207038,0.026922115830012118,0.9280058837695682,0.9320304158418218,0.9300825526238344,0.9296891933558927
2397,2393,2405,12,0.3333333333333333,0.3333333333333333,0.3333333333333333,8.709489188493828,21.764481261256872,0.21079507062064742,1.4241537605399994,0.02559901282150112,1.2078228698372364,1.4681870140930295,0.058979063350458966,0.05734529064980705,0.05797794981401995,0.05851189384579417,1.4092079507425705,1.4108417234432225,1.4102090642790095,1.4096751202472353
2398,2393,2405,12,0.4166666666666667,0.4166681561503163,0.4166666666666667,8.709489188493828,21.764481261256872,0.21079507062064742,1.830564947440648,0.02730116755581998,1.6149514753437229,1.8634799826748922,0.06434339766517566,0.062126604348508994,0.0631056219943955,0.06349930474533787,1.7991365850097165,1.8013533783263833,1.8003743606804967,1.7999806779295544
2399,2393,2405,12,0.5,0.5000005957934599,0.5,8.709489188493828,21.764481261256872,0.21079507062064742,2.0394563523724374,0.027914567986655273,1.8062533291547282,2.0709604279464737,0.06966956528907657,0.06592485537349793,0.06791484676222787,0.06779044409498701,2.001290862657397,2.0050355725729756,2.003045581184246,2.0031699838514867
2401,2393,2405,12,0.6666666666666666,0.6666666666666666,0.33333333333333337,8.709489188493828,21.764481261256872,0.21079507062064742,1.7734242962532853,0.026743879458336985,1.4565252717872716,1.7571832105641252,0.10527136773393889,0.10273833707541269,0.10398395354659795,0.10402895657779958,1.6519118428301862,1.6544448734887125,1.6531992570175271,1.6531542539863255
2402,2393,2405,12,0.75,0.7500014894836496,0.25,8.709489188493828,21.764481261256872,0.21079507062064742,1.390884621789507,0.025100609323126907,1.0983343931918408,1.4041672032357844,0.060464135723373905,0.05763775662299645,0.05925771532924664,0.058859156757583644,1.3437030675124104,1.346529446612788,1.3449094879065377,1.3453080464782008
2403,2393,2405,12,0.8333333333333334,0.8333333333333334,0.16666666666666663,8.709489188493828,21.764481261256872,0.21079507062064742,1.0452985416550733,0.02427183774363787,0.7704054480793037,1.0689040479646492,0.06571530352774496,0.0642210464473062,0.06537417598850849,0.06455081942466898,1.0031887444369043,1.0046830015173431,1.0035298719761407,1.0043532285399803
2404,2393,2405,12,0.9166666666666666,0.9166681561503163,0.08333333333333337,8.709489188493828,21.764481261256872,0.21079507062064742,0.578464203633737,0.023331278337277828,0.3709210274614678,0.6055768065727076,0.08506669505143273,0.08480420277117014,0.08531167484898648,0.084541437159504,0.5205101115212749,0.5207726038015374,0.5202651317237211,0.5210353694132036
2406,2405,2416,11,0.09090909090909091,0.09091062716841526,0.09090909090909091,12.79188870616005,34.872127661603024,0.15301349492144023,0.8589799917885295,0.017157277709719337,1.0301031760613062,0.8784364827882305,0.04306803294474686,0.042230824694144097,0.04266228591512377,0.04268254700928276,0.8353684498434837,0.8362056580940864,0.8357741968731067,0.8357539357789477
2407,2405,2416,11,0.18181818181818182,0.18181800455749056,0.18181818181818182,12.79188870616005,34.872127661603024,0.15301349492144023,1.6574755961646133,0.015472331531136162,1.7810054987969859,1.679778164070908,0.04856714113490622,0.045038101164443345,0.04679721096662009,0.04692779751371326,1.6312110229360017,1.6347400629064646,1.6329809531042878,1.6328503665571947
2408,2405,2416,11,0.2727272727272727,0.2727279817700378,0.2727272727272727,12.79188870616005,34.872127661603024,0.15301349492144023,2.293965394825285,0.015240416402953769,2.372849015422522,2.2904712375237537,0.0,0.0,0.0,0.0,2.2904712375237537,2.2904712375237537,2.2904712375237537,2.2904712375237537
2409,2405,2416,11,0.36363636363636365,0.3636353591591131,0.36363636363636365,12.79188870616005,34.872127661603024,0.15301349492144023,2.5507395355639155,0.016835256057273554,2.562689758817868,2.4881413246046273,0.060889194938702935,0.059274651961328625,0.05959850538745526,0.059816155469494196,2.4272521296659244,2.4288666726432986,2.428542819217172,2.428325169135133
2411,2405,2416,11,0.5454545454545454,0.5454540136724716,0.4545454545454546,12.79188870616005,34.872127661603024,0.15301349492144023,2.1826907673223204,0.02047863082407365,2.2970785971550516,2.1420908446508746,0.06731882501534865,0.0719876480347121,0.06973003552866612,0.06914058421390608,2.074772019635526,2.0701031966161625,2.0723608091222085,2.0729502604369685
2412,2405,2416,11,0.6363636363636364,0.6363639908850189,0.36363636363636365,12.79188870616005,34.872127661603024,0.15301349492144023,2.022954944503221,0.020781728309722733,2.1220589819628963,1.9274225318026412,0.10963059201457158,0.10838957116182237,0.10884095812413629,0.10877229904894815,1.8177919397880697,1.8190329606408189,1.818581573678505,1.818650232753693
2413,2405,2416,11,0.7272727272727273,0.7272713682740942,0.2727272727272727,12.79188870616005,34.872127661603024,0.15301349492144023,1.1990472113312387,0.022600644033252165,1.3217440346648108,1.0678804180842065,0.13893314856782155,0.13621608728841603,0.13755040852794667,0.1373488057732673,0.928947269516385,0.9316643307957905,0.9303300095562599,0.9305316123109393
2414,2405,2416,11,0.8181818181818182,0.8181819954425095,0.18181818181818177,12.79188870616005,34.872127661603024,0.15301349492144023,0.5315150175387076,0.02347630974771473,0.7777737682570695,0.470153599793658,0.05486356122837066,0.05189115337019104,0.05326013114225225,0.05326760069083979,0.41529003856528734,0.418262446423467,0.41689346865140575,0.4168859991028182
2417,2416,2426,10,0.1,0.09999785515121185,0.1,7.208345471713869,21.61578054292655,0.07792279755220353,0.3441269305933254,0.02292025954419937,0.5972529276511305,0.3561151992547161,0.061200200250808634,0.06166372817126789,0.061409751932773614,0.061453158227918706,0.29491499900390744,0.29445147108344816,0.2947054473219425,0.2946620410267974
2418,2416,2426,10,0.2,0.1999985701008079,0.2,7.208345471713869,21.61578054292655,0.07792279755220353,0.6323832528875628,0.022761054587814532,0.8509443844138116,0.6436074342258726,0.06322503045315304,0.06389317438690154,0.06349087637051581,0.0636341304049468,0.5803824037727195,0.5797142598389711,0.5801165578553569,0.5799733038209258
2419,2416,2426,10,0.3,0.29999642525201975,0.3,7.208345471713869,21.61578054292655,0.07792279755220353,0.7609772336905971,0.02265170032159392,1.0278482311025148,0.7702395728408138,0.09347370825218497,0.09423868794259241,0.09372697774735567,0.09400857373870311,0.6767658645886289,0.6760008848982214,0.6765125950934581,0.6762309991021107
2421,2416,2426,10,0.5,0.4999964252520197,0.5,7.208345471713869,21.61578054292655,0.07792279755220353,0.9488987408197119,0.022340406831282727,1.2581246920805327,0.975990748586894,0.012771620290597157,0.014995740932621808,0.013818764561149418,0.013984723229815296,0.9632191282962969,0.9609950076542723,0.9621719840257447,0.9620060253570788
2422,2416,2426,10,0.6,0.5999964252520197,0.4,7.208345471713869,21.61578054292655,0.07792279755220353,1.0082600990371349,0.02270035062802495,1.23067082651525,1.0177547362772692,0.04176324510580067,0.04214383275780701,0.0417561347262196,0.042151768888178946,0.9759914911714686,0.9756109035194622,0.9759986015510496,0.9756029673890902
2423,2416,2426,10,0.7,0.6999957103024237,0.30000000000000004,7.208345471713869,21.61578054292655,0.07792279755220353,0.905113662340041,0.02236547028478209,1.0927130938863665,0.873496575183563,0.07585094357090062,0.07580941239439734,0.07558747074924671,0.07609944092762054,0.7976456316126624,0.7976871627891657,0.7979091044343163,0.7973971342559425
2424,2416,2426,10,0.8,0.7999978551512118,0.19999999999999996,7.208345471713869,21.61578054292655,0.07792279755220353,0.5777077621882138,0.02167950440877654,0.8708869046937592,0.56490631102709,0.08684978196808944,0.08675411268516924,0.08661126014121442,0.08701158746943259,0.47805652905900053,0.47815219834192074,0.47829505088587554,0.4778947235576574
2427,2426,2435,9,0.1111111111111111,0.11110899275203442,0.1111111111111111,6.565408463870214,21.87522360469886,0.23890375158090088,0.6866372996436724,0.027977669529763646,0.6408780739458757,0.657890970162429,0.02447038567465972,0.0249743532268709,0.02469735089719648,0.02470473791604825,0.6334205844877693,0.6329166169355581,0.6331936192652325,0.6331862322463808
2428,2426,2435,9,0.2222222222222222,0.22222195742733764,0.2222222222222222,6.565408463870214,21.87522360469886,0.23890375158090088,1.072374715484848,0.030072110051970018,0.9851587917479938,1.0459345209212612,0.03612160037075804,0.03808882724321139,0.03709047115000988,0.03704593131829542,1.009812920550503,1.0078456936780498,1.0088440497712512,1.0088885896029658
2429,2426,2435,9,0.3333333333333333,0.3333317445640258,0.3333333333333333,6.565408463870214,21.87522360469886,0.23890375158090088,1.1888153078198722,0.03275155264392867,1.1501656999643217,1.1966254557737448,0.06778845139875199,0.06515569606798441,0.06658194450276761,0.06642851622020304,1.128837004374993,1.1314697597057604,1.1300435112709772,1.1301969395535418
2431,2426,2435,9,0.5555555555555556,0.5555544963760172,0.4444444444444444,6.565408463870214,21.87522360469886,0.23890375158090088,1.7387605596434568,0.03649966086698558,1.6439252891653775,1.7459044947281197,0.015232371080576611,0.021015152597864635,0.018228016797694282,0.018227131408450423,1.730672123647543,1.7248893421302551,1.7276764779304254,1.7276773633196694
2432,2426,2435,9,0.6666666666666666,0.6666674610513205,0.33333333333333337,6.565408463870214,21.87522360469886,0.23890375158090088,1.3683276620465559,0.03469158620979118,1.2781704954423125,1.3512024689362383,0.06456363021293086,0.06832160971669377,0.06631362230268703,0.06652830896696163,1.2866388387233074,1.2828808592195444,1.2848888466335513,1.2846741599692766
2433,2426,2435,9,0.7777777777777778,0.7777772481880086,0.2222222222222222,6.565408463870214,21.87522360469886,0.23890375158090088,0.8840130954632736,0.03201207864353294,0.8913550965223322,0.8900509130877297,0.0,0.0,0.0,0.0,0.8900509130877297,0.8900509130877297,0.8900509130877297,0.8900509130877297
2434,2426,2435,9,0.8888888888888888,0.8888910072479655,0.11111111111111116,6.565408463870214,21.87522360469886,0.23890375158090088,0.5480496904197654,0.03042732859970483,0.5899667292779759,0.58362353519288,0.07254038426455303,0.0711084308764209,0.07167215111023163,0.07198183575572006,0.511083150928327,0.5125151043164591,0.5119513840826484,0.51164169943716
2436,2435,2443,8,0.125,0.12500189907298428,0.125,13.049420163589255,48.9140744899743,0.1566295261853991,0.3610057529171391,0.029884382622595927,0.2793205873292787,0.37652650603697774,0.0,0.0,0.0,0.0,0.37652650603697774,0.37652650603697774,0.37652650603697774,0.37652650603697774
2437,2435,2443,8,0.25,0.24999932973894673,0.25,13.049420163589255,48.9140744899743,0.1566295261853991,0.6695608985713876,0.03246614400495875,0.2553690947307855,0.6829746291135375,0.038267222186849935,0.03908234272221398,0.03871964668629654,0.03861638710480768,0.6447074069266875,0.6438922863913235,0.6442549824272409,0.6443582420087298
2438,2435,2443,8,0.375,0.37500212249333537,0.375,13.049420163589255,48.9140744899743,0.1566295261853991,0.7638059220962414,0.03421152474358037,0.3189539612878968,0.7641765796017642,0.04144231289213964,0.04050034941536408,0.04094003726224475,0.040678134044308145,0.7227342667096246,0.7236762301864001,0.7232365423395195,0.723498445557456
2439,2435,2443,8,0.5,0.49999955315929784,0.5,13.049420163589255,48.9140744899743,0.1566295261853991,0.7626571219646522,0.03404089156867643,0.4026965237474776,0.7846085761571678,0.04148258775239606,0.04085298041077691,0.041267390158686634,0.04062144150301256,0.7431259884047717,0.7437555957463909,0.7433411859984812,0.7439871346541552
2441,2435,2443,8,0.75,0.7499997765796489,0.25,13.049420163589255,48.9140744899743,0.1566295261853991,0.586281721005214,0.0336733743912204,0.18800267716432237,0.6033640939501628,0.02970684729575686,0.027474114188671697,0.028370443093833148,0.028784407424393494,0.5736572466544059,0.575889979761491,0.5749936508563296,0.5745796865257693
2442,2435,2443,8,0.875,0.8750007819712288,0.125,13.049420163589255,48.9140744899743,0.1566295261853991,0.3635835280649425,0.03183471101032997,0.2471228448928413,0.3837662184367346,0.013798105277760177,0.008220862622540365,0.010991299828874061,0.011538713355767961,0.36996811315897443,0.37554535581419424,0.37277491860786055,0.37222750508096664
2444,2443,2449,6,0.16666666666666666,0.16666845403426742,0.16666666666666666,10.608963949438253,53.0219261495272,0.07499050011968464,0.3632286798569944,0.029233919571061626,0.6963984581258412,0.3299252270152811,0.027984375139893942,0.025188897501217045,0.026598899738160965,0.02659142145213662,0.30194085187538716,0.30473632951406404,0.3033263272771201,0.3033338055631445
2446,2443,2449,6,0.5,0.5000017873676007,0.5,10.608963949438253,53.0219261495272,0.07499050011968464,0.9550179663222909,0.02879210250341372,1.0778482624360244,1.0676421404620073,0.1138272109398293,0.11473282633687643,0.1143448847520268,0.11433984304420983,0.9538149295221781,0.9529093141251309,0.9532972557099806,0.9533022974177975
2447,2443,2449,6,0.6666666666666666,0.6666654750882661,0.33333333333333337,10.608963949438253,53.0219261495272,0.07499050011968464,1.2835294558496,0.02849011950873034,1.3324486057572418,1.3114773874988923,0.03889935316782086,0.04074341237146921,0.039913712274279464,0.03977343687116722,1.2725780343310715,1.2707339751274231,1.2715636752246129,1.271703950627725
2448,2443,2449,6,0.8333333333333334,0.8333363122793346,0.16666666666666663,10.608963949438253,53.0219261495272,0.07499050011968464,0.7846567617345028,0.02957295770483004,0.8821159382702036,0.7344058067727915,0.05777217546929846,0.05825895097413227,0.05803465726158616,0.057918367457272725,0.6766336313034931,0.6761468557986593,0.6763711495112054,0.6764874393155188
2451,2449,2461,12,0.16666666666666666,0.16666736175696584,0.16666666666666666,10.402782538029514,25.995840426960612,0.17129706894043575,1.0762089826980714,0.029273589927186257,1.6132128996226962,1.03386737585347,0.09488666437300629,0.09536880561349907,0.0950094860174365,0.09516051756522385,0.9389807114804637,0.938498570239971,0.9388578898360335,0.9387068582882462
2452,2449,2461,12,0.25,0.2500025321146613,0.25,10.402782538029514,25.995840426960612,0.17129706894043575,1.276432503036115,0.029236017452368295,1.8123118141392018,1.2299049091609637,0.08867208777965112,0.08876589176824323,0.08860813882494765,0.08873182344561889,1.1412328213813125,1.1411390173927205,1.1412967703360162,1.1411730857153448
2453,2449,2461,12,0.3333333333333333,0.3333347235139317,0.3333333333333333,10.402782538029514,25.995840426960612,0.17129706894043575,1.3608394850402596,0.03034964583442679,1.9058582665952866,1.326207295021017,0.07296665547776719,0.0729395515197241,0.07278924093182257,0.07299956134395498,1.2532406395432498,1.2532677435012929,1.2534180540891946,1.2532077336770622
2454,2449,2461,12,0.4166666666666667,0.41666929807994213,0.4166666666666667,10.402782538029514,25.995840426960612,0.17129706894043575,1.4402921942972797,0.03173296502469367,1.9981894515120149,1.4411157208481882,0.08956448938044329,0.08809770034558434,0.08883212930023629,0.08872844847245648,1.351551231467745,1.353018020502604,1.3522835915479519,1.3523872723757318
2456,2449,2461,12,0.5833333333333334,0.583335468253538,0.41666666666666663,10.402782538029514,25.995840426960612,0.17129706894043575,1.6791046453123644,0.03562341185581024,2.2080837794402663,1.7018378567857215,0.04960457910553441,0.0465011901628078,0.04786435689225777,0.04818653322799589,1.6522332776801871,1.6553366666229137,1.6539734998934637,1.6536513235577257
2457,2449,2461,12,0.6666666666666666,0.6666676596528084,0.33333333333333337,10.402782538029514,25.995840426960612,0.17129706894043575,1.6677575381068905,0.035959857400434836,2.1648767038676384,1.6784222254722005,0.07030037817511417,0.06768461756413226,0.06814041373888367,0.06975297801434927,1.6081218472970864,1.6107376079080682,1.6102818117333169,1.6086692474578512
2458,2449,2461,12,0.75,0.7500022342188188,0.25,10.402782538029514,25.995840426960612,0.17129706894043575,1.4447444330918908,0.035696618984882654,1.932515973198498,1.4482738494894873,0.017624936754634044,0.013877487851769312,0.013948118253635724,0.017435236609967947,1.4306489127348534,1.434396361637718,1.4343257312358517,1.4308386128795194
2459,2449,2461,12,0.8333333333333334,0.8333338298264041,0.16666666666666663,10.402782538029514,25.995840426960612,0.17129706894043575,1.1113755606330633,0.03456048185550333,1.6366045866313514,1.1245944197182027,0.051681585511619985,0.049545148873122814,0.049470202182232435,0.05169696585835073,1.0729128342065828,1.0750492708450798,1.0751242175359703,1.072897453859852
2462,2461,2470,9,0.1111111111111111,0.11111358254377679,0.1111111111111111,7.530431732163952,25.090715209088916,0.19287778485563783,0.49125031232217636,0.03317627975448982,0.47465742784066406,0.5375743173366689,0.05899445550862248,0.05772983972652402,0.058382159595489785,0.05839964851591149,0.47857986182804646,0.4798444776101449,0.4791921577411792,0.47917466882075743
2463,2461,2470,9,0.2222222222222222,0.2222223987531269,0.2222222222222222,7.530431732163952,25.090715209088916,0.19287778485563783,1.0323523312046197,0.03458727418708002,0.695506786532855,1.0509214709055037,0.030658831903686776,0.02671598390794221,0.028613467490763846,0.028780364353860433,1.020262639001817,1.0242054869975614,1.0223080034147398,1.0221411065516433
2464,2461,2470,9,0.3333333333333333,0.3333351869078326,0.3333333333333333,7.530431732163952,25.090715209088916,0.19287778485563783,1.1320038479804404,0.03709657182169609,0.6700453504033966,1.1270403671213258,0.09846141866584097,0.09387556374618962,0.09600780363402193,0.09634605938313053,1.0285789484554848,1.0331648033751362,1.0310325634873039,1.0306943077381954
2466,2461,2470,9,0.5555555555555556,0.5555559968828173,0.4444444444444444,7.530431732163952,25.090715209088916,0.19287778485563783,1.4454822590534047,0.042319556155123096,1.0836423728184061,1.4749600154296383,0.033579363344984445,0.02711604693168606,0.03025969948523069,0.030657943138332033,1.441380652084654,1.4478439684979523,1.4447003159444076,1.4443020722913062
2467,2461,2470,9,0.6666666666666666,0.6666648130921674,0.33333333333333337,7.530431732163952,25.090715209088916,0.19287778485563783,1.2134186845714203,0.041173740196295355,0.798505454358965,1.1949554355882452,0.04121054582734477,0.045182445365398984,0.0434297704582495,0.042940341523264376,1.1537448897609004,1.1497729902228462,1.1515256651299957,1.152015094064981
2468,2461,2470,9,0.7777777777777778,0.7777783956359442,0.2222222222222222,7.530431732163952,25.090715209088916,0.19287778485563783,0.860250806438434,0.03950090961473703,0.5282480722208224,0.8611895468426334,0.02518809131897224,0.02686979242161109,0.026217846034312466,0.025738644534366664,0.8360014555236611,0.8343197544210222,0.834971700808321,0.8354509023082667
2469,2461,2470,9,0.8888888888888888,0.8888872118452943,0.11111111111111116,7.530431732163952,25.090715209088916,0.19287778485563783,0.5407413305369988,0.037961061348605864,0.45877373546854605,0.5355526084962572,0.03438095603538954,0.03297895668527279,0.03360031063171742,0.03373625161889725,0.5011716524608676,0.5025736518109845,0.5019522978645398,0.5018163568773599
2471,2470,2481,11,0.09090909090909091,0.09090773190515807,0.09090909090909091,13.29397975869334,36.24102568493039,0.14846627089963182,0.382640060133135,0.03842963012026187,0.6490476089252419,0.3600669043363201,0.03571393089674124,0.037113106541487986,0.03645551454917426,0.03640960434103632,0.32435297343957886,0.32295379779483213,0.3236113897871458,0.3236572999952838
2472,2470,2481,11,0.18181818181818182,0.18181806364392677,0.18181818181818182,13.29397975869334,36.24102568493039,0.14846627089963182,0.6576624159843162,0.042082394642528394,0.6463098358968979,0.6522573255135101,0.0376134084139474,0.04006071027453496,0.038969490724906845,0.038742685829617686,0.6146439170995627,0.6121966152389752,0.6132878347886033,0.6135146396838924
2473,2470,2481,11,0.2727272727272727,0.27272644550748754,0.2727272727272727,13.29397975869334,36.24102568493039,0.14846627089963182,0.9419100471875457,0.04523142935997214,0.7657318089305952,0.904821145496388,0.06643288889568608,0.07067373465292899,0.06881550744790405,0.06835920182498079,0.8383882566007019,0.834147410843459,0.8360056380484839,0.8364619436714072
2474,2470,2481,11,0.36363636363636365,0.3636374272046589,0.36363636363636365,13.29397975869334,36.24102568493039,0.14846627089963182,0.9590447580220135,0.047205010340371445,0.7111628920705206,0.8596324207412925,0.12362506507280538,0.12839156330340626,0.12626517221317926,0.12580851471335472,0.7360073556684872,0.7312408574378862,0.7333672485281133,0.7338239060279378
2476,2470,2481,11,0.5454545454545454,0.545454840890183,0.4545454545454546,13.29397975869334,36.24102568493039,0.14846627089963182,0.32479944979655273,0.04685321157833635,0.7972823970954694,0.3615525164204845,0.21473344726273377,0.21971106593227266,0.21740460929210603,0.21703904198915694,0.14681906915775075,0.14184145048821187,0.1441479071283785,0.1445134744313276
2477,2470,2481,11,0.6363636363636364,0.6363632227537438,0.36363636363636365,13.29397975869334,36.24102568493039,0.14846627089963182,0.4445085868025669,0.0459473856598829,1.0530809067556801,0.5841348553736511,0.21875868239190197,0.22345214967060595,0.2212541226015084,0.22097098839245669,0.36537617298174907,0.3606827057030451,0.36288073277214267,0.3631638669811944
2478,2470,2481,11,0.7272727272727273,0.7272742044509152,0.2727272727272727,13.29397975869334,36.24102568493039,0.14846627089963182,0.5247603919437768,0.04375251194882404,1.1276686433732344,0.7600594437148354,0.2690055498727508,0.27283279807862837,0.27103437156318044,0.27086071765901326,0.49105389384208453,0.487226645636207,0.4890250721516549,0.4891987260558221
2479,2470,2481,11,0.8181818181818182,0.8181819363560732,0.18181818181818177,13.29397975869334,36.24102568493039,0.14846627089963182,1.0129061570136038,0.041338561066404704,1.4731998579154957,1.2564357273927655,0.24279687131687902,0.2455770619261294,0.24426545234380828,0.2441563676324645,1.0136388560758864,1.010858665466636,1.0121702750489572,1.012279359760301
2482,2481,2499,18,0.05555555555555555,0.05555246639478521,0.05555555555555555,13.017995074686583,21.68647610091265,0.16874535919949316,0.7747618936660392,0.022609632540938826,1.0259117017220747,0.6820752391644477,0.10543805570021678,0.10609753061633025,0.10568597200759527,0.10571096371950188,0.5766371834642309,0.5759777085481175,0.5763892671568525,0.5763642754449458
2483,2481,2499,18,0.1111111111111111,0.11110771303426374,0.1111111111111111,13.017995074686583,21.68647610091265,0.16874535919949316,0.8888823546148129,0.027011670948856422,1.1909087447975255,0.8105887221178456,0.15800021409110968,0.15976997519238398,0.15871297065979934,0.1588309779510108,0.652588508026736,0.6508187469254616,0.6518757514580462,0.6517577441668347
2484,2481,2499,18,0.16666666666666666,0.16666375402936892,0.16666666666666666,13.017995074686583,21.68647610091265,0.16874535919949316,1.1676366146406518,0.029877594443689957,1.5115422955992732,1.19411162289078,0.09719368109038874,0.1016490400376285,0.09916469163762347,0.09955542549880834,1.0969179418003911,1.0924625828531516,1.0949469312531566,1.0945561973919717
2486,2481,2499,18,0.2777777777777778,0.2777754388417659,0.2777777777777778,13.017995074686583,21.68647610091265,0.16874535919949316,2.321476941792354,0.03458333268760696,2.4490558152862705,2.359752223703628,0.05797112832440129,0.06441008022265922,0.060915170280991,0.06150183736286358,2.301781095379227,2.2953421434809687,2.298837053422637,2.298250386340764
2487,2481,2499,18,0.3333333333333333,0.33333028830343114,0.3333333333333333,13.017995074686583,21.68647610091265,0.16874535919949316,2.5615546089551615,0.035957188030936456,2.623178625765999,2.5477601423606435,0.05698064378216684,0.06318238063091947,0.05968019493587622,0.06008474045794383,2.4907794985784766,2.484577761729724,2.4880799474247675,2.4876754019027
2488,2481,2499,18,0.3888888888888889,0.38888632929853634,0.3888888888888889,13.017995074686583,21.68647610091265,0.16874535919949316,2.567811996364111,0.03773622082281934,2.619447331266542,2.5399665503955924,0.04787793157442602,0.05099980042491312,0.049185727314713545,0.04904751627292839,2.492088618821166,2.4889667499706793,2.490780823080879,2.490919034122664
2489,2481,2499,18,0.4444444444444444,0.44444157593801487,0.4444444444444444,13.017995074686583,21.68647610091265,0.16874535919949316,2.500766670786504,0.03815140387409102,2.5342482240841093,2.4468747390534435,0.06551084781550853,0.0656910437368848,0.06521585941095938,0.06522673592613107,2.381363891237935,2.3811836953165586,2.381658879642484,2.3816480031273124
2491,2481,2499,18,0.5555555555555556,0.5555528635725986,0.4444444444444444,13.017995074686583,21.68647610091265,0.16874535919949316,1.669954641044308,0.0392690631620564,1.8289094770608947,1.5634875428991415,0.14176305960391283,0.13849339728086352,0.14010195980191828,0.13966406914876242,1.4217244832952287,1.424994145618278,1.4233855830972233,1.423823473750379
2492,2481,2499,18,0.6111111111111112,0.6111096989233303,0.38888888888888884,13.017995074686583,21.68647610091265,0.16874535919949316,1.363416462619003,0.03832187300256102,1.6466068649639423,1.2612556959015877,0.11781603050817067,0.11107203750228926,0.11475643080898677,0.11390973190750583,1.1434396653934171,1.1501836583992984,1.146499265092601,1.147345963994082
2493,2481,2499,18,0.6666666666666666,0.6666645483849956,0.33333333333333337,13.017995074686583,21.68647610091265,0.16874535919949316,1.0675061250156923,0.037501306080439896,1.4052906008625414,0.961123006841757,0.11252067953641316,0.10607270297052646,0.10945623200751173,0.10894781281198335,0.8486023273053438,0.8550503038712305,0.8516667748342452,0.8521751940297737
2494,2481,2499,18,0.7222222222222222,0.7222209865579141,0.2777777777777778,13.017995074686583,21.68647610091265,0.16874535919949316,0.6780155988254059,0.036408165022806416,1.0869923676258064,0.5761454240320861,0.11717337000397168,0.11301895251848283,0.11502879209311952,0.11485120318411787,0.4589720540281145,0.4631264715136033,0.4611166319389666,0.46129422084796823
2496,2481,2499,18,0.8333333333333334,0.8333330685481245,0.16666666666666663,13.017995074686583,21.68647610091265,0.16874535919949316,0.399063516688795,0.0325031497896965,0.9459451338990847,0.4243475975835048,0.08229192993709251,0.07774442868022514,0.0802137501716653,0.0798568721709122,0.3420556676464123,0.3466031689032797,0.3441338474118395,0.3444907254125926
2497,2481,2499,18,0.8888888888888888,0.8888879180097896,0.11111111111111116,13.017995074686583,21.68647610091265,0.16874535919949316,0.4317306610599532,0.02972748010611325,1.036450099109066,0.48587312734130916,0.061796842908908724,0.05925917193508407,0.06075187103548902,0.060303394417513305,0.4240762844324004,0.4266139554062251,0.42512125630582015,0.42556973292379585
2498,2481,2499,18,0.9444444444444444,0.9444447533605215,0.05555555555555558,13.017995074686583,21.68647610091265,0.16874535919949316,0.3459047165371271,0.026185365496206876,0.9353344691293425,0.3620467137553191,0.03558982192055354,0.03493521850227666,0.035320421506736366,0.03514440873041294,0.32645689183476556,0.32711149525304245,0.32672629224858274,0.32690230502490614
2501,2499,2515,16,0.125,0.12499916221299093,0.125,13.265644056065414,24.861114541315583,0.24913072281972024,1.2605659209762292,0.02045599010293974,0.9956849761683401,1.2792719251897209,0.07741051314724892,0.07278092482409212,0.07502555865992629,0.07532562177666893,1.201861412042472,1.2064910003656288,1.2042463665297947,1.203946303413052
2502,2499,2515,16,0.1875,0.18749986036883182,0.1875,13.265644056065414,24.861114541315583,0.24913072281972024,1.624658480069575,0.021976303381536343,1.349936050261796,1.6445899934029486,0.08221114384567718,0.0760506963845253,0.07893488722324413,0.07958728935851085,1.5623788495572715,1.5685392970184233,1.5656551061797046,1.5650027040444379
2503,2499,2515,16,0.25,0.24999877124572004,0.25,13.265644056065414,24.861114541315583,0.24913072281972024,1.907562099507702,0.023934540714259378,1.6035285731174695,1.904086077540613,0.0748399149197849,0.068170794310366,0.07106144801241175,0.07212794427083297,1.829246162620828,1.835915283230247,1.8330246295282013,1.83195813326978
2504,2499,2515,16,0.3125,0.3124994694015609,0.3125,13.265644056065414,24.861114541315583,0.24913072281972024,2.000022184079683,0.02528491502641669,1.7143186494444103,2.007597854554293,0.06875480672398881,0.05965837491836197,0.063567566015707,0.06508316938160204,1.9388430478303045,1.9479394796359313,1.9440302885385863,1.942514685172691
2506,2499,2515,16,0.4375,0.43749907843429003,0.4375,13.265644056065414,24.861114541315583,0.24913072281972024,2.1409229068051214,0.02747377634893176,1.8171625764556933,2.16170934953713,0.04223597081928906,0.03057540915006391,0.03555550808148768,0.037549530230898416,2.119473378717841,2.131133940387066,2.1261538414556425,2.1241598193062314
2507,2499,2515,16,0.5,0.4999979893111782,0.5,13.265644056065414,24.861114541315583,0.24913072281972024,2.084128165470895,0.02822827538888716,1.7868438151945891,2.131767936114825,0.09141546346070517,0.08047368333395806,0.08503995742133842,0.08723044339788713,2.04035247265412,2.0512942527808673,2.046727978693487,2.044537492716938
2508,2499,2515,16,0.5625,0.5624986874670191,0.4375,13.265644056065414,24.861114541315583,0.24913072281972024,2.1650808653710394,0.028978158814848005,1.934761444197674,2.2398192282434315,0.10997761459799578,0.09912356426899047,0.10369814763961421,0.10575296372863484,2.1298416136454357,2.140695663974441,2.136121080603817,2.1340662645147965
2509,2499,2515,16,0.625,0.6249975983439073,0.375,13.265644056065414,24.861114541315583,0.24913072281972024,2.0434698100342734,0.028611234971684652,1.8365647381785681,2.0886728075512484,0.08399637708845391,0.07279409385571567,0.07744197962800146,0.07963346944736004,2.0046764304627946,2.0158787136955327,2.011230827923247,2.0090393381038885
2511,2499,2515,16,0.75,0.7499976541963745,0.25,13.265644056065414,24.861114541315583,0.24913072281972024,1.7667214309386254,0.028018395727227433,1.7507105142099064,1.8493746042284906,0.1011686130503192,0.09282907588977005,0.09673258136552225,0.09740087662218605,1.7482059911781715,1.7565455283387206,1.7526420228629684,1.7519737276063045
2512,2499,2515,16,0.8125,0.8124974587127392,0.1875,13.265644056065414,24.861114541315583,0.24913072281972024,1.5348573416483295,0.026415542018143345,1.5500124998895113,1.568938680328376,0.05974201561346338,0.051723493630453136,0.05490067686670741,0.05676793740757958,1.5091966647149127,1.5172151866979229,1.5140380034616685,1.5121707429207965
2513,2499,2515,16,0.875,0.8749977100488419,0.125,13.265644056065414,24.861114541315583,0.24913072281972024,1.0611836442928062,0.02483210700618767,1.1765660377012646,1.0867472963445715,0.027179449803267412,0.022826261476875914,0.024955043706211145,0.02513042022538016,1.059567846541304,1.0639210348676955,1.0617922526383603,1.0616168761191913
2514,2499,2515,16,0.9375,0.9375001954836355,0.0625,13.265644056065414,24.861114541315583,0.24913072281972024,0.6327090270992264,0.024424848023337203,0.851796934754257,0.6443586801798263,0.022065148876281467,0.01950928825505623,0.02034767996334928,0.021272958006926673,0.6222935313035449,0.6248493919247701,0.624011000216477,0.6230857221728997
2516,2515,2539,24,0.041666666666666664,0.04166722517661574,0.041666666666666664,11.767661935250876,14.70211209865713,0.20510574955346522,0.7351245401327945,0.028808917237110612,1.1574491774996745,0.6661431199025154,0.07625294372263228,0.07481698720662876,0.07553968895399106,0.0755330582996874,0.5898901761798832,0.5913261326958866,0.5906034309485243,0.590610061602828
2517,2515,2539,24,0.08333333333333333,0.08333296099336729,0.08333333333333333,11.767661935250876,14.70211209865713,0.20510574955346522,0.8723966336832056,0.03303524239892942,1.3752883884012523,0.7932403943751895,0.14787692623799176,0.14494396623784286,0.14648946189321982,0.14635204990445566,0.6453634681371977,0.6482964281373466,0.6467509324819696,0.6468883444707338
2518,2515,2539,24,0.125,0.125000186169983,0.125,11.767661935250876,14.70211209865713,0.20510574955346522,1.057323576492435,0.03644737745684447,1.6638857279453525,1.0461596891158955,0.11496273946944618,0.11092534938436266,0.11314948838347008,0.11281752728542563,0.9311969496464494,0.9352343397315328,0.9330102007324255,0.9333421618304699
2519,2515,2539,24,0.16666666666666666,0.16666621985870742,0.16666666666666666,11.767661935250876,14.70211209865713,0.20510574955346522,1.2960682431899782,0.038279765961819104,1.9437426653566166,1.3075034995363877,0.1610847101178117,0.1564765482645531,0.15911985210933455,0.15857876392426,1.146418789418576,1.1510269512718345,1.1483836474270532,1.1489247356121277
2521,2515,2539,24,0.25,0.2499991808520747,0.25,11.767661935250876,14.70211209865713,0.20510574955346522,1.964990094555893,0.03920979667477854,2.5721190000781,2.074817399715559,0.18811813657205428,0.18241263767776283,0.18592064568767086,0.18478242969240088,1.8866992631435044,1.892404762037796,1.888896754027888,1.8900349700231578
2522,2515,2539,24,0.2916666666666667,0.2916661081567176,0.2916666666666667,11.767661935250876,14.70211209865713,0.20510574955346522,2.180500786411349,0.03893251003410281,2.7255042163454193,2.2808228162109363,0.1580003690992493,0.1523474553929923,0.15594210661654237,0.154604699066336,2.122822447111687,2.128475360817944,2.124880709594394,2.1262181171446004
2523,2515,2539,24,0.3333333333333333,0.33333214184544196,0.3333333333333333,11.767661935250876,14.70211209865713,0.20510574955346522,2.2238365223134187,0.03949881128297003,2.7580951309158785,2.3222397365016607,0.13462496155729273,0.12799613695244158,0.1321753194711479,0.13061012624279428,2.187614774944368,2.1942435995492193,2.190064417030513,2.1916296102588664
2524,2515,2539,24,0.375,0.3749993670220577,0.375,11.767661935250876,14.70211209865713,0.20510574955346522,2.1798794231306418,0.04059683872297518,2.7397432656472533,2.26262243091215,0.1113067684349301,0.10348566178636094,0.10834842658825536,0.10648891570417732,2.1513156624772196,2.159136769125789,2.1542740043238946,2.1561335152079724
2526,2515,2539,24,0.4583333333333333,0.4583326258873978,0.4583333333333333,11.767661935250876,14.70211209865713,0.20510574955346522,2.225446699236589,0.0423081002590329,2.8440663333660874,2.279283236940002,0.10229747138123597,0.09555889984899346,0.10033126527624632,0.09738479230655991,2.176985765558766,2.183724337091008,2.1789519716637553,2.181898444633442
2527,2515,2539,24,0.5,0.4999986595761222,0.5,11.767661935250876,14.70211209865713,0.20510574955346522,2.097970435423945,0.043196374443918474,2.756250067156242,2.1414723889420673,0.08382458991034437,0.07695333305634905,0.08187656851262946,0.07877429969963705,2.057647799031723,2.064519055885718,2.059595820429438,2.06269808924243
2528,2515,2539,24,0.5416666666666666,0.5416658847527379,0.45833333333333337,11.767661935250876,14.70211209865713,0.20510574955346522,2.054313896656369,0.043651727189646536,2.7477555863742698,2.100919957876886,0.0939680153630023,0.08694001183860016,0.09209676908324514,0.08875975753852806,2.0069519425138838,2.013979946038286,2.0088231887936407,2.012160200338358
2529,2515,2539,24,0.5833333333333334,0.5833322163134352,0.41666666666666663,11.767661935250876,14.70211209865713,0.20510574955346522,2.1061319786739965,0.04235458586106683,2.7965841237248976,2.1497774338090365,0.12788911443657008,0.1216481717318742,0.12663941663345418,0.12294380589551875,2.0218883193724664,2.0281292620771625,2.023138017175582,2.026833627913518
2531,2515,2539,24,0.6666666666666666,0.6666651773068025,0.33333333333333337,11.767661935250876,14.70211209865713,0.20510574955346522,1.9214034558976054,0.03695374285143724,2.552304981787198,1.9334160396413305,0.11528249602911668,0.11200197458274047,0.1152144518561088,0.11225644315543006,1.8181335436122137,1.82141406505859,1.8182015877852216,1.8211595964859004
2532,2515,2539,24,0.7083333333333334,0.7083327003553911,0.29166666666666663,11.767661935250876,14.70211209865713,0.20510574955346522,1.6117900292283343,0.034370901492964887,2.270635516073267,1.6373824376256245,0.10184419365549002,0.09907826478175721,0.10135957354807411,0.09977222171438681,1.5355382439701346,1.5383041728438673,1.5360228640775504,1.5376102159112377
2533,2515,2539,24,0.75,0.7499990319160883,0.25,11.767661935250876,14.70211209865713,0.20510574955346522,1.314073220128609,0.03206279201240783,1.9912260099689834,1.3311582408457145,0.09389618352820918,0.09306785917856443,0.09394680504010339,0.09323230197490287,1.2372620573175053,1.23809038166715,1.2372114358056112,1.2379259388708117
2534,2515,2539,24,0.7916666666666666,0.791666257092704,0.20833333333333337,11.767661935250876,14.70211209865713,0.20510574955346522,1.1307083824780995,0.029173815793356383,1.7788746784700151,1.1791681595608354,0.1164137535808081,0.11455684518926242,0.11637020390432563,0.11476849192690769,1.0627544059800274,1.064611314371573,1.0627979556565097,1.0643996676339278
2536,2515,2539,24,0.875,0.8750001117019898,0.125,11.767661935250876,14.70211209865713,0.20510574955346522,0.9293312591266271,0.02476736817506625,1.3431449326633407,0.9891191040746836,0.08423632811761443,0.08226384224692651,0.08385089781633101,0.08272627535501376,0.9048827759570692,0.9068552618277571,0.9052682062583526,0.9063928287196699
2537,2515,2539,24,0.9166666666666666,0.9166661453907142,0.08333333333333337,11.767661935250876,14.70211209865713,0.20510574955346522,0.7165349017337888,0.024755155159226216,1.0612844631783966,0.7621490578953559,0.054995545963916606,0.052728263852662105,0.05410903158186476,0.053661950679585395,0.7071535119314393,0.7094207940426938,0.7080400263134912,0.7084871072157706
2538,2515,2539,24,0.9583333333333334,0.9583336684393028,0.04166666666666663,11.767661935250876,14.70211209865713,0.20510574955346522,0.4238906862372053,0.025905050431767072,0.8828712976913933,0.45365926277260665,0.03567020031364374,0.03429997236409628,0.03506654038804858,0.03492559394866477,0.4179890624589629,0.4193592904085104,0.4185927223845581,0.41873366882394186
2541,2539,2558,19,0.10526315789473684,0.10526672255526273,0.10526315789473684,11.643995783979278,18.376433058127436,0.0884207716851716,1.0759474447815978,0.02744788843254697,1.2745839858306716,1.1406945162632491,0.09325261665835087,0.0939785405182708,0.09358541106446795,0.09359533607456054,1.0474418996048982,1.0467159757449784,1.047109105198781,1.0470991801886886
2542,2539,2558,19,0.15789473684210525,0.15790196518150498,0.15789473684210525,11.643995783979278,18.376433058127436,0.0884207716851716,1.336858629623376,0.03150067303138485,1.4840463415122198,1.3703993253555633,0.12010758322504654,0.11968564538941823,0.11979336391482365,0.11989851168277271,1.2502917421305169,1.2507136799661451,1.2506059614407397,1.2505008136727906
2543,2539,2558,19,0.21052631578947367,0.21053231630135893,0.21052631578947367,11.643995783979278,18.376433058127436,0.0884207716851716,1.4094540235762536,0.03575828870573345,1.5750680629962666,1.476126789880069,0.1072871346187658,0.10668664744982533,0.10685859527007444,0.10698727995887138,1.3688396552613031,1.3694401424302436,1.3692681946099945,1.3691395099211976
2544,2539,2558,19,0.2631578947368421,0.2631641725001016,0.2631578947368421,11.643995783979278,18.376433058127436,0.0884207716851716,1.6549475169756938,0.04008906724308301,1.827306140139577,1.7293564225127782,0.08927826320560744,0.08924597656636812,0.08917501255751463,0.08920288402409857,1.6400781593071707,1.64011044594641,1.6401814099552636,1.6401535384886796
2546,2539,2558,19,0.3684210526315789,0.36842600354897603,0.3684210526315789,11.643995783979278,18.376433058127436,0.0884207716851716,1.7934454506381579,0.044352996638414244,1.8647390769097438,1.8351592476880436,0.043763883031128575,0.04443994523011272,0.043983845178415804,0.04400225628985712,1.791395364656915,1.7907193024579309,1.7911754025096278,1.7911569913981864
2547,2539,2558,19,0.42105263157894735,0.42105673093855217,0.42105263157894735,11.643995783979278,18.376433058127436,0.0884207716851716,1.758237471913497,0.04426631009393763,1.7623156545866432,1.7918203774149277,0.06359950825371276,0.06691900379848753,0.06559799487302835,0.06487455378318414,1.7282208691612149,1.7249013736164402,1.7262223825418994,1.7269458236317436
2548,2539,2558,19,0.47368421052631576,0.4736882108675726,0.47368421052631576,11.643995783979278,18.376433058127436,0.0884207716851716,1.684585726377562,0.04351043996083208,1.7315982094072324,1.7297764879767266,0.10418668421479889,0.10738831112355167,0.1062164397284382,0.10534052801428838,1.6255898037619276,1.622388176853175,1.6235600482482884,1.6244359599624383
2549,2539,2558,19,0.5263157894736842,0.5263185619874265,0.4736842105263158,11.643995783979278,18.376433058127436,0.0884207716851716,1.7354008782254196,0.04131693855183297,1.8992913015567974,1.8199562590346654,0.12528424521136108,0.1287766622093074,0.12747840332528618,0.12658216695571103,1.6946720138233042,1.691179596825358,1.6924778557093791,1.6933740920789544
2551,2539,2558,19,0.631578947368421,0.6315807693060231,0.368421052631579,11.643995783979278,18.376433058127436,0.0884207716851716,2.2044293616084296,0.036797597825179884,2.4922041220949698,2.320688726460143,0.13603793200636027,0.13913692480134127,0.13807415159343425,0.13707745030466703,2.1846507944537823,2.1815518016588014,2.1826145748667085,2.183611276155476
2552,2539,2558,19,0.6842105263157895,0.6842126255047658,0.3157894736842105,11.643995783979278,18.376433058127436,0.0884207716851716,2.4469674043285528,0.03407105704350361,2.8233273418073495,2.574210324383368,0.15239547679870313,0.15525527008341974,0.15443118457664673,0.15320788780199854,2.421814847584665,2.4189550542999485,2.4197791398067214,2.4210024365813694
2553,2539,2558,19,0.7368421052631579,0.736843352894342,0.26315789473684215,11.643995783979278,18.376433058127436,0.0884207716851716,2.58525295207235,0.03140576114336704,3.0122391578541547,2.7009008946557542,0.1252567303428683,0.1278175241843781,0.12703343141884585,0.12603175750102566,2.575644164312886,2.5730833704713763,2.5738674632369083,2.5748691371547285
2554,2539,2558,19,0.7894736842105263,0.7894752090930847,0.21052631578947367,11.643995783979278,18.376433058127436,0.0884207716851716,2.494928798059822,0.029866560934351305,2.888321028397906,2.558775324939036,0.06708841832616957,0.06917280654000266,0.06849442015956612,0.06775737475562027,2.491686906612866,2.489602518399033,2.49028090477947,2.4910179501834158
2556,2539,2558,19,0.8947368421052632,0.8947377926814034,0.10526315789473684,11.643995783979278,18.376433058127436,0.0884207716851716,1.6304981937886531,0.02914220354303191,2.0837293644221035,1.6376504919848194,0.05335605818470159,0.0539653212105632,0.05429417504401894,0.05301715230364378,1.5842944338001177,1.583685170774256,1.5833563169408005,1.5846333396811756
2557,2539,2558,19,0.9473684210526315,0.9473677675315352,0.052631578947368474,11.643995783979278,18.376433058127436,0.0884207716851716,0.8576730474200545,0.028675878769157354,1.4004435366914882,0.8487540398641922,0.017003875733091218,0.016813480859823628,0.01717178757433635,0.016641298417252485,0.8317501641311009,0.8319405590043686,0.8315822522898558,0.8321127414469397
2559,2558,2571,13,0.07692307692307693,0.07692227317072098,0.07692307692307693,6.193688957061071,14.286350684921462,0.19983128385356402,0.7288427976336022,0.029930660887432122,1.2993886120479128,0.7444676197711403,0.03273786711424465,0.03308072436082293,0.032912835209486895,0.032917678350571994,0.7117297526568956,0.7113868954103173,0.7115547845616534,0.7115499414205683
2561,2558,2571,13,0.23076923076923078,0.23076791938380792,0.23076923076923078,6.193688957061071,14.286350684921462,0.19983128385356402,2.279340603195869,0.03327956375775666,2.695749685918122,2.3393927399238112,0.08967995644512881,0.09049211009396835,0.08994473686154104,0.09026062991564157,2.2497127834786825,2.248900629829843,2.24944800306227,2.2491321100081696
2562,2558,2571,13,0.3076923076923077,0.30769239229781886,0.3076923076923077,6.193688957061071,14.286350684921462,0.19983128385356402,2.861604222294147,0.034462680841418306,3.2564289859779296,2.920073990921385,0.08736571908635475,0.08834134140638666,0.08775592545510816,0.08800547304188112,2.8327082718350303,2.8317326495149984,2.8323180654662767,2.8320685178795038
2563,2558,2571,13,0.38461538461538464,0.38461411553271735,0.38461538461538464,6.193688957061071,14.286350684921462,0.19983128385356402,3.043828250765027,0.035110867667295584,3.3824122443275786,3.050581886073593,0.03130576919389914,0.03226729740443044,0.03182743281496949,0.03183444798712894,3.019276116879694,3.0183145886691625,3.0187544532586235,3.018747438086464
2564,2558,2571,13,0.46153846153846156,0.46153913838255073,0.46153846153846156,6.193688957061071,14.286350684921462,0.19983128385356402,2.8962930723818,0.03572966377756516,3.2495060171922083,2.878396318952721,0.031662642710742116,0.030651701011866542,0.03018179138914208,0.032075535968927184,2.846733676241979,2.8477446179408545,2.848214527563579,2.8463207829837938
2566,2558,2571,13,0.6153846153846154,0.6153847845956377,0.3846153846153846,6.193688957061071,14.286350684921462,0.19983128385356402,2.301732060813342,0.03658044897251035,2.7037663543504893,2.2637598001650425,0.05336320386104092,0.0524006192105359,0.05212078863096379,0.05359845211606875,2.2103965963040015,2.211359180954507,2.211639011534079,2.210161348048974
2567,2558,2571,13,0.6923076923076923,0.6923076077021811,0.3076923076923077,6.193688957061071,14.286350684921462,0.19983128385356402,1.8219722089500152,0.03620232935588321,2.2854934991238065,1.7639104988648882,0.08960001973410948,0.08804665888202276,0.08822035310549355,0.08937520554245931,1.6743104791307786,1.6758638399828654,1.6756901457593947,1.674535293322429
2568,2558,2571,13,0.7692307692307693,0.7692315306803696,0.23076923076923073,6.193688957061071,14.286350684921462,0.19983128385356402,1.3018490543748031,0.035387264662952174,1.879064510528635,1.258263982402887,0.0665163381409252,0.06546214125810162,0.06556948634858549,0.0663649597457904,1.1917476442619617,1.1928018411447854,1.1926944960543016,1.1918990226570965
2569,2558,2571,13,0.8461538461538461,0.8461532539152681,0.15384615384615385,6.193688957061071,14.286350684921462,0.19983128385356402,0.8248890649182116,0.03470939739774043,1.4658557103342134,0.8051483460830614,0.03255732692893188,0.033077119744378276,0.03284930917035296,0.03276107771562713,0.7725910191541295,0.7720712263386831,0.7722990369127084,0.7723872683674343
2572,2571,2587,16,0.0625,0.06250136839033954,0.0625,7.131567408736852,13.365302673973066,0.09822717831576847,0.5619563767487965,0.004769940536850847,0.5901240008604713,0.5951631609200859,0.048567547178509134,0.04846042906976211,0.04849967214065712,0.04852421632229661,0.5465956137415768,0.5467027318503238,0.5466634887794288,0.5466389445977893
2573,2571,2587,16,0.125,0.1250000558526669,0.125,7.131567408736852,13.365302673973066,0.09822717831576847,1.1776776881964177,0.008522779322435342,1.2179925832421334,1.2228858876801976,0.0459852164807835,0.0458916863078553,0.045935397208827736,0.04594417609018236,1.176900671199414,1.1769942013723422,1.17695049047137,1.1769417115900151
2574,2571,2587,16,0.1875,0.1875009774216711,0.1875,7.131567408736852,13.365302673973066,0.09822717831576847,1.6597891183790576,0.01260288261781455,1.6777623156006538,1.6812118300834942,0.03057934358530356,0.030129914930572498,0.030266944865413384,0.030438508114781188,1.6506324864981907,1.6510819151529217,1.6509448852180808,1.650773321968713
2576,2571,2587,16,0.3125,0.31250058645300266,0.3125,7.131567408736852,13.365302673973066,0.09822717831576847,2.237912364539397,0.01930473140514147,2.274661410014467,2.2855350617666472,0.078256887702739,0.07743780925796748,0.07760577339456008,0.07807979287233917,2.2072781740639082,2.2080972525086797,2.207929288372087,2.207455268894308
2577,2571,2587,16,0.375,0.3749997207366654,0.375,7.131567408736852,13.365302673973066,0.09822717831576847,2.503010373638781,0.021272286432708797,2.546251560375578,2.5591440467594677,0.09615174599615257,0.09516436874490208,0.0953270978862287,0.09598007621947748,2.462992300763315,2.4639796780145655,2.463816948873239,2.4631639705399904
2578,2571,2587,16,0.4375,0.4375006423056696,0.4375,7.131567408736852,13.365302673973066,0.09822717831576847,2.774282146929308,0.02254133516696634,2.8467407346298157,2.8615656360086823,0.1318695449137707,0.1307378202537167,0.13090601601137997,0.1316935526385128,2.7296960910949117,2.7308278157549655,2.7306596199973026,2.7298720833701697
2579,2571,2587,16,0.5,0.4999997765893323,0.5,7.131567408736852,13.365302673973066,0.09822717831576847,3.058526532673193,0.023857786317894893,3.1368824560707753,3.1531920657494745,0.13273711239706068,0.1315012806940797,0.1316814535535664,0.1325515070196378,3.020454953352414,3.021690785055395,3.0215106121959083,3.020640558729837
2581,2571,2587,16,0.625,0.6249998324419992,0.375,7.131567408736852,13.365302673973066,0.09822717831576847,3.3009197083148196,0.02256556413166222,3.2928163470876908,3.311730414197299,0.02606080321443488,0.02367872224591719,0.02343869557836605,0.02629052556814079,3.2856696109828643,3.288051691951382,3.288291718618933,3.285439888629158
2582,2571,2587,16,0.6875,0.6875007540110034,0.3125,7.131567408736852,13.365302673973066,0.09822717831576847,2.7965981758874063,0.019430835106106274,2.7460580134028736,2.7652245011363834,0.0314072417894131,0.03231817559831026,0.03218636599589172,0.031565442514829206,2.7338172593469703,2.7329063255380732,2.7330381351404918,2.733659058621554
2583,2571,2587,16,0.75,0.7499994414733308,0.25,7.131567408736852,13.365302673973066,0.09822717831576847,2.247296267799713,0.016086613112012885,2.2328617207890065,2.2513624805505468,0.050700546902094364,0.05011693383814541,0.05025277538092592,0.05056943549657573,2.2006619336484525,2.2012455467124012,2.2011097051696207,2.200793045053971
2584,2571,2587,16,0.8125,0.8125008098636703,0.1875,7.131567408736852,13.365302673973066,0.09822717831576847,1.8649063145650504,0.012519950854502226,1.8419373214597834,1.8596969117015811,0.03702343473004361,0.036944845632171125,0.03704238517136614,0.03693221647588944,1.8226734769715376,1.82275206606941,1.822654526530215,1.8227646952256917
2586,2571,2587,16,0.9375,0.9375013125376727,0.0625,7.131567408736852,13.365302673973066,0.09822717831576847,0.5622440249464159,0.0044074270926330195,0.5359210843622592,0.5454643968265362,0.01858887698022854,0.018526709343831035,0.018450943020702843,0.018665406086329467,0.5268755198463078,0.5269376874827052,0.5270134538058334,0.5267989907402068
2588,2587,2622,35,0.02857142857142857,0.028572817594510254,0.02857142857142857,7.8074222899899794,6.689106717334851,0.2771703665835341,0.32140759598042107,0.005851805566397228,0.30025799314701584,0.30558565692909956,0.0384623222503809,0.03756060190409154,0.037996618993585855,0.03800227693058927,0.2671233346787187,0.268025055025008,0.2675890379355137,0.2675833799985103
2589,2587,2622,35,0.05714285714285714,0.05714502238471977,0.05714285714285714,7.8074222899899794,6.689106717334851,0.2771703665835341,0.4490866167611783,0.010077199995061273,0.41434309772645883,0.420783338082263,0.0546197664990337,0.05459351610611243,0.05455872534374458,0.054584379007028554,0.36616357158322926,0.3661898219761506,0.3662246127385184,0.3661989590752344
2591,2587,2622,35,0.11428571428571428,0.11428984050133928,0.11428571428571428,7.8074222899899794,6.689106717334851,0.2771703665835341,1.1573661063588085,0.019718429837820267,1.2497765666618417,1.2505626470485134,0.12673681054675734,0.12868660828931622,0.12764822329925973,0.12774398869884376,1.123825836501756,1.121876038759197,1.1229144237492537,1.1228186583496695
2592,2587,2622,35,0.14285714285714285,0.1428628623639498,0.14285714285714285,7.8074222899899794,6.689106717334851,0.2771703665835341,1.8592934926169837,0.024162915564342705,1.9625975361443166,1.96147388785698,0.13148564813631705,0.1337989941270352,0.13255865165754718,0.13268393466030604,1.8299882397206628,1.8276748937299447,1.8289152361994327,1.828789953196674
2593,2587,2622,35,0.17142857142857143,0.17143486288605905,0.17142857142857143,7.8074222899899794,6.689106717334851,0.2771703665835341,2.4942334364960845,0.029413085826883043,2.579449446009862,2.5771739966756204,0.11493363923422384,0.11702603182680181,0.1159814347826465,0.11592246346868364,2.4622403574413965,2.4601479648488187,2.461192561892974,2.4612515332069367
2594,2587,2622,35,0.2,0.2000080890167698,0.2,7.8074222899899794,6.689106717334851,0.2771703665835341,2.9481893514699506,0.033453057902987436,3.025465784991252,3.0223041431136264,0.09725563772290934,0.09920883508715794,0.09837427061523786,0.09804795627767007,2.925048505390717,2.9230953080264683,2.9239298724983884,2.9242561868359562
2596,2587,2622,35,0.2571428571428571,0.25715290713338934,0.2571428571428571,7.8074222899899794,6.689106717334851,0.2771703665835341,3.529581806059054,0.041104723607466975,3.6188096613372562,3.614335353913895,0.1192763337195255,0.12106601273538475,0.12063930144069591,0.1197016821434779,3.4950590201943696,3.4932693411785105,3.493696052473199,3.4946336717704174
2597,2587,2622,35,0.2857142857142857,0.28572511192359884,0.2857142857142857,7.8074222899899794,6.689106717334851,0.2771703665835341,3.7653018156021343,0.04424692990103659,3.8483378438830207,3.8434476636287944,0.13434721945398015,0.13444530519468975,0.13579591867951515,0.13300535363629412,3.709100444174814,3.7090023584341045,3.7076517449492794,3.7104423099925
2598,2587,2622,35,0.3142857142857143,0.31429813378620935,0.3142857142857143,7.8074222899899794,6.689106717334851,0.2771703665835341,3.9780398952887164,0.04602967175707572,4.080216375236319,4.075427283242054,0.12095204266236939,0.1204446451953401,0.12206937218730674,0.11938296870297704,3.9544752405796846,3.954982638046714,3.9533579110547477,3.956044314539077
2599,2587,2622,35,0.34285714285714286,0.3428701343083186,0.34285714285714286,7.8074222899899794,6.689106717334851,0.2771703665835341,4.239136896809477,0.04871990151683272,4.333166345237276,4.328429466174952,0.08949213984111382,0.08900186169985769,0.0894973277641933,0.08915359453559119,4.238937326333838,4.239427604475094,4.2389321384107586,4.239275871639361
2601,2587,2622,35,0.4,0.4000153609611386,0.4,7.8074222899899794,6.689106717334851,0.2771703665835341,4.746375981575872,0.052044459925295834,4.86614310125398,4.861457200939547,0.1164303626402353,0.11502006188670384,0.1155465134739357,0.11615497226198766,4.745026838299312,4.746437139052843,4.745910687465612,4.74530222867756
2602,2587,2622,35,0.42857142857142855,0.42858940416425034,0.42857142857142855,7.8074222899899794,6.689106717334851,0.2771703665835341,5.11844326811963,0.05315398567398204,5.232756097092391,5.22779447219941,0.11865336467237257,0.11661766910907939,0.11604721972280813,0.11952478472698336,5.109141107527037,5.111176803090331,5.111747252476602,5.1082696874724265
2603,2587,2622,35,0.45714285714285713,0.4571595662734574,0.45714285714285713,7.8074222899899794,6.689106717334851,0.2771703665835341,5.409591755500603,0.0541962766364658,5.51096792262816,5.505464518052024,0.11228664314971132,0.10963224197587172,0.10821708970931886,0.11403657467591155,5.393177874902313,5.395832276076153,5.397247428342705,5.3914279433761125
2604,2587,2622,35,0.4857142857142857,0.4857305454550654,0.4857142857142857,7.8074222899899794,6.689106717334851,0.2771703665835341,5.649717593625503,0.05473371320606073,5.762867520179851,5.7567854297126635,0.12435458722539744,0.12179631591233181,0.12134235231344892,0.12525094752979524,5.632430842487266,5.634989113800332,5.635443077399215,5.631534482182868
2606,2587,2622,35,0.5428571428571428,0.5428714824777803,0.4571428571428572,7.8074222899899794,6.689106717334851,0.2771703665835341,5.688257164357868,0.053518409068983606,5.726057710137292,5.71925344138003,0.05125075731191559,0.049688111608060366,0.0510230038105915,0.05099494300265199,5.668002684068114,5.669565329771969,5.668230437569438,5.668258498377377
2607,2587,2622,35,0.5714285714285714,0.5714416445869873,0.4285714285714286,7.8074222899899794,6.689106717334851,0.2771703665835341,5.308388822238056,0.05271379562076663,5.3271462537250045,5.320328830267701,0.054937585402144294,0.05126208257639792,0.0500333560024864,0.05693909521399423,5.265391244865556,5.269066747691303,5.270295474265215,5.263389735053707
2608,2587,2622,35,0.6,0.6000128280366955,0.4,7.8074222899899794,6.689106717334851,0.2771703665835341,4.8721284949764465,0.053120063454946354,4.889211487440218,4.882178290174643,0.056518121591667386,0.05237548491344991,0.05059124906245159,0.05888633912591461,4.825660168582976,4.829802805261193,4.831587041112192,4.823291951048729
2609,2587,2622,35,0.6285714285714286,0.6285829901459026,0.37142857142857144,7.8074222899899794,6.689106717334851,0.2771703665835341,4.435767465234564,0.051995892350364566,4.451659335888305,4.443578181141655,0.08690681297622947,0.08202238766697317,0.07850905374413365,0.09054755985317355,4.356671368165426,4.361555793474682,4.365069127397521,4.3530306212884815
2611,2587,2622,35,0.6857142857142857,0.6857239271686174,0.3142857142857143,7.8074222899899794,6.689106717334851,0.2771703665835341,3.645194152141821,0.047609223821014214,3.674487189262188,3.6633792014939717,0.12686214003594437,0.122775097326299,0.11904858970750556,0.13062830030553166,3.5365170614580275,3.540604104167673,3.544330611786466,3.53275090118844
2612,2587,2622,35,0.7142857142857143,0.7142949063502254,0.2857142857142857,7.8074222899899794,6.689106717334851,0.2771703665835341,3.3124934851028436,0.04461357617475358,3.363875525285458,3.3508273160032123,0.15640772645701292,0.15279733213843116,0.14915641799339188,0.16007911963024726,3.1944195895461993,3.198029983864781,3.2016708980098203,3.190748196372965
2613,2587,2622,35,0.7428571428571429,0.7428648641913322,0.2571428571428571,7.8074222899899794,6.689106717334851,0.2771703665835341,3.110738287681427,0.04152125041152546,3.188230321921044,3.1732998529298198,0.139431582421877,0.13638484457135758,0.1330109106376294,0.14285554712803603,3.0338682705079427,3.036915008358462,3.0402889422921904,3.0304443058017836
2614,2587,2622,35,0.7714285714285715,0.7714360476410405,0.22857142857142854,7.8074222899899794,6.689106717334851,0.2771703665835341,2.8027471538193756,0.03792343127744146,2.8558962131824015,2.840028192971172,0.08674795607113794,0.08393481120923586,0.08074221196767016,0.08998631268414317,2.753280236900034,2.756093381761936,2.759285981003502,2.750041880287029
2616,2587,2622,35,0.8285714285714286,0.8285771889318555,0.17142857142857137,7.8074222899899794,6.689106717334851,0.2771703665835341,2.3480056745676072,0.029861054980504745,2.4711616901225586,2.4535553560819428,0.15317431048379296,0.1517734002359162,0.14926573807152682,0.15572784665279374,2.30038104559815,2.3017819558460264,2.304289618010416,2.297827509429149
2617,2587,2622,35,0.8571428571428571,0.8571471467729623,0.1428571428571429,7.8074222899899794,6.689106717334851,0.2771703665835341,2.2347628639745607,0.02584070190973673,2.3322728136612887,2.3139509822516566,0.10597723559272686,0.10477885443728585,0.10262781560623715,0.10818188452688478,2.2079737466589298,2.209172127814371,2.2113231666454194,2.205769097724772
2618,2587,2622,35,0.8857142857142857,0.8857179216864701,0.11428571428571432,7.8074222899899794,6.689106717334851,0.2771703665835341,1.8311192670754055,0.022017467124247857,1.8962305187265858,1.877224189431817,0.06940693478308675,0.06855063796180465,0.06689475898837248,0.07111776862065693,1.80781725464873,1.8086735514700123,1.8103294304434445,1.80610642081116
2619,2587,2622,35,0.9142857142857143,0.9142880837956772,0.08571428571428574,7.8074222899899794,6.689106717334851,0.2771703665835341,1.4628702961893452,0.01752238824064779,1.56524353218801,1.5451727440663556,0.10796209946060081,0.10704287249788327,0.10567670252095122,0.10935063874941231,1.4372106446057549,1.4381298715684723,1.4394960415454043,1.4358221053169433
2621,2587,2622,35,0.9714285714285714,0.971429020818392,0.02857142857142858,7.8074222899899794,6.689106717334851,0.2771703665835341,0.88688772090765,0.007650003425735312,0.9393734320792749,0.9185908993854818,0.039788406533653745,0.03838563103925774,0.03786457471554792,0.04031331476695489,0.878802492851828,0.880205268346224,0.8807263246699338,0.8782775846185269
2623,2622,2646,24,0.041666666666666664,0.041665177188341555,0.041666666666666664,6.280742663126777,7.847568002110082,0.2961989492499136,0.933989454776473,0.001954633579015335,0.8889816785063142,0.9094947180539421,0.04568239517571749,0.046980099048405916,0.04637510251760613,0.04627881453489062,0.8638123228782246,0.8625146190055362,0.863119615536336,0.8632159035190515
2624,2622,2646,24,0.08333333333333333,0.08333214175067324,0.08333333333333333,6.280742663126777,7.847568002110082,0.2961989492499136,1.5780365345506873,0.0035917452471896927,1.580676923360078,1.6032449522618506,0.043072715975712134,0.04467628441709289,0.04402765053829755,0.043748300654607865,1.5601722362861385,1.5585686678447577,1.559217301723553,1.5594966516072428
2626,2622,2646,24,0.16666666666666666,0.16666338981435141,0.16666666666666666,6.280742663126777,7.847568002110082,0.2961989492499136,3.095370637047936,0.00826022148600238,3.0721235408873637,3.0973140649504165,0.039374540931887525,0.04457576189447929,0.04269107255295733,0.0412653982426312,3.057939524018529,3.0527383030559374,3.054622992397459,3.0560486667077855
2627,2622,2646,24,0.20833333333333334,0.20832856700269298,0.20833333333333334,6.280742663126777,7.847568002110082,0.2961989492499136,3.345500406984834,0.009748527957127068,3.274776294065046,3.30108532467238,0.05976023364217495,0.06534771966277245,0.06324967593237137,0.061753354349298226,3.2413250910302054,3.2357376050096076,3.237835648740009,3.239331970323082
2628,2622,2646,24,0.25,0.24999553156502466,0.25,6.280742663126777,7.847568002110082,0.2961989492499136,3.363443239426831,0.010939086892508025,3.2684557703061627,3.2958955088920927,0.09256642598228208,0.09898455152629691,0.09666807806110979,0.09476863314246572,3.2033290829098107,3.196910957365796,3.199227430830983,3.201126875749627
2629,2622,2646,24,0.2916666666666667,0.2916607087533662,0.2916666666666667,6.280742663126777,7.847568002110082,0.2961989492499136,3.2806298318220284,0.01192650990265994,3.199580665782161,3.2280575008418175,0.07793447614880501,0.08526741758944839,0.08274403352403421,0.08035834261305429,3.1501230246930123,3.142790083252369,3.1453134673177834,3.1476991582287632
2631,2622,2646,24,0.375,0.3749922547127094,0.375,6.280742663126777,7.847568002110082,0.2961989492499136,2.9272472530655866,0.012067708882768213,2.833804221587926,2.863615161251991,0.12654957498557656,0.13545978927944172,0.1326045892566671,0.12929042999576884,2.7370655862664144,2.7281553719725493,2.731010571995324,2.734324731256222
2632,2622,2646,24,0.4166666666666667,0.41665802769238103,0.4166666666666667,6.280742663126777,7.847568002110082,0.2961989492499136,2.790364222724855,0.01221483287095658,2.7278226482331487,2.758881219239101,0.0835826507463922,0.09129345384535965,0.0891358261154612,0.08573019707492313,2.6752985684927086,2.667587765393741,2.6697453931236397,2.673151022164178
2633,2622,2646,24,0.4583333333333333,0.4583246943590477,0.4583333333333333,6.280742663126777,7.847568002110082,0.2961989492499136,2.746038242420572,0.012227759581960651,2.727506178213223,2.7598788893268433,0.1365772018883498,0.14647454649676353,0.14360155338110708,0.13957738348336404,2.6233016874384933,2.61340434283008,2.6162773359457363,2.620301505843479
2634,2622,2646,24,0.5,0.49999285050403947,0.5,6.280742663126777,7.847568002110082,0.2961989492499136,2.9015392510968763,0.01069174698209353,2.909884337475646,2.939208300217941,0.16232692601284965,0.1732930714215432,0.17018184098641786,0.16551910187196917,2.7768813742050913,2.765915228796398,2.7690264592315232,2.7736891983459717
2636,2622,2646,24,0.5833333333333334,0.5833270775243679,0.41666666666666663,6.280742663126777,7.847568002110082,0.2961989492499136,2.753636045637207,0.007197422963310871,2.7787159553497043,2.814884068548608,0.15013085032333012,0.14798434420122253,0.14968672473192357,0.14856696098476393,2.6647532182252776,2.6668997243473855,2.6651973438166845,2.666317107563844
2637,2622,2646,24,0.625,0.6249937441910345,0.375,6.280742663126777,7.847568002110082,0.2961989492499136,2.956714587663694,0.005175172463485125,2.998344528153301,3.037373692517905,0.10954296126318588,0.11392974315304676,0.11288064524639527,0.1107688561915612,2.927830731254719,2.923443949364858,2.92449304727151,2.9266048363263435
2638,2622,2646,24,0.6666666666666666,0.6666621982316914,0.33333333333333337,6.280742663126777,7.847568002110082,0.2961989492499136,3.089206159931762,0.0036145374452469436,3.135594249846023,3.1735201567683977,0.11078854770863494,0.11680679249801526,0.11510267111222595,0.11269664249925426,3.062731609059763,3.0567133642703825,3.0584174856561717,3.0608235142691433
2639,2622,2646,24,0.7083333333333334,0.708328567002693,0.29166666666666663,6.280742663126777,7.847568002110082,0.2961989492499136,3.1996309627117134,0.0021635717108216784,3.2385597630277485,3.2765541985331126,0.09471893147991149,0.0982056467896073,0.09796369259814201,0.09513583182932694,3.1818352670532013,3.1783485517435053,3.1785905059349706,3.1814183667037854
2641,2622,2646,24,0.7916666666666666,0.7916627940230214,0.20833333333333337,6.280742663126777,7.847568002110082,0.2961989492499136,2.832240778785363,0.0014241323568400723,2.8127016691643156,2.8499094027957956,0.030004127325270823,0.034595700236353465,0.034518824102989384,0.030256408949596126,2.819905275470525,2.8153137025594424,2.8153905786928064,2.8196529938461996
2642,2622,2646,24,0.8333333333333334,0.8333309501680132,0.16666666666666663,6.280742663126777,7.847568002110082,0.2961989492499136,2.3549399034089094,0.003315113494177105,2.3262278281806714,2.3645066356044455,0.0323254689023679,0.03316260888675418,0.034563384117433205,0.030931757600201767,2.3321811667020778,2.3313440267176913,2.329943251487012,2.3335748780042436
2643,2622,2646,24,0.875,0.8749976168346798,0.125,6.280742663126777,7.847568002110082,0.2961989492499136,1.9186691343571798,0.004466779325230958,1.8834295686079396,1.9236825045790893,0.022064514423662713,0.023201869830723205,0.02425529986067048,0.02100777458326491,1.9016179901554267,1.900480634748366,1.8994272047184189,1.9026747299958244
2644,2622,2646,24,0.9166666666666666,0.9166654750840065,0.08333333333333337,6.280742663126777,7.847568002110082,0.2961989492499136,1.3127716699547929,0.004062355291835476,1.2472942141760175,1.2884855932611612,0.027453075063804348,0.027006628525665367,0.0270896727162909,0.027349217174725684,1.2610325181973567,1.2614789647354958,1.2613959205448704,1.2611363760864356
2647,2646,2669,23,0.043478260869565216,0.04347786893475646,0.043478260869565216,6.980378660691746,9.100862668451962,0.11008076176685185,0.46295918398530267,0.005195574557804891,0.5133958006846159,0.5044354780720152,0.04931946879326384,0.04955129335914558,0.04943595700924992,0.04943836429573219,0.45511600927875134,0.45488418471286957,0.45499952106276526,0.454997113776283
2648,2646,2669,23,0.08695652173913043,0.0869566704040579,0.08695652173913043,6.980378660691746,9.100862668451962,0.11008076176685185,0.9813501536833769,0.010409237886417507,1.009241698435599,0.9995058970915026,0.02156082949334176,0.02163375422610425,0.02162764058217035,0.02156906873104288,0.9779450675981609,0.9778721428653984,0.9778782565093322,0.9779368283604597
2649,2646,2669,23,0.13043478260869565,0.13043453933881435,0.13043478260869565,6.980378660691746,9.100862668451962,0.11008076176685185,1.3209128634227707,0.0136470646386859,1.3573979385396382,1.3469486120457064,0.027645036368157034,0.02785369086958265,0.027773438053190377,0.02772778682544777,1.3193035756775493,1.3190949211761238,1.319175173992516,1.3192208252202586
2651,2646,2669,23,0.21739130434782608,0.21739152058772057,0.21739130434782608,6.980378660691746,9.100862668451962,0.11008076176685185,1.783520387408654,0.01854769173078006,1.8186438961747082,1.8076881775774705,0.05409703189122528,0.05455291036220399,0.054289180762156414,0.0543833592501529,1.7535911456862452,1.7531352672152665,1.753398996815314,1.7533048183273177
2652,2646,2669,23,0.2608695652173913,0.26087063290187035,0.2608695652173913,6.980378660691746,9.100862668451962,0.11008076176685185,1.9338459378334174,0.020395329834829813,1.9481004519140628,1.9369419833323462,0.03144059343911289,0.03142974365972521,0.03162787931535663,0.03126542427035203,1.9055013898932334,1.905512239672621,1.9053141040169896,1.9056765590619942
2653,2646,2669,23,0.30434782608695654,0.30434850183662676,0.30434782608695654,6.980378660691746,9.100862668451962,0.11008076176685185,1.8924827138485243,0.021258219603996653,1.8792781112511812,1.8684270671170546,0.055615464524233,0.05513008329054496,0.05575091788467256,0.05499439705264938,1.8128116025928216,1.8132969838265096,1.8126761492323822,1.8134326700644052
2654,2646,2669,23,0.34782608695652173,0.3478276141507765,0.34782608695652173,6.980378660691746,9.100862668451962,0.11008076176685185,1.8208260107909084,0.021967384501025786,1.826223191673414,1.8158473966282205,0.026302722955158907,0.02593684893778814,0.026438721904812838,0.025813070267580226,1.7895446736730616,1.7899105476904322,1.7894086747234077,1.7900343263606402
2656,2646,2669,23,0.43478260869565216,0.4347842845548344,0.43478260869565216,6.980378660691746,9.100862668451962,0.11008076176685185,1.8657299721374534,0.023066493040371665,1.8801914075110902,1.869623253230334,0.012359575059804496,0.012562794603055209,0.01202434946274942,0.012918214985650442,1.8572636781705296,1.8570604586272788,1.8575989037675846,1.8567050382446837
2657,2646,2669,23,0.4782608695652174,0.4782621534895909,0.4782608695652174,6.980378660691746,9.100862668451962,0.11008076176685185,1.9257727786980599,0.023384274812273922,1.9502704462141742,1.9387155946344639,0.04112303378787808,0.041265205894267076,0.04051632807570429,0.041885050078781676,1.8975925608465858,1.8974503887401968,1.8981992665587595,1.8968305445556821
2658,2646,2669,23,0.5217391304347826,0.5217412658037407,0.4782608695652174,6.980378660691746,9.100862668451962,0.11008076176685185,2.0154564559170507,0.023414404744163838,2.0451181307091217,2.0322918213030805,0.05174681052925971,0.05177447952446506,0.050982813700042304,0.052544267460231185,1.9805450107738207,1.9805173417786155,1.9813090076030382,1.9797475538428493
2659,2646,2669,23,0.5652173913043478,0.565219134738497,0.4347826086956522,6.980378660691746,9.100862668451962,0.11008076176685185,2.0344514160926495,0.023457736853867147,2.0555959039028506,2.0416913577197953,0.039020807240090605,0.03886874637907056,0.03834475729189104,0.039548820219590976,2.0026705504797047,2.002822611340725,2.0033466004279044,2.0021425375002044
2661,2646,2669,23,0.6521739130434783,0.652175805142555,0.34782608695652173,6.980378660691746,9.100862668451962,0.11008076176685185,1.7328745082388073,0.020621897594996684,1.7330065229312548,1.7175763387582,0.037888800269436855,0.03758782581259392,0.036954177039418244,0.038516393793702634,1.679687538488763,1.679988512945606,1.6806221617187818,1.6790599449644974
2662,2646,2669,23,0.6956521739130435,0.6956549174567047,0.30434782608695654,6.980378660691746,9.100862668451962,0.11008076176685185,1.451751091334944,0.019114895470220977,1.4330357463434533,1.4170074553272922,0.03515951466578933,0.03477470839619329,0.034704246439918714,0.03522732035553811,1.381847940661503,1.3822327469310989,1.3823032088873735,1.381780134971754
2663,2646,2669,23,0.7391304347826086,0.7391324755466129,0.26086956521739135,6.980378660691746,9.100862668451962,0.11008076176685185,1.102444356182924,0.01751228844553515,1.1014526952894046,1.0846120028306139,0.03815007932885657,0.037960602667230996,0.03749221997203355,0.03860522767492965,1.0464619235017574,1.0466514001633829,1.0471197828585803,1.0460067751556843
2664,2646,2669,23,0.782608695652174,0.782610966171066,0.21739130434782605,6.980378660691746,9.100862668451962,0.11008076176685185,0.7948097677564618,0.015875638402607743,0.8028936417073884,0.7849576001515788,0.0380590960068273,0.03794192196856602,0.037555625934162055,0.038428221199709366,0.7468985041447515,0.7470156781830127,0.7474019742174167,0.7465293789518694
2666,2646,2669,23,0.8695652173913043,0.8695670148854272,0.13043478260869568,6.980378660691746,9.100862668451962,0.11008076176685185,0.5304857315760163,0.012027982760481296,0.5673853461491247,0.547997325411789,0.031029199847785335,0.031199418977693762,0.03090052558149347,0.03131855069930526,0.5169681255640037,0.5167979064340953,0.5170967998302956,0.5166787747124838
2667,2646,2669,23,0.9130434782608695,0.9130442621304871,0.08695652173913049,6.980378660691746,9.100862668451962,0.11008076176685185,0.3665764214270936,0.009074577461708918,0.3957256092554226,0.37664018186553777,0.02023256286045645,0.020560419010283743,0.020311013597821594,0.020480881615626525,0.35640761900508133,0.356079762855254,0.35632916826771616,0.35615930024991127
2668,2646,2669,23,0.9565217391304348,0.9565227527549401,0.04347826086956519,6.980378660691746,9.100862668451962,0.11008076176685185,0.23201332335456712,0.005477066042776928,0.26639280652220726,0.24627247709775169,0.026531672036575263,0.026756559260686055,0.02662213545376325,0.02666821030893575,0.21974080506117644,0.21951591783706564,0.21965034164398844,0.21960426678881595
2671,2669,2719,50,0.04,0.039999571034842696,0.04,6.789530698413943,4.0719311320005,0.3760079224025698,0.48928950423881046,0.007101028155573335,0.4893450864906345,0.48947838700875584,0.005066760545168774,0.005827228491091439,0.005410149982267143,0.005396356823370188,0.4844116264635871,0.4836511585176644,0.4840682370264887,0.48408203018538565
2672,2669,2719,50,0.06,0.05999978551742135,0.06,6.789530698413943,4.0719311320005,0.3760079224025698,0.7839283982899411,0.009870084330753004,0.7931742096998575,0.7932449234488638,0.021637748694905687,0.02284005925832467,0.02231938349314391,0.02214981173004837,0.7716071747539581,0.7704048641905391,0.7709255399557199,0.7710951117188154
2673,2669,2719,50,0.08,0.07999928505807116,0.08,6.789530698413943,4.0719311320005,0.3760079224025698,0.9790129660793058,0.012912036946410724,0.9682740416967407,0.9682441392256897,0.020912402879526778,0.020590982309226964,0.020824547643315903,0.020613759794555802,0.947331736346163,0.9476531569164628,0.9474195915823739,0.9476303794311339
2674,2669,2719,50,0.1,0.09999935655226404,0.1,6.789530698413943,4.0719311320005,0.3760079224025698,1.1606610358506841,0.015555329730035072,1.1782771130881804,1.1781908385055375,0.0415773027617998,0.04351023464615884,0.042904184195240606,0.04223268127284947,1.1366135357437377,1.1346806038593786,1.1352866543102968,1.135958157232688
2676,2669,2719,50,0.14,0.13999892758710675,0.14,6.789530698413943,4.0719311320005,0.3760079224025698,1.2118840364512549,0.020540548060927873,1.206966935745896,1.207005515858197,0.07479704676076371,0.07463476635645169,0.07484344396457769,0.07449699826017646,1.1322084690974332,1.1323707495017452,1.1321620718936192,1.1325085175980205
2677,2669,2719,50,0.16,0.15999842712775655,0.16,6.789530698413943,4.0719311320005,0.3760079224025698,1.364657817370367,0.020869645168274255,1.4107718570945842,1.4107549992892514,0.10705312865431005,0.1087071927759647,0.10844907284514982,0.10732055865914507,1.3037018706349413,1.3020478065132868,1.3023059264441015,1.3034344406301064
2678,2669,2719,50,0.18,0.17999849862194944,0.18,6.789530698413943,4.0719311320005,0.3760079224025698,1.6160428196940875,0.021611467458643195,1.6447878978719361,1.6448159458383065,0.07154692735020822,0.0710983148383145,0.07152196667478575,0.07102624004114474,1.5732690184880982,1.573717630999992,1.5732939791635208,1.5737897057971617
2679,2669,2719,50,0.2,0.19999799816259925,0.2,6.789530698413943,4.0719311320005,0.3760079224025698,1.6138116866619243,0.022245419163708036,1.6213437776985624,1.6213816786922401,0.07001889601607819,0.06708209531388673,0.06834181953779567,0.06863645527827177,1.551362782676162,1.5542995833783535,1.5530398591544445,1.5527452234139685
2681,2669,2719,50,0.24,0.23999756919744195,0.24,6.789530698413943,4.0719311320005,0.3760079224025698,1.583018359117305,0.02365315070149224,1.5942706247633358,1.594289952411032,0.0479668640256061,0.05261184577450921,0.05076427572100105,0.049856395450962536,1.546323088385426,1.5416781066365228,1.5435256766900312,1.5444335569600696
2682,2669,2719,50,0.26,0.25999764069163483,0.26,6.789530698413943,4.0719311320005,0.3760079224025698,1.6253057674883127,0.02421894464370805,1.6471696829493632,1.647171640940589,0.03530397634577904,0.0391635989048548,0.03798922469826449,0.03645194024047502,1.61186766459481,1.608008042035734,1.6091824162423245,1.610719700700114
2683,2669,2719,50,0.28,0.27999699724389887,0.28,6.789530698413943,4.0719311320005,0.3760079224025698,1.6596786370803585,0.02495872414361024,1.6656845844814456,1.665651012907571,0.02245934008267638,0.026381740129470206,0.025448632888739706,0.0233869939842023,1.6431916728248945,1.6392692727781009,1.6402023800188312,1.6422640189233686
2684,2669,2719,50,0.3,0.29999706873809173,0.3,6.789530698413943,4.0719311320005,0.3760079224025698,1.5394870079834915,0.024862452318950783,1.5312353653360842,1.5312620618262627,0.04940352131770761,0.049825987794464684,0.050642662811228145,0.048580475492621546,1.4818585405085551,1.481436074031798,1.4806193990150345,1.482681586333641
2686,2669,2719,50,0.34,0.33999663977293443,0.34,6.789530698413943,4.0719311320005,0.3760079224025698,1.579082359433165,0.024349061867897488,1.6040375208360236,1.604074720723807,0.05419962809978707,0.056358339084473845,0.056259776113634634,0.054398670009754575,1.5498750926240201,1.5477163816393333,1.5478149446101725,1.5496760507140526
2687,2669,2719,50,0.36,0.35999613931358426,0.36,6.789530698413943,4.0719311320005,0.3760079224025698,1.431619691388092,0.024134556037163836,1.4289337632977004,1.4289255079706056,0.01944225856449884,0.017478087484397616,0.019576840021599345,0.017221394571107253,1.4094832494061067,1.411447420486208,1.4093486679490062,1.4117041133994983
2688,2669,2719,50,0.38,0.3799960678193914,0.38,6.789530698413943,4.0719311320005,0.3760079224025698,1.1983351445985646,0.023000040782469994,1.1931232299856052,1.1931184641204993,0.01957332065665375,0.016759313164143065,0.019386053501631254,0.016839321368975306,1.1735451434638455,1.1763591509563562,1.173732410618868,1.176279142751524
2689,2669,2719,50,0.4,0.39999556736004116,0.4,6.789530698413943,4.0719311320005,0.3760079224025698,1.0073246407976946,0.022478451915968287,1.0025465643577995,1.0025323649608355,0.03287919367519244,0.02929448046742923,0.03210468334903631,0.030021702607101908,0.9696531712856431,0.9732378844934063,0.9704276816117993,0.9725106623537336
2691,2669,2719,50,0.44,0.43999513839488386,0.44,6.789530698413943,4.0719311320005,0.3760079224025698,0.8654148004070368,0.019764595724383906,0.8750600900813718,0.8751021700794506,0.03270367232638025,0.032238301886402726,0.03321212820837614,0.03170480253035936,0.8423984977530703,0.8428638681930478,0.8418900418710744,0.8433973675490912
2692,2669,2719,50,0.46,0.45999492391230523,0.46,6.789530698413943,4.0719311320005,0.3760079224025698,0.6845364831700917,0.01889290769833909,0.6769086807774283,0.6769089640591698,0.04078452290853989,0.03747508534197021,0.039945387876434986,0.038331992024150656,0.6361244411506299,0.6394338787171996,0.6369635761827348,0.6385769720350192
2693,2669,2719,50,0.48,0.47999470942972655,0.48,6.789530698413943,4.0719311320005,0.3760079224025698,0.520849170377082,0.017557407157444666,0.580784087907251,0.5807263763311629,0.07995529483369553,0.08139248939500648,0.08086549919950865,0.08058482666811116,0.5007710814974673,0.4993338869361564,0.4998608771316542,0.5001415496630517
2694,2669,2719,50,0.5,0.49999520988907675,0.5,6.789530698413943,4.0719311320005,0.3760079224025698,0.7929268196382354,0.017258215817310858,0.8909792672786564,0.8910113842927717,0.10140944148364392,0.10286518352765793,0.10241071771167327,0.10201616028116038,0.7896019428091278,0.7881462007651138,0.7886006665810984,0.7889952240116114
2696,2669,2719,50,0.54,0.5399956388542341,0.45999999999999996,6.789530698413943,4.0719311320005,0.3760079224025698,1.4687925013899836,0.017203989377631953,1.5593688968456048,1.559351799042125,0.09135311180683484,0.09156464304972114,0.09175350875138541,0.09133949910966324,1.4679986872352901,1.4677871559924038,1.4675982902907396,1.4680122999324619
2697,2669,2719,50,0.56,0.5599955673600412,0.43999999999999995,6.789530698413943,4.0719311320005,0.3760079224025698,1.813812666610756,0.01756574360883427,1.9281543923019462,1.9281350517510703,0.1153306330665461,0.11563409533828634,0.11556570430448251,0.1156092570294589,1.8128044186845242,1.8125009564127839,1.8125693474465878,1.8125257947216113
2698,2669,2719,50,0.58,0.5799959248310056,0.42000000000000004,6.789530698413943,4.0719311320005,0.3760079224025698,2.235852683572705,0.017708723916975207,2.3495771449056546,2.3496030487309163,0.12381097901524453,0.1243396147007994,0.12381006059437494,0.12460449108923824,2.2257920697156717,2.2252634340301167,2.2257929881365413,2.224998557641678
2699,2669,2719,50,0.6,0.5999959963251985,0.4,6.789530698413943,4.0719311320005,0.3760079224025698,2.5352935659939027,0.01830258068291178,2.64071140818908,2.640706049858085,0.11475244662259551,0.11503941644282521,0.11455696304545075,0.11552830573474043,2.5259536032354895,2.52566663341526,2.526149086812634,2.5251777441233445
2701,2669,2719,50,0.64,0.6399961393135842,0.36,6.789530698413943,4.0719311320005,0.3760079224025698,2.8264656454077364,0.01853605637712071,2.9193775686920844,2.9193741159687407,0.10096250636312895,0.10046241795287669,0.10072982826963853,0.10104022794353132,2.818411609605612,2.818911698015864,2.8186442876991022,2.8183338880252093
2702,2669,2719,50,0.66,0.6599967827613202,0.33999999999999997,6.789530698413943,4.0719311320005,0.3760079224025698,2.8727171028540623,0.018925913913152827,2.9703755479446396,2.9703696873221292,0.1059529605691307,0.10522071537133014,0.10514913458933635,0.10636621814884321,2.8644167267529985,2.865148971950799,2.8652205527327927,2.864003469173286
2703,2669,2719,50,0.68,0.6799967112671274,0.31999999999999995,6.789530698413943,4.0719311320005,0.3760079224025698,3.008137115345016,0.018994069343688254,3.1152332009540875,3.1152306686874787,0.11457439624300315,0.11362966571993742,0.1138812635601649,0.11467219387440232,3.0006562724444756,3.0016010029675413,3.0013494051273137,3.0005584748130762
2704,2669,2719,50,0.7,0.6999972117264776,0.30000000000000004,6.789530698413943,4.0719311320005,0.3760079224025698,3.1488547348902465,0.019481445421212395,3.260871507385438,3.260880516891633,0.12507421620440043,0.12337262844752576,0.12274008358277996,0.12601840462783803,3.1358063006872325,3.137507888444107,3.1381404333088527,3.1348621122637947
2706,2669,2719,50,0.74,0.7399974977032491,0.26,6.789530698413943,4.0719311320005,0.3760079224025698,2.9903459767447687,0.01716865392940292,3.071087791018779,3.071087277416349,0.08760965652834264,0.08631697932078947,0.08653400849643586,0.08777930240262484,2.983477620888006,2.9847702980955595,2.984553268919913,2.983307975013724
2707,2669,2719,50,0.76,0.759997569197442,0.24,6.789530698413943,4.0719311320005,0.3760079224025698,2.7997136056076366,0.015638771488125175,2.892087872322349,2.892063324864745,0.09938265048471871,0.09816270358101667,0.09829898084320235,0.09957505414421085,2.7926806743800263,2.7939006212837283,2.7937643440215427,2.7924882707205345
2708,2669,2719,50,0.78,0.7799979266684064,0.21999999999999997,6.789530698413943,4.0719311320005,0.3760079224025698,2.648045304957722,0.014222742984506863,2.741432253417094,2.741429743404994,0.10234231877068262,0.1004256795278881,0.10000897372943411,0.1030183900792387,2.6390874246343117,2.641004063877106,2.64142076967556,2.6384113533257554
2709,2669,2719,50,0.8,0.7999978551742135,0.19999999999999996,6.789530698413943,4.0719311320005,0.3760079224025698,2.5960712550099725,0.012337673036228928,2.6146140893466536,2.6146092618153376,0.021470125136803728,0.0220136442674446,0.02323725158080515,0.02087619750785596,2.5931391366785337,2.592595617547893,2.5913720102345326,2.593733064307482
2711,2669,2719,50,0.84,0.8399982841393708,0.16000000000000003,6.789530698413943,4.0719311320005,0.3760079224025698,1.6823563078756791,0.008406389315466983,1.7174730459279894,1.7174144452380908,0.048057769099887494,0.047297783811444276,0.04715722880842692,0.048381666672234196,1.6693566761382033,1.6701166614266465,1.6702572164296638,1.6690327785658567
2712,2669,2719,50,0.86,0.8599987845987209,0.14,6.789530698413943,4.0719311320005,0.3760079224025698,1.164627559513674,0.007032508781381005,1.1774634763582972,1.1774739724381538,0.05064492344621199,0.04822576711824736,0.04835050924926886,0.05059655367255547,1.1268290489919417,1.1292482053199064,1.129123463188885,1.1268774187655983
2713,2669,2719,50,0.88,0.879998713104528,0.12,6.789530698413943,4.0719311320005,0.3760079224025698,1.0707204113338074,0.006525701658754811,1.140572414430101,1.1406293477005467,0.11307155708799602,0.11160943929274432,0.11160518330024238,0.1131682704703025,1.0275577906125506,1.0290199084078024,1.0290241644003042,1.0274610772302442
2714,2669,2719,50,0.9,0.8999992135638782,0.09999999999999998,6.789530698413943,4.0719311320005,0.3760079224025698,1.1107022285370476,0.007673346297825892,1.1930386818843277,1.1930090544294985,0.1194019257686398,0.11779575330367494,0.11754569052107076,0.11974271077763049,1.0736071286608586,1.0752133011258236,1.0754633639084277,1.073266343651868
2716,2669,2719,50,0.94,0.9399996425290356,0.06000000000000005,6.789530698413943,4.0719311320005,0.3760079224025698,1.162104136614605,0.008901974292943374,1.246595219216692,1.246579482320496,0.08930714221895097,0.09035016738977523,0.0906101417039295,0.08912668950724963,1.157272340101545,1.1562293149307208,1.1559693406165665,1.1574527928132465
2717,2669,2719,50,0.96,0.9599995710348427,0.040000000000000036,6.789530698413943,4.0719311320005,0.3760079224025698,0.983828490878345,0.0060766237512207355,0.975333996355515,0.975335067107844,0.01939956166479014,0.02291002510869142,0.023322480051195138,0.019049450259247463,0.9559355054430538,0.9524250419991526,0.9520125870566489,0.9562856168485966
2718,2669,2719,50,0.98,0.9800000714941929,0.020000000000000018,6.789530698413943,4.0719311320005,0.3760079224025698,0.4885531701947992,0.0029923400165372265,0.503544600804777,0.5034757544560676,0.07884972397751232,0.07680925726501024,0.07658704597229155,0.07907924880291983,0.4246260304785553,0.42666649719105737,0.4268887084837761,0.4243965056531478
