scenario,kappa,algorithm,sampler,admission,beta,seeds,steps_mean,steps_q05,steps_p95,steps_worst,batch_size_mean,batch_size_q05,batch_size_p95,batch_size_worst,initial_views_mean,initial_views_q05,initial_views_p95,initial_views_worst,final_views_mean,final_views_q05,final_views_p95,final_views_worst,target_final_views_mean,target_final_views_q05,target_final_views_p95,target_final_views_worst,mean_count_mean,mean_count_q05,mean_count_p95,mean_count_worst,count_std_mean,count_std_q05,count_std_p95,count_std_worst,count_min_mean,count_min_q05,count_min_p95,count_min_worst,count_max_mean,count_max_q05,count_max_p95,count_max_worst,jain_index_mean,jain_index_q05,jain_index_p95,jain_index_worst,oracle_jain_index_mean,oracle_jain_index_q05,oracle_jain_index_p95,oracle_jain_index_worst,jain_regret_mean,jain_regret_q05,jain_regret_p95,jain_regret_worst,fairness_rmse_updates_mean,fairness_rmse_updates_q05,fairness_rmse_updates_p95,fairness_rmse_updates_worst,fairness_nrmse_mean,fairness_nrmse_q05,fairness_nrmse_p95,fairness_nrmse_worst,cohort_mid_first_ratio_mean,cohort_mid_first_ratio_q05,cohort_mid_first_ratio_p95,cohort_mid_first_ratio_worst,admission_tracking_rmse_mean,admission_tracking_rmse_q05,admission_tracking_rmse_p95,admission_tracking_rmse_worst,admission_tracking_nrmse_mean,admission_tracking_nrmse_q05,admission_tracking_nrmse_p95,admission_tracking_nrmse_worst,admission_max_lag_mean,admission_max_lag_q05,admission_max_lag_p95,admission_max_lag_worst,admission_max_overshoot_mean,admission_max_overshoot_q05,admission_max_overshoot_p95,admission_max_overshoot_worst,admission_rate_ratio_mean,admission_rate_ratio_q05,admission_rate_ratio_p95,admission_rate_ratio_worst,admission_pool_rate_cv_mean,admission_pool_rate_cv_q05,admission_pool_rate_cv_p95,admission_pool_rate_cv_worst,budget_violation_mean,budget_violation_q05,budget_violation_p95,budget_violation_worst,entropy_ratio_mean,entropy_ratio_q05,entropy_ratio_p95,entropy_ratio_worst,shuffle_kl_norm_mean,shuffle_kl_norm_q05,shuffle_kl_norm_p95,shuffle_kl_norm_worst,duplicate_rate_mean,duplicate_rate_q05,duplicate_rate_p95,duplicate_rate_worst,temporal_w1_mean,temporal_w1_q05,temporal_w1_p95,temporal_w1_worst,cohort_entropy_mean,cohort_entropy_q05,cohort_entropy_p95,cohort_entropy_worst,gradient_ratio_iid_mean,gradient_ratio_iid_q05,gradient_ratio_iid_p95,gradient_ratio_iid_worst,gradient_ratio_smooth_order_mean,gradient_ratio_smooth_order_q05,gradient_ratio_smooth_order_p95,gradient_ratio_smooth_order_worst,gradient_ratio_abrupt_regime_mean,gradient_ratio_abrupt_regime_q05,gradient_ratio_abrupt_regime_p95,gradient_ratio_abrupt_regime_worst,gradient_ratio_mean_mean,gradient_ratio_mean_q05,gradient_ratio_mean_p95,gradient_ratio_mean_worst,gradient_ratio_worst_mean,gradient_ratio_worst_q05,gradient_ratio_worst_p95,gradient_ratio_worst_worst,temporal_w1_to_uniform,temporal_w1_to_uniform_p95,cohort_entropy_to_uniform
base_stream,784,ercb_beta_0,softmax,token,0.0,32,12000.0,12000.0,12000.0,12000.0,32.0,32.0,32.0,32.0,32.0,32.0,32.0,32.0,47.0,47.0,47.0,47.0,47.0,47.0,47.0,47.0,255.31914893617022,255.31914893617022,255.31914893617022,255.31914893617022,94.26128736603874,93.38071063019609,94.94126295249282,95.19545545718672,4.71875,3.0,7.0,7.0,324.21875,320.55,329.35,333.0,0.8800466946470455,0.878522358013044,0.8820157220136804,0.8825477397958512,0.9127581685771033,0.9127581685771033,0.9127581685771033,0.9127581685771033,0.03271147393005788,0.030742446563422933,0.03423581056405935,0.03480759007351841,26.5515438863725,25.221199613405016,27.45730175262126,28.811197586753988,0.10399354688829227,0.09878303181916964,0.10754109853109992,0.11284385721478644,1.0032526763961411,0.9807995256916996,1.0327503677421441,1.0379951495553759,0.0,0.0,0.0,0.0,0.0,0.0,0.0,0.0,0.0,-0.0,0.0,-0.0,0.0,0.0,0.0,0.0,1.0,1.0,1.0,1.0,0.11673095170843167,0.11673095170843167,0.11673095170843167,0.11673095170843167,0.0,0.0,0.0,0.0,1.0,1.0,1.0,1.0,0.0,0.0,0.0,0.0,0.0,0.0,0.0,0.0,0.021795279534437856,0.020759940271441738,0.02273461157166455,0.022940631960840084,0.9884094990307198,0.9877445482621894,0.98888638872045,0.9889369989152451,0.9948469736117641,0.9478972354823176,1.0462113311313308,1.0539383622934957,1.0023193960200107,0.920920531921092,1.099751567216049,1.1586122427903824,1.018180249798345,0.9048761848451844,1.1509773979868088,1.278612751043119,1.0051155398100398,0.9400865600877217,1.0847720463890675,1.126347138338044,1.0425008861878458,0.966142075019444,1.1509773979868088,1.278612751043119,1.0,1.0430979577822113,1.0
base_stream,784,ercb_beta_0p0035,softmax,token,0.0035,32,12000.0,12000.0,12000.0,12000.0,32.0,32.0,32.0,32.0,32.0,32.0,32.0,32.0,47.0,47.0,47.0,47.0,47.0,47.0,47.0,47.0,255.31914893617022,255.31914893617022,255.31914893617022,255.31914893617022,85.47730816076722,84.72053043542932,86.0732233720229,86.26138071889999,6.6875,6.0,7.0,7.0,315.875,311.55,319.45,322.0,0.8992131004569992,0.8979482020622962,0.900814948897205,0.9012202409409811,0.9127581685771033,0.9127581685771033,0.9127581685771033,0.9127581685771033,0.013545068120104201,0.011943219679898314,0.014809966514807187,0.015210862442553208,16.310207288792697,15.215872530677064,17.756013470001154,18.216195739891536,0.06388164521443805,0.05959550074515183,0.06954438609083785,0.07134676664790851,0.9968213558599093,0.9728471303966273,1.0273375935162095,1.0430379746835443,0.0,0.0,0.0,0.0,0.0,0.0,0.0,0.0,0.0,-0.0,0.0,-0.0,0.0,0.0,0.0,0.0,1.0,1.0,1.0,1.0,0.11673095170843167,0.11673095170843167,0.11673095170843167,0.11673095170843167,0.0,0.0,0.0,0.0,0.9955396655154448,0.9949007305653873,0.9961010576514162,0.9962595322823938,0.004460334484555213,0.0038989423485837967,0.005099269434612734,0.005263227843042298,0.0,0.0,0.0,0.0,0.02373548166985076,0.02290520925319145,0.02439870841577144,0.024662217343421403,0.988231808292019,0.9876146957544265,0.9888070505635276,0.9890009923186853,1.0056043105498882,0.9705915361169788,1.035565045721585,1.0460138411341293,1.2968081930435096,1.2057175345410156,1.4014481916252128,1.5122009378813697,1.228257255112715,1.073185938305474,1.3966677104325902,1.5765858347526724,1.1768899195687044,1.0904229546699242,1.2645145576709353,1.3782668712560568,1.3013061638955095,1.2057175345410156,1.4293116662773355,1.5765858347526724,1.0890193737752834,1.1194492081287606,0.9998202255857768
base_stream,784,ercb_beta_0p004,softmax,token,0.004,32,12000.0,12000.0,12000.0,12000.0,32.0,32.0,32.0,32.0,32.0,32.0,32.0,32.0,47.0,47.0,47.0,47.0,47.0,47.0,47.0,47.0,255.31914893617022,255.31914893617022,255.31914893617022,255.31914893617022,84.66649915511599,83.99018688649332,85.31963564037792,85.7061050440917,6.75,6.0,7.0,7.0,315.75,311.55,319.45,321.0,0.9009273841175154,0.8995486285280044,0.9023513537584722,0.902550313858111,0.9127581685771033,0.9127581685771033,0.9127581685771033,0.9127581685771033,0.011830784459587927,0.010406814818631182,0.013209540049098944,0.014029252117763291,15.602055787497399,14.765039933394986,16.901501730698012,17.055603683871077,0.0611080518343648,0.05782973973913036,0.06619754844523389,0.06680111442849505,0.9995676503825084,0.9800405573585494,1.0235540656418158,1.030252100840336,0.0,0.0,0.0,0.0,0.0,0.0,0.0,0.0,0.0,-0.0,0.0,-0.0,0.0,0.0,0.0,0.0,1.0,1.0,1.0,1.0,0.11673095170843167,0.11673095170843167,0.11673095170843167,0.11673095170843167,0.0,0.0,0.0,0.0,0.9942710384466282,0.9933378012081101,0.9950013097159556,0.995311681592581,0.005728961553371849,0.004998690284044441,0.006662198791889922,0.006783019490430601,0.0,0.0,0.0,0.0,0.024218210136663792,0.023386513285093925,0.024817639894097458,0.025094838548343882,0.9881475279722944,0.9875935713103424,0.9886806928226936,0.988905957387221,1.0038472202373596,0.9612462030066322,1.036394763988838,1.0481083752913456,1.371428100769069,1.2558849420494131,1.483270902208601,1.5503559926618862,1.2800434945881611,1.1257238913503478,1.392022013211104,1.5449069988444613,1.2184396051981965,1.1385952612261818,1.2868772935183892,1.3540083621557804,1.372790803129922,1.2628346968573374,1.483270902208601,1.5503559926618862,1.1111676773127668,1.138670410484256,0.9997349569599622
base_stream,784,ercb_beta_0p0045,softmax,token,0.0045,32,12000.0,12000.0,12000.0,12000.0,32.0,32.0,32.0,32.0,32.0,32.0,32.0,32.0,47.0,47.0,47.0,47.0,47.0,47.0,47.0,47.0,255.31914893617022,255.31914893617022,255.31914893617022,255.31914893617022,83.76209163112009,83.1924627234359,84.25200860751195,84.45144806411997,6.84375,6.0,7.0,7.0,313.96875,309.0,321.0,322.0,0.9028287941655528,0.9018014873860761,0.9040202583706388,0.9046144950777978,0.9127581685771033,0.9127581685771033,0.9127581685771033,0.9127581685771033,0.009929374411550566,0.00873791020646451,0.010956681191027223,0.01137619226557196,14.324798494454667,13.403717111417079,15.42182243674685,15.7642201931422,0.056105460769947435,0.05249789201971689,0.0604021378772585,0.06174319575647362,1.0042902888334146,0.9814380096931417,1.0249555462653288,1.0259849119865885,0.0,0.0,0.0,0.0,0.0,0.0,0.0,0.0,0.0,-0.0,0.0,-0.0,0.0,0.0,0.0,0.0,1.0,1.0,1.0,1.0,0.11673095170843167,0.11673095170843167,0.11673095170843167,0.11673095170843167,0.0,0.0,0.0,0.0,0.9928972127499656,0.9921837232380103,0.993592423259058,0.993984067556477,0.0071027872500344525,0.006407576740941901,0.007816276761989706,0.007952902758874874,0.0,0.0,0.0,0.0,0.024652076562653252,0.02401776643810566,0.02526387265368583,0.02562240699600705,0.9881138382839089,0.9874934879773661,0.9887394996629824,0.9887785314114494,1.006580159391906,0.9507332099019838,1.0519548011845348,1.0836344754907317,1.449403605975233,1.3348041107454136,1.5619471802898601,1.6137325391154833,1.3241058118541467,1.19275273298003,1.4297564892257906,1.4526619641238587,1.2600298590737617,1.1860053629533014,1.3311109027120216,1.3441664990179198,1.449403605975233,1.3348041107454136,1.5619471802898601,1.6137325391154833,1.1310741173886523,1.1591442364282316,0.9997008722122754
base_stream,784,ercb_beta_0p005,softmax,token,0.005,32,12000.0,12000.0,12000.0,12000.0,32.0,32.0,32.0,32.0,32.0,32.0,32.0,32.0,47.0,47.0,47.0,47.0,47.0,47.0,47.0,47.0,255.31914893617022,255.31914893617022,255.31914893617022,255.31914893617022,83.18757501997054,82.57712148366264,83.82173550057924,84.1116548665051,6.9375,6.55,7.0,7.0,313.5,310.0,317.45,320.0,0.9040294972677618,0.902704594814385,0.9053009376359029,0.9057446400925551,0.9127581685771033,0.9127581685771033,0.9127581685771033,0.9127581685771033,0.008728671309341466,0.007457230941200432,0.010053573762718348,0.010661741585596407,13.593266053058244,12.532870675389432,14.697264657729658,14.83669975346499,0.05324029204114479,0.049087076811941945,0.05756428657610783,0.05811040736773787,0.997266575460904,0.9777877877877877,1.016190476190476,1.019134775374376,0.0,0.0,0.0,0.0,0.0,0.0,0.0,0.0,0.0,-0.0,0.0,-0.0,0.0,0.0,0.0,0.0,1.0,1.0,1.0,1.0,0.11673095170843167,0.11673095170843167,0.11673095170843167,0.11673095170843167,0.0,0.0,0.0,0.0,0.9915191211280655,0.9906024882284196,0.9923940970923302,0.9929795114849594,0.008480878871934515,0.007605902907669794,0.009397511771580443,0.010234253965655842,0.0,0.0,0.0,0.0,0.024930046447600496,0.024071858373388353,0.025812267044325793,0.026018843473923452,0.988056265397547,0.9874493669574046,0.9886290892506941,0.9887252086597267,1.0018759497054792,0.9560193213553627,1.0450313530651796,1.0595110833283967,1.4923754383725567,1.371780201413228,1.6016746101011305,1.6801599023094933,1.3456569305635322,1.195275149721621,1.515607533861402,1.529642724486102,1.2799694395471894,1.1888424907758637,1.3840169883095956,1.3990589415025363,1.4923754383725567,1.371780201413228,1.6016746101011305,1.6801599023094933,1.1438277911604446,1.1843053906943866,0.9996426242022974
base_stream,784,ercb_beta_0p0055,softmax,token,0.0055,32,12000.0,12000.0,12000.0,12000.0,32.0,32.0,32.0,32.0,32.0,32.0,32.0,32.0,47.0,47.0,47.0,47.0,47.0,47.0,47.0,47.0,255.31914893617022,255.31914893617022,255.31914893617022,255.31914893617022,82.61504743142407,82.04348705913155,83.05731929408286,83.16098368698106,6.875,6.0,7.0,7.0,312.8125,309.0,317.0,324.0,0.9052214371800843,0.9043020233344566,0.9064067363285327,0.9065427342167416,0.9127581685771033,0.9127581685771033,0.9127581685771033,0.9127581685771033,0.007536731397019058,0.006351432248570638,0.008456145242646674,0.008672208586297359,12.815377478590328,11.834246680421296,14.018051982898472,14.161680390736182,0.050193561791145445,0.04635079949831675,0.054904036933019006,0.05546658153038338,0.9976893849890842,0.9773690628783024,1.0309688230170864,1.0403022670025188,0.0,0.0,0.0,0.0,0.0,0.0,0.0,0.0,0.0,-0.0,0.0,-0.0,0.0,0.0,0.0,0.0,1.0,1.0,1.0,1.0,0.11673095170843167,0.11673095170843167,0.11673095170843167,0.11673095170843167,0.0,0.0,0.0,0.0,0.9899970339367639,0.9889962802393537,0.9906643100050595,0.9907647089964349,0.010002966063236094,0.009335689994940461,0.011003719760646255,0.011036190033427153,0.0,0.0,0.0,0.0,0.025377663378188982,0.02466420847133151,0.02614635811411248,0.026488146904602657,0.9877412103603337,0.9871037950138343,0.9883838354415333,0.9884624441407874,1.0153459629887824,0.9639349265719305,1.054377370702531,1.057255473653403,1.583211273938936,1.4892107542644326,1.7139484189677685,1.744448648326125,1.4127882946967811,1.2631900373812412,1.5606214923785249,1.583270976817345,1.3371151772081666,1.2679602773317162,1.4161928642727557,1.4399229519729897,1.583211273938936,1.4892107542644326,1.7139484189677685,1.744448648326125,1.1643651249386704,1.1996339883046536,0.9993238746986532
base_stream,784,ercb_beta_0p006,softmax,token,0.006,32,12000.0,12000.0,12000.0,12000.0,32.0,32.0,32.0,32.0,32.0,32.0,32.0,32.0,47.0,47.0,47.0,47.0,47.0,47.0,47.0,47.0,255.31914893617022,255.31914893617022,255.31914893617022,255.31914893617022,82.05582475852519,81.71546524622953,82.4103083801476,82.96374660259455,7.0,7.0,7.0,7.0,312.90625,309.55,318.0,327.0,0.9063805934353022,0.9056470829493264,0.9070842441930546,0.9076701760557414,0.9127581685771033,0.9127581685771033,0.9127581685771033,0.9127581685771033,0.006377575141801151,0.005673924384048757,0.007111085627776981,0.008261179138801644,11.935850444867805,10.882266230098379,13.163352419635451,13.814885588733162,0.04674874757573224,0.04262220940121865,0.05155646364357218,0.05410830188920488,0.9999381120317624,0.9868463578297493,1.0163595445507851,1.0233139050791007,0.0,0.0,0.0,0.0,0.0,0.0,0.0,0.0,0.0,-0.0,0.0,-0.0,0.0,0.0,0.0,0.0,1.0,1.0,1.0,1.0,0.11673095170843167,0.11673095170843167,0.11673095170843167,0.11673095170843167,0.0,0.0,0.0,0.0,0.9883715361166664,0.9873807616043693,0.989242277403889,0.9896852317292258,0.011628463883333554,0.01075772259611098,0.01261923839563071,0.01293612208009637,0.0,0.0,0.0,0.0,0.02589234764134317,0.024948862884506894,0.026682229490676102,0.027047472462405447,0.9876502124656146,0.9870982253218115,0.9883729266090651,0.9884560413982699,1.0081831635987355,0.9670517099987918,1.0639718705424823,1.07599443247912,1.6463424827429844,1.4805199661411013,1.791378330224408,1.8723312258215559,1.4465619624977686,1.2424316287663468,1.6016728601074994,1.65355613681921,1.367029202946496,1.2511497515704713,1.468053762336428,1.5101890716255355,1.6463424827429844,1.4805199661411013,1.791378330224408,1.8723312258215559,1.1879796081730312,1.2242205679682414,0.999231809724765
base_stream,784,ercb_beta_0p0065,softmax,token,0.0065,32,12000.0,12000.0,12000.0,12000.0,32.0,32.0,32.0,32.0,32.0,32.0,32.0,32.0,47.0,47.0,47.0,47.0,47.0,47.0,47.0,47.0,255.31914893617022,255.31914893617022,255.31914893617022,255.31914893617022,81.66849522046273,81.2804984020426,81.95330922185721,82.5322906202195,6.96875,7.0,7.0,7.0,311.1875,308.0,316.0,317.0,0.9071805000382045,0.906593165076626,0.9079800012918416,0.9083348464888247,0.9127581685771033,0.9127581685771033,0.9127581685771033,0.9127581685771033,0.0055776685388989715,0.004778167285261703,0.006165003500477356,0.007364159275009885,11.501984202115988,10.323983560071643,13.061036361077552,13.830278223690254,0.04504943812495428,0.040435602276947265,0.05115572574755374,0.05416858970945349,1.0020796505641585,0.9808079353085201,1.0260433487855847,1.031409168081494,0.0,0.0,0.0,0.0,0.0,0.0,0.0,0.0,0.0,-0.0,0.0,-0.0,0.0,0.0,0.0,0.0,1.0,1.0,1.0,1.0,0.11673095170843167,0.11673095170843167,0.11673095170843167,0.11673095170843167,0.0,0.0,0.0,0.0,0.9865540332669553,0.985553935255295,0.9873695441288416,0.9884079354935378,0.013445966733044623,0.012630455871158389,0.014446064744704947,0.014777242391663524,0.0,0.0,0.0,0.0,0.026101249193004945,0.025298915766036,0.026867789235732523,0.027255658956559237,0.9876916647410803,0.9870363982891275,0.988294535127983,0.988471966301923,1.0070017604051502,0.9677392803057279,1.0423058607253552,1.0728976750533634,1.6968075737343113,1.5378656490925628,1.8547611173563803,1.8771400658245991,1.4899429545181484,1.3349237163971752,1.640398827745703,1.6926077356860036,1.3979174295525367,1.3017534410008118,1.4991331697023023,1.5206282778260884,1.6968075737343113,1.5378656490925628,1.8547611173563803,1.8771400658245991,1.1975643235849944,1.2327343264067707,0.9992737480868572
base_stream,784,ercb_beta_0p007,softmax,token,0.007,32,12000.0,12000.0,12000.0,12000.0,32.0,32.0,32.0,32.0,32.0,32.0,32.0,32.0,47.0,47.0,47.0,47.0,47.0,47.0,47.0,47.0,255.31914893617022,255.31914893617022,255.31914893617022,255.31914893617022,81.33862083919873,80.9559797591867,81.7008309346354,81.86213277367268,7.0,7.0,7.0,7.0,311.1875,306.55,315.45,316.0,0.9078600872558258,0.9071143124434322,0.9086463204729095,0.9088225310434843,0.9127581685771033,0.9127581685771033,0.9127581685771033,0.9127581685771033,0.0048980813212774685,0.004111848104193866,0.005643856133671154,0.00597664426073663,10.899473982187873,9.73936930319337,12.000661276755684,12.534208510261964,0.04268960643023583,0.03814586310417403,0.047002590000626426,0.04909231666519269,0.9998101175648362,0.9786993108167151,1.0200086597673623,1.0409906063193852,0.0,0.0,0.0,0.0,0.0,0.0,0.0,0.0,0.0,-0.0,0.0,-0.0,0.0,0.0,0.0,0.0,1.0,1.0,1.0,1.0,0.11673095170843167,0.11673095170843167,0.11673095170843167,0.11673095170843167,0.0,0.0,0.0,0.0,0.9851567545794231,0.9840683292520479,0.9861751301387642,0.9869127619947925,0.014843245420576991,0.013824869861235814,0.015931670747952084,0.016149198776191163,0.0,0.0,0.0,0.0,0.026462983938501404,0.025620227360974284,0.02729758447008732,0.027625553511873298,0.9875272002882847,0.9868854496435931,0.9882176569266994,0.9884073122985217,1.0098486062429413,0.9754095287621507,1.0666595261048497,1.0750612048489505,1.7622187213021654,1.6133458811713652,1.912120395228861,1.967863061310546,1.556051221637374,1.3848677611371327,1.7047300666084042,1.831039501038709,1.442706183060827,1.3415010459818328,1.548261417163813,1.586720435340072,1.7622187213021654,1.6133458811713652,1.912120395228861,1.967863061310546,1.2141612543527278,1.2524539741257041,0.99910735505547
base_stream,800,ercb_beta_0,softmax,token,0.0,32,12000.0,12000.0,12000.0,12000.0,32.0,32.0,32.0,32.0,32.0,32.0,32.0,32.0,47.0,47.0,47.0,47.0,47.0,47.0,47.0,47.0,255.31914893617022,255.31914893617022,255.31914893617022,255.31914893617022,96.2585831826783,95.09538972858567,97.47822352313152,97.58010487471715,0.0,0.0,0.0,0.0,325.875,322.0,331.45,333.0,0.8755469695145008,0.8727805399278125,0.8781757170660244,0.8794263052726151,0.9072906474085826,0.9072906474085826,0.9072906474085826,0.9072906474085826,0.03174367789408179,0.029114930342558177,0.03451010748077009,0.03474225239046069,26.08087081621857,24.455163595564073,27.223979031192666,27.7511740215521,0.10215007736352272,0.09578272408262596,0.1066272512055046,0.10869209825107905,0.9959420852998822,0.9728506390679788,1.0182307095837526,1.0321782178217822,0.0,0.0,0.0,0.0,0.0,0.0,0.0,0.0,0.0,-0.0,0.0,-0.0,0.0,0.0,0.0,0.0,1.0,1.0,1.0,1.0,0.16248076809271922,0.16248076809271922,0.16248076809271922,0.16248076809271922,0.0,0.0,0.0,0.0,1.0,1.0,1.0,1.0,0.0,0.0,0.0,0.0,0.0,0.0,0.0,0.0,0.021357342196621394,0.020719061689248836,0.022009472118119926,0.02226457670917837,0.9886042610851099,0.9881134846463824,0.989099630942253,0.9891467094821734,0.9987212666178875,0.9417208877469384,1.0311307387312207,1.0385895855940908,0.9965543015813326,0.8874996903250328,1.088509465016227,1.1181166254135244,0.9820395343033539,0.9048962789754492,1.081941371105266,1.1371695297878768,0.992438367500858,0.9397690601986878,1.0462895244286095,1.0714487005607987,1.0316839004691183,0.984238592980136,1.109954690098295,1.1371695297878768,1.0,1.0305342263796144,1.0
base_stream,800,ercb_beta_0p0035,softmax,token,0.0035,32,12000.0,12000.0,12000.0,12000.0,32.0,32.0,32.0,32.0,32.0,32.0,32.0,32.0,47.0,47.0,47.0,47.0,47.0,47.0,47.0,47.0,255.31914893617022,255.31914893617022,255.31914893617022,255.31914893617022,87.67105823146288,86.96869368578272,88.25815234007418,88.78880185837572,0.0,0.0,0.0,0.0,317.3125,313.55,321.0,321.0,0.894526233931204,0.8932611950795727,0.8960356440406019,0.8963126816667084,0.9072906474085826,0.9072906474085826,0.9072906474085826,0.9072906474085826,0.012764413477378514,0.01125500336798066,0.014029452329009833,0.015177728513244393,15.945356582037192,14.615324954938998,17.010692388503948,17.42094606220132,0.06245264661297901,0.057243356073511074,0.0666252118549738,0.06823203874362184,1.0013417467501315,0.9790600731717441,1.0215995251589185,1.0266666666666666,0.0,0.0,0.0,0.0,0.0,0.0,0.0,0.0,0.0,-0.0,0.0,-0.0,0.0,0.0,0.0,0.0,1.0,1.0,1.0,1.0,0.16248076809271922,0.16248076809271922,0.16248076809271922,0.16248076809271922,0.0,0.0,0.0,0.0,0.9955832507891417,0.9949710325090025,0.9962774267689551,0.9967211205719845,0.0044167492108583475,0.0037225732310449426,0.005028967490997453,0.005134049891158683,0.0,0.0,0.0,0.0,0.023390011419385105,0.022765052631589813,0.023995715874474806,0.024595263575601527,0.9885139521630588,0.9879418646489347,0.9891242088161364,0.9892133753592519,0.9821940611941864,0.9542024419087862,1.0110740145852388,1.023128099101553,1.3253998132558453,1.2438942769470784,1.4403417669240925,1.4660238506270498,1.198134637809834,1.085155970573249,1.3401912491082595,1.3977214511916372,1.1685761707532887,1.114381176415562,1.225249296926386,1.2844366076369282,1.3276514852954575,1.249349085161051,1.4403417669240925,1.4660238506270498,1.0951742592336826,1.1235347382442926,0.9999086500780889
base_stream,800,ercb_beta_0p004,softmax,token,0.004,32,12000.0,12000.0,12000.0,12000.0,32.0,32.0,32.0,32.0,32.0,32.0,32.0,32.0,47.0,47.0,47.0,47.0,47.0,47.0,47.0,47.0,255.31914893617022,255.31914893617022,255.31914893617022,255.31914893617022,86.88315701867299,86.40567484913556,87.56655981789247,87.60722460808246,0.0,0.0,0.0,0.0,316.65625,312.55,322.0,322.0,0.8962178353464245,0.8947522979095505,0.8972394984408412,0.8979803075911813,0.9072906474085826,0.9072906474085826,0.9072906474085826,0.9072906474085826,0.011072812062157975,0.010051148967741374,0.012538349499032065,0.01262582451357297,14.99522339881744,13.78147232002816,15.963156473803854,16.421314638849264,0.058731291645368305,0.053977433253443625,0.06252236285573176,0.06431681566882629,0.9948868336502151,0.9732822977864816,1.0206998721395317,1.0312236286919831,0.0,0.0,0.0,0.0,0.0,0.0,0.0,0.0,0.0,-0.0,0.0,-0.0,0.0,0.0,0.0,0.0,1.0,1.0,1.0,1.0,0.16248076809271922,0.16248076809271922,0.16248076809271922,0.16248076809271922,0.0,0.0,0.0,0.0,0.9944143338575474,0.99370342340567,0.9953286768777702,0.995646495768347,0.005585666142452584,0.004671323122229884,0.006296576594330075,0.006703325773444447,0.0,0.0,0.0,0.0,0.023828023733479666,0.02311824124800666,0.024797541543631136,0.02537307570312215,0.9883744927183358,0.9879723840792995,0.9888250237533627,0.9890722003405981,0.9782300148925293,0.9587187292783067,0.9998441609787495,1.0093957041263617,1.3978318657507045,1.3145978695554015,1.5156268085840838,1.5677095477338518,1.246134369318439,1.1000787081462835,1.4162074777064926,1.5323072029395493,1.2073987499872243,1.1371562377175988,1.3054389315246493,1.3263294758045656,1.4011647255512558,1.3145978695554015,1.5252499748428159,1.5677095477338518,1.1156830055965072,1.1610780646457948,0.9997675830705788
base_stream,800,ercb_beta_0p0045,softmax,token,0.0045,32,12000.0,12000.0,12000.0,12000.0,32.0,32.0,32.0,32.0,32.0,32.0,32.0,32.0,47.0,47.0,47.0,47.0,47.0,47.0,47.0,47.0,255.31914893617022,255.31914893617022,255.31914893617022,255.31914893617022,86.12115455881401,85.70485860407683,86.480647513891,86.59544147576172,0.0,0.0,0.0,0.0,315.125,312.0,318.45,322.0,0.8978454685581947,0.8970794714615068,0.8987314474022992,0.9003367597107603,0.9072906474085826,0.9072906474085826,0.9072906474085826,0.9072906474085826,0.009445178850387842,0.008559200006283352,0.010211175947075796,0.010456382679649212,13.9574671471972,12.868069384407038,14.775936412249356,15.231546211727817,0.05466674632652237,0.0503999384222609,0.057872417614643304,0.059656889329267285,0.9982633965325188,0.9801956570745612,1.018426418464037,1.023372287145242,0.0,0.0,0.0,0.0,0.0,0.0,0.0,0.0,0.0,-0.0,0.0,-0.0,0.0,0.0,0.0,0.0,1.0,1.0,1.0,1.0,0.16248076809271922,0.16248076809271922,0.16248076809271922,0.16248076809271922,0.0,0.0,0.0,0.0,0.9929868465007526,0.9923024829106626,0.9938891988874736,0.994038739618555,0.007013153499247365,0.006110801112526365,0.007697517089337377,0.008616359158432204,0.0,0.0,0.0,0.0,0.024181740005171867,0.02351205734170037,0.02498697020854629,0.025066498935048462,0.9882797222596629,0.9878643825712909,0.9886508156166671,0.9889982164795094,0.9697438458318409,0.9184418591302218,1.0189152935624701,1.028298511810339,1.4763140651783073,1.3929795391899316,1.548405455681079,1.56406680465525,1.3094819387518422,1.1947221090213864,1.4446091314908427,1.499715504271014,1.25184661658733,1.1910019460107195,1.2984910746726988,1.3211716563219404,1.4799977935524695,1.406821275261961,1.548405455681079,1.56406680465525,1.1322448169134676,1.1699475514560553,0.9996717201834728
base_stream,800,ercb_beta_0p005,softmax,token,0.005,32,12000.0,12000.0,12000.0,12000.0,32.0,32.0,32.0,32.0,32.0,32.0,32.0,32.0,47.0,47.0,47.0,47.0,47.0,47.0,47.0,47.0,255.31914893617022,255.31914893617022,255.31914893617022,255.31914893617022,85.54153521784953,85.05269295957099,85.95615197787869,86.4230333715962,0.0,0.0,0.0,0.0,315.5,312.0,321.0,322.0,0.8990774685689971,0.8981973696324237,0.9001135224879924,0.9005066475525793,0.9072906474085826,0.9072906474085826,0.9072906474085826,0.9072906474085826,0.00821317883958542,0.007177124920590194,0.00909327777615886,0.010088180774701194,13.238212425489566,12.400162802442587,14.521536191898456,14.968051081937466,0.05184966533316747,0.0485673043095668,0.05687601675160228,0.058624866737588405,1.0001466303320663,0.9728457716419902,1.0207458606444968,1.0419111483654653,0.0,0.0,0.0,0.0,0.0,0.0,0.0,0.0,0.0,-0.0,0.0,-0.0,0.0,0.0,0.0,0.0,1.0,1.0,1.0,1.0,0.16248076809271922,0.16248076809271922,0.16248076809271922,0.16248076809271922,0.0,0.0,0.0,0.0,0.9915405297544194,0.9905854550012835,0.9925860431908765,0.9926858928175554,0.008459470245580629,0.007413956809123439,0.00941454499871651,0.009846004956717086,0.0,0.0,0.0,0.0,0.024726719428303446,0.02389536905599527,0.025559759411654122,0.02567927749304819,0.9881237448849842,0.9875053276686301,0.9886594135218641,0.988897791976632,0.9671345934071698,0.9183022351530385,1.0225250536140962,1.0344198226892218,1.5397549269298816,1.4379582238714115,1.6225415700865655,1.6859181043436995,1.3579105194774264,1.2125145768159535,1.491176748765989,1.5730626780358228,1.2882666799381592,1.214566224181403,1.3413107387735967,1.4033052490053652,1.5398426772043998,1.4379582238714115,1.6225415700865655,1.6859181043436995,1.1577620099290757,1.1967668624842995,0.9995139448421978
base_stream,800,ercb_beta_0p0055,softmax,token,0.0055,32,12000.0,12000.0,12000.0,12000.0,32.0,32.0,32.0,32.0,32.0,32.0,32.0,32.0,47.0,47.0,47.0,47.0,47.0,47.0,47.0,47.0,255.31914893617022,255.31914893617022,255.31914893617022,255.31914893617022,85.0396117480295,84.60608218635124,85.41204094559019,85.55006158719912,0.0,0.0,0.0,0.0,313.5625,311.0,317.0,320.0,0.9001406690926321,0.8993528340930171,0.9010562605473523,0.9011783582918435,0.9072906474085826,0.9072906474085826,0.9072906474085826,0.9072906474085826,0.007149978315950385,0.006234386861230279,0.00793781331556544,0.008230491181146826,12.3315476257968,11.097171996319648,13.47900519352068,13.983272681801532,0.048298561534370794,0.043463923652251955,0.052792770341289326,0.054767818003722664,1.002676152947288,0.9847655674658375,1.0261501907530965,1.0430743243243243,0.0,0.0,0.0,0.0,0.0,0.0,0.0,0.0,0.0,-0.0,0.0,-0.0,0.0,0.0,0.0,0.0,1.0,1.0,1.0,1.0,0.16248076809271922,0.16248076809271922,0.16248076809271922,0.16248076809271922,0.0,0.0,0.0,0.0,0.9902820630076041,0.9892784684381236,0.9910755097175391,0.9917312688710683,0.009717936992395967,0.008924490282460912,0.010721531561876356,0.01116994601398904,0.0,0.0,0.0,0.0,0.025100293495086336,0.02414959673427601,0.026214488111276663,0.02666660249030579,0.9878260273026109,0.9871614827011065,0.9886500580152537,0.9887423923434089,0.9680751509881832,0.9251208999712599,1.0172643092442535,1.030748368614931,1.6191788756704213,1.531687649086573,1.7108936381786575,1.8196277155313154,1.4080322680231623,1.2205177221542092,1.5537806022298413,1.7463804453961482,1.3317620982272556,1.255295428400617,1.4108668807978213,1.528786486834634,1.6191788756704213,1.531687649086573,1.7108936381786575,1.8196277155313154,1.1752536089934007,1.2274227696470417,0.9992127954398611
base_stream,800,ercb_beta_0p006,softmax,token,0.006,32,12000.0,12000.0,12000.0,12000.0,32.0,32.0,32.0,32.0,32.0,32.0,32.0,32.0,47.0,47.0,47.0,47.0,47.0,47.0,47.0,47.0,255.31914893617022,255.31914893617022,255.31914893617022,255.31914893617022,84.57100189703681,84.27341542524007,84.84984321158292,85.21265173844179,0.0,0.0,0.0,0.0,313.21875,309.55,318.0,324.0,0.9011298052389572,0.9005420892372461,0.9017565247930891,0.9022563514053902,0.9072906474085826,0.9072906474085826,0.9072906474085826,0.9072906474085826,0.006160842169625355,0.0055341226154934755,0.006748558171336461,0.007515489973236145,11.720059462505635,10.917577719402171,12.92225279949835,13.28092537150195,0.045903566228147064,0.04276051273432517,0.050612156798035206,0.052016957705049306,0.9966041240147514,0.9777360228547017,1.0173938071487947,1.0224066390041493,0.0,0.0,0.0,0.0,0.0,0.0,0.0,0.0,0.0,-0.0,0.0,-0.0,0.0,0.0,0.0,0.0,1.0,1.0,1.0,1.0,0.16248076809271922,0.16248076809271922,0.16248076809271922,0.16248076809271922,0.0,0.0,0.0,0.0,0.9886456383589428,0.9878384820438467,0.9896687608126413,0.9899119883327998,0.011354361641057254,0.010331239187358591,0.012161517956153228,0.012720383993909339,0.0,0.0,0.0,0.0,0.025222363948128133,0.02447575196892251,0.025960422307388292,0.026236332829626903,0.9879179636836246,0.9872090650558683,0.9883790251284555,0.98901309262053,0.9674450450350159,0.9150003624969208,1.0153109258849873,1.0195213791938238,1.6711532080970266,1.5811827824066191,1.7616503644988244,1.7730918104353763,1.428244679588531,1.2945412038533695,1.5699423215170143,1.590280478050921,1.355614310906858,1.2906725804844463,1.4140505196947035,1.4236908302758664,1.6711532080970266,1.5811827824066191,1.7616503644988244,1.7730918104353763,1.1809692290325415,1.2155268229721523,0.9993057915806148
base_stream,800,ercb_beta_0p0065,softmax,token,0.0065,32,12000.0,12000.0,12000.0,12000.0,32.0,32.0,32.0,32.0,32.0,32.0,32.0,32.0,47.0,47.0,47.0,47.0,47.0,47.0,47.0,47.0,255.31914893617022,255.31914893617022,255.31914893617022,255.31914893617022,84.20025749668349,83.86210200662937,84.54818822025042,84.81371486418293,0.0,0.0,0.0,0.0,312.6875,310.55,315.45,317.0,0.9019099313236795,0.9011782196428175,0.9026199790965939,0.902802966224348,0.9072906474085826,0.9072906474085826,0.9072906474085826,0.9072906474085826,0.0053807160849030505,0.004670668311988729,0.0061124277657650826,0.00667229410493364,11.150427678576284,10.359172566982423,12.184365438850197,12.628909759046014,0.043672508407757105,0.04057342588734782,0.04772209796882993,0.04946322988959689,1.0056050645725865,0.987746001087477,1.0268247705331779,1.0367207514944492,0.0,0.0,0.0,0.0,0.0,0.0,0.0,0.0,0.0,-0.0,0.0,-0.0,0.0,0.0,0.0,0.0,1.0,1.0,1.0,1.0,0.16248076809271922,0.16248076809271922,0.16248076809271922,0.16248076809271922,0.0,0.0,0.0,0.0,0.9869186780177195,0.9859725051177526,0.9881138787256276,0.9883183073278742,0.013081321982280484,0.01188612127437231,0.014027494882247436,0.014272601441545855,0.0,0.0,0.0,0.0,0.025767502975196616,0.02508131543410274,0.026494189762400568,0.02683716879374299,0.9879149190559744,0.9873906437664518,0.9884027049502848,0.9884522008399468,0.9611477865602467,0.9174802007130853,1.0089689092340457,1.050350752799343,1.730706347292604,1.6287758555066336,1.8381630316868522,1.8690954186855808,1.4795538801748476,1.299020834341356,1.6254849153545183,1.719402543991518,1.3904693380092328,1.307486165806078,1.4622936362405596,1.5016488040305829,1.730706347292604,1.6287758555066336,1.8381630316868522,1.8690954186855808,1.2064938950724347,1.240519045791746,0.9993027118572412
base_stream,800,ercb_beta_0p007,softmax,token,0.007,32,12000.0,12000.0,12000.0,12000.0,32.0,32.0,32.0,32.0,32.0,32.0,32.0,32.0,47.0,47.0,47.0,47.0,47.0,47.0,47.0,47.0,255.31914893617022,255.31914893617022,255.31914893617022,255.31914893617022,83.81597985266677,83.54887819418633,84.17541363182407,84.1940783238798,0.0,0.0,0.0,0.0,311.78125,308.55,314.45,319.0,0.9027163701173746,0.9019625007762865,0.9032758434266458,0.903611872194944,0.9072906474085826,0.9072906474085826,0.9072906474085826,0.9072906474085826,0.004574277291207983,0.004014803981936715,0.005328146632296071,0.005367363650214174,10.654747897274413,10.052520269462402,11.487087885668208,11.66372810003257,0.041731095930991446,0.0393723710553944,0.04499109421886714,0.0456829350584609,1.0022804387789348,0.9839541490065912,1.019513169239092,1.0234702430846605,0.0,0.0,0.0,0.0,0.0,0.0,0.0,0.0,0.0,-0.0,0.0,-0.0,0.0,0.0,0.0,0.0,1.0,1.0,1.0,1.0,0.16248076809271922,0.16248076809271922,0.16248076809271922,0.16248076809271922,0.0,0.0,0.0,0.0,0.9851143304536782,0.9840915759560306,0.9860537750831939,0.9867723330575167,0.014885669546321775,0.013946224916806024,0.01590842404396944,0.01658730353076606,0.0,0.0,0.0,0.0,0.026218058875344168,0.025205785527003494,0.027077933873325376,0.027126631303651515,0.9876120397209565,0.9870437496988308,0.9882120510607735,0.9884858169120017,0.9618085416159756,0.9161011521487229,1.020307901866396,1.0268761526296921,1.8033697054754778,1.6985278933766252,1.9030715197577184,1.9445855739976041,1.5299413571322806,1.3844292375232898,1.6659083914833959,1.7040304968279922,1.4317065347412448,1.3622835130248578,1.5035137931876401,1.526334880047819,1.8033697054754778,1.6985278933766252,1.9030715197577184,1.9445855739976041,1.2275899610529117,1.267851290860009,0.9989963412022275
base_stream,816,ercb_beta_0,softmax,token,0.0,32,12000.0,12000.0,12000.0,12000.0,32.0,32.0,32.0,32.0,32.0,32.0,32.0,32.0,46.0,46.0,46.0,46.0,46.0,46.0,46.0,46.0,260.8695652173913,260.8695652173913,260.8695652173913,260.8695652173913,91.37437747032743,90.42762144645135,92.5355779376298,92.67676616481332,12.6875,11.0,15.0,16.0,325.625,322.0,329.45,331.0,0.890716748778997,0.8882365969761551,0.8927305223897927,0.8935317238510423,0.922030276861873,0.922030276861873,0.922030276861873,0.922030276861873,0.03131352808287602,0.029299754472080358,0.033793679885717874,0.03409667298503649,25.951377086343165,23.86716542076698,27.18725815379258,27.620880570290673,0.09948027883098212,0.09149080077960675,0.10421782292287156,0.10588004218611424,1.0000325271063317,0.9771302316131654,1.022512652898623,1.0289621882542237,0.0,0.0,0.0,0.0,0.0,0.0,0.0,0.0,0.0,-0.0,0.0,-0.0,0.0,0.0,0.0,0.0,1.0,1.0,1.0,1.0,0.12222473716038361,0.12222473716038361,0.12222473716038361,0.12222473716038361,0.0,0.0,0.0,0.0,1.0,1.0,1.0,1.0,0.0,0.0,0.0,0.0,0.0,0.0,0.0,0.0,0.02127578755694572,0.02059236940072345,0.021882106715500182,0.021928974006875497,0.9887436263188105,0.9883844502360574,0.9891246366137068,0.9892641823492544,1.002249707228942,0.9616645094765396,1.0518219034502843,1.0665550113628484,0.9970347513085034,0.9332560273024576,1.076156250552231,1.0905447732309206,0.9917603543244999,0.8924711091683685,1.1004668411024339,1.108714180003414,0.9970149376206485,0.9422477892987896,1.0551447048891658,1.0599956688602654,1.0347246281414706,0.986422150263527,1.1004668411024339,1.108714180003414,1.0,1.028498082946712,1.0
base_stream,816,ercb_beta_0p0035,softmax,token,0.0035,32,12000.0,12000.0,12000.0,12000.0,32.0,32.0,32.0,32.0,32.0,32.0,32.0,32.0,46.0,46.0,46.0,46.0,46.0,46.0,46.0,46.0,260.8695652173913,260.8695652173913,260.8695652173913,260.8695652173913,82.21685425954344,81.60312410292818,82.79605407457824,82.85755421876337,17.0625,15.55,18.0,18.0,319.03125,315.55,324.0,325.0,0.9096450065642087,0.9084853742014728,0.9108700912804688,0.9110965408777256,0.922030276861873,0.922030276861873,0.922030276861873,0.922030276861873,0.012385270297664296,0.011160185581404136,0.013544902660400194,0.013668419914886765,15.975964382681784,14.785042833287235,17.38282162623211,17.904335156360997,0.06124119680028017,0.056675997527601066,0.06663414956722309,0.06863328476605049,1.0029751193441445,0.9820775168304066,1.0268461756458445,1.04857621440536,0.0,0.0,0.0,0.0,0.0,0.0,0.0,0.0,0.0,-0.0,0.0,-0.0,0.0,0.0,0.0,0.0,1.0,1.0,1.0,1.0,0.12222473716038361,0.12222473716038361,0.12222473716038361,0.12222473716038361,0.0,0.0,0.0,0.0,0.9954927059508909,0.9948211116836131,0.9961532364399653,0.9962758479482063,0.00450729404910905,0.003846763560034636,0.005178888316386857,0.0054568815251106,0.0,0.0,0.0,0.0,0.0231226742466756,0.022578320856833783,0.023688067154288294,0.023934101461803664,0.9886261024226632,0.9879830116476876,0.9891819885245412,0.989408852589357,0.9882945059761901,0.9454335104444356,1.0234181522108334,1.0341327102409932,1.1275538957691884,1.0601059684820742,1.1812637729892776,1.2150159586345184,1.1964588962152756,1.0894682848757176,1.3068054297315512,1.3739276319231795,1.1041024326535513,1.0481351488641348,1.1600289266466342,1.18672540728321,1.199124496478749,1.096963657638124,1.3068054297315512,1.3739276319231795,1.08680697176481,1.1133814478493915,0.9998811381504579
base_stream,816,ercb_beta_0p004,softmax,token,0.004,32,12000.0,12000.0,12000.0,12000.0,32.0,32.0,32.0,32.0,32.0,32.0,32.0,32.0,46.0,46.0,46.0,46.0,46.0,46.0,46.0,46.0,260.8695652173913,260.8695652173913,260.8695652173913,260.8695652173913,81.3551368087309,80.88250995052417,81.84604352623349,82.05714040298571,17.34375,16.0,18.0,18.0,318.09375,314.0,324.45,327.0,0.9113623917045561,0.9103863142839272,0.912299906125522,0.9124349601786771,0.922030276861873,0.922030276861873,0.922030276861873,0.922030276861873,0.010667885157316863,0.009730370736350979,0.011643962577945787,0.012065134846014569,14.786702663756863,13.731268577371166,15.809476251217687,16.194470339137904,0.05668236021106797,0.05263652954658947,0.060602992296334465,0.062078802966695296,1.0001329772069956,0.9843774899862177,1.0177898125495901,1.0308848080133557,0.0,0.0,0.0,0.0,0.0,0.0,0.0,0.0,0.0,-0.0,0.0,-0.0,0.0,0.0,0.0,0.0,1.0,1.0,1.0,1.0,0.12222473716038361,0.12222473716038361,0.12222473716038361,0.12222473716038361,0.0,0.0,0.0,0.0,0.9943069082344128,0.9936581990606048,0.9950095039570097,0.9955430845135489,0.005693091765587142,0.004990496042990312,0.006341800939395199,0.006392172202715662,0.0,0.0,0.0,0.0,0.023447878794453182,0.022571889755674927,0.024322115924242205,0.024537074088063392,0.9884872519844861,0.9880386314857091,0.9890760098994896,0.9893814005748046,0.998980048508163,0.9568834521085066,1.0358867917710277,1.0512478344387872,1.165824820866669,1.0692943234239423,1.2679999544582092,1.3032223927518256,1.233616814995518,1.0719364119881623,1.430433825145612,1.4679013577101294,1.1328072281234498,1.0504753280236174,1.2266769477013368,1.2332188096922356,1.2421977460767013,1.0916898958006265,1.430433825145612,1.4679013577101294,1.1020921661157665,1.1431828720390649,0.9997407069663964
base_stream,816,ercb_beta_0p0045,softmax,token,0.0045,32,12000.0,12000.0,12000.0,12000.0,32.0,32.0,32.0,32.0,32.0,32.0,32.0,32.0,46.0,46.0,46.0,46.0,46.0,46.0,46.0,46.0,260.8695652173913,260.8695652173913,260.8695652173913,260.8695652173913,80.41753246747828,79.97344769047488,80.94533287800627,81.06723154422967,17.6875,17.0,18.0,18.0,316.84375,313.55,320.45,322.0,0.9132173853028538,0.9121755446657294,0.9140917276485958,0.9143367313726686,0.922030276861873,0.922030276861873,0.922030276861873,0.922030276861873,0.008812891559019247,0.007938549213277185,0.009854732196143611,0.010096090544143399,13.831444815038344,12.82672336085749,14.89338861696469,14.94337136746882,0.05302053845764698,0.04916910621662038,0.057091323031697984,0.05728292357529714,1.0016163117830197,0.9806617647058824,1.0204259081479328,1.0257475083056478,0.0,0.0,0.0,0.0,0.0,0.0,0.0,0.0,0.0,-0.0,0.0,-0.0,0.0,0.0,0.0,0.0,1.0,1.0,1.0,1.0,0.12222473716038361,0.12222473716038361,0.12222473716038361,0.12222473716038361,0.0,0.0,0.0,0.0,0.9928394707144075,0.9922391020201645,0.9934404004605469,0.9934759368771008,0.007160529285592455,0.0065595995394531,0.007760897979835538,0.008210638130286984,0.0,0.0,0.0,0.0,0.024024772004287293,0.023291372933985005,0.024831183259762232,0.025263462688573365,0.9884061788840498,0.988036093056402,0.9888070610488793,0.9889193628915671,1.0090423737160918,0.9694797238040483,1.045649342270878,1.0522717190739712,1.2037056775525508,1.1264745053552188,1.3177742677996651,1.3415474603575621,1.3136976144555397,1.195551945205559,1.5047967139833012,1.5386556996765857,1.1754818885747274,1.122660858041623,1.2435419818531503,1.3077291334849879,1.3160024288816379,1.216111292315805,1.5047967139833012,1.5386556996765857,1.1292071769368714,1.1671099456741763,0.9996587108874552
base_stream,816,ercb_beta_0p005,softmax,token,0.005,32,12000.0,12000.0,12000.0,12000.0,32.0,32.0,32.0,32.0,32.0,32.0,32.0,32.0,46.0,46.0,46.0,46.0,46.0,46.0,46.0,46.0,260.8695652173913,260.8695652173913,260.8695652173913,260.8695652173913,79.93003027786077,79.26256640271656,80.41643903287999,80.65563100524626,17.78125,17.0,18.0,18.0,315.625,311.55,319.8,327.0,0.9141760126965233,0.9132202441542756,0.9154837562303709,0.9160223064663058,0.922030276861873,0.922030276861873,0.922030276861873,0.922030276861873,0.007854264165349737,0.006546520631502112,0.00881003270759741,0.009281920569537916,12.953765746353916,11.781233342286553,13.90394563991195,14.370864244381226,0.04965610202769001,0.04516139447876512,0.053298458286329134,0.0550883129367947,0.9992004073725531,0.9752330129280726,1.0214722124472497,1.0274086378737541,0.0,0.0,0.0,0.0,0.0,0.0,0.0,0.0,0.0,-0.0,0.0,-0.0,0.0,0.0,0.0,0.0,1.0,1.0,1.0,1.0,0.12222473716038361,0.12222473716038361,0.12222473716038361,0.12222473716038361,0.0,0.0,0.0,0.0,0.9914756646836449,0.9903896961190687,0.9924714534882352,0.9928348250213361,0.008524335316355072,0.00752854651176483,0.009610303880931287,0.009874303341097275,0.0,0.0,0.0,0.0,0.024317420661625816,0.023647862160922066,0.025411799519093666,0.02553312229012455,0.988401900084738,0.9878419568054515,0.9889048072514885,0.9889496031051335,0.993528630994287,0.9551110566081131,1.0373203430565228,1.0428525494760592,1.2271716364126544,1.1535762099298235,1.321810360792581,1.3436503188721785,1.3118134300491229,1.2157691684815835,1.4500092565418548,1.478425498465217,1.1775045658186882,1.123368151058912,1.245559180306092,1.257555127949207,1.3125111969615737,1.2157691684815835,1.4500092565418548,1.478425498465217,1.142962186313386,1.1943999464686184,0.999654383376058
base_stream,816,ercb_beta_0p0055,softmax,token,0.0055,32,12000.0,12000.0,12000.0,12000.0,32.0,32.0,32.0,32.0,32.0,32.0,32.0,32.0,46.0,46.0,46.0,46.0,46.0,46.0,46.0,46.0,260.8695652173913,260.8695652173913,260.8695652173913,260.8695652173913,79.48383866809834,79.04360455937938,79.94866432853391,80.0963030943138,17.78125,17.0,18.0,18.0,315.21875,312.0,319.45,321.0,0.9150507246604875,0.9141404431606961,0.9159108680648204,0.9163113499719864,0.922030276861873,0.922030276861873,0.922030276861873,0.922030276861873,0.0069795522013854396,0.006119408797052628,0.007889833701176907,0.008179868690588177,12.451334868402462,11.481184763790026,13.47226563445781,13.968909577436913,0.047730116995542776,0.044011208261195096,0.05164368493208826,0.05354748671350816,0.99652209591608,0.9783182130598045,1.015724007933187,1.026006711409396,0.0,0.0,0.0,0.0,0.0,0.0,0.0,0.0,0.0,-0.0,0.0,-0.0,0.0,0.0,0.0,0.0,1.0,1.0,1.0,1.0,0.12222473716038361,0.12222473716038361,0.12222473716038361,0.12222473716038361,0.0,0.0,0.0,0.0,0.9901497045963767,0.9895348442688978,0.9908665116454969,0.991329410289413,0.009850295403623279,0.009133488354503077,0.010465155731102202,0.01066173240386083,0.0,0.0,0.0,0.0,0.02460125642044981,0.023845550671181145,0.025495248972832833,0.025794235224182904,0.9882094697874265,0.9876938295367701,0.9887143297011373,0.9888366883394042,0.996627973336367,0.9559422847559091,1.0393524487078902,1.0433791736476938,1.2567461229927517,1.1633080589757916,1.3653153090308228,1.4785213245487625,1.3484518539804733,1.202713274489505,1.4626060963686511,1.5004663652208532,1.2006086501031974,1.1158750971949438,1.2731797304586259,1.314566162483425,1.3486537735470971,1.202713274489505,1.4626060963686511,1.5004663652208532,1.1563029737255697,1.1983222197812191,0.9994597623517709
base_stream,816,ercb_beta_0p006,softmax,token,0.006,32,12000.0,12000.0,12000.0,12000.0,32.0,32.0,32.0,32.0,32.0,32.0,32.0,32.0,46.0,46.0,46.0,46.0,46.0,46.0,46.0,46.0,260.8695652173913,260.8695652173913,260.8695652173913,260.8695652173913,78.97397138403429,78.63324559450358,79.39627641337398,79.71760175924604,17.9375,17.55,18.0,18.0,315.1875,310.55,320.45,325.0,0.916045929918256,0.9152225749667292,0.9167091768104901,0.917186562829598,0.922030276861873,0.922030276861873,0.922030276861873,0.922030276861873,0.005984346943616978,0.0053211000513829045,0.006807701895143803,0.007436562254744317,11.829171263213215,10.84338839978627,13.028052569951523,13.65888785338339,0.04534515650898399,0.041566322199180696,0.04994086818481417,0.05235907010463633,0.998964473939461,0.9730136420755119,1.0184052178634793,1.0190871369294605,0.0,0.0,0.0,0.0,0.0,0.0,0.0,0.0,0.0,-0.0,0.0,-0.0,0.0,0.0,0.0,0.0,1.0,1.0,1.0,1.0,0.12222473716038361,0.12222473716038361,0.12222473716038361,0.12222473716038361,0.0,0.0,0.0,0.0,0.9885174756598207,0.9874803214005663,0.9893367420562831,0.9895012089107388,0.011482524340179247,0.010663257943716923,0.012519678599433667,0.012844302300868221,0.0,0.0,0.0,0.0,0.025171615728209876,0.024426881137923333,0.026073007145642518,0.026513487589754012,0.9880845010395465,0.987525092766003,0.9884386803201799,0.9885388512699113,1.0048673259359833,0.9625805754220652,1.043643928770661,1.0608148197863658,1.2946217221585234,1.2061301233103636,1.3954202229656194,1.4404389901378267,1.4202596540609476,1.2797548254583495,1.5981983748486663,1.6021313769486099,1.239916234051818,1.1753424510340296,1.3281035558494165,1.3587260878428848,1.4202596540609476,1.2797548254583495,1.5981983748486663,1.6021313769486099,1.1831108794838627,1.2254778854064414,0.9993333708944168
base_stream,816,ercb_beta_0p0065,softmax,token,0.0065,32,12000.0,12000.0,12000.0,12000.0,32.0,32.0,32.0,32.0,32.0,32.0,32.0,32.0,46.0,46.0,46.0,46.0,46.0,46.0,46.0,46.0,260.8695652173913,260.8695652173913,260.8695652173913,260.8695652173913,78.5778992292246,78.11834606899514,78.97409005073827,79.04500883389218,17.96875,18.0,18.0,18.0,313.25,309.55,317.45,319.0,0.9168160347823345,0.9160462971090259,0.917706926459642,0.9179358468405681,0.922030276861873,0.922030276861873,0.922030276861873,0.922030276861873,0.005214242079538429,0.004323350402231019,0.005983979752847113,0.006122143261813595,11.276326910887185,9.998162744823889,12.446748406450434,12.588814911244237,0.04322591982506754,0.03832629052182491,0.047712535558059994,0.04825712382643624,1.0012439058907454,0.9880846744459012,1.0203516209476309,1.0279898218829517,0.0,0.0,0.0,0.0,0.0,0.0,0.0,0.0,0.0,-0.0,0.0,-0.0,0.0,0.0,0.0,0.0,1.0,1.0,1.0,1.0,0.12222473716038361,0.12222473716038361,0.12222473716038361,0.12222473716038361,0.0,0.0,0.0,0.0,0.986996339824173,0.9860410564456827,0.9880326686797504,0.988616638032669,0.013003660175827013,0.011967331320249608,0.013958943554317243,0.014133530237150641,0.0,0.0,0.0,0.0,0.025282454462518637,0.02444120006465254,0.026117393702647655,0.02644495927176899,0.9880513942999504,0.9875432346825446,0.9886118352645566,0.9888571517503043,0.9998477724155035,0.9445288714616704,1.0465207304019066,1.054817855571898,1.32017378655959,1.2190219152086768,1.3986923109465734,1.4314364593424045,1.441888428650505,1.2696078847616459,1.6062153304641553,1.6686914772012993,1.2539699958751997,1.1706636624103144,1.3327638112995823,1.369024643782865,1.4420738154258383,1.2724672435427502,1.6062153304641553,1.6686914772012993,1.1883204978828104,1.227564132831423,0.9992998872504115
base_stream,816,ercb_beta_0p007,softmax,token,0.007,32,12000.0,12000.0,12000.0,12000.0,32.0,32.0,32.0,32.0,32.0,32.0,32.0,32.0,46.0,46.0,46.0,46.0,46.0,46.0,46.0,46.0,260.8695652173913,260.8695652173913,260.8695652173913,260.8695652173913,78.21444153232262,77.91275700857685,78.62817165733874,78.74852895676491,17.96875,18.0,18.0,18.0,314.09375,309.55,318.9,320.0,0.9175205993806033,0.9167190293661528,0.9181040814495006,0.9183139113767385,0.922030276861873,0.922030276861873,0.922030276861873,0.922030276861873,0.004509677481269663,0.003926195412372385,0.005311247495720211,0.005545091233908561,10.769463904056117,9.484624503982431,12.223518283687504,12.767145334803704,0.04128294496554845,0.03635772726526598,0.04685682008746876,0.0489407237834142,1.003408757860221,0.9861338946743013,1.0209130280169676,1.0250626566416041,0.0,0.0,0.0,0.0,0.0,0.0,0.0,0.0,0.0,-0.0,0.0,-0.0,0.0,0.0,0.0,0.0,1.0,1.0,1.0,1.0,0.12222473716038361,0.12222473716038361,0.12222473716038361,0.12222473716038361,0.0,0.0,0.0,0.0,0.9850809826566995,0.983667093501347,0.9863009371456678,0.986521838465239,0.014919017343300447,0.013699062854332256,0.016332906498653082,0.016681228260063654,0.0,0.0,0.0,0.0,0.025661463890970973,0.024946152397243716,0.026134864492536474,0.026260254358603925,0.9879665360055574,0.9873635002792596,0.9885277309642229,0.9885662782544348,1.0018281386679024,0.9493525126272061,1.054266175387802,1.0742438575407591,1.3513044931237244,1.2787192122922417,1.4327113765079673,1.437737354346381,1.4835122350677181,1.36343633061532,1.6481268326637935,1.7171963084076314,1.2788816222864483,1.2217851051722928,1.359187869524639,1.374107000505794,1.4835122350677181,1.36343633061532,1.6481268326637935,1.7171963084076314,1.2061346176862675,1.2283852911477513,0.9992140628848892
base_stream,832,ercb_beta_0,softmax,token,0.0,32,12000.0,12000.0,12000.0,12000.0,32.0,32.0,32.0,32.0,32.0,32.0,32.0,32.0,46.0,46.0,46.0,46.0,46.0,46.0,46.0,46.0,260.8695652173913,260.8695652173913,260.8695652173913,260.8695652173913,93.08894791578575,92.26444908912043,94.1030151805051,94.38049925138878,7.90625,5.0,9.45,10.0,328.6875,323.1,333.0,335.0,0.8870456694757688,0.884857978141663,0.888817927579827,0.8888740304267012,0.9173338486711043,0.9173338486711043,0.9173338486711043,0.9173338486711043,0.03028817919533556,0.02851592109127732,0.032475870529441384,0.03307719828736888,25.509504524762384,24.212160206397744,27.02037468499868,27.823980898560837,0.09778643401158912,0.09281328079119135,0.1035781029591616,0.10665859344448321,1.0013651546735742,0.9795826296561713,1.0249086996682226,1.030204081632653,0.0,0.0,0.0,0.0,0.0,0.0,0.0,0.0,0.0,-0.0,0.0,-0.0,0.0,0.0,0.0,0.0,1.0,1.0,1.0,1.0,0.12222473716038361,0.12222473716038361,0.12222473716038361,0.12222473716038361,0.0,0.0,0.0,0.0,1.0,1.0,1.0,1.0,0.0,0.0,0.0,0.0,0.0,0.0,0.0,0.0,0.021110950952964835,0.020442455209430808,0.02187188467543267,0.02208787709022036,0.9888187841880585,0.9883106024096907,0.9893136407019398,0.9895007786637003,0.9971027367057335,0.9548885844306785,1.0387590032073144,1.04890694041423,0.9947405167927812,0.8951766405008474,1.1167433817794705,1.1220159430303964,0.9906873116808022,0.8661184075274814,1.1286310146039908,1.214278994493872,0.9941768550597723,0.9175893767458414,1.081063044421234,1.0984633051648824,1.0329796458791578,0.9905307184442191,1.1286310146039908,1.214278994493872,1.0,1.0360445024084037,1.0
base_stream,832,ercb_beta_0p0035,softmax,token,0.0035,32,12000.0,12000.0,12000.0,12000.0,32.0,32.0,32.0,32.0,32.0,32.0,32.0,32.0,46.0,46.0,46.0,46.0,46.0,46.0,46.0,46.0,260.8695652173913,260.8695652173913,260.8695652173913,260.8695652173913,84.26965957756272,83.66654267919131,85.08332927198764,85.20502350358073,10.53125,9.55,11.0,11.0,319.53125,315.0,324.0,324.0,0.9055078715917719,0.9038521036916048,0.9067312552910467,0.9074534139884649,0.9173338486711043,0.9173338486711043,0.9173338486711043,0.9173338486711043,0.01182597707933248,0.010602593380057684,0.013481744979499494,0.013730391032473643,15.457261473103216,13.996916218998402,16.68386346650966,17.410641423641138,0.05925283564689566,0.053654845506160544,0.0639548099549537,0.0667407921239577,0.9997177917135255,0.9753967085546033,1.0211303562230707,1.0331400165700082,0.0,0.0,0.0,0.0,0.0,0.0,0.0,0.0,0.0,-0.0,0.0,-0.0,0.0,0.0,0.0,0.0,1.0,1.0,1.0,1.0,0.12222473716038361,0.12222473716038361,0.12222473716038361,0.12222473716038361,0.0,0.0,0.0,0.0,0.9955106196983078,0.9949326304644925,0.9961868442922328,0.996261685349725,0.00448938030169223,0.0038131557077672107,0.005067369535507422,0.005462942239798955,0.0,0.0,0.0,0.0,0.02286575893780121,0.02219712959236068,0.023672641425623406,0.023859816462917193,0.9886805709158444,0.9880515816066507,0.9891809328324644,0.9895196147260068,1.015559089511986,0.9802757949321832,1.0627270361262564,1.0676427282793308,1.1996502753831289,1.0988036269396364,1.3200821983167446,1.3307107588814258,1.2033335137766699,1.043061447706857,1.3624007143274457,1.3817480206192168,1.1395142928905948,1.0491802476028897,1.235895042932783,1.2445655323496554,1.2186463875909448,1.0988036269396364,1.3624007143274457,1.3817480206192168,1.083123114100643,1.1213441534853648,0.999860223860606
base_stream,832,ercb_beta_0p004,softmax,token,0.004,32,12000.0,12000.0,12000.0,12000.0,32.0,32.0,32.0,32.0,32.0,32.0,32.0,32.0,46.0,46.0,46.0,46.0,46.0,46.0,46.0,46.0,260.8695652173913,260.8695652173913,260.8695652173913,260.8695652173913,83.36009985127,82.69447535523904,83.80784167266728,83.93361991469733,10.5,10.0,11.0,11.0,318.9375,314.55,326.35,329.0,0.9073493515151472,0.9064455947871881,0.9086893163881572,0.9087410437890503,0.9173338486711043,0.9173338486711043,0.9173338486711043,0.9173338486711043,0.009984497155957086,0.00864453228294712,0.010888253883916232,0.011142910766755998,14.212188094841599,13.123152043803508,15.288213314194515,15.901873009724085,0.05448005436355946,0.05030541616791344,0.0586048177044123,0.06095717987060899,0.9983159328636891,0.9802319230930231,1.0166723393000037,1.032418952618454,0.0,0.0,0.0,0.0,0.0,0.0,0.0,0.0,0.0,-0.0,0.0,-0.0,0.0,0.0,0.0,0.0,1.0,1.0,1.0,1.0,0.12222473716038361,0.12222473716038361,0.12222473716038361,0.12222473716038361,0.0,0.0,0.0,0.0,0.994274344565732,0.993392424646091,0.9948426081327958,0.9954526574469094,0.005725655434267906,0.00515739186720417,0.006607575353909046,0.006753227948096136,0.0,0.0,0.0,0.0,0.023419413790190066,0.022671922903727187,0.024105814088609828,0.024515516189765822,0.9886292295555774,0.9880961817130579,0.9893326650748855,0.9894731539807107,1.0212419665945052,0.9929156459798346,1.0727614464015278,1.1129602239035983,1.2453349269693468,1.1342260591035145,1.3398690087535245,1.383733238674673,1.2422618485248735,1.1020561891897251,1.3752230876786296,1.4329486502745612,1.169612914029575,1.072601237158614,1.2474117811652015,1.2739915017487229,1.2570675597601553,1.1342260591035145,1.3752230876786296,1.4329486502745612,1.1093490692280268,1.1418630142392705,0.999808301950254
base_stream,832,ercb_beta_0p0045,softmax,token,0.0045,32,12000.0,12000.0,12000.0,12000.0,32.0,32.0,32.0,32.0,32.0,32.0,32.0,32.0,46.0,46.0,46.0,46.0,46.0,46.0,46.0,46.0,260.8695652173913,260.8695652173913,260.8695652173913,260.8695652173913,82.91217660665899,82.37183894646623,83.47983559670548,83.53224024698804,10.75,10.0,11.0,11.0,317.84375,313.0,322.45,325.0,0.9082513472089121,0.9071085769313731,0.9093359606110213,0.9093719647342521,0.9173338486711043,0.9173338486711043,0.9173338486711043,0.9173338486711043,0.009082501462192194,0.007997888060083086,0.010225271739731156,0.01033108440381858,13.85920549985571,12.708541972848224,14.889206023569438,15.192961757225671,0.05312695441611355,0.04871607756258486,0.05707528975701618,0.058239686736031734,0.9974921727149717,0.9773731169650602,1.0138007744011848,1.019753086419753,0.0,0.0,0.0,0.0,0.0,0.0,0.0,0.0,0.0,-0.0,0.0,-0.0,0.0,0.0,0.0,0.0,1.0,1.0,1.0,1.0,0.12222473716038361,0.12222473716038361,0.12222473716038361,0.12222473716038361,0.0,0.0,0.0,0.0,0.9933165084340512,0.9926857964577845,0.9940020723513994,0.9942471645316873,0.006683491565948884,0.005997927648600683,0.007314203542215488,0.007818480291337348,0.0,0.0,0.0,0.0,0.02353127863101087,0.02271039994023541,0.024460667903543083,0.02479628227827695,0.9886422138294271,0.9879880503338838,0.989264051008325,0.9894463857569049,1.021221325935659,0.9791460127946925,1.0595575983040462,1.062918385676468,1.2678235836374834,1.153669139903991,1.381296238906828,1.4414760452546673,1.2692058338857746,1.0969650485506224,1.4338056444305702,1.4702438970761227,1.1860835811529724,1.0850389889686787,1.265068426570926,1.298228166813969,1.2860060900890165,1.153669139903991,1.4338056444305702,1.4702438970761227,1.1146479703087995,1.158672006677549,0.9998214330457159
base_stream,832,ercb_beta_0p005,softmax,token,0.005,32,12000.0,12000.0,12000.0,12000.0,32.0,32.0,32.0,32.0,32.0,32.0,32.0,32.0,46.0,46.0,46.0,46.0,46.0,46.0,46.0,46.0,260.8695652173913,260.8695652173913,260.8695652173913,260.8695652173913,82.0908289366666,81.50347523489035,82.52349036281737,82.52867978325769,10.75,10.0,11.0,11.0,316.96875,312.55,321.9,325.0,0.9098969731395137,0.9090322145484762,0.9110682991243707,0.9113071344007913,0.9173338486711043,0.9173338486711043,0.9173338486711043,0.9173338486711043,0.007436875531590649,0.006265549546733623,0.008301634122628137,0.008312034420116854,12.634055742478964,11.666264375462378,13.389553657182944,13.474613812325174,0.04843054701283603,0.04472068010593911,0.051326622352534615,0.05165268628057983,1.001844337139752,0.9807604844838888,1.0266915966444479,1.0307308970099667,0.0,0.0,0.0,0.0,0.0,0.0,0.0,0.0,0.0,-0.0,0.0,-0.0,0.0,0.0,0.0,0.0,1.0,1.0,1.0,1.0,0.12222473716038361,0.12222473716038361,0.12222473716038361,0.12222473716038361,0.0,0.0,0.0,0.0,0.9915579000245984,0.9907025656115722,0.9922942285186648,0.9924606975911493,0.008442099975401565,0.007705771481335269,0.009297434388427844,0.009324265177184184,0.0,0.0,0.0,0.0,0.024168677268641133,0.023609153767066505,0.02482039741511332,0.025296389819741503,0.9884361849643928,0.9879737837872307,0.9888834793806461,0.9890133650578247,1.0253436671786664,0.9767723741809635,1.0602037265360025,1.0656195499947523,1.3630780392342872,1.2706668637770517,1.4610236326605524,1.4849289072640903,1.3590707177453174,1.2226635474083691,1.520854165406471,1.5797890395664462,1.2491641413860903,1.1550602580163323,1.33296230188935,1.3435432338573694,1.3818194583405718,1.2706668637770517,1.520854165406471,1.5797890395664462,1.1448407664102345,1.175711954919185,0.9996130744785762
base_stream,832,ercb_beta_0p0055,softmax,token,0.0055,32,12000.0,12000.0,12000.0,12000.0,32.0,32.0,32.0,32.0,32.0,32.0,32.0,32.0,46.0,46.0,46.0,46.0,46.0,46.0,46.0,46.0,260.8695652173913,260.8695652173913,260.8695652173913,260.8695652173913,81.58168722601805,81.0436871734394,82.08254223405207,82.29813477088946,10.9375,10.55,11.0,11.0,317.0,313.55,320.0,322.0,0.9109117840459987,0.9099144120159925,0.9119807839950412,0.9121993897588794,0.9173338486711043,0.9173338486711043,0.9173338486711043,0.9173338486711043,0.006422064625105618,0.005353064676063135,0.0074194366551118,0.007850391821496383,12.051089284261971,11.084163110002876,13.064464657068783,13.185960913691172,0.046195842256337556,0.04248929192167769,0.050080447852097,0.05054618350248283,1.001329076173822,0.9857757452574526,1.0172434873238785,1.019884009942005,0.0,0.0,0.0,0.0,0.0,0.0,0.0,0.0,0.0,-0.0,0.0,-0.0,0.0,0.0,0.0,0.0,1.0,1.0,1.0,1.0,0.12222473716038361,0.12222473716038361,0.12222473716038361,0.12222473716038361,0.0,0.0,0.0,0.0,0.989972409631686,0.9891668990079124,0.9908338473779476,0.9916485233272663,0.010027590368314028,0.009166152622052481,0.010833100992087584,0.011739796100674969,0.0,0.0,0.0,0.0,0.024262939784238387,0.023321007874460155,0.025169998723386006,0.02519965890658057,0.9884630890090966,0.9880297611256543,0.9888952690623835,0.9891473860386536,1.017607086358053,0.9813929658002156,1.073724298889401,1.0794995797535871,1.3616777971933005,1.2391935425188036,1.4602656543096193,1.5800603928604744,1.351390678546622,1.1972436415873449,1.4717254176629975,1.5380424443055203,1.2435585206993252,1.1532334825376644,1.3226686841812683,1.3563341582047226,1.3769742709295651,1.2391935425188036,1.5017159993547877,1.5800603928604744,1.1493058668127352,1.1922721425228415,0.9996402827447762
base_stream,832,ercb_beta_0p006,softmax,token,0.006,32,12000.0,12000.0,12000.0,12000.0,32.0,32.0,32.0,32.0,32.0,32.0,32.0,32.0,46.0,46.0,46.0,46.0,46.0,46.0,46.0,46.0,260.8695652173913,260.8695652173913,260.8695652173913,260.8695652173913,81.15901987585247,80.7432729599079,81.4765390144581,81.631091874852,10.9375,10.55,11.0,11.0,316.1875,312.55,320.9,323.0,0.9117517888097559,0.9111218920599147,0.9125752183461334,0.9127212116130692,0.9173338486711043,0.9173338486711043,0.9173338486711043,0.9173338486711043,0.005582059861348371,0.0047586303249709475,0.006211956611189689,0.006519361164784576,11.311982481771892,10.118604765299686,12.344137967501867,12.555961688100338,0.043362599513458916,0.0387879849336488,0.04731919554209049,0.048131186471051295,1.0000941825693217,0.9749561764153762,1.02075,1.0264462809917356,0.0,0.0,0.0,0.0,0.0,0.0,0.0,0.0,0.0,-0.0,0.0,-0.0,0.0,0.0,0.0,0.0,1.0,1.0,1.0,1.0,0.12222473716038361,0.12222473716038361,0.12222473716038361,0.12222473716038361,0.0,0.0,0.0,0.0,0.9885062088907886,0.9874649333665305,0.9892131100014696,0.9895514923805413,0.011493791109211487,0.010786889998530447,0.012535066633469528,0.012987559552003368,0.0,0.0,0.0,0.0,0.024755006323569653,0.02392883985465853,0.025267359865061834,0.025639976655715113,0.9884020483088173,0.988060758580121,0.9887673228317403,0.9888633977808997,1.019516272161091,0.9667539107432083,1.0669456889752058,1.1046689674167076,1.4220975021574938,1.2812889258484985,1.5496065492932274,1.5728007091077811,1.4054173623386572,1.2256926543463031,1.5696794805248373,1.5970665823218335,1.2823437122190806,1.180896148680517,1.3858532759456987,1.3938842964204081,1.4315454246832306,1.2812889258484985,1.5835293659279903,1.5970665823218335,1.1726144586628886,1.19688402106364,0.9995785518176787
base_stream,832,ercb_beta_0p0065,softmax,token,0.0065,32,12000.0,12000.0,12000.0,12000.0,32.0,32.0,32.0,32.0,32.0,32.0,32.0,32.0,46.0,46.0,46.0,46.0,46.0,46.0,46.0,46.0,260.8695652173913,260.8695652173913,260.8695652173913,260.8695652173913,80.80785783816495,80.46623218035872,81.17410106230652,81.23358929805913,11.0,11.0,11.0,11.0,315.4375,312.55,319.0,319.0,0.9124471480155274,0.9117223490531519,0.9131220662413352,0.9134610822189573,0.9173338486711043,0.9173338486711043,0.9173338486711043,0.9173338486711043,0.0048867006555769685,0.004211782429769157,0.005611499617952531,0.005729489824733536,10.849137143583116,9.85963109531308,11.547913441516403,11.58334636637782,0.04158835905040195,0.037795252532033474,0.04426700152581288,0.04440282773778164,1.0040853334184354,0.9737174366484711,1.0329716193656093,1.0376254180602007,0.0,0.0,0.0,0.0,0.0,0.0,0.0,0.0,0.0,-0.0,0.0,-0.0,0.0,0.0,0.0,0.0,1.0,1.0,1.0,1.0,0.12222473716038361,0.12222473716038361,0.12222473716038361,0.12222473716038361,0.0,0.0,0.0,0.0,0.9871411344932233,0.986136725964513,0.9879311371150757,0.9881479672332856,0.012858865506776673,0.012068862884924234,0.013863274035486994,0.014340667233096805,0.0,0.0,0.0,0.0,0.024985132147143346,0.02417012069561792,0.025844491372938656,0.02614272718833491,0.9881921273487673,0.9875757314981934,0.9887501583927776,0.9888127493011577,1.0176148726731689,0.9625108115783918,1.0587872613876714,1.094643084801275,1.4551969494680452,1.3756393039474302,1.576968997695087,1.6296580275893298,1.4298283584506426,1.3200156836693124,1.5824341826464183,1.6975668625369875,1.3008800601972856,1.23807177066536,1.3970726143299217,1.434508189090054,1.465223718439759,1.3756393039474302,1.592462734076397,1.6975668625369875,1.183515238267105,1.2242220367296641,0.9993662571450787
base_stream,832,ercb_beta_0p007,softmax,token,0.007,32,12000.0,12000.0,12000.0,12000.0,32.0,32.0,32.0,32.0,32.0,32.0,32.0,32.0,46.0,46.0,46.0,46.0,46.0,46.0,46.0,46.0,260.8695652173913,260.8695652173913,260.8695652173913,260.8695652173913,80.4987986730359,80.22795201521161,80.76603422919968,80.84219967094569,11.0,11.0,11.0,11.0,313.90625,310.55,318.0,319.0,0.9130576225096667,0.9125302343781785,0.913591469485215,0.9137805183973335,0.9173338486711043,0.9173338486711043,0.9173338486711043,0.9173338486711043,0.004276226161437618,0.0037423791858893773,0.004803614292925834,0.004954202634363636,10.382076643090185,9.391830949493439,11.700475540564963,11.983684560775702,0.03979796046517905,0.036002018639724846,0.04485182290549902,0.04593745748297352,1.0006129697606236,0.9836273559677815,1.017809952730115,1.019884009942005,0.0,0.0,0.0,0.0,0.0,0.0,0.0,0.0,0.0,-0.0,0.0,-0.0,0.0,0.0,0.0,0.0,1.0,1.0,1.0,1.0,0.12222473716038361,0.12222473716038361,0.12222473716038361,0.12222473716038361,0.0,0.0,0.0,0.0,0.9852865828302698,0.9843732509253945,0.9865119993764528,0.9868543476779371,0.014713417169730215,0.013488000623547148,0.01562674907460546,0.016031962028127986,0.0,0.0,0.0,0.0,0.02530518610853459,0.024696716510989102,0.025900103851720105,0.026491714961793613,0.9881305028625903,0.9874614697716328,0.9887994501219731,0.989072079179298,1.0172483822632243,0.9822064842379428,1.0639456237885998,1.0703410271672442,1.4985485658853817,1.3996460615029722,1.5929370543407169,1.6153097160814747,1.4686902942237783,1.3178214174819542,1.5978852164337516,1.6066207416465557,1.3281624141241282,1.245738206018661,1.3979486016017295,1.4004186341540585,1.5054321331160534,1.3996460615029722,1.605164313318822,1.6153097160814747,1.1986758040845487,1.2268563320252837,0.9993039358308374
base_stream,848,ercb_beta_0,softmax,token,0.0,32,12000.0,12000.0,12000.0,12000.0,32.0,32.0,32.0,32.0,32.0,32.0,32.0,32.0,46.0,46.0,46.0,46.0,46.0,46.0,46.0,46.0,260.8695652173913,260.8695652173913,260.8695652173913,260.8695652173913,94.9142861835389,93.79424754198088,95.96715595141033,96.43326340591878,2.9375,1.0,4.0,4.0,328.4375,325.0,332.45,335.0,0.8830939918320309,0.8807998627146298,0.8855259617969473,0.8870444278419296,0.9120909512774188,0.9120909512774188,0.9120909512774188,0.9120909512774188,0.028996959445387948,0.026564989480471434,0.03129108856278895,0.03231198889899112,24.53977292068948,23.070771965850952,26.17519739549242,26.276953036255275,0.09406912952930968,0.08843795920242864,0.10033825668272095,0.10072831997231188,1.0020139224027944,0.9714267834793492,1.0270816051364366,1.0321802091713597,0.0,0.0,0.0,0.0,0.0,0.0,0.0,0.0,0.0,-0.0,0.0,-0.0,0.0,0.0,0.0,0.0,1.0,1.0,1.0,1.0,0.12222473716038361,0.12222473716038361,0.12222473716038361,0.12222473716038361,0.0,0.0,0.0,0.0,1.0,1.0,1.0,1.0,0.0,0.0,0.0,0.0,0.0,0.0,0.0,0.0,0.02079716611560254,0.020376016691061826,0.02140523365902579,0.021457532347621783,0.9890036758643077,0.9884123629376174,0.9893804273217696,0.9894289688241353,1.0002970028670592,0.9532672274138273,1.045167060039074,1.0487493024705987,0.9836582565885176,0.9250414269872236,1.0568321118670077,1.075698927308573,0.9796087546497144,0.8759235160474702,1.1000659946804772,1.1450732533661228,0.9878546713684304,0.9355480701981905,1.034432554625741,1.060792502567956,1.0318327163937628,0.9697472128564518,1.1000659946804772,1.1450732533661228,1.0,1.0292380000257373,1.0
base_stream,848,ercb_beta_0p0035,softmax,token,0.0035,32,12000.0,12000.0,12000.0,12000.0,32.0,32.0,32.0,32.0,32.0,32.0,32.0,32.0,46.0,46.0,46.0,46.0,46.0,46.0,46.0,46.0,260.8695652173913,260.8695652173913,260.8695652173913,260.8695652173913,86.68679775418096,86.10357662364939,87.24340230091904,87.24568226407544,3.78125,3.0,4.0,4.0,321.6875,317.55,325.9,335.0,0.9005568990557826,0.8994055705040571,0.9017603696099227,0.9021888680770067,0.9120909512774188,0.9120909512774188,0.9120909512774188,0.9120909512774188,0.011534052221636164,0.010330581667496064,0.012685380773361694,0.012690109633101243,15.10671406677882,13.656133291917822,16.22005288562113,16.62371276481149,0.05790907058931881,0.05234851095235165,0.062176869394881,0.0637242322651107,1.0019565749778618,0.982258816998559,1.0255553402030773,1.0295081967213116,0.0,0.0,0.0,0.0,0.0,0.0,0.0,0.0,0.0,-0.0,0.0,-0.0,0.0,0.0,0.0,0.0,1.0,1.0,1.0,1.0,0.12222473716038361,0.12222473716038361,0.12222473716038361,0.12222473716038361,0.0,0.0,0.0,0.0,0.9957006922791936,0.9949808364106841,0.9962917395894935,0.9963524493210985,0.0042993077208064515,0.003708260410506516,0.005019163589315905,0.00513101867956568,0.0,0.0,0.0,0.0,0.022774653953778125,0.02196231494855404,0.02371309494424101,0.02407016158241155,0.9889382213990817,0.9884435457934431,0.9894121658125785,0.989529583791214,1.0140292464681666,0.9595709371627227,1.0589907500642752,1.0764283937055894,1.191758981621996,1.0972276330979431,1.2814864916011433,1.31072198918644,1.2289145426592378,1.1075709563080514,1.3664914625719566,1.4310462948179776,1.1449009235831336,1.070864562321925,1.2055031743486597,1.2567144308838831,1.2415410663468813,1.121016939312252,1.3664914625719566,1.4310462948179776,1.0950844854141943,1.1402079885514242,0.99993381777356
base_stream,848,ercb_beta_0p004,softmax,token,0.004,32,12000.0,12000.0,12000.0,12000.0,32.0,32.0,32.0,32.0,32.0,32.0,32.0,32.0,46.0,46.0,46.0,46.0,46.0,46.0,46.0,46.0,260.8695652173913,260.8695652173913,260.8695652173913,260.8695652173913,85.84885024352388,85.31619157907322,86.46057039854804,86.75442820314386,3.9375,3.55,4.0,4.0,319.5,315.0,325.45,327.0,0.9022828906550042,0.9010247905197614,0.9033760745109406,0.9035909381575585,0.9120909512774188,0.9120909512774188,0.9120909512774188,0.9120909512774188,0.009808060622414575,0.008714876766478202,0.0110661607576574,0.011672909691161304,14.03275484762181,12.817154415514084,15.376504020883935,15.754916416926743,0.0537922269158836,0.049132425259470654,0.058943265413388415,0.06039384626488585,0.9990811672795553,0.9769188827916139,1.0233341992204323,1.0392976588628762,0.0,0.0,0.0,0.0,0.0,0.0,0.0,0.0,0.0,-0.0,0.0,-0.0,0.0,0.0,0.0,0.0,1.0,1.0,1.0,1.0,0.12222473716038361,0.12222473716038361,0.12222473716038361,0.12222473716038361,0.0,0.0,0.0,0.0,0.9944330472352346,0.9936525318527156,0.995147884186637,0.9956017975024886,0.005566952764765441,0.004852115813362942,0.006347468147284324,0.006493224754426422,0.0,0.0,0.0,0.0,0.023003615222746923,0.022169834690439684,0.023759378498045002,0.023995420819772146,0.9887708383358678,0.9882720096602928,0.9891355652810375,0.9891606544251819,1.0084141265920787,0.9543084748030556,1.0479411728881476,1.0582748601883138,1.213868172651329,1.1370769234691351,1.30958944454205,1.3161937906199692,1.2308975208243844,1.0966282790250403,1.3514435805549492,1.3889391778266935,1.1510599400225972,1.0826649891435132,1.2008325979094903,1.2293608103996305,1.2519501867404763,1.1420613075734067,1.3514435805549492,1.3889391778266935,1.106093738679572,1.1424334626158579,0.9997645736470732
base_stream,848,ercb_beta_0p0045,softmax,token,0.0045,32,12000.0,12000.0,12000.0,12000.0,32.0,32.0,32.0,32.0,32.0,32.0,32.0,32.0,46.0,46.0,46.0,46.0,46.0,46.0,46.0,46.0,260.8695652173913,260.8695652173913,260.8695652173913,260.8695652173913,84.94986306537058,84.48399519930935,85.43076150218972,85.48292702554377,4.0,4.0,4.0,4.0,319.34375,316.0,324.0,326.0,0.904124061497185,0.9031415387778077,0.905073804549148,0.9052784523359579,0.9120909512774188,0.9120909512774188,0.9120909512774188,0.9120909512774188,0.007966889780233837,0.007017146728270756,0.00894941249961107,0.00905625803905663,13.057095512348855,12.021362049486822,14.162771669623117,15.158582014675785,0.05005219946400394,0.04608188785636615,0.05429062473355528,0.058107897722923844,1.0032145733343774,0.9818596436192287,1.022337282512024,1.0297766749379653,0.0,0.0,0.0,0.0,0.0,0.0,0.0,0.0,0.0,-0.0,0.0,-0.0,0.0,0.0,0.0,0.0,1.0,1.0,1.0,1.0,0.12222473716038361,0.12222473716038361,0.12222473716038361,0.12222473716038361,0.0,0.0,0.0,0.0,0.9929227503216427,0.9922387028502759,0.9937593640759755,0.9938557602407884,0.007077249678357303,0.006240635924024478,0.007761297149724021,0.00818853373683966,0.0,0.0,0.0,0.0,0.023462440138744087,0.022801621578089137,0.024286810211970402,0.02437846011382535,0.9887989809043403,0.988305133170792,0.9892594835264253,0.9896862759567484,1.0056909353715748,0.9632184521238656,1.0522485166487079,1.069641154249816,1.2489439089348822,1.1378156342079386,1.3584289510202014,1.4154619169028206,1.2820099328710066,1.134477844616348,1.4185262814490263,1.4930301031790247,1.178881592392488,1.0980732367928883,1.260516457918908,1.2852999990290226,1.2987894089202934,1.174340011915309,1.4185262814490263,1.4930301031790247,1.1281556346824577,1.1677942118157072,0.9997930291211622
base_stream,848,ercb_beta_0p005,softmax,token,0.005,32,12000.0,12000.0,12000.0,12000.0,32.0,32.0,32.0,32.0,32.0,32.0,32.0,32.0,46.0,46.0,46.0,46.0,46.0,46.0,46.0,46.0,260.8695652173913,260.8695652173913,260.8695652173913,260.8695652173913,84.54600825076793,84.08905589128723,85.02897393151639,85.21752440096084,3.9375,3.55,4.0,4.0,317.6875,314.55,322.0,323.0,0.9049469820237016,0.9039630795159811,0.9058758966060634,0.9062796114275817,0.9120909512774188,0.9120909512774188,0.9120909512774188,0.9120909512774188,0.007143969253717179,0.006215054671355458,0.008127871761437732,0.008513053877082677,12.256030661053435,11.152768795270383,13.150628921563968,13.343293381353405,0.0469814508673715,0.0427522803818698,0.05041074419932854,0.051149291295188054,0.9985786997691328,0.9752417460346365,1.019348184818482,1.0526315789473684,0.0,0.0,0.0,0.0,0.0,0.0,0.0,0.0,0.0,-0.0,0.0,-0.0,0.0,0.0,0.0,0.0,1.0,1.0,1.0,1.0,0.12222473716038361,0.12222473716038361,0.12222473716038361,0.12222473716038361,0.0,0.0,0.0,0.0,0.9915647546896735,0.9908904555195588,0.9922986470353563,0.9925309006926847,0.00843524531032638,0.0077013529646436235,0.009109544480441285,0.009502517135823549,0.0,0.0,0.0,0.0,0.023775071628204338,0.0230755258905386,0.02442214310755685,0.02460341324880324,0.9886777481311604,0.9881456834633316,0.989181390664983,0.9895214539312456,1.020778408487842,0.9668381667571978,1.063844344180691,1.0930479382633054,1.2923286226615638,1.1950254050525737,1.388791150038891,1.4382588326408232,1.3305761379748131,1.2251448056342487,1.4542263789022496,1.5292746735877263,1.2145610563747395,1.1571232644641172,1.2771616381869204,1.2984890475473796,1.3439340508087054,1.2364316316435027,1.4542263789022496,1.5292746735877263,1.1431880428347254,1.1743014876067543,0.9996704484107579
base_stream,848,ercb_beta_0p0055,softmax,token,0.0055,32,12000.0,12000.0,12000.0,12000.0,32.0,32.0,32.0,32.0,32.0,32.0,32.0,32.0,46.0,46.0,46.0,46.0,46.0,46.0,46.0,46.0,260.8695652173913,260.8695652173913,260.8695652173913,260.8695652173913,84.0561308767287,83.68808555833279,84.41168634579749,84.86270464073955,3.96875,4.0,4.0,4.0,317.84375,314.0,323.45,325.0,0.9059421974464692,0.905220836031887,0.9066878399472269,0.9068177962488726,0.9120909512774188,0.9120909512774188,0.9120909512774188,0.9120909512774188,0.006148753830949712,0.005403111330191918,0.006870115245531783,0.007788460888647042,11.740655208116287,10.847188066573267,12.710421861412705,13.083344872144824,0.04500584496444576,0.04158088758853086,0.04872328380208204,0.05015282200988849,0.9987827196087784,0.9781804863115543,1.0163638151909316,1.0289017341040463,0.0,0.0,0.0,0.0,0.0,0.0,0.0,0.0,0.0,-0.0,0.0,-0.0,0.0,0.0,0.0,0.0,1.0,1.0,1.0,1.0,0.12222473716038361,0.12222473716038361,0.12222473716038361,0.12222473716038361,0.0,0.0,0.0,0.0,0.9901059127813303,0.9890691575273112,0.9909134338314565,0.9912363873314726,0.009894087218669727,0.009086566168543465,0.010930842472688804,0.011026317370988952,0.0,0.0,0.0,0.0,0.02400739561579636,0.023401625147242044,0.024799625551595695,0.02486220524112395,0.9886045522393632,0.988089540843737,0.9891067421322204,0.9892216013504899,1.0033047855537016,0.9642791059221651,1.0384841244757754,1.0611635938628543,1.3069481103116576,1.2329537850619174,1.4224033429079146,1.5107007943400041,1.333137442691266,1.202442229908755,1.4537754835340364,1.5066052284759524,1.2144634461855417,1.156439858771343,1.279313369179315,1.3103993912551852,1.3526671059631108,1.2547166998232675,1.4795960807546678,1.5107007943400041,1.1543589872942077,1.1924521549592477,0.9995964386840163
base_stream,848,ercb_beta_0p006,softmax,token,0.006,32,12000.0,12000.0,12000.0,12000.0,32.0,32.0,32.0,32.0,32.0,32.0,32.0,32.0,46.0,46.0,46.0,46.0,46.0,46.0,46.0,46.0,260.8695652173913,260.8695652173913,260.8695652173913,260.8695652173913,83.6795584951754,83.43927980771353,84.14766549787537,84.21158876555921,3.9375,3.55,4.0,4.0,316.6875,314.55,320.0,321.0,0.9067047043027495,0.9057570083044114,0.9071904367914623,0.9076217994419034,0.9120909512774188,0.9120909512774188,0.9120909512774188,0.9120909512774188,0.005386246974669259,0.004900514485956469,0.006333942973007334,0.006463654946205488,11.190652033681161,10.226032739954102,12.176980625019189,12.379857412959868,0.04289749946244444,0.039199792169824055,0.04667842572924022,0.04745612008301283,1.0004716028755571,0.979517579721995,1.0202103086137897,1.022295623451693,0.0,0.0,0.0,0.0,0.0,0.0,0.0,0.0,0.0,-0.0,0.0,-0.0,0.0,0.0,0.0,0.0,1.0,1.0,1.0,1.0,0.12222473716038361,0.12222473716038361,0.12222473716038361,0.12222473716038361,0.0,0.0,0.0,0.0,0.9887499210171926,0.9877687710928468,0.9899606147884918,0.9902511904760528,0.011250078982807474,0.010039385211508125,0.01223122890715318,0.012533671380934237,0.0,0.0,0.0,0.0,0.02425838450467907,0.023479391375251304,0.025086758486925854,0.025228323838390295,0.9885198727196896,0.987862731121672,0.9892419962200456,0.9894712291647928,1.0064954938048842,0.9564592008689277,1.0540654216851477,1.0638138721686103,1.3184563478374705,1.2190101299389584,1.4429206756587822,1.4467065849807073,1.398052429222111,1.2492567149578238,1.5734296637499907,1.6604712976599738,1.2410014236214886,1.1681504979796875,1.318135304062075,1.3669926855911558,1.4059189256573816,1.2629424742096496,1.5734296637499907,1.6604712976599738,1.1664274050530299,1.2062585040422964,0.9995108176476742
base_stream,848,ercb_beta_0p0065,softmax,token,0.0065,32,12000.0,12000.0,12000.0,12000.0,32.0,32.0,32.0,32.0,32.0,32.0,32.0,32.0,46.0,46.0,46.0,46.0,46.0,46.0,46.0,46.0,260.8695652173913,260.8695652173913,260.8695652173913,260.8695652173913,83.28663951178356,82.98301520695338,83.762998132487,83.92325912135499,4.0,4.0,4.0,4.0,315.8125,312.55,319.45,321.0,0.907497816602274,0.9065363197585115,0.908109654185323,0.9084767925439493,0.9120909512774188,0.9120909512774188,0.9120909512774188,0.9120909512774188,0.004593134675144831,0.003981297092095831,0.005554631518907371,0.005879027124436775,10.576987656858043,9.787080853711968,11.730759253991195,11.909075822939483,0.040545119351289155,0.037517143272562545,0.04496791047363292,0.04565145732126802,0.9973719635123641,0.9780987394957983,1.016165927456103,1.02248126561199,0.0,0.0,0.0,0.0,0.0,0.0,0.0,0.0,0.0,-0.0,0.0,-0.0,0.0,0.0,0.0,0.0,1.0,1.0,1.0,1.0,0.12222473716038361,0.12222473716038361,0.12222473716038361,0.12222473716038361,0.0,0.0,0.0,0.0,0.9869205236572086,0.9860684741111635,0.9885535713196463,0.9885896241466722,0.013079476342791392,0.011446428680353738,0.013931525888836544,0.014440572693407764,0.0,0.0,0.0,0.0,0.024470172564317258,0.023296514385981255,0.025231075676698505,0.025782351297220767,0.9885759701735846,0.988169971377998,0.9890857719362691,0.989182860910051,1.0076532019459388,0.9732023853502869,1.042200131075827,1.0518691524328436,1.3411719534038589,1.2106966753150474,1.442480697678951,1.4663091527934948,1.399586314176791,1.2605960580351248,1.5251819328662326,1.6781254879665812,1.2494704898421962,1.1730409736651843,1.3306784867423802,1.3501009524832384,1.4135523650709112,1.2960725091952559,1.5251819328662326,1.6781254879665812,1.176610910750919,1.2131977759108987,0.9995675388260318
base_stream,848,ercb_beta_0p007,softmax,token,0.007,32,12000.0,12000.0,12000.0,12000.0,32.0,32.0,32.0,32.0,32.0,32.0,32.0,32.0,46.0,46.0,46.0,46.0,46.0,46.0,46.0,46.0,260.8695652173913,260.8695652173913,260.8695652173913,260.8695652173913,82.95295443177785,82.7012833478816,83.21790621553598,83.26479727368796,4.0,4.0,4.0,4.0,315.40625,312.0,319.45,320.0,0.9081698890621644,0.9076368257449852,0.9086756536103586,0.908837077321334,0.9120909512774188,0.9120909512774188,0.9120909512774188,0.9120909512774188,0.003921062215254352,0.0034152976670601574,0.0044541255324336395,0.004548616507286329,9.864537392705621,8.858837466976377,10.495048992581246,10.900737908807905,0.03781406000537155,0.03395887695674278,0.04023102113822811,0.041786161983763635,0.999675992624999,0.9768973131864075,1.0165846642949057,1.0258333333333334,0.0,0.0,0.0,0.0,0.0,0.0,0.0,0.0,0.0,-0.0,0.0,-0.0,0.0,0.0,0.0,0.0,1.0,1.0,1.0,1.0,0.12222473716038361,0.12222473716038361,0.12222473716038361,0.12222473716038361,0.0,0.0,0.0,0.0,0.9850939049767499,0.9841434660079472,0.9858806423487165,0.9859881572729249,0.014906095023250165,0.01411935765128343,0.01585653399205282,0.01610334300991983,0.0,0.0,0.0,0.0,0.024825341703279793,0.02403626244949541,0.025382441899321307,0.02572512778797818,0.9883902415517338,0.9879475678498254,0.9887566725036894,0.9890124694104349,1.0197952018370637,0.9661702564346909,1.0789987340422358,1.0808877986973695,1.3903710306593267,1.3090857728063343,1.4939714150374472,1.5346526623873302,1.4635287678857134,1.3217178057474235,1.5874138340771493,1.6007075660161878,1.2912316667940347,1.2195574910074682,1.3473185017695908,1.3693779830614778,1.4723483453817485,1.3605209685376525,1.5874138340771493,1.6007075660161878,1.1936886768748372,1.2204759897685666,0.999379745164205
base_stream,864,ercb_beta_0,softmax,token,0.0,32,12000.0,12000.0,12000.0,12000.0,32.0,32.0,32.0,32.0,32.0,32.0,32.0,32.0,45.0,45.0,45.0,45.0,45.0,45.0,45.0,45.0,266.6666666666667,266.6666666666667,266.6666666666667,266.6666666666667,89.5330359642038,88.6004595348637,90.12012985024326,90.19805368681128,16.75,13.1,20.0,21.0,329.75,326.55,334.9,336.0,0.8986913434018884,0.8974964383032916,0.9005834791844424,0.9007654817659733,0.927814307244548,0.927814307244548,0.927814307244548,0.927814307244548,0.029122963842659687,0.02723082806010571,0.030317868941256425,0.030476987490171692,24.491941605895423,23.20530423876749,25.924311399917435,26.044406522535912,0.09184478102210783,0.08701989089537808,0.09721616774969039,0.09766652445950966,0.9973150150147082,0.9749678926858806,1.026336770110249,1.04281098546042,0.0,0.0,0.0,0.0,0.0,0.0,0.0,0.0,0.0,-0.0,0.0,-0.0,0.0,0.0,0.0,0.0,1.0,1.0,1.0,1.0,0.16701066428067124,0.16701066428067124,0.16701066428067124,0.16701066428067124,0.0,0.0,0.0,0.0,1.0,1.0,1.0,1.0,0.0,0.0,0.0,0.0,0.0,0.0,0.0,0.0,0.020913975047000308,0.02020124247340973,0.0215988730081765,0.021710765894717904,0.9890376751928356,0.9885275151401033,0.9896146466097314,0.9897707951500754,0.988935347666412,0.9471951828908677,1.0323145144694894,1.0469629796611808,1.0052481936430178,0.9300126521332739,1.0972766704979409,1.1199663868401204,1.0207720968134157,0.8967597891580502,1.1396559985464711,1.1674663166850971,1.004985212707615,0.9356594172001301,1.0830182844487886,1.0853527726230074,1.0381997198844872,0.971816039469031,1.1396559985464711,1.1674663166850971,1.0,1.0327483397889214,1.0
base_stream,864,ercb_beta_0p0035,softmax,token,0.0035,32,12000.0,12000.0,12000.0,12000.0,32.0,32.0,32.0,32.0,32.0,32.0,32.0,32.0,45.0,45.0,45.0,45.0,45.0,45.0,45.0,45.0,266.6666666666667,266.6666666666667,266.6666666666667,266.6666666666667,80.3988745049901,79.70870575695868,80.84767952001229,81.4362736541074,22.875,21.0,24.0,24.0,321.96875,318.0,325.0,327.0,0.9166734694353057,0.9158201904624983,0.9179821662051634,0.918047611096671,0.927814307244548,0.927814307244548,0.927814307244548,0.927814307244548,0.011140837809242347,0.009832141039384679,0.011994116782049724,0.0131193322928983,14.870281531464764,13.86153714578959,15.823058321795354,16.382917933017914,0.055763555742992854,0.05198076429671096,0.05933646870673257,0.061435942248817176,0.9991626686430759,0.9777359605340401,1.0164614614447578,1.0328677074774035,0.0,0.0,0.0,0.0,0.0,0.0,0.0,0.0,0.0,-0.0,0.0,-0.0,0.0,0.0,0.0,0.0,1.0,1.0,1.0,1.0,0.16701066428067124,0.16701066428067124,0.16701066428067124,0.16701066428067124,0.0,0.0,0.0,0.0,0.9956564369809116,0.995181402418884,0.996191999930513,0.9964177687668179,0.0043435630190884365,0.0038080000694869684,0.0048185975811159895,0.005145849753480089,0.0,0.0,0.0,0.0,0.022363483711844864,0.02150980946165824,0.023093560702439325,0.023386420710500403,0.9890579619313927,0.9884658366489738,0.98963461684722,0.9900321245829632,1.0132841882484493,0.9577723144618947,1.0387298812690855,1.0655147206544089,1.082852832089845,0.9825933585309735,1.193051411355295,1.2034704438620365,1.1857603446518619,1.0359559443468025,1.3371951646742553,1.3863739995163746,1.0939657883300522,1.003941953928022,1.1615261958711418,1.1722424113459213,1.1870302271814666,1.0428646979236822,1.3371951646742553,1.3863739995163746,1.0693081378163192,1.1042167091880333,1.0000205115933052
base_stream,864,ercb_beta_0p004,softmax,token,0.004,32,12000.0,12000.0,12000.0,12000.0,32.0,32.0,32.0,32.0,32.0,32.0,32.0,32.0,45.0,45.0,45.0,45.0,45.0,45.0,45.0,45.0,266.6666666666667,266.6666666666667,266.6666666666667,266.6666666666667,79.51223214379509,78.9192252419253,80.1947859866244,80.33430151560415,23.15625,21.55,24.0,24.0,320.875,317.0,325.45,328.0,0.9183518123000531,0.9170620045107373,0.919468628856854,0.9195729962791778,0.927814307244548,0.927814307244548,0.927814307244548,0.927814307244548,0.009462494944494883,0.008345678387694112,0.010752302733810809,0.011017092474486567,13.704111463950504,12.69094018629784,14.690737745686528,14.817407180595245,0.051390417989814384,0.047591025698616896,0.05509026654632448,0.05556527692723216,1.000216807519834,0.9810398520266657,1.021590909090909,1.030995106035889,0.0,0.0,0.0,0.0,0.0,0.0,0.0,0.0,0.0,-0.0,0.0,-0.0,0.0,0.0,0.0,0.0,1.0,1.0,1.0,1.0,0.16701066428067124,0.16701066428067124,0.16701066428067124,0.16701066428067124,0.0,0.0,0.0,0.0,0.9945029192423279,0.9938681581183928,0.9952171676907924,0.995438349796004,0.005497080757672059,0.004782832309207564,0.006131841881607157,0.006307196936456421,0.0,0.0,0.0,0.0,0.022782536838882587,0.021956150333793844,0.023514556912050996,0.024078959196710287,0.9889704627519533,0.9884044322827532,0.9895674475894207,0.9899442919101356,1.0284250549596414,0.9907662434801238,1.0607617552765556,1.0691567450173045,1.1091570749620892,1.0288227292340981,1.202269436294302,1.2204470335579134,1.225352103033566,1.1041241768359544,1.3552041248927997,1.4370534925536993,1.1209780776517655,1.0544342756169047,1.194733654089445,1.2262346348441386,1.2254938029727942,1.1041241768359544,1.3552041248927997,1.4370534925536993,1.089345128684673,1.1243466083901488,0.9999320425878931
base_stream,864,ercb_beta_0p0045,softmax,token,0.0045,32,12000.0,12000.0,12000.0,12000.0,32.0,32.0,32.0,32.0,32.0,32.0,32.0,32.0,45.0,45.0,45.0,45.0,45.0,45.0,45.0,45.0,266.6666666666667,266.6666666666667,266.6666666666667,266.6666666666667,78.88217346149051,78.28142895237008,79.58874693158518,79.91773548120871,23.4375,22.0,24.0,24.0,319.59375,316.55,323.45,325.0,0.9195367160753776,0.9182086699758351,0.920662168242097,0.920924792676806,0.927814307244548,0.927814307244548,0.927814307244548,0.927814307244548,0.008277591169170425,0.007152139002450986,0.009605637268712986,0.010227377352777456,12.91065947033917,11.76813022059532,13.874757232254728,14.36198686347633,0.04841497301377187,0.04413048832723245,0.05203033962095523,0.05385745073803624,1.0040910053657317,0.9771552271668713,1.028154143604519,1.0295081967213116,0.0,0.0,0.0,0.0,0.0,0.0,0.0,0.0,0.0,-0.0,0.0,-0.0,0.0,0.0,0.0,0.0,1.0,1.0,1.0,1.0,0.16701066428067124,0.16701066428067124,0.16701066428067124,0.16701066428067124,0.0,0.0,0.0,0.0,0.9932629039210459,0.9922774777627335,0.9941817722573073,0.9949001649807451,0.006737096078954117,0.005818227742692662,0.0077225222372665344,0.008230566397522012,0.0,0.0,0.0,0.0,0.023021599476102605,0.022235987463627382,0.023971866252554347,0.024077525019965986,0.9888450680229344,0.98824081972099,0.9892320232834723,0.9893165115239755,1.0261330562225024,0.9835251826143846,1.073307996401382,1.0794499631232513,1.1008889204773806,0.9881556974072998,1.2051676418939345,1.2525774305895163,1.2313732944679527,1.0877871710812674,1.377302534337242,1.4230987714660446,1.1194650903892787,1.0397762343565007,1.191712968136966,1.2360641157485945,1.2313732944679527,1.0877871710812674,1.377302534337242,1.4230987714660446,1.100775889058192,1.1462128169648282,0.999805258005097
base_stream,864,ercb_beta_0p005,softmax,token,0.005,32,12000.0,12000.0,12000.0,12000.0,32.0,32.0,32.0,32.0,32.0,32.0,32.0,32.0,45.0,45.0,45.0,45.0,45.0,45.0,45.0,45.0,266.6666666666667,266.6666666666667,266.6666666666667,266.6666666666667,78.12972805771253,77.66131956226114,78.65038969345426,78.87796481485393,23.625,23.0,24.0,24.0,319.15625,315.55,323.9,325.0,0.9209441663667393,0.9199724956999272,0.9218162298405632,0.9223433054017036,0.927814307244548,0.927814307244548,0.927814307244548,0.927814307244548,0.006870140877808753,0.0059980774039848864,0.007841811544620858,0.008268264137379022,12.141287781657082,10.989153958661822,13.262823755687835,13.313318310791058,0.04552982918121405,0.04120932734498183,0.04973558908382938,0.04992494366546646,0.9987829599270822,0.9794926795894501,1.0234024074149466,1.0413907284768211,0.0,0.0,0.0,0.0,0.0,0.0,0.0,0.0,0.0,-0.0,0.0,-0.0,0.0,0.0,0.0,0.0,1.0,1.0,1.0,1.0,0.16701066428067124,0.16701066428067124,0.16701066428067124,0.16701066428067124,0.0,0.0,0.0,0.0,0.9916833962655023,0.9907973701722594,0.9923708755460819,0.9927085940473376,0.008316603734497656,0.007629124453918104,0.009202629827740592,0.009389702988674186,0.0,0.0,0.0,0.0,0.023526970524204972,0.022843072745962967,0.024293267567103868,0.02453573238144642,0.9888280929340723,0.9883663581026578,0.9892136620012777,0.9895080484269001,1.0190800329012526,0.9700325163391899,1.060994638958863,1.0824491147920023,1.1164311311875748,1.0194951007646131,1.204594184252775,1.2315465195999544,1.3020493141150902,1.1371555109427007,1.4438596034551778,1.467477032328546,1.145853492734639,1.0773285867380977,1.2215423031987431,1.2326484224286405,1.3020493141150902,1.1371555109427007,1.4438596034551778,1.467477032328546,1.1249401642362313,1.1615805944355018,0.9997880947672468
base_stream,864,ercb_beta_0p0055,softmax,token,0.0055,32,12000.0,12000.0,12000.0,12000.0,32.0,32.0,32.0,32.0,32.0,32.0,32.0,32.0,45.0,45.0,45.0,45.0,45.0,45.0,45.0,45.0,266.6666666666667,266.6666666666667,266.6666666666667,266.6666666666667,77.65911362268842,77.139195944306,78.2636859441504,78.5233157164871,23.78125,23.0,24.0,24.0,318.6875,315.0,322.9,325.0,0.9218194477587409,0.9206951160412492,0.9227830965340049,0.9230664498229731,0.927814307244548,0.927814307244548,0.927814307244548,0.927814307244548,0.005994859485807115,0.005031210710543149,0.007119191203298869,0.007604016187784279,11.603973103560307,10.430574194954271,12.648505493846912,12.806248474865697,0.043514899138351146,0.03911465323107851,0.047431895601925914,0.04802343178074636,1.000094985864969,0.9791121880920005,1.0289249158433456,1.0566356720202874,0.0,0.0,0.0,0.0,0.0,0.0,0.0,0.0,0.0,-0.0,0.0,-0.0,0.0,0.0,0.0,0.0,1.0,1.0,1.0,1.0,0.16701066428067124,0.16701066428067124,0.16701066428067124,0.16701066428067124,0.0,0.0,0.0,0.0,0.9904083218926176,0.9893216460628734,0.991300898054162,0.99172846147148,0.009591678107382338,0.00869910194583805,0.010678353937126553,0.010897731749181764,0.0,0.0,0.0,0.0,0.023735393330493147,0.02308658180724394,0.02454477735732084,0.024556687353206062,0.9887382482714064,0.988116823764579,0.989502109896561,0.9895911325341749,1.0254796998413265,0.9938030737421446,1.0608913190294278,1.0932044012109756,1.1397897479369614,1.0638367671621356,1.29916630481505,1.3052922230261381,1.3320539457965839,1.1984624727493944,1.4982011114960436,1.5120369243100795,1.1657744645249573,1.1002958577293611,1.272235970146568,1.28189154691757,1.3320539457965839,1.1984624727493944,1.4982011114960436,1.5120369243100795,1.1349058836090329,1.1736065144077572,0.9996972542816726
base_stream,864,ercb_beta_0p006,softmax,token,0.006,32,12000.0,12000.0,12000.0,12000.0,32.0,32.0,32.0,32.0,32.0,32.0,32.0,32.0,45.0,45.0,45.0,45.0,45.0,45.0,45.0,45.0,266.6666666666667,266.6666666666667,266.6666666666667,266.6666666666667,77.15212733718447,76.70658380791502,77.64028059223261,77.92902754002088,23.90625,23.0,24.0,24.0,318.59375,315.0,322.0,324.0,0.922758511022624,0.9218552875993279,0.9235807630268101,0.9236920664665719,0.927814307244548,0.927814307244548,0.927814307244548,0.927814307244548,0.00505579622192414,0.004233544217737956,0.005959019645220142,0.006495508483030821,10.805225326138551,9.703721478867081,11.766264677393735,13.361636626301934,0.04051959497301956,0.03638895554575155,0.04412349254022651,0.05010613734863225,0.9989238965529603,0.9794472596086417,1.0193411023699237,1.0205423171733772,0.0,0.0,0.0,0.0,0.0,0.0,0.0,0.0,0.0,-0.0,0.0,-0.0,0.0,0.0,0.0,0.0,1.0,1.0,1.0,1.0,0.16701066428067124,0.16701066428067124,0.16701066428067124,0.16701066428067124,0.0,0.0,0.0,0.0,0.9886220294020762,0.9877745054734428,0.9894659593996932,0.9903808920507584,0.011377970597923885,0.010534040600306799,0.012225494526557202,0.012815012607056296,0.0,0.0,0.0,0.0,0.024089936554711727,0.023254035839758807,0.02513606627416858,0.025400862425522572,0.988660601165783,0.988132935963138,0.9892208015429099,0.9892548470556419,1.0100231559823485,0.9765606066765182,1.0502347704018542,1.0878139273299685,1.1383358493155522,1.0412651268839543,1.2287388953964904,1.2436643591611003,1.3581024659524192,1.210895738121414,1.4897586382020829,1.610652163046358,1.1688204904167734,1.089710422096675,1.2471648480550879,1.2893010511868195,1.3581024659524192,1.210895738121414,1.4897586382020829,1.610652163046358,1.1518583387698431,1.2018789454266776,0.9996187465487814
base_stream,864,ercb_beta_0p0065,softmax,token,0.0065,32,12000.0,12000.0,12000.0,12000.0,32.0,32.0,32.0,32.0,32.0,32.0,32.0,32.0,45.0,45.0,45.0,45.0,45.0,45.0,45.0,45.0,266.6666666666667,266.6666666666667,266.6666666666667,266.6666666666667,76.86460489488137,76.52806486719909,77.24453663380783,77.3419535425488,23.96875,24.0,24.0,24.0,317.375,314.0,321.0,322.0,0.9232893150162209,0.9225883828303378,0.9239089991011789,0.9240900456442727,0.927814307244548,0.927814307244548,0.927814307244548,0.927814307244548,0.004524992228327154,0.003905308143369246,0.005225924414210236,0.005406130096057615,10.445913460376055,9.570497356383317,11.466350640823045,11.77945480722922,0.0391721754764102,0.03588936508643743,0.042998814903086414,0.04417295552710957,1.0028591244228418,0.9870761981381451,1.0239719592766188,1.0465707027942421,0.0,0.0,0.0,0.0,0.0,0.0,0.0,0.0,0.0,-0.0,0.0,-0.0,0.0,0.0,0.0,0.0,1.0,1.0,1.0,1.0,0.16701066428067124,0.16701066428067124,0.16701066428067124,0.16701066428067124,0.0,0.0,0.0,0.0,0.9874200257348151,0.986453313378672,0.9882845303981153,0.9886606857318854,0.012579974265184772,0.01171546960188471,0.01354668662132801,0.014072244994353979,0.0,0.0,0.0,0.0,0.0242063180085344,0.02342916682575787,0.025083352139323584,0.025158313763211416,0.9886920506940905,0.9881957302537667,0.9892229741020622,0.9896306046758175,1.0221660217518398,0.9852278972109941,1.0678491372553478,1.0843880038840354,1.1295901595557758,1.0413261492338286,1.2229936124812737,1.2429095046351446,1.3679678618765154,1.2148766977048437,1.5024418613855914,1.5784628415127846,1.1732413477280437,1.1061274540167296,1.2375447722883237,1.2799656209321482,1.3679678618765154,1.2148766977048437,1.5024418613855914,1.5784628415127846,1.1574231084303752,1.1993584233964787,0.9996505446582935
base_stream,864,ercb_beta_0p007,softmax,token,0.007,32,12000.0,12000.0,12000.0,12000.0,32.0,32.0,32.0,32.0,32.0,32.0,32.0,32.0,45.0,45.0,45.0,45.0,45.0,45.0,45.0,45.0,266.6666666666667,266.6666666666667,266.6666666666667,266.6666666666667,76.49386439418376,76.16039508470901,76.75384296399183,76.913515645099,23.96875,24.0,24.0,24.0,317.75,314.55,323.0,325.0,0.9239715058115305,0.923493768465111,0.9245832345150378,0.9248816874003946,0.927814307244548,0.927814307244548,0.927814307244548,0.927814307244548,0.003842801433017507,0.0032310727295102428,0.00432053877943705,0.004614705143576536,9.75936279623253,8.697951177142174,10.574664333562108,11.099549540409287,0.03659761048587199,0.03261731691428315,0.0396549912508579,0.04162331077653482,1.0012774230282908,0.9850325861558211,1.0198342971986383,1.0239867659222497,0.0,0.0,0.0,0.0,0.0,0.0,0.0,0.0,0.0,-0.0,0.0,-0.0,0.0,0.0,0.0,0.0,1.0,1.0,1.0,1.0,0.16701066428067124,0.16701066428067124,0.16701066428067124,0.16701066428067124,0.0,0.0,0.0,0.0,0.9853772139845656,0.9841512021648348,0.9862159718440319,0.9865803484028316,0.014622786015434389,0.013784028155968112,0.01584879783516517,0.016331754689453616,0.0,0.0,0.0,0.0,0.02454097878247552,0.023565462656425992,0.02548680815711243,0.02558436830449393,0.9885162784182799,0.9880680606355181,0.9889812628059153,0.9893759682185063,1.0376683737705965,1.0100101043520642,1.0681935820711606,1.0858388852879726,1.1580617504102697,1.0509877067169378,1.2664276568364212,1.3104679620626192,1.4120894629838217,1.2598727774875247,1.5531918346323328,1.7111135569410487,1.202606529054896,1.1187677391405637,1.2971150127464068,1.3338660809591862,1.4120894629838217,1.2598727774875247,1.5531918346323328,1.7111135569410487,1.1734248858633611,1.218649639766497,0.9994728241525743
base_stream,880,ercb_beta_0,softmax,token,0.0,32,12000.0,12000.0,12000.0,12000.0,32.0,32.0,32.0,32.0,32.0,32.0,32.0,32.0,45.0,45.0,45.0,45.0,45.0,45.0,45.0,45.0,266.6666666666667,266.6666666666667,266.6666666666667,266.6666666666667,91.11433153276607,90.05588381892049,91.93696940544676,92.6858493334698,11.59375,8.0,15.0,16.0,330.03125,326.55,334.45,337.0,0.8954574142362142,0.8937651838978632,0.8976275927679692,0.8986850552607057,0.9233557054726138,0.9233557054726138,0.9233557054726138,0.9233557054726138,0.027898291236399666,0.025728112704644625,0.02959052157475059,0.031140837827113077,23.923264235782867,22.44453986736516,25.556161049746652,26.313494636782853,0.08971224088418575,0.08416702450261934,0.09583560393654994,0.09867560488793568,1.003085477714835,0.97609067737243,1.0313242920858832,1.034621578099839,0.0,0.0,0.0,0.0,0.0,0.0,0.0,0.0,0.0,-0.0,0.0,-0.0,0.0,0.0,0.0,0.0,1.0,1.0,1.0,1.0,0.05972588991616814,0.05972588991616814,0.05972588991616814,0.05972588991616814,0.0,0.0,0.0,0.0,1.0,1.0,1.0,1.0,0.0,0.0,0.0,0.0,0.0,0.0,0.0,0.0,0.020616205409489243,0.019966861465566036,0.021330893846745285,0.021785747727100093,0.9892008858837009,0.9885788220776732,0.9896428825518487,0.9897270924890996,0.9950106395126549,0.9517654424668203,1.037471133083198,1.0434086217293796,1.0066796815866148,0.9238978595417223,1.1045358583448792,1.1186994028908805,1.0052737938525356,0.8636492872714234,1.1740786680844224,1.227151083381037,1.0023213716506019,0.9305270440346926,1.086006394672784,1.1142678144451306,1.0589094863420112,0.9808462609725064,1.1740786680844224,1.227151083381037,1.0,1.0346663424747933,1.0
base_stream,880,ercb_beta_0p0035,softmax,token,0.0035,32,12000.0,12000.0,12000.0,12000.0,32.0,32.0,32.0,32.0,32.0,32.0,32.0,32.0,45.0,45.0,45.0,45.0,45.0,45.0,45.0,45.0,266.6666666666667,266.6666666666667,266.6666666666667,266.6666666666667,82.3627106138581,81.92782687628919,82.86084838583973,83.23994767471258,16.0,14.55,17.0,17.0,322.90625,319.55,327.45,328.0,0.912912194567954,0.9119494048064234,0.9137511098688342,0.9143771520009144,0.9233557054726138,0.9233557054726138,0.9233557054726138,0.9233557054726138,0.010443510904659788,0.009604595603779586,0.011406300666190416,0.012142082828955236,14.182490783549493,13.122506963593802,15.123679414897955,15.342026521218694,0.05318434043831059,0.04920940111347675,0.05671379780586733,0.0575325994545701,0.9990199854371572,0.9796853417448065,1.0190996527823795,1.0241545893719808,0.0,0.0,0.0,0.0,0.0,0.0,0.0,0.0,0.0,-0.0,0.0,-0.0,0.0,0.0,0.0,0.0,1.0,1.0,1.0,1.0,0.05972588991616814,0.05972588991616814,0.05972588991616814,0.05972588991616814,0.0,0.0,0.0,0.0,0.9955610901221272,0.9950544709250224,0.9961034725711643,0.9963482895925159,0.004438909877872822,0.0038965274288357424,0.00494552907497756,0.005093763893944198,0.0,0.0,0.0,0.0,0.022021326102243798,0.02143106739564955,0.022762453467148475,0.022948560657652436,0.9892761252673226,0.988815210653796,0.9898035553159227,0.9903284659857513,1.0125085719532962,0.9732156837657623,1.0456863276300792,1.0556338504574656,1.1399519771033675,1.0469055179893976,1.2029496571552198,1.2213411553215638,1.1395442500278947,1.029307736005516,1.2792534144405452,1.3913567353966476,1.097334933028186,1.0340677530815878,1.1662180673851001,1.2196153309679711,1.1695529446927875,1.0897625610847428,1.2792534144405452,1.3913567353966476,1.0681561259623367,1.1041049026738623,1.0000760607725845
base_stream,880,ercb_beta_0p004,softmax,token,0.004,32,12000.0,12000.0,12000.0,12000.0,32.0,32.0,32.0,32.0,32.0,32.0,32.0,32.0,45.0,45.0,45.0,45.0,45.0,45.0,45.0,45.0,266.6666666666667,266.6666666666667,266.6666666666667,266.6666666666667,81.5569481920368,81.02425017460226,82.10830531847309,82.25029550774339,16.5625,15.55,17.0,17.0,321.5,317.55,326.0,328.0,0.914462633365942,0.913403660552072,0.9154831483895558,0.9158840628159084,0.9233557054726138,0.9233557054726138,0.9233557054726138,0.9233557054726138,0.008893072106671798,0.007872557083057974,0.009952044920541825,0.010225752812694777,13.376727404787756,12.520328422911938,14.16946404591697,14.628738838327793,0.05016272776795408,0.04695123158591976,0.05313549017218863,0.05485777064372922,0.9938823354998966,0.9710381102362206,1.0209956776907518,1.028501628664495,0.0,0.0,0.0,0.0,0.0,0.0,0.0,0.0,0.0,-0.0,0.0,-0.0,0.0,0.0,0.0,0.0,1.0,1.0,1.0,1.0,0.05972588991616814,0.05972588991616814,0.05972588991616814,0.05972588991616814,0.0,0.0,0.0,0.0,0.9944162862063126,0.9936040577283078,0.9951208698540644,0.99556289817527,0.005583713793687307,0.004879130145935507,0.006395942271692165,0.006536487183882487,0.0,0.0,0.0,0.0,0.022328913883796285,0.021591747858427573,0.023242360484225677,0.02354504476474181,0.9892117733003225,0.9886940811718241,0.9896020031516499,0.9900429874972201,1.010533036168705,0.9494414932345576,1.0508137372573183,1.0926907944574518,1.177985460510647,1.1217431386168115,1.2421057248298035,1.2833466332953156,1.1873459968212279,1.057949114175852,1.2909315498068297,1.5109430062202998,1.1252881645001933,1.066645362368106,1.1790956312615408,1.2706383983825882,1.2070551530530986,1.1237365659388083,1.2909315498068297,1.5109430062202998,1.0830758347760114,1.1273830475868107,1.0000110062746375
base_stream,880,ercb_beta_0p0045,softmax,token,0.0045,32,12000.0,12000.0,12000.0,12000.0,32.0,32.0,32.0,32.0,32.0,32.0,32.0,32.0,45.0,45.0,45.0,45.0,45.0,45.0,45.0,45.0,266.6666666666667,266.6666666666667,266.6666666666667,266.6666666666667,80.83016925021467,80.25513286309538,81.42270776988337,81.60010893238918,16.5625,15.55,17.0,17.0,320.125,316.1,325.45,326.0,0.9158526351667335,0.9147209664104271,0.9169475093481202,0.9175090546674832,0.9233557054726138,0.9233557054726138,0.9233557054726138,0.9233557054726138,0.007503070305880211,0.006408196124493576,0.008634739062186708,0.00897489558267095,12.591127648795535,11.020711914028741,13.874764808030783,14.222048610051461,0.04721672868298325,0.04132766967760777,0.05203036803011543,0.05333268228769297,1.0005181072067224,0.9826227245693139,1.020575072918027,1.0245700245700247,0.0,0.0,0.0,0.0,0.0,0.0,0.0,0.0,0.0,-0.0,0.0,-0.0,0.0,0.0,0.0,0.0,1.0,1.0,1.0,1.0,0.05972588991616814,0.05972588991616814,0.05972588991616814,0.05972588991616814,0.0,0.0,0.0,0.0,0.9930395580830836,0.9923227644628825,0.9938529958467384,0.9945627504709699,0.006960441916916357,0.006147004153261653,0.007677235537117548,0.008563854808177219,0.0,0.0,0.0,0.0,0.022851064334153674,0.02208558877702376,0.023642989345907434,0.023806406641851442,0.9890724602498734,0.9886294561222643,0.9896186375272625,0.9899908433507755,0.9989079356482465,0.9597394948429941,1.0341752974494594,1.049585009480629,1.210221441398994,1.1405781192474407,1.2797944265634815,1.292155940946996,1.229767538719105,1.1078454199580072,1.359317531551761,1.400190193030998,1.146298971922115,1.0966069306043424,1.2001950822788496,1.2295067985425305,1.2453756318255653,1.1635401376878514,1.359317531551761,1.400190193030998,1.108403019870755,1.1468157634394263,0.9998701723424835
base_stream,880,ercb_beta_0p005,softmax,token,0.005,32,12000.0,12000.0,12000.0,12000.0,32.0,32.0,32.0,32.0,32.0,32.0,32.0,32.0,45.0,45.0,45.0,45.0,45.0,45.0,45.0,45.0,266.6666666666667,266.6666666666667,266.6666666666667,266.6666666666667,80.34259969526516,79.79937097180144,81.00545688458436,81.09445795559097,16.65625,16.0,17.0,17.0,320.59375,318.0,324.0,325.0,0.9167803828809691,0.9155190685293692,0.9178108173725593,0.9178743407080712,0.9233557054726138,0.9233557054726138,0.9233557054726138,0.9233557054726138,0.006575322591644853,0.005544888100054507,0.007836636943244612,0.008006617074491906,11.789320965883142,10.865996459778174,12.877535574483764,13.048627003124377,0.04420995362206177,0.04074748672416815,0.048290758404314106,0.04893235126171641,1.0015340254311345,0.980699328942463,1.019516063959978,1.0272052761747732,0.0,0.0,0.0,0.0,0.0,0.0,0.0,0.0,0.0,-0.0,0.0,-0.0,0.0,0.0,0.0,0.0,1.0,1.0,1.0,1.0,0.05972588991616814,0.05972588991616814,0.05972588991616814,0.05972588991616814,0.0,0.0,0.0,0.0,0.9917477644198238,0.9909226410704262,0.9929665031773625,0.993619029155642,0.008252235580176206,0.007033496822637509,0.009077358929573846,0.00914575918577665,0.0,0.0,0.0,0.0,0.02322411304520155,0.02237208669796822,0.023927688994065294,0.023965997891419028,0.9889006129456086,0.9882655422012445,0.9894515606049111,0.9898337967748548,1.002611038636949,0.9606713909805822,1.0620624069681404,1.0710918156707179,1.2580760129902635,1.1829423118992917,1.3231249890259467,1.3414900227784916,1.285469299295575,1.1552026953015424,1.3955746293813969,1.4393504884081214,1.1820521169742624,1.1143620270448171,1.2359550364215157,1.2725030591910562,1.3009274655926029,1.2179524365354313,1.3955746293813969,1.4393504884081214,1.1264979458592286,1.1606252711787515,0.9996964489798005
base_stream,880,ercb_beta_0p0055,softmax,token,0.0055,32,12000.0,12000.0,12000.0,12000.0,32.0,32.0,32.0,32.0,32.0,32.0,32.0,32.0,45.0,45.0,45.0,45.0,45.0,45.0,45.0,45.0,266.6666666666667,266.6666666666667,266.6666666666667,266.6666666666667,79.86999073103453,79.42833132901761,80.2628292949841,80.44183543958262,16.9375,16.55,17.0,17.0,319.53125,316.0,323.45,325.0,0.9176767611188663,0.9169329013574001,0.9185112077041274,0.9187213007256175,0.9233557054726138,0.9233557054726138,0.9233557054726138,0.9233557054726138,0.005678944353747436,0.004844497768486366,0.00642280411521372,0.006762795891639972,11.268294380336862,10.279209511400115,12.481271565356504,13.019643278950124,0.042256103926263236,0.038547035667750425,0.04680476837008689,0.04882366229606296,1.0052369707164976,0.9876324091224821,1.0306219465223296,1.0362737015663643,0.0,0.0,0.0,0.0,0.0,0.0,0.0,0.0,0.0,-0.0,0.0,-0.0,0.0,0.0,0.0,0.0,1.0,1.0,1.0,1.0,0.05972588991616814,0.05972588991616814,0.05972588991616814,0.05972588991616814,0.0,0.0,0.0,0.0,0.9904951206328918,0.9898534633977412,0.9914036674324089,0.9917502695016638,0.009504879367108214,0.008596332567591033,0.01014653660225889,0.010306230569142325,0.0,0.0,0.0,0.0,0.023386540019733906,0.022622496460952192,0.024057859577573202,0.024106369175826113,0.9889927729477805,0.988195431670154,0.9894565779876803,0.9895837594054407,0.9965722065288296,0.9628682753702184,1.0364881632319722,1.0852420263014595,1.2683483480825894,1.2071791988887528,1.319108153082942,1.3270594533153894,1.2862530416182243,1.1482327326235502,1.4175932662837227,1.422967923892022,1.1837245320765477,1.1263925992537482,1.2237089217370272,1.2351921730328088,1.3088718403726154,1.2326651310655234,1.4175932662837227,1.422967923892022,1.1343765525817633,1.1669392645117822,0.9997896150934656
base_stream,880,ercb_beta_0p006,softmax,token,0.006,32,12000.0,12000.0,12000.0,12000.0,32.0,32.0,32.0,32.0,32.0,32.0,32.0,32.0,45.0,45.0,45.0,45.0,45.0,45.0,45.0,45.0,266.6666666666667,266.6666666666667,266.6666666666667,266.6666666666667,79.47226692164463,79.07750173911927,79.83925338635137,80.1562363277008,16.90625,16.0,17.0,17.0,319.1875,315.55,324.0,329.0,0.9184277975043598,0.9177354041148212,0.9191714070364146,0.9194863289623252,0.9233557054726138,0.9233557054726138,0.9233557054726138,0.9233557054726138,0.0049279079682540555,0.004184298436199168,0.005620301357792584,0.006220583381866707,10.611294056515142,9.561884417602581,11.580154455629454,11.794537341969422,0.03979235271193178,0.03585706656600968,0.04342557920861045,0.04422951503238533,0.9997109920769731,0.9822132608683029,1.0166843975446656,1.0293877551020407,0.0,0.0,0.0,0.0,0.0,0.0,0.0,0.0,0.0,-0.0,0.0,-0.0,0.0,0.0,0.0,0.0,1.0,1.0,1.0,1.0,0.05972588991616814,0.05972588991616814,0.05972588991616814,0.05972588991616814,0.0,0.0,0.0,0.0,0.9887618017346456,0.987996798343128,0.9897309793742362,0.9898838136430208,0.01123819826535449,0.010269020625763839,0.012003201656871975,0.012442214886347714,0.0,0.0,0.0,0.0,0.02373458653130138,0.023102405410212613,0.0242754960405341,0.02456389408237026,0.9889579860188371,0.9885124232629473,0.9893974938466962,0.9896826526909933,1.0092094232867936,0.9608250088214364,1.0477077252760307,1.0484970235536217,1.2913933877217185,1.2167544692590566,1.3419128139366745,1.37520220404316,1.352578004436645,1.2157615695729214,1.464199315222433,1.5300222576147036,1.217726938481719,1.1611891814747644,1.265392185779451,1.297949132035266,1.3636531096262625,1.2662721261804717,1.464199315222433,1.5300222576147036,1.151258733596863,1.177495836811975,0.999754448395336
base_stream,880,ercb_beta_0p0065,softmax,token,0.0065,32,12000.0,12000.0,12000.0,12000.0,32.0,32.0,32.0,32.0,32.0,32.0,32.0,32.0,45.0,45.0,45.0,45.0,45.0,45.0,45.0,45.0,266.6666666666667,266.6666666666667,266.6666666666667,266.6666666666667,79.09360017555663,78.76131309222396,79.43203743782362,79.57609914764329,17.0,17.0,17.0,17.0,317.625,315.0,321.0,323.0,0.9191407392119688,0.9185042216969129,0.9197647529357776,0.9201414947583565,0.9233557054726138,0.9233557054726138,0.9233557054726138,0.9233557054726138,0.004214966260644975,0.003590952536836134,0.004851483775700877,0.0051231653774160835,9.919575707078577,8.810668990026018,11.176296237723294,11.775681155103795,0.03719840890154466,0.03304000871259757,0.04191111089146235,0.044158804331639226,1.000460340024506,0.978743045792765,1.0184481948405497,1.0213815789473684,0.0,0.0,0.0,0.0,0.0,0.0,0.0,0.0,0.0,-0.0,0.0,-0.0,0.0,0.0,0.0,0.0,1.0,1.0,1.0,1.0,0.05972588991616814,0.05972588991616814,0.05972588991616814,0.05972588991616814,0.0,0.0,0.0,0.0,0.9871514855046384,0.9861633911930263,0.9880971498390355,0.9881796109254586,0.012848514495361524,0.011902850160964424,0.01383660880697358,0.014491542551964496,0.0,0.0,0.0,0.0,0.02392520548973096,0.023283199846555875,0.02455727397078167,0.024811132677394484,0.9888578329521375,0.9882792008835503,0.9892624936602578,0.989284254000807,1.0076205445591162,0.9626855411694232,1.063977524807396,1.1149306971362802,1.313072399759979,1.245838209699339,1.3976496195288604,1.4632918678749791,1.378992360170494,1.2052333403759141,1.5253592277457702,1.6053008276610048,1.233228434829863,1.147859070855223,1.3129011647880315,1.3321032987903514,1.3909858886620552,1.255496159682777,1.5253592277457702,1.6053008276610048,1.1605048074811404,1.191163625071296,0.9996532019567926
base_stream,880,ercb_beta_0p007,softmax,token,0.007,32,12000.0,12000.0,12000.0,12000.0,32.0,32.0,32.0,32.0,32.0,32.0,32.0,32.0,45.0,45.0,45.0,45.0,45.0,45.0,45.0,45.0,266.6666666666667,266.6666666666667,266.6666666666667,266.6666666666667,78.82912758154698,78.58263871385202,79.15912207487449,79.17968314045102,17.0,17.0,17.0,17.0,318.3125,315.55,321.45,325.0,0.9196373609233865,0.9190180007741058,0.9200993224363674,0.9202102910567638,0.9233557054726138,0.9233557054726138,0.9233557054726138,0.9233557054726138,0.003718344549227315,0.0032563830362464076,0.0043377046985080435,0.004376369871698982,9.474190608723706,8.80096113912009,10.146874882413407,10.513483406242354,0.035528214782713896,0.03300360427170034,0.03805078080905027,0.03942556277340883,1.0018615613624382,0.9828362678985642,1.0257899157788377,1.0288540807914262,0.0,0.0,0.0,0.0,0.0,0.0,0.0,0.0,0.0,-0.0,0.0,-0.0,0.0,0.0,0.0,0.0,1.0,1.0,1.0,1.0,0.05972588991616814,0.05972588991616814,0.05972588991616814,0.05972588991616814,0.0,0.0,0.0,0.0,0.9854866717586162,0.9844058793658836,0.9868205211184248,0.9870431263523703,0.014513328241383863,0.013179478881575207,0.015594120634116313,0.016020975271952884,0.0,0.0,0.0,0.0,0.024215754395901255,0.023521539348010496,0.024882793361126775,0.0250818803104891,0.9887562770035648,0.9881901858996531,0.989213392186738,0.9892790958801422,1.0161838826245424,0.9573537732227322,1.0738950567391807,1.0826914930709315,1.3438191676303604,1.2840172207105098,1.4139471712628267,1.4477458203716131,1.40977789985384,1.271442105676422,1.569432436130096,1.6129464095443526,1.2565936500362476,1.19622688051142,1.3278677541025323,1.3536678226265124,1.417979198706675,1.2955033179443258,1.569432436130096,1.6129464095443526,1.1745980365889839,1.2069531160993237,0.9995505373211034
base_stream,896,ercb_beta_0,softmax,token,0.0,32,12000.0,12000.0,12000.0,12000.0,32.0,32.0,32.0,32.0,32.0,32.0,32.0,32.0,45.0,45.0,45.0,45.0,45.0,45.0,45.0,45.0,266.6666666666667,266.6666666666667,266.6666666666667,266.6666666666667,92.6738640281321,91.65148091638842,93.6287048568887,93.85426054379323,8.0625,6.0,10.0,11.0,330.65625,326.0,335.0,336.0,0.8922374548667188,0.8902524514484933,0.8943535646930562,0.8956385202932097,0.9192702602856287,0.9192702602856287,0.9192702602856287,0.9192702602856287,0.02703280541891,0.024916695592572535,0.029017808837135443,0.029488623821487536,23.301615546692354,22.048160480177554,24.248050801518897,24.44404040070117,0.08738105830009632,0.08268060180066582,0.09093019050569585,0.09166515150262938,1.0010630974218548,0.9828133409402496,1.015114161088777,1.0322841000807101,0.0,0.0,0.0,0.0,0.0,0.0,0.0,0.0,0.0,-0.0,0.0,-0.0,0.0,0.0,0.0,0.0,1.0,1.0,1.0,1.0,0.05972588991616814,0.05972588991616814,0.05972588991616814,0.05972588991616814,0.0,0.0,0.0,0.0,1.0,1.0,1.0,1.0,0.0,0.0,0.0,0.0,0.0,0.0,0.0,0.0,0.020310648297840954,0.019745046828136586,0.020989885660851085,0.021045015804670605,0.9894041015886736,0.9887603905685647,0.989852998489463,0.9899756200336323,0.9899277988958157,0.9495956434271016,1.045515919439825,1.063546431247273,0.9936140986807507,0.9185294307895996,1.0665463680033809,1.1206402665384525,0.9910434988359904,0.8887050792287878,1.0914987746703269,1.1360221436459237,0.9915284654708523,0.9289764223401353,1.0498428102615263,1.075655127308736,1.0327375970036443,0.9653930901215856,1.0914987746703269,1.1360221436459237,1.0,1.033442426507003,1.0
base_stream,896,ercb_beta_0p0035,softmax,token,0.0035,32,12000.0,12000.0,12000.0,12000.0,32.0,32.0,32.0,32.0,32.0,32.0,32.0,32.0,45.0,45.0,45.0,45.0,45.0,45.0,45.0,45.0,266.6666666666667,266.6666666666667,266.6666666666667,266.6666666666667,84.34339879169093,83.75041585148666,85.0353390399081,85.66861216986716,10.59375,9.55,11.0,11.0,323.84375,320.1,329.45,331.0,0.9090581055557839,0.9076995203986037,0.9102193791755698,0.9103048212588036,0.9192702602856287,0.9192702602856287,0.9192702602856287,0.9192702602856287,0.010212154729844793,0.009050881110058862,0.011570739887025094,0.012821443484599904,13.9771914878501,12.702037304774793,14.830156922664823,15.267976654131717,0.05241446807943787,0.04763263989290547,0.05561308845999308,0.05725491245299393,0.9975186040454979,0.9756507382417804,1.0188878443310354,1.0233494363929148,0.0,0.0,0.0,0.0,0.0,0.0,0.0,0.0,0.0,-0.0,0.0,-0.0,0.0,0.0,0.0,0.0,1.0,1.0,1.0,1.0,0.05972588991616814,0.05972588991616814,0.05972588991616814,0.05972588991616814,0.0,0.0,0.0,0.0,0.9957158535216324,0.9950137477886737,0.9964936903895089,0.997109524553097,0.0042841464783676085,0.003506309610491118,0.004986252211326395,0.00510475069979884,0.0,0.0,0.0,0.0,0.021921499338585917,0.021340139932429333,0.022542942414142394,0.022724260935659307,0.9893360068532737,0.9888834539226298,0.989837902699566,0.9900596121481358,1.0030951042378273,0.9684514643382576,1.0477077829902943,1.0704245306196785,1.1492840741444568,1.076787327895611,1.23287522247409,1.2888591453746505,1.1716965049493717,1.0619310087698777,1.2836190764265425,1.3754802305430964,1.1080252277772187,1.0538023161393644,1.1647905355788506,1.2188792519765148,1.185516943280052,1.1017582372225916,1.2836190764265425,1.3754802305430964,1.079310665869597,1.109907575748763,0.9999311760126216
base_stream,896,ercb_beta_0p004,softmax,token,0.004,32,12000.0,12000.0,12000.0,12000.0,32.0,32.0,32.0,32.0,32.0,32.0,32.0,32.0,45.0,45.0,45.0,45.0,45.0,45.0,45.0,45.0,266.6666666666667,266.6666666666667,266.6666666666667,266.6666666666667,83.56553313656549,82.97567928226111,84.16991753485095,84.41405886067399,10.8125,10.0,11.0,11.0,322.53125,319.1,326.45,328.0,0.9105787135869178,0.9093993931282168,0.9117267042211925,0.9128262355388356,0.9192702602856287,0.9192702602856287,0.9192702602856287,0.9192702602856287,0.008691546698710986,0.00754355606443623,0.00987086715741196,0.010349257450363303,13.052226985350432,11.964705957867851,14.267482534084593,14.584618990947659,0.048945851195064116,0.044867647342004435,0.05350305950281722,0.05469232121605372,1.0005023253212815,0.9825796029906589,1.0259828809671716,1.0393765381460214,0.0,0.0,0.0,0.0,0.0,0.0,0.0,0.0,0.0,-0.0,0.0,-0.0,0.0,0.0,0.0,0.0,1.0,1.0,1.0,1.0,0.05972588991616814,0.05972588991616814,0.05972588991616814,0.05972588991616814,0.0,0.0,0.0,0.0,0.994562759189721,0.9938153792547694,0.9951548450693072,0.9953933929029589,0.005437240810278996,0.004845154930692847,0.006184620745230663,0.006754726040035963,0.0,0.0,0.0,0.0,0.022204693704278133,0.02148610468344074,0.022949856169673547,0.023347506463226354,0.9892348699965852,0.9887786866143905,0.989662653090197,0.9897948107254889,1.002641775370404,0.9614866517173115,1.0454755437780063,1.0612704619131383,1.1732271647640258,1.0730807416122634,1.270938677804382,1.286942431141604,1.1858653788825402,1.0454543200297999,1.3181533266830017,1.3764752282907013,1.1205781063389901,1.047752717456193,1.1982809696815153,1.2173726892543533,1.198409310432308,1.0983765028008865,1.3181533266830017,1.3764752282907013,1.0932538134018361,1.1299420793039454,0.9998289560435248
base_stream,896,ercb_beta_0p0045,softmax,token,0.0045,32,12000.0,12000.0,12000.0,12000.0,32.0,32.0,32.0,32.0,32.0,32.0,32.0,32.0,45.0,45.0,45.0,45.0,45.0,45.0,45.0,45.0,266.6666666666667,266.6666666666667,266.6666666666667,266.6666666666667,82.9790454310656,82.4929290285943,83.5613769822272,83.86417590365984,10.84375,10.0,11.0,11.0,321.5,317.0,326.0,333.0,0.9117193938768224,0.9105880274608881,0.9126614942668457,0.9129460311953659,0.9192702602856287,0.9192702602856287,0.9192702602856287,0.9192702602856287,0.0075508664088062664,0.006608766018783052,0.00868223282474066,0.009272973215040836,12.343397010883866,11.328620419584228,13.638588441820293,13.647954669717608,0.04628773879081449,0.04248232657344085,0.05114470665682609,0.051179830011441024,1.0004429282671912,0.9700659529294846,1.0244639793169565,1.0319672131147541,0.0,0.0,0.0,0.0,0.0,0.0,0.0,0.0,0.0,-0.0,0.0,-0.0,0.0,0.0,0.0,0.0,1.0,1.0,1.0,1.0,0.05972588991616814,0.05972588991616814,0.05972588991616814,0.05972588991616814,0.0,0.0,0.0,0.0,0.9932995452727637,0.992592423176283,0.9942552153689986,0.9945233093395941,0.006700454727236385,0.005744784631001308,0.007407576823716906,0.007438605551522505,0.0,0.0,0.0,0.0,0.022508224357956443,0.021911740608079364,0.02331556735715053,0.02339818174643298,0.9892643837168796,0.9887970485922213,0.9896457624724095,0.9902685445913855,1.0045645090041821,0.9711679676973879,1.052788914882807,1.060867712458898,1.1995557342378393,1.1242084356245292,1.316915598515461,1.357814203875879,1.2265907475098157,1.095246561186643,1.4482959903399193,1.469898281857621,1.1435703302506124,1.087869497726136,1.2467398017429892,1.275377359935271,1.243288912311534,1.137054696386531,1.4482959903399193,1.469898281857621,1.1081982233107297,1.1479479638091612,0.9998587858372836
base_stream,896,ercb_beta_0p005,softmax,token,0.005,32,12000.0,12000.0,12000.0,12000.0,32.0,32.0,32.0,32.0,32.0,32.0,32.0,32.0,45.0,45.0,45.0,45.0,45.0,45.0,45.0,45.0,266.6666666666667,266.6666666666667,266.6666666666667,266.6666666666667,82.38795957050608,82.11153611440702,82.79769576870113,83.18920870187698,10.78125,10.0,11.0,11.0,321.84375,318.55,327.0,328.0,0.9128638280610916,0.9120717592379315,0.9133974486464863,0.9134328290042326,0.9192702602856287,0.9192702602856287,0.9192702602856287,0.9192702602856287,0.006406432224537139,0.005872811639142444,0.007198501047697264,0.007958027627615771,11.908312053330114,10.95220912171027,13.100977984204816,13.432961119739923,0.044656170199987924,0.04107078420641351,0.049128667440768055,0.05037360419902471,0.9970525466748297,0.9738770795412599,1.0257746240346837,1.0329218106995885,0.0,0.0,0.0,0.0,0.0,0.0,0.0,0.0,0.0,-0.0,0.0,-0.0,0.0,0.0,0.0,0.0,1.0,1.0,1.0,1.0,0.05972588991616814,0.05972588991616814,0.05972588991616814,0.05972588991616814,0.0,0.0,0.0,0.0,0.9919165524286085,0.9912656407376681,0.9928605356119685,0.9932064437630183,0.008083447571391488,0.007139464388031537,0.008734359262331907,0.00909872101610452,0.0,0.0,0.0,0.0,0.02273117043368883,0.022056363741960693,0.02341123854778637,0.023659604482621173,0.9892789898639698,0.9887863953798464,0.9897672846747277,0.989877634755308,1.0049002142767747,0.9514842975046041,1.0521760078071194,1.067575254878056,1.2241784784645275,1.1236636798162327,1.325351422455444,1.3480486997562449,1.2393583565065938,1.1370048378013249,1.3739021723104432,1.4403408544001928,1.1561456830826322,1.081754017259567,1.2425858134032595,1.2754132313626043,1.251242426670419,1.1510211880671246,1.3739021723104432,1.4403408544001928,1.1191750307697061,1.1526583595204596,0.9998735484070634
base_stream,896,ercb_beta_0p0055,softmax,token,0.0055,32,12000.0,12000.0,12000.0,12000.0,32.0,32.0,32.0,32.0,32.0,32.0,32.0,32.0,45.0,45.0,45.0,45.0,45.0,45.0,45.0,45.0,266.6666666666667,266.6666666666667,266.6666666666667,266.6666666666667,81.77622329826963,81.40244274464396,82.2333400864295,82.23705571902082,10.96875,11.0,11.0,11.0,321.40625,318.0,325.45,326.0,0.9140421168909458,0.9131626546741156,0.9147597954565716,0.9148330458279896,0.9192702602856287,0.9192702602856287,0.9192702602856287,0.9192702602856287,0.0052281433946828465,0.004510464829057115,0.006107605611513139,0.006114771593347279,10.82763274728511,9.632570186636976,11.967628690391226,12.181953866272849,0.040603622802319154,0.03612213819988865,0.0448786075889671,0.04568232699852318,0.9975685797323117,0.982324322788676,1.01384610014111,1.015472312703583,0.0,0.0,0.0,0.0,0.0,0.0,0.0,0.0,0.0,-0.0,0.0,-0.0,0.0,0.0,0.0,0.0,1.0,1.0,1.0,1.0,0.05972588991616814,0.05972588991616814,0.05972588991616814,0.05972588991616814,0.0,0.0,0.0,0.0,0.9902680601949152,0.9890399611079299,0.9910462529710128,0.9913876982645478,0.009731939805084876,0.008953747028987135,0.010960038892070097,0.011044149949628287,0.0,0.0,0.0,0.0,0.023274501959833542,0.02232506466722284,0.023979875038156254,0.024521683848846076,0.9889202685838832,0.9884851375692956,0.9895527598489576,0.989761522235453,1.0000604936715827,0.954801873269617,1.0321240701843728,1.0470225448470694,1.2755744198928234,1.1474070533338294,1.3652546182288423,1.4439977692022405,1.314148115297721,1.1742400174471124,1.4615874282823889,1.497876616778718,1.1965943429540424,1.1093365567460713,1.2697398726052673,1.322302765979392,1.3232627649673465,1.1978481234511646,1.4615874282823889,1.497876616778718,1.1459260983957686,1.1806553235775021,0.9995109854466809
base_stream,896,ercb_beta_0p006,softmax,token,0.006,32,12000.0,12000.0,12000.0,12000.0,32.0,32.0,32.0,32.0,32.0,32.0,32.0,32.0,45.0,45.0,45.0,45.0,45.0,45.0,45.0,45.0,266.6666666666667,266.6666666666667,266.6666666666667,266.6666666666667,81.51522157788632,81.13737322076827,81.96287056881874,82.21759746753327,11.0,11.0,11.0,11.0,320.46875,317.55,324.45,325.0,0.9145431186799462,0.9136835693117887,0.9152670636320069,0.9154496431176782,0.9192702602856287,0.9192702602856287,0.9192702602856287,0.9192702602856287,0.004727141605682508,0.004003196653621815,0.005586690973840042,0.006077246668779401,10.538984580209782,9.287710051539735,11.553275289119462,11.758684733704985,0.03952119217578669,0.034828912693274004,0.043324782334197974,0.04409506775139369,0.998452092187488,0.9791300877893057,1.0150243910532952,1.0186839967506092,0.0,0.0,0.0,0.0,0.0,0.0,0.0,0.0,0.0,-0.0,0.0,-0.0,0.0,0.0,0.0,0.0,1.0,1.0,1.0,1.0,0.05972588991616814,0.05972588991616814,0.05972588991616814,0.05972588991616814,0.0,0.0,0.0,0.0,0.9888885458984105,0.9880205263111802,0.9896789584584915,0.9902862988049473,0.011111454101589554,0.010321041541508534,0.011979473688819879,0.012251476987631299,0.0,0.0,0.0,0.0,0.023300305479512878,0.02240404308526207,0.023997131600535432,0.02417089062263753,0.9890117058622339,0.9884681804108918,0.989407919160197,0.9897584953514253,0.9991009391634427,0.9535146337932087,1.0368469670552893,1.061414326744827,1.275607073740453,1.1689226235366554,1.3671789260185991,1.3841841793887621,1.3106007027697026,1.1749951814458255,1.459951916423759,1.5105708574033,1.1951029052245328,1.1177657806355974,1.2777760814598305,1.2946439671083538,1.3214440450353977,1.1996699525323253,1.459951916423759,1.5105708574033,1.1471965413329386,1.1815049548707097,0.9996034019610291
base_stream,896,ercb_beta_0p0065,softmax,token,0.0065,32,12000.0,12000.0,12000.0,12000.0,32.0,32.0,32.0,32.0,32.0,32.0,32.0,32.0,45.0,45.0,45.0,45.0,45.0,45.0,45.0,45.0,266.6666666666667,266.6666666666667,266.6666666666667,266.6666666666667,81.09344430987059,80.77531075580643,81.46398124978403,81.58267789998888,10.96875,11.0,11.0,11.0,319.4375,316.55,324.35,328.0,0.915350642689577,0.9146418576477999,0.9159581765273236,0.9163125977519416,0.9192702602856287,0.9192702602856287,0.9192702602856287,0.9192702602856287,0.003919617596051684,0.0033120837583051456,0.004628402637828854,0.0048560054818106435,9.669313684379825,8.573211674833786,10.511976207178163,10.840254199561517,0.03625992631642434,0.0321495437806267,0.03941991077691811,0.04065095324835569,1.0009952369490982,0.9816333118971061,1.025777312713114,1.0271158586688578,0.0,0.0,0.0,0.0,0.0,0.0,0.0,0.0,0.0,-0.0,0.0,-0.0,0.0,0.0,0.0,0.0,1.0,1.0,1.0,1.0,0.05972588991616814,0.05972588991616814,0.05972588991616814,0.05972588991616814,0.0,0.0,0.0,0.0,0.9871236616245668,0.9862075036282274,0.987921813673915,0.9882242929446009,0.012876338375433222,0.012078186326085007,0.013792496371772572,0.014012512798769566,0.0,0.0,0.0,0.0,0.023680373631329396,0.02280410753908651,0.024363284919775453,0.024627214452975138,0.9889875047939968,0.9881572700118186,0.9894638596613736,0.9895514822881674,0.9996240761577901,0.9566198227516811,1.0439148364679436,1.0587213733936178,1.3129433996376234,1.1992814982495141,1.4323015432858845,1.4479152358575134,1.359754806809334,1.1982843478786758,1.5188657231073543,1.5572429330583697,1.2241074275349157,1.1453370643358214,1.3106384054444,1.3185189038523006,1.3700322032675392,1.248379017254289,1.5188657231073543,1.5572429330583697,1.1659092946750818,1.1995326078471507,0.9995789417145048
base_stream,896,ercb_beta_0p007,softmax,token,0.007,32,12000.0,12000.0,12000.0,12000.0,32.0,32.0,32.0,32.0,32.0,32.0,32.0,32.0,45.0,45.0,45.0,45.0,45.0,45.0,45.0,45.0,266.6666666666667,266.6666666666667,266.6666666666667,266.6666666666667,80.86698770820223,80.58684500427911,81.28051499689833,81.34453474778336,11.0,11.0,11.0,11.0,319.21875,316.55,325.0,325.0,0.9157830532513106,0.9149932659231889,0.9163171124081394,0.9163603541274589,0.9192702602856287,0.9192702602856287,0.9192702602856287,0.9192702602856287,0.0034872070343181273,0.0029531478774893647,0.0042769943624398395,0.0043995515295727206,9.40770470462309,8.584095582398692,10.335279745772251,10.641637300925288,0.03527889264233658,0.0321903584339951,0.03875729904664594,0.039906139878469825,0.9991361706321047,0.9819622954354982,1.0225820032178414,1.0230263157894737,0.0,0.0,0.0,0.0,0.0,0.0,0.0,0.0,0.0,-0.0,0.0,-0.0,0.0,0.0,0.0,0.0,1.0,1.0,1.0,1.0,0.05972588991616814,0.05972588991616814,0.05972588991616814,0.05972588991616814,0.0,0.0,0.0,0.0,0.9857554420261132,0.9847997667053394,0.9867546070373248,0.9873568399353394,0.014244557973886773,0.013245392962675235,0.015200233294660543,0.015449097940898352,0.0,0.0,0.0,0.0,0.02395282528371684,0.02317075457415408,0.024690099571931724,0.024907257042462133,0.9889257800395365,0.988557180920363,0.9893662033696993,0.9893801363588494,0.9993082740380503,0.9699250835130355,1.038321422141856,1.0625996891330336,1.3350244874776231,1.2430158813341308,1.4421308173063996,1.5006196280556952,1.4096722222930729,1.2961668070183225,1.523230710791958,1.5654944365536267,1.2480016612695821,1.1891722002428358,1.332851898226033,1.3463872103272194,1.4139797585697562,1.30812737838773,1.523230710791958,1.5654944365536267,1.1793235219509488,1.215623411417956,0.9995165559265732
long_stream,784,ercb_beta_0,softmax,token,0.0,32,18000.0,18000.0,18000.0,18000.0,32.0,32.0,32.0,32.0,32.0,32.0,32.0,32.0,54.0,54.0,54.0,54.0,54.0,54.0,54.0,54.0,333.3333333333333,333.3333333333333,333.3333333333333,333.3333333333333,137.8978717195098,136.63170967793357,139.05993053449527,139.5155639797675,13.625,10.55,17.9,19.0,448.40625,443.0,454.45,458.0,0.853865382253459,0.85176046050679,0.8561540884129345,0.856663370416387,0.9140778964995692,0.9140778964995692,0.9140778964995692,0.9140778964995692,0.06021251424611021,0.05792380808663466,0.06231743599277917,0.06314538792784241,57.13768639621734,55.293803676947995,58.875702816804264,59.14483165172686,0.17141305918865202,0.165881411030844,0.1766271084504128,0.1774344949551806,0.9984571113987416,0.9863379032453652,1.0121952317083185,1.019294117647059,0.0,0.0,0.0,0.0,0.0,0.0,0.0,0.0,0.0,-0.0,0.0,-0.0,0.0,0.0,0.0,0.0,1.0,1.0,1.0,1.0,0.07879664722763917,0.07879664722763917,0.07879664722763917,0.07879664722763917,0.0,0.0,0.0,0.0,1.0,1.0,1.0,1.0,0.0,0.0,0.0,0.0,0.0,0.0,0.0,0.0,0.02573885583368067,0.024979587376614393,0.02642387944844875,0.026769356842721415,0.9847756520041047,0.9841106167833995,0.985432920872353,0.9855110081798071,1.0009355019927515,0.9631357916917652,1.0426695799377268,1.0844323274612049,0.9950209307707936,0.9268645930610216,1.0950882657124055,1.1324748066694654,1.0048419468691123,0.9093875195234845,1.1139426136803705,1.1183690097257541,1.000266126544219,0.9395690079860224,1.0747582439663368,1.0847119086759767,1.035039438988251,0.9702561995196934,1.1164894384974469,1.1324748066694654,1.0,1.0266143770801066,1.0
long_stream,784,ercb_beta_0p0035,softmax,token,0.0035,32,18000.0,18000.0,18000.0,18000.0,32.0,32.0,32.0,32.0,32.0,32.0,32.0,32.0,54.0,54.0,54.0,54.0,54.0,54.0,54.0,54.0,333.3333333333333,333.3333333333333,333.3333333333333,333.3333333333333,115.25237302942514,114.54879065766832,116.31913797439798,116.43739376448902,22.5,21.0,24.0,24.0,425.5,419.1,434.0,434.0,0.8932163450939623,0.8914473110580715,0.8943801115853015,0.8954216197162289,0.9140778964995692,0.9140778964995692,0.9140778964995692,0.9140778964995692,0.020861551405606766,0.019697784914267623,0.022630585441497604,0.022827391828970867,30.803689956082838,29.402379353249316,32.382721694442814,33.15228610630154,0.09241106986824851,0.08820713805974795,0.09714816508332845,0.09945685831890462,1.0027686981819681,0.98270808683987,1.0247301333572274,1.029265873015873,0.0,0.0,0.0,0.0,0.0,0.0,0.0,0.0,0.0,-0.0,0.0,-0.0,0.0,0.0,0.0,0.0,1.0,1.0,1.0,1.0,0.07879664722763917,0.07879664722763917,0.07879664722763917,0.07879664722763917,0.0,0.0,0.0,0.0,0.9901114194065829,0.9892599677620127,0.9909102586077502,0.9909441743928761,0.009888580593417195,0.009089741392249807,0.010740032237987217,0.010801799901785642,0.0,0.0,0.0,0.0,0.03346984285461947,0.03247944074596259,0.034279494085433945,0.034408065234734636,0.9827748327298,0.9820607084796341,0.9832741426493494,0.9835868783991619,1.0297244804784693,0.9853918901931196,1.0658601830183898,1.0707303183286674,1.6126937083173205,1.5221924834861809,1.7159539585869004,1.746600256620514,1.9445039113122857,1.8190547994846913,2.105305113267318,2.13189134729792,1.5289740333693587,1.4585713305000774,1.6099371742146897,1.6340585820509805,1.9445039113122857,1.8190547994846913,2.105305113267318,2.13189134729792,1.3003624974977477,1.3318188775344626,0.997968248635887
long_stream,784,ercb_beta_0p004,softmax,token,0.004,32,18000.0,18000.0,18000.0,18000.0,32.0,32.0,32.0,32.0,32.0,32.0,32.0,32.0,54.0,54.0,54.0,54.0,54.0,54.0,54.0,54.0,333.3333333333333,333.3333333333333,333.3333333333333,333.3333333333333,113.35627933196655,112.64639721170771,114.29146453812972,114.89802241794919,22.9375,21.0,24.0,24.0,421.75,418.0,428.45,431.0,0.8963397218645959,0.8948042609654092,0.8975026011998881,0.8978541286325682,0.9140778964995692,0.9140778964995692,0.9140778964995692,0.9140778964995692,0.017738174634973247,0.01657529529968102,0.01927363553415997,0.020274279455091748,28.592196439593344,27.047537322391765,30.65743682970187,30.906669542709096,0.08577658931878003,0.0811426119671753,0.0919723104891056,0.09272000862812729,1.0033270341549425,0.9837098886705959,1.0236038308360562,1.0303784860557768,0.0,0.0,0.0,0.0,0.0,0.0,0.0,0.0,0.0,-0.0,0.0,-0.0,0.0,0.0,0.0,0.0,1.0,1.0,1.0,1.0,0.07879664722763917,0.07879664722763917,0.07879664722763917,0.07879664722763917,0.0,0.0,0.0,0.0,0.9877755008857813,0.9869069886256635,0.9888158474238544,0.9890510058106086,0.012224499114218747,0.011184152576145528,0.013093011374336534,0.013509690254726217,0.0,0.0,0.0,0.0,0.03466104237103583,0.03356529427465013,0.0357002615458022,0.03594560167538669,0.9822678551610448,0.981684918160675,0.9830424957986211,0.983363466869086,1.0360871633377937,1.0050280155933315,1.0659285728846375,1.0709040262429346,1.7202962376488773,1.624988500396153,1.813627493956961,1.8637850648562164,2.109487878936439,1.9237202843080903,2.2586770547918187,2.317198382954358,1.6219570933077034,1.526579094879643,1.6922825657563716,1.7441122073469781,2.109487878936439,1.9237202843080903,2.2586770547918187,2.317198382954358,1.346642702185697,1.387018202226631,0.9974534333399122
long_stream,784,ercb_beta_0p0045,softmax,token,0.0045,32,18000.0,18000.0,18000.0,18000.0,32.0,32.0,32.0,32.0,32.0,32.0,32.0,32.0,54.0,54.0,54.0,54.0,54.0,54.0,54.0,54.0,333.3333333333333,333.3333333333333,333.3333333333333,333.3333333333333,111.77184808488282,111.07341238410362,112.59796814846335,112.64694107401823,23.03125,21.55,24.0,24.0,419.6875,415.0,425.8,431.0,0.8989267815617884,0.8975816853588525,0.9000609813168852,0.9007153481294844,0.9140778964995692,0.9140778964995692,0.9140778964995692,0.9140778964995692,0.015151114937780732,0.014016915182683942,0.016496211140716633,0.01657618227129498,26.449494616811663,25.589140783866082,27.441540824621608,28.0,0.07934848385043498,0.07676742235159824,0.08232462247386482,0.084,1.0009836358161122,0.985025006604857,1.0149281108113444,1.0169154228855721,0.0,0.0,0.0,0.0,0.0,0.0,0.0,0.0,0.0,-0.0,0.0,-0.0,0.0,0.0,0.0,0.0,1.0,1.0,1.0,1.0,0.07879664722763917,0.07879664722763917,0.07879664722763917,0.07879664722763917,0.0,0.0,0.0,0.0,0.9849584308748917,0.9839146472311866,0.9857536519828239,0.9862967471804015,0.015041569125108335,0.0142463480171761,0.016085352768813406,0.016422885189141288,0.0,0.0,0.0,0.0,0.035702288487141534,0.03485868010345665,0.03653453176168169,0.03661121846109108,0.9817805551578911,0.9810570612491017,0.9824849670537372,0.9827165065798228,1.0422214724665297,0.999422783768221,1.0773836031968436,1.0992289812042748,1.820691827147097,1.7078032623012362,1.959738318938014,1.9851531293108995,2.251054590034511,2.0798956532241735,2.4638607309431237,2.5543141586231566,1.7046559632160458,1.6092158356571749,1.821321817329384,1.8488334102289485,2.251054590034511,2.0798956532241735,2.4638607309431237,2.5543141586231566,1.387096952476931,1.419431073306464,0.9969585998190367
long_stream,784,ercb_beta_0p005,softmax,token,0.005,32,18000.0,18000.0,18000.0,18000.0,32.0,32.0,32.0,32.0,32.0,32.0,32.0,32.0,54.0,54.0,54.0,54.0,54.0,54.0,54.0,54.0,333.3333333333333,333.3333333333333,333.3333333333333,333.3333333333333,110.25546854984263,109.73432463855129,111.06492928539548,111.29939602511577,23.25,22.55,24.0,24.0,417.125,412.55,421.45,422.0,0.9013822954644681,0.9000748052209918,0.9022220472152694,0.9022610662319773,0.9140778964995692,0.9140778964995692,0.9140778964995692,0.9140778964995692,0.012695601035101062,0.011855849284299747,0.014003091278577334,0.01438307298370578,24.377419437098617,23.07067792646793,25.606366260403284,27.340784892144526,0.07313225831129586,0.0692120337794038,0.07681909878120986,0.08202235467643358,0.9992339676057005,0.9808980486034292,1.0145276168846882,1.0225903614457832,0.0,0.0,0.0,0.0,0.0,0.0,0.0,0.0,0.0,-0.0,0.0,-0.0,0.0,0.0,0.0,0.0,1.0,1.0,1.0,1.0,0.07879664722763917,0.07879664722763917,0.07879664722763917,0.07879664722763917,0.0,0.0,0.0,0.0,0.9821849557750131,0.9811889143516029,0.983286609325582,0.9840318273631808,0.01781504422498691,0.016713390674418002,0.01881108564839708,0.019028614741408434,0.0,0.0,0.0,0.0,0.03690280832441384,0.03614521760482477,0.03780368999065098,0.03796827948440833,0.9813591639570858,0.9807009997302035,0.9819719971486937,0.9822582872081147,1.0379895382381394,0.9887807821262419,1.0787701160184031,1.0825315031572116,1.9407015376331702,1.8069164472486918,2.063889412423379,2.0743422442755928,2.4279569674029946,2.2669081893241025,2.635396996228533,2.649422182596646,1.802216014424768,1.7133251447888496,1.9108486618380838,1.9172201838685357,2.4279569674029946,2.2669081893241025,2.635396996228533,2.649422182596646,1.4337392680883871,1.4687401116401928,0.9965306940316142
long_stream,784,ercb_beta_0p0055,softmax,token,0.0055,32,18000.0,18000.0,18000.0,18000.0,32.0,32.0,32.0,32.0,32.0,32.0,32.0,32.0,54.0,54.0,54.0,54.0,54.0,54.0,54.0,54.0,333.3333333333333,333.3333333333333,333.3333333333333,333.3333333333333,108.94439030705664,108.40459394898777,109.38709682228591,109.5507661788377,23.71875,23.0,24.0,24.0,415.75,411.0,420.0,422.0,0.9034889084971403,0.9027797946487675,0.9043520270931733,0.9046583572791375,0.9140778964995692,0.9140778964995692,0.9140778964995692,0.9140778964995692,0.010588988002428933,0.009725869406395827,0.011298101850801694,0.011560866755315424,22.6074554581171,21.460679695118493,23.92437649610474,24.487336107254087,0.06782236637435132,0.06438203908535549,0.07177312948831421,0.07346200832176226,1.0024096837526795,0.986386394891945,1.018326929255285,1.0216406643180675,0.0,0.0,0.0,0.0,0.0,0.0,0.0,0.0,0.0,-0.0,0.0,-0.0,0.0,0.0,0.0,0.0,1.0,1.0,1.0,1.0,0.07879664722763917,0.07879664722763917,0.07879664722763917,0.07879664722763917,0.0,0.0,0.0,0.0,0.9791286033915416,0.9781281386266257,0.9799707398407416,0.9800807339071302,0.020871396608458406,0.020029260159258423,0.02187186137337433,0.021990008758890314,0.0,0.0,0.0,0.0,0.03811313782581583,0.03733320877460856,0.03914829159114317,0.03950363036723031,0.9809070903303017,0.9798037063174218,0.9817418366199314,0.981855789114256,1.0515234332572727,1.00637749372857,1.0872916865750752,1.0984544483073988,2.0700908248051384,1.908343521966398,2.223039818635644,2.2404076980045833,2.6150543040151923,2.4423418418788794,2.7992198971776836,2.835796707030889,1.912222854025868,1.7965281164489049,2.032820273198686,2.0505162124425076,2.6150543040151923,2.4423418418788794,2.7992198971776836,2.835796707030889,1.4807627064736402,1.52098025817898,0.9960716314767428
long_stream,784,ercb_beta_0p006,softmax,token,0.006,32,18000.0,18000.0,18000.0,18000.0,32.0,32.0,32.0,32.0,32.0,32.0,32.0,32.0,54.0,54.0,54.0,54.0,54.0,54.0,54.0,54.0,333.3333333333333,333.3333333333333,333.3333333333333,333.3333333333333,107.96827024532685,107.6077323960874,108.40367781853405,108.47734018371456,23.6875,23.0,24.0,24.0,413.59375,409.0,418.45,420.0,0.9050471936369398,0.904353562692584,0.9056208854603838,0.9057191636589242,0.9140778964995692,0.9140778964995692,0.9140778964995692,0.9140778964995692,0.009030702862629438,0.008457011039185346,0.009724333806985152,0.009841912609437453,20.899663285134785,19.854377062620784,21.92607786388308,22.070593809662466,0.06269898985540437,0.059563131187862356,0.06577823359164925,0.0662117814289874,0.9986976443277191,0.9779229830642727,1.012238011581164,1.0131779016725797,0.0,0.0,0.0,0.0,0.0,0.0,0.0,0.0,0.0,-0.0,0.0,-0.0,0.0,0.0,0.0,0.0,1.0,1.0,1.0,1.0,0.07879664722763917,0.07879664722763917,0.07879664722763917,0.07879664722763917,0.0,0.0,0.0,0.0,0.9760193966708284,0.9750994806948156,0.9767129692080486,0.9768677372055047,0.023980603329171644,0.023287030791951314,0.02490051930518451,0.025026545099182288,0.0,0.0,0.0,0.0,0.03897645260852835,0.03830968634753023,0.0398789674617178,0.04001143704937777,0.9805290893840242,0.97971109101979,0.9812562828813702,0.9815143827960728,1.0520910780041577,1.0292319918871615,1.0796340675068647,1.0902965342954731,2.1732876810052177,2.0304384670391444,2.346995697998529,2.398327024281981,2.7654829621725714,2.6188758217538686,2.981909223314144,3.155090436833406,1.996953907060649,1.9057424604671371,2.116240812637929,2.194456131510289,2.7654829621725714,2.6188758217538686,2.981909223314144,3.155090436833406,1.5143040102631746,1.5493683060120347,0.9956877867446882
long_stream,784,ercb_beta_0p0065,softmax,token,0.0065,32,18000.0,18000.0,18000.0,18000.0,32.0,32.0,32.0,32.0,32.0,32.0,32.0,32.0,54.0,54.0,54.0,54.0,54.0,54.0,54.0,54.0,333.3333333333333,333.3333333333333,333.3333333333333,333.3333333333333,107.03011727106201,106.56095812358582,107.57815403392699,107.68592878950926,23.9375,23.55,24.0,24.0,412.375,408.55,417.0,422.0,0.9065364713330573,0.9056678688641537,0.9072786881017533,0.9075656487612032,0.9140778964995692,0.9140778964995692,0.9140778964995692,0.9140778964995692,0.0075414251665118955,0.006799208397815853,0.008410027635415467,0.008581260268656687,19.534548542758206,18.469209732984343,20.693018070920935,20.975294109093273,0.05860364562827462,0.05540762919895303,0.062079054212762816,0.06292588232727982,0.9987841748734695,0.9829012258543833,1.0193310938808668,1.0235655737704918,0.0,0.0,0.0,0.0,0.0,0.0,0.0,0.0,0.0,-0.0,0.0,-0.0,0.0,0.0,0.0,0.0,1.0,1.0,1.0,1.0,0.07879664722763917,0.07879664722763917,0.07879664722763917,0.07879664722763917,0.0,0.0,0.0,0.0,0.9727647299141304,0.9713630293417802,0.973767810129899,0.9740009276231584,0.027235270085869574,0.026232189870100984,0.028636970658219768,0.02914487379158504,0.0,0.0,0.0,0.0,0.03978716125961255,0.03901926124302136,0.04066143848980975,0.04083797775251764,0.9801034025028292,0.9793203793329335,0.980781761092704,0.9808776113194194,1.0550295775112657,1.0226123903160753,1.0944423470867337,1.1010680951653304,2.2301775888045254,2.1335915058256845,2.372138917648327,2.408632447085028,2.8705610839643825,2.7168314629294734,3.0674380030190167,3.1037479846552745,2.051922750093391,1.9638995729433264,2.1578721755731696,2.1819974083513856,2.8705610839643825,2.7168314629294734,3.0674380030190167,3.1037479846552745,1.54580147294461,1.579768687176921,0.9952555188668942
long_stream,784,ercb_beta_0p007,softmax,token,0.007,32,18000.0,18000.0,18000.0,18000.0,32.0,32.0,32.0,32.0,32.0,32.0,32.0,32.0,54.0,54.0,54.0,54.0,54.0,54.0,54.0,54.0,333.3333333333333,333.3333333333333,333.3333333333333,333.3333333333333,106.37417614234084,106.04358817290674,106.70535754930675,106.86180067940295,23.84375,23.0,24.0,24.0,411.78125,406.0,419.45,425.0,0.9075732076545148,0.9070506224144641,0.9080943305991173,0.908118396844107,0.9140778964995692,0.9140778964995692,0.9140778964995692,0.9140778964995692,0.006504688845054486,0.0059835659004519315,0.007027274085105023,0.007274604803620299,18.35493441748835,17.42913064706813,19.17027445690522,19.636511721601487,0.055064803252465065,0.0522873919412044,0.057510823370715655,0.05890953516480446,1.001641292294161,0.9822125373475221,1.0160456385798209,1.0182555780933065,0.0,0.0,0.0,0.0,0.0,0.0,0.0,0.0,0.0,-0.0,0.0,-0.0,0.0,0.0,0.0,0.0,1.0,1.0,1.0,1.0,0.07879664722763917,0.07879664722763917,0.07879664722763917,0.07879664722763917,0.0,0.0,0.0,0.0,0.9694067301214844,0.9681099512869537,0.9705426013547477,0.9707958472304898,0.030593269878515756,0.029457398645252285,0.031890048713046376,0.03218124844296907,0.0,0.0,0.0,0.0,0.040459143716348,0.03990665310031963,0.041172209742605485,0.041449051593621604,0.9798559567158105,0.979314070935425,0.9806036911988573,0.9807665854139564,1.0537269746612006,1.0137781391857517,1.0937680712087992,1.1105102145834445,2.3021317097258676,2.201790526522564,2.4107845918592674,2.486084725182774,2.9614817216511113,2.826139826249893,3.099163987552062,3.197924166348187,2.10578013534606,2.0279440376927633,2.193268123806838,2.2454865501330112,2.9614817216511113,2.826139826249893,3.099163987552062,3.197924166348187,1.5719091780064691,1.599613052291526,0.9950042476392646
long_stream,800,ercb_beta_0,softmax,token,0.0,32,18000.0,18000.0,18000.0,18000.0,32.0,32.0,32.0,32.0,32.0,32.0,32.0,32.0,54.0,54.0,54.0,54.0,54.0,54.0,54.0,54.0,333.3333333333333,333.3333333333333,333.3333333333333,333.3333333333333,140.93641937481374,139.65686558738946,142.369085232839,142.7385592483555,7.40625,4.55,10.0,11.0,450.15625,445.0,458.45,460.0,0.8483419263224217,0.8457227361390348,0.8506755139694693,0.8516366611414372,0.9072088630677086,0.9072088630677086,0.9072088630677086,0.9072088630677086,0.05886693674528701,0.056533349098239406,0.06148612692867384,0.06216367286775404,56.73692004410575,54.37496573743545,58.85845911654403,58.98273444799727,0.17021076013231726,0.16312489721230636,0.1765753773496321,0.1769482033439918,0.9995115725688807,0.9800181038439018,1.0146690849603472,1.0195712954333644,0.0,0.0,0.0,0.0,0.0,0.0,0.0,0.0,0.0,-0.0,0.0,-0.0,0.0,0.0,0.0,0.0,1.0,1.0,1.0,1.0,0.07879664722763917,0.07879664722763917,0.07879664722763917,0.07879664722763917,0.0,0.0,0.0,0.0,1.0,1.0,1.0,1.0,0.0,0.0,0.0,0.0,0.0,0.0,0.0,0.0,0.025412964567490294,0.024746260627684237,0.026181372123732304,0.026606626113517638,0.9849849826438584,0.9844557248598668,0.9854380425539159,0.9855336409534702,1.0016214580506408,0.9619123957377054,1.0431765895923768,1.0522502570624666,0.989627286143917,0.9271445233517704,1.0536325213568938,1.0669168040197228,1.0012526717191421,0.896590215454422,1.0803777866457867,1.137423924213767,0.9975004719712333,0.9416882612246075,1.0437925801906098,1.0441419500533347,1.0353127698308273,0.9768755969625302,1.0803777866457867,1.137423924213767,1.0,1.0302368326293188,1.0
long_stream,800,ercb_beta_0p0035,softmax,token,0.0035,32,18000.0,18000.0,18000.0,18000.0,32.0,32.0,32.0,32.0,32.0,32.0,32.0,32.0,54.0,54.0,54.0,54.0,54.0,54.0,54.0,54.0,333.3333333333333,333.3333333333333,333.3333333333333,333.3333333333333,118.88847967368531,117.90875714516804,119.53600386745573,119.59917626373088,12.03125,11.0,13.0,13.0,425.875,422.0,431.45,432.0,0.8871452090501082,0.8860537438972018,0.888792283351574,0.889012692137868,0.9072088630677086,0.9072088630677086,0.9072088630677086,0.9072088630677086,0.02006365401760046,0.018416579716134623,0.02115511917050687,0.021261843290122706,30.26507547623363,29.410988645955292,31.269410171879326,31.506613062445584,0.09079522642870089,0.08823296593786589,0.09380823051563798,0.09451983918733677,0.9989155684247062,0.9826103396387896,1.0153504341753083,1.0173697270471465,0.0,0.0,0.0,0.0,0.0,0.0,0.0,0.0,0.0,-0.0,0.0,-0.0,0.0,0.0,0.0,0.0,1.0,1.0,1.0,1.0,0.07879664722763917,0.07879664722763917,0.07879664722763917,0.07879664722763917,0.0,0.0,0.0,0.0,0.9903193548133751,0.9896094606752486,0.9909644802008892,0.9912542865824117,0.009680645186624886,0.009035519799110716,0.010390539324751384,0.01082350755352831,0.0,0.0,0.0,0.0,0.03290959785375715,0.0319563891690849,0.03383903013697843,0.034404254693018624,0.9829916285358538,0.9823371983022935,0.9836176706477615,0.9836573456257403,0.9817614531586911,0.9361260004923413,1.0346051007112713,1.045743191642268,1.793278124179423,1.6584264499218586,1.919267212049189,1.9200558385286377,1.873126024166258,1.6816267391748425,2.027535424324655,2.074514394707951,1.5493885338347906,1.4412959676869956,1.633973749715135,1.6503477108398357,1.876765763061489,1.699734949445442,2.027535424324655,2.074514394707951,1.2949924738752034,1.3315656285243964,0.9979762593916365
long_stream,800,ercb_beta_0p004,softmax,token,0.004,32,18000.0,18000.0,18000.0,18000.0,32.0,32.0,32.0,32.0,32.0,32.0,32.0,32.0,54.0,54.0,54.0,54.0,54.0,54.0,54.0,54.0,333.3333333333333,333.3333333333333,333.3333333333333,333.3333333333333,117.00899965251247,116.42248224279847,117.60699613371054,117.74831916705507,12.0,10.55,13.0,13.0,423.78125,418.0,430.45,431.0,0.8902970112227134,0.8892978473759177,0.8912753058749302,0.8916706370778645,0.9072088630677086,0.9072088630677086,0.9072088630677086,0.9072088630677086,0.016911851844995288,0.015933557192778454,0.017911015691790953,0.018147693881146232,27.924684513425213,26.968019309652057,28.767398435235073,28.91558595482912,0.08377405354027564,0.08090405792895618,0.08630219530570522,0.08674675786448736,1.0033023072173708,0.9900261750516065,1.0220243047059783,1.0307387208725831,0.0,0.0,0.0,0.0,0.0,0.0,0.0,0.0,0.0,-0.0,0.0,-0.0,0.0,0.0,0.0,0.0,1.0,1.0,1.0,1.0,0.07879664722763917,0.07879664722763917,0.07879664722763917,0.07879664722763917,0.0,0.0,0.0,0.0,0.9877246595958982,0.9870779832894504,0.9885335391471187,0.9887098253451643,0.01227534040410188,0.011466460852881239,0.012922016710549626,0.012979176829848877,0.0,0.0,0.0,0.0,0.0342387710482389,0.03359233517838611,0.034865410592720046,0.03546769235808487,0.982613399461888,0.9820491231616324,0.9830486525564627,0.9831042653467267,0.9831870506627276,0.9508882941689285,1.015541972039519,1.0253935845244875,1.9528893068104696,1.8352044711115054,2.0529249072461493,2.125216374322838,2.042537593698844,1.8284827775093684,2.1754439421647866,2.220882567238785,1.6595379837240136,1.5587183369607327,1.7285980106557717,1.7883124214379171,2.044295693373125,1.845921928550264,2.1754439421647866,2.220882567238785,1.3472954309328822,1.3719536931681657,0.9975922646296549
long_stream,800,ercb_beta_0p0045,softmax,token,0.0045,32,18000.0,18000.0,18000.0,18000.0,32.0,32.0,32.0,32.0,32.0,32.0,32.0,32.0,54.0,54.0,54.0,54.0,54.0,54.0,54.0,54.0,333.3333333333333,333.3333333333333,333.3333333333333,333.3333333333333,115.32394504868986,114.57069555042968,115.86076123187146,116.16479354459878,12.5,11.0,13.0,13.0,421.9375,417.65,429.45,434.0,0.8930985058430714,0.8922091306751205,0.8943439902436889,0.8946808539191942,0.9072088630677086,0.9072088630677086,0.9072088630677086,0.9072088630677086,0.014110357224637209,0.01286487282401969,0.014999732392588134,0.015504831525164686,25.63305307613973,24.723473067819665,26.887510328436203,27.580857559251193,0.0768991592284192,0.074170419203459,0.08066253098530861,0.08274257267775359,0.9973193580586017,0.9793847737203714,1.0158650766274084,1.023313492063492,0.0,0.0,0.0,0.0,0.0,0.0,0.0,0.0,0.0,-0.0,0.0,-0.0,0.0,0.0,0.0,0.0,1.0,1.0,1.0,1.0,0.07879664722763917,0.07879664722763917,0.07879664722763917,0.07879664722763917,0.0,0.0,0.0,0.0,0.9849523516088757,0.9841024547251637,0.9856013587908463,0.9859037648198989,0.015047648391124229,0.014398641209153597,0.015897545274836333,0.01614318579661651,0.0,0.0,0.0,0.0,0.03542793366170861,0.034536827048517064,0.03598174255837339,0.03645514592450252,0.9821019500505503,0.9816781172647753,0.9826004524166412,0.9830487959923965,0.9678286591075446,0.9275517049587566,1.0068130001501854,1.0196930630761762,2.0800294431617337,1.943157287464278,2.1901473531222106,2.21489482756166,2.2020153161031777,2.0162562079365265,2.3330261215010073,2.431193020866232,1.749957806124152,1.634429844231948,1.8272275460309844,1.8636319511163943,2.2020153161031777,2.0162562079365265,2.3330261215010073,2.431193020866232,1.3940889724857224,1.4158813491757385,0.9970730187321541
long_stream,800,ercb_beta_0p005,softmax,token,0.005,32,18000.0,18000.0,18000.0,18000.0,32.0,32.0,32.0,32.0,32.0,32.0,32.0,32.0,54.0,54.0,54.0,54.0,54.0,54.0,54.0,54.0,333.3333333333333,333.3333333333333,333.3333333333333,333.3333333333333,113.95974283079008,113.35190108927858,114.48064242233158,114.64647755083806,12.6875,11.55,13.0,13.0,420.0625,415.0,426.0,427.0,0.8953496204723211,0.8944924888546243,0.8963481537825573,0.896811119022978,0.9072088630677086,0.9072088630677086,0.9072088630677086,0.9072088630677086,0.011859242595387554,0.010860709285151354,0.012716374213084325,0.012989899246913739,23.82894766970538,22.291997148349765,24.891728373818342,25.33479527945414,0.07148684300911615,0.0668759914450493,0.07467518512145502,0.07600438583836243,0.9991594749089481,0.9853090015369586,1.0193305268353066,1.0357862903225805,0.0,0.0,0.0,0.0,0.0,0.0,0.0,0.0,0.0,-0.0,0.0,-0.0,0.0,0.0,0.0,0.0,1.0,1.0,1.0,1.0,0.07879664722763917,0.07879664722763917,0.07879664722763917,0.07879664722763917,0.0,0.0,0.0,0.0,0.9819334039327352,0.9809935490464666,0.982640985892154,0.9829747291698269,0.018066596067264767,0.017359014107845985,0.019006450953533396,0.01936853605126526,0.0,0.0,0.0,0.0,0.036556215882582205,0.03592374037520405,0.03764106166410416,0.03785835830102763,0.9817106989575852,0.9811121369018174,0.9823830804893101,0.9825378984663858,0.9798857716617806,0.9350692568540185,1.0268963228739925,1.029225878098753,2.2305724417652213,2.0961403181622447,2.415435161635341,2.553502254501682,2.343630930770635,2.1594808198357947,2.5153101604957255,2.6840185774733856,1.851363048065879,1.743972061686289,1.965619748721197,2.0629826590777296,2.343669921748001,2.1594808198357947,2.5153101604957255,2.6840185774733856,1.4384868709629806,1.4811755458179303,0.9966758034447546
long_stream,800,ercb_beta_0p0055,softmax,token,0.0055,32,18000.0,18000.0,18000.0,18000.0,32.0,32.0,32.0,32.0,32.0,32.0,32.0,32.0,54.0,54.0,54.0,54.0,54.0,54.0,54.0,54.0,333.3333333333333,333.3333333333333,333.3333333333333,333.3333333333333,112.83102953334321,112.33046490216543,113.32908172124147,113.41239072680891,12.875,12.0,13.0,13.0,417.46875,414.0,421.9,423.0,0.8972004745507336,0.8963855804772426,0.8980181736422146,0.8981175456243713,0.9072088630677086,0.9072088630677086,0.9072088630677086,0.9072088630677086,0.01000838851697506,0.009190689425494097,0.010823282590466065,0.010959844460384005,22.19297464227298,21.121027349217766,23.283190170427932,23.536417802268954,0.06657892392681894,0.0633630820476533,0.0698495705112838,0.07060925340680686,0.9992174048444697,0.9849395972508327,1.019574460792813,1.019970044932601,0.0,0.0,0.0,0.0,0.0,0.0,0.0,0.0,0.0,-0.0,0.0,-0.0,0.0,0.0,0.0,0.0,1.0,1.0,1.0,1.0,0.07879664722763917,0.07879664722763917,0.07879664722763917,0.07879664722763917,0.0,0.0,0.0,0.0,0.9791199474248898,0.9784000016884152,0.9799321105725822,0.9806644359633465,0.020880052575110105,0.020067889427417832,0.021599998311584826,0.022771438758827083,0.0,0.0,0.0,0.0,0.03758354581722228,0.036801524955825775,0.03835929740958449,0.03850842366499849,0.9811760060071995,0.9805774363704436,0.9818439534562257,0.9819960568032085,0.9737007561735984,0.9354237177742432,1.0291556499982162,1.0593440779997843,2.379820115969219,2.24437208340605,2.4775927123055017,2.4913261739955326,2.5182119889404966,2.29626277174241,2.679394595149065,2.7452902699590718,1.9572442870277715,1.8577083858191328,2.0499773648641497,2.062176024427605,2.5183076471936348,2.29626277174241,2.679394595149065,2.7452902699590718,1.4789122975955857,1.50943811800123,0.9961329596859081
long_stream,800,ercb_beta_0p006,softmax,token,0.006,32,18000.0,18000.0,18000.0,18000.0,32.0,32.0,32.0,32.0,32.0,32.0,32.0,32.0,54.0,54.0,54.0,54.0,54.0,54.0,54.0,54.0,333.3333333333333,333.3333333333333,333.3333333333333,333.3333333333333,111.91216345576271,111.51227297663866,112.20316781674714,112.54135042532391,12.90625,12.0,13.0,13.0,416.9375,412.55,422.9,425.0,0.8986992747908095,0.8982256748625015,0.8993494151668298,0.8994579866172644,0.9072088630677086,0.9072088630677086,0.9072088630677086,0.9072088630677086,0.008509588276899134,0.007859447900878929,0.008983188205207122,0.00953473672905214,20.651446304465402,20.068927976955287,21.61008456192982,21.853891932390273,0.06195433891339622,0.06020678393086586,0.06483025368578946,0.06556167579717082,0.9989177169347873,0.979131844613187,1.0158155101666553,1.0286720321931588,0.0,0.0,0.0,0.0,0.0,0.0,0.0,0.0,0.0,-0.0,0.0,-0.0,0.0,0.0,0.0,0.0,1.0,1.0,1.0,1.0,0.07879664722763917,0.07879664722763917,0.07879664722763917,0.07879664722763917,0.0,0.0,0.0,0.0,0.9761187335297807,0.9753329992831516,0.9769831402912843,0.9774635014700909,0.023881266470219292,0.023016859708715757,0.02466700071684836,0.024919181073403504,0.0,0.0,0.0,0.0,0.03836964455994718,0.0376501896518687,0.03908785216258052,0.03946552706033771,0.9809121648280766,0.9802250369368544,0.9814910524946489,0.9817945364430624,0.9706236392747627,0.9315922057429452,1.0093128786482413,1.024836931364147,2.4802621463046903,2.3222319403544818,2.588304918527975,2.6487604098745816,2.6262156057632073,2.501140268917071,2.7829237537318146,2.7990132709445,2.0257004637808866,1.9239229359366448,2.116032976650991,2.128482909298101,2.6262156057632073,2.501140268917071,2.7829237537318146,2.7990132709445,1.5098452783045944,1.5381067430670374,0.9958650965369547
long_stream,800,ercb_beta_0p0065,softmax,token,0.0065,32,18000.0,18000.0,18000.0,18000.0,32.0,32.0,32.0,32.0,32.0,32.0,32.0,32.0,54.0,54.0,54.0,54.0,54.0,54.0,54.0,54.0,333.3333333333333,333.3333333333333,333.3333333333333,333.3333333333333,111.18160262116561,110.74599637902435,111.65686503650103,111.68424405604566,12.90625,12.0,13.0,13.0,414.84375,411.0,420.0,423.0,0.8998854600739877,0.8991145790705027,0.9005909008195646,0.900638282350702,0.9072088630677086,0.9072088630677086,0.9072088630677086,0.9072088630677086,0.007323402993720956,0.006617962248144071,0.008094283997205964,0.008138771263661582,19.350874984152686,18.125429438902433,20.55245657956669,20.698004913696572,0.05805262495245806,0.0543762883167073,0.06165736973870008,0.06209401474108972,0.9998871013719945,0.9858360655737705,1.0210258233189615,1.027190332326284,0.0,0.0,0.0,0.0,0.0,0.0,0.0,0.0,0.0,-0.0,0.0,-0.0,0.0,0.0,0.0,0.0,1.0,1.0,1.0,1.0,0.07879664722763917,0.07879664722763917,0.07879664722763917,0.07879664722763917,0.0,0.0,0.0,0.0,0.973050913672808,0.9724157292529054,0.9738586714434837,0.974474901812772,0.026949086327191934,0.026141328556516283,0.027584270747094606,0.028109566744266092,0.0,0.0,0.0,0.0,0.03906447804216261,0.03844793599209863,0.03980162308569472,0.040405977427350116,0.9806152712604529,0.9797587795523548,0.9813938778955089,0.9816219312488471,0.9681517914517117,0.9351562486180421,1.0064351171747774,1.04539945698082,2.5557144100072264,2.432167513125865,2.7251284507561664,2.8216281006958073,2.7213546450108486,2.5106763966391914,2.951979660707591,3.0528917839173118,2.0817402821565953,1.9712083553514614,2.2289305723626835,2.270653897480187,2.7213546450108486,2.5106763966391914,2.951979660707591,3.0528917839173118,1.5371869715718296,1.5661936245175905,0.9955636771520349
long_stream,800,ercb_beta_0p007,softmax,token,0.007,32,18000.0,18000.0,18000.0,18000.0,32.0,32.0,32.0,32.0,32.0,32.0,32.0,32.0,54.0,54.0,54.0,54.0,54.0,54.0,54.0,54.0,333.3333333333333,333.3333333333333,333.3333333333333,333.3333333333333,110.44961871372962,110.10196222560559,110.80707074773302,111.44422288667464,12.9375,12.55,13.0,13.0,414.3125,410.0,420.0,420.0,0.9010693721046706,0.9004920570125737,0.9016303429665365,0.901896507976974,0.9072088630677086,0.9072088630677086,0.9072088630677086,0.9072088630677086,0.006139490963038018,0.005578520101172069,0.00671680605513491,0.007748988722253047,17.96231710484294,16.858080997610056,18.947087770098037,19.912772748126226,0.05388695131452881,0.05057424299283017,0.05684126331029411,0.05973831824437868,0.9997075119352237,0.9899232258515066,1.0127116700201206,1.0150602409638554,0.0,0.0,0.0,0.0,0.0,0.0,0.0,0.0,0.0,-0.0,0.0,-0.0,0.0,0.0,0.0,0.0,1.0,1.0,1.0,1.0,0.07879664722763917,0.07879664722763917,0.07879664722763917,0.07879664722763917,0.0,0.0,0.0,0.0,0.9694077441471349,0.9682611229087053,0.9705588063285745,0.9707862630732174,0.030592255852865152,0.029441193671425555,0.03173887709129475,0.03257578779393566,0.0,0.0,0.0,0.0,0.03991824145129427,0.03903111935008026,0.04074644532415217,0.04133349033919319,0.9801132663099691,0.9794981197419337,0.9808291787747866,0.9809714042431475,0.9655159824426487,0.9279156728674611,1.012850736870641,1.0289602661372337,2.708017639022316,2.596821930719268,2.8289678444358524,2.8909150918137,2.8597153520527208,2.6949374973940357,3.062267621443209,3.1187441253085053,2.177749657839229,2.095472978446494,2.285160799469331,2.309006745523533,2.8597153520527208,2.6949374973940357,3.062267621443209,3.1187441253085053,1.570782556489295,1.6033723738110166,0.9950540196858506
long_stream,816,ercb_beta_0,softmax,token,0.0,32,18000.0,18000.0,18000.0,18000.0,32.0,32.0,32.0,32.0,32.0,32.0,32.0,32.0,54.0,54.0,54.0,54.0,54.0,54.0,54.0,54.0,333.3333333333333,333.3333333333333,333.3333333333333,333.3333333333333,143.73242078720648,142.39092438175342,144.956568477774,145.3742297199427,1.03125,0.0,2.0,2.0,451.6875,446.0,458.0,462.0,0.8432175563596718,0.8409639112313277,0.8456826836532967,0.8476908618359967,0.8997174887085455,0.8997174887085455,0.8997174887085455,0.8997174887085455,0.056499932348873766,0.054034805055248804,0.0587535774772178,0.05952468126309296,55.12586171960366,53.470442617925194,57.449116057097335,57.66538213084429,0.165377585158811,0.1604113278537756,0.172347348171292,0.17299614639253288,0.9946780185368875,0.9817416743994225,1.0126768757611593,1.0130657956136258,0.0,0.0,0.0,0.0,0.0,0.0,0.0,0.0,0.0,-0.0,0.0,-0.0,0.0,0.0,0.0,0.0,1.0,1.0,1.0,1.0,0.0981602797144488,0.0981602797144488,0.0981602797144488,0.0981602797144488,0.0,0.0,0.0,0.0,1.0,1.0,1.0,1.0,0.0,0.0,0.0,0.0,0.0,0.0,0.0,0.0,0.025358564362433264,0.0247551237178199,0.026031542109474178,0.026097535822408858,0.9852413260436507,0.9848280823064897,0.9857704546974694,0.9858450814254158,0.9999094494188439,0.9666130961718873,1.0202851562937258,1.0580775726681741,1.0044115239932414,0.9486752025824683,1.065028879442182,1.0773798168592383,1.0031354287210963,0.9126853358646115,1.0939916837772308,1.118467517985181,1.0024854673777273,0.9603718716242184,1.0492047661513908,1.062200078667092,1.0340185477252994,0.9935686965872456,1.0939916837772308,1.118467517985181,1.0,1.026538479758652,1.0
long_stream,816,ercb_beta_0p0035,softmax,token,0.0035,32,18000.0,18000.0,18000.0,18000.0,32.0,32.0,32.0,32.0,32.0,32.0,32.0,32.0,54.0,54.0,54.0,54.0,54.0,54.0,54.0,54.0,333.3333333333333,333.3333333333333,333.3333333333333,333.3333333333333,122.67315697998113,121.73777025103391,123.6445005535252,123.8628273534881,1.625,1.0,2.0,2.0,428.71875,424.55,435.45,436.0,0.8807159143108243,0.8790499417225205,0.8823159602934922,0.8829569876333044,0.8997174887085455,0.8997174887085455,0.8997174887085455,0.8997174887085455,0.01900157439772119,0.017401528415053276,0.02066754698602502,0.021043092050319956,29.504026950231143,28.051008010517037,30.94408833294778,31.114483944155513,0.08851208085069343,0.08415302403155112,0.09283226499884334,0.09334345183246655,1.000714074274218,0.983157603275274,1.021622807017544,1.0274779195289498,0.0,0.0,0.0,0.0,0.0,0.0,0.0,0.0,0.0,-0.0,0.0,-0.0,0.0,0.0,0.0,0.0,1.0,1.0,1.0,1.0,0.0981602797144488,0.0981602797144488,0.0981602797144488,0.0981602797144488,0.0,0.0,0.0,0.0,0.9902051161167029,0.9890969862954122,0.9912593239820802,0.9916181902958203,0.009794883883297063,0.008740676017919738,0.01090301370458775,0.011283270608567065,0.0,0.0,0.0,0.0,0.03233735649119835,0.031688833355631864,0.03300654772301559,0.033561658636539475,0.9833703368105109,0.9827642269753818,0.9841345626075289,0.9844374652197813,1.0083727219809475,0.9824644349640589,1.0313147933543605,1.0407218019515947,1.3868423564260837,1.3153916907548504,1.4445881846205464,1.4819940148933335,1.8683212279166135,1.7304007376395762,2.0014751088325395,2.0923486500858033,1.4211787687745483,1.3574431886143121,1.4775905630106259,1.5187477842966013,1.8683212279166135,1.7304007376395762,2.0014751088325395,2.0923486500858033,1.275204543483685,1.3015937042521308,0.9981009838060154
long_stream,816,ercb_beta_0p004,softmax,token,0.004,32,18000.0,18000.0,18000.0,18000.0,32.0,32.0,32.0,32.0,32.0,32.0,32.0,32.0,54.0,54.0,54.0,54.0,54.0,54.0,54.0,54.0,333.3333333333333,333.3333333333333,333.3333333333333,333.3333333333333,120.7460754792283,120.04860867979183,121.36172488394223,121.42517891308242,1.59375,1.0,2.0,2.0,425.9375,421.0,432.9,435.0,0.8840033368178603,0.8829569754666315,0.8851868279881715,0.8862935587433893,0.8997174887085455,0.8997174887085455,0.8997174887085455,0.8997174887085455,0.01571415189068526,0.014530660720374,0.01676051324191401,0.01686859418250297,26.8280767975479,25.42114904496941,28.219034522408233,28.54301497220824,0.08048423039264371,0.07626344713490824,0.0846571035672247,0.08562904491662472,1.002531162449507,0.9855645782313398,1.0214133017409082,1.025260029717682,0.0,0.0,0.0,0.0,0.0,0.0,0.0,0.0,0.0,-0.0,0.0,-0.0,0.0,0.0,0.0,0.0,1.0,1.0,1.0,1.0,0.0981602797144488,0.0981602797144488,0.0981602797144488,0.0981602797144488,0.0,0.0,0.0,0.0,0.9875746544752056,0.9867587224712275,0.9882885891817603,0.9883076178999511,0.012425345524794313,0.011711410818239633,0.013241277528772489,0.013510063529882016,0.0,0.0,0.0,0.0,0.03380115967394752,0.033030633909084305,0.034836023834292754,0.03495266765976343,0.9827000183125693,0.9820952592773199,0.983389753755915,0.9836517225457436,1.0032617925599476,0.9645784376383023,1.0259809968770548,1.031610365949635,1.4734078915633257,1.3815657565727588,1.5657613955815821,1.5761558114376437,2.0449675396250733,1.8435002552965936,2.228876447658267,2.335838320205808,1.5072124079161155,1.412820361634246,1.6002483008546464,1.645068881684491,2.0449675396250733,1.8435002552965936,2.228876447658267,2.335838320205808,1.3329287569615456,1.3737380135722355,0.9974206241010146
long_stream,816,ercb_beta_0p0045,softmax,token,0.0045,32,18000.0,18000.0,18000.0,18000.0,32.0,32.0,32.0,32.0,32.0,32.0,32.0,32.0,54.0,54.0,54.0,54.0,54.0,54.0,54.0,54.0,333.3333333333333,333.3333333333333,333.3333333333333,333.3333333333333,119.36515834352971,118.79696764739415,119.88034077757322,119.94690183268285,1.65625,1.0,2.0,2.0,424.59375,419.55,430.0,434.0,0.8863417371407244,0.8854716249424904,0.88730003892517,0.8877234066918366,0.8997174887085455,0.8997174887085455,0.8997174887085455,0.8997174887085455,0.013375751567821108,0.012417449783375578,0.01424586376605504,0.014358493343104684,24.88039861333798,23.72131086540275,25.902506155482268,26.072548356034893,0.07464119584001397,0.07116393259620825,0.07770751846644681,0.07821764506810469,1.0036711055992562,0.9895081500275257,1.0203570125166246,1.0262116716122651,0.0,0.0,0.0,0.0,0.0,0.0,0.0,0.0,0.0,-0.0,0.0,-0.0,0.0,0.0,0.0,0.0,1.0,1.0,1.0,1.0,0.0981602797144488,0.0981602797144488,0.0981602797144488,0.0981602797144488,0.0,0.0,0.0,0.0,0.9850892373816399,0.9842678917121659,0.9860420151790896,0.9862302150087782,0.014910762618360126,0.013957984820910409,0.015732108287834095,0.016342164697434932,0.0,0.0,0.0,0.0,0.03492276781271274,0.034003486745903685,0.03579804853438836,0.03628279589901246,0.9823213750402795,0.9814592676656078,0.9830769797214297,0.9831502432175233,1.0122849557292743,0.9703677328260831,1.0442845442784163,1.0646260195011206,1.5373639548789977,1.435756726208396,1.6376466751645022,1.6978412515923702,2.1976191721919878,2.0417679840559404,2.4700941081210077,2.498376514419814,1.5824226942667532,1.4977567530922797,1.7108864555156813,1.7306129569570168,2.1976191721919878,2.0417679840559404,2.4700941081210077,2.498376514419814,1.3771587110999113,1.4116748891124284,0.9970363088451674
long_stream,816,ercb_beta_0p005,softmax,token,0.005,32,18000.0,18000.0,18000.0,18000.0,32.0,32.0,32.0,32.0,32.0,32.0,32.0,32.0,54.0,54.0,54.0,54.0,54.0,54.0,54.0,54.0,333.3333333333333,333.3333333333333,333.3333333333333,333.3333333333333,118.09342105856751,117.62926884399333,118.58361645671886,118.7349990525119,1.8125,1.0,2.0,2.0,422.6875,417.0,429.35,432.0,0.8884820751092509,0.8876589885799948,0.8892605515377326,0.8905972523293572,0.8997174887085455,0.8997174887085455,0.8997174887085455,0.8997174887085455,0.011235413599294555,0.010456937170812858,0.012058500128550741,0.012313128713444033,23.24793779625675,22.027989075706483,24.550902132828547,25.33844977572695,0.06974381338877025,0.06608396722711946,0.07365270639848565,0.07601534932718085,0.9993913408054445,0.9860033198796396,1.0128275674480576,1.028971028971029,0.0,0.0,0.0,0.0,0.0,0.0,0.0,0.0,0.0,-0.0,0.0,-0.0,0.0,0.0,0.0,0.0,1.0,1.0,1.0,1.0,0.0981602797144488,0.0981602797144488,0.0981602797144488,0.0981602797144488,0.0,0.0,0.0,0.0,0.982110107783215,0.9811769184897723,0.982800958730758,0.9835274116430838,0.01788989221678506,0.017199041269241967,0.018823081510227734,0.01916071635798886,0.0,0.0,0.0,0.0,0.03590371624078004,0.035297158134781,0.036478574417713,0.03724816293289777,0.9819003734336373,0.9813303851708702,0.9824522854743525,0.9827988172227862,1.0044805486325403,0.961390542726857,1.041583366311046,1.0619406702538312,1.5994330142436084,1.5345425808230517,1.6863304733307676,1.692792618627249,2.35744478996316,2.174879451314249,2.54280039700292,2.5504495560834792,1.653786117613103,1.5863318988409498,1.7347788968825166,1.7517581970604177,2.35744478996316,2.174879451314249,2.54280039700292,2.5504495560834792,1.4158418326696993,1.4385110251648616,0.996609000737485
long_stream,816,ercb_beta_0p0055,softmax,token,0.0055,32,18000.0,18000.0,18000.0,18000.0,32.0,32.0,32.0,32.0,32.0,32.0,32.0,32.0,54.0,54.0,54.0,54.0,54.0,54.0,54.0,54.0,333.3333333333333,333.3333333333333,333.3333333333333,333.3333333333333,116.93728346490671,116.40012708785949,117.36438876261343,117.51280466085073,1.875,1.0,2.0,2.0,419.875,416.0,425.45,426.0,0.8904169129988221,0.8897037350229327,0.8913125063720495,0.8915956411672294,0.8997174887085455,0.8997174887085455,0.8997174887085455,0.8997174887085455,0.009300575709723403,0.008404982336496041,0.010013753685612813,0.0102619837201825,21.267248026869318,19.996758465895706,22.4597897371026,22.82055603568366,0.06380174408060796,0.05999027539768712,0.0673793692113078,0.06846166810705098,1.0002827151818208,0.986795638854108,1.0190965779384944,1.0248508946322068,0.0,0.0,0.0,0.0,0.0,0.0,0.0,0.0,0.0,-0.0,0.0,-0.0,0.0,0.0,0.0,0.0,1.0,1.0,1.0,1.0,0.0981602797144488,0.0981602797144488,0.0981602797144488,0.0981602797144488,0.0,0.0,0.0,0.0,0.9790254340231526,0.978328938523363,0.9797592382621924,0.9798273454326241,0.020974565976847444,0.020240761737807617,0.021671061476637,0.021979261680437637,0.0,0.0,0.0,0.0,0.0369631064815803,0.03623407044031961,0.03784414878651989,0.037882683303305534,0.9815480993209164,0.9809028802393996,0.9821854698928006,0.9822414203910304,1.0118818271243581,0.9762877752756726,1.0449007812869673,1.0580196649136875,1.6795985641789861,1.597095645523496,1.7467942057717065,1.7822616076915867,2.530519633267295,2.332280101109667,2.739931783031334,2.8520139250207173,1.7406666748568798,1.6414971577098139,1.8261765259665712,1.8643297731789878,2.530519633267295,2.332280101109667,2.739931783031334,2.8520139250207173,1.4576182607694566,1.4923616434131834,0.9962514496447638
long_stream,816,ercb_beta_0p006,softmax,token,0.006,32,18000.0,18000.0,18000.0,18000.0,32.0,32.0,32.0,32.0,32.0,32.0,32.0,32.0,54.0,54.0,54.0,54.0,54.0,54.0,54.0,54.0,333.3333333333333,333.3333333333333,333.3333333333333,333.3333333333333,116.13899167239381,115.68565573271097,116.61804242119229,116.89929189026103,1.9375,1.55,2.0,2.0,419.21875,413.55,426.0,430.0,0.8917465060170975,0.8909496245499068,0.8924996405242369,0.8927625525390762,0.8997174887085455,0.8997174887085455,0.8997174887085455,0.8997174887085455,0.007970982691448032,0.007217848184308556,0.00876786415863871,0.009236816146303117,20.025706583559074,18.911782280861402,21.51551564487065,22.422706745122852,0.06007711975067722,0.05673534684258421,0.06454654693461195,0.06726812023536856,0.9999438214751509,0.9809238448717288,1.018452476024472,1.0270405608412618,0.0,0.0,0.0,0.0,0.0,0.0,0.0,0.0,0.0,-0.0,0.0,-0.0,0.0,0.0,0.0,0.0,1.0,1.0,1.0,1.0,0.0981602797144488,0.0981602797144488,0.0981602797144488,0.0981602797144488,0.0,0.0,0.0,0.0,0.9757878995806109,0.9748206804968397,0.9768919520246528,0.9771249404631999,0.024212100419389114,0.023108047975347126,0.025179319503160325,0.025693137700903698,0.0,0.0,0.0,0.0,0.03772543007181681,0.03664322884074907,0.038621456905273945,0.038761810339570865,0.9812114778904646,0.9805150014566768,0.981721768225258,0.9821602930364332,1.0155142645263027,0.9747242113968856,1.0589801694650611,1.0893041181008032,1.716524310401614,1.6342445300240058,1.8162465910749666,1.8324349177943724,2.6095420220306362,2.375582041611831,2.813212763959963,2.8834181156579706,1.7805268656528508,1.6693438907091094,1.8804628754202326,1.8881812498109445,2.6095420220306362,2.375582041611831,2.813212763959963,2.8834181156579706,1.48768004105564,1.5230143297263556,0.9959097857076618
long_stream,816,ercb_beta_0p0065,softmax,token,0.0065,32,18000.0,18000.0,18000.0,18000.0,32.0,32.0,32.0,32.0,32.0,32.0,32.0,32.0,54.0,54.0,54.0,54.0,54.0,54.0,54.0,54.0,333.3333333333333,333.3333333333333,333.3333333333333,333.3333333333333,115.42246660704947,115.04106468770567,115.74906558688485,116.11169590496009,1.875,1.0,2.0,2.0,417.4375,413.0,422.45,426.0,0.8929357203485986,0.892394518978954,0.8935671649581544,0.8939642217639165,0.8997174887085455,0.8997174887085455,0.8997174887085455,0.8997174887085455,0.006781768359946868,0.006150323750391168,0.007322969729591488,0.007925188324361399,18.641404366049315,17.509866227895092,19.57956998313895,19.704295451988614,0.05592421309814795,0.05252959868368528,0.05873870994941685,0.059112886355965844,1.000138896815206,0.9840327968013743,1.0189394981973718,1.024975024975025,0.0,0.0,0.0,0.0,0.0,0.0,0.0,0.0,0.0,-0.0,0.0,-0.0,0.0,0.0,0.0,0.0,1.0,1.0,1.0,1.0,0.0981602797144488,0.0981602797144488,0.0981602797144488,0.0981602797144488,0.0,0.0,0.0,0.0,0.9728562304777815,0.9717102305311507,0.9740433122878284,0.9743867925626294,0.027143769522218433,0.02595668771217166,0.02828976946884929,0.02942497393431802,0.0,0.0,0.0,0.0,0.03851572922807356,0.037841722364840735,0.039288939659985596,0.03934939544353693,0.9809796039797891,0.9802357855267161,0.9815930125830986,0.9817307956592759,1.005646327737224,0.9686392531514947,1.064771771503907,1.083851297500779,1.7783504248454656,1.6912313952613158,1.8671671317741807,1.8884551836093977,2.75870270143564,2.565933028541275,2.923301035356266,3.0576460970163497,1.8475664846727766,1.7596006183186166,1.92824162945682,1.9599205756961247,2.75870270143564,2.565933028541275,2.923301035356266,3.0576460970163497,1.518845021255683,1.5493361177097666,0.9956744383825484
long_stream,816,ercb_beta_0p007,softmax,token,0.007,32,18000.0,18000.0,18000.0,18000.0,32.0,32.0,32.0,32.0,32.0,32.0,32.0,32.0,54.0,54.0,54.0,54.0,54.0,54.0,54.0,54.0,333.3333333333333,333.3333333333333,333.3333333333333,333.3333333333333,114.82377951500689,114.52703822637982,115.15423961428495,115.25302277710229,1.9375,1.55,2.0,2.0,415.8125,412.55,420.35,423.0,0.8939260700047775,0.893380005198841,0.8944159958007416,0.8945319942785733,0.8997174887085455,0.8997174887085455,0.8997174887085455,0.8997174887085455,0.00579141870376795,0.005301492907803945,0.006337483509704539,0.006500932522842229,17.485748608340604,16.653993751489047,18.66591370088239,19.652537297311568,0.052457245825021814,0.04996198125446714,0.055997741102647165,0.05895761189193471,0.9999936885121049,0.9872618544458468,1.012176592832255,1.0175438596491229,0.0,0.0,0.0,0.0,0.0,0.0,0.0,0.0,0.0,-0.0,0.0,-0.0,0.0,0.0,0.0,0.0,1.0,1.0,1.0,1.0,0.0981602797144488,0.0981602797144488,0.0981602797144488,0.0981602797144488,0.0,0.0,0.0,0.0,0.9694418741411523,0.9683658312543314,0.9706975797673539,0.9713116295318028,0.030558125858847686,0.029302420232646016,0.03163416874566866,0.03187173769856801,0.0,0.0,0.0,0.0,0.03908280003950404,0.03847881134243476,0.039829590194884634,0.04004161483127195,0.9806416713680455,0.9799853524357977,0.9813238093118429,0.9817425325698715,1.0112860651195057,0.9595033372271656,1.054257112945407,1.0568874410649585,1.804492456570831,1.711324091999766,1.9035136504870371,1.9360135275145034,2.849166984990413,2.67303764016808,3.0808008884187994,3.1616543487407633,1.8883151688935833,1.8107656351388437,2.000770172026013,2.0379562596962075,2.849166984990413,2.67303764016808,3.0808008884187994,3.1616543487407633,1.5412071235941953,1.5706563520563122,0.9953314436229795
long_stream,832,ercb_beta_0,softmax,token,0.0,32,18000.0,18000.0,18000.0,18000.0,32.0,32.0,32.0,32.0,32.0,32.0,32.0,32.0,53.0,53.0,53.0,53.0,53.0,53.0,53.0,53.0,339.62264150943395,339.62264150943395,339.62264150943395,339.62264150943395,140.25559801276592,139.21596802636108,141.3177497288564,141.88850611169087,10.21875,8.0,13.0,14.0,454.96875,450.0,461.8,468.0,0.8542992637464373,0.8524123817195759,0.8561429590400456,0.8565663109699274,0.9102182107694546,0.9102182107694546,0.9102182107694546,0.9102182107694546,0.05591894702301739,0.05407525172940905,0.05780582904987874,0.058822871298082946,55.08852281835297,53.82742108333896,56.32354081616373,56.93491815801949,0.16220509496515043,0.15849185096760918,0.1658415368475932,0.16764170346527962,0.9967446588915874,0.9798436494374043,1.017969916555933,1.0297121634168989,0.0,0.0,0.0,0.0,0.0,0.0,0.0,0.0,0.0,-0.0,0.0,-0.0,0.0,0.0,0.0,0.0,1.0,1.0,1.0,1.0,0.012284048280630332,0.012284048280630332,0.012284048280630332,0.012284048280630332,0.0,0.0,0.0,0.0,1.0,1.0,1.0,1.0,0.0,0.0,0.0,0.0,0.0,0.0,0.0,0.0,0.025052192696338314,0.024399766681793424,0.02567731058850264,0.025970394493237396,0.9852862002492895,0.9847890546446828,0.9858212701161526,0.9858800731820352,0.9978560877870349,0.9573234492140915,1.0361034607369244,1.0584314441809548,0.9941222837463999,0.9342129794082162,1.06430820066022,1.0813432199256878,0.9773737919137364,0.8938475718820861,1.0999046322753148,1.1307599794826728,0.9897840544823904,0.9568474817271604,1.045817169427397,1.0651346846973349,1.0276897202550104,0.9787528492791796,1.100144282035579,1.1307599794826728,1.0,1.0249526219018623,1.0
long_stream,832,ercb_beta_0p0035,softmax,token,0.0035,32,18000.0,18000.0,18000.0,18000.0,32.0,32.0,32.0,32.0,32.0,32.0,32.0,32.0,53.0,53.0,53.0,53.0,53.0,53.0,53.0,53.0,339.62264150943395,339.62264150943395,339.62264150943395,339.62264150943395,118.51712180683306,117.68094164388403,119.46578163609944,119.63974641115014,15.9375,15.0,17.0,17.0,431.21875,424.55,439.0,442.0,0.8914405961910408,0.8898892233711585,0.8928047582275925,0.8929284088199301,0.9102182107694546,0.9102182107694546,0.9102182107694546,0.9102182107694546,0.018777614578413863,0.017413452541862152,0.02032898739829614,0.020614456316521035,29.23276826688531,27.6386736559687,30.84477048513198,31.306157089271004,0.0860742621191623,0.08138053909813006,0.09082071309511085,0.09217924031840907,0.9954092122188729,0.9719001533437623,1.0179991825002994,1.0193423597678917,0.0,0.0,0.0,0.0,0.0,0.0,0.0,0.0,0.0,-0.0,0.0,-0.0,0.0,0.0,0.0,0.0,1.0,1.0,1.0,1.0,0.012284048280630332,0.012284048280630332,0.012284048280630332,0.012284048280630332,0.0,0.0,0.0,0.0,0.9904725156529983,0.9896980559319667,0.9912763758720619,0.9913093285691083,0.009527484347001729,0.008723624127938168,0.01030194406803329,0.01043722680334433,0.0,0.0,0.0,0.0,0.031848424455728344,0.03065711214019692,0.03277113865540815,0.03323446709657884,0.9835334051293237,0.9830088650335222,0.9840562684359117,0.9843888403726107,1.002493680035171,0.9790154096443008,1.0316403290140863,1.0484269211405919,1.6202244170006008,1.5467113808343702,1.715729730556507,1.7398718431352802,1.759221325014022,1.6094459478486867,1.9478623650789235,1.9713984701981928,1.4606464740165979,1.385956308516661,1.5476032450502433,1.5607946292624295,1.7599089257633977,1.6094459478486867,1.9478623650789235,1.9713984701981928,1.2712829109119612,1.3081145851236429,0.9982210294638022
long_stream,832,ercb_beta_0p004,softmax,token,0.004,32,18000.0,18000.0,18000.0,18000.0,32.0,32.0,32.0,32.0,32.0,32.0,32.0,32.0,53.0,53.0,53.0,53.0,53.0,53.0,53.0,53.0,339.62264150943395,339.62264150943395,339.62264150943395,339.62264150943395,116.32462811524098,115.90765001561715,116.91241804809448,117.22164563058814,16.1875,15.0,17.0,17.0,428.09375,424.0,432.0,439.0,0.895003024325471,0.8940524266122158,0.8956764979219024,0.8963410858906673,0.9102182107694546,0.9102182107694546,0.9102182107694546,0.9102182107694546,0.015215186443983751,0.014541712847552285,0.016165784157238756,0.01666723621808419,26.477670922468,25.2371557635828,27.89198461375409,28.409405830158462,0.07796203104948911,0.07430940308166047,0.08212639914049816,0.0836499171665777,0.9989460719588004,0.9831745879785422,1.0146202968534173,1.0225269343780607,0.0,0.0,0.0,0.0,0.0,0.0,0.0,0.0,0.0,-0.0,0.0,-0.0,0.0,0.0,0.0,0.0,1.0,1.0,1.0,1.0,0.012284048280630332,0.012284048280630332,0.012284048280630332,0.012284048280630332,0.0,0.0,0.0,0.0,0.9876286033122417,0.9872136382432178,0.9880937625685268,0.9888660764004548,0.012371396687758291,0.011906237431473222,0.012786361756782143,0.012866246318138794,0.0,0.0,0.0,0.0,0.033297820819870386,0.03252718129099658,0.03406525170209898,0.0344295265164101,0.9830298583244031,0.9825407600932183,0.9834784286663923,0.9836196653436836,1.0122340379051076,0.9710717810193694,1.045790834037658,1.0660278895422572,1.7894016184363994,1.694915841033494,1.8733902614126317,1.9448388410954034,1.9560289972977705,1.8207754550726019,2.1289165134232277,2.183162698588127,1.5858882178797593,1.5025952053230804,1.6758394234958713,1.6858605296170304,1.9560289972977705,1.8207754550726019,2.1289165134232277,2.183162698588127,1.329137980993467,1.3597712629393128,0.9977099629282178
long_stream,832,ercb_beta_0p0045,softmax,token,0.0045,32,18000.0,18000.0,18000.0,18000.0,32.0,32.0,32.0,32.0,32.0,32.0,32.0,32.0,53.0,53.0,53.0,53.0,53.0,53.0,53.0,53.0,339.62264150943395,339.62264150943395,339.62264150943395,339.62264150943395,114.77382911452524,114.2334288583507,115.24805509958527,115.34938336237013,16.65625,16.0,17.0,17.0,426.40625,421.55,432.45,434.0,0.8974989272516221,0.896738217361362,0.8983644342874562,0.8985877595085395,0.9102182107694546,0.9102182107694546,0.9102182107694546,0.9102182107694546,0.012719283517832615,0.011853776481998429,0.013479993408092705,0.013642864600191484,24.612840864842163,23.372681150495495,25.972733802780297,26.268569352917883,0.07247114254647971,0.06881956116534786,0.07647527175263089,0.07734634309470266,0.9970205722890788,0.9821737163343185,1.0158499638527883,1.0181283684468398,0.0,0.0,0.0,0.0,0.0,0.0,0.0,0.0,0.0,-0.0,0.0,-0.0,0.0,0.0,0.0,0.0,1.0,1.0,1.0,1.0,0.012284048280630332,0.012284048280630332,0.012284048280630332,0.012284048280630332,0.0,0.0,0.0,0.0,0.9849204539645946,0.984246964434757,0.9856312418769412,0.985739742653315,0.015079546035405409,0.014368758123058812,0.015753035565242976,0.015803528154496826,0.0,0.0,0.0,0.0,0.034336622476036534,0.03372171634517844,0.03497394372815027,0.035189335903980976,0.9826657658092322,0.9820848891683859,0.9831670500208528,0.9832913134512877,1.0131233942100017,0.9798910126649293,1.0529078024766998,1.056076970889847,1.8846565284138013,1.8081400142920487,1.9911335239923857,2.05706722690785,2.053649198572156,1.8897662681265406,2.2259917930242636,2.341357504220286,1.6504763737319865,1.582652113800115,1.759477101321716,1.7675666072277083,2.053649198572156,1.8897662681265406,2.2259917930242636,2.341357504220286,1.3706034793934525,1.396043218734388,0.9973404332270214
long_stream,832,ercb_beta_0p005,softmax,token,0.005,32,18000.0,18000.0,18000.0,18000.0,32.0,32.0,32.0,32.0,32.0,32.0,32.0,32.0,53.0,53.0,53.0,53.0,53.0,53.0,53.0,53.0,339.62264150943395,339.62264150943395,339.62264150943395,339.62264150943395,113.50867023848215,112.90071721059005,113.95121041365445,114.3361852649762,16.6875,15.55,17.0,17.0,425.0,420.0,433.0,435.0,0.8995202674527193,0.8988152533900907,0.9004874592168887,0.9008335112201483,0.9102182107694546,0.9102182107694546,0.9102182107694546,0.9102182107694546,0.010697943316735323,0.009730751552565937,0.01140295737936392,0.012018084063356804,22.57387162491192,21.087386864331755,24.025932340345996,24.63239162121965,0.06646751089557398,0.062090639100532384,0.07074302300212988,0.07252870866248008,1.000157650234077,0.9836134795526973,1.016612676734094,1.0341246290801187,0.0,0.0,0.0,0.0,0.0,0.0,0.0,0.0,0.0,-0.0,0.0,-0.0,0.0,0.0,0.0,0.0,1.0,1.0,1.0,1.0,0.012284048280630332,0.012284048280630332,0.012284048280630332,0.012284048280630332,0.0,0.0,0.0,0.0,0.9820644440241177,0.9812171600088212,0.9827630815007036,0.9831125105591271,0.017935555975882332,0.017236918499296462,0.018782839991178735,0.019196661785266154,0.0,0.0,0.0,0.0,0.035534570449911596,0.03474017645922939,0.03665460188017564,0.036876626010826676,0.9822386512035305,0.9812962338066971,0.983009425238814,0.983205619951105,1.0131477891835523,0.9830609761621225,1.0499179450731018,1.0697272260715458,2.002356886551885,1.900120112080591,2.1720191492943606,2.174425925905827,2.2310901933037313,2.038142712488392,2.4515860746177305,2.5479867629353907,1.7488649563463894,1.654593431742646,1.87284572842936,1.907742368589151,2.2310901933037313,2.038142712488392,2.4515860746177305,2.5479867629353907,1.418421568149019,1.463129488283601,0.9969069402930967
long_stream,832,ercb_beta_0p0055,softmax,token,0.0055,32,18000.0,18000.0,18000.0,18000.0,32.0,32.0,32.0,32.0,32.0,32.0,32.0,32.0,53.0,53.0,53.0,53.0,53.0,53.0,53.0,53.0,339.62264150943395,339.62264150943395,339.62264150943395,339.62264150943395,112.40346998145952,111.82661379648376,112.88066995947644,113.21264453932903,16.65625,16.0,17.0,17.0,421.875,418.0,426.9,430.0,0.9012752744852066,0.9005192652279039,0.9021875966935783,0.9022526692769282,0.9102182107694546,0.9102182107694546,0.9102182107694546,0.9102182107694546,0.00894293628424805,0.00803061407587632,0.009698945541550735,0.01022631569646526,20.747920486618895,19.164529434065116,21.98119586368955,22.636587515339468,0.061091099210600075,0.05642889222252506,0.0647224100430859,0.06665217435072177,1.0014126403021872,0.9817387509788936,1.0174472970015,1.0184538653366584,0.0,0.0,0.0,0.0,0.0,0.0,0.0,0.0,0.0,-0.0,0.0,-0.0,0.0,0.0,0.0,0.0,1.0,1.0,1.0,1.0,0.012284048280630332,0.012284048280630332,0.012284048280630332,0.012284048280630332,0.0,0.0,0.0,0.0,0.9790855722387534,0.9783007340595974,0.9799229632611006,0.9805514656125925,0.02091442776124662,0.020077036738899334,0.021699265940402633,0.021975157712896064,0.0,0.0,0.0,0.0,0.03651453459253219,0.03583021795262352,0.03715951647728792,0.037655455243358615,0.9818933268911199,0.9811616571096936,0.9825103270815623,0.9826287504892253,1.010116554991206,0.9710400606846606,1.0511531879900697,1.0569187916720109,2.1133196419686398,2.009558499492969,2.1965047840001395,2.2943470476040977,2.371970598745128,2.2228164451545496,2.5267060775842545,2.6882336018203468,1.8318022652349912,1.7576299052440638,1.904627363186989,1.9983134244005736,2.371970598745128,2.2228164451545496,2.5267060775842545,2.6882336018203468,1.457538469192329,1.4832839954452066,0.9965564590701552
long_stream,832,ercb_beta_0p006,softmax,token,0.006,32,18000.0,18000.0,18000.0,18000.0,32.0,32.0,32.0,32.0,32.0,32.0,32.0,32.0,53.0,53.0,53.0,53.0,53.0,53.0,53.0,53.0,339.62264150943395,339.62264150943395,339.62264150943395,339.62264150943395,111.64423881614826,111.2339901724299,112.17509497862356,112.2149598904313,16.9375,16.55,17.0,17.0,421.40625,417.1,426.45,428.0,0.9024749495332269,0.9016370856946541,0.9031213735404354,0.90334353539039,0.9102182107694546,0.9102182107694546,0.9102182107694546,0.9102182107694546,0.007743261236227678,0.0070968372290191985,0.008581125074800595,0.008644167673848124,19.745172363078748,19.122245709235685,20.333397578565965,20.741899987569596,0.05813856306906521,0.056304390143860635,0.059870559536888676,0.06107337218562159,0.9987822319063424,0.984962010921712,1.0128840436075321,1.0222662048490847,0.0,0.0,0.0,0.0,0.0,0.0,0.0,0.0,0.0,-0.0,0.0,-0.0,0.0,0.0,0.0,0.0,1.0,1.0,1.0,1.0,0.012284048280630332,0.012284048280630332,0.012284048280630332,0.012284048280630332,0.0,0.0,0.0,0.0,0.9761813199061613,0.975062581013148,0.9774946896394149,0.977750501411931,0.02381868009383869,0.022505310360585163,0.024937418986852006,0.02544408457222775,0.0,0.0,0.0,0.0,0.03716271314654308,0.03630654036332039,0.0379835750415867,0.03804406561201405,0.9816225734994593,0.9807622700334275,0.9822721344946425,0.9823505229321627,1.0173749801776282,0.9843962121571355,1.0506990601622463,1.0753465891590088,2.1779714500016247,2.0803476320978143,2.256483797093315,2.345427447136663,2.4503112836770073,2.265240920922472,2.588879942509446,2.629134198900164,1.8818859046187535,1.7967943101033195,1.9462633193350167,1.9630252471686556,2.4503112836770073,2.265240920922472,2.588879942509446,2.629134198900164,1.4834115958231022,1.5161776656435533,0.9962816623749492
long_stream,832,ercb_beta_0p0065,softmax,token,0.0065,32,18000.0,18000.0,18000.0,18000.0,32.0,32.0,32.0,32.0,32.0,32.0,32.0,32.0,53.0,53.0,53.0,53.0,53.0,53.0,53.0,53.0,339.62264150943395,339.62264150943395,339.62264150943395,339.62264150943395,110.85986965510698,110.57557398524972,111.2335851180189,111.40360524214177,16.96875,17.0,17.0,17.0,418.71875,414.0,423.0,427.0,0.9037090759540605,0.9031220208876753,0.9041552870848951,0.9044763842723527,0.9102182107694546,0.9102182107694546,0.9102182107694546,0.9102182107694546,0.006509134815394137,0.0060629236845594955,0.007096189881779252,0.007363771252768658,18.523843415339996,17.40775605242896,19.885092423691223,20.88693732799034,0.05454242783405666,0.05125617059881861,0.05855054991420194,0.061500426576860445,1.0005489408094435,0.985721996410473,1.0175355411902498,1.0234648027958062,0.0,0.0,0.0,0.0,0.0,0.0,0.0,0.0,0.0,-0.0,0.0,-0.0,0.0,0.0,0.0,0.0,1.0,1.0,1.0,1.0,0.012284048280630332,0.012284048280630332,0.012284048280630332,0.012284048280630332,0.0,0.0,0.0,0.0,0.9729486059460328,0.972269944648845,0.9739255697495732,0.9745411052742983,0.027051394053967115,0.026074430250426772,0.02773005535115505,0.028523632755608548,0.0,0.0,0.0,0.0,0.03786066855302791,0.036907703057762524,0.0386505959166856,0.0387798510955202,0.98136759921108,0.9807123377272084,0.9821313559635744,0.9821898858937413,1.0255089868802307,0.9947599611498779,1.0596891268193083,1.080864201248191,2.26490566053637,2.134706456897165,2.3587192499587757,2.435197878940717,2.533097713525663,2.3313915069449527,2.7094392146557382,2.8085107196285133,1.9411707869807548,1.8291263029484774,2.0347401122564537,2.076994885278801,2.533097713525663,2.3313915069449527,2.7094392146557382,2.8085107196285133,1.511271648431864,1.5428029149055227,0.9960228804207163
long_stream,832,ercb_beta_0p007,softmax,token,0.007,32,18000.0,18000.0,18000.0,18000.0,32.0,32.0,32.0,32.0,32.0,32.0,32.0,32.0,53.0,53.0,53.0,53.0,53.0,53.0,53.0,53.0,339.62264150943395,339.62264150943395,339.62264150943395,339.62264150943395,110.2626546796702,109.89339035727787,110.6625796950169,110.67685862244132,16.96875,17.0,17.0,17.0,418.625,414.0,426.45,428.0,0.9046450933570636,0.9040188802713648,0.9052225054294316,0.9053701224036933,0.9102182107694546,0.9102182107694546,0.9102182107694546,0.9102182107694546,0.005573117412391058,0.004995705340023015,0.006199330498089806,0.00622172265072507,17.13204552672218,16.31858515059652,18.116035903932143,18.51363597409034,0.05044435627312642,0.048049167387867533,0.05334166127268909,0.05451237259037712,1.0003847028936943,0.9812198354553486,1.0178631162744487,1.021662468513854,0.0,0.0,0.0,0.0,0.0,0.0,0.0,0.0,0.0,-0.0,0.0,-0.0,0.0,0.0,0.0,0.0,1.0,1.0,1.0,1.0,0.012284048280630332,0.012284048280630332,0.012284048280630332,0.012284048280630332,0.0,0.0,0.0,0.0,0.9696877154195731,0.968833373749165,0.9706699584761689,0.9708453263679444,0.030312284580426962,0.029330041523831098,0.03116662625083502,0.03128864308226645,0.0,0.0,0.0,0.0,0.0385160438910927,0.037937930293539146,0.03920858164701204,0.03966044439233464,0.9810963731917517,0.9803794684535317,0.9817551591803922,0.9819684331386739,1.0277909882356413,0.9903613877933084,1.063803570028971,1.0721301206909633,2.3398622208505317,2.2419566197059972,2.4419389069167106,2.480839769103152,2.649740197643323,2.5039401807853006,2.813061854763964,2.8404796115061623,2.0057978022431655,1.9327914544512077,2.0710831384828507,2.1080274974742452,2.649740197643323,2.5039401807853006,2.813061854763964,2.8404796115061623,1.5374320466855698,1.565075844748027,0.9957476040398437
long_stream,848,ercb_beta_0,softmax,token,0.0,32,18000.0,18000.0,18000.0,18000.0,32.0,32.0,32.0,32.0,32.0,32.0,32.0,32.0,53.0,53.0,53.0,53.0,53.0,53.0,53.0,53.0,339.62264150943395,339.62264150943395,339.62264150943395,339.62264150943395,143.12062877571532,142.0337870045277,144.6475351884303,144.96404582413416,3.1875,1.55,5.0,6.0,457.34375,450.55,464.45,465.0,0.8491922762507009,0.8464558501447298,0.8511361916945586,0.8527473416430684,0.9033307208860188,0.9033307208860188,0.9033307208860188,0.9033307208860188,0.054138444635317855,0.0521945291914603,0.05687487074128906,0.05744384321791807,53.92738270217039,52.00600560795053,56.46639632673831,56.84371158861648,0.15878618240083503,0.15312879429007656,0.16626216696206284,0.16737315078870407,0.9997789909078767,0.9769359812436479,1.0193901820825824,1.0310760667903527,0.0,0.0,0.0,0.0,0.0,0.0,0.0,0.0,0.0,-0.0,0.0,-0.0,0.0,0.0,0.0,0.0,1.0,1.0,1.0,1.0,0.09520433561371838,0.09520433561371838,0.09520433561371838,0.09520433561371838,0.0,0.0,0.0,0.0,1.0,1.0,1.0,1.0,0.0,0.0,0.0,0.0,0.0,0.0,0.0,0.0,0.024851501163545748,0.024137250378782178,0.025679540997808697,0.026098599545987557,0.9855103793249081,0.9848428546435094,0.9859711135733059,0.9860014539701426,0.993507517538365,0.9468878717373196,1.0412441458124064,1.0449711583799666,0.9912870155274716,0.9358501018491079,1.0386368757763351,1.046696124686975,1.0082267410686503,0.9324588592695727,1.1277708287118822,1.1471983677299926,0.9976737580448289,0.946055378684764,1.037577941886618,1.0544779506317952,1.030575704066263,0.9719506261621577,1.1277708287118822,1.1471983677299926,1.0,1.0333195097074293,1.0
long_stream,848,ercb_beta_0p0035,softmax,token,0.0035,32,18000.0,18000.0,18000.0,18000.0,32.0,32.0,32.0,32.0,32.0,32.0,32.0,32.0,53.0,53.0,53.0,53.0,53.0,53.0,53.0,53.0,339.62264150943395,339.62264150943395,339.62264150943395,339.62264150943395,121.98520472694386,121.21331443592051,122.51443764360268,123.51674340937099,5.21875,4.0,6.0,6.0,431.40625,428.0,436.45,437.0,0.8857312919090207,0.8848530524223406,0.8870109435871769,0.8874947405664692,0.9033307208860188,0.9033307208860188,0.9033307208860188,0.9033307208860188,0.017599428976998163,0.01631977729884197,0.018477668463678258,0.020148444614107475,28.59265241231454,27.118846776799966,29.961346079848827,30.7877701766924,0.08418947654737058,0.07984993773168879,0.08821951901288821,0.0906528788535943,1.0013727399848742,0.9870194497023564,1.0167233025708635,1.0172331258975587,0.0,0.0,0.0,0.0,0.0,0.0,0.0,0.0,0.0,-0.0,0.0,-0.0,0.0,0.0,0.0,0.0,1.0,1.0,1.0,1.0,0.09520433561371838,0.09520433561371838,0.09520433561371838,0.09520433561371838,0.0,0.0,0.0,0.0,0.9903878688798844,0.9895518026138405,0.9910268553487747,0.9918172010248378,0.009612131120115663,0.008973144651225319,0.010448197386159569,0.010554002670117996,0.0,0.0,0.0,0.0,0.03175555480369774,0.030872969487741753,0.03262806451545793,0.032951975587579715,0.9837455596558144,0.9830771256804379,0.9843098493507956,0.9845195057018601,1.0224007846863499,0.9851042140131407,1.0697197447161508,1.0837931510942593,1.4394198730328056,1.343739095362374,1.511560759920535,1.5273081151827934,1.7651607412081587,1.6003780153112077,1.9116079017634777,1.9540809223459645,1.4089937996424378,1.3394657142242359,1.473884374905325,1.4818861180363658,1.7651607412081587,1.6003780153112077,1.9116079017634777,1.9540809223459645,1.2778123379636894,1.3129212718674514,0.9982092327933647
long_stream,848,ercb_beta_0p004,softmax,token,0.004,32,18000.0,18000.0,18000.0,18000.0,32.0,32.0,32.0,32.0,32.0,32.0,32.0,32.0,53.0,53.0,53.0,53.0,53.0,53.0,53.0,53.0,339.62264150943395,339.62264150943395,339.62264150943395,339.62264150943395,120.28071376922998,119.65838554870838,120.83525081053912,121.10251799496385,5.5,4.55,6.0,6.0,429.875,425.0,435.45,437.0,0.8885492565521028,0.8876355797088934,0.8895731521758311,0.8902852175976326,0.9033307208860188,0.9033307208860188,0.9033307208860188,0.9033307208860188,0.014781464333916031,0.01375756871018773,0.015695141177125428,0.01613659913196641,26.30205663930076,25.19791075847519,27.42786876448199,27.697830444292105,0.07744494454905224,0.07419384834439917,0.08075983580653032,0.08155472297486009,1.000990230972,0.9818196568309089,1.0181745268572873,1.0229828850855744,0.0,0.0,0.0,0.0,0.0,0.0,0.0,0.0,0.0,-0.0,0.0,-0.0,0.0,0.0,0.0,0.0,1.0,1.0,1.0,1.0,0.09520433561371838,0.09520433561371838,0.09520433561371838,0.09520433561371838,0.0,0.0,0.0,0.0,0.9877908119831997,0.9868907577774254,0.9886649008911245,0.9888296244843259,0.01220918801680023,0.01133509910887557,0.013109242222574622,0.01370943011361345,0.0,0.0,0.0,0.0,0.03275323668366116,0.03203390325005442,0.033479578404093095,0.03362968018208325,0.9834610476871558,0.9828130173845769,0.9842747095433612,0.9844911927031104,1.0338937293832076,0.9949754073755505,1.0686440000563562,1.0781258006060899,1.510658481845812,1.4348224661828906,1.6113805451728225,1.6419156150383478,1.9081774212160991,1.7432746956376357,2.0442066722431433,2.08780744986013,1.4842432108150394,1.4096921077189022,1.5439916451096716,1.5624937345900305,1.9081774212160991,1.7432746956376357,2.0442066722431433,2.08780744986013,1.317958076983548,1.3471853544687968,0.9979205377429347
long_stream,848,ercb_beta_0p0045,softmax,token,0.0045,32,18000.0,18000.0,18000.0,18000.0,32.0,32.0,32.0,32.0,32.0,32.0,32.0,32.0,53.0,53.0,53.0,53.0,53.0,53.0,53.0,53.0,339.62264150943395,339.62264150943395,339.62264150943395,339.62264150943395,118.71554151002066,118.04929010069809,119.29655501089968,119.41164356727329,5.5625,5.0,6.0,6.0,427.84375,424.0,431.45,433.0,0.891117232301423,0.8901667241236391,0.8922051050658836,0.8923476086348248,0.9033307208860188,0.9033307208860188,0.9033307208860188,0.9033307208860188,0.012213488584595783,0.011125615820135238,0.013163996762379837,0.013352679555954983,24.08777558866985,22.793144939643906,25.09398728709612,25.308660610288968,0.07092511701108345,0.0671131489889515,0.07388785145644967,0.07451994513029529,1.000970125383725,0.9822704632594775,1.0196226306389353,1.0302439024390244,0.0,0.0,0.0,0.0,0.0,0.0,0.0,0.0,0.0,-0.0,0.0,-0.0,0.0,0.0,0.0,0.0,1.0,1.0,1.0,1.0,0.09520433561371838,0.09520433561371838,0.09520433561371838,0.09520433561371838,0.0,0.0,0.0,0.0,0.9851070349337423,0.9839752915763563,0.9859315033431193,0.9862209095492865,0.014892965066257799,0.014068496656880657,0.016024708423643706,0.01626178906738759,0.0,0.0,0.0,0.0,0.033922215031173715,0.03314808946678067,0.03475224483432507,0.034991138363713384,0.9830767743554016,0.9821405650849692,0.9836319321793249,0.9838763050899448,1.0274035370158252,0.9966059460857141,1.0583895277745556,1.080112527853747,1.6099397900928145,1.544932135179319,1.6779559291122106,1.7169124819815538,2.0658325902930788,1.9476723120560184,2.212663158550054,2.276555912672222,1.567725305800573,1.5099882482235483,1.6373460807169735,1.6459233804941846,2.0658325902930788,1.9476723120560184,2.212663158550054,2.276555912672222,1.3649966176262078,1.398396201727345,0.9975306145723462
long_stream,848,ercb_beta_0p005,softmax,token,0.005,32,18000.0,18000.0,18000.0,18000.0,32.0,32.0,32.0,32.0,32.0,32.0,32.0,32.0,53.0,53.0,53.0,53.0,53.0,53.0,53.0,53.0,339.62264150943395,339.62264150943395,339.62264150943395,339.62264150943395,117.4455115149302,116.91926130935781,117.92272370135791,118.36483835607669,5.78125,5.0,6.0,6.0,426.8125,422.55,432.45,435.0,0.8931869563021604,0.8924112699306506,0.8940413081237877,0.8942766986832813,0.9033307208860188,0.9033307208860188,0.9033307208860188,0.9033307208860188,0.010143764583858506,0.009289412762231136,0.010919450955368244,0.011640162279037636,22.1987677606515,21.037764158366013,23.57974952023595,24.05339971263624,0.06536303840636276,0.06194452779963326,0.06942926247625031,0.07082389915387337,0.9996593430411653,0.981313017139275,1.0148537299636304,1.0176125244618395,0.0,0.0,0.0,0.0,0.0,0.0,0.0,0.0,0.0,-0.0,0.0,-0.0,0.0,0.0,0.0,0.0,1.0,1.0,1.0,1.0,0.09520433561371838,0.09520433561371838,0.09520433561371838,0.09520433561371838,0.0,0.0,0.0,0.0,0.9821221211701193,0.9812741177109904,0.9830554282035047,0.9836514037581817,0.01787787882988069,0.016944571796495302,0.018725882289009597,0.018939484805256576,0.0,0.0,0.0,0.0,0.034979509158267384,0.034357280451476076,0.03568968623754202,0.03599630364766679,0.9825957128556586,0.9818445561643137,0.9832400958392428,0.9833799790448842,1.028873086980132,0.9833893097607794,1.067078111679015,1.0738064388785853,1.7011253976918137,1.6241374890109166,1.789604447126972,1.8166146314146803,2.2356096207254827,2.046232134501382,2.395182305498384,2.4443537519921037,1.6552027017991429,1.5838040711061165,1.724876412303367,1.7605792290960214,2.2356096207254827,2.046232134501382,2.395182305498384,2.4443537519921037,1.4075410949250118,1.4361179231254901,0.9970424801905728
long_stream,848,ercb_beta_0p0055,softmax,token,0.0055,32,18000.0,18000.0,18000.0,18000.0,32.0,32.0,32.0,32.0,32.0,32.0,32.0,32.0,53.0,53.0,53.0,53.0,53.0,53.0,53.0,53.0,339.62264150943395,339.62264150943395,339.62264150943395,339.62264150943395,116.45892346944376,116.11328561150162,116.82381890953738,117.1730258119508,5.84375,5.0,6.0,6.0,424.6875,422.0,429.0,430.0,0.8947862193373826,0.8941959640777627,0.8953447858131436,0.8954690113745183,0.9033307208860188,0.9033307208860188,0.9033307208860188,0.9033307208860188,0.008544501548636268,0.007985935072875311,0.009134756808256168,0.009700852183635367,20.631155656953794,19.727747246736726,21.636515500541993,21.81655940222801,0.06074729165658617,0.05808725578205814,0.063707517862707,0.06423764712878248,0.9983689923165611,0.9811456012200847,1.0108911281309052,1.0146771037181996,0.0,0.0,0.0,0.0,0.0,0.0,0.0,0.0,0.0,-0.0,0.0,-0.0,0.0,0.0,0.0,0.0,1.0,1.0,1.0,1.0,0.09520433561371838,0.09520433561371838,0.09520433561371838,0.09520433561371838,0.0,0.0,0.0,0.0,0.9791356073877368,0.9783008839423853,0.98013454426534,0.9802208941524146,0.020864392612263256,0.019865455734660017,0.021699116057614685,0.021930274234541604,0.0,0.0,0.0,0.0,0.03585293459728827,0.03497274151996114,0.03661946791008012,0.03668788227204424,0.9821127394529561,0.9815252973839401,0.9826870999590785,0.982833095843833,1.0305946816973646,0.9999616145073078,1.0643886747418168,1.0755435676035636,1.7634484426672001,1.6918196182901102,1.844587605219786,1.8703011552138402,2.358619399948016,2.191260506797189,2.50013646925457,2.526208454781063,1.7175541747708603,1.6361303958665612,1.7860783941445593,1.7980921582988163,2.358619399948016,2.191260506797189,2.50013646925457,2.526208454781063,1.4426868767944023,1.4735314244837896,0.9965524057957872
long_stream,848,ercb_beta_0p006,softmax,token,0.006,32,18000.0,18000.0,18000.0,18000.0,32.0,32.0,32.0,32.0,32.0,32.0,32.0,32.0,53.0,53.0,53.0,53.0,53.0,53.0,53.0,53.0,339.62264150943395,339.62264150943395,339.62264150943395,339.62264150943395,115.60026740786094,115.10351894925867,116.08963233371725,116.29001261730028,5.875,5.0,6.0,6.0,423.46875,419.55,427.9,430.0,0.8961712260960221,0.8953829294383138,0.8969703792064201,0.8980209464272688,0.9033307208860188,0.9033307208860188,0.9033307208860188,0.9033307208860188,0.007159494789996775,0.006360341679598774,0.007947791447705082,0.008271294769061077,19.125169916156814,17.994175521828492,20.3715806553147,20.47732293824027,0.056313000308683955,0.05298285014760611,0.059982987485093286,0.060294339762596356,1.0034181588277242,0.9905842786657109,1.0188624843604632,1.0206794682422453,0.0,0.0,0.0,0.0,0.0,0.0,0.0,0.0,0.0,-0.0,0.0,-0.0,0.0,0.0,0.0,0.0,1.0,1.0,1.0,1.0,0.09520433561371838,0.09520433561371838,0.09520433561371838,0.09520433561371838,0.0,0.0,0.0,0.0,0.9759500883145952,0.9748969960814792,0.976872243099042,0.9775091165515661,0.024049911685404764,0.023127756900958023,0.025103003918520873,0.025231338182868095,0.0,0.0,0.0,0.0,0.036597350907759486,0.03578429655852134,0.037511657685213265,0.0380195491283847,0.9818235932826501,0.981143584715446,0.9826075025088086,0.9826604502983851,1.031035136632492,0.9912086497662913,1.0701065077015242,1.078304659730931,1.8167330812138516,1.7299395583285337,1.910738350514205,1.952517980470608,2.450777991492676,2.301919452197616,2.692038014690674,2.699707011532158,1.766182069779673,1.6790724301517759,1.8679836140442203,1.8888245031923179,2.450777991492676,2.301919452197616,2.692038014690674,2.699707011532158,1.4726414580316591,1.509432264809761,0.9962590084086344
long_stream,848,ercb_beta_0p0065,softmax,token,0.0065,32,18000.0,18000.0,18000.0,18000.0,32.0,32.0,32.0,32.0,32.0,32.0,32.0,32.0,53.0,53.0,53.0,53.0,53.0,53.0,53.0,53.0,339.62264150943395,339.62264150943395,339.62264150943395,339.62264150943395,115.00173501103922,114.64411255738715,115.36246910551236,115.59480735466472,5.9375,5.55,6.0,6.0,423.28125,418.55,428.45,430.0,0.897133570277016,0.8965542917952869,0.8977072237656053,0.8978824539734923,0.9033307208860188,0.9033307208860188,0.9033307208860188,0.9033307208860188,0.006197150609002798,0.005623497120413506,0.0067764290907319615,0.0071502073831039015,18.12886383846496,16.798559761508848,19.22080415944061,19.407254041568123,0.05337943241325794,0.049462425964442724,0.05659459002501958,0.05714358134461726,0.9996946718560515,0.9808371631656075,1.0160135295302817,1.023916292974589,0.0,0.0,0.0,0.0,0.0,0.0,0.0,0.0,0.0,-0.0,0.0,-0.0,0.0,0.0,0.0,0.0,1.0,1.0,1.0,1.0,0.09520433561371838,0.09520433561371838,0.09520433561371838,0.09520433561371838,0.0,0.0,0.0,0.0,0.9730193239557664,0.971924906969363,0.9740089418225191,0.9744742816846539,0.02698067604423365,0.025991058177480875,0.02807509303063709,0.02885241111840468,0.0,0.0,0.0,0.0,0.037190499125941995,0.036424710466801194,0.03784227553348526,0.03807603478843452,0.9816097736507836,0.9809500998128677,0.9822480063867965,0.9824906278611557,1.0329320881312365,0.9988698431284803,1.067439915786372,1.089235127203455,1.8733760427816537,1.790373158793876,1.970402438024893,1.987714589296618,2.5347832201637077,2.3926192757258016,2.7309968386777452,2.7985085699560157,1.8136971170255327,1.7374184575346747,1.9010733592890172,1.912371787729036,2.5347832201637077,2.3926192757258016,2.7309968386777452,2.7985085699560157,1.4965091597965967,1.5227360023222847,0.9960420450601479
long_stream,848,ercb_beta_0p007,softmax,token,0.007,32,18000.0,18000.0,18000.0,18000.0,32.0,32.0,32.0,32.0,32.0,32.0,32.0,32.0,53.0,53.0,53.0,53.0,53.0,53.0,53.0,53.0,339.62264150943395,339.62264150943395,339.62264150943395,339.62264150943395,114.53443094283081,114.24094236622524,114.84029539849854,114.96992657066428,5.9375,5.55,6.0,6.0,422.9375,418.0,431.35,434.0,0.8978827315746789,0.8973927840615081,0.8983524216915163,0.8984039354972594,0.9033307208860188,0.9033307208860188,0.9033307208860188,0.9033307208860188,0.005447989311339958,0.004978299194502584,0.0059379368245106815,0.006145882549948745,17.19901336926295,16.49510793078444,18.1058650163019,18.447273153299726,0.05064153936505203,0.04856892890730974,0.05331171365911116,0.05431697095138253,1.0005385289714848,0.986863119551104,1.0156664594855758,1.0264735264735265,0.0,0.0,0.0,0.0,0.0,0.0,0.0,0.0,0.0,-0.0,0.0,-0.0,0.0,0.0,0.0,0.0,1.0,1.0,1.0,1.0,0.09520433561371838,0.09520433561371838,0.09520433561371838,0.09520433561371838,0.0,0.0,0.0,0.0,0.969956012532192,0.9690563805126342,0.9711956956507827,0.9725207156299389,0.030043987467807974,0.028804304349217283,0.03094361948736576,0.031740985673356155,0.0,0.0,0.0,0.0,0.03768950121934947,0.037173897148292556,0.03825500182440783,0.03833485141005304,0.9813797347373452,0.9808283348448662,0.9819219441994108,0.982144839195378,1.0346913758908192,1.0052971500374657,1.0680601203612026,1.0785685562586507,1.9277661854682218,1.8524663079875987,1.999463313734555,2.0387633966420853,2.618751675671148,2.43504313264825,2.8008446280865713,2.8905301228101714,1.860403079010063,1.782676524845524,1.9414677359063424,1.9476397084457873,2.618751675671148,2.43504313264825,2.8008446280865713,2.8905301228101714,1.5165885139621091,1.5393437029278316,0.9958086239635624
long_stream,864,ercb_beta_0,softmax,token,0.0,32,18000.0,18000.0,18000.0,18000.0,32.0,32.0,32.0,32.0,32.0,32.0,32.0,32.0,52.0,52.0,52.0,52.0,52.0,52.0,52.0,52.0,346.15384615384613,346.15384615384613,346.15384615384613,346.15384615384613,138.90492027551198,137.639491475944,140.16367506087545,140.81703685926104,13.21875,9.0,17.45,20.0,457.71875,453.0,464.45,467.0,0.8613046170247902,0.8591375155803447,0.8634788694002035,0.8655469054293834,0.9143667333063162,0.9143667333063162,0.9143667333063162,0.9143667333063162,0.05306211628152595,0.05088786390611272,0.05522921772597153,0.05635860447374752,53.191102486972156,50.99465728510368,55.09640573977825,55.79012871053858,0.153663184962364,0.14731789882363286,0.1591673943593594,0.16117148294155592,1.0008456452466654,0.9797873015612195,1.0192717627061285,1.0241973010702652,0.0,0.0,0.0,0.0,0.0,0.0,0.0,0.0,0.0,-0.0,0.0,-0.0,0.0,0.0,0.0,0.0,1.0,1.0,1.0,1.0,0.06415002990995843,0.06415002990995843,0.06415002990995843,0.06415002990995843,0.0,0.0,0.0,0.0,1.0,1.0,1.0,1.0,0.0,0.0,0.0,0.0,0.0,0.0,0.0,0.0,0.024873204689974775,0.024125863931881267,0.025641192836867853,0.025819574482198068,0.9856327800329817,0.9852529224137575,0.9860545462050853,0.9862022094681255,0.9982182151280969,0.9702847391153747,1.0305078929276055,1.0496403947236423,1.0064007024147932,0.9489057309646909,1.079650035206232,1.082705644596599,1.0023463037396971,0.9174307271917135,1.101051154564746,1.2199041526292524,1.002321740427529,0.9585720312327427,1.056318230225996,1.0899752849917206,1.0363290228036468,0.992951073838032,1.101051154564746,1.2199041526292524,1.0,1.030876123783222,1.0
long_stream,864,ercb_beta_0p0035,softmax,token,0.0035,32,18000.0,18000.0,18000.0,18000.0,32.0,32.0,32.0,32.0,32.0,32.0,32.0,32.0,52.0,52.0,52.0,52.0,52.0,52.0,52.0,52.0,346.15384615384613,346.15384615384613,346.15384615384613,346.15384615384613,117.11284492119145,116.18974580422771,117.91533949098508,118.0349336515685,21.6875,20.0,23.0,23.0,435.40625,430.55,440.45,445.0,0.8972907288223615,0.8960263558361898,0.8987413768051526,0.8992031461541703,0.9143667333063162,0.9143667333063162,0.9143667333063162,0.9143667333063162,0.017076004483954705,0.015625356501163583,0.01834037747012639,0.018529371008961015,28.188047032346837,26.80926307465776,29.357293939494227,30.170668384529215,0.08143213587122419,0.07744898221567799,0.08480996026964999,0.08715970866641774,0.996462054068108,0.9784754707484604,1.015751518350726,1.0204479065238559,0.0,0.0,0.0,0.0,0.0,0.0,0.0,0.0,0.0,-0.0,0.0,-0.0,0.0,0.0,0.0,0.0,1.0,1.0,1.0,1.0,0.06415002990995843,0.06415002990995843,0.06415002990995843,0.06415002990995843,0.0,0.0,0.0,0.0,0.9903405499683242,0.9895194131725517,0.9912065894026614,0.9918625680298387,0.009659450031675891,0.00879341059733862,0.010480586827448402,0.010972406861770631,0.0,0.0,0.0,0.0,0.03120675174620988,0.030150614097069664,0.03242957903237928,0.032903747651992624,0.9839410971884073,0.9833613521548168,0.9845923271895407,0.9851046062419644,1.0027829656853553,0.9653709612505398,1.0457869303601435,1.0680725090084688,1.378494028334453,1.3013872715420587,1.4657095563185232,1.4921638070622705,1.744263584140688,1.607306438280822,1.9343872070241541,1.9409978096446303,1.3751801927201655,1.2993885237378906,1.4591824690395747,1.4725645951794142,1.744263584140688,1.607306438280822,1.9343872070241541,1.9409978096446303,1.2546333347543215,1.3037957688439772,0.9982836580937194
long_stream,864,ercb_beta_0p004,softmax,token,0.004,32,18000.0,18000.0,18000.0,18000.0,32.0,32.0,32.0,32.0,32.0,32.0,32.0,32.0,52.0,52.0,52.0,52.0,52.0,52.0,52.0,52.0,346.15384615384613,346.15384615384613,346.15384615384613,346.15384615384613,115.21212328095304,114.3832010424153,116.25397639823964,116.62915993329268,22.25,21.0,23.0,23.0,432.65625,428.55,438.25,441.0,0.9002676251860344,0.8986407248748903,0.9015581199182483,0.901651284161814,0.9143667333063162,0.9143667333063162,0.9143667333063162,0.9143667333063162,0.014099108120281714,0.01280861338806794,0.015726008431425943,0.01631446897064137,25.666932387147277,24.124509237798748,27.328177360598907,27.874719729532707,0.07414891578509214,0.06969302668697416,0.07894806793061908,0.08052696810753894,1.0006661868944984,0.9866188071236223,1.0157550389324568,1.0261627906976745,0.0,0.0,0.0,0.0,0.0,0.0,0.0,0.0,0.0,-0.0,0.0,-0.0,0.0,0.0,0.0,0.0,1.0,1.0,1.0,1.0,0.06415002990995843,0.06415002990995843,0.06415002990995843,0.06415002990995843,0.0,0.0,0.0,0.0,0.9876948119125795,0.9866568965378366,0.9889135165210723,0.9892747649260721,0.012305188087420482,0.011086483478927628,0.01334310346216334,0.01342290047105843,0.0,0.0,0.0,0.0,0.03236872816243069,0.03140933602857084,0.03324204106955541,0.03336026049005683,0.9836009310819686,0.9829940703339601,0.9840486993357583,0.9840780956109765,0.9962933961946097,0.9583465061727512,1.0239466026959776,1.0287414497723577,1.4573223641062403,1.3615606829237785,1.541865215822831,1.5489705502014024,1.8975014072880385,1.7072541394933343,2.0283228516610046,2.2571861818265435,1.4503723891962963,1.3673537297366072,1.5165668106803225,1.6053816091814188,1.8975014072880385,1.7072541394933343,2.0283228516610046,2.2571861818265435,1.3013493261476279,1.3364599167614988,0.9979385335064189
long_stream,864,ercb_beta_0p0045,softmax,token,0.0045,32,18000.0,18000.0,18000.0,18000.0,32.0,32.0,32.0,32.0,32.0,32.0,32.0,32.0,52.0,52.0,52.0,52.0,52.0,52.0,52.0,52.0,346.15384615384613,346.15384615384613,346.15384615384613,346.15384615384613,113.57752064414333,112.79835688521862,114.25481480310029,114.6233605898004,22.375,21.0,23.0,23.0,429.84375,426.0,434.0,434.0,0.9028048298714705,0.9017572839126566,0.9040068536025633,0.9044786971147397,0.9143667333063162,0.9143667333063162,0.9143667333063162,0.9143667333063162,0.01156190343484572,0.010359879703752906,0.012609449393659617,0.013181534585634314,23.673922518093647,22.03637559967941,25.111581943290783,25.405178151768133,0.06839133171893721,0.06366064062129609,0.0725445700583956,0.07339273688288572,1.0012785874217485,0.9871820450741273,1.013707813914618,1.0246973365617433,0.0,0.0,0.0,0.0,0.0,0.0,0.0,0.0,0.0,-0.0,0.0,-0.0,0.0,0.0,0.0,0.0,1.0,1.0,1.0,1.0,0.06415002990995843,0.06415002990995843,0.06415002990995843,0.06415002990995843,0.0,0.0,0.0,0.0,0.9847293167339346,0.984001255855451,0.9856010435749668,0.9858988473579708,0.015270683266065425,0.014398956425033188,0.015998744144549014,0.016393627197987416,0.0,0.0,0.0,0.0,0.03357022940452432,0.03263037485764573,0.03435834777081662,0.03455886903537818,0.9833239125054569,0.9827702740648854,0.9838739551048458,0.9843195887635245,0.9970553522325732,0.9510738277838395,1.0345979649793284,1.0516584040487793,1.5217915619317801,1.4121964450523292,1.6291255919776426,1.645886024185494,2.0503294286779594,1.8155714565841503,2.2539520448743198,2.3154988790314,1.5230587809474374,1.4168118347520682,1.6252896284555132,1.6644887454947803,2.0503294286779594,1.8155714565841503,2.2539520448743198,2.3154988790314,1.349654369951569,1.381339807196813,0.9976574769282252
long_stream,864,ercb_beta_0p005,softmax,token,0.005,32,18000.0,18000.0,18000.0,18000.0,32.0,32.0,32.0,32.0,32.0,32.0,32.0,32.0,52.0,52.0,52.0,52.0,52.0,52.0,52.0,52.0,346.15384615384613,346.15384615384613,346.15384615384613,346.15384615384613,112.43922107393331,112.0722343546503,112.95232326040502,113.11284097262967,22.625,21.55,23.0,23.0,428.125,422.55,433.45,438.0,0.9045586811557451,0.9037700823407361,0.9051221299807295,0.9063000339157613,0.9143667333063162,0.9143667333063162,0.9143667333063162,0.9143667333063162,0.009808052150571227,0.00924460332558677,0.010596650965580134,0.010843917927438773,21.77491791713306,20.252551972036205,23.16209196265745,23.353471163504054,0.06290531842727329,0.05850737236366015,0.06691271011434374,0.06746558336123394,0.9981456654471857,0.978896758300527,1.0127667458120067,1.0170399221032131,0.0,0.0,0.0,0.0,0.0,0.0,0.0,0.0,0.0,-0.0,0.0,-0.0,0.0,0.0,0.0,0.0,1.0,1.0,1.0,1.0,0.06415002990995843,0.06415002990995843,0.06415002990995843,0.06415002990995843,0.0,0.0,0.0,0.0,0.9821465642494853,0.9812697461162248,0.9831542241278357,0.9832399391668323,0.017853435750514728,0.01684577587216434,0.01873025388377523,0.019186103103058336,0.0,0.0,0.0,0.0,0.03437106389304701,0.03362287853437089,0.03538805309003761,0.035820295877276344,0.9829647554604848,0.9822007043607935,0.9837054628592895,0.9837746054851522,0.9926213799031933,0.9515937246335596,1.0140646035811967,1.0164622008218027,1.5924211361664518,1.490353219999555,1.7082343284723331,1.7795281132985084,2.1644032053481865,2.010382367313314,2.413435801682282,2.591922522171982,1.5831485738059439,1.4924305840044803,1.7008368253380857,1.7780814593610146,2.1644032053481865,2.010382367313314,2.413435801682282,2.591922522171982,1.3818510449881989,1.4227379837508787,0.9972930845782061
long_stream,864,ercb_beta_0p0055,softmax,token,0.0055,32,18000.0,18000.0,18000.0,18000.0,32.0,32.0,32.0,32.0,32.0,32.0,32.0,32.0,52.0,52.0,52.0,52.0,52.0,52.0,52.0,52.0,346.15384615384613,346.15384615384613,346.15384615384613,346.15384615384613,111.43834986033768,111.07656110450208,111.6969248074093,112.00470193004341,22.90625,22.0,23.0,23.0,426.75,422.0,431.9,434.0,0.9060916443658777,0.9056966980058738,0.9066437850081548,0.9067851508714732,0.9143667333063162,0.9143667333063162,0.9143667333063162,0.9143667333063162,0.00827508894043854,0.007722948298161392,0.008670035300442452,0.009141127392998105,20.261501816367762,19.20270530120835,21.247969346506043,21.36316023870568,0.05853322746950687,0.055474481981268566,0.06138302255657302,0.06171579624514975,0.9988590792101728,0.9854930468917802,1.0152618912675717,1.0185275475377864,0.0,0.0,0.0,0.0,0.0,0.0,0.0,0.0,0.0,-0.0,0.0,-0.0,0.0,0.0,0.0,0.0,1.0,1.0,1.0,1.0,0.06415002990995843,0.06415002990995843,0.06415002990995843,0.06415002990995843,0.0,0.0,0.0,0.0,0.9793228337075746,0.9783385676030746,0.9803316359304899,0.9804259362349459,0.020677166292425456,0.019668364069510173,0.02166143239692547,0.02202487563658138,0.0,0.0,0.0,0.0,0.035338830797951026,0.03473398978990632,0.03577081558257139,0.03613884453529977,0.9825666321765429,0.9820259995642365,0.9832381013634592,0.983292030506538,0.9954505417249383,0.9685639218173043,1.0284580920974196,1.0485604208507722,1.6485058170056293,1.5833458435109882,1.701830302524932,1.7130252281816114,2.308597591211009,2.188730146167172,2.4304268930416884,2.441692963988534,1.650851316647192,1.5870351841525197,1.7027576544924468,1.713051429927124,2.308597591211009,2.188730146167172,2.4304268930416884,2.441692963988534,1.4207590553136265,1.4381265312784135,0.9968891579921518
long_stream,864,ercb_beta_0p006,softmax,token,0.006,32,18000.0,18000.0,18000.0,18000.0,32.0,32.0,32.0,32.0,32.0,32.0,32.0,32.0,52.0,52.0,52.0,52.0,52.0,52.0,52.0,52.0,346.15384615384613,346.15384615384613,346.15384615384613,346.15384615384613,110.52971043379917,110.13218744237327,111.00455018734074,111.21572671984158,22.84375,22.0,23.0,23.0,426.21875,421.0,431.45,436.0,0.9074755690844812,0.9067534502551954,0.9080791700169305,0.908166312205244,0.9143667333063162,0.9143667333063162,0.9143667333063162,0.9143667333063162,0.006891164221834962,0.006287563289385767,0.007613283051120822,0.00793511756241827,18.93660572027965,18.06375848130573,19.8176749133763,19.97690974792956,0.05470574985858566,0.05218419116821655,0.05725106086086488,0.057711072605129844,0.9997656180353973,0.9842457477167751,1.0161626296033606,1.0166340508806262,0.0,0.0,0.0,0.0,0.0,0.0,0.0,0.0,0.0,-0.0,0.0,-0.0,0.0,0.0,0.0,0.0,1.0,1.0,1.0,1.0,0.06415002990995843,0.06415002990995843,0.06415002990995843,0.06415002990995843,0.0,0.0,0.0,0.0,0.9760278430732917,0.9746309254585835,0.9773142553394619,0.977547266942915,0.023972156926708225,0.022685744660538073,0.025369074541416427,0.0255823842336062,0.0,0.0,0.0,0.0,0.03607233936670316,0.035547435932264976,0.03660542907234378,0.03698768009270027,0.9821988789324939,0.9815593104708159,0.9827574981506859,0.9830319420159822,0.9969746857083663,0.9715926544708791,1.0217717515723463,1.037604313955433,1.7177034222419443,1.6427432653806504,1.8121111179455507,1.8290684887325368,2.435123711226109,2.3233117642049046,2.605378511471268,2.7227726075879413,1.7166006063921397,1.657478114651357,1.8063772057730707,1.8479185757112584,2.435123711226109,2.3233117642049046,2.605378511471268,2.7227726075879413,1.4502489653551653,1.471681254128774,0.9965160441393063
long_stream,864,ercb_beta_0p0065,softmax,token,0.0065,32,18000.0,18000.0,18000.0,18000.0,32.0,32.0,32.0,32.0,32.0,32.0,32.0,32.0,52.0,52.0,52.0,52.0,52.0,52.0,52.0,52.0,346.15384615384613,346.15384615384613,346.15384615384613,346.15384615384613,109.81608010735681,109.3917274739678,110.29920476279403,110.52347203115946,22.96875,23.0,23.0,23.0,424.375,421.0,428.45,429.0,0.9085575495667153,0.9078257790634652,0.9091991420504244,0.9094184017827116,0.9143667333063162,0.9143667333063162,0.9143667333063162,0.9143667333063162,0.005809183739600928,0.00516759125589179,0.006540954242851088,0.0068813502069924315,17.558600503847693,16.149328356009132,18.73697580452313,19.399643137082546,0.05072484590000445,0.04665361525069305,0.054129041213066824,0.056043413507127354,1.001059126459365,0.982264888285779,1.016411957501811,1.018987341772152,0.0,0.0,0.0,0.0,0.0,0.0,0.0,0.0,0.0,-0.0,0.0,-0.0,0.0,0.0,0.0,0.0,1.0,1.0,1.0,1.0,0.06415002990995843,0.06415002990995843,0.06415002990995843,0.06415002990995843,0.0,0.0,0.0,0.0,0.9729675850153569,0.9718028151341668,0.9739786595712375,0.9742407773323638,0.027032414984643163,0.02602134042876244,0.02819718486583327,0.028347165664487153,0.0,0.0,0.0,0.0,0.036734992420832696,0.03596577584426227,0.03779589212816091,0.03826234250690656,0.9818243983994345,0.9811686705647439,0.9825390231023645,0.9826739652360954,0.994887428203506,0.9541346336628074,1.02480107580645,1.0296267738151894,1.759907672308551,1.6794799095994042,1.8584104088145237,1.8617008873423393,2.5087304123555083,2.299890316088252,2.7385108765225388,2.83156301269536,1.7545085042891884,1.6505244906167134,1.8685847489220517,1.8970687381178728,2.5087304123555083,2.299890316088252,2.7385108765225388,2.83156301269536,1.47689020689959,1.519542519721822,0.9961361049361408
long_stream,864,ercb_beta_0p007,softmax,token,0.007,32,18000.0,18000.0,18000.0,18000.0,32.0,32.0,32.0,32.0,32.0,32.0,32.0,32.0,52.0,52.0,52.0,52.0,52.0,52.0,52.0,52.0,346.15384615384613,346.15384615384613,346.15384615384613,346.15384615384613,109.23728026810524,108.96177514012739,109.74411762334712,109.83665925353125,22.9375,22.55,23.0,23.0,423.84375,419.1,428.45,430.0,0.9094319067223733,0.9086667634307758,0.9098473388916914,0.9099935082635949,0.9143667333063162,0.9143667333063162,0.9143667333063162,0.9143667333063162,0.004934826583942946,0.004519394414624772,0.005699969875540401,0.005839967333860496,16.555800235924195,15.592234696700816,17.807730601476305,18.26303538677132,0.04782786734822546,0.04504423356824681,0.05144455507093155,0.05275988000622826,0.9992886434697932,0.9834128849902669,1.0188533580317602,1.0216962524654831,0.0,0.0,0.0,0.0,0.0,0.0,0.0,0.0,0.0,-0.0,0.0,-0.0,0.0,0.0,0.0,0.0,1.0,1.0,1.0,1.0,0.06415002990995843,0.06415002990995843,0.06415002990995843,0.06415002990995843,0.0,0.0,0.0,0.0,0.9696696268643323,0.9686663325248025,0.9708266546977634,0.9711402283268485,0.030330373135667697,0.029173345302236656,0.0313336674751975,0.03205471719772318,0.0,0.0,0.0,0.0,0.0372635354323661,0.03634539700213681,0.0381721923181711,0.0387222142034352,0.9816446754685286,0.9811400422164196,0.9824645816727882,0.9826737105219998,0.9996561964203716,0.9702355150222592,1.0255748221595595,1.0353075674138186,1.8053602402280462,1.7287820845952437,1.914540442338723,1.9453168392780944,2.5821106744585203,2.4344861184239233,2.7836770862509397,2.8966337097606494,1.795709037035646,1.7254690918292868,1.9038537710522783,1.944786737648922,2.5821106744585203,2.4344861184239233,2.7836770862509397,2.8966337097606494,1.4981397008076442,1.5346712574418095,0.995953762247721
long_stream,880,ercb_beta_0,softmax,token,0.0,32,18000.0,18000.0,18000.0,18000.0,32.0,32.0,32.0,32.0,32.0,32.0,32.0,32.0,52.0,52.0,52.0,52.0,52.0,52.0,52.0,52.0,346.15384615384613,346.15384615384613,346.15384615384613,346.15384615384613,141.7298869661257,140.41655531041664,142.76132527886,143.45964115058024,7.53125,5.0,10.45,12.0,460.125,454.0,468.9,471.0,0.8564249978360978,0.8546338565900835,0.8587006683427919,0.8589702550053628,0.9081469866169406,0.9081469866169406,0.9081469866169406,0.9081469866169406,0.05172198878084268,0.04944631827414872,0.05351313002685707,0.05472965285536735,52.75004230903548,50.791420000606195,54.219794195902026,54.45499200115774,0.15238901111499137,0.14673076889064013,0.15663496101038366,0.15731442133667792,0.9995183549002074,0.9791380549345258,1.0224421374331574,1.0250463821892393,0.0,0.0,0.0,0.0,0.0,0.0,0.0,0.0,0.0,-0.0,0.0,-0.0,0.0,0.0,0.0,0.0,1.0,1.0,1.0,1.0,0.06415002990995843,0.06415002990995843,0.06415002990995843,0.06415002990995843,0.0,0.0,0.0,0.0,1.0,1.0,1.0,1.0,0.0,0.0,0.0,0.0,0.0,0.0,0.0,0.0,0.024558644628908347,0.02389622484216843,0.025279278923908632,0.025637435828465147,0.9858782690533836,0.9853609876464114,0.9864505771484208,0.9867640161580415,0.9971503519350269,0.9653516959024452,1.0269949589382326,1.0398540700476044,0.9998500671760276,0.9348640022089579,1.0759278591165407,1.1050298892384682,0.9978250395323154,0.8925750013926653,1.0976280170241042,1.1137507610964956,0.9982751528811233,0.9581879411001771,1.0432237903818815,1.0581876887351325,1.0355504353460423,0.9872642895342152,1.1035167127225782,1.1137507610964956,1.0,1.0293434066044516,1.0
long_stream,880,ercb_beta_0p0035,softmax,token,0.0035,32,18000.0,18000.0,18000.0,18000.0,32.0,32.0,32.0,32.0,32.0,32.0,32.0,32.0,52.0,52.0,52.0,52.0,52.0,52.0,52.0,52.0,346.15384615384613,346.15384615384613,346.15384615384613,346.15384615384613,120.4488827150728,119.77161047840043,121.05047957297752,121.15746026355453,12.21875,11.0,13.0,13.0,437.125,432.0,442.45,443.0,0.8919975505296673,0.8910344530151499,0.8930797240506728,0.8935275051703804,0.9081469866169406,0.9081469866169406,0.9081469866169406,0.9081469866169406,0.01614943608727327,0.015067262566267831,0.017112533601790676,0.017284190177945802,27.162800914753326,25.88212110220529,28.31920153597974,28.54012020889999,0.07847031375373183,0.07477057207303751,0.08181102665949704,0.08244923615904441,0.998871227184377,0.9839606444913824,1.0159413861791646,1.0202996616723055,0.0,0.0,0.0,0.0,0.0,0.0,0.0,0.0,0.0,-0.0,0.0,-0.0,0.0,0.0,0.0,0.0,1.0,1.0,1.0,1.0,0.06415002990995843,0.06415002990995843,0.06415002990995843,0.06415002990995843,0.0,0.0,0.0,0.0,0.9902220598666885,0.9896644103198159,0.9909704247447063,0.9911790804388145,0.009777940133311467,0.009029575255293732,0.010335589680184084,0.010546225280471656,0.0,0.0,0.0,0.0,0.03086446124715824,0.02990772327806614,0.03196492963057777,0.03209538148748872,0.984375698472074,0.9838692858406571,0.9849544471545997,0.9851879936675048,1.0041476331855046,0.9685710634519359,1.0445407163315112,1.0538833994080021,1.4286525820784464,1.3563498738737247,1.521819894504461,1.5772977025502053,1.721130239403489,1.5091276377210991,1.9158881643229675,1.9248773005726703,1.3846434848891467,1.2982802447721464,1.4753235103465179,1.4987705729829484,1.721130239403489,1.5091276377210991,1.9158881643229675,1.9248773005726703,1.2567656608714972,1.3015754783532056,0.9984759065814968
long_stream,880,ercb_beta_0p004,softmax,token,0.004,32,18000.0,18000.0,18000.0,18000.0,32.0,32.0,32.0,32.0,32.0,32.0,32.0,32.0,52.0,52.0,52.0,52.0,52.0,52.0,52.0,52.0,346.15384615384613,346.15384615384613,346.15384615384613,346.15384615384613,118.68250199909377,118.0165498102895,119.3400319304616,119.67944117121057,12.5,11.55,13.0,13.0,434.59375,431.0,441.9,443.0,0.8948112271571599,0.8937672507193727,0.8958664160474998,0.8963208816362686,0.9081469866169406,0.9081469866169406,0.9081469866169406,0.9081469866169406,0.013335759459780699,0.012280570569440735,0.014379735897567913,0.014920245596168558,24.9227838179308,23.85268874585987,26.035608398490247,26.19013319788727,0.07199915325180009,0.06890776748803963,0.07521397981786071,0.07566038479389657,0.9985129768453092,0.9813096571239216,1.0151162532805973,1.0197210197210196,0.0,0.0,0.0,0.0,0.0,0.0,0.0,0.0,0.0,-0.0,0.0,-0.0,0.0,0.0,0.0,0.0,1.0,1.0,1.0,1.0,0.06415002990995843,0.06415002990995843,0.06415002990995843,0.06415002990995843,0.0,0.0,0.0,0.0,0.9875952055217432,0.9867498578194855,0.9882719238213237,0.9884884107807463,0.012404794478256879,0.011728076178676277,0.013250142180514441,0.013597124565599897,0.0,0.0,0.0,0.0,0.03205390766366194,0.03132052302622028,0.03271484185654168,0.03287829352642874,0.9838051718598757,0.9830211028903963,0.9844483516323336,0.9845461987251767,0.9938473041180772,0.9489632679000596,1.0286011237663644,1.0388652085274745,1.528192066784253,1.4708392391790897,1.606638014299542,1.6274140051963715,1.8696226300241947,1.7154577054217446,1.9991767940535499,2.0329681059216256,1.463887333642175,1.3925047490214604,1.5222874639843775,1.5284102924165388,1.8696226300241947,1.7154577054217446,1.9991767940535499,2.0329681059216256,1.305198562380385,1.3321110489148311,0.9978972077399592
long_stream,880,ercb_beta_0p0045,softmax,token,0.0045,32,18000.0,18000.0,18000.0,18000.0,32.0,32.0,32.0,32.0,32.0,32.0,32.0,32.0,52.0,52.0,52.0,52.0,52.0,52.0,52.0,52.0,346.15384615384613,346.15384615384613,346.15384615384613,346.15384615384613,117.2773963054975,116.73675692337395,117.78433423757954,117.78882417526596,12.6875,12.0,13.0,13.0,431.65625,428.0,435.45,437.0,0.8970323515815302,0.8962333404373414,0.8978832894297518,0.8984034372693682,0.9081469866169406,0.9081469866169406,0.9081469866169406,0.9081469866169406,0.011114635035410405,0.010263697187188753,0.01191364617959927,0.011920736446602298,23.040273297434155,21.856732134004556,24.162288287108318,24.220144190639836,0.06656078952592089,0.0631416706093465,0.06980216616275736,0.06996930543962619,0.999469823271147,0.9822715361149679,1.014122704536316,1.0169327527818093,0.0,0.0,0.0,0.0,0.0,0.0,0.0,0.0,0.0,-0.0,0.0,-0.0,0.0,0.0,0.0,0.0,1.0,1.0,1.0,1.0,0.06415002990995843,0.06415002990995843,0.06415002990995843,0.06415002990995843,0.0,0.0,0.0,0.0,0.9849763349209522,0.9839975236922944,0.9859418527457285,0.986336736077731,0.015023665079047802,0.014058147254271505,0.016002476307705578,0.016260374385944885,0.0,0.0,0.0,0.0,0.03309826959133821,0.032290339061487705,0.03383478816381249,0.0340555263920651,0.9835279386494018,0.9830613580043811,0.9840124288271683,0.9843814362384414,0.9910383016886969,0.9485340781360366,1.030628314956306,1.0438840526819255,1.6065435676547124,1.5156614499494758,1.6893478336626302,1.7498561190556678,2.03232890888797,1.9193550674447901,2.19798683163433,2.3122414070108492,1.543303592743793,1.4982088993113942,1.616379478720637,1.6923669524519926,2.03232890888797,1.9193550674447901,2.19798683163433,2.3122414070108492,1.347723788973995,1.377713985241069,0.9976160034379918
long_stream,880,ercb_beta_0p005,softmax,token,0.005,32,18000.0,18000.0,18000.0,18000.0,32.0,32.0,32.0,32.0,32.0,32.0,32.0,32.0,52.0,52.0,52.0,52.0,52.0,52.0,52.0,52.0,346.15384615384613,346.15384615384613,346.15384615384613,346.15384615384613,116.12846849768077,115.66702677617333,116.6116493219687,116.70185296389728,12.71875,12.0,13.0,13.0,431.5625,427.0,438.35,445.0,0.8988370434062487,0.8980797336234617,0.899559107942021,0.8999080893871373,0.9081469866169406,0.9081469866169406,0.9081469866169406,0.9081469866169406,0.009309943210691875,0.008587878674919608,0.010067252993478836,0.010208872024029536,21.48614941449803,20.26326333248738,22.607021653075027,22.698695320012764,0.06207109830854987,0.05853831629385243,0.06530917366443897,0.0655740087022591,0.9955445837629848,0.9766992771224594,1.011606610445829,1.0189596499756928,0.0,0.0,0.0,0.0,0.0,0.0,0.0,0.0,0.0,-0.0,0.0,-0.0,0.0,0.0,0.0,0.0,1.0,1.0,1.0,1.0,0.06415002990995843,0.06415002990995843,0.06415002990995843,0.06415002990995843,0.0,0.0,0.0,0.0,0.9822696560911859,0.9812550715893408,0.9832818020370793,0.9834578922714794,0.0177303439088141,0.016718197962920765,0.018744928410659258,0.019053248733633302,0.0,0.0,0.0,0.0,0.033788288645225546,0.032879318012348085,0.03443846454109401,0.03519249645070817,0.9831538098271172,0.9824686630231272,0.9836635967904234,0.9837050018148892,1.0091711519395719,0.9615665012692267,1.0539221563389642,1.0610944257744126,1.6703215466526544,1.6246867864378507,1.726292231417941,1.7849515728551797,2.1143135567630598,1.9464472915816624,2.2395192741538157,2.4260887815982914,1.5979354184517622,1.5272029089178911,1.6497444384166717,1.7299083578928063,2.1143135567630598,1.9464472915816624,2.2395192741538157,2.4260887815982914,1.3758205778772028,1.4022949988272555,0.9972365155904265
long_stream,880,ercb_beta_0p0055,softmax,token,0.0055,32,18000.0,18000.0,18000.0,18000.0,32.0,32.0,32.0,32.0,32.0,32.0,32.0,32.0,52.0,52.0,52.0,52.0,52.0,52.0,52.0,52.0,346.15384615384613,346.15384615384613,346.15384615384613,346.15384615384613,115.14744475147253,114.60924781178043,115.56188550702076,115.6632021490022,12.875,12.0,13.0,13.0,429.90625,426.0,435.8,438.0,0.900369404453985,0.8997233311483175,0.901207069010677,0.90150386872038,0.9081469866169406,0.9081469866169406,0.9081469866169406,0.9081469866169406,0.007777582162955713,0.006939917606263607,0.008423655468623142,0.008581896352580443,19.79198619063046,18.874863029369905,20.723576653257442,20.843740990079933,0.057176848995154676,0.0545273820848464,0.05986811033163261,0.06021525174911981,1.0004645844379563,0.9875307530463064,1.0143422475491242,1.0169163847269211,0.0,0.0,0.0,0.0,0.0,0.0,0.0,0.0,0.0,-0.0,0.0,-0.0,0.0,0.0,0.0,0.0,1.0,1.0,1.0,1.0,0.06415002990995843,0.06415002990995843,0.06415002990995843,0.06415002990995843,0.0,0.0,0.0,0.0,0.9791932078860512,0.9781453290141866,0.9799565341684147,0.9803526661945934,0.020806792113948765,0.0200434658315853,0.021854670985813375,0.022333293790484314,0.0,0.0,0.0,0.0,0.034713418371781844,0.03418547329885409,0.0352596321229211,0.035481955753774136,0.9828721428215246,0.9823127631226375,0.9833232641578059,0.9833943027009981,1.0003195453793472,0.964294195914768,1.0344417240869108,1.046493891976926,1.7436571634271307,1.6815970778973415,1.8071534145233157,1.8821220315743659,2.2566570247972404,2.113510792869552,2.4050048123078507,2.4708491649550632,1.6668779112012395,1.6019658060570534,1.74580479492208,1.760947180059901,2.2566570247972404,2.113510792869552,2.4050048123078507,2.4708491649550632,1.4134908052262853,1.4357320062124463,0.9969508139836113
long_stream,880,ercb_beta_0p006,softmax,token,0.006,32,18000.0,18000.0,18000.0,18000.0,32.0,32.0,32.0,32.0,32.0,32.0,32.0,32.0,52.0,52.0,52.0,52.0,52.0,52.0,52.0,52.0,346.15384615384613,346.15384615384613,346.15384615384613,346.15384615384613,114.2658611429259,113.84774855228918,114.64587019949794,114.78682325467244,12.9375,12.55,13.0,13.0,428.4375,424.0,433.0,434.0,0.901739887905632,0.901150170929842,0.902387859543695,0.9026434817005081,0.9081469866169406,0.9081469866169406,0.9081469866169406,0.9081469866169406,0.006407098711308606,0.005759127073245584,0.006996815687098606,0.00721588433307585,18.369626926366426,17.04341450210977,19.420871533498453,19.914239204070114,0.05306781112061412,0.04923653078387267,0.0561047399856622,0.057530024367313665,1.0009840929290124,0.9840805243162867,1.0153171918003225,1.0160427807486632,0.0,0.0,0.0,0.0,0.0,0.0,0.0,0.0,0.0,-0.0,0.0,-0.0,0.0,0.0,0.0,0.0,1.0,1.0,1.0,1.0,0.06415002990995843,0.06415002990995843,0.06415002990995843,0.06415002990995843,0.0,0.0,0.0,0.0,0.9759931224710683,0.9750053470229105,0.9770043459367844,0.9776521811113702,0.02400687752893161,0.022995654063215524,0.024994652977089415,0.025240300699446414,0.0,0.0,0.0,0.0,0.035495906431341054,0.03482878359081753,0.03630544927726998,0.03662277191413691,0.9827202391703309,0.9817475052987498,0.9833370400410509,0.9840067634197888,1.0010189012503592,0.9614675743866482,1.0391322244030712,1.076287919123129,1.784574689943017,1.7062820337049323,1.8587591321610126,1.9304314843391341,2.3687894230378665,2.2101506786933363,2.5410637390720265,2.672064071908808,1.7181276714104143,1.6494241980733164,1.7960919355897191,1.8749257654994764,2.3687894230378665,2.2101506786933363,2.5410637390720265,2.672064071908808,1.4453528265789675,1.4783164879764699,0.9967967344628815
long_stream,880,ercb_beta_0p0065,softmax,token,0.0065,32,18000.0,18000.0,18000.0,18000.0,32.0,32.0,32.0,32.0,32.0,32.0,32.0,32.0,52.0,52.0,52.0,52.0,52.0,52.0,52.0,52.0,346.15384615384613,346.15384615384613,346.15384615384613,346.15384615384613,113.71929273589754,113.42474949265986,114.02124826750934,114.10241428973167,12.90625,12.0,13.0,13.0,427.21875,424.0,431.45,434.0,0.9025863946716857,0.9021192639257266,0.9030416676904319,0.903181245193905,0.9081469866169406,0.9081469866169406,0.9081469866169406,0.9081469866169406,0.005560591945254854,0.005105318926508678,0.006027722691214032,0.006153460658769538,17.350976124433572,16.392386494700343,18.46644761205603,18.786247015385403,0.050125042137252544,0.0473557832069121,0.05334751532371742,0.054271380266668945,1.0011609519976084,0.9839268230646477,1.018072450687545,1.0194552529182879,0.0,0.0,0.0,0.0,0.0,0.0,0.0,0.0,0.0,-0.0,0.0,-0.0,0.0,0.0,0.0,0.0,1.0,1.0,1.0,1.0,0.06415002990995843,0.06415002990995843,0.06415002990995843,0.06415002990995843,0.0,0.0,0.0,0.0,0.9730256756632929,0.9721974890146422,0.9740006396808998,0.9745205853686513,0.02697432433670715,0.025999360319100214,0.027802510985357767,0.02797868564844579,0.0,0.0,0.0,0.0,0.035941090466090994,0.03530719035499328,0.03683004978300857,0.0370678866482019,0.9823973468567955,0.9817721368083725,0.9830961625429276,0.9834430770113156,0.9953162048794055,0.9591519851820445,1.0283817336893069,1.0437193863404475,1.837108132025342,1.7462518898957515,1.9283254389783704,1.953338919201505,2.418876571574782,2.2683621991711025,2.6061293248265516,2.636780463774804,1.7504336361598432,1.674292063444733,1.8303002599085663,1.8582734904744311,2.418876571574782,2.2683621991711025,2.6061293248265516,2.636780463774804,1.4634802127387845,1.4996776222599586,0.9964692170363686
long_stream,880,ercb_beta_0p007,softmax,token,0.007,32,18000.0,18000.0,18000.0,18000.0,32.0,32.0,32.0,32.0,32.0,32.0,32.0,32.0,52.0,52.0,52.0,52.0,52.0,52.0,52.0,52.0,346.15384615384613,346.15384615384613,346.15384615384613,346.15384615384613,113.24186044993583,112.94967125765126,113.48471186577945,113.75469299116759,12.96875,13.0,13.0,13.0,426.90625,422.0,432.9,439.0,0.9033237492872104,0.9029490787641722,0.9037741942184532,0.903993945695856,0.9081469866169406,0.9081469866169406,0.9081469866169406,0.9081469866169406,0.0048232373297302025,0.004372792398487452,0.005197907852768424,0.0056151642362729515,16.14894556151656,14.901122387972274,16.969789008792603,18.498440682725334,0.04665250939993673,0.04304768689858657,0.04902383491428974,0.053439939750095415,0.9979767038744163,0.9833991383628616,1.0132535116215227,1.017578125,0.0,0.0,0.0,0.0,0.0,0.0,0.0,0.0,0.0,-0.0,0.0,-0.0,0.0,0.0,0.0,0.0,1.0,1.0,1.0,1.0,0.06415002990995843,0.06415002990995843,0.06415002990995843,0.06415002990995843,0.0,0.0,0.0,0.0,0.9698661072625016,0.9687181093243463,0.9710682118189655,0.9715926589861437,0.030133892737498395,0.02893178818103446,0.031281890675653665,0.031791288380374864,0.0,0.0,0.0,0.0,0.03653321812693498,0.0357959591906353,0.037082464636246044,0.03711601846075714,0.9822002191465108,0.9815251287341921,0.9828552442849202,0.9828632243498417,0.996015524050129,0.9527498336713414,1.0247425411549937,1.0452385046293908,1.8928709371479855,1.815679605444042,1.9713853698707013,2.0157929121883713,2.532349501350816,2.391120950922658,2.724222092582561,2.7524474530638336,1.8070786541829769,1.742222659147505,1.9056836251721008,1.918587583302367,2.532349501350816,2.391120950922658,2.724222092582561,2.7524474530638336,1.4875909757630186,1.5099556672030559,0.9962692656666381
long_stream,896,ercb_beta_0,softmax,token,0.0,32,18000.0,18000.0,18000.0,18000.0,32.0,32.0,32.0,32.0,32.0,32.0,32.0,32.0,52.0,52.0,52.0,52.0,52.0,52.0,52.0,52.0,346.15384615384613,346.15384615384613,346.15384615384613,346.15384615384613,143.8386190306672,142.38199908909723,144.92892619659386,145.2260022033807,1.4375,0.0,3.0,3.0,462.46875,455.55,470.45,471.0,0.8527544893802828,0.8508494845946064,0.8552937892681353,0.8554004290984246,0.9021222928117448,0.9021222928117448,0.9021222928117448,0.9021222928117448,0.04936780343146205,0.04682850354360954,0.05127280821713846,0.05179322596076319,51.097741059751996,48.28306732210332,52.60094826317885,53.16266764158126,0.14761569639483907,0.1394844167082985,0.1519582949825167,0.15358103985345697,0.9949994228446717,0.9678514507110465,1.016653657800177,1.0308755760368664,0.0,0.0,0.0,0.0,0.0,0.0,0.0,0.0,0.0,-0.0,0.0,-0.0,0.0,0.0,0.0,0.0,1.0,1.0,1.0,1.0,0.15194327129388827,0.15194327129388827,0.15194327129388827,0.15194327129388827,0.0,0.0,0.0,0.0,1.0,1.0,1.0,1.0,0.0,0.0,0.0,0.0,0.0,0.0,0.0,0.0,0.0245841416092967,0.024008252003592134,0.025377649353945677,0.025532858013610524,0.9859649735840954,0.9855713830219697,0.9863659884072983,0.9864395701115984,1.005471966254778,0.9690882486139846,1.0430621263898119,1.0455668171379635,1.0253873239210904,0.9743821347313555,1.0975406966732744,1.1127385731932222,1.0444080289472968,0.929267639025773,1.1465463535200424,1.237095179278212,1.0250891063743883,0.9785219513982327,1.0833715563457214,1.1199471380637611,1.061661340327358,1.0032113770908055,1.1465463535200424,1.237095179278212,1.0,1.0322772198948327,1.0
long_stream,896,ercb_beta_0p0035,softmax,token,0.0035,32,18000.0,18000.0,18000.0,18000.0,32.0,32.0,32.0,32.0,32.0,32.0,32.0,32.0,52.0,52.0,52.0,52.0,52.0,52.0,52.0,52.0,346.15384615384613,346.15384615384613,346.15384615384613,346.15384615384613,123.67947754744328,123.0470437859373,124.2997087747407,124.77647470197759,2.59375,2.0,3.0,3.0,438.0625,431.0,444.0,445.0,0.8867910277764676,0.8857833340596891,0.8878168913612288,0.8879433084373031,0.9021222928117448,0.9021222928117448,0.9021222928117448,0.9021222928117448,0.015331265035277212,0.014305401450516087,0.016338958752055665,0.01711585553714423,26.55028909572679,25.07377296787917,27.7374845296812,29.17454106158049,0.07670083516543295,0.07243534412942872,0.08013051086352348,0.08428200751123253,1.0018203920496194,0.9916883215686794,1.0180943738656987,1.0205938697318007,0.0,0.0,0.0,0.0,0.0,0.0,0.0,0.0,0.0,-0.0,0.0,-0.0,0.0,0.0,0.0,0.0,1.0,1.0,1.0,1.0,0.15194327129388827,0.15194327129388827,0.15194327129388827,0.15194327129388827,0.0,0.0,0.0,0.0,0.990279153664876,0.9895393157972822,0.9910830761436386,0.9911443504396541,0.009720846335123995,0.008916923856361397,0.010460684202717875,0.010723228274351074,0.0,0.0,0.0,0.0,0.03060967461092374,0.029921230797068397,0.031161887354859866,0.03125275848034558,0.9845115660291364,0.9838483359546134,0.9851357816975337,0.9854721161114591,0.98261498197929,0.9526650861347834,1.0137593946763215,1.0214537885236987,1.5598801167112482,1.4806392172242029,1.635530676350422,1.6537188948524295,1.7403639540055917,1.594593596250585,1.8525528931092667,1.9678214944511758,1.4276196842320432,1.3586654528940547,1.4943203086811814,1.5112777451275594,1.740582311897557,1.594593596250585,1.8525528931092667,1.9678214944511758,1.2450983685901171,1.2675605213352552,0.998525903461179
long_stream,896,ercb_beta_0p004,softmax,token,0.004,32,18000.0,18000.0,18000.0,18000.0,32.0,32.0,32.0,32.0,32.0,32.0,32.0,32.0,52.0,52.0,52.0,52.0,52.0,52.0,52.0,52.0,346.15384615384613,346.15384615384613,346.15384615384613,346.15384615384613,122.18744761354314,121.53479499966943,122.77519591780248,123.25323909230768,2.625,2.0,3.0,3.0,436.625,432.0,440.9,444.0,0.8892051595579833,0.8882566814312957,0.8902566287774075,0.890688583206522,0.9021222928117448,0.9021222928117448,0.9021222928117448,0.9021222928117448,0.012917133253761447,0.011865664034337276,0.01386561138044916,0.014639352206047618,24.547813235920138,23.084999078858193,25.654733624787003,25.780135465419583,0.0709159049037693,0.06668999733892367,0.07411367491605135,0.07447594690010102,0.999394649680196,0.9796823314977867,1.0147806323506257,1.0180522565320667,0.0,0.0,0.0,0.0,0.0,0.0,0.0,0.0,0.0,-0.0,0.0,-0.0,0.0,0.0,0.0,0.0,1.0,1.0,1.0,1.0,0.15194327129388827,0.15194327129388827,0.15194327129388827,0.15194327129388827,0.0,0.0,0.0,0.0,0.987962963569283,0.9872558131571825,0.9887832913475283,0.9890787586677642,0.012037036430716911,0.011216708652471619,0.012744186842817506,0.013287289886062342,0.0,0.0,0.0,0.0,0.03152909647788529,0.030833441195263538,0.032237373501246835,0.032625457362595554,0.9842303027448456,0.9837246841688355,0.9847957150323647,0.984913784030393,0.9884878957228262,0.9555499445056614,1.0147279466825099,1.0209296049161773,1.6457298010112607,1.5451944115833618,1.7416616808625225,1.7571510181011365,1.8582710765910835,1.6533130663721198,1.9912005409611546,2.0912281430936703,1.4974962577750568,1.3922968575768346,1.5710512851777003,1.6097719691963623,1.8582710765910835,1.6533130663721198,1.9912005409611546,2.0912281430936703,1.2824973504855788,1.311307671977288,0.9982406364468059
long_stream,896,ercb_beta_0p0045,softmax,token,0.0045,32,18000.0,18000.0,18000.0,18000.0,32.0,32.0,32.0,32.0,32.0,32.0,32.0,32.0,52.0,52.0,52.0,52.0,52.0,52.0,52.0,52.0,346.15384615384613,346.15384615384613,346.15384615384613,346.15384615384613,120.79500811520813,120.36680833218831,121.31806051858813,121.75438463363359,2.71875,2.0,3.0,3.0,434.40625,429.55,439.45,444.0,0.8914435874031112,0.8906049411885157,0.8921294164748149,0.8924856870087073,0.9021222928117448,0.9021222928117448,0.9021222928117448,0.9021222928117448,0.010678705408633481,0.009992876336929885,0.011517351623229127,0.012218860298197853,22.300181568245982,21.357899041679637,23.496393975617178,23.595957932858557,0.06442274675271062,0.06170059723151896,0.0678784714851163,0.06816610069492472,0.9972761267007133,0.9820567644276254,1.016033903339562,1.0254074784276128,0.0,0.0,0.0,0.0,0.0,0.0,0.0,0.0,0.0,-0.0,0.0,-0.0,0.0,0.0,0.0,0.0,1.0,1.0,1.0,1.0,0.15194327129388827,0.15194327129388827,0.15194327129388827,0.15194327129388827,0.0,0.0,0.0,0.0,0.9851243902239999,0.9844229822740546,0.9858761350157424,0.9860711027271182,0.014875609776000095,0.014123864984257503,0.015577017725945412,0.01589832957259802,0.0,0.0,0.0,0.0,0.0326092016630406,0.03184831988166163,0.03328561383129916,0.03337635565854342,0.9837796833227853,0.98311918969482,0.984253030066713,0.9843323621897258,0.9908231231292359,0.9532261943616644,1.0354282271493767,1.044899363611527,1.7461952056388115,1.6625489940055798,1.8843413956843678,1.8939027934665174,2.0163065227974895,1.8724997335800158,2.2450061833284285,2.2736967857663775,1.5844416171885123,1.5090303428290512,1.7070946493538872,1.7258277890506584,2.0163065227974895,1.8724997335800158,2.2450061833284285,2.2736967857663775,1.3264323880525142,1.353946554664814,0.9977836025418162
long_stream,896,ercb_beta_0p005,softmax,token,0.005,32,18000.0,18000.0,18000.0,18000.0,32.0,32.0,32.0,32.0,32.0,32.0,32.0,32.0,52.0,52.0,52.0,52.0,52.0,52.0,52.0,52.0,346.15384615384613,346.15384615384613,346.15384615384613,346.15384615384613,119.62793901228893,119.1194340432595,120.26061672942629,120.615311028235,2.90625,2.0,3.0,3.0,432.8125,429.0,438.9,440.0,0.8933081952133978,0.8922991593083246,0.8941180594102534,0.8943765774566885,0.9021222928117448,0.9021222928117448,0.9021222928117448,0.9021222928117448,0.008814097598347052,0.00800423340149145,0.009823133503420244,0.010390469906250033,20.701075727854025,19.220181275076747,22.139585362912776,22.38474755446045,0.059803107658244974,0.055524968127999494,0.0639588021595258,0.06466704849066353,1.002407338997712,0.9881108374384235,1.015033222063938,1.0227713178294573,0.0,0.0,0.0,0.0,0.0,0.0,0.0,0.0,0.0,-0.0,0.0,-0.0,0.0,0.0,0.0,0.0,1.0,1.0,1.0,1.0,0.15194327129388827,0.15194327129388827,0.15194327129388827,0.15194327129388827,0.0,0.0,0.0,0.0,0.9822034930867729,0.9812557116801678,0.9833013335351874,0.9835424784937469,0.01779650691322717,0.01669866646481246,0.01874428831983222,0.019020040408835304,0.0,0.0,0.0,0.0,0.033526828197218916,0.032844872448765695,0.03412622360588149,0.0346684173201232,0.9835102803545599,0.9828619538543746,0.9842008675817149,0.9842237031326934,0.9832906878001388,0.949077248499513,1.0253418235547798,1.045584171483587,1.8480084634715745,1.724093112764333,1.9609077606956788,2.050731270129048,2.160543848810402,1.9914514706475626,2.3269070853098692,2.4791999731787233,1.6639476666940385,1.566295323906294,1.746552358621623,1.840302472843214,2.160543848810402,1.9914514706475626,2.3269070853098692,2.4791999731787233,1.36375834186297,1.3881397263419752,0.9975103646728825
long_stream,896,ercb_beta_0p0055,softmax,token,0.0055,32,18000.0,18000.0,18000.0,18000.0,32.0,32.0,32.0,32.0,32.0,32.0,32.0,32.0,52.0,52.0,52.0,52.0,52.0,52.0,52.0,52.0,346.15384615384613,346.15384615384613,346.15384615384613,346.15384615384613,118.69381835965221,118.17620784568592,119.11787535636556,119.2735035079177,2.9375,2.55,3.0,3.0,430.9375,427.0,435.8,439.0,0.8947935700595009,0.894120558439178,0.8956138977106683,0.8958389079029161,0.9021222928117448,0.9021222928117448,0.9021222928117448,0.9021222928117448,0.007328722752243999,0.006508395101076525,0.00800173437256681,0.008249196968354022,19.259844518193148,17.94474292350981,20.537973477872843,21.130546609115438,0.05563955083033577,0.05184036844569501,0.05933192338052155,0.06104380131522238,1.0001140975841984,0.9803519255258618,1.016530621276794,1.0236486486486487,0.0,0.0,0.0,0.0,0.0,0.0,0.0,0.0,0.0,-0.0,0.0,-0.0,0.0,0.0,0.0,0.0,1.0,1.0,1.0,1.0,0.15194327129388827,0.15194327129388827,0.15194327129388827,0.15194327129388827,0.0,0.0,0.0,0.0,0.9792853664867704,0.9782660365891297,0.980217274259667,0.9803239436373232,0.02071463351322944,0.019782725740332956,0.021733963410870322,0.02184044120761673,0.0,0.0,0.0,0.0,0.03428297379632363,0.03365727224933385,0.035105851384842235,0.03553997909417112,0.9830808336778503,0.9825632508834284,0.9836639142454373,0.9836790648195258,0.9882943308426857,0.9525760159726002,1.0234648246399463,1.0443507165493935,1.9270543174160801,1.8340550780421767,2.007136395207553,2.0455576573640997,2.2681483141749927,2.121209173875224,2.448567138159014,2.478548560763594,1.727832320811253,1.6493415993970841,1.8127670044892523,1.826192484489609,2.2681483141749927,2.121209173875224,2.448567138159014,2.478548560763594,1.394515795636291,1.4279876817650066,0.997074804903301
long_stream,896,ercb_beta_0p006,softmax,token,0.006,32,18000.0,18000.0,18000.0,18000.0,32.0,32.0,32.0,32.0,32.0,32.0,32.0,32.0,52.0,52.0,52.0,52.0,52.0,52.0,52.0,52.0,346.15384615384613,346.15384615384613,346.15384615384613,346.15384615384613,117.95236764899438,117.68595450021589,118.29016058518245,118.52756651373822,2.78125,2.0,3.0,3.0,429.96875,425.55,434.0,435.0,0.8959677066991953,0.8954335646154182,0.8963886576461189,0.8964284299288457,0.9021222928117448,0.9021222928117448,0.9021222928117448,0.9021222928117448,0.00615458611254948,0.005733635165625928,0.006688728196326566,0.007064780504538293,17.657120837791716,16.763650219074886,18.581770697986002,18.794434528092864,0.05100946019806496,0.048428322855105226,0.053680670905292896,0.05429503308115717,0.9984033087311766,0.983956657965842,1.0148565079513874,1.0198547215496367,0.0,0.0,0.0,0.0,0.0,0.0,0.0,0.0,0.0,-0.0,0.0,-0.0,0.0,0.0,0.0,0.0,1.0,1.0,1.0,1.0,0.15194327129388827,0.15194327129388827,0.15194327129388827,0.15194327129388827,0.0,0.0,0.0,0.0,0.9763033490940785,0.9752922845260382,0.9775156554547144,0.9776269539793092,0.023696650905921553,0.022484344545285615,0.02470771547396184,0.02516812174469878,0.0,0.0,0.0,0.0,0.03502148362258302,0.034414521710587634,0.03586221782629274,0.03632203390279877,0.9830006393160428,0.9823442287242238,0.9836361933361313,0.9837186806751752,0.9857967465458244,0.9557150308114319,1.0088544256291552,1.015528600421539,1.9990447153450523,1.8685647903546558,2.1183880294406663,2.157763298490588,2.364449399283459,2.242867150006928,2.5171428702863303,2.628943964945572,1.7830969537247787,1.715376065467839,1.878295210143411,1.926391965134238,2.364449399283459,2.242867150006928,2.5171428702863303,2.628943964945572,1.424555885625852,1.458754118660427,0.9969934689897989
long_stream,896,ercb_beta_0p0065,softmax,token,0.0065,32,18000.0,18000.0,18000.0,18000.0,32.0,32.0,32.0,32.0,32.0,32.0,32.0,32.0,52.0,52.0,52.0,52.0,52.0,52.0,52.0,52.0,346.15384615384613,346.15384615384613,346.15384615384613,346.15384615384613,117.36231631773171,117.04876118332314,117.68359226955546,117.78980376001348,2.90625,2.0,3.0,3.0,428.25,424.1,435.45,437.0,0.8968989039734294,0.8963923852048741,0.8973927848411837,0.897526536535513,0.9021222928117448,0.9021222928117448,0.9021222928117448,0.9021222928117448,0.0052233888383155375,0.004729507970561098,0.005729907606870727,0.005897589583831131,16.4841780625907,15.58797750242742,17.29671120184849,17.899290918486557,0.04762095884748424,0.045031935007012545,0.04996827680534008,0.051709062653405614,1.0000998530480678,0.989235395959359,1.0122980622022917,1.0204878048780488,0.0,0.0,0.0,0.0,0.0,0.0,0.0,0.0,0.0,-0.0,0.0,-0.0,0.0,0.0,0.0,0.0,1.0,1.0,1.0,1.0,0.15194327129388827,0.15194327129388827,0.15194327129388827,0.15194327129388827,0.0,0.0,0.0,0.0,0.9732371694770451,0.9722956905273861,0.9745125157782063,0.975235542132287,0.026762830522954858,0.02548748422179373,0.02770430947261388,0.0280700206128969,0.0,0.0,0.0,0.0,0.03561496822347118,0.03479717931736763,0.03630959203366532,0.03658473298483264,0.9827322556677207,0.9821647481296663,0.9834107213598476,0.9835112928204601,0.9870152164563089,0.9641031154848393,1.0127071314899614,1.0414590263748595,2.04723917072874,1.9555730825554523,2.141858788715682,2.192320965466099,2.456218989349012,2.3113816564324092,2.6336278110361575,2.719177307976822,1.8301577921780203,1.7540509324032105,1.9249051105491117,1.9543323669052441,2.456218989349012,2.3113816564324092,2.6336278110361575,2.719177307976822,1.4486968383717365,1.4769517931809564,0.9967212649505962
long_stream,896,ercb_beta_0p007,softmax,token,0.007,32,18000.0,18000.0,18000.0,18000.0,32.0,32.0,32.0,32.0,32.0,32.0,32.0,32.0,52.0,52.0,52.0,52.0,52.0,52.0,52.0,52.0,346.15384615384613,346.15384615384613,346.15384615384613,346.15384615384613,116.88800704385584,116.53791632697221,117.2794750856245,117.42827346207567,3.0,3.0,3.0,3.0,427.46875,424.0,433.45,434.0,0.8976454166309714,0.89702957158473,0.898195484367609,0.8982322191106423,0.9021222928117448,0.9021222928117448,0.9021222928117448,0.9021222928117448,0.00447687618077338,0.003926808444135827,0.005092721227014918,0.005327179472674803,15.632613403218564,14.850916449411274,16.56129329765374,16.97396195987798,0.04516088316485363,0.04290264752052146,0.04784373619322192,0.049035890106314164,1.0022958592437723,0.9848894622991704,1.017581007647927,1.0184287099903007,0.0,0.0,0.0,0.0,0.0,0.0,0.0,0.0,0.0,-0.0,0.0,-0.0,0.0,0.0,0.0,0.0,1.0,1.0,1.0,1.0,0.15194327129388827,0.15194327129388827,0.15194327129388827,0.15194327129388827,0.0,0.0,0.0,0.0,0.9698475697970269,0.968645112192839,0.9709932227626932,0.9714374752728081,0.030152430202973066,0.029006777237306845,0.03135488780716101,0.03161361044164949,0.0,0.0,0.0,0.0,0.036087328215917286,0.03523902664674763,0.03693951628210241,0.03708185904867349,0.9825000014621155,0.9818511517178634,0.9830337226680376,0.9833219735073156,0.98210026992489,0.950164058345676,1.0172966734801911,1.0279757159694616,2.114111336533097,2.0128790123845515,2.258580886839438,2.3182589958455715,2.555855872280356,2.354711656848414,2.8351635784980207,2.9218696166858535,1.884022492912781,1.776667683046432,2.0219923917941163,2.0893681095002954,2.555855872280356,2.354711656848414,2.8351635784980207,2.9218696166858535,1.4679108503943272,1.5025749879399255,0.9964857046499488
short_stream,784,ercb_beta_0,softmax,token,0.0,32,6000.0,6000.0,6000.0,6000.0,32.0,32.0,32.0,32.0,32.0,32.0,32.0,32.0,39.0,39.0,39.0,39.0,39.0,39.0,39.0,39.0,153.84615384615384,153.84615384615384,153.84615384615384,153.84615384615384,40.47007486911497,39.91401321578857,40.91051739033573,41.39276442502436,12.84375,10.55,15.0,15.0,178.09375,175.0,180.0,181.0,0.93527708519828,0.9339574412822098,0.9369351467440387,0.9370749486600063,0.9467688672099858,0.9467688672099858,0.9467688672099858,0.9467688672099858,0.011491782011705753,0.00983372046594711,0.012811425927776005,0.01427185935975972,7.0836504854626545,6.457353969369762,7.779850879678808,8.89252062561134,0.04604372815550726,0.04197280080090345,0.05056903071791225,0.05780138406647371,0.9998237059639026,0.9817805090357188,1.0286828709445015,1.0404040404040404,0.0,0.0,0.0,0.0,0.0,0.0,0.0,0.0,0.0,-0.0,0.0,-0.0,0.0,0.0,0.0,0.0,1.0,1.0,1.0,1.0,0.2014012566940555,0.2014012566940555,0.2014012566940555,0.2014012566940555,0.0,0.0,0.0,0.0,1.0,1.0,1.0,1.0,0.0,0.0,0.0,0.0,0.0,0.0,0.0,0.0,0.015726797539283383,0.014998114729081446,0.016517926079326905,0.01680021926715728,0.9923699428442847,0.9918195632099093,0.992916700227,0.9929883887354106,1.011343022873004,0.9376758561468573,1.103107526391764,1.1155460696941426,1.0144489635507705,0.8653102387951508,1.1824995519701322,1.205464602789709,1.0227240124695272,0.8390414585604261,1.2164671906608695,1.2648442263417776,1.0161719996311005,0.892013780985205,1.1629635102801805,1.1855918526978184,1.07240343911092,0.962352005748557,1.222892543498994,1.2648442263417776,1.0,1.050304490667435,1.0
short_stream,784,ercb_beta_0p0035,softmax,token,0.0035,32,6000.0,6000.0,6000.0,6000.0,32.0,32.0,32.0,32.0,32.0,32.0,32.0,32.0,39.0,39.0,39.0,39.0,39.0,39.0,39.0,39.0,153.84615384615384,153.84615384615384,153.84615384615384,153.84615384615384,38.73091452867644,38.32075404618748,39.19013272783442,39.40228970409016,14.40625,11.0,16.0,16.0,176.84375,175.0,178.45,180.0,0.940396523782895,0.9390637512611829,0.9415811695824479,0.9421190329713398,0.9467688672099858,0.9467688672099858,0.9467688672099858,0.9467688672099858,0.006372343427090733,0.005187697627537851,0.007705115948802832,0.008325878638188122,5.509668962421701,4.784139812141143,6.285628129366062,6.99450333641188,0.035812848255741055,0.031096908778917434,0.0408565828408794,0.04546427168667722,1.0009273982519744,0.9703270311701585,1.0255248467209008,1.0377733598409544,0.0,0.0,0.0,0.0,0.0,0.0,0.0,0.0,0.0,-0.0,0.0,-0.0,0.0,0.0,0.0,0.0,1.0,1.0,1.0,1.0,0.2014012566940555,0.2014012566940555,0.2014012566940555,0.2014012566940555,0.0,0.0,0.0,0.0,0.9991174689337209,0.9986412734972521,0.9995275921474177,0.9997113004517482,0.0008825310662791078,0.000472407852582305,0.0013587265027479505,0.001904774308259596,0.0,0.0,0.0,0.0,0.015523705882532435,0.014835933464274047,0.01636300987602863,0.017273614104469048,0.9927970265198736,0.9921862983352511,0.993312108705295,0.9934376888143666,1.0164962383768748,0.9372937994424437,1.0826271844095041,1.1335988306699363,1.0127807130513573,0.859839186078798,1.2313970778326218,1.4035206784052845,1.00720780410117,0.7736073554482427,1.2869427570034837,1.3290245278654096,1.0121615851764674,0.9082867566988968,1.1703562556994176,1.2315577775431934,1.0886284683336582,0.9803076940460796,1.3187796988794975,1.4035206784052845,0.9870862674842954,1.0404540298275016,1.0004303674034754
short_stream,784,ercb_beta_0p004,softmax,token,0.004,32,6000.0,6000.0,6000.0,6000.0,32.0,32.0,32.0,32.0,32.0,32.0,32.0,32.0,39.0,39.0,39.0,39.0,39.0,39.0,39.0,39.0,153.84615384615384,153.84615384615384,153.84615384615384,153.84615384615384,38.534769052342874,38.1961122702609,38.96335453159621,39.19742172417065,14.75,14.0,16.0,16.0,177.09375,175.0,179.45,182.0,0.9409637610680659,0.9397241789674984,0.9419385839093257,0.9419844346492019,0.9467688672099858,0.9467688672099858,0.9467688672099858,0.9467688672099858,0.005805106141919831,0.004830283300660043,0.007044688242487439,0.007726343138804492,5.242396436646781,4.748342711150278,5.985120572270049,6.312380996593428,0.03407557683820407,0.030864227622476807,0.03890328371975532,0.041030476477857285,1.0014060553181812,0.9749300704503018,1.0294785714285715,1.046938775510204,0.0,0.0,0.0,0.0,0.0,0.0,0.0,0.0,0.0,-0.0,0.0,-0.0,0.0,0.0,0.0,0.0,1.0,1.0,1.0,1.0,0.2014012566940555,0.2014012566940555,0.2014012566940555,0.2014012566940555,0.0,0.0,0.0,0.0,0.9988012248710607,0.9984084352852899,0.999385071668327,0.9994294449384954,0.0011987751289391985,0.0006149283316730203,0.0015915647147101532,0.001974265315004584,0.0,0.0,0.0,0.0,0.015493619634221155,0.014824829456248197,0.016498003251666917,0.016715677409512804,0.9927703842013627,0.9923155135079039,0.9932446032294374,0.9934105265251549,1.0030709969247078,0.942331795635363,1.109696932165444,1.128363589045803,0.9934311375330017,0.8631726419612507,1.1592814233361215,1.1746273691443139,1.016237310210382,0.8320697322450777,1.1629241670132853,1.28965337654519,1.0042464815560306,0.9060627367881134,1.0927749855073066,1.1165950963611622,1.0697366073273058,0.9606117519536392,1.1713335040943653,1.28965337654519,0.9851732112351684,1.049037683002987,1.0004035202395694
short_stream,784,ercb_beta_0p0045,softmax,token,0.0045,32,6000.0,6000.0,6000.0,6000.0,32.0,32.0,32.0,32.0,32.0,32.0,32.0,32.0,39.0,39.0,39.0,39.0,39.0,39.0,39.0,39.0,153.84615384615384,153.84615384615384,153.84615384615384,153.84615384615384,38.35083627815817,37.88305699682215,38.81283698319669,39.05586955561945,15.34375,14.55,16.0,16.0,177.0625,174.55,180.45,181.0,0.9414921829282643,0.9401615524588814,0.942832193818363,0.9429890805007775,0.9467688672099858,0.9467688672099858,0.9467688672099858,0.9467688672099858,0.005276684281721459,0.003936673391622747,0.006607314751104309,0.00731347889314693,5.0646287158052985,4.301964497350632,5.906081631636493,6.084869844593311,0.03292008665273444,0.02796276923277911,0.038389530605637205,0.03955165398985652,0.9982915506801865,0.9727231575297607,1.0187305516265912,1.0403225806451613,0.0,0.0,0.0,0.0,0.0,0.0,0.0,0.0,0.0,-0.0,0.0,-0.0,0.0,0.0,0.0,0.0,1.0,1.0,1.0,1.0,0.2014012566940555,0.2014012566940555,0.2014012566940555,0.2014012566940555,0.0,0.0,0.0,0.0,0.998528517829882,0.9979300637346339,0.9991967797667661,0.9994428880578227,0.0014714821701180747,0.0008032202332338544,0.002069936265366109,0.0024610903694171344,0.0,0.0,0.0,0.0,0.015582302062125821,0.014790429308768041,0.016071639961798008,0.016311900564786836,0.9927424471231185,0.9922721090494584,0.9932510786058368,0.9936033724210791,1.0134173791132468,0.9558035862075637,1.0981319973548562,1.1260041492378974,1.02948902298367,0.9450324772047336,1.1321612915369432,1.1978088506885594,1.046045289526736,0.8400512266341815,1.2135228306449002,1.4880773091865993,1.0296505638745508,0.9336416817846073,1.1009934472104022,1.2614874618186882,1.0890585606905478,0.9734169673102473,1.2135228306449002,1.4880773091865993,0.9908121487037249,1.021927059317274,1.0003753683608818
short_stream,784,ercb_beta_0p005,softmax,token,0.005,32,6000.0,6000.0,6000.0,6000.0,32.0,32.0,32.0,32.0,32.0,32.0,32.0,32.0,39.0,39.0,39.0,39.0,39.0,39.0,39.0,39.0,153.84615384615384,153.84615384615384,153.84615384615384,153.84615384615384,38.095638049779,37.7847739781412,38.485065827574374,38.67321239568769,15.125,14.0,16.0,16.0,176.59375,175.0,179.0,180.0,0.9422242622153658,0.941108527239578,0.9431116321623264,0.9437816039033549,0.9467688672099858,0.9467688672099858,0.9467688672099858,0.9467688672099858,0.004544604994620026,0.003657235047659385,0.0056603399704076955,0.006203063580373702,4.892488994693967,4.475853013892359,5.323850408913045,5.41602560309064,0.03180117846551079,0.02909304459030033,0.03460502765793479,0.03520416642008916,1.0058615832764723,0.9768683132857834,1.038471104404203,1.0483870967741935,0.0,0.0,0.0,0.0,0.0,0.0,0.0,0.0,0.0,-0.0,0.0,-0.0,0.0,0.0,0.0,0.0,1.0,1.0,1.0,1.0,0.2014012566940555,0.2014012566940555,0.2014012566940555,0.2014012566940555,0.0,0.0,0.0,0.0,0.9980821610328103,0.9975551612843822,0.9987823314556051,0.9991151444704334,0.0019178389671896381,0.001217668544394864,0.002444838715617848,0.0026135944014226797,0.0,0.0,0.0,0.0,0.015519618363875243,0.01463607302551459,0.016542897798775606,0.01667990265758832,0.9928500747712757,0.992133266712568,0.9934003992743168,0.9935276106307883,0.9896784218908611,0.915818768269985,1.1026953975436724,1.148709883244756,1.017788680109265,0.8685655190897561,1.250198481041044,1.2741941673277772,1.005258934248247,0.7847641759335586,1.2778021394893313,1.3678306890917264,1.004242012082791,0.8769082692882139,1.180901026257022,1.2078337346857158,1.072154776486491,0.9455179598120118,1.2904793099951866,1.3678306890917264,0.9868263596011436,1.0518923358333898,1.0004838235281641
short_stream,784,ercb_beta_0p0055,softmax,token,0.0055,32,6000.0,6000.0,6000.0,6000.0,32.0,32.0,32.0,32.0,32.0,32.0,32.0,32.0,39.0,39.0,39.0,39.0,39.0,39.0,39.0,39.0,153.84615384615384,153.84615384615384,153.84615384615384,153.84615384615384,38.04916504937464,37.73890520424805,38.34809418181723,38.47845781702187,15.15625,14.0,16.0,16.0,176.28125,174.55,179.0,180.0,0.9423574213336487,0.9415026957689641,0.9432418305996537,0.9436079447385444,0.9467688672099858,0.9467688672099858,0.9467688672099858,0.9467688672099858,0.004411445876336989,0.0035270366103320795,0.005266171441021683,0.005641113823102284,4.777474888948152,4.258616753123332,5.323473375409146,5.481904965546379,0.03105358677816299,0.027681008895301656,0.03460257694015945,0.035632382276051464,0.999699468891877,0.9765716610800023,1.022645035300011,1.0282828282828282,0.0,0.0,0.0,0.0,0.0,0.0,0.0,0.0,0.0,-0.0,0.0,-0.0,0.0,0.0,0.0,0.0,1.0,1.0,1.0,1.0,0.2014012566940555,0.2014012566940555,0.2014012566940555,0.2014012566940555,0.0,0.0,0.0,0.0,0.9978898680780995,0.9972396536788141,0.9986539791503803,0.9989067318523058,0.002110131921900407,0.001346020849619624,0.002760346321185945,0.0030482216070510026,0.0,0.0,0.0,0.0,0.01566027430048647,0.014760840916112553,0.016500038660389058,0.016916714411253617,0.9927895992334553,0.9922168371044032,0.9932136688470964,0.9933422727557906,1.0047267908563238,0.9449217577638731,1.0704960397762193,1.1065017129523442,1.0153458111510834,0.8564604754138544,1.2342391030641149,1.2578055928407712,1.0420677934130205,0.8292502481680611,1.2579452015448072,1.3286395576561403,1.0207134651401426,0.892163327802194,1.1547017204108259,1.178923715588344,1.092606193085594,0.9888043064360815,1.2645236235015211,1.3286395576561403,0.9957700708850136,1.0491671059651035,1.0004228830107125
short_stream,784,ercb_beta_0p006,softmax,token,0.006,32,6000.0,6000.0,6000.0,6000.0,32.0,32.0,32.0,32.0,32.0,32.0,32.0,32.0,39.0,39.0,39.0,39.0,39.0,39.0,39.0,39.0,153.84615384615384,153.84615384615384,153.84615384615384,153.84615384615384,37.896352376479754,37.53875692755038,38.25067900259967,38.280703086500964,15.5,13.55,16.0,16.0,176.34375,174.0,179.0,180.0,0.9427929209311745,0.9417822279588615,0.9438085277343865,0.9439456740385678,0.9467688672099858,0.9467688672099858,0.9467688672099858,0.9467688672099858,0.003975946278811218,0.0029603394755993106,0.004986639251124264,0.005072728069986598,4.6200680560992575,3.9483849343425965,5.1243021816018866,5.252593986759646,0.03003044236464518,0.025664502073226878,0.033307964180412264,0.0341418609139377,0.9975718409499041,0.9734190750586628,1.0197766976613132,1.0386178861788617,0.0,0.0,0.0,0.0,0.0,0.0,0.0,0.0,0.0,-0.0,0.0,-0.0,0.0,0.0,0.0,0.0,1.0,1.0,1.0,1.0,0.2014012566940555,0.2014012566940555,0.2014012566940555,0.2014012566940555,0.0,0.0,0.0,0.0,0.9974539132248164,0.9967814699025942,0.9984659764917505,0.9986078246534157,0.00254608677518362,0.001534023508249506,0.003218530097405772,0.0036653473694874747,0.0,0.0,0.0,0.0,0.015633221757335697,0.014764287542951535,0.016529885348736676,0.01679745078750273,0.9927760892251163,0.9923335239500078,0.9932838827269186,0.9936487577092391,1.0054173846702157,0.9296821964146853,1.0558377038088729,1.075264989995723,1.0162482196424127,0.8715863033454465,1.131252547042082,1.3129830779906453,1.0420206453432184,0.8284814940203701,1.2105706244884262,1.531795284611058,1.0212287498852826,0.908508874545822,1.0970514711523112,1.2989724025899183,1.091622238501637,0.9748506391905211,1.2105706244884262,1.531795284611058,0.9940499150120076,1.051064929617571,1.0004092691276678
short_stream,784,ercb_beta_0p0065,softmax,token,0.0065,32,6000.0,6000.0,6000.0,6000.0,32.0,32.0,32.0,32.0,32.0,32.0,32.0,32.0,39.0,39.0,39.0,39.0,39.0,39.0,39.0,39.0,153.84615384615384,153.84615384615384,153.84615384615384,153.84615384615384,37.73587356620319,37.33209060776319,38.10294578539619,38.285391511068795,15.59375,14.55,16.0,16.0,176.46875,175.0,180.45,181.0,0.9432487286042284,0.9422050331622889,0.9443911841230817,0.9445329331872035,0.9467688672099858,0.9467688672099858,0.9467688672099858,0.9467688672099858,0.0035201386057572837,0.002377683086904103,0.00456383404769693,0.005086177550776005,4.496678707749287,3.9299018679350204,5.259855420753889,5.4065487356324855,0.02922841160037036,0.025544362141577636,0.03418906023490027,0.03514256678161116,1.002213284632723,0.9737435463974049,1.034174278495773,1.04,0.0,0.0,0.0,0.0,0.0,0.0,0.0,0.0,0.0,-0.0,0.0,-0.0,0.0,0.0,0.0,0.0,1.0,1.0,1.0,1.0,0.2014012566940555,0.2014012566940555,0.2014012566940555,0.2014012566940555,0.0,0.0,0.0,0.0,0.9970633986646288,0.996372752806805,0.9977059069840952,0.9979481411856452,0.0029366013353712885,0.002294093015904781,0.0036272471931949215,0.0037518922216579218,0.0,0.0,0.0,0.0,0.015816519508703705,0.015189262679043226,0.01677077082552751,0.016862905907702855,0.9927946911680523,0.9922145202609056,0.9933635527985422,0.9935317126875896,0.9981459915255682,0.9162412995517663,1.0608333988289114,1.1158580307067592,1.061204582246401,0.9010842646393361,1.2505797177856521,1.4147688277969115,1.0908366356209347,0.8654635970863006,1.4550813229278576,1.6028244330759498,1.050062403130968,0.9240306341199481,1.246516629371475,1.3550437494402132,1.13798503597497,0.990633219732576,1.4550813229278576,1.6028244330759498,1.005705037481166,1.0663818100052744,1.000428014095782
short_stream,784,ercb_beta_0p007,softmax,token,0.007,32,6000.0,6000.0,6000.0,6000.0,32.0,32.0,32.0,32.0,32.0,32.0,32.0,32.0,39.0,39.0,39.0,39.0,39.0,39.0,39.0,39.0,153.84615384615384,153.84615384615384,153.84615384615384,153.84615384615384,37.66192548334246,37.35197906948348,38.0195030456351,38.11220846297219,15.59375,15.0,16.0,16.0,176.1875,174.55,179.0,180.0,0.9434588212977492,0.9424433927931745,0.9443352384373044,0.9445503302856367,0.9467688672099858,0.9467688672099858,0.9467688672099858,0.9467688672099858,0.003310045912236645,0.0024336287726814177,0.0043254744168113035,0.0045902141203229,4.410866248454607,3.875231237066343,5.080795015531957,5.397055227455536,0.028670630614954944,0.025189003040931232,0.03302516760095772,0.035080858978460985,1.002843051380162,0.9727347880419109,1.0278906595838866,1.0298804780876494,0.0,0.0,0.0,0.0,0.0,0.0,0.0,0.0,0.0,-0.0,0.0,-0.0,0.0,0.0,0.0,0.0,1.0,1.0,1.0,1.0,0.2014012566940555,0.2014012566940555,0.2014012566940555,0.2014012566940555,0.0,0.0,0.0,0.0,0.9965938936938052,0.9959724068599326,0.997187374092539,0.9981823009617592,0.003406106306194822,0.002812625907460941,0.00402759314006739,0.004373324467914699,0.0,0.0,0.0,0.0,0.015686627262746035,0.015079212815228346,0.016210660375547786,0.016710613063112563,0.9928563999856883,0.9921480161395957,0.9934250967919994,0.9938117705284851,1.0192333607628687,0.9639895855064168,1.0966406669071302,1.1342930540078522,1.0259189402913587,0.9069332712356056,1.153696426422913,1.2334613237226548,1.0149558624261188,0.8453060213198712,1.1565537984280034,1.2557781267996944,1.0200360544934488,0.9378778832401596,1.1186978462685389,1.1691423353081971,1.0722643441819024,0.9796435533633797,1.1672314093443308,1.2557781267996944,0.9974457433920029,1.0307667746758855,1.0004901973753955
short_stream,800,ercb_beta_0,softmax,token,0.0,32,6000.0,6000.0,6000.0,6000.0,32.0,32.0,32.0,32.0,32.0,32.0,32.0,32.0,39.0,39.0,39.0,39.0,39.0,39.0,39.0,39.0,153.84615384615384,153.84615384615384,153.84615384615384,153.84615384615384,41.19246582187977,40.431306349219945,41.660489803878725,41.960016659048335,10.21875,8.0,12.0,13.0,178.28125,176.55,180.45,181.0,0.9331011399606839,0.9316808133568163,0.9353961956628113,0.9362651540366838,0.9442546667426267,0.9442546667426267,0.9442546667426267,0.9442546667426267,0.011153526781942744,0.008858471079815421,0.012573853385810425,0.013491501446689758,6.726184771768465,5.8829185788667155,7.428747889405567,7.598920301173696,0.04372020101649502,0.038238970762633655,0.04828686128113619,0.04939298195762903,1.0038064730798446,0.9749518304431599,1.0284676223238622,1.0298210735586482,0.0,0.0,0.0,0.0,0.0,0.0,0.0,0.0,0.0,-0.0,0.0,-0.0,0.0,0.0,0.0,0.0,1.0,1.0,1.0,1.0,0.4609353051450193,0.4609353051450193,0.4609353051450193,0.4609353051450193,0.0,0.0,0.0,0.0,1.0,1.0,1.0,1.0,0.0,0.0,0.0,0.0,0.0,0.0,0.0,0.0,0.015410349386282652,0.014792910370421233,0.016044364591349943,0.01639304019457846,0.9924858264102681,0.991852006108294,0.9929670151177282,0.9932357118769761,1.002433279293967,0.9443945112184475,1.0526280453487658,1.0659609113091835,1.0017152165010865,0.9128506865904098,1.1421036423762396,1.2814312999520763,0.9888564118309677,0.8131258443519016,1.152153055936115,1.3951308675978844,0.997668302542007,0.921467338313405,1.0909327015557035,1.1492104076493999,1.0576503217012148,0.977413573177961,1.2439652968500006,1.3951308675978844,1.0,1.0411421694067269,1.0
short_stream,800,ercb_beta_0p0035,softmax,token,0.0035,32,6000.0,6000.0,6000.0,6000.0,32.0,32.0,32.0,32.0,32.0,32.0,32.0,32.0,39.0,39.0,39.0,39.0,39.0,39.0,39.0,39.0,153.84615384615384,153.84615384615384,153.84615384615384,153.84615384615384,39.453054757220585,38.91126533033894,39.9046156599444,40.050953739748955,11.625,10.55,13.0,13.0,177.4375,175.0,181.0,181.0,0.9382915442739491,0.93696300085594,0.9398759846233993,0.9401117479497729,0.9442546667426267,0.9442546667426267,0.9442546667426267,0.9442546667426267,0.005963122468677529,0.004378682119227473,0.0072916658866866765,0.007725437821480274,5.061392582339436,4.381019086132837,5.755078710632326,5.839740071489835,0.03289905178520634,0.028476624059863443,0.03740801161911012,0.03795831046468393,1.0043615186723927,0.9732481889655645,1.0390929051847981,1.0441767068273093,0.0,0.0,0.0,0.0,0.0,0.0,0.0,0.0,0.0,-0.0,0.0,-0.0,0.0,0.0,0.0,0.0,1.0,1.0,1.0,1.0,0.4609353051450193,0.4609353051450193,0.4609353051450193,0.4609353051450193,0.0,0.0,0.0,0.0,0.9989723803290743,0.9986201447453554,0.9994387153593357,0.9995764120713185,0.0010276196709256824,0.0005612846406642569,0.0013798552546445166,0.0014943114853001411,0.0,0.0,0.0,0.0,0.015504309109256835,0.01432817524605635,0.01652259864000772,0.01670900090328441,0.9928057581372716,0.9922730873555199,0.993371393380616,0.9934174911206278,1.0110074055515041,0.9499263489716769,1.0980861921729448,1.119074833311923,0.9868337642381764,0.8606939024952805,1.1174324415599413,1.158869026968996,1.0746720936234588,0.8378486360948451,1.393653331205756,1.5586293491719385,1.0241710878043797,0.9036549746669363,1.178212326616805,1.234158303526959,1.118522102835254,0.984398389002433,1.393653331205756,1.5586293491719385,1.0060971831733951,1.0721754728491182,1.0003223539505453
short_stream,800,ercb_beta_0p004,softmax,token,0.004,32,6000.0,6000.0,6000.0,6000.0,32.0,32.0,32.0,32.0,32.0,32.0,32.0,32.0,39.0,39.0,39.0,39.0,39.0,39.0,39.0,39.0,153.84615384615384,153.84615384615384,153.84615384615384,153.84615384615384,39.226844347927276,38.835344862810096,39.612408043452625,40.15197952238563,11.96875,10.0,13.0,13.0,177.75,175.0,180.0,181.0,0.9389545325104535,0.9378256391464722,0.9400963331982006,0.9401136628755539,0.9442546667426267,0.9442546667426267,0.9442546667426267,0.9442546667426267,0.005300134232173227,0.0041583335444260235,0.006429027596154524,0.00802559770384681,5.022328511493188,4.417621110524448,5.646114406343671,6.072214988930717,0.032645135324705726,0.02871453721840891,0.03669974364123386,0.03946939742804966,1.0017865175679923,0.959884058294463,1.0308544035296114,1.04,0.0,0.0,0.0,0.0,0.0,0.0,0.0,0.0,0.0,-0.0,0.0,-0.0,0.0,0.0,0.0,0.0,1.0,1.0,1.0,1.0,0.4609353051450193,0.4609353051450193,0.4609353051450193,0.4609353051450193,0.0,0.0,0.0,0.0,0.9986880806306829,0.9983245436350716,0.9991882061713652,0.999370748155895,0.00131191936931702,0.0008117938286348803,0.0016754563649283777,0.002199493697229977,0.0,0.0,0.0,0.0,0.015522657403491026,0.014747948511786582,0.016321193262222845,0.016464625186606515,0.9928175681744331,0.9923487611881354,0.9933556580573578,0.9934932919949016,1.0064452726501818,0.9372079163327988,1.0794620850643797,1.1526114000146888,1.0027194900739327,0.8602882167575502,1.176246522714245,1.2051107296190198,1.0126180729854954,0.8362353259311799,1.2162790253062388,1.2513260988005532,1.0072609452365366,0.9173801784150288,1.129586946232043,1.151934871429892,1.0736828888552572,0.9705697291789628,1.2162790253062388,1.2513260988005532,1.0072878306904802,1.0591059847579427,1.0003342534022526
short_stream,800,ercb_beta_0p0045,softmax,token,0.0045,32,6000.0,6000.0,6000.0,6000.0,32.0,32.0,32.0,32.0,32.0,32.0,32.0,32.0,39.0,39.0,39.0,39.0,39.0,39.0,39.0,39.0,153.84615384615384,153.84615384615384,153.84615384615384,153.84615384615384,39.11430102256274,38.634934346383474,39.60596314652267,39.75601129294851,12.0,11.0,13.0,13.0,176.5,175.0,179.0,181.0,0.9392827100306231,0.9378446032005489,0.940676416430647,0.9410222167503522,0.9442546667426267,0.9442546667426267,0.9442546667426267,0.9442546667426267,0.0049719567120035425,0.003578250311979625,0.006410063542077821,0.006852361639111737,4.882616409215546,4.173471528670609,5.599862129883276,5.661385170722979,0.03173700665990105,0.02712756493635896,0.03639910384424129,0.036799003609699364,0.9992708417711657,0.9788956779248043,1.0207002697869938,1.046277665995976,0.0,0.0,0.0,0.0,0.0,0.0,0.0,0.0,0.0,-0.0,0.0,-0.0,0.0,0.0,0.0,0.0,1.0,1.0,1.0,1.0,0.4609353051450193,0.4609353051450193,0.4609353051450193,0.4609353051450193,0.0,0.0,0.0,0.0,0.998429488917312,0.9977937726662923,0.9992451582086579,0.9994678880190951,0.0015705110826879796,0.0007548417913420633,0.00220622733370764,0.0023335061361045707,0.0,0.0,0.0,0.0,0.015402950001950456,0.0145833875112198,0.016275331068013852,0.016423776606938202,0.992879068772965,0.9922995064678389,0.9934247933131313,0.993578529245084,1.00851029609744,0.9315806552441837,1.096293656813241,1.1467965167679195,0.9968167345384018,0.8931272911011428,1.1424703865879446,1.3424849050956837,1.0343061822652204,0.8149809498125459,1.2528474017193905,1.330633385177377,1.0132110709670208,0.9028767771705941,1.1358751773186506,1.198846790018904,1.0970872825368925,0.9764296337800322,1.290200349780297,1.3424849050956837,0.999519843181571,1.0561299202275811,1.0003962196257443
short_stream,800,ercb_beta_0p005,softmax,token,0.005,32,6000.0,6000.0,6000.0,6000.0,32.0,32.0,32.0,32.0,32.0,32.0,32.0,32.0,39.0,39.0,39.0,39.0,39.0,39.0,39.0,39.0,153.84615384615384,153.84615384615384,153.84615384615384,153.84615384615384,38.92321897491313,38.58858672942648,39.320453816216194,39.51470901824843,12.28125,10.55,13.0,13.0,176.90625,175.0,179.0,179.0,0.9398393693940466,0.9386827229361772,0.9408100348460253,0.9420401921447978,0.9442546667426267,0.9442546667426267,0.9442546667426267,0.9442546667426267,0.004415297348580167,0.003444631896601402,0.005571943806449525,0.006141668530357358,4.566024309716853,4.024672734491076,5.098161531250665,5.495919232041916,0.029679158013159547,0.026160372774191993,0.03313804995312932,0.03572347500827246,1.0060006644311594,0.9824594935554475,1.0278235826973643,1.038,0.0,0.0,0.0,0.0,0.0,0.0,0.0,0.0,0.0,-0.0,0.0,-0.0,0.0,0.0,0.0,0.0,1.0,1.0,1.0,1.0,0.4609353051450193,0.4609353051450193,0.4609353051450193,0.4609353051450193,0.0,0.0,0.0,0.0,0.9981042085455809,0.9975264193365367,0.998735287155841,0.9988760104471014,0.0018957914544190692,0.0012647128441589243,0.0024735806634631928,0.002733236379946469,0.0,0.0,0.0,0.0,0.015449762677923992,0.014559467250361875,0.01604197523516147,0.016371997806310233,0.9928880556596358,0.9921227986900406,0.9934718613630519,0.993682149417261,1.0108276532677882,0.9484946037594791,1.0961605466212163,1.118732154095122,0.9993710734780514,0.8981305860463086,1.1284702519776937,1.1812092168428665,1.0192316349476462,0.8428061761778668,1.2324533864944738,1.469886906857195,1.0098101205644952,0.9199710232616857,1.1006003009008825,1.2158016129742457,1.0841647687363047,0.9607926395294993,1.2324533864944738,1.469886906857195,1.002557585856971,1.0409871206061723,1.0004052745527083
short_stream,800,ercb_beta_0p0055,softmax,token,0.0055,32,6000.0,6000.0,6000.0,6000.0,32.0,32.0,32.0,32.0,32.0,32.0,32.0,32.0,39.0,39.0,39.0,39.0,39.0,39.0,39.0,39.0,153.84615384615384,153.84615384615384,153.84615384615384,153.84615384615384,38.84845674997659,38.409083827724245,39.16501690455312,39.26604748643668,12.25,11.0,13.0,13.0,176.46875,174.0,178.9,180.0,0.9400568529336542,0.9391371145344034,0.9413273106325717,0.9416942177620794,0.9442546667426267,0.9442546667426267,0.9442546667426267,0.9442546667426267,0.004197813808972498,0.002927356110055046,0.005117552208223308,0.005412709520021597,4.518424674835446,3.819506018131905,5.112692739620661,5.315675898360458,0.029369760386430396,0.024826789117857382,0.0332325028075343,0.03455189333934298,0.9987712831218822,0.9738834951456311,1.0238868517548456,1.0300601202404809,0.0,0.0,0.0,0.0,0.0,0.0,0.0,0.0,0.0,-0.0,0.0,-0.0,0.0,0.0,0.0,0.0,1.0,1.0,1.0,1.0,0.4609353051450193,0.4609353051450193,0.4609353051450193,0.4609353051450193,0.0,0.0,0.0,0.0,0.9978078458096747,0.9971655892339616,0.9985948459931464,0.9989142257505604,0.0021921541903252703,0.0014051540068536286,0.002834410766038369,0.002981083991433511,0.0,0.0,0.0,0.0,0.015603935431716044,0.014892438034630162,0.01625921210793537,0.016329717869896083,0.9927672870395882,0.9922992244501287,0.9932171331551362,0.9935637122102609,1.010785020990467,0.9348941074958699,1.0833673269640194,1.0854753300873532,1.0314172155482777,0.9272084089625742,1.1924939772686631,1.2174342823254418,1.031013642978877,0.8182808708606206,1.3103659578064035,1.345550619061599,1.0244052931725407,0.9344242024522998,1.158815721551257,1.1886711003234076,1.1080222774232777,0.9797743153047466,1.3103659578064035,1.345550619061599,1.0125620802345798,1.0550839374484478,1.0002835915857238
short_stream,800,ercb_beta_0p006,softmax,token,0.006,32,6000.0,6000.0,6000.0,6000.0,32.0,32.0,32.0,32.0,32.0,32.0,32.0,32.0,39.0,39.0,39.0,39.0,39.0,39.0,39.0,39.0,153.84615384615384,153.84615384615384,153.84615384615384,153.84615384615384,38.738275561702935,38.478100487581024,39.12647842650858,39.33716091429126,12.65625,12.0,13.0,13.0,176.78125,175.0,178.45,180.0,0.9403761685728693,0.9392495811348778,0.9411287292877731,0.9414925167036464,0.9442546667426267,0.9442546667426267,0.9442546667426267,0.9442546667426267,0.0038784981697572996,0.0031259374548535447,0.005005085607748877,0.005620826395795198,4.4852167803709575,3.8613493650158963,5.113228272122398,5.315675898360458,0.02915390907241123,0.02509877087260333,0.033235983768795586,0.03455189333934298,1.0049786639443061,0.9743505414922596,1.0350926949346742,1.0378486055776892,0.0,0.0,0.0,0.0,0.0,0.0,0.0,0.0,0.0,-0.0,0.0,-0.0,0.0,0.0,0.0,0.0,1.0,1.0,1.0,1.0,0.4609353051450193,0.4609353051450193,0.4609353051450193,0.4609353051450193,0.0,0.0,0.0,0.0,0.9974941886764757,0.996813810110083,0.998137695221537,0.9982924391615289,0.0025058113235243394,0.0018623047784631125,0.003186189889917088,0.0031978551614009884,0.0,0.0,0.0,0.0,0.01550169404018582,0.014797342464906467,0.016244542451276763,0.01639952621130651,0.9928704743479524,0.9923068842765314,0.9933851025647885,0.9936179977046984,1.018580675070487,0.9399011941975336,1.1272422778224547,1.1489396735098254,1.0229217046967678,0.9218664979189247,1.171930782148231,1.2587427800297193,1.0425319806790783,0.8515112638917451,1.299794282892691,1.5374893716680502,1.0280114534821112,0.9646822599652103,1.1566370465821865,1.2102895955704067,1.1171673626574234,1.0100895218647,1.3159541738267908,1.5374893716680502,1.0059274875353883,1.0541320020775558,1.000387560131791
short_stream,800,ercb_beta_0p0065,softmax,token,0.0065,32,6000.0,6000.0,6000.0,6000.0,32.0,32.0,32.0,32.0,32.0,32.0,32.0,32.0,39.0,39.0,39.0,39.0,39.0,39.0,39.0,39.0,153.84615384615384,153.84615384615384,153.84615384615384,153.84615384615384,38.523091740564524,38.26690125182133,38.90325835772791,38.967796343567684,12.59375,12.0,13.0,13.0,176.65625,174.0,179.45,180.0,0.9409979032819702,0.9398992396685101,0.9417357220303721,0.9421690364311642,0.9442546667426267,0.9442546667426267,0.9442546667426267,0.9442546667426267,0.0032567634606564984,0.002518944712254606,0.0043554270741166246,0.004542967159686384,4.248251814818897,3.767873877597226,4.83246559501757,4.982018950236221,0.027613636796322828,0.024491180204381967,0.031411026367614205,0.03238312317653544,0.990725894894027,0.9627845826121688,1.012797619047619,1.0236686390532543,0.0,0.0,0.0,0.0,0.0,0.0,0.0,0.0,0.0,-0.0,0.0,-0.0,0.0,0.0,0.0,0.0,1.0,1.0,1.0,1.0,0.4609353051450193,0.4609353051450193,0.4609353051450193,0.4609353051450193,0.0,0.0,0.0,0.0,0.9968081396756405,0.9960859901995536,0.9977485584768295,0.9982357751347426,0.0031918603243594103,0.0022514415231705415,0.003914009800446419,0.00406500457787111,0.0,0.0,0.0,0.0,0.015684290468392325,0.014854782214172427,0.01676430374684977,0.01679753148224673,0.992842151709803,0.9922352593908673,0.9936552837032211,0.9938032219964575,1.0125552068242254,0.9487785541643274,1.0920476760943398,1.1080112137477724,1.0744019004500847,0.9040266670778907,1.339899442923193,1.3750750486214505,1.0984788356814263,0.8681226347171762,1.3585733716436308,1.565446421483164,1.0618119809852455,0.9439451762603527,1.2384019186388848,1.3037100698468478,1.1494639975612655,0.9904476605716537,1.385035575428353,1.565446421483164,1.017776435513754,1.0878600690113052,1.000359023061139
short_stream,800,ercb_beta_0p007,softmax,token,0.007,32,6000.0,6000.0,6000.0,6000.0,32.0,32.0,32.0,32.0,32.0,32.0,32.0,32.0,39.0,39.0,39.0,39.0,39.0,39.0,39.0,39.0,153.84615384615384,153.84615384615384,153.84615384615384,153.84615384615384,38.49172083187902,38.18845945518222,38.84438769851,38.90128101610897,12.71875,11.55,13.0,13.0,176.6875,174.55,179.0,179.0,0.9410884078913339,0.9400701014264071,0.9419604251315945,0.9422325100053315,0.9442546667426267,0.9442546667426267,0.9442546667426267,0.9442546667426267,0.003166258851292847,0.002294241611032194,0.004184565316219585,0.004349684870260773,4.182829763509022,3.5174855654640464,4.70023296205993,5.07381412189979,0.027188393462808644,0.022863656175516302,0.030551514253389544,0.03297979179234864,0.9980273443309383,0.9712579416447203,1.0216798387096775,1.0343434343434343,0.0,0.0,0.0,0.0,0.0,0.0,0.0,0.0,0.0,-0.0,0.0,-0.0,0.0,0.0,0.0,0.0,1.0,1.0,1.0,1.0,0.4609353051450193,0.4609353051450193,0.4609353051450193,0.4609353051450193,0.0,0.0,0.0,0.0,0.996501841408824,0.9956605007704736,0.9972087296443308,0.9973954443776115,0.0034981585911759393,0.0027912703556691345,0.004339499229526331,0.004443505374820494,0.0,0.0,0.0,0.0,0.015674798481359206,0.014887471398371223,0.016319305810606068,0.016950922251454687,0.9928201476085077,0.9924320966692691,0.9934260372467746,0.9935074129370497,1.0035831802574802,0.9357374239331288,1.094735428669279,1.1119801892177297,1.0442470886980273,0.9199328900907965,1.2228638975575097,1.3366835755164628,1.062385059761369,0.8198796765002099,1.3519408860448976,1.4576538219995372,1.0367384429056257,0.9263296121850078,1.1704978772939305,1.181789934438058,1.126971022546789,0.9789518435566219,1.3829884224295754,1.4576538219995372,1.0171604866604744,1.0589835052755203,1.0003368523653873
short_stream,816,ercb_beta_0,softmax,token,0.0,32,6000.0,6000.0,6000.0,6000.0,32.0,32.0,32.0,32.0,32.0,32.0,32.0,32.0,39.0,39.0,39.0,39.0,39.0,39.0,39.0,39.0,153.84615384615384,153.84615384615384,153.84615384615384,153.84615384615384,42.1575384518931,41.64749534325447,42.723561874795955,42.95766458672494,7.125,5.55,9.0,9.0,178.78125,176.55,181.0,186.0,0.9301515240769539,0.9284024438146269,0.9317202982507932,0.9332191487859286,0.9410586721850347,0.9410586721850347,0.9410586721850347,0.9410586721850347,0.010907148108080873,0.009338373934241478,0.012656228370407823,0.013386058982305271,6.700535514927184,5.776978733124238,7.57723749323118,7.759196363356724,0.04355348084702669,0.03755036176530755,0.04925204370600267,0.05043477636181871,0.9989727937387397,0.9768222554144884,1.0263067961165049,1.031496062992126,0.0,0.0,0.0,0.0,0.0,0.0,0.0,0.0,0.0,-0.0,0.0,-0.0,0.0,0.0,0.0,0.0,1.0,1.0,1.0,1.0,0.459279326771846,0.459279326771846,0.459279326771846,0.459279326771846,0.0,0.0,0.0,0.0,1.0,1.0,1.0,1.0,0.0,0.0,0.0,0.0,0.0,0.0,0.0,0.0,0.015311726251250372,0.014538196580289701,0.016000326240044164,0.01626284052084343,0.9924699720495475,0.9920386864723179,0.9928409974173158,0.9932244534734999,1.002485484698457,0.9175182382592966,1.0790868042300734,1.1046875060254782,1.008721954833859,0.8749165506906958,1.123479939335278,1.2082257220344599,0.9902810996586694,0.8502582580513103,1.1539905344549515,1.173576861002554,1.0004961797303284,0.9062129615999281,1.0877418642359562,1.1074906210120294,1.0692244060144038,0.979975197746199,1.1668297978797912,1.2082257220344599,1.0,1.0449720676489733,1.0
short_stream,816,ercb_beta_0p0035,softmax,token,0.0035,32,6000.0,6000.0,6000.0,6000.0,32.0,32.0,32.0,32.0,32.0,32.0,32.0,32.0,39.0,39.0,39.0,39.0,39.0,39.0,39.0,39.0,153.84615384615384,153.84615384615384,153.84615384615384,153.84615384615384,40.47098996105371,40.067171495452286,40.978443803076935,41.07812348193189,8.25,7.0,9.0,9.0,177.375,175.0,179.45,181.0,0.9352751912861984,0.9337524450455358,0.9364809218894206,0.9371719898035688,0.9410586721850347,0.9410586721850347,0.9410586721850347,0.9410586721850347,0.005783480898836249,0.004577750295614113,0.007306227139498867,0.007607371350638159,5.129621474510879,4.497773210030643,5.888147096265548,6.008540929590486,0.03334253958432071,0.02923552586519918,0.03827295612572607,0.039055516042338166,0.9912484069700631,0.9683964923269653,1.0217128367519435,1.031434184675835,0.0,0.0,0.0,0.0,0.0,0.0,0.0,0.0,0.0,-0.0,0.0,-0.0,0.0,0.0,0.0,0.0,1.0,1.0,1.0,1.0,0.459279326771846,0.459279326771846,0.459279326771846,0.459279326771846,0.0,0.0,0.0,0.0,0.9990823700755318,0.9987558800026796,0.9996430859986813,0.9997534335448629,0.0009176299244681957,0.00035691400131869543,0.0012441199973204314,0.0013316604801565757,0.0,0.0,0.0,0.0,0.015202386603138596,0.0141922442680139,0.01603447455652045,0.016224030027719414,0.9928599846021907,0.9922126482133335,0.9935610785321791,0.9938144413159519,0.9808978764993435,0.907754013396249,1.048569035261419,1.0824603034052354,0.9970785405124813,0.8518741137713246,1.152922312976404,1.288940788948061,0.9991276941269225,0.7897664536393876,1.2280986976155435,1.523780507499911,0.992368037046249,0.88198352855257,1.0786047370648855,1.22667444966814,1.0671027086359437,0.9322803594926716,1.2652931221276353,1.523780507499911,0.9928590907179491,1.0472022744797347,1.0003929716400768
short_stream,816,ercb_beta_0p004,softmax,token,0.004,32,6000.0,6000.0,6000.0,6000.0,32.0,32.0,32.0,32.0,32.0,32.0,32.0,32.0,39.0,39.0,39.0,39.0,39.0,39.0,39.0,39.0,153.84615384615384,153.84615384615384,153.84615384615384,153.84615384615384,40.30111074085627,39.84346757399938,40.74154408430446,40.8540482013456,8.3125,7.0,9.0,9.0,177.03125,175.0,179.0,181.0,0.9357829163975859,0.9344662005001072,0.9371439225145247,0.9377870507550671,0.9410586721850347,0.9410586721850347,0.9410586721850347,0.9410586721850347,0.005275755787448835,0.0039147496705099595,0.0065924716849275365,0.006931018970584679,4.757179205226109,4.161262194307781,5.442656995928866,5.991446895152781,0.030921664833969704,0.027048204263000575,0.035377270473537635,0.03894440481849308,1.0010161773227693,0.9724196486808664,1.0203895179937155,1.0298210735586482,0.0,0.0,0.0,0.0,0.0,0.0,0.0,0.0,0.0,-0.0,0.0,-0.0,0.0,0.0,0.0,0.0,1.0,1.0,1.0,1.0,0.459279326771846,0.459279326771846,0.459279326771846,0.459279326771846,0.0,0.0,0.0,0.0,0.998802235647479,0.9982197719975273,0.9992998858291072,0.999381207404865,0.0011977643525209751,0.0007001141708928168,0.0017802280024727308,0.0018765944870692433,0.0,0.0,0.0,0.0,0.015142778266946468,0.014454154124075717,0.01596021187899052,0.016962156466923946,0.9929101225794206,0.9923253198714386,0.993331121944951,0.9937155802092679,1.0061736571363054,0.9379722458117651,1.072558611699642,1.0948302868709099,0.9794601398673477,0.8815419698407608,1.1621581452911034,1.2439772214513753,0.9757784312568868,0.8343765894895668,1.1247183208970026,1.28965181080936,0.98713740942018,0.9144672259632448,1.1070174094011331,1.163048556644588,1.0484789816717432,0.955083858449274,1.1833625671656973,1.28965181080936,0.988966104700957,1.0423522218918453,1.0004434900221355
short_stream,816,ercb_beta_0p0045,softmax,token,0.0045,32,6000.0,6000.0,6000.0,6000.0,32.0,32.0,32.0,32.0,32.0,32.0,32.0,32.0,39.0,39.0,39.0,39.0,39.0,39.0,39.0,39.0,153.84615384615384,153.84615384615384,153.84615384615384,153.84615384615384,40.07145164383169,39.6776682287622,40.51301217417529,40.61358776134074,8.34375,7.0,9.0,9.0,177.1875,175.0,179.0,180.0,0.9364666384259404,0.9351517936724644,0.9376334003355992,0.9376746419020543,0.9410586721850347,0.9410586721850347,0.9410586721850347,0.9410586721850347,0.004592033759094304,0.0034252718494355017,0.00590687851257034,0.0062082428004420764,4.692041489427723,4.008279144938672,5.396578043301836,5.411289243983478,0.030498269681280193,0.026053814442101367,0.03507775728146194,0.03517338008589261,0.9969849101836004,0.9757280520428016,1.0212481532761462,1.032258064516129,0.0,0.0,0.0,0.0,0.0,0.0,0.0,0.0,0.0,-0.0,0.0,-0.0,0.0,0.0,0.0,0.0,1.0,1.0,1.0,1.0,0.459279326771846,0.459279326771846,0.459279326771846,0.459279326771846,0.0,0.0,0.0,0.0,0.9984754452928204,0.9979426455199927,0.9990522035707526,0.9994627812445427,0.0015245547071795987,0.0009477964292473098,0.0020573544800073476,0.002363154164814021,0.0,0.0,0.0,0.0,0.015090630043873742,0.014529315586887234,0.015721336869388987,0.01601092158327817,0.992959483980656,0.9924251691831822,0.9934741625688767,0.9937245585835125,0.977876399424192,0.9044396914563777,1.0537167170968824,1.1204160284072038,0.9951773355923106,0.8934725923012558,1.1490031056259704,1.202312873856672,1.0173033119970398,0.8206120108655297,1.3630164013881938,1.4695886655960164,0.9967856823378476,0.9156845588510429,1.1306629189577462,1.167518995274375,1.0855533859809996,0.9647418321190487,1.3630164013881938,1.4695886655960164,0.9855603343640907,1.0267514329486636,1.000493225936194
short_stream,816,ercb_beta_0p005,softmax,token,0.005,32,6000.0,6000.0,6000.0,6000.0,32.0,32.0,32.0,32.0,32.0,32.0,32.0,32.0,39.0,39.0,39.0,39.0,39.0,39.0,39.0,39.0,153.84615384615384,153.84615384615384,153.84615384615384,153.84615384615384,40.04345140292969,39.67184930599785,40.40441064059002,40.57948102278903,8.5,7.0,9.0,9.0,176.78125,175.0,178.45,181.0,0.936549991395218,0.9354765102968846,0.9376505459611253,0.9382865480203326,0.9410586721850347,0.9410586721850347,0.9410586721850347,0.9410586721850347,0.004508680789816692,0.0034081262239093746,0.005582161888150105,0.006105980012131362,4.525753243953532,3.922322702763681,5.032891095728369,5.24771012332632,0.029417396085697958,0.025495097567963927,0.0327137921222344,0.034110115801621085,0.9976309790488931,0.975797293621651,1.0257234534914235,1.0380761523046091,0.0,0.0,0.0,0.0,0.0,0.0,0.0,0.0,0.0,-0.0,0.0,-0.0,0.0,0.0,0.0,0.0,1.0,1.0,1.0,1.0,0.459279326771846,0.459279326771846,0.459279326771846,0.459279326771846,0.0,0.0,0.0,0.0,0.9981878469468022,0.9976116723510442,0.9988431859016791,0.9989291077721286,0.0018121530531978337,0.0011568140983208802,0.0023883276489558335,0.0027457828997653777,0.0,0.0,0.0,0.0,0.015196281297061518,0.0143922368748061,0.0159158287387021,0.015984402937136176,0.9929374153885578,0.9923727904936775,0.9933518063573361,0.9933728019251439,0.9805889953579621,0.918371596329124,1.0536625756696796,1.0760906808160673,1.0021242173637326,0.8664952257123286,1.2022279483847638,1.2121643779753273,1.0404027146501174,0.8174121280698001,1.4591414480570533,1.5356039254442742,1.0077053091239374,0.8951783945998414,1.199344989952085,1.2303092049173938,1.0942249988787578,0.950704713239734,1.4591414480570533,1.5356039254442742,0.9924603567034497,1.0394535846278206,1.0004709899061681
short_stream,816,ercb_beta_0p0055,softmax,token,0.0055,32,6000.0,6000.0,6000.0,6000.0,32.0,32.0,32.0,32.0,32.0,32.0,32.0,32.0,39.0,39.0,39.0,39.0,39.0,39.0,39.0,39.0,153.84615384615384,153.84615384615384,153.84615384615384,153.84615384615384,39.865483958058114,39.50354225234791,40.30447407313882,40.53459330544553,8.5,7.55,9.0,9.0,177.1875,175.0,179.45,182.0,0.9370772133668928,0.9357746395035452,0.9381457991209086,0.9382827330487105,0.9410586721850347,0.9410586721850347,0.9410586721850347,0.9410586721850347,0.003981458818141898,0.002912873064126115,0.005284032681489425,0.005971489331541346,4.439895761715894,3.8962484356563656,5.090878674273338,5.203549084703927,0.028859322451153316,0.025325614831766378,0.033090711382776694,0.03382306905057553,0.9939558092570633,0.965397417121555,1.0210704362888132,1.0440881763527052,0.0,0.0,0.0,0.0,0.0,0.0,0.0,0.0,0.0,-0.0,0.0,-0.0,0.0,0.0,0.0,0.0,1.0,1.0,1.0,1.0,0.459279326771846,0.459279326771846,0.459279326771846,0.459279326771846,0.0,0.0,0.0,0.0,0.9978269446050909,0.9972392791827044,0.9984488698735259,0.9985797926136403,0.002173055394909207,0.0015511301264741037,0.002760720817295601,0.0027983266938536922,0.0,0.0,0.0,0.0,0.01523437758204027,0.014627957676322512,0.01578984163502686,0.016092722938422198,0.9928710563692559,0.9923460368187387,0.9934099701972418,0.993737248256325,0.988423836157387,0.910116714477264,1.077234501553247,1.1081867228885438,1.0203615662474257,0.8773412350902339,1.1588116921096767,1.2554783016984805,1.029501957853756,0.8428436972225959,1.249913164715168,1.3562083461722716,1.0127624534195232,0.9070703386516691,1.1334580626095228,1.1823311767881783,1.0847394709179639,0.9752603193083754,1.2682042109184106,1.3562083461722716,0.9949484030774266,1.0312254396356808,1.0004041274104043
short_stream,816,ercb_beta_0p006,softmax,token,0.006,32,6000.0,6000.0,6000.0,6000.0,32.0,32.0,32.0,32.0,32.0,32.0,32.0,32.0,39.0,39.0,39.0,39.0,39.0,39.0,39.0,39.0,153.84615384615384,153.84615384615384,153.84615384615384,153.84615384615384,39.72981285883367,39.35745634039036,40.059421674543714,40.347553201026514,8.625,7.55,9.0,9.0,177.125,175.0,179.45,183.0,0.9374781770470376,0.9365040604132706,0.9385743843936559,0.9386510208142735,0.9410586721850347,0.9410586721850347,0.9410586721850347,0.9410586721850347,0.00358049513799712,0.0024842877913787975,0.0045546117717641,0.005412275413888001,4.388519016846172,3.6865778111467518,5.256692753067416,5.349334969450372,0.028525373609500117,0.023962755772453888,0.0341685028949382,0.03477067730142742,0.9949180260579659,0.9693456614509246,1.0261517422373996,1.0405679513184583,0.0,0.0,0.0,0.0,0.0,0.0,0.0,0.0,0.0,-0.0,0.0,-0.0,0.0,0.0,0.0,0.0,1.0,1.0,1.0,1.0,0.459279326771846,0.459279326771846,0.459279326771846,0.459279326771846,0.0,0.0,0.0,0.0,0.997390968131642,0.9966026969037041,0.9982734051409093,0.998390671184916,0.0026090318683578855,0.001726594859090657,0.0033973030962960006,0.003535857405749025,0.0,0.0,0.0,0.0,0.015327969392836422,0.014187026061403048,0.01640642048427107,0.01654736298108294,0.9929776885789859,0.992525670566359,0.9937468277053095,0.9939718817250786,0.9860827077874572,0.932797343439713,1.0744692861354985,1.0757070132696056,1.0380832227308234,0.9141149554218447,1.176828452906632,1.3202941035557538,1.06831964766209,0.8421158078251504,1.3483438599002342,1.6938558421960117,1.0308285260601235,0.9164159921774514,1.161951193772084,1.2830467630380926,1.1202983794187573,0.9596535286058735,1.3556732496832937,1.6938558421960117,1.0010608301976873,1.0714938482479273,1.0005115686557147
short_stream,816,ercb_beta_0p0065,softmax,token,0.0065,32,6000.0,6000.0,6000.0,6000.0,32.0,32.0,32.0,32.0,32.0,32.0,32.0,32.0,39.0,39.0,39.0,39.0,39.0,39.0,39.0,39.0,153.84615384615384,153.84615384615384,153.84615384615384,153.84615384615384,39.69930344642101,39.47113122151548,39.928827037945034,40.02533714301765,8.65625,8.0,9.0,9.0,177.59375,176.0,180.0,182.0,0.9375690088950042,0.9368913008452646,0.9382409703554884,0.938345684047748,0.9410586721850347,0.9410586721850347,0.9410586721850347,0.9410586721850347,0.0034896632900305105,0.0028177018295462764,0.004167371339770132,0.004453422887254477,4.39457524344168,3.827414210121518,4.934572842278477,5.252593986759646,0.028564739082370918,0.024878192365789868,0.0320747234748101,0.0341418609139377,1.0043826086517553,0.9782354925775978,1.0347068748366246,1.0543259557344065,0.0,0.0,0.0,0.0,0.0,0.0,0.0,0.0,0.0,-0.0,0.0,-0.0,0.0,0.0,0.0,0.0,1.0,1.0,1.0,1.0,0.459279326771846,0.459279326771846,0.459279326771846,0.459279326771846,0.0,0.0,0.0,0.0,0.9970981616743158,0.9964466629135897,0.9978728809552313,0.9980171995647743,0.0029018383256843162,0.0021271190447687423,0.0035533370864102754,0.0037910893746752987,0.0,0.0,0.0,0.0,0.015294693988603482,0.014740208084144705,0.016085032686373096,0.0163136407068513,0.9929901571978064,0.9924029868524616,0.9936580968920375,0.9937810496079283,0.991448981911481,0.9225602649096345,1.0847789341851146,1.1017418165832586,1.0174701699447601,0.9179128858185596,1.1380467491253496,1.1844452213932755,1.0132130772097938,0.8056782743533322,1.1829440171349406,1.2061591641016163,1.0073774096886785,0.9161902881226682,1.0917928215902435,1.1042323677286487,1.0638297964749794,0.9672671083348576,1.1915682057276133,1.2061591641016163,0.9988876327614922,1.050504196746567,1.0005241318759344
short_stream,816,ercb_beta_0p007,softmax,token,0.007,32,6000.0,6000.0,6000.0,6000.0,32.0,32.0,32.0,32.0,32.0,32.0,32.0,32.0,39.0,39.0,39.0,39.0,39.0,39.0,39.0,39.0,153.84615384615384,153.84615384615384,153.84615384615384,153.84615384615384,39.54593233121993,39.24279344566193,39.87225336392869,39.923348647857466,8.75,8.0,9.0,9.0,176.53125,174.55,178.45,181.0,0.938020072775626,0.937058779479868,0.9389099493960891,0.9390941122555538,0.9410586721850347,0.9410586721850347,0.9410586721850347,0.9410586721850347,0.0030385994094085794,0.002148722788945667,0.00399989270516668,0.004151119820100413,4.059509315594481,3.5780510954765874,4.564908683160791,4.728527715787902,0.026386810551364128,0.02325733212059782,0.029671906440545143,0.030735430152621368,0.9993880791688621,0.9824128718093768,1.0295678944301845,1.0320641282565128,0.0,0.0,0.0,0.0,0.0,0.0,0.0,0.0,0.0,-0.0,0.0,-0.0,0.0,0.0,0.0,0.0,1.0,1.0,1.0,1.0,0.459279326771846,0.459279326771846,0.459279326771846,0.459279326771846,0.0,0.0,0.0,0.0,0.9966287963341007,0.9958523374511212,0.9974159391262071,0.9975415243723362,0.003371203665899279,0.0025840608737929716,0.004147662548878783,0.004645259321571624,0.0,0.0,0.0,0.0,0.015300002962902926,0.014628360367081239,0.016036653370537557,0.016654921738379513,0.9929069947762867,0.9924690992217096,0.9935172184347575,0.9936019411517438,0.9891120773074195,0.922684531572358,1.0888009953123343,1.105849679027867,1.065998618311967,0.9494629230503784,1.2829604266294528,1.371867280045852,1.0674474649795695,0.83927391547676,1.331073462857988,1.401435261985371,1.0408527201996518,0.9291752663011381,1.19217035994454,1.232262369125121,1.1179171840169806,0.9793512833931778,1.359426235451027,1.401435261985371,0.9992343588074213,1.0473445715650767,1.0004403384878606
short_stream,832,ercb_beta_0,softmax,token,0.0,32,6000.0,6000.0,6000.0,6000.0,32.0,32.0,32.0,32.0,32.0,32.0,32.0,32.0,39.0,39.0,39.0,39.0,39.0,39.0,39.0,39.0,153.84615384615384,153.84615384615384,153.84615384615384,153.84615384615384,42.68098020521677,42.21282110848191,43.25488104552757,43.388843220075955,4.5,3.0,6.0,6.0,179.125,177.0,182.45,183.0,0.9285317531940878,0.9267418359754273,0.9299849464850387,0.9307500262936882,0.9384410804459847,0.9384410804459847,0.9384410804459847,0.9384410804459847,0.009909327251896975,0.008456133960946072,0.011699244470557429,0.012120181581237288,6.365974637129673,5.482832463642637,7.139238865257625,7.571877794400365,0.04137883514134288,0.035638411013677145,0.04640505262417457,0.049217205663602374,1.0028283727139198,0.9712672409945097,1.0347660543723687,1.0459081836327344,0.0,0.0,0.0,0.0,0.0,0.0,0.0,0.0,0.0,-0.0,0.0,-0.0,0.0,0.0,0.0,0.0,1.0,1.0,1.0,1.0,0.3404643426232305,0.3404643426232305,0.3404643426232305,0.3404643426232305,0.0,0.0,0.0,0.0,1.0,1.0,1.0,1.0,0.0,0.0,0.0,0.0,0.0,0.0,0.0,0.0,0.015063519687611333,0.014163813423464422,0.01578616414788004,0.01619667607635131,0.9927012029141025,0.9920653972021471,0.9933103105300197,0.9934383849070417,0.9924270156387303,0.9251852158757224,1.0774311520915087,1.1482217830531682,0.9861104006107184,0.8684544471324251,1.0986076708563146,1.1163692004325514,0.9708088682140119,0.8354150202280459,1.0951773323166598,1.1984947116757192,0.9831154281544868,0.9008224725749924,1.0507226328804842,1.0749038576147418,1.0391536697743482,0.9657544720894605,1.130702862611829,1.1984947116757192,1.0,1.0479731480593497,1.0
short_stream,832,ercb_beta_0p0035,softmax,token,0.0035,32,6000.0,6000.0,6000.0,6000.0,32.0,32.0,32.0,32.0,32.0,32.0,32.0,32.0,39.0,39.0,39.0,39.0,39.0,39.0,39.0,39.0,153.84615384615384,153.84615384615384,153.84615384615384,153.84615384615384,41.269299329416214,40.931161421728895,41.76694729950764,41.9343433461616,5.03125,4.0,6.0,6.0,177.78125,176.0,180.45,181.0,0.9328700644179767,0.9313551906152158,0.9338951741281306,0.9343262106531874,0.9384410804459847,0.9384410804459847,0.9384410804459847,0.9384410804459847,0.005571016028008045,0.004545906317854093,0.00708588983076901,0.007599073345832208,4.983222844852868,4.246971237974705,5.8418638765880155,6.076436202501999,0.03239094849154365,0.027605313046835587,0.03797211519782211,0.039496835316262996,0.9976303773022657,0.9749347195357834,1.0232139425622282,1.0418326693227091,0.0,0.0,0.0,0.0,0.0,0.0,0.0,0.0,0.0,-0.0,0.0,-0.0,0.0,0.0,0.0,0.0,1.0,1.0,1.0,1.0,0.3404643426232305,0.3404643426232305,0.3404643426232305,0.3404643426232305,0.0,0.0,0.0,0.0,0.999061578580781,0.9986125771771358,0.9996071673730507,0.9997628177753051,0.0009384214192188582,0.0003928326269493824,0.0013874228228642504,0.0014347328386793703,0.0,0.0,0.0,0.0,0.01498472540293477,0.01421016524994395,0.015669450189895996,0.016181866468370266,0.9929282438277391,0.9924751642481057,0.9934507253440126,0.9935526064740041,1.0064768185088657,0.9122322403436136,1.1147129870518848,1.1995109746260262,0.9932282129114656,0.884155641146513,1.1087632973163255,1.1931744627678933,1.0289172416080232,0.8346734570867612,1.2906639166595064,1.61606442177409,1.0095407576761182,0.913846429475938,1.1101512066810149,1.2323426602296268,1.0944621836220485,0.9838195710502585,1.2906639166595064,1.61606442177409,0.9947691982809724,1.0402250280711618,1.0002287102231469
short_stream,832,ercb_beta_0p004,softmax,token,0.004,32,6000.0,6000.0,6000.0,6000.0,32.0,32.0,32.0,32.0,32.0,32.0,32.0,32.0,39.0,39.0,39.0,39.0,39.0,39.0,39.0,39.0,153.84615384615384,153.84615384615384,153.84615384615384,153.84615384615384,41.118683202696296,40.72935029261777,41.44185690687284,41.55968118972661,5.5,4.0,6.0,6.0,178.0625,176.0,181.0,184.0,0.9333270411261665,0.9323476295745596,0.93450282291214,0.9348163467595293,0.9384410804459847,0.9384410804459847,0.9384410804459847,0.9384410804459847,0.005114039319818162,0.003938257533844686,0.006093450871425132,0.006452482394493253,4.9231648309725315,4.186164485434523,5.670626125812245,5.706496522745156,0.03200057140132146,0.0272100691553244,0.03685906981777959,0.037092227397843514,0.9992562134090045,0.9654861808577913,1.0296574257425741,1.0356435643564357,0.0,0.0,0.0,0.0,0.0,0.0,0.0,0.0,0.0,-0.0,0.0,-0.0,0.0,0.0,0.0,0.0,1.0,1.0,1.0,1.0,0.3404643426232305,0.3404643426232305,0.3404643426232305,0.3404643426232305,0.0,0.0,0.0,0.0,0.9988704349027883,0.9982879407331727,0.9994180797332473,0.9995773777835671,0.0011295650972116987,0.0005819202667527491,0.0017120592668272473,0.001954963468000032,0.0,0.0,0.0,0.0,0.015061361305779009,0.01438527896187566,0.015694058934817234,0.016078195510644867,0.9931544755347624,0.9925695711434964,0.9936676775777983,0.9937788831619337,0.9843744081567085,0.9213472607317055,1.0556513074071956,1.0889620508057898,0.9820010553492019,0.8678641885100478,1.1083270903129019,1.2172969402518454,1.0266275209073394,0.8057653905497656,1.1697288655720952,1.7519920931445911,0.9976676614710833,0.9129216028615952,1.057655900577249,1.3262219450783184,1.0791186189446902,0.9729465033366592,1.1697288655720952,1.7519920931445911,0.9998567146405962,1.0418586930732048,1.0004566052900201
short_stream,832,ercb_beta_0p0045,softmax,token,0.0045,32,6000.0,6000.0,6000.0,6000.0,32.0,32.0,32.0,32.0,32.0,32.0,32.0,32.0,39.0,39.0,39.0,39.0,39.0,39.0,39.0,39.0,153.84615384615384,153.84615384615384,153.84615384615384,153.84615384615384,40.93057539455104,40.64078886504748,41.26966737412927,41.344418568236776,5.625,5.0,6.0,6.0,177.1875,175.0,180.0,180.0,0.9338956411440568,0.9328708909200156,0.9347688250403418,0.9356141527234169,0.9384410804459847,0.9384410804459847,0.9384410804459847,0.9384410804459847,0.004545439301927964,0.0036722554056429434,0.005570189525969115,0.005797095370153826,4.657561606778385,3.99579668423227,5.325511628110911,5.51454952015633,0.030274150444059504,0.025972678447509754,0.03461582558272092,0.03584457188101615,0.9995120737324278,0.9750269905533063,1.0318977334310944,1.036144578313253,0.0,0.0,0.0,0.0,0.0,0.0,0.0,0.0,0.0,-0.0,0.0,-0.0,0.0,0.0,0.0,0.0,1.0,1.0,1.0,1.0,0.3404643426232305,0.3404643426232305,0.3404643426232305,0.3404643426232305,0.0,0.0,0.0,0.0,0.9985036683962425,0.9979315750385511,0.9990745510636828,0.9991417196999898,0.001496331603757478,0.0009254489363171691,0.0020684249614489124,0.0023349472765066596,0.0,0.0,0.0,0.0,0.015055381475409317,0.014341397235013167,0.015889607805591788,0.01630455194284016,0.9930769609718906,0.9925463563989568,0.9936359186841037,0.9938938008215717,1.0150239723417163,0.923100012785458,1.0849624799778763,1.128004878454756,1.0076699886911804,0.8484353706945847,1.1536370870266097,1.2254158666570198,1.023245317629063,0.8264911125833635,1.411607045461285,1.5032424948531165,1.01531309288732,0.8921558170909447,1.1721174604930482,1.20522866556582,1.1038126231428933,0.9651553908330038,1.411607045461285,1.5032424948531165,0.9994597403282376,1.0548403119000038,1.0003785208043317
short_stream,832,ercb_beta_0p005,softmax,token,0.005,32,6000.0,6000.0,6000.0,6000.0,32.0,32.0,32.0,32.0,32.0,32.0,32.0,32.0,39.0,39.0,39.0,39.0,39.0,39.0,39.0,39.0,153.84615384615384,153.84615384615384,153.84615384615384,153.84615384615384,40.81488317325429,40.46854636601681,41.11645083321979,41.48928713228949,5.59375,5.0,6.0,6.0,177.65625,175.55,180.45,181.0,0.9342441145011902,0.9333353143811174,0.9352848340952734,0.9354870948775689,0.9384410804459847,0.9384410804459847,0.9384410804459847,0.9384410804459847,0.0041969659447945624,0.0031562463507113724,0.005105766064867345,0.006237888116152557,4.549090983041559,3.6483207346104214,5.441777873325745,5.78681082178945,0.02956909138977013,0.023714084774967743,0.035371556176617344,0.03761427034163142,1.0051442383342288,0.9818113514638809,1.0335029349594134,1.0420841683366733,0.0,0.0,0.0,0.0,0.0,0.0,0.0,0.0,0.0,-0.0,0.0,-0.0,0.0,0.0,0.0,0.0,1.0,1.0,1.0,1.0,0.3404643426232305,0.3404643426232305,0.3404643426232305,0.3404643426232305,0.0,0.0,0.0,0.0,0.9982418228111101,0.9976138094987018,0.9987679126729333,0.9990755580105397,0.0017581771888899344,0.001232087327066718,0.002386190501298149,0.0026600155702585677,0.0,0.0,0.0,0.0,0.015146578101742022,0.014274671356461575,0.01593815938512493,0.016180317536273373,0.9929961027247918,0.9923513465533845,0.9935120310645967,0.9935596101534585,0.9864074648911465,0.92529693296794,1.0733228989057768,1.1223169024410928,1.0027050641618702,0.8685317287907368,1.1191417106212858,1.2184035905808013,1.0205351331931483,0.8435395438723662,1.2962920653835435,1.3005733338438448,1.0032158874153883,0.8962055008716733,1.1109920547259562,1.1237760793172016,1.071317133202165,0.9522694436588498,1.2962920653835435,1.3005733338438448,1.0055138782869584,1.058063435083696,1.0002970680501078
short_stream,832,ercb_beta_0p0055,softmax,token,0.0055,32,6000.0,6000.0,6000.0,6000.0,32.0,32.0,32.0,32.0,32.0,32.0,32.0,32.0,39.0,39.0,39.0,39.0,39.0,39.0,39.0,39.0,153.84615384615384,153.84615384615384,153.84615384615384,153.84615384615384,40.66721258211096,40.34188848664963,40.96745358113735,41.06064212066035,5.5625,4.55,6.0,6.0,177.625,176.0,180.0,181.0,0.9346884597611522,0.9337856752938978,0.9356632847644349,0.9357640115454564,0.9384410804459847,0.9384410804459847,0.9384410804459847,0.9384410804459847,0.0037526206848324598,0.002777795681549777,0.004655405152086961,0.0049369158505304656,4.3983056812658425,3.800518419018642,5.002048261628258,5.104045655289738,0.02858898692822798,0.024703369723621173,0.03251331370058368,0.0331762967593833,0.9966528897655121,0.975967956530003,1.0195936697374695,1.0358565737051793,0.0,0.0,0.0,0.0,0.0,0.0,0.0,0.0,0.0,-0.0,0.0,-0.0,0.0,0.0,0.0,0.0,1.0,1.0,1.0,1.0,0.3404643426232305,0.3404643426232305,0.3404643426232305,0.3404643426232305,0.0,0.0,0.0,0.0,0.9977829043219975,0.9972063617628064,0.99829128289592,0.9984886137391686,0.0022170956780025856,0.001708717104080106,0.002793638237193557,0.003113143096118805,0.0,0.0,0.0,0.0,0.015121399338214315,0.01416600360965745,0.016034821380101292,0.016059319196155535,0.99297515321629,0.992549521686833,0.9935478149045476,0.9937189861733929,1.0015374692014856,0.9389008618347601,1.077206997377327,1.112699939696706,1.0066918032548637,0.902047611733548,1.1305413943172875,1.1465819751615367,1.033039013850524,0.8255873418522623,1.2856571404778931,1.3317845054906454,1.0137560954356246,0.9048564287699243,1.1218545995759575,1.1570591143222202,1.0818396432247783,0.9703800851316211,1.2856571404778931,1.3317845054906454,1.0038423722877052,1.0644803945314842,1.0002759645111574
short_stream,832,ercb_beta_0p006,softmax,token,0.006,32,6000.0,6000.0,6000.0,6000.0,32.0,32.0,32.0,32.0,32.0,32.0,32.0,32.0,39.0,39.0,39.0,39.0,39.0,39.0,39.0,39.0,153.84615384615384,153.84615384615384,153.84615384615384,153.84615384615384,40.60969041105916,40.37172673146971,40.94786295476208,41.018781477818784,5.78125,5.0,6.0,6.0,176.9375,175.0,179.0,181.0,0.9348612640530154,0.9338448086929223,0.935574230200103,0.9357791897992582,0.9384410804459847,0.9384410804459847,0.9384410804459847,0.9384410804459847,0.0035798163929692955,0.0028668502458817358,0.004596271753062486,0.004810396113365756,4.283549931963335,3.5839760725256173,4.981682069525679,5.134099176971006,0.02784307455776168,0.023295844471416513,0.03238093345191691,0.03337164465031154,0.9980359464459841,0.9750690814040328,1.0323012585315816,1.040241448692153,0.0,0.0,0.0,0.0,0.0,0.0,0.0,0.0,0.0,-0.0,0.0,-0.0,0.0,0.0,0.0,0.0,1.0,1.0,1.0,1.0,0.3404643426232305,0.3404643426232305,0.3404643426232305,0.3404643426232305,0.0,0.0,0.0,0.0,0.9975300335782247,0.996915558991976,0.9983208272664339,0.9985863314684718,0.002469966421775258,0.001679172733566148,0.003084441008023969,0.003207051722913157,0.0,0.0,0.0,0.0,0.01529477251338569,0.014474648936107145,0.01634448044112507,0.016445694522886,0.9929569013384972,0.9925580491759265,0.9933611235490704,0.993429292949559,1.0024211370605787,0.9227156543619055,1.0897173166915302,1.1546453565536858,1.037189498691207,0.8960063654997135,1.1533565344207575,1.2028502139021924,1.0843775358770755,0.8826878284230228,1.3512241023498965,1.4525283304892558,1.0413293905429537,0.9353775210150889,1.1671222721047108,1.2007365667634984,1.129109249695281,0.9606570814688119,1.3512241023498965,1.4525283304892558,1.0153518454232542,1.085037280800133,1.0002575784371412
short_stream,832,ercb_beta_0p0065,softmax,token,0.0065,32,6000.0,6000.0,6000.0,6000.0,32.0,32.0,32.0,32.0,32.0,32.0,32.0,32.0,39.0,39.0,39.0,39.0,39.0,39.0,39.0,39.0,153.84615384615384,153.84615384615384,153.84615384615384,153.84615384615384,40.44920168075785,40.24545743411292,40.75686818307947,40.78117870401923,5.8125,5.0,6.0,6.0,177.1875,175.0,180.0,180.0,0.9353420154303981,0.9344201311059266,0.9359508331933538,0.936198683829477,0.9384410804459847,0.9384410804459847,0.9384410804459847,0.9384410804459847,0.0030990650155866377,0.002490247252630895,0.004020949340058161,0.004094063652498647,4.274721797657378,3.693285257330612,4.995100067582241,5.27694550342846,0.027785691684772962,0.02400635417264898,0.03246815043928457,0.03430014577228499,0.9984703023041154,0.9647900763358779,1.0247545532157087,1.0338645418326693,0.0,0.0,0.0,0.0,0.0,0.0,0.0,0.0,0.0,-0.0,0.0,-0.0,0.0,0.0,0.0,0.0,1.0,1.0,1.0,1.0,0.3404643426232305,0.3404643426232305,0.3404643426232305,0.3404643426232305,0.0,0.0,0.0,0.0,0.9970672032739671,0.9965648170016496,0.997616916558279,0.9980608857455912,0.0029327967260327744,0.0023830834417209725,0.003435182998350421,0.0036471024007169494,0.0,0.0,0.0,0.0,0.01520682057664556,0.014470294758129824,0.015928743796524494,0.016000889967201046,0.9931023498255558,0.9923804389617559,0.993775373154858,0.9937978413375419,0.9816671413852952,0.9153718094303435,1.0291507773079065,1.0515091684170472,1.0333751834002882,0.90814783642993,1.164198926277899,1.256216388614159,1.0191643606625194,0.814396898420393,1.246037027312044,1.4201029461179935,1.0114022284827011,0.9129101113146437,1.122980280555278,1.1946142576721963,1.0851007400031865,0.9728346343591845,1.2603527588913748,1.4201029461179935,1.0095131079592297,1.0574383760805084,1.0004040963285585
short_stream,832,ercb_beta_0p007,softmax,token,0.007,32,6000.0,6000.0,6000.0,6000.0,32.0,32.0,32.0,32.0,32.0,32.0,32.0,32.0,39.0,39.0,39.0,39.0,39.0,39.0,39.0,39.0,153.84615384615384,153.84615384615384,153.84615384615384,153.84615384615384,40.41487723221224,40.12648285230941,40.709052576016724,40.98751433498922,5.65625,5.0,6.0,6.0,176.90625,175.0,179.0,181.0,0.9354442270506228,0.934563770523949,0.9363048571600883,0.9366660744855596,0.9384410804459847,0.9384410804459847,0.9384410804459847,0.9384410804459847,0.0029968533953618898,0.0021362232858964715,0.0038773099220357206,0.00471595605045505,4.161522316691443,3.3867559432048298,4.822223466097565,5.068758002934022,0.027049895058494373,0.022013913630831397,0.03134445252963417,0.03294692701907114,1.0015950377653806,0.9725351485203652,1.020602362388171,1.028056112224449,0.0,0.0,0.0,0.0,0.0,0.0,0.0,0.0,0.0,-0.0,0.0,-0.0,0.0,0.0,0.0,0.0,1.0,1.0,1.0,1.0,0.3404643426232305,0.3404643426232305,0.3404643426232305,0.3404643426232305,0.0,0.0,0.0,0.0,0.9967173827768825,0.99578235631321,0.9975330167902989,0.9983713716525365,0.003282617223117442,0.0024669832097010775,0.0042176436867900555,0.004779930590574942,0.0,0.0,0.0,0.0,0.015290740778639077,0.014658307502273201,0.016040007427377177,0.016145002447354465,0.9930674813185001,0.992505549030955,0.9936159783021955,0.9937600776535468,1.000201878065658,0.929091597694385,1.0704743608229925,1.1029595340911227,1.0263651653592878,0.9353301701424445,1.1489883334000448,1.1763300181290983,1.0570949044280364,0.829346263938658,1.2590026278498803,1.3148081809190921,1.027887315950994,0.9467572741420714,1.135544679593049,1.1533514846921316,1.108003772597376,1.0089511021080613,1.2590026278498803,1.3148081809190921,1.015084196505191,1.064824673118656,1.0003689714521573
short_stream,848,ercb_beta_0,softmax,token,0.0,32,6000.0,6000.0,6000.0,6000.0,32.0,32.0,32.0,32.0,32.0,32.0,32.0,32.0,39.0,39.0,39.0,39.0,39.0,39.0,39.0,39.0,153.84615384615384,153.84615384615384,153.84615384615384,153.84615384615384,43.59451382253982,43.18860742689023,44.108214630476525,44.19336210832878,1.375,0.55,2.0,2.0,179.25,178.0,181.45,182.0,0.9256707560509698,0.9240445903227855,0.9269498121617602,0.9275122868325564,0.9351061283115225,0.9351061283115225,0.9351061283115225,0.9351061283115225,0.00943537226055273,0.008156316149762265,0.01106153798873703,0.011332680054613742,6.182991792968463,5.4956462186005846,6.823956605950047,8.27414880586145,0.04018944665429501,0.0357217004209038,0.044355717938675314,0.05378196723809943,0.9967826623377596,0.9630227021040975,1.0321850393700787,1.0357142857142858,0.0,0.0,0.0,0.0,0.0,0.0,0.0,0.0,0.0,-0.0,0.0,-0.0,0.0,0.0,0.0,0.0,1.0,1.0,1.0,1.0,0.327735768799997,0.327735768799997,0.327735768799997,0.327735768799997,0.0,0.0,0.0,0.0,1.0,1.0,1.0,1.0,0.0,0.0,0.0,0.0,0.0,0.0,0.0,0.0,0.014924571311045156,0.014008692017289966,0.015952730768310767,0.016632308271390065,0.992708396145553,0.9921021879705967,0.993258096822351,0.9935685103597373,0.9967259916893554,0.9192192248872978,1.0813426495908849,1.1080565758762857,0.9966671443445564,0.8104391844203971,1.239587499308982,1.4461260904830497,0.988430667832255,0.7894693595907175,1.387140028361929,1.5868451990347043,0.993941267955389,0.8774483113004935,1.2109586669352312,1.356943989162165,1.0707551317585287,0.9342125336812971,1.387140028361929,1.5868451990347043,1.0,1.068890384577057,1.0
short_stream,848,ercb_beta_0p0035,softmax,token,0.0035,32,6000.0,6000.0,6000.0,6000.0,32.0,32.0,32.0,32.0,32.0,32.0,32.0,32.0,39.0,39.0,39.0,39.0,39.0,39.0,39.0,39.0,153.84615384615384,153.84615384615384,153.84615384615384,153.84615384615384,42.28290224005106,41.97971325223128,42.61974252698178,42.80039447549967,1.5625,1.0,2.0,2.0,178.6875,176.55,181.0,183.0,0.9297674592693734,0.9287252499299484,0.9307026403866772,0.9309865851039664,0.9351061283115225,0.9351061283115225,0.9351061283115225,0.9351061283115225,0.005338669042149011,0.0044034879248453,0.006380878381574106,0.006942870582242966,4.7988941703355446,4.0677741188938255,5.44647565670626,5.500582719713454,0.031192812107181042,0.026440531772809864,0.035402091768590695,0.03575378767813745,1.0058444957997406,0.9779830916534455,1.0316785714285714,1.040241448692153,0.0,0.0,0.0,0.0,0.0,0.0,0.0,0.0,0.0,-0.0,0.0,-0.0,0.0,0.0,0.0,0.0,1.0,1.0,1.0,1.0,0.327735768799997,0.327735768799997,0.327735768799997,0.327735768799997,0.0,0.0,0.0,0.0,0.9991348076390215,0.9987410597658206,0.9995655473832971,0.999702449687104,0.0008651923609784974,0.0004344526167029873,0.0012589402341794545,0.0014262138265487933,0.0,0.0,0.0,0.0,0.014841422138976757,0.014143914047294608,0.015599994603909383,0.01586880691044935,0.9931121605432387,0.992501963910726,0.9936919499777102,0.9938868362261,1.0016426195853518,0.9379338799584328,1.0658972682926193,1.0781651694017411,1.0032009300305906,0.8543472805863066,1.1992615447993413,1.3130545317923672,1.013131738021955,0.8330659510342763,1.24385930104755,1.305547276629781,1.0059917625459658,0.8898641577154791,1.1464303005265803,1.177220952406558,1.061737828997568,0.9530531347369964,1.24385930104755,1.3130545317923672,0.9944287061694789,1.0452557918607934,1.000406730112542
short_stream,848,ercb_beta_0p004,softmax,token,0.004,32,6000.0,6000.0,6000.0,6000.0,32.0,32.0,32.0,32.0,32.0,32.0,32.0,32.0,39.0,39.0,39.0,39.0,39.0,39.0,39.0,39.0,153.84615384615384,153.84615384615384,153.84615384615384,153.84615384615384,42.084665895068625,41.75234404538921,42.506859946650415,42.635328111271974,1.59375,1.0,2.0,2.0,177.9375,176.0,180.0,180.0,0.9303781881645066,0.9290755214217192,0.931399914198856,0.9325573005947695,0.9351061283115225,0.9351061283115225,0.9351061283115225,0.9351061283115225,0.004727940147015854,0.003706214112666506,0.006030606889803269,0.006429283862572244,4.563215964747499,3.934289641137417,5.060072934583374,5.124100921762788,0.029660903770858747,0.02557288266739321,0.03289047407479193,0.03330665599145812,1.0000928486770042,0.9791790429343978,1.0216699801192843,1.029940119760479,0.0,0.0,0.0,0.0,0.0,0.0,0.0,0.0,0.0,-0.0,0.0,-0.0,0.0,0.0,0.0,0.0,1.0,1.0,1.0,1.0,0.327735768799997,0.327735768799997,0.327735768799997,0.327735768799997,0.0,0.0,0.0,0.0,0.9988753160151178,0.9983564288406204,0.9994525372817474,0.9995378475100668,0.001124683984882166,0.000547462718252519,0.0016435711593795785,0.0018775047667986859,0.0,0.0,0.0,0.0,0.014820632098587642,0.014160267511374119,0.015609329005241158,0.01578836930308084,0.99300002431271,0.9925249069588579,0.9934900293411455,0.9936968528688469,1.0117247113459367,0.9103318538492264,1.0854573273997412,1.0992641182086178,0.9901311484759716,0.8594181804523767,1.1369460167392906,1.1707103805716588,1.0062680269435424,0.8459326563376739,1.2088855448873352,1.2333339656383246,1.0027079622551502,0.9185199489708032,1.1260159034158508,1.1512098128520778,1.0719740143482723,0.9740398973206921,1.2088855448873352,1.2333339656383246,0.9930356986280341,1.0458812303499287,1.000293770223249
short_stream,848,ercb_beta_0p0045,softmax,token,0.0045,32,6000.0,6000.0,6000.0,6000.0,32.0,32.0,32.0,32.0,32.0,32.0,32.0,32.0,39.0,39.0,39.0,39.0,39.0,39.0,39.0,39.0,153.84615384615384,153.84615384615384,153.84615384615384,153.84615384615384,42.03778543822594,41.70081973808945,42.29973760007518,42.35777920956285,1.625,1.0,2.0,2.0,177.9375,176.0,180.45,181.0,0.9305231624116356,0.9297165956599233,0.9315575436442888,0.9319246153752961,0.9351061283115225,0.9351061283115225,0.9351061283115225,0.9351061283115225,0.004582965899886871,0.003548584667233684,0.005389532651599282,0.005568921648289926,4.597910035295261,3.6990962990409413,5.306745245175711,5.647781502274667,0.029886415229419195,0.02404412594376612,0.034493844093642125,0.03671057976478534,1.0001384646163691,0.9748155882397128,1.0308383233532934,1.0436507936507937,0.0,0.0,0.0,0.0,0.0,0.0,0.0,0.0,0.0,-0.0,0.0,-0.0,0.0,0.0,0.0,0.0,1.0,1.0,1.0,1.0,0.327735768799997,0.327735768799997,0.327735768799997,0.327735768799997,0.0,0.0,0.0,0.0,0.9987408097044947,0.9982510393838228,0.9992475411745909,0.9993474936498329,0.0012591902955051645,0.0007524588254090987,0.0017489606161772086,0.0018884963511406631,0.0,0.0,0.0,0.0,0.014860126601927717,0.014158353580290947,0.01546184369750481,0.015687467098989424,0.9931199145816877,0.9925480386063313,0.9935662188817155,0.9938417953563661,0.9899464265928001,0.9109992792434276,1.0625054209183455,1.093741854454038,1.0104348152966258,0.8528202654174818,1.1654898833440446,1.307851027282131,1.0393792681717138,0.8635050289866877,1.2582105078967798,1.5055636373255064,1.0132535033537133,0.9109765491390116,1.1687950058643053,1.1957545341028428,1.0845002117950813,0.9578598718326902,1.2719228219892746,1.5055636373255064,0.9956819725153683,1.0359991838467104,1.0004145411056586
short_stream,848,ercb_beta_0p005,softmax,token,0.005,32,6000.0,6000.0,6000.0,6000.0,32.0,32.0,32.0,32.0,32.0,32.0,32.0,32.0,39.0,39.0,39.0,39.0,39.0,39.0,39.0,39.0,153.84615384615384,153.84615384615384,153.84615384615384,153.84615384615384,41.840899354813935,41.51912414862225,42.16839966510105,42.388640508766734,1.75,1.0,2.0,2.0,178.03125,176.0,181.0,181.0,0.9311271496505256,0.9301218765438994,0.9321122620496322,0.9330361509521867,0.9351061283115225,0.9351061283115225,0.9351061283115225,0.9351061283115225,0.003978978660996883,0.0029938662618903154,0.0049842517676230436,0.00566438819830406,4.320119112525577,3.693527240731366,5.099012443965218,5.509897853769556,0.028080774231416257,0.02400792706475388,0.03314358088577391,0.03581433604950211,1.0026101431950325,0.9798467129391984,1.030039982077,1.0376984126984128,0.0,0.0,0.0,0.0,0.0,0.0,0.0,0.0,0.0,-0.0,0.0,-0.0,0.0,0.0,0.0,0.0,1.0,1.0,1.0,1.0,0.327735768799997,0.327735768799997,0.327735768799997,0.327735768799997,0.0,0.0,0.0,0.0,0.9982397819200675,0.9975487755010459,0.9987907404354043,0.9990683367735401,0.0017602180799325515,0.0012092595645957294,0.002451224498954102,0.002841395919626872,0.0,0.0,0.0,0.0,0.015020536039308708,0.01426882773164319,0.01596569429311343,0.016059381730205748,0.993011102501044,0.9924078342156295,0.9935917414365802,0.993738487774456,0.9835796035081985,0.91025199914618,1.083260192675794,1.1551189320465554,1.039078783721103,0.8514302318769106,1.297433407121166,1.3062398257609378,1.0516942871020694,0.820097984198934,1.3397187725120314,1.4186504370704622,1.0247842247771235,0.8934546629810622,1.202592311224553,1.2208115810683158,1.1018179457010304,0.9433932758216375,1.3397187725120314,1.4186504370704622,1.0064299822261917,1.0697589874020552,1.0003049297826696
short_stream,848,ercb_beta_0p0055,softmax,token,0.0055,32,6000.0,6000.0,6000.0,6000.0,32.0,32.0,32.0,32.0,32.0,32.0,32.0,32.0,39.0,39.0,39.0,39.0,39.0,39.0,39.0,39.0,153.84615384615384,153.84615384615384,153.84615384615384,153.84615384615384,41.68568675282543,41.44240700845214,42.010949856296655,42.1137278681274,1.8125,1.0,2.0,2.0,177.96875,176.0,183.0,183.0,0.9316028475906982,0.9306066477186937,0.9323459400529096,0.9326760247233761,0.9351061283115225,0.9351061283115225,0.9351061283115225,0.9351061283115225,0.00350328072082429,0.0027601882586129,0.0044994805928287975,0.004815733513334308,4.222363546626983,3.7305762712736716,4.842910667407879,4.9923017660270625,0.02744536305307539,0.024248745763278866,0.03147891933815121,0.03244996147917591,1.0009921664734982,0.978997623997624,1.0306692614770459,1.035294117647059,0.0,0.0,0.0,0.0,0.0,0.0,0.0,0.0,0.0,-0.0,0.0,-0.0,0.0,0.0,0.0,0.0,1.0,1.0,1.0,1.0,0.327735768799997,0.327735768799997,0.327735768799997,0.327735768799997,0.0,0.0,0.0,0.0,0.9978604667122403,0.9972036600044092,0.9986175811325272,0.998876917033625,0.0021395332877597118,0.0013824188674728002,0.0027963399955907987,0.0029900087412250915,0.0,0.0,0.0,0.0,0.014846217941588594,0.014212948177165377,0.015640908560384803,0.015681349940408467,0.9931715917127506,0.9927022815717774,0.9937898773498821,0.9939377548403961,0.9870959962455597,0.9025404644753261,1.0871802297565498,1.1028357367218082,1.01991116585017,0.8806146467016855,1.2043683093180835,1.3040236523832855,1.0507623710822787,0.8422015156274437,1.3017670133132386,1.4194552153746023,1.0192565110593361,0.9112626393010623,1.1545375482086562,1.205067058014681,1.1032317237009464,0.9679826792481584,1.3282136184087645,1.4194552153746023,0.994750042207338,1.047997174217628,1.0004665978136138
short_stream,848,ercb_beta_0p006,softmax,token,0.006,32,6000.0,6000.0,6000.0,6000.0,32.0,32.0,32.0,32.0,32.0,32.0,32.0,32.0,39.0,39.0,39.0,39.0,39.0,39.0,39.0,39.0,153.84615384615384,153.84615384615384,153.84615384615384,153.84615384615384,41.6395912980854,41.32897261677933,41.87918408077385,41.971014700036626,1.8125,1.0,2.0,2.0,178.03125,176.0,181.0,181.0,0.9317439740878127,0.931011280671294,0.9326909149415221,0.932919220856964,0.9351061283115225,0.9351061283115225,0.9351061283115225,0.9351061283115225,0.0033621542237097964,0.002415213370000402,0.004094847640228477,0.004376748271913811,4.173146441650314,3.549915006440025,4.819830830098628,5.163977794943222,0.02712545187072704,0.023074447541860162,0.03132890039564108,0.033565855667130946,0.9970695969427137,0.9777261113949923,1.0204146639200429,1.0217391304347827,0.0,0.0,0.0,0.0,0.0,0.0,0.0,0.0,0.0,-0.0,0.0,-0.0,0.0,0.0,0.0,0.0,1.0,1.0,1.0,1.0,0.327735768799997,0.327735768799997,0.327735768799997,0.327735768799997,0.0,0.0,0.0,0.0,0.9976269593827167,0.9969427227767049,0.9983023339969515,0.9984083538102396,0.0023730406172833224,0.00169766600304848,0.0030572772232950796,0.003365436878419843,0.0,0.0,0.0,0.0,0.014925099223808799,0.01420318012673592,0.015899659203759936,0.01609685654340118,0.9931496643134532,0.9926254856237762,0.9937796669978968,0.9938019433943436,0.9892682239582531,0.9218116139155162,1.0636473239316449,1.1193139340896854,1.0034930793515864,0.86833689680348,1.1438966292206232,1.1953905058706016,1.0109881853907001,0.848421516083647,1.2259499107197347,1.3266474154859549,1.0012498295668464,0.915404494408604,1.0962088187705825,1.1676318245722963,1.0736735475661956,0.9809581383728981,1.2259499107197347,1.3266474154859549,1.0000353720554274,1.06533439871691,1.0004445093540193
short_stream,848,ercb_beta_0p0065,softmax,token,0.0065,32,6000.0,6000.0,6000.0,6000.0,32.0,32.0,32.0,32.0,32.0,32.0,32.0,32.0,39.0,39.0,39.0,39.0,39.0,39.0,39.0,39.0,153.84615384615384,153.84615384615384,153.84615384615384,153.84615384615384,41.503202968994074,41.236052060543834,41.81466299463593,41.823523292421406,1.8125,1.0,2.0,2.0,177.71875,176.0,179.45,181.0,0.9321600911018684,0.9312090791802317,0.9329729697004224,0.9331908454600187,0.9351061283115225,0.9351061283115225,0.9351061283115225,0.9351061283115225,0.0029460372096541433,0.0021331586111000833,0.0038970491312908806,0.003924197710649446,3.9629073824635763,3.3934304886639652,4.433242526840137,4.551697344721935,0.025758897986013246,0.022057298176315774,0.02881607642446089,0.029586032740692582,1.0009504901600232,0.9770226754327115,1.0195273109243697,1.037924151696607,0.0,0.0,0.0,0.0,0.0,0.0,0.0,0.0,0.0,-0.0,0.0,-0.0,0.0,0.0,0.0,0.0,1.0,1.0,1.0,1.0,0.327735768799997,0.327735768799997,0.327735768799997,0.327735768799997,0.0,0.0,0.0,0.0,0.9971983476540174,0.996372466409868,0.99797876454018,0.9982133972912766,0.002801652345982539,0.0020212354598200507,0.003627533590132078,0.003838023833851716,0.0,0.0,0.0,0.0,0.014769859189133441,0.013987844161672898,0.015508652224663463,0.015680056741849916,0.9931503535390211,0.9926243959569218,0.9935867097802933,0.9936159094266707,0.9833059370554453,0.9075707461250917,1.1060852191842268,1.1199321086086276,0.9974120696803637,0.8343231178021664,1.180402151557282,1.3017525468770634,0.9831528042085185,0.7790350954796753,1.0960537868424163,1.4771112596736615,0.9879569369814425,0.8803690090958293,1.1093824716361373,1.2326789075213935,1.0563757452398732,0.9473749592579884,1.180402151557282,1.4771112596736615,0.98963373093355,1.0391355236572892,1.0004452036420606
short_stream,848,ercb_beta_0p007,softmax,token,0.007,32,6000.0,6000.0,6000.0,6000.0,32.0,32.0,32.0,32.0,32.0,32.0,32.0,32.0,39.0,39.0,39.0,39.0,39.0,39.0,39.0,39.0,153.84615384615384,153.84615384615384,153.84615384615384,153.84615384615384,41.468355022039546,41.185309525814986,41.73321136644458,41.79776614171946,1.8125,1.0,2.0,2.0,177.5625,176.0,180.0,180.0,0.9322661554393528,0.9314584659483228,0.9331267964333269,0.9333871171732184,0.9351061283115225,0.9351061283115225,0.9351061283115225,0.9351061283115225,0.002839972872169836,0.001979331878195667,0.003647662363199722,0.003845284943077565,3.8859290387477454,3.3358964504620237,4.5626299361529306,4.925079720817751,0.02525853875186035,0.021683326928003156,0.029657094584994048,0.03201301818531538,1.0012181502329567,0.981015444015444,1.0236329388560157,1.0357142857142858,0.0,0.0,0.0,0.0,0.0,0.0,0.0,0.0,0.0,-0.0,0.0,-0.0,0.0,0.0,0.0,0.0,1.0,1.0,1.0,1.0,0.327735768799997,0.327735768799997,0.327735768799997,0.327735768799997,0.0,0.0,0.0,0.0,0.9967972482533125,0.9960390915791709,0.9976167726903927,0.9978316838043874,0.0032027517466875297,0.0023832273096072217,0.003960908420829056,0.004173985406401221,0.0,0.0,0.0,0.0,0.014996374389924561,0.014182348171318927,0.01581468693516568,0.01614409582318494,0.9930646956866764,0.9922409097178455,0.9935772585502317,0.9938966633602427,0.9993592353320377,0.9325738116342839,1.0898722082506576,1.1207415714123696,1.04558411450648,0.8642457492048479,1.286981283424125,1.301415817771118,1.0411307432871093,0.8448516433491966,1.3170776649233062,1.339345386089628,1.028691364375209,0.9001166779712823,1.1968998758731921,1.217319763710216,1.0982752647175036,0.9547058906302557,1.3170776649233062,1.339345386089628,1.00481106474571,1.059640950856778,1.0003589166189255
short_stream,864,ercb_beta_0,softmax,token,0.0,32,6000.0,6000.0,6000.0,6000.0,32.0,32.0,32.0,32.0,32.0,32.0,32.0,32.0,38.0,38.0,38.0,38.0,38.0,38.0,38.0,38.0,157.89473684210526,157.89473684210526,157.89473684210526,157.89473684210526,36.94161723380651,36.173164439064486,37.724129228626396,37.98738673884448,21.15625,17.0,24.0,25.0,179.21875,177.0,181.9,185.0,0.9480950370838177,0.9459985311899886,0.9501314525386455,0.9508695226349736,0.9572549501780707,0.9572549501780707,0.9572549501780707,0.9572549501780707,0.009159913094252996,0.007123497639425264,0.0112564189880822,0.011969937293835997,6.148218221357567,5.298899542787817,7.284438970853249,7.646808759902807,0.038938715401931265,0.03355969710432284,0.046134780148737245,0.04842978881271778,1.0024779701175197,0.974262831313827,1.0336445556357248,1.0440881763527052,0.0,0.0,0.0,0.0,0.0,0.0,0.0,0.0,0.0,-0.0,0.0,-0.0,0.0,0.0,0.0,0.0,1.0,1.0,1.0,1.0,0.450511043654336,0.450511043654336,0.450511043654336,0.450511043654336,0.0,0.0,0.0,0.0,1.0,1.0,1.0,1.0,0.0,0.0,0.0,0.0,0.0,0.0,0.0,0.0,0.01480773181516112,0.01411521944242626,0.01555999001165187,0.015937182664319736,0.9927988699024058,0.9920616515938206,0.9934008243880078,0.9935882037120052,1.0071107054737132,0.9295269938799812,1.1144044085794496,1.139849213725882,1.0082306911605314,0.8700066051427526,1.1603332586565427,1.1814245333659585,1.0097673011678996,0.8318422966611696,1.2505161889760656,1.4022531082184746,1.0083695659340481,0.9139312806535792,1.1009298127471419,1.1911163056580942,1.0772293775303834,0.9730640118914962,1.2505161889760656,1.4022531082184746,1.0,1.0508017166896917,1.0
short_stream,864,ercb_beta_0p0035,softmax,token,0.0035,32,6000.0,6000.0,6000.0,6000.0,32.0,32.0,32.0,32.0,32.0,32.0,32.0,32.0,38.0,38.0,38.0,38.0,38.0,38.0,38.0,38.0,157.89473684210526,157.89473684210526,157.89473684210526,157.89473684210526,35.467295238608116,34.965009873900996,35.95461437431618,36.090375939536344,24.09375,22.0,26.0,26.0,178.71875,177.0,180.45,181.0,0.9519636683675355,0.9507029683589437,0.9532543866863933,0.9534322501636725,0.9572549501780707,0.9572549501780707,0.9572549501780707,0.9572549501780707,0.005291281810535158,0.004000563491677428,0.006551981819126939,0.006906235556385587,4.951120779058936,4.098921946853171,5.667299859283189,5.880386668274549,0.03135709826737326,0.02595983899673675,0.035892899108793536,0.03724244889907215,0.9992476380384204,0.9723549333935426,1.021519840960474,1.04,0.0,0.0,0.0,0.0,0.0,0.0,0.0,0.0,0.0,-0.0,0.0,-0.0,0.0,0.0,0.0,0.0,1.0,1.0,1.0,1.0,0.450511043654336,0.450511043654336,0.450511043654336,0.450511043654336,0.0,0.0,0.0,0.0,0.9992006154203545,0.9985916685308361,0.9996244273697665,0.9997355243436572,0.0007993845796454159,0.00037557263023351817,0.0014083314691638962,0.0014647979933826339,0.0,0.0,0.0,0.0,0.014700832076993272,0.014076525109618692,0.015473462311934819,0.015563496516613417,0.993033046338696,0.992318880754917,0.9935255065153319,0.9936841631960351,1.0131116803219713,0.9407597450080942,1.0795943723017039,1.086314969788663,1.01220673428055,0.910651795706794,1.1961835445112505,1.2159504952672544,0.9790975488985894,0.8117537360595722,1.188959887233874,1.2964142356057904,1.0014719878337035,0.9289028594931733,1.1329125903423558,1.1714740097160927,1.0660656712453676,0.9853449726147818,1.2083492150632045,1.2964142356057904,0.992780816163999,1.0449583032083334,1.0002358750028726
short_stream,864,ercb_beta_0p004,softmax,token,0.004,32,6000.0,6000.0,6000.0,6000.0,32.0,32.0,32.0,32.0,32.0,32.0,32.0,32.0,38.0,38.0,38.0,38.0,38.0,38.0,38.0,38.0,157.89473684210526,157.89473684210526,157.89473684210526,157.89473684210526,35.14981031472691,34.66954815932949,35.72083187302372,35.9178811015556,24.6875,23.0,26.0,26.0,178.25,176.0,181.0,181.0,0.9527781866529546,0.9513108077491285,0.9540048659959733,0.9550932149753523,0.9572549501780707,0.9572549501780707,0.9572549501780707,0.9572549501780707,0.004476763525116133,0.0032500841820973293,0.005944142428942267,0.006456046681623917,4.671310777304884,4.010907709756113,5.260568899913071,5.8444755741505245,0.02958496825626427,0.02540241549512205,0.03331693636611612,0.03701501196961999,0.9978499872894242,0.9674166041565548,1.0223746340175361,1.0357852882703777,0.0,0.0,0.0,0.0,0.0,0.0,0.0,0.0,0.0,-0.0,0.0,-0.0,0.0,0.0,0.0,0.0,1.0,1.0,1.0,1.0,0.450511043654336,0.450511043654336,0.450511043654336,0.450511043654336,0.0,0.0,0.0,0.0,0.9988971004346916,0.9983867078991524,0.9994062835926436,0.9996208530899371,0.0011028995653085231,0.0005937164073563987,0.0016132921008476814,0.0016862123741014103,0.0,0.0,0.0,0.0,0.014716283466752456,0.014216714191972698,0.015286950000630031,0.015653459930530928,0.9931216624030144,0.992516996946872,0.993635343863459,0.9938005121250082,1.0130181049645015,0.932612435092442,1.0946845802353864,1.1750736044186747,1.0287874848491383,0.917673615813141,1.1621594214468542,1.3201658263427485,1.023939482771253,0.8447755366769669,1.36977662522059,1.5039861046987695,1.0219150241949642,0.9352706058281379,1.188196227933298,1.2771316614144594,1.0987555612044826,0.9728320441836582,1.36977662522059,1.5039861046987695,0.9938242838572324,1.0323627002062703,1.0003251338316292
short_stream,864,ercb_beta_0p0045,softmax,token,0.0045,32,6000.0,6000.0,6000.0,6000.0,32.0,32.0,32.0,32.0,32.0,32.0,32.0,32.0,38.0,38.0,38.0,38.0,38.0,38.0,38.0,38.0,157.89473684210526,157.89473684210526,157.89473684210526,157.89473684210526,35.061442509398546,34.619993391259804,35.45287641612098,35.9024918308965,24.71875,22.55,26.0,26.0,177.9375,175.55,180.45,182.0,0.9530050651382993,0.9520038291107458,0.9541302483085701,0.9546389513057764,0.9572549501780707,0.9572549501780707,0.9572549501780707,0.9572549501780707,0.004249885039771476,0.0031247018695006066,0.00525112106732496,0.00641596683624146,4.5362813113972615,3.669955570014904,5.3142936630029425,5.404676337745811,0.028729781638849327,0.023243051943427726,0.03365719319901864,0.03422961680572347,1.0005813687636618,0.9666008344511224,1.0267304347826087,1.0297029702970297,0.0,0.0,0.0,0.0,0.0,0.0,0.0,0.0,0.0,-0.0,0.0,-0.0,0.0,0.0,0.0,0.0,1.0,1.0,1.0,1.0,0.450511043654336,0.450511043654336,0.450511043654336,0.450511043654336,0.0,0.0,0.0,0.0,0.9986320817059992,0.9979751796999007,0.9991849017856236,0.9996635844885314,0.0013679182940008635,0.000815098214376475,0.0020248203000993643,0.0021008115543802723,0.0,0.0,0.0,0.0,0.014819761366699415,0.014285547115094189,0.01532008346242933,0.015592222616457657,0.9931109371490661,0.9927088789025972,0.993739445087361,0.9937601167375305,1.000723236788299,0.9287287663564349,1.0792950440530353,1.0943036270891393,1.0301278082041148,0.9181413501467129,1.13500323945995,1.199171791372036,1.0264786335955407,0.8701448152508047,1.2796374876208871,1.4748589552636522,1.0191098928626514,0.93358473857388,1.1290999775669137,1.1893676429492623,1.0830441839603893,0.9920190289960341,1.2796374876208871,1.4748589552636522,1.000812383131222,1.0346002786695279,1.000314330783526
short_stream,864,ercb_beta_0p005,softmax,token,0.005,32,6000.0,6000.0,6000.0,6000.0,32.0,32.0,32.0,32.0,32.0,32.0,32.0,32.0,38.0,38.0,38.0,38.0,38.0,38.0,38.0,38.0,157.89473684210526,157.89473684210526,157.89473684210526,157.89473684210526,34.92424253322947,34.63442283593859,35.362877606157134,35.52892777922343,25.09375,23.0,26.0,26.0,178.09375,176.0,180.45,183.0,0.9533563999167343,0.9522355865670558,0.9540937386482959,0.9546447231323463,0.9572549501780707,0.9572549501780707,0.9572549501780707,0.9572549501780707,0.0038985502613364392,0.0031612115297747377,0.0050193636110149095,0.005447298236785025,4.508258436140135,3.7774353374200915,5.460908636178081,5.920526292395581,0.028552303428887524,0.023923757136993913,0.034585754695794516,0.03749666651850535,0.9960329778092953,0.9660468468079907,1.0224096200980393,1.041501976284585,0.0,0.0,0.0,0.0,0.0,0.0,0.0,0.0,0.0,-0.0,0.0,-0.0,0.0,0.0,0.0,0.0,1.0,1.0,1.0,1.0,0.450511043654336,0.450511043654336,0.450511043654336,0.450511043654336,0.0,0.0,0.0,0.0,0.9983007507281226,0.9977440228746729,0.9990976883184783,0.9991765938222096,0.0016992492718773612,0.0009023116815216655,0.0022559771253271065,0.0023175578402276527,0.0,0.0,0.0,0.0,0.014666644345918713,0.013929876944081874,0.015528831937857696,0.01580929856408675,0.9930537671016719,0.9925737373179188,0.9936207807269427,0.9937824808772635,1.0051027391256717,0.9275608946798138,1.0838455405333582,1.160864717868148,1.0225487997164855,0.8896384084444457,1.1654025914607298,1.3509774781692945,1.0455072600768256,0.8556377252011753,1.2871706496652078,1.315058977212807,1.0243862663063275,0.9282910185042494,1.128899101527364,1.2497161517818756,1.1011759426567245,0.981748516473832,1.2871706496652078,1.3509774781692945,0.9904720404850963,1.0486975406968315,1.0002567460610539
short_stream,864,ercb_beta_0p0055,softmax,token,0.0055,32,6000.0,6000.0,6000.0,6000.0,32.0,32.0,32.0,32.0,32.0,32.0,32.0,32.0,38.0,38.0,38.0,38.0,38.0,38.0,38.0,38.0,157.89473684210526,157.89473684210526,157.89473684210526,157.89473684210526,34.744533270429514,34.4218156212638,35.12702026130983,35.31645618634926,25.40625,24.55,26.0,26.0,177.90625,176.0,180.45,181.0,0.9538134831073164,0.9528402124399921,0.954630030609699,0.9548852779607385,0.9572549501780707,0.9572549501780707,0.9572549501780707,0.9572549501780707,0.003441467070754354,0.002624919568371753,0.004414737738078711,0.004899998598970945,4.3998317165318195,3.4998489393562964,5.1516198867094225,5.610141193457284,0.027865600871368183,0.022165709949256544,0.03262692594915968,0.03553089422522946,0.9980584278410214,0.9817382732276351,1.0200027793006823,1.0278884462151394,0.0,0.0,0.0,0.0,0.0,0.0,0.0,0.0,0.0,-0.0,0.0,-0.0,0.0,0.0,0.0,0.0,1.0,1.0,1.0,1.0,0.450511043654336,0.450511043654336,0.450511043654336,0.450511043654336,0.0,0.0,0.0,0.0,0.9978342983894515,0.9972747710722072,0.9984073027243688,0.9985887868899078,0.0021657016105485166,0.0015926972756311678,0.0027252289277927976,0.0034316958008360236,0.0,0.0,0.0,0.0,0.014849387694595501,0.014238205825129545,0.015680982558115352,0.016067479960932555,0.9931172441575089,0.9924361804167753,0.9937290841544372,0.9940053516010686,0.9999364153849277,0.9327393422607642,1.080771963549508,1.1178983914881533,1.027249229384121,0.9144635499808452,1.2205335277020317,1.2404189986055059,1.008279658893502,0.820741596518267,1.2214728628268097,1.3284907019160868,1.011821767887517,0.9281106007539952,1.1207644329049065,1.1517048738415576,1.0772542964543952,0.9836436938678865,1.240219214015002,1.3284907019160868,1.0028131168199395,1.058972620105136,1.0003206835389875
short_stream,864,ercb_beta_0p006,softmax,token,0.006,32,6000.0,6000.0,6000.0,6000.0,32.0,32.0,32.0,32.0,32.0,32.0,32.0,32.0,38.0,38.0,38.0,38.0,38.0,38.0,38.0,38.0,157.89473684210526,157.89473684210526,157.89473684210526,157.89473684210526,34.70593661821508,34.42114476745709,35.08090843187888,35.148399285019636,25.03125,24.0,26.0,26.0,177.90625,176.0,180.0,180.0,0.9539115162324543,0.952958573810776,0.9546318330038824,0.9547678720611051,0.9572549501780707,0.9572549501780707,0.9572549501780707,0.9572549501780707,0.003343433945616394,0.002623117174188305,0.004296376367294724,0.004468988145320929,4.32369239781742,3.8377566917693717,4.967250055249796,5.010515258722872,0.027383385186176994,0.02430579238120602,0.031459250349915376,0.03173326330524486,0.994195866025986,0.9768585265695092,1.014367240295458,1.023715415019763,0.0,0.0,0.0,0.0,0.0,0.0,0.0,0.0,0.0,-0.0,0.0,-0.0,0.0,0.0,0.0,0.0,1.0,1.0,1.0,1.0,0.450511043654336,0.450511043654336,0.450511043654336,0.450511043654336,0.0,0.0,0.0,0.0,0.9975624250573214,0.997011270422306,0.998124596048092,0.9983967693231102,0.0024375749426786076,0.0018754039519079289,0.0029887295776940236,0.003245678174650699,0.0,0.0,0.0,0.0,0.014863484020686737,0.014294632726132862,0.01550011236016464,0.015611312785601756,0.9930179829811691,0.9925408356947931,0.9935986092555917,0.9937173631528533,0.9986263753838384,0.9258500732536121,1.0763603277046885,1.1160610080226743,1.0693680681229898,0.9275270190566259,1.227851676148459,1.2316074811009854,1.0496167174227882,0.8839594694262112,1.2794830402386819,1.4209390655049066,1.039203720309872,0.9637585270843131,1.1563457383099152,1.220945070465232,1.1107242404827684,0.9810688698518624,1.2990091986691197,1.4209390655049066,1.0037650739641661,1.0467580419233833,1.0002207023853529
short_stream,864,ercb_beta_0p0065,softmax,token,0.0065,32,6000.0,6000.0,6000.0,6000.0,32.0,32.0,32.0,32.0,32.0,32.0,32.0,32.0,38.0,38.0,38.0,38.0,38.0,38.0,38.0,38.0,157.89473684210526,157.89473684210526,157.89473684210526,157.89473684210526,34.57171232606121,34.26870127742021,34.98226200169409,35.0576889033852,25.375,24.0,26.0,26.0,177.96875,176.0,180.0,180.0,0.9542506553769904,0.9532103703832465,0.9550147485670698,0.9553262890403376,0.9572549501780707,0.9572549501780707,0.9572549501780707,0.9572549501780707,0.0030042948010802935,0.0022402016110008916,0.004044579794824199,0.00423703894766525,4.20034374184514,3.5555135599713044,4.944438717061495,5.600751829230749,0.026602177031685888,0.02251825254648493,0.031314778541389476,0.035471428251794744,0.9987557732620431,0.9671754343629344,1.0298478055966986,1.048,0.0,0.0,0.0,0.0,0.0,0.0,0.0,0.0,0.0,-0.0,0.0,-0.0,0.0,0.0,0.0,0.0,1.0,1.0,1.0,1.0,0.450511043654336,0.450511043654336,0.450511043654336,0.450511043654336,0.0,0.0,0.0,0.0,0.9973099447950773,0.9965197905982898,0.9981932375337844,0.9984509330369714,0.002690055204922637,0.0018067624662155425,0.0034802094017102295,0.0036472377887309284,0.0,0.0,0.0,0.0,0.01480133613151434,0.014363119581962928,0.015381786043219946,0.01597373503588316,0.9932512530919735,0.992777407431342,0.9936560918863516,0.9937245585835132,1.008252372681553,0.9260844709928625,1.1001862455687996,1.120014977588372,1.0289242061168618,0.9340469968006103,1.2279913529552844,1.3138505237427414,1.0467701920574106,0.8558700224343506,1.346561298763049,1.774641433034091,1.0279822569519417,0.9105326019078596,1.1938227874847431,1.3428900825553889,1.100010460177116,0.9615911825121095,1.346561298763049,1.774641433034091,0.9995680848541414,1.0387671950859532,1.0004556644888325
short_stream,864,ercb_beta_0p007,softmax,token,0.007,32,6000.0,6000.0,6000.0,6000.0,32.0,32.0,32.0,32.0,32.0,32.0,32.0,32.0,38.0,38.0,38.0,38.0,38.0,38.0,38.0,38.0,157.89473684210526,157.89473684210526,157.89473684210526,157.89473684210526,34.44239447477663,34.0292989553951,34.92366000790041,35.07119786473781,25.5,24.0,26.0,26.0,177.65625,175.0,180.0,181.0,0.9545763840142147,0.9533597187595141,0.9556132676197572,0.9557580653502763,0.9572549501780707,0.9572549501780707,0.9572549501780707,0.9572549501780707,0.002678566163856047,0.001641682558313501,0.0038952314185565938,0.004271550937111401,3.955519627623159,3.180490227110149,4.653520736385485,4.8666426339228765,0.025051624308280007,0.020143104771697614,0.029472297997108075,0.030822070014844886,0.9986601643506585,0.9789570778502029,1.0146964539283003,1.0276679841897234,0.0,0.0,0.0,0.0,0.0,0.0,0.0,0.0,0.0,-0.0,0.0,-0.0,0.0,0.0,0.0,0.0,1.0,1.0,1.0,1.0,0.450511043654336,0.450511043654336,0.450511043654336,0.450511043654336,0.0,0.0,0.0,0.0,0.996830975341877,0.9961078696531642,0.9976799131507269,0.9981087543846372,0.00316902465812296,0.0023200868492731304,0.0038921303468357495,0.003920537360969341,0.0,0.0,0.0,0.0,0.014807810112114232,0.014157002768746749,0.015296826707871063,0.015625065505695365,0.9931170450587121,0.9925852303206589,0.993544080475188,0.9939161649613055,0.9974345229452516,0.9199170583014279,1.0846981089343644,1.0942440088525294,1.0552710812189061,0.9632762599384623,1.2002499433214133,1.3376503384403684,1.0536737432064354,0.8926596977467758,1.4114595291246828,1.4667868793715393,1.0354597824568643,0.9520888998923227,1.2009094589587141,1.220399488465867,1.1127785956735516,1.002771897341856,1.4114595291246828,1.4667868793715393,1.0000052875723364,1.0330296968377815,1.000320482996055
short_stream,880,ercb_beta_0,softmax,token,0.0,32,6000.0,6000.0,6000.0,6000.0,32.0,32.0,32.0,32.0,32.0,32.0,32.0,32.0,38.0,38.0,38.0,38.0,38.0,38.0,38.0,38.0,157.89473684210526,157.89473684210526,157.89473684210526,157.89473684210526,37.813415634894525,37.17009863290361,38.43056088207992,38.51642812433499,18.5,15.55,21.9,23.0,180.15625,177.0,182.0,183.0,0.945753195521966,0.9440726060597464,0.9474914026017616,0.9483623047480075,0.9550296690578134,0.9550296690578134,0.9550296690578134,0.9550296690578134,0.009276473535847408,0.007538266456051873,0.010957062998067018,0.011193084504580009,5.976596171417986,5.219643685715597,6.693469650766813,7.0710678118654755,0.03785177575231392,0.033057743342865445,0.042391974454856485,0.04478342947514801,1.0079954215625169,0.9767879604672057,1.0434076623765338,1.0589390962671905,0.0,0.0,0.0,0.0,0.0,0.0,0.0,0.0,0.0,-0.0,0.0,-0.0,0.0,0.0,0.0,0.0,1.0,1.0,1.0,1.0,0.450511043654336,0.450511043654336,0.450511043654336,0.450511043654336,0.0,0.0,0.0,0.0,1.0,1.0,1.0,1.0,0.0,0.0,0.0,0.0,0.0,0.0,0.0,0.0,0.01469782313498636,0.013832630480319333,0.015355257988589716,0.015396061290047286,0.9928779906647598,0.9922892284689455,0.993491281761735,0.9936417931137669,1.0052206882175707,0.920221295745788,1.0904962271302916,1.1497198819152523,1.007217336619797,0.8839645292829593,1.1127670493826407,1.2123014761913729,0.9823792841456646,0.82714606416151,1.1196259202606555,1.1521634975036683,0.9982724363276775,0.9136925931690646,1.0743645899350607,1.171394951870098,1.0446613604111485,0.9753909859351926,1.1232378996756998,1.2123014761913729,1.0,1.0447300833303956,1.0
short_stream,880,ercb_beta_0p0035,softmax,token,0.0035,32,6000.0,6000.0,6000.0,6000.0,32.0,32.0,32.0,32.0,32.0,32.0,32.0,32.0,38.0,38.0,38.0,38.0,38.0,38.0,38.0,38.0,157.89473684210526,157.89473684210526,157.89473684210526,157.89473684210526,36.17051791545789,35.60147664719442,36.70846701716369,36.909412202597785,21.5,18.55,23.0,23.0,178.5,176.55,181.45,183.0,0.9501356295864225,0.9487214004305496,0.9516200883658134,0.9517923519042827,0.9550296690578134,0.9550296690578134,0.9550296690578134,0.9550296690578134,0.004894039471390825,0.003409580691999997,0.006308268627263713,0.006842013871100505,4.645698642952754,3.9343237107661007,5.391752923042408,6.0524027416694945,0.02942275807203411,0.024917383501518637,0.034147768512601914,0.038331884030573464,1.0027817750103114,0.972114697668377,1.02860685982723,1.0374753451676528,0.0,0.0,0.0,0.0,0.0,0.0,0.0,0.0,0.0,-0.0,0.0,-0.0,0.0,0.0,0.0,0.0,1.0,1.0,1.0,1.0,0.450511043654336,0.450511043654336,0.450511043654336,0.450511043654336,0.0,0.0,0.0,0.0,0.999150669162246,0.9986504949602867,0.9996585574160608,0.9997153715947132,0.0008493308377539614,0.00034144258393911827,0.0013495050397132672,0.0016418947445559543,0.0,0.0,0.0,0.0,0.014511063527033359,0.013751263459552963,0.015311929615519653,0.015449692667208734,0.9932336322774624,0.9925923300509919,0.993765441052428,0.9938158725852864,0.9989481598612953,0.9118203834450265,1.0903031470473936,1.1021541505749897,1.0310030020628167,0.8724959951171365,1.2006544434921547,1.390529143988423,1.0111537911333808,0.8345979145641123,1.275506086918612,1.4288410367434443,1.013701651019164,0.8956542317887278,1.1702248327153206,1.2791415410833913,1.0828437338586034,0.935173965613465,1.275506086918612,1.4288410367434443,0.9872933830923273,1.0417821384087476,1.000358192664201
short_stream,880,ercb_beta_0p004,softmax,token,0.004,32,6000.0,6000.0,6000.0,6000.0,32.0,32.0,32.0,32.0,32.0,32.0,32.0,32.0,38.0,38.0,38.0,38.0,38.0,38.0,38.0,38.0,157.89473684210526,157.89473684210526,157.89473684210526,157.89473684210526,36.0286451914995,35.581033762868365,36.7150236538008,37.13403140097561,21.75,20.0,23.0,23.0,178.59375,177.0,181.0,182.0,0.9505055966881133,0.9487040155985703,0.951673028555968,0.9521290663845543,0.9550296690578134,0.9550296690578134,0.9550296690578134,0.9550296690578134,0.004524072369700066,0.0033566405018453484,0.006325653459243036,0.007441407528506971,4.463062410161507,3.8446079175612753,5.028556373614531,5.596051239372653,0.028266061931022882,0.024349183477888076,0.0318475236995587,0.03544165784936014,0.9968661399430994,0.9695556762629005,1.0244813726337627,1.0334645669291338,0.0,0.0,0.0,0.0,0.0,0.0,0.0,0.0,0.0,-0.0,0.0,-0.0,0.0,0.0,0.0,0.0,1.0,1.0,1.0,1.0,0.450511043654336,0.450511043654336,0.450511043654336,0.450511043654336,0.0,0.0,0.0,0.0,0.9989347463871694,0.9984835272451885,0.9996444948836246,0.9999293834158969,0.0010652536128305807,0.00035550511637545907,0.0015164727548114027,0.0016053332740670857,0.0,0.0,0.0,0.0,0.014460593533690717,0.013717774270163139,0.015172561266327031,0.0153925593395347,0.9932416473506651,0.9926748003494607,0.993776407023922,0.9938060454511449,1.011656010274054,0.9062464626252797,1.1044554244371794,1.1539834999574035,0.9946317926916142,0.8826114843059581,1.183166890705382,1.2754710876002058,0.9752598328889632,0.8493775842218803,1.1767380193625259,1.2957676496071964,0.9938492119515437,0.9099039555577224,1.1140589930134883,1.17654431877982,1.0550577535878383,0.9404527447990528,1.1969589027990308,1.2957676496071964,0.9838595417078502,1.0322998941394672,1.0003662652302947
short_stream,880,ercb_beta_0p0045,softmax,token,0.0045,32,6000.0,6000.0,6000.0,6000.0,32.0,32.0,32.0,32.0,32.0,32.0,32.0,32.0,38.0,38.0,38.0,38.0,38.0,38.0,38.0,38.0,157.89473684210526,157.89473684210526,157.89473684210526,157.89473684210526,35.885977863687174,35.5602707068572,36.29251446531042,36.34468720581651,21.84375,20.0,23.0,23.0,178.46875,176.55,181.45,183.0,0.9508805493118996,0.949818955466127,0.9517266685982894,0.9521348079009839,0.9550296690578134,0.9550296690578134,0.9550296690578134,0.9550296690578134,0.004149119745913858,0.003303000459524036,0.005210713591686395,0.005347823028253762,4.351037323778811,3.802047452753285,5.053229322862312,5.14525842018905,0.027556569717265802,0.024079633867437472,0.03200378571146131,0.032586636661197314,0.9997420619831595,0.9743523631638785,1.0287355795641824,1.037924151696607,0.0,0.0,0.0,0.0,0.0,0.0,0.0,0.0,0.0,-0.0,0.0,-0.0,0.0,0.0,0.0,0.0,1.0,1.0,1.0,1.0,0.450511043654336,0.450511043654336,0.450511043654336,0.450511043654336,0.0,0.0,0.0,0.0,0.9985473835327505,0.9981979441909595,0.9989447763030694,0.9992262635815216,0.0014526164672495092,0.001055223696930607,0.0018020558090405068,0.0020176801736218795,0.0,0.0,0.0,0.0,0.014645933841643064,0.013998404124953276,0.01536371185423468,0.01598683034364356,0.9931816180873321,0.9926903440699167,0.9937504247382491,0.9938528620086401,0.981139623157588,0.9240891055916733,1.049877944231153,1.08174388248913,1.0395779858074305,0.9218882441635579,1.2269808946752234,1.2669594002875313,1.0411711496015053,0.8440889149587816,1.2864836778933275,1.3059651678467652,1.0206295861888413,0.923132614212591,1.1607733867636671,1.1854124390609808,1.0878997635324574,0.9687144099354497,1.2864836778933275,1.3059651678467652,0.9964695932950929,1.0453052614072662,1.0003058053712812
short_stream,880,ercb_beta_0p005,softmax,token,0.005,32,6000.0,6000.0,6000.0,6000.0,32.0,32.0,32.0,32.0,32.0,32.0,32.0,32.0,38.0,38.0,38.0,38.0,38.0,38.0,38.0,38.0,157.89473684210526,157.89473684210526,157.89473684210526,157.89473684210526,35.709318521384446,35.292005929169015,36.126403163493315,36.19304198445666,22.09375,20.55,23.0,23.0,178.25,176.0,181.0,182.0,0.9513387077690424,0.950254445018573,0.9524177595928933,0.9531080376553923,0.9550296690578134,0.9550296690578134,0.9550296690578134,0.9550296690578134,0.0036909612887710344,0.002611909464920098,0.004775224039240372,0.0049497198300858525,4.152267881338686,3.4778963276348485,4.647289212218955,4.735087394291572,0.026297696581811678,0.022026676741687373,0.02943283167738672,0.02998888683051329,1.0045989237303248,0.9748785069628784,1.033561200741588,1.038,0.0,0.0,0.0,0.0,0.0,0.0,0.0,0.0,0.0,-0.0,0.0,-0.0,0.0,0.0,0.0,0.0,1.0,1.0,1.0,1.0,0.450511043654336,0.450511043654336,0.450511043654336,0.450511043654336,0.0,0.0,0.0,0.0,0.9982141588908926,0.9975288011224452,0.9987869659934564,0.9994743712517474,0.0017858411091073733,0.0012130340065435669,0.0024711988775548066,0.00284517643356362,0.0,0.0,0.0,0.0,0.014562419649179873,0.013892980644668651,0.015411989465812917,0.015547470342629582,0.993346909005642,0.9928408546922861,0.9938103985943872,0.9939976518289372,1.0112046792272344,0.932609855475993,1.122091307861927,1.12949689162018,1.0261341492137412,0.8705496288281085,1.20897607030162,1.3175030643464454,0.9909000674581905,0.8196487878210392,1.2298123752044532,1.3172226943189183,1.0094129652997221,0.8898840274977404,1.1701388263716437,1.2271988182192322,1.0755318456365042,0.9659956602517971,1.2404563612844641,1.3175030643464454,0.9907875142758947,1.0485899390860522,1.0004722819372482
short_stream,880,ercb_beta_0p0055,softmax,token,0.0055,32,6000.0,6000.0,6000.0,6000.0,32.0,32.0,32.0,32.0,32.0,32.0,32.0,32.0,38.0,38.0,38.0,38.0,38.0,38.0,38.0,38.0,157.89473684210526,157.89473684210526,157.89473684210526,157.89473684210526,35.65088586803367,35.32542420971489,36.032198549963695,36.13337098327471,22.125,21.0,23.0,23.0,178.53125,176.0,181.0,182.0,0.9514908635290766,0.9505007094324667,0.9523318843784904,0.9525483791383861,0.9550296690578134,0.9550296690578134,0.9550296690578134,0.9550296690578134,0.003538805528736838,0.002697784679323012,0.004528959625346684,0.004793435050949091,4.145666230585684,3.571014857232164,4.835618088437534,5.191085476184401,0.026255886127042667,0.022616427429137036,0.03062558122677105,0.03287687468250121,0.9971333511579112,0.9741786487972971,1.02349420367815,1.0337301587301586,0.0,0.0,0.0,0.0,0.0,0.0,0.0,0.0,0.0,-0.0,0.0,-0.0,0.0,0.0,0.0,0.0,1.0,1.0,1.0,1.0,0.450511043654336,0.450511043654336,0.450511043654336,0.450511043654336,0.0,0.0,0.0,0.0,0.9980287889511581,0.9974327088855961,0.9988899036976231,0.9989522318310112,0.001971211048841838,0.0011100963023768812,0.0025672911144038807,0.0025859411136133965,0.0,0.0,0.0,0.0,0.014566642685785227,0.013796444359438014,0.015378785002564163,0.01561025309896355,0.9931877969064998,0.9926265965129208,0.9936285145740448,0.9938337902497936,1.001019295392637,0.9133663217817932,1.083937321200321,1.2570770095347235,1.0370445612702799,0.8925748168041334,1.1991552599603432,1.2223225211296862,1.0399274335150235,0.8328299096903113,1.2571494406508044,1.2835231835701262,1.0259970967259804,0.9190039918381481,1.1499169687205002,1.1633083662995634,1.1037894693186912,0.9814508273602843,1.260859449855069,1.2835231835701262,0.9910748382262898,1.0463307975149638,1.0003120285117133
short_stream,880,ercb_beta_0p006,softmax,token,0.006,32,6000.0,6000.0,6000.0,6000.0,32.0,32.0,32.0,32.0,32.0,32.0,32.0,32.0,38.0,38.0,38.0,38.0,38.0,38.0,38.0,38.0,157.89473684210526,157.89473684210526,157.89473684210526,157.89473684210526,35.47919724870161,35.17068546527157,35.71903476823412,35.88929577529402,22.53125,21.55,23.0,23.0,177.75,176.0,180.0,181.0,0.9519348287305163,0.9513157153588817,0.9527288634719693,0.9533574123168057,0.9550296690578134,0.9550296690578134,0.9550296690578134,0.9550296690578134,0.0030948403272971006,0.0023008055858441344,0.003713953698931671,0.004156328873261561,3.921300429706482,3.1237796245479017,4.420934058266728,4.639646084506197,0.024834902721474386,0.01978393762213671,0.02799924903568928,0.02938442520187258,0.9987045902008539,0.9760142001214136,1.0250721384444188,1.0316831683168315,0.0,0.0,0.0,0.0,0.0,0.0,0.0,0.0,0.0,-0.0,0.0,-0.0,0.0,0.0,0.0,0.0,1.0,1.0,1.0,1.0,0.450511043654336,0.450511043654336,0.450511043654336,0.450511043654336,0.0,0.0,0.0,0.0,0.9976529623732525,0.9968818809941052,0.9984839698661747,0.9985743086127615,0.002347037626747461,0.0015160301338252447,0.0031181190058947677,0.0036218157651110427,0.0,0.0,0.0,0.0,0.014643004044106336,0.013841160227924169,0.015354516832237116,0.015561330941292941,0.9931119133945433,0.9924877855834596,0.9936719822370135,0.9940346412522894,1.0143600631468275,0.9291154804709488,1.081154157178687,1.094136152704993,1.0320627076073072,0.8399743594216661,1.181164546806888,1.5148090457040178,1.0044457312993083,0.7936163953565037,1.2133959477950735,1.5625478480434933,1.0169561673511476,0.8752395801038605,1.1450520243590099,1.3904976821508346,1.086144554560797,0.9478738329473579,1.2279428442516662,1.5625478480434933,0.9962702578214094,1.0446796570634722,1.0002356006800261
short_stream,880,ercb_beta_0p0065,softmax,token,0.0065,32,6000.0,6000.0,6000.0,6000.0,32.0,32.0,32.0,32.0,32.0,32.0,32.0,32.0,38.0,38.0,38.0,38.0,38.0,38.0,38.0,38.0,157.89473684210526,157.89473684210526,157.89473684210526,157.89473684210526,35.431277204158405,35.128252384595854,35.75522801015448,36.06849439730806,22.25,21.0,23.0,23.0,178.0,176.0,181.0,182.0,0.9520578246447977,0.9512217434815659,0.9528375182993656,0.9536337950863489,0.9550296690578134,0.9550296690578134,0.9550296690578134,0.9550296690578134,0.0029718444130156507,0.002192150758447764,0.003807925576247495,0.004623750690078476,3.951421305024383,3.3339979789679104,4.500493635767508,4.679181214924815,0.025025668265154427,0.021115320533463433,0.02850312635986088,0.029634814361190493,0.9974736697205163,0.9726914858943252,1.020637649296785,1.0216535433070866,0.0,0.0,0.0,0.0,0.0,0.0,0.0,0.0,0.0,-0.0,0.0,-0.0,0.0,0.0,0.0,0.0,1.0,1.0,1.0,1.0,0.450511043654336,0.450511043654336,0.450511043654336,0.450511043654336,0.0,0.0,0.0,0.0,0.9972432645964143,0.9965295497169097,0.9985507782412205,0.99911974743327,0.002756735403585627,0.0014492217587795172,0.003470450283090269,0.0036163970588613185,0.0,0.0,0.0,0.0,0.01463389785578953,0.014089216827845991,0.015390782593870061,0.01577074595276058,0.9932174187633865,0.9927044251136082,0.9939133894321797,0.9939745915965282,1.012089885851053,0.940939587001733,1.0977102011657813,1.1509034802261884,1.0486277943338773,0.9096758579332903,1.2933132127621063,1.4178156241265967,1.0214172748513222,0.8528773453812624,1.272807444223543,1.399226106958008,1.0273783183454175,0.9250500923172015,1.2127293748212544,1.2529974665389412,1.095076293101754,0.9689157731702542,1.3600994194909084,1.4178156241265967,0.9956506974801824,1.047147081069046,1.0003418628490288
short_stream,880,ercb_beta_0p007,softmax,token,0.007,32,6000.0,6000.0,6000.0,6000.0,32.0,32.0,32.0,32.0,32.0,32.0,32.0,32.0,38.0,38.0,38.0,38.0,38.0,38.0,38.0,38.0,157.89473684210526,157.89473684210526,157.89473684210526,157.89473684210526,35.26789839986652,35.00731263480061,35.52451583322539,35.55632261022401,22.5,21.0,23.0,23.0,177.5625,175.0,180.45,181.0,0.9524787424492343,0.9518190339465329,0.9531464949396193,0.9534744715685566,0.9550296690578134,0.9550296690578134,0.9550296690578134,0.9550296690578134,0.0025509266085792445,0.0018831741181940197,0.003210635111280552,0.0032927756645065864,3.798931398275987,3.290676401026705,4.26759845632633,4.656630812756772,0.02405989885574792,0.020840950539835798,0.02702812355673342,0.029491995147459555,0.9962825681969463,0.9749518304431599,1.0177289034532564,1.025540275049116,0.0,0.0,0.0,0.0,0.0,0.0,0.0,0.0,0.0,-0.0,0.0,-0.0,0.0,0.0,0.0,0.0,1.0,1.0,1.0,1.0,0.450511043654336,0.450511043654336,0.450511043654336,0.450511043654336,0.0,0.0,0.0,0.0,0.9967295120849086,0.9961653125143693,0.9976285825045242,0.9980047853370154,0.0032704879150914313,0.002371417495475771,0.003834687485630693,0.0041134504464134455,0.0,0.0,0.0,0.0,0.01455105111839425,0.013903476734495632,0.01534755831706433,0.0157141410413419,0.9931444676173408,0.9922019401471698,0.9936578928857311,0.9942233850914117,1.0039618513872028,0.935828167388695,1.071620284851751,1.0970342720649648,1.044621404284716,0.9123145193107642,1.30238276583365,1.374118290655759,1.0352984384143968,0.88288375566815,1.3836889053507255,1.462562237612133,1.0279605646954384,0.9305901153797217,1.209133330065707,1.302482847595308,1.0951168415500923,0.9800527901943271,1.3836889053507255,1.462562237612133,0.9900140302925039,1.0442062185747327,1.000268388417395
short_stream,896,ercb_beta_0,softmax,token,0.0,32,6000.0,6000.0,6000.0,6000.0,32.0,32.0,32.0,32.0,32.0,32.0,32.0,32.0,38.0,38.0,38.0,38.0,38.0,38.0,38.0,38.0,157.89473684210526,157.89473684210526,157.89473684210526,157.89473684210526,38.38560325417392,37.87259700376232,39.1959901971797,39.487366049944725,16.34375,12.1,19.0,19.0,180.4375,178.0,183.45,185.0,0.9441917025444024,0.9419533207517442,0.9455972233057258,0.9461119843374315,0.9531444765807107,0.9531444765807107,0.9531444765807107,0.9531444765807107,0.008952774036308241,0.0075472532749848945,0.011191155828966421,0.012006389663471229,5.925736569522828,5.354039189792216,6.656533608947013,7.159829459891963,0.03752966494031125,0.03390891486868404,0.04215804618999775,0.04534558657931577,0.9997837519586029,0.9728037849663346,1.026099783994521,1.035225048923679,0.0,0.0,0.0,0.0,0.0,0.0,0.0,0.0,0.0,-0.0,0.0,-0.0,0.0,0.0,0.0,0.0,1.0,1.0,1.0,1.0,0.450511043654336,0.450511043654336,0.450511043654336,0.450511043654336,0.0,0.0,0.0,0.0,1.0,1.0,1.0,1.0,0.0,0.0,0.0,0.0,0.0,0.0,0.0,0.0,0.01441802977970355,0.013665080373006231,0.015196590283207707,0.015230275265878212,0.9930027237033843,0.9924376264497987,0.9934555249137019,0.9935756667064138,0.9903863342993018,0.9260611030576733,1.0571378085252525,1.0594109282051507,0.9913310658040474,0.8524069589588349,1.1407832395400634,1.217052762915765,1.0072210335967386,0.8390431456215273,1.2673818379080726,1.3707819125287446,0.9963128112333626,0.8930257859138372,1.1245557671076511,1.1574903964173988,1.0767529685800028,0.9590738162230085,1.2673818379080726,1.3707819125287446,1.0,1.053999091096354,1.0
short_stream,896,ercb_beta_0p0035,softmax,token,0.0035,32,6000.0,6000.0,6000.0,6000.0,32.0,32.0,32.0,32.0,32.0,32.0,32.0,32.0,38.0,38.0,38.0,38.0,38.0,38.0,38.0,38.0,157.89473684210526,157.89473684210526,157.89473684210526,157.89473684210526,36.89548890471359,36.48176016287871,37.347090776630836,37.497220580284846,18.65625,17.0,20.0,20.0,178.96875,177.0,181.45,183.0,0.948222608824427,0.9470167756768534,0.9493208064626528,0.9497694381923819,0.9531444765807107,0.9531444765807107,0.9531444765807107,0.9531444765807107,0.004921867756283591,0.003823670118057826,0.006127700903857336,0.006531452721118991,4.607296092402537,4.017464259565056,5.223393161975518,5.628872935705317,0.029179541918549403,0.025443940310578686,0.033081490025844956,0.03564952859280034,0.9995220896457947,0.973640039116664,1.023426062628118,1.029527559055118,0.0,0.0,0.0,0.0,0.0,0.0,0.0,0.0,0.0,-0.0,0.0,-0.0,0.0,0.0,0.0,0.0,1.0,1.0,1.0,1.0,0.450511043654336,0.450511043654336,0.450511043654336,0.450511043654336,0.0,0.0,0.0,0.0,0.9991803087017512,0.9988162010625852,0.9994919531522584,0.9996431241820192,0.0008196912982487612,0.0005080468477416631,0.0011837989374147886,0.0013942761945725266,0.0,0.0,0.0,0.0,0.014351901807126243,0.013720711059977561,0.014912420750674156,0.015241419358060336,0.9932141543334538,0.9925702111782959,0.9936929630411329,0.9938067806278037,1.0006777636100206,0.9343949761145991,1.0816214418878556,1.1325472184224055,0.971657440455441,0.8385485744376387,1.0791016000341302,1.1587520475522444,0.9604175849266798,0.8087286779810138,1.0995546814137684,1.2335156987588063,0.9775842629973804,0.8946673660420945,1.059023736778553,1.1162809001632985,1.0398249138333848,0.9647590948775576,1.1158188130054916,1.2335156987588063,0.9954135222642974,1.0342897731884675,1.0002129204935923
short_stream,896,ercb_beta_0p004,softmax,token,0.004,32,6000.0,6000.0,6000.0,6000.0,32.0,32.0,32.0,32.0,32.0,32.0,32.0,32.0,38.0,38.0,38.0,38.0,38.0,38.0,38.0,38.0,157.89473684210526,157.89473684210526,157.89473684210526,157.89473684210526,36.64585314524896,36.25003146705137,36.92762381484188,36.94504416141145,19.125,17.55,20.0,20.0,178.5625,177.0,180.0,181.0,0.9488858244119601,0.9481391637179477,0.9499304818377291,0.9501714267615783,0.9531444765807107,0.9531444765807107,0.9531444765807107,0.9531444765807107,0.0042586521687505395,0.0032139947429815742,0.005005312862762928,0.005051712656440999,4.314966745115189,3.6069814748414237,4.910012966702562,5.047146145152359,0.02732812271906286,0.022844216007329016,0.031096748789116228,0.03196525891929827,0.9982592607025023,0.9767486056599876,1.0229157240672035,1.0313111545988256,0.0,0.0,0.0,0.0,0.0,0.0,0.0,0.0,0.0,-0.0,0.0,-0.0,0.0,0.0,0.0,0.0,1.0,1.0,1.0,1.0,0.450511043654336,0.450511043654336,0.450511043654336,0.450511043654336,0.0,0.0,0.0,0.0,0.9989244423377661,0.9984248726908755,0.9994516761317939,0.999765184602041,0.0010755576622339049,0.0005483238682061118,0.0015751273091244656,0.0017338175046734345,0.0,0.0,0.0,0.0,0.01453636824898481,0.013816295980261439,0.015338296549055861,0.015703640364690002,0.9931561864106581,0.9926681676327468,0.9936743912661837,0.9937851516647294,0.9996332245904576,0.9118767795328034,1.083678809886582,1.1102146862889786,1.034188002148202,0.9034166501779448,1.2476565150735248,1.4230494390514499,1.0251979944471357,0.8521727907939693,1.3152282093824086,1.3464386152555223,1.0196730737285984,0.906616182744456,1.1724829722268497,1.239968606836089,1.0815587400031816,0.9674592293565741,1.322896843229054,1.4230494390514499,1.008207672691025,1.0638274981681466,1.0001545440950066
short_stream,896,ercb_beta_0p0045,softmax,token,0.0045,32,6000.0,6000.0,6000.0,6000.0,32.0,32.0,32.0,32.0,32.0,32.0,32.0,32.0,38.0,38.0,38.0,38.0,38.0,38.0,38.0,38.0,157.89473684210526,157.89473684210526,157.89473684210526,157.89473684210526,36.47240950467652,36.08078607434215,36.96224201226112,37.1042553054613,19.15625,18.0,20.0,20.0,178.875,177.0,181.0,181.0,0.9493434119546198,0.9480469382923902,0.9503737881290811,0.9505661254988096,0.9531444765807107,0.9531444765807107,0.9531444765807107,0.9531444765807107,0.003801064626090766,0.0027706884516295106,0.005097538288320547,0.00547659247670218,4.240009460394484,3.4626704806100213,5.215095790937378,5.448321808255804,0.026853393249165067,0.021930246377196802,0.03302894000927006,0.034506038118953426,1.0047003586176486,0.9790366543265123,1.0310997442455243,1.036,0.0,0.0,0.0,0.0,0.0,0.0,0.0,0.0,0.0,-0.0,0.0,-0.0,0.0,0.0,0.0,0.0,1.0,1.0,1.0,1.0,0.450511043654336,0.450511043654336,0.450511043654336,0.450511043654336,0.0,0.0,0.0,0.0,0.9985560949086876,0.9980276000946394,0.9991125652656446,0.9995307937647692,0.0014439050913123911,0.000887434734355369,0.0019723999053606616,0.0020528834793791828,0.0,0.0,0.0,0.0,0.014430258446064723,0.013489494243428827,0.015217942079575691,0.015485796648098366,0.9933179993460439,0.9926447103237437,0.9937352627885512,0.9939793897460054,1.0131987086885585,0.9437751918528555,1.108222585063002,1.176045562531689,0.9870386043007342,0.8221110115703434,1.1176785909374531,1.251935845443192,0.9975920905189785,0.7869611507227733,1.2171093103887825,1.2925031761928358,0.9992764678360905,0.8789128476467772,1.1254492593165275,1.1634275440906598,1.0658670024417967,0.9911499038617819,1.2171093103887825,1.2925031761928358,1.0008481509989935,1.0554800005336504,1.0003174972587021
short_stream,896,ercb_beta_0p005,softmax,token,0.005,32,6000.0,6000.0,6000.0,6000.0,32.0,32.0,32.0,32.0,32.0,32.0,32.0,32.0,38.0,38.0,38.0,38.0,38.0,38.0,38.0,38.0,157.89473684210526,157.89473684210526,157.89473684210526,157.89473684210526,36.411030302564534,36.03560911717908,36.75551343097279,36.957863256818506,19.0625,18.0,20.0,20.0,178.0625,176.0,180.0,180.0,0.949505824870073,0.9485966647513648,0.9504918330592312,0.9507702771041101,0.9531444765807107,0.9531444765807107,0.9531444765807107,0.9531444765807107,0.003638651710637743,0.002652643521479453,0.004547811829345838,0.005085868861659626,4.057725991021447,3.265829869245585,4.853061614445738,5.03670736221905,0.02569893127646916,0.020683589171888703,0.030736056891489675,0.03189914662738732,0.9976767777546544,0.9713794045342803,1.0194997791687608,1.0296442687747036,0.0,0.0,0.0,0.0,0.0,0.0,0.0,0.0,0.0,-0.0,0.0,-0.0,0.0,0.0,0.0,0.0,1.0,1.0,1.0,1.0,0.450511043654336,0.450511043654336,0.450511043654336,0.450511043654336,0.0,0.0,0.0,0.0,0.9982365324177347,0.9976887411117652,0.9987947884850226,0.999086695517443,0.0017634675822653682,0.0012052115149774093,0.0023112588882347965,0.002481796646197057,0.0,0.0,0.0,0.0,0.01456369343477133,0.0135604639161611,0.015166783094186953,0.015302179112108318,0.9932333276197196,0.9925986819745322,0.9937786601125901,0.9938548757874129,1.0150350844824478,0.9399028210607208,1.0728482088884184,1.1934829847835742,1.0360767126313268,0.8717437353331737,1.1877959035926635,1.3050734197629674,1.0550213785980715,0.8665267611557698,1.265756544673479,1.4022399535522871,1.0353777252372822,0.9046831928066111,1.1850402369424453,1.2207300156209178,1.097332520053378,0.9830638035887467,1.265756544673479,1.4022399535522871,1.0101028821061828,1.051931735883736,1.0002322288860148
short_stream,896,ercb_beta_0p0055,softmax,token,0.0055,32,6000.0,6000.0,6000.0,6000.0,32.0,32.0,32.0,32.0,32.0,32.0,32.0,32.0,38.0,38.0,38.0,38.0,38.0,38.0,38.0,38.0,157.89473684210526,157.89473684210526,157.89473684210526,157.89473684210526,36.27834686230996,35.99169322358495,36.5992412686117,36.671220232653845,19.21875,17.55,20.0,20.0,178.28125,176.55,180.0,180.0,0.949855157662095,0.9490105908010021,0.9506064725685527,0.9506386178982014,0.9531444765807107,0.9531444765807107,0.9531444765807107,0.9531444765807107,0.0032893189186156933,0.002538004012158013,0.004133885779708491,0.004324360750859402,3.9226233603785747,3.3575113906221055,4.624759626088244,4.839530207734936,0.024843281282397635,0.021264238807273336,0.029290144298558883,0.030650357982321262,0.9978293041259669,0.9762404580152672,1.0223439625207797,1.035928143712575,0.0,0.0,0.0,0.0,0.0,0.0,0.0,0.0,0.0,-0.0,0.0,-0.0,0.0,0.0,0.0,0.0,1.0,1.0,1.0,1.0,0.450511043654336,0.450511043654336,0.450511043654336,0.450511043654336,0.0,0.0,0.0,0.0,0.9979987188263519,0.9974626104808645,0.9986843276244406,0.9987399239272714,0.0020012811736481264,0.0013156723755594559,0.0025373895191354782,0.0025992502167316535,0.0,0.0,0.0,0.0,0.014490265815060499,0.013738126781011354,0.015437483898055599,0.015639809020740317,0.9932588707329179,0.9927169400767821,0.993663258908962,0.9936870257347056,1.021040660425348,0.9583540188824812,1.0981778393117172,1.1526581997042755,1.0231606015648116,0.8695605315008923,1.1694040280063844,1.2713837786304203,1.0582633699831065,0.8430589168094044,1.313922222061071,1.356697852482735,1.034154877324422,0.9043112772931984,1.1890363553554795,1.2013601481485532,1.1060901322609946,0.9765053702433419,1.313922222061071,1.356697852482735,1.0050101183352136,1.0707068950424243,1.000257951990885
short_stream,896,ercb_beta_0p006,softmax,token,0.006,32,6000.0,6000.0,6000.0,6000.0,32.0,32.0,32.0,32.0,32.0,32.0,32.0,32.0,38.0,38.0,38.0,38.0,38.0,38.0,38.0,38.0,157.89473684210526,157.89473684210526,157.89473684210526,157.89473684210526,36.21510225628618,35.790684597638446,36.59223334094598,36.64465888681116,19.46875,19.0,20.0,20.0,177.8125,176.0,179.45,181.0,0.9500205076985359,0.9490291271985523,0.9511297589827954,0.9511635636716815,0.9531444765807107,0.9531444765807107,0.9531444765807107,0.9531444765807107,0.0031239688821748067,0.002014717597915233,0.004115349382158379,0.004254035260200961,4.0255217129435925,3.344671400924842,4.74449706444946,4.817730411281797,0.025494970848642752,0.021182918872524003,0.030048481408179915,0.030512292604784715,1.0047286119004004,0.9798884011212778,1.0273983054796223,1.0376237623762374,0.0,0.0,0.0,0.0,0.0,0.0,0.0,0.0,0.0,-0.0,0.0,-0.0,0.0,0.0,0.0,0.0,1.0,1.0,1.0,1.0,0.450511043654336,0.450511043654336,0.450511043654336,0.450511043654336,0.0,0.0,0.0,0.0,0.9977723885727781,0.9971810382677688,0.9986628265661488,0.9987848639940236,0.002227611427221941,0.0013371734338512185,0.0028189617322311664,0.002873427195703861,0.0,0.0,0.0,0.0,0.014448472500072931,0.013702652710961088,0.015172449805070187,0.015334252654102251,0.9932769825516325,0.9925421689590515,0.9937617920020931,0.9938548367034292,1.0012617534633736,0.9330771913416759,1.0927371638438634,1.0947041804363553,1.014714752821294,0.8813086238383954,1.216507360067019,1.276717560530381,1.0625524839934357,0.8543425002366983,1.2706680917349709,1.4487997446428733,1.0261763300927011,0.9022232658040009,1.1537834070633604,1.2357365326073084,1.0927748113478777,0.9616028657927459,1.2895140229883346,1.4487997446428733,1.0021114341442292,1.0523247653731886,1.000276191436037
short_stream,896,ercb_beta_0p0065,softmax,token,0.0065,32,6000.0,6000.0,6000.0,6000.0,32.0,32.0,32.0,32.0,32.0,32.0,32.0,32.0,38.0,38.0,38.0,38.0,38.0,38.0,38.0,38.0,157.89473684210526,157.89473684210526,157.89473684210526,157.89473684210526,36.06294473640068,35.72452067111813,36.389655876701504,36.52741542406644,19.5,18.55,20.0,20.0,177.9375,176.55,180.0,181.0,0.9504192572959472,0.9495635291443566,0.9513014831301186,0.9513985452904821,0.9531444765807107,0.9531444765807107,0.9531444765807107,0.9531444765807107,0.002725219284763398,0.0018429934505919843,0.003580947436354043,0.003944098798960294,3.6943201889698605,3.134435632438388,4.265623184833662,4.576829516275719,0.023397361196809116,0.01985142567210979,0.027015613503946524,0.02898658693641289,1.0006319837131785,0.9789781646393632,1.0239890947323183,1.0334645669291338,0.0,0.0,0.0,0.0,0.0,0.0,0.0,0.0,0.0,-0.0,0.0,-0.0,0.0,0.0,0.0,0.0,1.0,1.0,1.0,1.0,0.450511043654336,0.450511043654336,0.450511043654336,0.450511043654336,0.0,0.0,0.0,0.0,0.9973834630891071,0.996705108896342,0.9981494935093803,0.9983627759226107,0.002616536910892887,0.0018505064906196255,0.0032948911036580343,0.003559212037452018,0.0,0.0,0.0,0.0,0.014636034367586407,0.014026247858079759,0.015551511617544797,0.01574538068862993,0.9932310888211843,0.9925724804035908,0.9937155355015549,0.9938060454511436,0.9998938473147115,0.9220287350505392,1.0833738281972767,1.0893919877910763,1.059029978672557,0.8836552606121625,1.3329639380196747,1.4217426412324325,1.0784569170190514,0.8460807998873711,1.3928187624918655,1.5424339812364565,1.0457935810021066,0.9101991869777485,1.2344053017937555,1.3040606944177489,1.1222791985826257,0.9435456011616089,1.4053754790713988,1.5424339812364565,1.0151202758777587,1.078615584456405,1.0002299743115994
short_stream,896,ercb_beta_0p007,softmax,token,0.007,32,6000.0,6000.0,6000.0,6000.0,32.0,32.0,32.0,32.0,32.0,32.0,32.0,32.0,38.0,38.0,38.0,38.0,38.0,38.0,38.0,38.0,157.89473684210526,157.89473684210526,157.89473684210526,157.89473684210526,35.980030307333195,35.624015754542604,36.33114438208594,36.371467615559524,19.46875,18.55,20.0,20.0,177.8125,176.0,180.45,182.0,0.950635408425615,0.949717452384098,0.9515618590100492,0.9516183485974679,0.9531444765807107,0.9531444765807107,0.9531444765807107,0.9531444765807107,0.0025090681550956166,0.0015826175706615097,0.003427024196612677,0.003533073393751529,3.663403741557858,3.082630944002887,4.235983798638531,4.483889289210287,0.023201557029866437,0.019523329312018285,0.026827897391377364,0.02839796549833182,1.0001512554573435,0.9740112245431395,1.0193544866297652,1.039292730844794,0.0,0.0,0.0,0.0,0.0,0.0,0.0,0.0,0.0,-0.0,0.0,-0.0,0.0,0.0,0.0,0.0,1.0,1.0,1.0,1.0,0.450511043654336,0.450511043654336,0.450511043654336,0.450511043654336,0.0,0.0,0.0,0.0,0.9969179348304075,0.9959340167818833,0.9975364091317563,0.9975950807977417,0.0030820651695925255,0.0024635908682437194,0.004065983218116754,0.0042089398663742224,0.0,0.0,0.0,0.0,0.014449755866851863,0.013876880275141392,0.015043321129647368,0.01555343829545996,0.9932638614554756,0.9929174894616392,0.9937263899247408,0.9940094536578694,1.005538575104043,0.9481111095734691,1.0704124552290912,1.1131908158457664,1.0110210241534805,0.8930813178109154,1.1871071495761574,1.2643048901435052,1.005334478118097,0.8618644909080002,1.1618647306188536,1.3835491060375391,1.0072980257918736,0.9228676748670547,1.103781839796359,1.218962944175569,1.06652080340577,0.9601829623965186,1.2291909620635515,1.3835491060375391,1.0022004453890763,1.0433687098374598,1.0002629778809844
