pattern,algorithm,seed,steps,final_views,quota_rmse,quota_max_abs,max_under_service,max_over_service,zero_rate_quota_ge_1,under_two_rate_quota_ge_2,all_view_two_update_fraction,count_min,count_max
static_256,uniform_iid,0,12000,256,7.274742263475731,20.125,18.875,20.125,0.0,0.0,1.0,28.0,67.0
static_256,uniform_iid,1,12000,256,6.399462868085102,17.875,17.875,14.125,0.0,0.0,1.0,29.0,61.0
static_256,uniform_iid,2,12000,256,7.223550892739664,30.125,22.875,30.125,0.0,0.0,1.0,24.0,77.0
static_256,uniform_iid,3,12000,256,7.095883489742486,19.125,18.875,19.125,0.0,0.0,1.0,28.0,66.0
static_256,uniform_iid,4,12000,256,6.794988962463441,22.125,16.875,22.125,0.0,0.0,1.0,30.0,69.0
static_256,uniform_iid,5,12000,256,7.169815199849993,27.125,19.875,27.125,0.0,0.0,1.0,27.0,74.0
static_256,uniform_iid,6,12000,256,6.7592529172978875,19.125,13.875,19.125,0.0,0.0,1.0,33.0,66.0
static_256,uniform_iid,7,12000,256,6.951843280742166,22.125,18.875,22.125,0.0,0.0,1.0,28.0,69.0
static_256,uniform_iid,8,12000,256,6.673759247980107,19.125,17.875,19.125,0.0,0.0,1.0,29.0,66.0
static_256,uniform_iid,9,12000,256,7.118966743847031,20.875,20.875,17.125,0.0,0.0,1.0,26.0,64.0
static_256,uniform_iid,10,12000,256,6.479535091347218,19.125,18.875,19.125,0.0,0.0,1.0,28.0,66.0
static_256,uniform_iid,11,12000,256,6.327642728536434,18.875,18.875,18.125,0.0,0.0,1.0,28.0,65.0
static_256,uniform_iid,12,12000,256,6.964755020817315,28.125,17.875,28.125,0.0,0.0,1.0,29.0,75.0
static_256,uniform_iid,13,12000,256,6.89089072616886,21.125,14.875,21.125,0.0,0.0,1.0,32.0,68.0
static_256,uniform_iid,14,12000,256,6.869884460454921,25.125,14.875,25.125,0.0,0.0,1.0,32.0,72.0
static_256,uniform_iid,15,12000,256,7.0517063537841675,24.125,21.875,24.125,0.0,0.0,1.0,25.0,71.0
static_256,uniform_iid,16,12000,256,7.043392293490403,22.125,17.875,22.125,0.0,0.0,1.0,29.0,69.0
static_256,uniform_iid,17,12000,256,6.659110300933602,18.125,16.875,18.125,0.0,0.0,1.0,30.0,65.0
static_256,uniform_iid,18,12000,256,6.276817465881894,19.125,14.875,19.125,0.0,0.0,1.0,32.0,66.0
static_256,uniform_iid,19,12000,256,6.871021576155907,22.125,19.875,22.125,0.0,0.0,1.0,27.0,69.0
static_256,uniform_iid,20,12000,256,7.150721117481789,24.125,22.875,24.125,0.0,0.0,1.0,24.0,71.0
static_256,uniform_iid,21,12000,256,6.955775477975119,21.125,20.875,21.125,0.0,0.0,1.0,26.0,68.0
static_256,uniform_iid,22,12000,256,6.871021576155907,18.125,15.875,18.125,0.0,0.0,1.0,31.0,65.0
static_256,uniform_iid,23,12000,256,6.099436449377926,17.875,17.875,15.125,0.0,0.0,1.0,29.0,62.0
static_256,uniform_iid,24,12000,256,6.65735026117749,21.125,17.875,21.125,0.0,0.0,1.0,29.0,68.0
static_256,uniform_iid,25,12000,256,6.964755020817315,22.125,16.875,22.125,0.0,0.0,1.0,30.0,69.0
static_256,uniform_iid,26,12000,256,7.145802963978226,24.125,19.875,24.125,0.0,0.0,1.0,27.0,71.0
static_256,uniform_iid,27,12000,256,6.678440124759673,17.875,17.875,16.125,0.0,0.0,1.0,29.0,63.0
static_256,uniform_iid,28,12000,256,6.462028512781416,23.125,17.875,23.125,0.0,0.0,1.0,29.0,70.0
static_256,uniform_iid,29,12000,256,6.73145600891813,16.125,15.875,16.125,0.0,0.0,1.0,31.0,63.0
static_256,uniform_iid,30,12000,256,6.519202405202649,18.875,18.875,17.125,0.0,0.0,1.0,28.0,64.0
static_256,uniform_iid,31,12000,256,7.637285185195064,22.125,20.875,22.125,0.0,0.0,1.0,26.0,69.0
static_256,uniform_iid,32,12000,256,6.962511220816811,24.125,17.875,24.125,0.0,0.0,1.0,29.0,71.0
static_256,uniform_iid,33,12000,256,6.283659363778403,23.125,15.875,23.125,0.0,0.0,1.0,31.0,70.0
static_256,uniform_iid,34,12000,256,6.866471983486134,18.125,16.875,18.125,0.0,0.0,1.0,30.0,65.0
static_256,uniform_iid,35,12000,256,6.852805082592091,25.125,17.875,25.125,0.0,0.0,1.0,29.0,72.0
static_256,uniform_iid,36,12000,256,6.829966141936576,23.125,19.875,23.125,0.0,0.0,1.0,27.0,70.0
static_256,uniform_iid,37,12000,256,6.990506955865218,24.125,15.875,24.125,0.0,0.0,1.0,31.0,71.0
static_256,uniform_iid,38,12000,256,6.916352904529959,21.875,21.875,21.125,0.0,0.0,1.0,25.0,68.0
static_256,uniform_iid,39,12000,256,7.44983221287567,20.125,18.875,20.125,0.0,0.0,1.0,28.0,67.0
static_256,uniform_iid,40,12000,256,6.768493185340442,21.125,16.875,21.125,0.0,0.0,1.0,30.0,68.0
static_256,uniform_iid,41,12000,256,6.944534721635424,19.875,19.875,18.125,0.0,0.0,1.0,27.0,65.0
static_256,uniform_iid,42,12000,256,6.687792049697718,20.125,16.875,20.125,0.0,0.0,1.0,30.0,67.0
static_256,uniform_iid,43,12000,256,6.817372111011691,20.875,20.875,17.125,0.0,0.0,1.0,26.0,64.0
static_256,uniform_iid,44,12000,256,6.793839120850596,19.125,16.875,19.125,0.0,0.0,1.0,30.0,66.0
static_256,uniform_iid,45,12000,256,6.481946081232087,19.125,14.875,19.125,0.0,0.0,1.0,32.0,66.0
static_256,uniform_iid,46,12000,256,6.756940875869789,27.125,15.875,27.125,0.0,0.0,1.0,31.0,74.0
static_256,uniform_iid,47,12000,256,6.9949758755838465,24.125,16.875,24.125,0.0,0.0,1.0,30.0,71.0
static_256,production_causal_shuffle,0,12000,256,0.33071891388307384,0.875,0.875,0.125,0.0,0.0,1.0,46.0,47.0
static_256,production_causal_shuffle,1,12000,256,0.33071891388307384,0.875,0.875,0.125,0.0,0.0,1.0,46.0,47.0
static_256,production_causal_shuffle,2,12000,256,0.33071891388307384,0.875,0.875,0.125,0.0,0.0,1.0,46.0,47.0
static_256,production_causal_shuffle,3,12000,256,0.33071891388307384,0.875,0.875,0.125,0.0,0.0,1.0,46.0,47.0
static_256,production_causal_shuffle,4,12000,256,0.33071891388307384,0.875,0.875,0.125,0.0,0.0,1.0,46.0,47.0
static_256,production_causal_shuffle,5,12000,256,0.33071891388307384,0.875,0.875,0.125,0.0,0.0,1.0,46.0,47.0
static_256,production_causal_shuffle,6,12000,256,0.33071891388307384,0.875,0.875,0.125,0.0,0.0,1.0,46.0,47.0
static_256,production_causal_shuffle,7,12000,256,0.33071891388307384,0.875,0.875,0.125,0.0,0.0,1.0,46.0,47.0
static_256,production_causal_shuffle,8,12000,256,0.33071891388307384,0.875,0.875,0.125,0.0,0.0,1.0,46.0,47.0
static_256,production_causal_shuffle,9,12000,256,0.33071891388307384,0.875,0.875,0.125,0.0,0.0,1.0,46.0,47.0
static_256,production_causal_shuffle,10,12000,256,0.33071891388307384,0.875,0.875,0.125,0.0,0.0,1.0,46.0,47.0
static_256,production_causal_shuffle,11,12000,256,0.33071891388307384,0.875,0.875,0.125,0.0,0.0,1.0,46.0,47.0
static_256,production_causal_shuffle,12,12000,256,0.33071891388307384,0.875,0.875,0.125,0.0,0.0,1.0,46.0,47.0
static_256,production_causal_shuffle,13,12000,256,0.33071891388307384,0.875,0.875,0.125,0.0,0.0,1.0,46.0,47.0
static_256,production_causal_shuffle,14,12000,256,0.33071891388307384,0.875,0.875,0.125,0.0,0.0,1.0,46.0,47.0
static_256,production_causal_shuffle,15,12000,256,0.33071891388307384,0.875,0.875,0.125,0.0,0.0,1.0,46.0,47.0
static_256,production_causal_shuffle,16,12000,256,0.33071891388307384,0.875,0.875,0.125,0.0,0.0,1.0,46.0,47.0
static_256,production_causal_shuffle,17,12000,256,0.33071891388307384,0.875,0.875,0.125,0.0,0.0,1.0,46.0,47.0
static_256,production_causal_shuffle,18,12000,256,0.33071891388307384,0.875,0.875,0.125,0.0,0.0,1.0,46.0,47.0
static_256,production_causal_shuffle,19,12000,256,0.33071891388307384,0.875,0.875,0.125,0.0,0.0,1.0,46.0,47.0
static_256,production_causal_shuffle,20,12000,256,0.33071891388307384,0.875,0.875,0.125,0.0,0.0,1.0,46.0,47.0
static_256,production_causal_shuffle,21,12000,256,0.33071891388307384,0.875,0.875,0.125,0.0,0.0,1.0,46.0,47.0
static_256,production_causal_shuffle,22,12000,256,0.33071891388307384,0.875,0.875,0.125,0.0,0.0,1.0,46.0,47.0
static_256,production_causal_shuffle,23,12000,256,0.33071891388307384,0.875,0.875,0.125,0.0,0.0,1.0,46.0,47.0
static_256,production_causal_shuffle,24,12000,256,0.33071891388307384,0.875,0.875,0.125,0.0,0.0,1.0,46.0,47.0
static_256,production_causal_shuffle,25,12000,256,0.33071891388307384,0.875,0.875,0.125,0.0,0.0,1.0,46.0,47.0
static_256,production_causal_shuffle,26,12000,256,0.33071891388307384,0.875,0.875,0.125,0.0,0.0,1.0,46.0,47.0
static_256,production_causal_shuffle,27,12000,256,0.33071891388307384,0.875,0.875,0.125,0.0,0.0,1.0,46.0,47.0
static_256,production_causal_shuffle,28,12000,256,0.33071891388307384,0.875,0.875,0.125,0.0,0.0,1.0,46.0,47.0
static_256,production_causal_shuffle,29,12000,256,0.33071891388307384,0.875,0.875,0.125,0.0,0.0,1.0,46.0,47.0
static_256,production_causal_shuffle,30,12000,256,0.33071891388307384,0.875,0.875,0.125,0.0,0.0,1.0,46.0,47.0
static_256,production_causal_shuffle,31,12000,256,0.33071891388307384,0.875,0.875,0.125,0.0,0.0,1.0,46.0,47.0
static_256,production_causal_shuffle,32,12000,256,0.33071891388307384,0.875,0.875,0.125,0.0,0.0,1.0,46.0,47.0
static_256,production_causal_shuffle,33,12000,256,0.33071891388307384,0.875,0.875,0.125,0.0,0.0,1.0,46.0,47.0
static_256,production_causal_shuffle,34,12000,256,0.33071891388307384,0.875,0.875,0.125,0.0,0.0,1.0,46.0,47.0
static_256,production_causal_shuffle,35,12000,256,0.33071891388307384,0.875,0.875,0.125,0.0,0.0,1.0,46.0,47.0
static_256,production_causal_shuffle,36,12000,256,0.33071891388307384,0.875,0.875,0.125,0.0,0.0,1.0,46.0,47.0
static_256,production_causal_shuffle,37,12000,256,0.33071891388307384,0.875,0.875,0.125,0.0,0.0,1.0,46.0,47.0
static_256,production_causal_shuffle,38,12000,256,0.33071891388307384,0.875,0.875,0.125,0.0,0.0,1.0,46.0,47.0
static_256,production_causal_shuffle,39,12000,256,0.33071891388307384,0.875,0.875,0.125,0.0,0.0,1.0,46.0,47.0
static_256,production_causal_shuffle,40,12000,256,0.33071891388307384,0.875,0.875,0.125,0.0,0.0,1.0,46.0,47.0
static_256,production_causal_shuffle,41,12000,256,0.33071891388307384,0.875,0.875,0.125,0.0,0.0,1.0,46.0,47.0
static_256,production_causal_shuffle,42,12000,256,0.33071891388307384,0.875,0.875,0.125,0.0,0.0,1.0,46.0,47.0
static_256,production_causal_shuffle,43,12000,256,0.33071891388307384,0.875,0.875,0.125,0.0,0.0,1.0,46.0,47.0
static_256,production_causal_shuffle,44,12000,256,0.33071891388307384,0.875,0.875,0.125,0.0,0.0,1.0,46.0,47.0
static_256,production_causal_shuffle,45,12000,256,0.33071891388307384,0.875,0.875,0.125,0.0,0.0,1.0,46.0,47.0
static_256,production_causal_shuffle,46,12000,256,0.33071891388307384,0.875,0.875,0.125,0.0,0.0,1.0,46.0,47.0
static_256,production_causal_shuffle,47,12000,256,0.33071891388307384,0.875,0.875,0.125,0.0,0.0,1.0,46.0,47.0
static_256,active_archive_D0,0,12000,256,0.414578098794425,1.125,0.875,1.125,0.0,0.0,1.0,46.0,48.0
static_256,active_archive_D0,1,12000,256,0.3423265984407288,1.125,0.875,1.125,0.0,0.0,1.0,46.0,48.0
static_256,active_archive_D0,2,12000,256,0.3535533905932738,1.125,0.875,1.125,0.0,0.0,1.0,46.0,48.0
static_256,active_archive_D0,3,12000,256,0.3644344934278313,1.125,0.875,1.125,0.0,0.0,1.0,46.0,48.0
static_256,active_archive_D0,4,12000,256,0.33071891388307384,0.875,0.875,0.125,0.0,0.0,1.0,46.0,47.0
static_256,active_archive_D0,5,12000,256,0.649519052838329,2.125,0.875,2.125,0.0,0.0,1.0,46.0,49.0
static_256,active_archive_D0,6,12000,256,0.4050462936504913,1.125,0.875,1.125,0.0,0.0,1.0,46.0,48.0
static_256,active_archive_D0,7,12000,256,0.8052561704203204,3.125,0.875,3.125,0.0,0.0,1.0,46.0,50.0
static_256,active_archive_D0,8,12000,256,0.57282196186948,2.125,0.875,2.125,0.0,0.0,1.0,46.0,49.0
static_256,active_archive_D0,9,12000,256,0.875,3.125,0.875,3.125,0.0,0.0,1.0,46.0,50.0
static_256,active_archive_D0,10,12000,256,0.33071891388307384,0.875,0.875,0.125,0.0,0.0,1.0,46.0,47.0
static_256,active_archive_D0,11,12000,256,0.414578098794425,1.125,0.875,1.125,0.0,0.0,1.0,46.0,48.0
static_256,active_archive_D0,12,12000,256,0.5448623679425842,2.125,0.875,2.125,0.0,0.0,1.0,46.0,49.0
static_256,active_archive_D0,13,12000,256,0.414578098794425,1.875,1.875,0.125,0.0,0.0,1.0,45.0,47.0
static_256,active_archive_D0,14,12000,256,0.46770717334674267,1.875,1.875,0.125,0.0,0.0,1.0,45.0,47.0
static_256,active_archive_D0,15,12000,256,0.4759858191164943,1.125,0.875,1.125,0.0,0.0,1.0,46.0,48.0
static_256,active_archive_D0,16,12000,256,0.8338540040078959,3.125,0.875,3.125,0.0,0.0,1.0,46.0,50.0
static_256,active_archive_D0,17,12000,256,0.33071891388307384,0.875,0.875,0.125,0.0,0.0,1.0,46.0,47.0
static_256,active_archive_D0,18,12000,256,0.33071891388307384,0.875,0.875,0.125,0.0,0.0,1.0,46.0,47.0
static_256,active_archive_D0,19,12000,256,0.6846531968814576,2.125,0.875,2.125,0.0,0.0,1.0,46.0,49.0
static_256,active_archive_D0,20,12000,256,0.625,2.125,0.875,2.125,0.0,0.0,1.0,46.0,49.0
static_256,active_archive_D0,21,12000,256,0.33071891388307384,0.875,0.875,0.125,0.0,0.0,1.0,46.0,47.0
static_256,active_archive_D0,22,12000,256,0.4592793267718459,1.875,1.875,0.125,0.0,0.0,1.0,45.0,47.0
static_256,active_archive_D0,23,12000,256,0.6846531968814576,2.875,2.875,1.125,0.0,0.0,1.0,44.0,48.0
static_256,active_archive_D0,24,12000,256,0.4592793267718459,1.875,1.875,0.125,0.0,0.0,1.0,45.0,47.0
static_256,active_archive_D0,25,12000,256,0.6846531968814576,2.875,2.875,1.125,0.0,0.0,1.0,44.0,48.0
static_256,active_archive_D0,26,12000,256,0.4592793267718459,1.125,0.875,1.125,0.0,0.0,1.0,46.0,48.0
static_256,active_archive_D0,27,12000,256,0.39528470752104744,1.125,0.875,1.125,0.0,0.0,1.0,46.0,48.0
static_256,active_archive_D0,28,12000,256,0.7342087577794206,2.875,2.875,1.125,0.0,0.0,1.0,44.0,48.0
static_256,active_archive_D0,29,12000,256,0.4592793267718459,1.125,0.875,1.125,0.0,0.0,1.0,46.0,48.0
static_256,active_archive_D0,30,12000,256,0.5590169943749475,2.125,0.875,2.125,0.0,0.0,1.0,46.0,49.0
static_256,active_archive_D0,31,12000,256,0.649519052838329,2.875,2.875,1.125,0.0,0.0,1.0,44.0,48.0
static_256,active_archive_D0,32,12000,256,0.649519052838329,2.875,2.875,1.125,0.0,0.0,1.0,44.0,48.0
static_256,active_archive_D0,33,12000,256,0.4419417382415922,1.125,0.875,1.125,0.0,0.0,1.0,46.0,48.0
static_256,active_archive_D0,34,12000,256,0.4841229182759271,1.125,0.875,1.125,0.0,0.0,1.0,46.0,48.0
static_256,active_archive_D0,35,12000,256,0.33071891388307384,0.875,0.875,0.125,0.0,0.0,1.0,46.0,47.0
static_256,active_archive_D0,36,12000,256,0.33071891388307384,0.875,0.875,0.125,0.0,0.0,1.0,46.0,47.0
static_256,active_archive_D0,37,12000,256,0.4759858191164943,1.875,1.875,0.125,0.0,0.0,1.0,45.0,47.0
static_256,active_archive_D0,38,12000,256,0.4419417382415922,1.875,1.875,0.125,0.0,0.0,1.0,45.0,47.0
static_256,active_archive_D0,39,12000,256,0.5153882032022076,2.125,0.875,2.125,0.0,0.0,1.0,46.0,49.0
static_256,active_archive_D0,40,12000,256,0.33071891388307384,0.875,0.875,0.125,0.0,0.0,1.0,46.0,47.0
static_256,active_archive_D0,41,12000,256,0.9921567416492215,4.125,0.875,4.125,0.0,0.0,1.0,46.0,51.0
static_256,active_archive_D0,42,12000,256,0.385275875185561,1.125,0.875,1.125,0.0,0.0,1.0,46.0,48.0
static_256,active_archive_D0,43,12000,256,1.1110243021644486,4.125,0.875,4.125,0.0,0.0,1.0,46.0,51.0
static_256,active_archive_D0,44,12000,256,0.649519052838329,2.875,2.875,1.125,0.0,0.0,1.0,44.0,48.0
static_256,active_archive_D0,45,12000,256,0.46770717334674267,1.125,0.875,1.125,0.0,0.0,1.0,46.0,48.0
static_256,active_archive_D0,46,12000,256,0.4592793267718459,1.125,0.875,1.125,0.0,0.0,1.0,46.0,48.0
static_256,active_archive_D0,47,12000,256,0.4419417382415922,1.125,0.875,1.125,0.0,0.0,1.0,46.0,48.0
static_256,exp69_active_archive_D1,0,12000,256,11.249652772419244,44.125,3.875,44.125,0.0,0.0,1.0,43.0,91.0
static_256,exp69_active_archive_D1,1,12000,256,11.721374706065838,46.125,3.875,46.125,0.0,0.0,1.0,43.0,93.0
static_256,exp69_active_archive_D1,2,12000,256,10.72016207899862,42.125,2.875,42.125,0.0,0.0,1.0,44.0,89.0
static_256,exp69_active_archive_D1,3,12000,256,10.512269616976155,41.125,2.875,41.125,0.0,0.0,1.0,44.0,88.0
static_256,exp69_active_archive_D1,4,12000,256,10.512269616976155,41.125,2.875,41.125,0.0,0.0,1.0,44.0,88.0
static_256,exp69_active_archive_D1,5,12000,256,10.528235844622783,41.125,2.875,41.125,0.0,0.0,1.0,44.0,88.0
static_256,exp69_active_archive_D1,6,12000,256,11.151303174965696,44.125,3.875,44.125,0.0,0.0,1.0,43.0,91.0
static_256,exp69_active_archive_D1,7,12000,256,10.448160723304365,41.125,2.875,41.125,0.0,0.0,1.0,44.0,88.0
static_256,exp69_active_archive_D1,8,12000,256,11.055612262556968,43.125,2.875,43.125,0.0,0.0,1.0,44.0,90.0
static_256,exp69_active_archive_D1,9,12000,256,10.68804823155285,42.125,2.875,42.125,0.0,0.0,1.0,44.0,89.0
static_256,exp69_active_archive_D1,10,12000,256,10.943748215305394,43.125,2.875,43.125,0.0,0.0,1.0,44.0,90.0
static_256,exp69_active_archive_D1,11,12000,256,10.65583760199075,42.125,2.875,42.125,0.0,0.0,1.0,44.0,89.0
static_256,exp69_active_archive_D1,12,12000,256,11.330958697303595,44.125,3.875,44.125,0.0,0.0,1.0,43.0,91.0
static_256,exp69_active_archive_D1,13,12000,256,10.879309490955757,42.125,2.875,42.125,0.0,0.0,1.0,44.0,89.0
static_256,exp69_active_archive_D1,14,12000,256,10.895454901012624,43.125,2.875,43.125,0.0,0.0,1.0,44.0,90.0
static_256,exp69_active_archive_D1,15,12000,256,11.915719659340764,46.125,3.875,46.125,0.0,0.0,1.0,43.0,93.0
static_256,exp69_active_archive_D1,16,12000,256,11.737693022907013,46.125,3.875,46.125,0.0,0.0,1.0,43.0,93.0
static_256,exp69_active_archive_D1,17,12000,256,11.510185706581801,45.125,3.875,45.125,0.0,0.0,1.0,43.0,92.0
static_256,exp69_active_archive_D1,18,12000,256,10.92767415784347,43.125,2.875,43.125,0.0,0.0,1.0,44.0,90.0
static_256,exp69_active_archive_D1,19,12000,256,11.510185706581801,45.125,3.875,45.125,0.0,0.0,1.0,43.0,92.0
static_256,exp69_active_archive_D1,20,12000,256,11.883549553900131,46.125,3.875,46.125,0.0,0.0,1.0,43.0,93.0
static_256,exp69_active_archive_D1,21,12000,256,10.991829351841304,43.125,2.875,43.125,0.0,0.0,1.0,44.0,90.0
static_256,exp69_active_archive_D1,22,12000,256,11.134827120346323,43.125,2.875,43.125,0.0,0.0,1.0,44.0,90.0
static_256,exp69_active_archive_D1,23,12000,256,11.00780972764337,43.125,2.875,43.125,0.0,0.0,1.0,44.0,90.0
static_256,exp69_active_archive_D1,24,12000,256,11.558952158392213,45.125,3.875,45.125,0.0,0.0,1.0,43.0,92.0
static_256,exp69_active_archive_D1,25,12000,256,9.886859966642595,39.125,2.875,39.125,0.0,0.0,1.0,44.0,86.0
static_256,exp69_active_archive_D1,26,12000,256,10.895454901012624,43.125,2.875,43.125,0.0,0.0,1.0,44.0,90.0
static_256,exp69_active_archive_D1,27,12000,256,10.975825709257595,43.125,2.875,43.125,0.0,0.0,1.0,44.0,90.0
static_256,exp69_active_archive_D1,28,12000,256,10.943748215305394,43.125,2.875,43.125,0.0,0.0,1.0,44.0,90.0
static_256,exp69_active_archive_D1,29,12000,256,9.678423167024679,38.125,2.875,38.125,0.0,0.0,1.0,44.0,85.0
static_256,exp69_active_archive_D1,30,12000,256,10.415958309248362,41.125,2.875,41.125,0.0,0.0,1.0,44.0,88.0
static_256,exp69_active_archive_D1,31,12000,256,10.800028935146424,42.125,2.875,42.125,0.0,0.0,1.0,44.0,89.0
static_256,exp69_active_archive_D1,32,12000,256,10.399819709975745,41.125,2.875,41.125,0.0,0.0,1.0,44.0,88.0
static_256,exp69_active_archive_D1,33,12000,256,10.59186008215743,41.125,2.875,41.125,0.0,0.0,1.0,44.0,88.0
static_256,exp69_active_archive_D1,34,12000,256,10.256095748383007,40.125,2.875,40.125,0.0,0.0,1.0,44.0,87.0
static_256,exp69_active_archive_D1,35,12000,256,10.27207987702588,40.125,2.875,40.125,0.0,0.0,1.0,44.0,87.0
static_256,exp69_active_archive_D1,36,12000,256,11.770261785533913,46.125,3.875,46.125,0.0,0.0,1.0,43.0,93.0
static_256,exp69_active_archive_D1,37,12000,256,10.383656027623411,41.125,2.875,41.125,0.0,0.0,1.0,44.0,88.0
static_256,exp69_active_archive_D1,38,12000,256,10.496279102615365,41.125,2.875,41.125,0.0,0.0,1.0,44.0,88.0
static_256,exp69_active_archive_D1,39,12000,256,10.752180011513945,42.125,2.875,42.125,0.0,0.0,1.0,44.0,89.0
static_256,exp69_active_archive_D1,40,12000,256,10.319883720275147,40.125,2.875,40.125,0.0,0.0,1.0,44.0,87.0
static_256,exp69_active_archive_D1,41,12000,256,11.087366120950458,43.125,2.875,43.125,0.0,0.0,1.0,44.0,90.0
static_256,exp69_active_archive_D1,42,12000,256,10.496279102615365,41.125,2.875,41.125,0.0,0.0,1.0,44.0,88.0
static_256,exp69_active_archive_D1,43,12000,256,10.496279102615365,41.125,2.875,41.125,0.0,0.0,1.0,44.0,88.0
static_256,exp69_active_archive_D1,44,12000,256,10.448160723304365,41.125,2.875,41.125,0.0,0.0,1.0,44.0,88.0
static_256,exp69_active_archive_D1,45,12000,256,10.959798697968864,43.125,2.875,43.125,0.0,0.0,1.0,44.0,90.0
static_256,exp69_active_archive_D1,46,12000,256,11.167754922096025,44.125,3.875,44.125,0.0,0.0,1.0,43.0,91.0
static_256,exp69_active_archive_D1,47,12000,256,11.055612262556968,43.125,2.875,43.125,0.0,0.0,1.0,44.0,90.0
static_256,exp69_active_archive_D2,0,12000,256,19.432575742808776,76.125,5.875,76.125,0.0,0.0,1.0,41.0,123.0
static_256,exp69_active_archive_D2,1,12000,256,20.274290986369905,79.125,5.875,79.125,0.0,0.0,1.0,41.0,126.0
static_256,exp69_active_archive_D2,2,12000,256,20.823289245457836,81.125,5.875,81.125,0.0,0.0,1.0,41.0,128.0
static_256,exp69_active_archive_D2,3,12000,256,19.75672353908917,77.125,5.875,77.125,0.0,0.0,1.0,41.0,124.0
static_256,exp69_active_archive_D2,4,12000,256,21.01673440380308,82.125,5.875,82.125,0.0,0.0,1.0,41.0,129.0
static_256,exp69_active_archive_D2,5,12000,256,19.39998389174589,75.125,5.875,75.125,0.0,0.0,1.0,41.0,122.0
static_256,exp69_active_archive_D2,6,12000,256,19.546219263581385,76.125,5.875,76.125,0.0,0.0,1.0,41.0,123.0
static_256,exp69_active_archive_D2,7,12000,256,19.95072053836653,78.125,5.875,78.125,0.0,0.0,1.0,41.0,125.0
static_256,exp69_active_archive_D2,8,12000,256,20.645633618273866,80.125,5.875,80.125,0.0,0.0,1.0,41.0,127.0
static_256,exp69_active_archive_D2,9,12000,256,20.790998653263387,81.125,5.875,81.125,0.0,0.0,1.0,41.0,128.0
static_256,exp69_active_archive_D2,10,12000,256,19.789122643513025,77.125,5.875,77.125,0.0,0.0,1.0,41.0,124.0
static_256,exp69_active_archive_D2,11,12000,256,19.983196065694795,78.125,5.875,78.125,0.0,0.0,1.0,41.0,125.0
static_256,exp69_active_archive_D2,12,12000,256,20.629544953779277,80.125,5.875,80.125,0.0,0.0,1.0,41.0,127.0
static_256,exp69_active_archive_D2,13,12000,256,20.43549302072255,79.125,5.875,79.125,0.0,0.0,1.0,41.0,126.0
static_256,exp69_active_archive_D2,14,12000,256,19.934462934827213,78.125,5.875,78.125,0.0,0.0,1.0,41.0,125.0
static_256,exp69_active_archive_D2,15,12000,256,18.929763271102996,74.125,5.875,74.125,0.0,0.0,1.0,41.0,121.0
static_256,exp69_active_archive_D2,16,12000,256,20.935914119044337,81.125,5.875,81.125,0.0,0.0,1.0,41.0,128.0
static_256,exp69_active_archive_D2,17,12000,256,19.53002496158159,76.125,5.875,76.125,0.0,0.0,1.0,41.0,123.0
static_256,exp69_active_archive_D2,18,12000,256,20.677773393187188,80.125,5.875,80.125,0.0,0.0,1.0,41.0,127.0
static_256,exp69_active_archive_D2,19,12000,256,20.467962771121115,80.125,5.875,80.125,0.0,0.0,1.0,41.0,127.0
static_256,exp69_active_archive_D2,20,12000,256,19.108244294021365,74.125,5.875,74.125,0.0,0.0,1.0,41.0,121.0
static_256,exp69_active_archive_D2,21,12000,256,20.29046882159207,79.125,5.875,79.125,0.0,0.0,1.0,41.0,126.0
static_256,exp69_active_archive_D2,22,12000,256,19.80530232033836,77.125,5.875,77.125,0.0,0.0,1.0,41.0,124.0
static_256,exp69_active_archive_D2,23,12000,256,19.789122643513025,77.125,5.875,77.125,0.0,0.0,1.0,41.0,124.0
static_256,exp69_active_archive_D2,24,12000,256,19.578567682545113,76.125,5.875,76.125,0.0,0.0,1.0,41.0,123.0
static_256,exp69_active_archive_D2,25,12000,256,20.484178345737963,80.125,5.875,80.125,0.0,0.0,1.0,41.0,127.0
static_256,exp69_active_archive_D2,26,12000,256,19.869889280013616,77.125,5.875,77.125,0.0,0.0,1.0,41.0,124.0
static_256,exp69_active_archive_D2,27,12000,256,19.465113023047156,76.125,5.875,76.125,0.0,0.0,1.0,41.0,123.0
static_256,exp69_active_archive_D2,28,12000,256,19.39998389174589,75.125,5.875,75.125,0.0,0.0,1.0,41.0,122.0
static_256,exp69_active_archive_D2,29,12000,256,20.629544953779277,80.125,5.875,80.125,0.0,0.0,1.0,41.0,127.0
static_256,exp69_active_archive_D2,30,12000,256,17.740974818199817,69.125,4.875,69.125,0.0,0.0,1.0,42.0,116.0
static_256,exp69_active_archive_D2,31,12000,256,20.031810639580236,78.125,5.875,78.125,0.0,0.0,1.0,41.0,125.0
static_256,exp69_active_archive_D2,32,12000,256,19.70802501520637,77.125,5.875,77.125,0.0,0.0,1.0,41.0,124.0
static_256,exp69_active_archive_D2,33,12000,256,19.156836247146867,75.125,5.875,75.125,0.0,0.0,1.0,41.0,122.0
static_256,exp69_active_archive_D2,34,12000,256,20.887720675076064,81.125,5.875,81.125,0.0,0.0,1.0,41.0,128.0
static_256,exp69_active_archive_D2,35,12000,256,20.338925119091225,79.125,5.875,79.125,0.0,0.0,1.0,41.0,126.0
static_256,exp69_active_archive_D2,36,12000,256,20.645633618273866,80.125,5.875,80.125,0.0,0.0,1.0,41.0,127.0
static_256,exp69_active_archive_D2,37,12000,256,20.467962771121115,80.125,5.875,80.125,0.0,0.0,1.0,41.0,127.0
static_256,exp69_active_archive_D2,38,12000,256,19.238226919339525,75.125,5.875,75.125,0.0,0.0,1.0,41.0,122.0
static_256,exp69_active_archive_D2,39,12000,256,19.789122643513025,77.125,5.875,77.125,0.0,0.0,1.0,41.0,124.0
static_256,exp69_active_archive_D2,40,12000,256,19.497596005661826,76.125,5.875,76.125,0.0,0.0,1.0,41.0,123.0
static_256,exp69_active_archive_D2,41,12000,256,19.65920585883367,76.125,5.875,76.125,0.0,0.0,1.0,41.0,123.0
static_256,exp69_active_archive_D2,42,12000,256,20.12868755035956,78.125,5.875,78.125,0.0,0.0,1.0,41.0,125.0
static_256,exp69_active_archive_D2,43,12000,256,20.8555298422265,81.125,5.875,81.125,0.0,0.0,1.0,41.0,128.0
static_256,exp69_active_archive_D2,44,12000,256,21.467635524202475,83.125,5.875,83.125,0.0,0.0,1.0,41.0,130.0
static_256,exp69_active_archive_D2,45,12000,256,20.09644713624774,78.125,5.875,78.125,0.0,0.0,1.0,41.0,125.0
static_256,exp69_active_archive_D2,46,12000,256,20.629544953779277,80.125,5.875,80.125,0.0,0.0,1.0,41.0,127.0
static_256,exp69_active_archive_D2,47,12000,256,20.74246851269154,81.125,5.875,81.125,0.0,0.0,1.0,41.0,128.0
static_256,raw_least_count,0,12000,256,0.33071891388307384,0.875,0.875,0.125,0.0,0.0,1.0,46.0,47.0
static_256,raw_least_count,1,12000,256,0.33071891388307384,0.875,0.875,0.125,0.0,0.0,1.0,46.0,47.0
static_256,raw_least_count,2,12000,256,0.33071891388307384,0.875,0.875,0.125,0.0,0.0,1.0,46.0,47.0
static_256,raw_least_count,3,12000,256,0.33071891388307384,0.875,0.875,0.125,0.0,0.0,1.0,46.0,47.0
static_256,raw_least_count,4,12000,256,0.33071891388307384,0.875,0.875,0.125,0.0,0.0,1.0,46.0,47.0
static_256,raw_least_count,5,12000,256,0.33071891388307384,0.875,0.875,0.125,0.0,0.0,1.0,46.0,47.0
static_256,raw_least_count,6,12000,256,0.33071891388307384,0.875,0.875,0.125,0.0,0.0,1.0,46.0,47.0
static_256,raw_least_count,7,12000,256,0.33071891388307384,0.875,0.875,0.125,0.0,0.0,1.0,46.0,47.0
static_256,raw_least_count,8,12000,256,0.33071891388307384,0.875,0.875,0.125,0.0,0.0,1.0,46.0,47.0
static_256,raw_least_count,9,12000,256,0.33071891388307384,0.875,0.875,0.125,0.0,0.0,1.0,46.0,47.0
static_256,raw_least_count,10,12000,256,0.33071891388307384,0.875,0.875,0.125,0.0,0.0,1.0,46.0,47.0
static_256,raw_least_count,11,12000,256,0.33071891388307384,0.875,0.875,0.125,0.0,0.0,1.0,46.0,47.0
static_256,raw_least_count,12,12000,256,0.33071891388307384,0.875,0.875,0.125,0.0,0.0,1.0,46.0,47.0
static_256,raw_least_count,13,12000,256,0.33071891388307384,0.875,0.875,0.125,0.0,0.0,1.0,46.0,47.0
static_256,raw_least_count,14,12000,256,0.33071891388307384,0.875,0.875,0.125,0.0,0.0,1.0,46.0,47.0
static_256,raw_least_count,15,12000,256,0.33071891388307384,0.875,0.875,0.125,0.0,0.0,1.0,46.0,47.0
static_256,raw_least_count,16,12000,256,0.33071891388307384,0.875,0.875,0.125,0.0,0.0,1.0,46.0,47.0
static_256,raw_least_count,17,12000,256,0.33071891388307384,0.875,0.875,0.125,0.0,0.0,1.0,46.0,47.0
static_256,raw_least_count,18,12000,256,0.33071891388307384,0.875,0.875,0.125,0.0,0.0,1.0,46.0,47.0
static_256,raw_least_count,19,12000,256,0.33071891388307384,0.875,0.875,0.125,0.0,0.0,1.0,46.0,47.0
static_256,raw_least_count,20,12000,256,0.33071891388307384,0.875,0.875,0.125,0.0,0.0,1.0,46.0,47.0
static_256,raw_least_count,21,12000,256,0.33071891388307384,0.875,0.875,0.125,0.0,0.0,1.0,46.0,47.0
static_256,raw_least_count,22,12000,256,0.33071891388307384,0.875,0.875,0.125,0.0,0.0,1.0,46.0,47.0
static_256,raw_least_count,23,12000,256,0.33071891388307384,0.875,0.875,0.125,0.0,0.0,1.0,46.0,47.0
static_256,raw_least_count,24,12000,256,0.33071891388307384,0.875,0.875,0.125,0.0,0.0,1.0,46.0,47.0
static_256,raw_least_count,25,12000,256,0.33071891388307384,0.875,0.875,0.125,0.0,0.0,1.0,46.0,47.0
static_256,raw_least_count,26,12000,256,0.33071891388307384,0.875,0.875,0.125,0.0,0.0,1.0,46.0,47.0
static_256,raw_least_count,27,12000,256,0.33071891388307384,0.875,0.875,0.125,0.0,0.0,1.0,46.0,47.0
static_256,raw_least_count,28,12000,256,0.33071891388307384,0.875,0.875,0.125,0.0,0.0,1.0,46.0,47.0
static_256,raw_least_count,29,12000,256,0.33071891388307384,0.875,0.875,0.125,0.0,0.0,1.0,46.0,47.0
static_256,raw_least_count,30,12000,256,0.33071891388307384,0.875,0.875,0.125,0.0,0.0,1.0,46.0,47.0
static_256,raw_least_count,31,12000,256,0.33071891388307384,0.875,0.875,0.125,0.0,0.0,1.0,46.0,47.0
static_256,raw_least_count,32,12000,256,0.33071891388307384,0.875,0.875,0.125,0.0,0.0,1.0,46.0,47.0
static_256,raw_least_count,33,12000,256,0.33071891388307384,0.875,0.875,0.125,0.0,0.0,1.0,46.0,47.0
static_256,raw_least_count,34,12000,256,0.33071891388307384,0.875,0.875,0.125,0.0,0.0,1.0,46.0,47.0
static_256,raw_least_count,35,12000,256,0.33071891388307384,0.875,0.875,0.125,0.0,0.0,1.0,46.0,47.0
static_256,raw_least_count,36,12000,256,0.33071891388307384,0.875,0.875,0.125,0.0,0.0,1.0,46.0,47.0
static_256,raw_least_count,37,12000,256,0.33071891388307384,0.875,0.875,0.125,0.0,0.0,1.0,46.0,47.0
static_256,raw_least_count,38,12000,256,0.33071891388307384,0.875,0.875,0.125,0.0,0.0,1.0,46.0,47.0
static_256,raw_least_count,39,12000,256,0.33071891388307384,0.875,0.875,0.125,0.0,0.0,1.0,46.0,47.0
static_256,raw_least_count,40,12000,256,0.33071891388307384,0.875,0.875,0.125,0.0,0.0,1.0,46.0,47.0
static_256,raw_least_count,41,12000,256,0.33071891388307384,0.875,0.875,0.125,0.0,0.0,1.0,46.0,47.0
static_256,raw_least_count,42,12000,256,0.33071891388307384,0.875,0.875,0.125,0.0,0.0,1.0,46.0,47.0
static_256,raw_least_count,43,12000,256,0.33071891388307384,0.875,0.875,0.125,0.0,0.0,1.0,46.0,47.0
static_256,raw_least_count,44,12000,256,0.33071891388307384,0.875,0.875,0.125,0.0,0.0,1.0,46.0,47.0
static_256,raw_least_count,45,12000,256,0.33071891388307384,0.875,0.875,0.125,0.0,0.0,1.0,46.0,47.0
static_256,raw_least_count,46,12000,256,0.33071891388307384,0.875,0.875,0.125,0.0,0.0,1.0,46.0,47.0
static_256,raw_least_count,47,12000,256,0.33071891388307384,0.875,0.875,0.125,0.0,0.0,1.0,46.0,47.0
static_256,me_qarr,0,12000,256,0.33071891388307384,0.875,0.875,0.125,0.0,0.0,1.0,46.0,47.0
static_256,me_qarr,1,12000,256,0.33071891388307384,0.875,0.875,0.125,0.0,0.0,1.0,46.0,47.0
static_256,me_qarr,2,12000,256,0.33071891388307384,0.875,0.875,0.125,0.0,0.0,1.0,46.0,47.0
static_256,me_qarr,3,12000,256,0.33071891388307384,0.875,0.875,0.125,0.0,0.0,1.0,46.0,47.0
static_256,me_qarr,4,12000,256,0.33071891388307384,0.875,0.875,0.125,0.0,0.0,1.0,46.0,47.0
static_256,me_qarr,5,12000,256,0.33071891388307384,0.875,0.875,0.125,0.0,0.0,1.0,46.0,47.0
static_256,me_qarr,6,12000,256,0.33071891388307384,0.875,0.875,0.125,0.0,0.0,1.0,46.0,47.0
static_256,me_qarr,7,12000,256,0.33071891388307384,0.875,0.875,0.125,0.0,0.0,1.0,46.0,47.0
static_256,me_qarr,8,12000,256,0.33071891388307384,0.875,0.875,0.125,0.0,0.0,1.0,46.0,47.0
static_256,me_qarr,9,12000,256,0.33071891388307384,0.875,0.875,0.125,0.0,0.0,1.0,46.0,47.0
static_256,me_qarr,10,12000,256,0.33071891388307384,0.875,0.875,0.125,0.0,0.0,1.0,46.0,47.0
static_256,me_qarr,11,12000,256,0.33071891388307384,0.875,0.875,0.125,0.0,0.0,1.0,46.0,47.0
static_256,me_qarr,12,12000,256,0.33071891388307384,0.875,0.875,0.125,0.0,0.0,1.0,46.0,47.0
static_256,me_qarr,13,12000,256,0.33071891388307384,0.875,0.875,0.125,0.0,0.0,1.0,46.0,47.0
static_256,me_qarr,14,12000,256,0.33071891388307384,0.875,0.875,0.125,0.0,0.0,1.0,46.0,47.0
static_256,me_qarr,15,12000,256,0.33071891388307384,0.875,0.875,0.125,0.0,0.0,1.0,46.0,47.0
static_256,me_qarr,16,12000,256,0.33071891388307384,0.875,0.875,0.125,0.0,0.0,1.0,46.0,47.0
static_256,me_qarr,17,12000,256,0.33071891388307384,0.875,0.875,0.125,0.0,0.0,1.0,46.0,47.0
static_256,me_qarr,18,12000,256,0.33071891388307384,0.875,0.875,0.125,0.0,0.0,1.0,46.0,47.0
static_256,me_qarr,19,12000,256,0.33071891388307384,0.875,0.875,0.125,0.0,0.0,1.0,46.0,47.0
static_256,me_qarr,20,12000,256,0.33071891388307384,0.875,0.875,0.125,0.0,0.0,1.0,46.0,47.0
static_256,me_qarr,21,12000,256,0.33071891388307384,0.875,0.875,0.125,0.0,0.0,1.0,46.0,47.0
static_256,me_qarr,22,12000,256,0.33071891388307384,0.875,0.875,0.125,0.0,0.0,1.0,46.0,47.0
static_256,me_qarr,23,12000,256,0.33071891388307384,0.875,0.875,0.125,0.0,0.0,1.0,46.0,47.0
static_256,me_qarr,24,12000,256,0.33071891388307384,0.875,0.875,0.125,0.0,0.0,1.0,46.0,47.0
static_256,me_qarr,25,12000,256,0.33071891388307384,0.875,0.875,0.125,0.0,0.0,1.0,46.0,47.0
static_256,me_qarr,26,12000,256,0.33071891388307384,0.875,0.875,0.125,0.0,0.0,1.0,46.0,47.0
static_256,me_qarr,27,12000,256,0.33071891388307384,0.875,0.875,0.125,0.0,0.0,1.0,46.0,47.0
static_256,me_qarr,28,12000,256,0.33071891388307384,0.875,0.875,0.125,0.0,0.0,1.0,46.0,47.0
static_256,me_qarr,29,12000,256,0.33071891388307384,0.875,0.875,0.125,0.0,0.0,1.0,46.0,47.0
static_256,me_qarr,30,12000,256,0.33071891388307384,0.875,0.875,0.125,0.0,0.0,1.0,46.0,47.0
static_256,me_qarr,31,12000,256,0.33071891388307384,0.875,0.875,0.125,0.0,0.0,1.0,46.0,47.0
static_256,me_qarr,32,12000,256,0.33071891388307384,0.875,0.875,0.125,0.0,0.0,1.0,46.0,47.0
static_256,me_qarr,33,12000,256,0.33071891388307384,0.875,0.875,0.125,0.0,0.0,1.0,46.0,47.0
static_256,me_qarr,34,12000,256,0.33071891388307384,0.875,0.875,0.125,0.0,0.0,1.0,46.0,47.0
static_256,me_qarr,35,12000,256,0.33071891388307384,0.875,0.875,0.125,0.0,0.0,1.0,46.0,47.0
static_256,me_qarr,36,12000,256,0.33071891388307384,0.875,0.875,0.125,0.0,0.0,1.0,46.0,47.0
static_256,me_qarr,37,12000,256,0.33071891388307384,0.875,0.875,0.125,0.0,0.0,1.0,46.0,47.0
static_256,me_qarr,38,12000,256,0.33071891388307384,0.875,0.875,0.125,0.0,0.0,1.0,46.0,47.0
static_256,me_qarr,39,12000,256,0.33071891388307384,0.875,0.875,0.125,0.0,0.0,1.0,46.0,47.0
static_256,me_qarr,40,12000,256,0.33071891388307384,0.875,0.875,0.125,0.0,0.0,1.0,46.0,47.0
static_256,me_qarr,41,12000,256,0.33071891388307384,0.875,0.875,0.125,0.0,0.0,1.0,46.0,47.0
static_256,me_qarr,42,12000,256,0.33071891388307384,0.875,0.875,0.125,0.0,0.0,1.0,46.0,47.0
static_256,me_qarr,43,12000,256,0.33071891388307384,0.875,0.875,0.125,0.0,0.0,1.0,46.0,47.0
static_256,me_qarr,44,12000,256,0.33071891388307384,0.875,0.875,0.125,0.0,0.0,1.0,46.0,47.0
static_256,me_qarr,45,12000,256,0.33071891388307384,0.875,0.875,0.125,0.0,0.0,1.0,46.0,47.0
static_256,me_qarr,46,12000,256,0.33071891388307384,0.875,0.875,0.125,0.0,0.0,1.0,46.0,47.0
static_256,me_qarr,47,12000,256,0.33071891388307384,0.875,0.875,0.125,0.0,0.0,1.0,46.0,47.0
static_256,me_bds_C2,0,12000,256,0.3423265984407288,1.875,1.875,0.125,0.0,0.0,1.0,45.0,47.0
static_256,me_bds_C2,1,12000,256,0.3423265984407288,1.125,0.875,1.125,0.0,0.0,1.0,46.0,48.0
static_256,me_bds_C2,2,12000,256,0.3423265984407288,1.875,1.875,0.125,0.0,0.0,1.0,45.0,47.0
static_256,me_bds_C2,3,12000,256,0.3423265984407288,1.875,1.875,0.125,0.0,0.0,1.0,45.0,47.0
static_256,me_bds_C2,4,12000,256,0.375,1.875,1.875,0.125,0.0,0.0,1.0,45.0,47.0
static_256,me_bds_C2,5,12000,256,0.5229125165837972,1.125,0.875,1.125,0.0,0.0,1.0,46.0,48.0
static_256,me_bds_C2,6,12000,256,0.375,1.875,1.875,0.125,0.0,0.0,1.0,45.0,47.0
static_256,me_bds_C2,7,12000,256,0.6959705453537527,1.125,0.875,1.125,0.0,0.0,1.0,46.0,48.0
static_256,me_bds_C2,8,12000,256,0.39528470752104744,1.875,1.875,0.125,0.0,0.0,1.0,45.0,47.0
static_256,me_bds_C2,9,12000,256,0.375,1.875,1.875,0.125,0.0,0.0,1.0,45.0,47.0
static_256,me_bds_C2,10,12000,256,0.375,1.875,1.875,0.125,0.0,0.0,1.0,45.0,47.0
static_256,me_bds_C2,11,12000,256,0.375,1.875,1.875,0.125,0.0,0.0,1.0,45.0,47.0
static_256,me_bds_C2,12,12000,256,0.701560760020114,1.125,0.875,1.125,0.0,0.0,1.0,46.0,48.0
static_256,me_bds_C2,13,12000,256,0.375,1.875,1.875,0.125,0.0,0.0,1.0,45.0,47.0
static_256,me_bds_C2,14,12000,256,0.3423265984407288,1.875,1.875,0.125,0.0,0.0,1.0,45.0,47.0
static_256,me_bds_C2,15,12000,256,0.4050462936504913,1.875,1.875,0.125,0.0,0.0,1.0,45.0,47.0
static_256,me_bds_C2,16,12000,256,0.375,1.875,1.875,0.125,0.0,0.0,1.0,45.0,47.0
static_256,me_bds_C2,17,12000,256,0.3423265984407288,1.875,1.875,0.125,0.0,0.0,1.0,45.0,47.0
static_256,me_bds_C2,18,12000,256,0.3535533905932738,1.875,1.875,0.125,0.0,0.0,1.0,45.0,47.0
static_256,me_bds_C2,19,12000,256,0.385275875185561,1.875,1.875,0.125,0.0,0.0,1.0,45.0,47.0
static_256,me_bds_C2,20,12000,256,0.5590169943749475,1.125,0.875,1.125,0.0,0.0,1.0,46.0,48.0
static_256,me_bds_C2,21,12000,256,0.3535533905932738,1.875,1.875,0.125,0.0,0.0,1.0,45.0,47.0
static_256,me_bds_C2,22,12000,256,0.3423265984407288,1.875,1.875,0.125,0.0,0.0,1.0,45.0,47.0
static_256,me_bds_C2,23,12000,256,0.3535533905932738,1.875,1.875,0.125,0.0,0.0,1.0,45.0,47.0
static_256,me_bds_C2,24,12000,256,0.3535533905932738,1.875,1.875,0.125,0.0,0.0,1.0,45.0,47.0
static_256,me_bds_C2,25,12000,256,0.3423265984407288,1.875,1.875,0.125,0.0,0.0,1.0,45.0,47.0
static_256,me_bds_C2,26,12000,256,0.375,1.875,1.875,0.125,0.0,0.0,1.0,45.0,47.0
static_256,me_bds_C2,27,12000,256,0.3423265984407288,1.875,1.875,0.125,0.0,0.0,1.0,45.0,47.0
static_256,me_bds_C2,28,12000,256,0.39528470752104744,1.875,1.875,0.125,0.0,0.0,1.0,45.0,47.0
static_256,me_bds_C2,29,12000,256,0.7288689868556626,1.125,0.875,1.125,0.0,0.0,1.0,46.0,48.0
static_256,me_bds_C2,30,12000,256,0.4050462936504913,1.875,1.875,0.125,0.0,0.0,1.0,45.0,47.0
static_256,me_bds_C2,31,12000,256,0.3535533905932738,1.875,1.875,0.125,0.0,0.0,1.0,45.0,47.0
static_256,me_bds_C2,32,12000,256,0.3535533905932738,1.875,1.875,0.125,0.0,0.0,1.0,45.0,47.0
static_256,me_bds_C2,33,12000,256,0.3535533905932738,1.875,1.875,0.125,0.0,0.0,1.0,45.0,47.0
static_256,me_bds_C2,34,12000,256,0.385275875185561,1.875,1.875,0.125,0.0,0.0,1.0,45.0,47.0
static_256,me_bds_C2,35,12000,256,0.3535533905932738,1.875,1.875,0.125,0.0,0.0,1.0,45.0,47.0
static_256,me_bds_C2,36,12000,256,0.3644344934278313,1.875,1.875,0.125,0.0,0.0,1.0,45.0,47.0
static_256,me_bds_C2,37,12000,256,0.3535533905932738,1.875,1.875,0.125,0.0,0.0,1.0,45.0,47.0
static_256,me_bds_C2,38,12000,256,0.4050462936504913,1.875,1.875,0.125,0.0,0.0,1.0,45.0,47.0
static_256,me_bds_C2,39,12000,256,0.3423265984407288,1.875,1.875,0.125,0.0,0.0,1.0,45.0,47.0
static_256,me_bds_C2,40,12000,256,0.3535533905932738,1.875,1.875,0.125,0.0,0.0,1.0,45.0,47.0
static_256,me_bds_C2,41,12000,256,0.3644344934278313,1.875,1.875,0.125,0.0,0.0,1.0,45.0,47.0
static_256,me_bds_C2,42,12000,256,0.385275875185561,1.875,1.875,0.125,0.0,0.0,1.0,45.0,47.0
static_256,me_bds_C2,43,12000,256,0.385275875185561,1.875,1.875,0.125,0.0,0.0,1.0,45.0,47.0
static_256,me_bds_C2,44,12000,256,0.375,1.875,1.875,0.125,0.0,0.0,1.0,45.0,47.0
static_256,me_bds_C2,45,12000,256,0.385275875185561,1.875,1.875,0.125,0.0,0.0,1.0,45.0,47.0
static_256,me_bds_C2,46,12000,256,0.3423265984407288,1.875,1.875,0.125,0.0,0.0,1.0,45.0,47.0
static_256,me_bds_C2,47,12000,256,0.6614378277661477,1.125,0.875,1.125,0.0,0.0,1.0,46.0,48.0
static_256,me_bds_C3,0,12000,256,0.8149003006503311,1.875,1.875,1.125,0.0,0.0,1.0,45.0,48.0
static_256,me_bds_C3,1,12000,256,0.6373774391990981,1.875,1.875,1.125,0.0,0.0,1.0,45.0,48.0
static_256,me_bds_C3,2,12000,256,0.375,2.875,2.875,0.125,0.0,0.0,1.0,44.0,47.0
static_256,me_bds_C3,3,12000,256,0.7447734554883115,1.875,1.875,1.125,0.0,0.0,1.0,45.0,48.0
static_256,me_bds_C3,4,12000,256,0.5229125165837972,1.875,1.875,1.125,0.0,0.0,1.0,45.0,48.0
static_256,me_bds_C3,5,12000,256,0.45069390943299864,2.875,2.875,0.125,0.0,0.0,1.0,44.0,47.0
static_256,me_bds_C3,6,12000,256,0.3423265984407288,1.875,1.875,0.125,0.0,0.0,1.0,45.0,47.0
static_256,me_bds_C3,7,12000,256,0.6846531968814576,1.875,1.875,1.125,0.0,0.0,1.0,45.0,48.0
static_256,me_bds_C3,8,12000,256,0.5448623679425842,1.875,1.875,1.125,0.0,0.0,1.0,45.0,48.0
static_256,me_bds_C3,9,12000,256,0.39528470752104744,2.875,2.875,0.125,0.0,0.0,1.0,44.0,47.0
static_256,me_bds_C3,10,12000,256,0.46770717334674267,2.875,2.875,0.125,0.0,0.0,1.0,44.0,47.0
static_256,me_bds_C3,11,12000,256,0.4050462936504913,2.875,2.875,0.125,0.0,0.0,1.0,44.0,47.0
static_256,me_bds_C3,12,12000,256,0.8338540040078959,1.875,1.875,1.125,0.0,0.0,1.0,45.0,48.0
static_256,me_bds_C3,13,12000,256,0.4050462936504913,2.875,2.875,0.125,0.0,0.0,1.0,44.0,47.0
static_256,me_bds_C3,14,12000,256,0.4050462936504913,1.875,1.875,1.125,0.0,0.0,1.0,45.0,48.0
static_256,me_bds_C3,15,12000,256,0.4050462936504913,1.875,1.875,1.125,0.0,0.0,1.0,45.0,48.0
static_256,me_bds_C3,16,12000,256,0.4050462936504913,1.875,1.875,0.125,0.0,0.0,1.0,45.0,47.0
static_256,me_bds_C3,17,12000,256,0.8149003006503311,1.875,1.875,1.125,0.0,0.0,1.0,45.0,48.0
static_256,me_bds_C3,18,12000,256,0.7551903733496608,1.875,1.875,1.125,0.0,0.0,1.0,45.0,48.0
static_256,me_bds_C3,19,12000,256,0.7856128181235335,1.875,1.875,1.125,0.0,0.0,1.0,45.0,48.0
static_256,me_bds_C3,20,12000,256,0.5519850541454905,1.875,1.875,1.125,0.0,0.0,1.0,45.0,48.0
static_256,me_bds_C3,21,12000,256,0.4330127018922193,2.875,2.875,0.125,0.0,0.0,1.0,44.0,47.0
static_256,me_bds_C3,22,12000,256,0.7756046028744286,1.875,1.875,1.125,0.0,0.0,1.0,45.0,48.0
static_256,me_bds_C3,23,12000,256,0.414578098794425,2.875,2.875,0.125,0.0,0.0,1.0,44.0,47.0
static_256,me_bds_C3,24,12000,256,0.4050462936504913,2.875,2.875,0.125,0.0,0.0,1.0,44.0,47.0
static_256,me_bds_C3,25,12000,256,0.5590169943749475,1.125,0.875,1.125,0.0,0.0,1.0,46.0,48.0
static_256,me_bds_C3,26,12000,256,0.795495128834866,1.875,1.875,1.125,0.0,0.0,1.0,45.0,48.0
static_256,me_bds_C3,27,12000,256,0.7551903733496608,1.875,1.875,1.125,0.0,0.0,1.0,45.0,48.0
static_256,me_bds_C3,28,12000,256,0.5929270612815711,1.875,1.875,1.125,0.0,0.0,1.0,45.0,48.0
static_256,me_bds_C3,29,12000,256,0.8338540040078959,1.875,1.875,1.125,0.0,0.0,1.0,45.0,48.0
static_256,me_bds_C3,30,12000,256,0.7342087577794206,1.875,1.875,1.125,0.0,0.0,1.0,45.0,48.0
static_256,me_bds_C3,31,12000,256,0.42389562394532926,2.875,2.875,0.125,0.0,0.0,1.0,44.0,47.0
static_256,me_bds_C3,32,12000,256,0.8385254915624212,1.875,1.875,1.125,0.0,0.0,1.0,45.0,48.0
static_256,me_bds_C3,33,12000,256,0.414578098794425,2.875,2.875,0.125,0.0,0.0,1.0,44.0,47.0
static_256,me_bds_C3,34,12000,256,0.4921254921257382,1.875,1.875,1.125,0.0,0.0,1.0,45.0,48.0
static_256,me_bds_C3,35,12000,256,0.4330127018922193,1.875,1.875,1.125,0.0,0.0,1.0,45.0,48.0
static_256,me_bds_C3,36,12000,256,0.6614378277661477,1.875,1.875,1.125,0.0,0.0,1.0,45.0,48.0
static_256,me_bds_C3,37,12000,256,0.770551750371122,1.875,1.875,1.125,0.0,0.0,1.0,45.0,48.0
static_256,me_bds_C3,38,12000,256,0.4050462936504913,2.875,2.875,0.125,0.0,0.0,1.0,44.0,47.0
static_256,me_bds_C3,39,12000,256,0.414578098794425,2.875,2.875,0.125,0.0,0.0,1.0,44.0,47.0
static_256,me_bds_C3,40,12000,256,0.5994789404140899,1.875,1.875,1.125,0.0,0.0,1.0,45.0,48.0
static_256,me_bds_C3,41,12000,256,0.8052561704203204,1.875,1.875,1.125,0.0,0.0,1.0,45.0,48.0
static_256,me_bds_C3,42,12000,256,0.4841229182759271,1.875,1.875,1.125,0.0,0.0,1.0,45.0,48.0
static_256,me_bds_C3,43,12000,256,0.81967981553775,1.875,1.875,1.125,0.0,0.0,1.0,45.0,48.0
static_256,me_bds_C3,44,12000,256,0.5448623679425842,1.875,1.875,1.125,0.0,0.0,1.0,45.0,48.0
static_256,me_bds_C3,45,12000,256,0.4841229182759271,1.875,1.875,1.125,0.0,0.0,1.0,45.0,48.0
static_256,me_bds_C3,46,12000,256,0.4330127018922193,2.875,2.875,0.125,0.0,0.0,1.0,44.0,47.0
static_256,me_bds_C3,47,12000,256,0.4050462936504913,2.875,2.875,0.125,0.0,0.0,1.0,44.0,47.0
static_256,me_bds_C4,0,12000,256,0.39528470752104744,3.875,3.875,0.125,0.0,0.0,1.0,43.0,47.0
static_256,me_bds_C4,1,12000,256,0.6373774391990981,2.875,2.875,1.125,0.0,0.0,1.0,44.0,48.0
static_256,me_bds_C4,2,12000,256,0.8569568250501305,2.875,2.875,1.125,0.0,0.0,1.0,44.0,48.0
static_256,me_bds_C4,3,12000,256,0.6312190586476298,2.875,2.875,1.125,0.0,0.0,1.0,44.0,48.0
static_256,me_bds_C4,4,12000,256,0.8431710977020026,2.875,2.875,1.125,0.0,0.0,1.0,44.0,48.0
static_256,me_bds_C4,5,12000,256,0.7806247497997998,2.875,2.875,1.125,0.0,0.0,1.0,44.0,48.0
static_256,me_bds_C4,6,12000,256,0.7856128181235335,2.875,2.875,1.125,0.0,0.0,1.0,44.0,48.0
static_256,me_bds_C4,7,12000,256,0.8149003006503311,2.875,2.875,1.125,0.0,0.0,1.0,44.0,48.0
static_256,me_bds_C4,8,12000,256,1.0231690964840563,2.875,2.875,1.125,0.0,0.0,1.0,44.0,48.0
static_256,me_bds_C4,9,12000,256,0.46770717334674267,3.875,3.875,0.125,0.0,0.0,1.0,43.0,47.0
static_256,me_bds_C4,10,12000,256,0.8244316223920575,2.875,2.875,1.125,0.0,0.0,1.0,44.0,48.0
static_256,me_bds_C4,11,12000,256,0.7654655446197431,2.875,2.875,1.125,0.0,0.0,1.0,44.0,48.0
static_256,me_bds_C4,12,12000,256,0.5376453291901642,3.875,3.875,0.125,0.0,0.0,1.0,43.0,47.0
static_256,me_bds_C4,13,12000,256,0.9270248108869579,2.875,2.875,1.125,0.0,0.0,1.0,44.0,48.0
static_256,me_bds_C4,14,12000,256,1.0532687216470449,2.875,2.875,1.125,0.0,0.0,1.0,44.0,48.0
static_256,me_bds_C4,15,12000,256,1.0495534764841665,2.875,2.875,1.125,0.0,0.0,1.0,44.0,48.0
static_256,me_bds_C4,16,12000,256,0.6312190586476298,2.875,2.875,1.125,0.0,0.0,1.0,44.0,48.0
static_256,me_bds_C4,17,12000,256,0.42389562394532926,3.875,3.875,0.125,0.0,0.0,1.0,43.0,47.0
static_256,me_bds_C4,18,12000,256,0.7234898064243891,2.875,2.875,1.125,0.0,0.0,1.0,44.0,48.0
static_256,me_bds_C4,19,12000,256,0.7756046028744286,2.875,2.875,1.125,0.0,0.0,1.0,44.0,48.0
static_256,me_bds_C4,20,12000,256,0.42389562394532926,2.875,2.875,1.125,0.0,0.0,1.0,44.0,48.0
static_256,me_bds_C4,21,12000,256,0.42389562394532926,3.875,3.875,0.125,0.0,0.0,1.0,43.0,47.0
static_256,me_bds_C4,22,12000,256,0.7234898064243891,2.875,2.875,1.125,0.0,0.0,1.0,44.0,48.0
static_256,me_bds_C4,23,12000,256,1.1075028216668343,2.875,2.875,1.125,0.0,0.0,1.0,44.0,48.0
static_256,me_bds_C4,24,12000,256,0.8244316223920575,2.875,2.875,1.125,0.0,0.0,1.0,44.0,48.0
static_256,me_bds_C4,25,12000,256,0.8003905296791061,2.875,2.875,1.125,0.0,0.0,1.0,44.0,48.0
static_256,me_bds_C4,26,12000,256,0.5659615711335886,2.875,2.875,1.125,0.0,0.0,1.0,44.0,48.0
static_256,me_bds_C4,27,12000,256,0.4921254921257382,3.875,3.875,0.125,0.0,0.0,1.0,43.0,47.0
static_256,me_bds_C4,28,12000,256,0.7756046028744286,2.875,2.875,1.125,0.0,0.0,1.0,44.0,48.0
static_256,me_bds_C4,29,12000,256,1.0077822185373186,2.875,2.875,1.125,0.0,0.0,1.0,44.0,48.0
static_256,me_bds_C4,30,12000,256,0.7905694150420949,2.875,2.875,1.125,0.0,0.0,1.0,44.0,48.0
static_256,me_bds_C4,31,12000,256,0.7180703308172536,2.875,2.875,1.125,0.0,0.0,1.0,44.0,48.0
static_256,me_bds_C4,32,12000,256,0.6373774391990981,2.875,2.875,1.125,0.0,0.0,1.0,44.0,48.0
static_256,me_bds_C4,33,12000,256,0.7756046028744286,2.875,2.875,1.125,0.0,0.0,1.0,44.0,48.0
static_256,me_bds_C4,34,12000,256,1.0231690964840563,2.875,2.875,1.125,0.0,0.0,1.0,44.0,48.0
static_256,me_bds_C4,35,12000,256,0.6312190586476298,2.875,2.875,1.125,0.0,0.0,1.0,44.0,48.0
static_256,me_bds_C4,36,12000,256,0.875,2.875,2.875,1.125,0.0,0.0,1.0,44.0,48.0
static_256,me_bds_C4,37,12000,256,0.7180703308172536,2.125,1.875,2.125,0.0,0.0,1.0,45.0,49.0
static_256,me_bds_C4,38,12000,256,1.0606601717798212,2.875,2.875,1.125,0.0,0.0,1.0,44.0,48.0
static_256,me_bds_C4,39,12000,256,0.82915619758885,2.875,2.875,1.125,0.0,0.0,1.0,44.0,48.0
static_256,me_bds_C4,40,12000,256,0.8569568250501305,2.125,1.875,2.125,0.0,0.0,1.0,45.0,49.0
static_256,me_bds_C4,41,12000,256,0.4921254921257382,3.875,3.875,0.125,0.0,0.0,1.0,43.0,47.0
static_256,me_bds_C4,42,12000,256,1.0077822185373186,2.875,2.875,1.125,0.0,0.0,1.0,44.0,48.0
static_256,me_bds_C4,43,12000,256,0.8385254915624212,2.125,1.875,2.125,0.0,0.0,1.0,45.0,49.0
static_256,me_bds_C4,44,12000,256,0.4841229182759271,2.875,2.875,1.125,0.0,0.0,1.0,44.0,48.0
static_256,me_bds_C4,45,12000,256,1.0,2.125,1.875,2.125,0.0,0.0,1.0,45.0,49.0
static_256,me_bds_C4,46,12000,256,0.7806247497997998,2.875,2.875,1.125,0.0,0.0,1.0,44.0,48.0
static_256,me_bds_C4,47,12000,256,0.8003905296791061,2.875,2.875,1.125,0.0,0.0,1.0,44.0,48.0
steady_growth,uniform_iid,0,12000,1031,3.347340155067049,16.864878093643995,16.864878093643995,15.693048671989203,0.030558482613277135,0.03436426116838488,0.8477206595538312,0.0,53.0
steady_growth,uniform_iid,1,12000,1031,3.4141577154477427,15.135121906356005,12.149303971645729,15.135121906356005,0.02423603793466807,0.04009163802978236,0.8457807953443259,0.0,57.0
steady_growth,uniform_iid,2,12000,1031,3.5302312321930627,16.135121906356005,14.864878093643995,16.135121906356005,0.032665964172813484,0.04009163802978236,0.8535402521823472,0.0,58.0
steady_growth,uniform_iid,3,12000,1031,3.3543411053225456,15.135121906356005,11.938670290223264,15.135121906356005,0.02107481559536354,0.041237113402061855,0.8554801163918526,0.0,57.0
steady_growth,uniform_iid,4,12000,1031,3.484608147077938,15.135121906356005,13.080514209797656,15.135121906356005,0.02845100105374078,0.043528064146620846,0.8477206595538312,0.0,57.0
steady_growth,uniform_iid,5,12000,1031,3.3203527782066575,17.135121906356005,15.864878093643995,17.135121906356005,0.022128556375131718,0.042382588774341354,0.8642095053346266,0.0,59.0
steady_growth,uniform_iid,6,12000,1031,3.440131093405037,15.553565567369382,12.311579479973283,15.553565567369382,0.0368809272918862,0.045819014891179836,0.8477206595538312,0.0,54.0
steady_growth,uniform_iid,7,12000,1031,3.463653333007212,16.41144065498623,15.864878093643995,16.41144065498623,0.030558482613277135,0.05154639175257732,0.8438409311348206,0.0,57.0
steady_growth,uniform_iid,8,12000,1031,3.4045273476365123,14.864878093643995,14.864878093643995,14.599314260394586,0.037934668071654375,0.041237113402061855,0.8448108632395732,0.0,56.0
steady_growth,uniform_iid,9,12000,1031,3.3955074768265088,21.553565567369382,16.4304434106799,21.553565567369382,0.0273972602739726,0.05154639175257732,0.8486905916585838,0.0,61.0
steady_growth,uniform_iid,10,12000,1031,3.264267406908486,14.135121906356005,13.167001166720269,14.135121906356005,0.02423603793466807,0.037800687285223365,0.8622696411251213,0.0,56.0
steady_growth,uniform_iid,11,12000,1031,3.4053837049048985,14.52505818255834,12.991836991660314,14.52505818255834,0.018967334035827187,0.033218785796105384,0.8486905916585838,0.0,56.0
steady_growth,uniform_iid,12,12000,1031,3.3428607490072433,15.5695565893201,14.489878093643995,15.5695565893201,0.026343519494204427,0.037800687285223365,0.8583899127061105,0.0,56.0
steady_growth,uniform_iid,13,12000,1031,3.4353449760892523,17.061329709776736,16.864878093643995,17.061329709776736,0.0273972602739726,0.03665521191294387,0.8583899127061105,0.0,54.0
steady_growth,uniform_iid,14,12000,1031,3.224661772126802,15.135121906356005,12.836654171985998,15.135121906356005,0.032665964172813484,0.04009163802978236,0.8554801163918526,0.0,57.0
steady_growth,uniform_iid,15,12000,1031,3.3756936586305772,15.264706969487122,11.201356378929162,15.264706969487122,0.026343519494204427,0.035509736540664374,0.8583899127061105,0.0,57.0
steady_growth,uniform_iid,16,12000,1031,3.2661580423225676,14.135121906356005,12.864878093643995,14.135121906356005,0.018967334035827187,0.037800687285223365,0.8612997090203686,0.0,56.0
steady_growth,uniform_iid,17,12000,1031,3.2516323856195335,16.135121906356005,15.864878093643995,16.135121906356005,0.020021074815595362,0.046964490263459335,0.8457807953443259,0.0,58.0
steady_growth,uniform_iid,18,12000,1031,3.2357889465566947,17.71910971893304,17.71910971893304,17.135121906356005,0.03161222339304531,0.044673539518900345,0.8486905916585838,0.0,59.0
steady_growth,uniform_iid,19,12000,1031,3.578574217461389,24.135121906356005,13.864878093643995,24.135121906356005,0.029504741833508957,0.029782359679266894,0.8545101842870999,0.0,66.0
steady_growth,uniform_iid,20,12000,1031,3.451244853726229,16.555662668216975,16.555662668216975,16.135121906356005,0.02845100105374078,0.041237113402061855,0.8438409311348206,0.0,58.0
steady_growth,uniform_iid,21,12000,1031,3.580607498499574,17.97581208783525,12.864878093643995,17.97581208783525,0.03898840885142255,0.04009163802978236,0.8593598448108632,0.0,57.0
steady_growth,uniform_iid,22,12000,1031,3.3125851582370474,14.496904197128337,12.864878093643995,14.496904197128337,0.026343519494204427,0.037800687285223365,0.8564500484966052,0.0,50.0
steady_growth,uniform_iid,23,12000,1031,3.401857623447407,16.06847389576921,16.06847389576921,15.280408449632475,0.032665964172813484,0.054982817869415807,0.8457807953443259,0.0,52.0
steady_growth,uniform_iid,24,12000,1031,3.5084850517205814,14.864878093643995,14.864878093643995,14.279748333684118,0.023182297154899896,0.044673539518900345,0.8486905916585838,0.0,55.0
steady_growth,uniform_iid,25,12000,1031,3.474378926104131,15.233375483461401,15.233375483461401,13.918111043410086,0.030558482613277135,0.043528064146620846,0.8428709990300679,0.0,54.0
steady_growth,uniform_iid,26,12000,1031,3.4354998274165336,17.864878093643995,17.864878093643995,16.135121906356005,0.022128556375131718,0.032073310423825885,0.8574199806013579,0.0,58.0
steady_growth,uniform_iid,27,12000,1031,3.4237070154070306,19.135121906356005,17.09711007734657,19.135121906356005,0.02845100105374078,0.041237113402061855,0.8545101842870999,0.0,61.0
steady_growth,uniform_iid,28,12000,1031,3.3692982119113575,15.4304434106799,15.4304434106799,12.558643621070843,0.02528977871443625,0.035509736540664374,0.8612997090203686,0.0,53.0
steady_growth,uniform_iid,29,12000,1031,3.5708136239905106,21.135121906356005,13.864878093643995,21.135121906356005,0.03161222339304531,0.03665521191294387,0.8603297769156159,0.0,63.0
steady_growth,uniform_iid,30,12000,1031,3.4389285631884268,20.864878093643995,20.864878093643995,18.135121906356005,0.026343519494204427,0.043528064146620846,0.8419010669253152,0.0,60.0
steady_growth,uniform_iid,31,12000,1031,3.6187233416763704,20.135121906356005,15.605501635071207,20.135121906356005,0.03371970495258166,0.038946162657502864,0.8525703200775946,0.0,62.0
steady_growth,uniform_iid,32,12000,1031,3.3054922307857715,17.4304434106799,17.4304434106799,13.873758269992365,0.032665964172813484,0.04009163802978236,0.8554801163918526,0.0,55.0
steady_growth,uniform_iid,33,12000,1031,3.4560671085671766,16.135121906356005,13.864878093643995,16.135121906356005,0.02845100105374078,0.045819014891179836,0.8419010669253152,0.0,58.0
steady_growth,uniform_iid,34,12000,1031,3.447578471799078,16.930894927168048,14.456996279338036,16.930894927168048,0.03477344573234984,0.045819014891179836,0.8467507274490785,0.0,57.0
steady_growth,uniform_iid,35,12000,1031,3.554212197856739,15.135121906356005,13.55662104481646,15.135121906356005,0.03371970495258166,0.049255441008018326,0.8428709990300679,0.0,57.0
steady_growth,uniform_iid,36,12000,1031,3.353344655402772,15.907967825713257,15.907967825713257,14.135121906356005,0.022128556375131718,0.048109965635738834,0.8516003879728419,0.0,56.0
steady_growth,uniform_iid,37,12000,1031,3.415600460839007,21.864700976724137,11.206565122393009,21.864700976724137,0.023182297154899896,0.04009163802978236,0.8486905916585838,0.0,56.0
steady_growth,uniform_iid,38,12000,1031,3.514582824223972,15.227214246977752,13.483559604438113,15.227214246977752,0.029504741833508957,0.03665521191294387,0.8525703200775946,0.0,56.0
steady_growth,uniform_iid,39,12000,1031,3.5424169037738698,15.489878093643995,15.489878093643995,14.135121906356005,0.023182297154899896,0.0286368843069874,0.8622696411251213,0.0,56.0
steady_growth,uniform_iid,40,12000,1031,3.4685603655969905,21.135121906356005,12.864878093643995,21.135121906356005,0.02845100105374078,0.03436426116838488,0.8535402521823472,0.0,63.0
steady_growth,uniform_iid,41,12000,1031,3.4230109539492233,21.80842651295101,14.864878093643995,21.80842651295101,0.023182297154899896,0.03665521191294387,0.8632395732298739,0.0,59.0
steady_growth,uniform_iid,42,12000,1031,3.4476346620172365,18.991836991660314,18.991836991660314,13.135121906356005,0.026343519494204427,0.037800687285223365,0.8574199806013579,0.0,55.0
steady_growth,uniform_iid,43,12000,1031,3.438781006114865,16.135121906356005,14.09711007734657,16.135121906356005,0.02528977871443625,0.042382588774341354,0.8448108632395732,0.0,58.0
steady_growth,uniform_iid,44,12000,1031,3.339444727752952,18.008163008339686,17.864878093643995,18.008163008339686,0.022128556375131718,0.048109965635738834,0.8574199806013579,0.0,56.0
steady_growth,uniform_iid,45,12000,1031,3.235288468318315,18.135121906356005,13.033375483461406,18.135121906356005,0.026343519494204427,0.045819014891179836,0.8477206595538312,0.0,60.0
steady_growth,uniform_iid,46,12000,1031,3.309439151803031,14.217117642411871,13.991836991660314,14.217117642411871,0.04214963119072708,0.042382588774341354,0.8506304558680893,0.0,54.0
steady_growth,uniform_iid,47,12000,1031,3.5704190230572213,17.624447127754323,14.864878093643995,17.624447127754323,0.02528977871443625,0.044673539518900345,0.8486905916585838,0.0,52.0
steady_growth,production_causal_shuffle,0,12000,1031,0.6671255470083772,1.8648780936439948,1.8648780936439948,1.7763223966773438,0.0,0.0,0.918525703200776,0.0,41.0
steady_growth,production_causal_shuffle,1,12000,1031,0.6557706756436658,1.8648780936439948,1.8648780936439948,1.711736671118885,0.0,0.0,0.9175557710960233,0.0,41.0
steady_growth,production_causal_shuffle,2,12000,1031,0.6660093328404494,1.883096990202418,1.8648780936439948,1.883096990202418,0.0,0.0,0.9165858389912707,0.0,41.0
steady_growth,production_causal_shuffle,3,12000,1031,0.643333369159699,1.8648780936439948,1.8648780936439948,1.8149076352311369,0.0,0.0,0.915615906886518,0.0,41.0
steady_growth,production_causal_shuffle,4,12000,1031,0.671359950221596,1.8713438070486603,1.8648780936439948,1.8713438070486603,0.0,0.0,0.9175557710960233,0.0,41.0
steady_growth,production_causal_shuffle,5,12000,1031,0.6740624069770219,1.8713438070486603,1.8648780936439948,1.8713438070486603,0.0,0.0,0.9194956353055286,0.0,41.0
steady_growth,production_causal_shuffle,6,12000,1031,0.663453004266983,1.8648780936439948,1.8648780936439948,1.788747617409527,0.0,0.0,0.915615906886518,0.0,41.0
steady_growth,production_causal_shuffle,7,12000,1031,0.6649567094673342,1.8648780936439948,1.8648780936439948,1.7970083823923773,0.0,0.0,0.9136760426770126,0.0,41.0
steady_growth,production_causal_shuffle,8,12000,1031,0.6700987646474241,1.8648780936439948,1.8648780936439948,1.859579101166318,0.0,0.0,0.9165858389912707,0.0,41.0
steady_growth,production_causal_shuffle,9,12000,1031,0.6630855508092068,1.8648780936439948,1.8648780936439948,1.8478028499395833,0.0,0.0,0.9165858389912707,0.0,41.0
steady_growth,production_causal_shuffle,10,12000,1031,0.6541682142659492,1.8648780936439948,1.8648780936439948,1.824215620656659,0.0,0.0,0.9194956353055286,0.0,41.0
steady_growth,production_causal_shuffle,11,12000,1031,0.6479274260546847,1.8713438070486603,1.8648780936439948,1.8713438070486603,0.0,0.0,0.9165858389912707,0.0,41.0
steady_growth,production_causal_shuffle,12,12000,1031,0.663396162087426,1.8713438070486603,1.8648780936439948,1.8713438070486603,0.0,0.0,0.918525703200776,0.0,41.0
steady_growth,production_causal_shuffle,13,12000,1031,0.6458528040639271,1.8648780936439948,1.8648780936439948,1.8360150306861414,0.0,0.0,0.915615906886518,0.0,41.0
steady_growth,production_causal_shuffle,14,12000,1031,0.6647262980230656,1.883096990202418,1.8648780936439948,1.883096990202418,0.0,0.0,0.9165858389912707,0.0,41.0
steady_growth,production_causal_shuffle,15,12000,1031,0.6616902906112245,1.8648780936439948,1.8648780936439948,1.8360150306861414,0.0,0.0,0.9224054316197866,0.0,41.0
steady_growth,production_causal_shuffle,16,12000,1031,0.6666055869549049,1.8648780936439948,1.8648780936439948,1.859579101166318,0.0,0.0,0.9175557710960233,0.0,41.0
steady_growth,production_causal_shuffle,17,12000,1031,0.651988370847449,1.8648780936439948,1.8648780936439948,1.8478028499395833,0.0,0.0,0.918525703200776,0.0,41.0
steady_growth,production_causal_shuffle,18,12000,1031,0.660558571045324,1.8648780936439948,1.8648780936439948,1.8478028499395833,0.0,0.0,0.9214354995150339,0.0,41.0
steady_growth,production_causal_shuffle,19,12000,1031,0.651640618118722,1.8648780936439948,1.8648780936439948,1.8277418598300557,0.0,0.0,0.9136760426770126,0.0,41.0
steady_growth,production_causal_shuffle,20,12000,1031,0.6544624261916037,1.8713438070486603,1.8648780936439948,1.8713438070486603,0.0,0.0,0.9165858389912707,0.0,41.0
steady_growth,production_causal_shuffle,21,12000,1031,0.6679686245160368,1.883096990202418,1.8648780936439948,1.883096990202418,0.0,0.0,0.9194956353055286,0.0,41.0
steady_growth,production_causal_shuffle,22,12000,1031,0.6456253187829171,1.8648780936439948,1.8648780936439948,1.8124045970346145,0.0,0.0,0.9214354995150339,0.0,41.0
steady_growth,production_causal_shuffle,23,12000,1031,0.6550433972231068,1.8648780936439948,1.8648780936439948,1.8478028499395833,0.0,0.0,0.915615906886518,0.0,41.0
steady_growth,production_causal_shuffle,24,12000,1031,0.652939013840994,1.8648780936439948,1.8648780936439948,1.7412932836046622,0.0,0.0,0.9224054316197866,0.0,41.0
steady_growth,production_causal_shuffle,25,12000,1031,0.6625304323309902,1.8648780936439948,1.8648780936439948,1.8005819369361262,0.0,0.0,0.9214354995150339,0.0,41.0
steady_growth,production_causal_shuffle,26,12000,1031,0.6674950927101496,1.8648780936439948,1.8648780936439948,1.824215620656659,0.0,0.0,0.9204655674102813,0.0,41.0
steady_growth,production_causal_shuffle,27,12000,1031,0.6492230495493689,1.8648780936439948,1.8648780936439948,1.8005819369361262,0.0,0.0,0.915615906886518,0.0,41.0
steady_growth,production_causal_shuffle,28,12000,1031,0.6535644839692717,1.8648780936439948,1.8648780936439948,1.8360150306861414,0.0,0.0,0.9146459747817652,0.0,41.0
steady_growth,production_causal_shuffle,29,12000,1031,0.6522137089245605,1.8648780936439948,1.8648780936439948,1.8124045970346145,0.0,0.0,0.915615906886518,0.0,41.0
steady_growth,production_causal_shuffle,30,12000,1031,0.6610335393242524,1.8648780936439948,1.8648780936439948,1.7763223966773438,0.0,0.0,0.918525703200776,0.0,41.0
steady_growth,production_causal_shuffle,31,12000,1031,0.6519415947264879,1.8713438070486603,1.8648780936439948,1.8713438070486603,0.0,0.0,0.9146459747817652,0.0,41.0
steady_growth,production_causal_shuffle,32,12000,1031,0.6570275382651378,1.8648780936439948,1.8648780936439948,1.7970083823923773,0.0,0.0,0.918525703200776,0.0,41.0
steady_growth,production_causal_shuffle,33,12000,1031,0.6647907222908348,1.8648780936439948,1.8648780936439948,1.8277418598300557,0.0,0.0,0.9204655674102813,0.0,41.0
steady_growth,production_causal_shuffle,34,12000,1031,0.6358951747931938,1.8648780936439948,1.8648780936439948,1.7891979331580075,0.0,0.0,0.918525703200776,0.0,41.0
steady_growth,production_causal_shuffle,35,12000,1031,0.6603212251294183,1.8648780936439948,1.8648780936439948,1.8277418598300557,0.0,0.0,0.9194956353055286,0.0,41.0
steady_growth,production_causal_shuffle,36,12000,1031,0.6653610029234928,1.8648780936439948,1.8648780936439948,1.802059669492408,0.0,0.0,0.918525703200776,0.0,41.0
steady_growth,production_causal_shuffle,37,12000,1031,0.6517580585533125,1.8648780936439948,1.8648780936439948,1.8478028499395833,0.0,0.0,0.9194956353055286,0.0,41.0
steady_growth,production_causal_shuffle,38,12000,1031,0.6529798742566048,1.8648780936439948,1.8648780936439948,1.8360150306861414,0.0,0.0,0.9175557710960233,0.0,41.0
steady_growth,production_causal_shuffle,39,12000,1031,0.6586157041669398,1.8648780936439948,1.8648780936439948,1.8005819369361262,0.0,0.0,0.9175557710960233,0.0,41.0
steady_growth,production_causal_shuffle,40,12000,1031,0.6639566434482562,1.8713438070486603,1.8648780936439948,1.8713438070486603,0.0,0.0,0.915615906886518,0.0,41.0
steady_growth,production_causal_shuffle,41,12000,1031,0.6761902356905867,1.883096990202418,1.8648780936439948,1.883096990202418,0.0,0.0,0.9214354995150339,0.0,41.0
steady_growth,production_causal_shuffle,42,12000,1031,0.6417297953684566,1.8648780936439948,1.8648780936439948,1.824215620656659,0.0,0.0,0.9175557710960233,0.0,41.0
steady_growth,production_causal_shuffle,43,12000,1031,0.6643393008326031,1.8648780936439948,1.8648780936439948,1.7830223684063498,0.0,0.0,0.918525703200776,0.0,41.0
steady_growth,production_causal_shuffle,44,12000,1031,0.6478087997793048,1.8648780936439948,1.8648780936439948,1.6697580552913536,0.0,0.0,0.915615906886518,0.0,41.0
steady_growth,production_causal_shuffle,45,12000,1031,0.6609962085315275,1.8648780936439948,1.8648780936439948,1.824215620656659,0.0,0.0,0.9175557710960233,0.0,41.0
steady_growth,production_causal_shuffle,46,12000,1031,0.6592027879025262,1.8648780936439948,1.8648780936439948,1.7970083823923773,0.0,0.0,0.918525703200776,0.0,41.0
steady_growth,production_causal_shuffle,47,12000,1031,0.6523508915909689,1.8648780936439948,1.8648780936439948,1.859579101166318,0.0,0.0,0.9194956353055286,0.0,41.0
steady_growth,active_archive_D0,0,12000,1031,0.8934537451884074,2.864878093643995,2.864878093643995,2.2065212987304363,0.0,0.0,0.9107662463627546,0.0,42.0
steady_growth,active_archive_D0,1,12000,1031,0.8674309600310935,2.864878093643995,2.864878093643995,2.1066767379655147,0.0,0.0,0.9117361784675073,0.0,42.0
steady_growth,active_archive_D0,2,12000,1031,0.7195100439935003,2.36920791865397,2.36920791865397,1.7174955583698903,0.0,0.0,0.9146459747817652,0.0,42.0
steady_growth,active_archive_D0,3,12000,1031,0.8699949411170712,2.864878093643995,2.864878093643995,2.5011652311155643,0.0,0.0,0.9117361784675073,0.0,41.0
steady_growth,active_archive_D0,4,12000,1031,0.8458729283948794,2.864878093643995,2.864878093643995,2.1816379327897124,0.0,0.0,0.9117361784675073,0.0,42.0
steady_growth,active_archive_D0,5,12000,1031,0.8773687000724714,3.864878093643995,3.864878093643995,1.968019745850384,0.0,0.0,0.9146459747817652,0.0,41.0
steady_growth,active_archive_D0,6,12000,1031,0.8858955500203968,2.864878093643995,2.864878093643995,2.5374921982577376,0.0,0.0,0.9049466537342385,0.0,41.0
steady_growth,active_archive_D0,7,12000,1031,0.8983890027348382,2.864878093643995,2.864878093643995,2.2189436589788585,0.0,0.0,0.9204655674102813,0.0,42.0
steady_growth,active_archive_D0,8,12000,1031,0.8062264700739453,2.864878093643995,2.864878093643995,1.8405623726505524,0.001053740779768177,0.0,0.9233753637245393,0.0,41.0
steady_growth,active_archive_D0,9,12000,1031,0.871068779061131,2.864878093643995,2.864878093643995,2.0186260365120887,0.0,0.0,0.9175557710960233,0.0,41.0
steady_growth,active_archive_D0,10,12000,1031,0.8787291150462468,3.4413563789291572,3.4413563789291572,2.15670286112568,0.0,0.0,0.9136760426770126,0.0,42.0
steady_growth,active_archive_D0,11,12000,1031,0.8923846497483525,2.864878093643995,2.864878093643995,2.428179710803377,0.0,0.0,0.9146459747817652,0.0,42.0
steady_growth,active_archive_D0,12,12000,1031,0.7997869485733222,2.864878093643995,2.864878093643995,2.3905133675894064,0.0,0.0,0.9194956353055286,0.0,41.0
steady_growth,active_archive_D0,13,12000,1031,0.886594501480137,2.864878093643995,2.864878093643995,2.1317158684097848,0.0,0.0,0.918525703200776,0.0,41.0
steady_growth,active_archive_D0,14,12000,1031,0.7330105663174942,2.864878093643995,2.864878093643995,1.8005819369361262,0.0,0.0,0.9194956353055286,0.0,41.0
steady_growth,active_archive_D0,15,12000,1031,0.9021640838735131,3.068473895769209,3.068473895769209,2.168597664276504,0.0,0.0,0.906886517943744,0.0,42.0
steady_growth,active_archive_D0,16,12000,1031,0.8805976019077385,3.149303971645729,3.149303971645729,2.15670286112568,0.0,0.0,0.9175557710960233,0.0,41.0
steady_growth,active_archive_D0,17,12000,1031,0.8539915592471994,3.270906759102175,3.270906759102175,2.30554196527531,0.0,0.0,0.9243452958292919,0.0,42.0
steady_growth,active_archive_D0,18,12000,1031,0.8677612410790471,2.864878093643995,2.864878093643995,2.2189436589788585,0.0,0.0,0.9165858389912707,0.0,42.0
steady_growth,active_archive_D0,19,12000,1031,0.7321355279115891,2.8541881814834937,2.8541881814834937,1.7531744717235114,0.0,0.0,0.9117361784675073,0.0,41.0
steady_growth,active_archive_D0,20,12000,1031,0.8548633083454814,2.864878093643995,2.864878093643995,2.370170310761395,0.0,0.0,0.9175557710960233,0.0,41.0
steady_growth,active_archive_D0,21,12000,1031,0.7635349198525214,3.0971100773465707,3.0971100773465707,2.168597664276504,0.0,0.0,0.9117361784675073,0.0,41.0
steady_growth,active_archive_D0,22,12000,1031,0.7467507716835977,2.864878093643995,2.864878093643995,1.802059669492408,0.0,0.0,0.9136760426770126,0.0,42.0
steady_growth,active_archive_D0,23,12000,1031,0.8745980306023118,2.756069091536041,2.756069091536041,2.3301256050132366,0.0,0.0,0.9107662463627546,0.0,43.0
steady_growth,active_archive_D0,24,12000,1031,0.7466715004522174,2.5094944924025384,2.1670011667202687,2.5094944924025384,0.0,0.0,0.9204655674102813,0.0,41.0
steady_growth,active_archive_D0,25,12000,1031,0.8809850713967157,3.1977793472253992,3.1977793472253992,2.371460074173662,0.0,0.0,0.9146459747817652,0.0,42.0
steady_growth,active_archive_D0,26,12000,1031,0.9270291256435257,3.864878093643995,3.864878093643995,2.4159721828277583,0.0,0.0,0.9175557710960233,0.0,41.0
steady_growth,active_archive_D0,27,12000,1031,0.8602134951060165,3.864878093643995,3.864878093643995,1.942636343722782,0.001053740779768177,0.0,0.918525703200776,0.0,41.0
steady_growth,active_archive_D0,28,12000,1031,0.8244870526504056,3.068473895769209,3.068473895769209,1.8666949815492018,0.002107481559536354,0.001145475372279496,0.918525703200776,0.0,42.0
steady_growth,active_archive_D0,29,12000,1031,0.7751310211827764,3.864878093643995,3.864878093643995,1.698777707835987,0.001053740779768177,0.001145475372279496,0.9117361784675073,0.0,41.0
steady_growth,active_archive_D0,30,12000,1031,0.7803034503944173,2.864878093643995,2.864878093643995,1.776901615435193,0.0,0.002290950744558992,0.9146459747817652,0.0,40.0
steady_growth,active_archive_D0,31,12000,1031,0.7350032680374881,2.864878093643995,2.864878093643995,2.0439189380532667,0.0,0.0,0.9136760426770126,0.0,41.0
steady_growth,active_archive_D0,32,12000,1031,0.8771000636639887,2.864878093643995,2.864878093643995,2.354747565533458,0.0,0.0,0.9146459747817652,0.0,42.0
steady_growth,active_archive_D0,33,12000,1031,0.7886110707623722,2.864878093643995,2.864878093643995,1.7634330304044994,0.0,0.0,0.9165858389912707,0.0,41.0
steady_growth,active_archive_D0,34,12000,1031,0.8260253732078497,3.436765313969879,3.436765313969879,2.6218298877221997,0.0,0.0,0.9243452958292919,0.0,42.0
steady_growth,active_archive_D0,35,12000,1031,0.8918323977211566,3.286655713951035,3.286655713951035,1.9413749447166282,0.0,0.0,0.9030067895247332,0.0,41.0
steady_growth,active_archive_D0,36,12000,1031,0.8189333836525866,2.864878093643995,2.864878093643995,1.8917078900948212,0.001053740779768177,0.0,0.918525703200776,0.0,42.0
steady_growth,active_archive_D0,37,12000,1031,0.9139804865424535,3.4413563789291572,3.4413563789291572,2.1317158684097848,0.0,0.0,0.9117361784675073,0.0,42.0
steady_growth,active_archive_D0,38,12000,1031,0.8916400926854675,2.864878093643995,2.864878093643995,2.119515840930987,0.0,0.0,0.9204655674102813,0.0,41.0
steady_growth,active_archive_D0,39,12000,1031,0.835076465881739,2.864878093643995,2.864878093643995,2.573709526517959,0.0,0.0,0.9233753637245393,0.0,42.0
steady_growth,active_archive_D0,40,12000,1031,0.8776399123772364,3.36920791865397,3.36920791865397,2.2065212987304363,0.0,0.0,0.906886517943744,0.0,41.0
steady_growth,active_archive_D0,41,12000,1031,0.8833203625690107,3.489878093643995,3.489878093643995,1.9553347564211805,0.0,0.0,0.9253152279340446,0.0,41.0
steady_growth,active_archive_D0,42,12000,1031,0.7835055601223554,3.864878093643995,3.864878093643995,1.7891979331580075,0.0,0.0,0.9224054316197866,0.0,41.0
steady_growth,active_archive_D0,43,12000,1031,0.8982181405175622,2.864878093643995,2.864878093643995,2.464727959266881,0.0,0.0,0.9117361784675073,0.0,41.0
steady_growth,active_archive_D0,44,12000,1031,0.8239229889081173,2.864878093643995,2.864878093643995,2.356466612203363,0.0,0.0,0.9117361784675073,0.0,41.0
steady_growth,active_archive_D0,45,12000,1031,0.8343065056892277,2.864878093643995,2.864878093643995,1.9553347564211805,0.0,0.001145475372279496,0.9127061105722599,0.0,41.0
steady_growth,active_archive_D0,46,12000,1031,0.7815180681130051,2.864878093643995,2.864878093643995,2.319170552390588,0.0,0.0,0.915615906886518,0.0,41.0
steady_growth,active_archive_D0,47,12000,1031,0.8722366046210823,2.864878093643995,2.864878093643995,2.0059944575646824,0.0,0.001145475372279496,0.9204655674102813,0.0,41.0
steady_growth,exp69_active_archive_D1,0,12000,1031,1.2915930593689555,6.864878093643995,6.864878093643995,1.8005819369361262,0.0,0.0,0.938894277400582,0.0,39.0
steady_growth,exp69_active_archive_D1,1,12000,1031,1.3856706518209492,6.864878093643995,6.864878093643995,2.6817102465263787,0.0,0.0,0.9359844810863239,0.0,39.0
steady_growth,exp69_active_archive_D1,2,12000,1031,1.3492143048967622,6.864878093643995,6.864878093643995,2.585757719289049,0.0,0.0,0.9282250242483027,0.0,40.0
steady_growth,exp69_active_archive_D1,3,12000,1031,1.359082154510457,6.864878093643995,6.864878093643995,2.4159721828277583,0.0,0.0,0.9321047526673133,0.0,39.0
steady_growth,exp69_active_archive_D1,4,12000,1031,1.3322673123481912,7.864878093643995,7.864878093643995,1.8149076352311369,0.001053740779768177,0.001145475372279496,0.9243452958292919,0.0,40.0
steady_growth,exp69_active_archive_D1,5,12000,1031,1.3516835969153649,6.864878093643995,6.864878093643995,2.209183944439488,0.0,0.0,0.9282250242483027,0.0,40.0
steady_growth,exp69_active_archive_D1,6,12000,1031,1.4274630202462861,7.864878093643995,7.864878093643995,2.060764191940784,0.0,0.0,0.9243452958292919,0.0,40.0
steady_growth,exp69_active_archive_D1,7,12000,1031,1.363449309496007,6.864878093643995,6.864878093643995,2.5374921982577376,0.0,0.0,0.930164888457808,0.0,40.0
steady_growth,exp69_active_archive_D1,8,12000,1031,1.351127880674198,6.864878093643995,6.864878093643995,2.549576790402753,0.0,0.0,0.9350145489815713,0.0,39.0
steady_growth,exp69_active_archive_D1,9,12000,1031,1.3801531739847837,6.864878093643995,6.864878093643995,2.464727959266881,0.0,0.0,0.9291949563530553,0.0,40.0
steady_growth,exp69_active_archive_D1,10,12000,1031,1.3970648230010851,7.864878093643995,7.864878093643995,1.9656133869368588,0.002107481559536354,0.0,0.9262851600387972,0.0,40.0
steady_growth,exp69_active_archive_D1,11,12000,1031,1.3287528547612586,7.864878093643995,7.864878093643995,1.7531744717235114,0.002107481559536354,0.002290950744558992,0.9311348205625606,0.0,40.0
steady_growth,exp69_active_archive_D1,12,12000,1031,1.3764785611485704,7.864878093643995,7.864878093643995,1.9221543461908794,0.0,0.0,0.9233753637245393,0.0,40.0
steady_growth,exp69_active_archive_D1,13,12000,1031,1.2759221263004175,6.864878093643995,6.864878093643995,1.765043907925289,0.0,0.0,0.930164888457808,0.0,39.0
steady_growth,exp69_active_archive_D1,14,12000,1031,1.342317017120686,6.864878093643995,6.864878093643995,2.343906450187511,0.0,0.0,0.9233753637245393,0.0,39.0
steady_growth,exp69_active_archive_D1,15,12000,1031,1.4650901318819924,7.864878093643995,7.864878093643995,2.2496334166857963,0.0,0.0,0.9165858389912707,0.0,40.0
steady_growth,exp69_active_archive_D1,16,12000,1031,1.3696681066899072,6.864878093643995,6.864878093643995,2.477417258959157,0.0,0.0,0.9224054316197866,0.0,40.0
steady_growth,exp69_active_archive_D1,17,12000,1031,1.3641323288074947,6.864878093643995,6.864878093643995,2.3485545348626857,0.0,0.0,0.930164888457808,0.0,40.0
steady_growth,exp69_active_archive_D1,18,12000,1031,1.393681792642323,6.864878093643995,6.864878093643995,2.30554196527531,0.0,0.0,0.9253152279340446,0.0,40.0
steady_growth,exp69_active_archive_D1,19,12000,1031,1.3304447618096444,6.864878093643995,6.864878093643995,1.942636343722782,0.001053740779768177,0.001145475372279496,0.9165858389912707,0.0,39.0
steady_growth,exp69_active_archive_D1,20,12000,1031,1.3607752049893256,6.864878093643995,6.864878093643995,2.5421686489271025,0.0,0.0,0.9243452958292919,0.0,39.0
steady_growth,exp69_active_archive_D1,21,12000,1031,1.3123857128848997,6.864878093643995,6.864878093643995,2.0564411903789193,0.0,0.0,0.9214354995150339,0.0,40.0
steady_growth,exp69_active_archive_D1,22,12000,1031,1.361402147827236,7.864878093643995,7.864878093643995,1.788747617409527,0.0,0.001145475372279496,0.94180407371484,0.0,39.0
steady_growth,exp69_active_archive_D1,23,12000,1031,1.3738232263773924,6.864878093643995,6.864878093643995,2.2685049021037997,0.0,0.0,0.92725509214355,0.0,39.0
steady_growth,exp69_active_archive_D1,24,12000,1031,1.3751974749601956,6.864878093643995,6.864878093643995,2.6312227427191175,0.0,0.0,0.933074684772066,0.0,41.0
steady_growth,exp69_active_archive_D1,25,12000,1031,1.3219712909343895,6.864878093643995,6.864878093643995,2.231353172939535,0.0,0.0,0.9204655674102813,0.0,39.0
steady_growth,exp69_active_archive_D1,26,12000,1031,1.3325323604530697,6.864878093643995,6.864878093643995,2.2357834566207515,0.0,0.0,0.9233753637245393,0.0,39.0
steady_growth,exp69_active_archive_D1,27,12000,1031,1.3411585281909204,6.864878093643995,6.864878093643995,2.15670286112568,0.0,0.0,0.9282250242483027,0.0,39.0
steady_growth,exp69_active_archive_D1,28,12000,1031,1.3577672237378038,6.864878093643995,6.864878093643995,2.370170131927111,0.0,0.0,0.918525703200776,0.0,40.0
steady_growth,exp69_active_archive_D1,29,12000,1031,1.3705760197552952,6.864878093643995,6.864878093643995,2.26308633148399,0.0,0.0,0.9204655674102813,0.0,39.0
steady_growth,exp69_active_archive_D1,30,12000,1031,1.381115422044762,7.864878093643995,7.864878093643995,2.6234151569596165,0.0,0.0,0.930164888457808,0.0,41.0
steady_growth,exp69_active_archive_D1,31,12000,1031,1.425274048774153,7.864878093643995,7.864878093643995,2.1317158684097848,0.0,0.0,0.92725509214355,0.0,39.0
steady_growth,exp69_active_archive_D1,32,12000,1031,1.3343268531542454,6.864878093643995,6.864878093643995,2.6458178997101953,0.0,0.0,0.9398642095053347,0.0,39.0
steady_growth,exp69_active_archive_D1,33,12000,1031,1.42052934963684,7.864878093643995,7.864878093643995,2.231353172939535,0.0,0.0,0.9262851600387972,0.0,40.0
steady_growth,exp69_active_archive_D1,34,12000,1031,1.3319301363103713,6.864878093643995,6.864878093643995,2.580321306899137,0.0,0.0,0.9204655674102813,0.0,41.0
steady_growth,exp69_active_archive_D1,35,12000,1031,1.3368569177034808,7.864878093643995,7.864878093643995,1.7763223966773438,0.0,0.0,0.9214354995150339,0.0,40.0
steady_growth,exp69_active_archive_D1,36,12000,1031,1.4502348054280922,7.864878093643995,7.864878093643995,2.2189436589788585,0.0,0.0,0.9243452958292919,0.0,41.0
steady_growth,exp69_active_archive_D1,37,12000,1031,1.311474453416276,6.864878093643995,6.864878093643995,2.370170131927111,0.0,0.0,0.9282250242483027,0.0,40.0
steady_growth,exp69_active_archive_D1,38,12000,1031,1.434927589748784,7.864878093643995,7.864878093643995,2.4890317629659506,0.0,0.0,0.9243452958292919,0.0,40.0
steady_growth,exp69_active_archive_D1,39,12000,1031,1.298511428105697,7.864878093643995,7.864878093643995,1.802059669492408,0.001053740779768177,0.001145475372279496,0.918525703200776,0.0,40.0
steady_growth,exp69_active_archive_D1,40,12000,1031,1.3586752478153,6.864878093643995,6.864878093643995,2.485486499618233,0.0,0.0,0.9379243452958292,0.0,40.0
steady_growth,exp69_active_archive_D1,41,12000,1031,1.3596792770300177,6.864878093643995,6.864878093643995,2.6598166384523125,0.0,0.0,0.92725509214355,0.0,39.0
steady_growth,exp69_active_archive_D1,42,12000,1031,1.3222650489834804,6.864878093643995,6.864878093643995,2.4680551422882644,0.0,0.0,0.9359844810863239,0.0,40.0
steady_growth,exp69_active_archive_D1,43,12000,1031,1.3204108724162684,6.864878093643995,6.864878093643995,2.2685049021037997,0.0,0.0,0.9233753637245393,0.0,40.0
steady_growth,exp69_active_archive_D1,44,12000,1031,1.3965728750233601,7.864878093643995,7.864878093643995,2.1691768735996817,0.0,0.0,0.9175557710960233,0.0,39.0
steady_growth,exp69_active_archive_D1,45,12000,1031,1.3130465336818806,6.864878093643995,6.864878093643995,2.403752223560943,0.0,0.0,0.9350145489815713,0.0,40.0
steady_growth,exp69_active_archive_D1,46,12000,1031,1.466156262092733,7.864878093643995,7.864878093643995,2.4662004361067247,0.0,0.0,0.9311348205625606,0.0,40.0
steady_growth,exp69_active_archive_D1,47,12000,1031,1.3670430014216872,6.864878093643995,6.864878093643995,2.370170131927111,0.0,0.0,0.9321047526673133,0.0,40.0
steady_growth,exp69_active_archive_D2,0,12000,1031,1.7675979151798524,9.864878093643995,9.864878093643995,2.9093655279959663,0.0,0.0,0.9359844810863239,0.0,39.0
steady_growth,exp69_active_archive_D2,1,12000,1031,1.8404733213421334,10.864878093643995,10.864878093643995,2.387417548212241,0.0,0.002290950744558992,0.9369544131910766,0.0,38.0
steady_growth,exp69_active_archive_D2,2,12000,1031,1.8825823611201458,10.864878093643995,10.864878093643995,2.9725879828605883,0.0,0.0,0.9398642095053347,0.0,39.0
steady_growth,exp69_active_archive_D2,3,12000,1031,1.8732354751944245,10.864878093643995,10.864878093643995,2.529910197774555,0.0,0.0,0.9379243452958292,0.0,38.0
steady_growth,exp69_active_archive_D2,4,12000,1031,1.852159624213791,9.864878093643995,9.864878093643995,2.97677022232223,0.0,0.0,0.9553831231813773,0.0,37.0
steady_growth,exp69_active_archive_D2,5,12000,1031,1.8163560179404235,9.864878093643995,9.864878093643995,2.5123520594938356,0.0,0.0,0.9262851600387972,0.0,38.0
steady_growth,exp69_active_archive_D2,6,12000,1031,1.8607560663553029,10.864878093643995,10.864878093643995,2.6074236596255815,0.0,0.0,0.938894277400582,0.0,38.0
steady_growth,exp69_active_archive_D2,7,12000,1031,1.9048734177891173,10.864878093643995,10.864878093643995,2.3670175041838064,0.0,0.0,0.9369544131910766,0.0,39.0
steady_growth,exp69_active_archive_D2,8,12000,1031,1.8463080481059455,10.864878093643995,10.864878093643995,2.5412277313502187,0.0,0.0,0.9321047526673133,0.0,38.0
steady_growth,exp69_active_archive_D2,9,12000,1031,1.8916572766826905,10.864878093643995,10.864878093643995,2.4864145634132555,0.0,0.0,0.933074684772066,0.0,38.0
steady_growth,exp69_active_archive_D2,10,12000,1031,1.8164552582596032,10.864878093643995,10.864878093643995,2.0432076832792774,0.0,0.001145475372279496,0.9379243452958292,0.0,38.0
steady_growth,exp69_active_archive_D2,11,12000,1031,1.8425941638175138,10.864878093643995,10.864878093643995,1.9525557210426285,0.001053740779768177,0.0,0.9350145489815713,0.0,38.0
steady_growth,exp69_active_archive_D2,12,12000,1031,1.9240447616527476,10.864878093643995,10.864878093643995,2.4428744819614536,0.0,0.0,0.938894277400582,0.0,39.0
steady_growth,exp69_active_archive_D2,13,12000,1031,1.8629559969894296,10.864878093643995,10.864878093643995,2.5829404757145227,0.0,0.0,0.9369544131910766,0.0,39.0
steady_growth,exp69_active_archive_D2,14,12000,1031,1.7726966297009297,9.864878093643995,9.864878093643995,2.5253954240642003,0.0,0.0,0.9544131910766246,0.0,38.0
steady_growth,exp69_active_archive_D2,15,12000,1031,1.879895380805216,10.864878093643995,10.864878093643995,2.6297697885800204,0.0,0.0,0.9437439379243453,0.0,38.0
steady_growth,exp69_active_archive_D2,16,12000,1031,1.8927738167838766,10.864878093643995,10.864878093643995,2.322524166099086,0.0,0.0,0.9340446168768186,0.0,39.0
steady_growth,exp69_active_archive_D2,17,12000,1031,1.8445910584859748,10.864878093643995,10.864878093643995,1.8917078900948212,0.0,0.001145475372279496,0.9350145489815713,0.0,38.0
steady_growth,exp69_active_archive_D2,18,12000,1031,1.87311101865951,10.864878093643995,10.864878093643995,2.927587935985528,0.0,0.0,0.930164888457808,0.0,38.0
steady_growth,exp69_active_archive_D2,19,12000,1031,1.8122748032392213,10.864878093643995,10.864878093643995,1.9299244793160284,0.0,0.001145475372279496,0.9311348205625606,0.0,38.0
steady_growth,exp69_active_archive_D2,20,12000,1031,1.7748374695521294,9.864878093643995,9.864878093643995,2.3179153507839985,0.0,0.0,0.930164888457808,0.0,38.0
steady_growth,exp69_active_archive_D2,21,12000,1031,1.802840239289423,10.864878093643995,10.864878093643995,2.3056883925526748,0.0,0.001145475372279496,0.933074684772066,0.0,39.0
steady_growth,exp69_active_archive_D2,22,12000,1031,1.8367411491575045,10.864878093643995,10.864878093643995,2.2452839407749963,0.001053740779768177,0.0,0.9340446168768186,0.0,39.0
steady_growth,exp69_active_archive_D2,23,12000,1031,1.889838430138381,10.864878093643995,10.864878093643995,2.240013234346371,0.0,0.0,0.933074684772066,0.0,38.0
steady_growth,exp69_active_archive_D2,24,12000,1031,1.859021690760405,10.864878093643995,10.864878093643995,2.379274909699646,0.0,0.0,0.9311348205625606,0.0,39.0
steady_growth,exp69_active_archive_D2,25,12000,1031,1.8905652619148572,10.864878093643995,10.864878093643995,2.5045023846792134,0.0,0.0,0.9291949563530553,0.0,39.0
steady_growth,exp69_active_archive_D2,26,12000,1031,1.7791605254055542,9.864878093643995,9.864878093643995,2.765043907925289,0.0,0.0,0.9515033947623667,0.0,38.0
steady_growth,exp69_active_archive_D2,27,12000,1031,1.8090782443321118,10.864878093643995,10.864878093643995,2.0059944575646824,0.0,0.0,0.9359844810863239,0.0,39.0
steady_growth,exp69_active_archive_D2,28,12000,1031,1.8503783105227698,10.864878093643995,10.864878093643995,2.5961058651467255,0.0,0.0,0.9243452958292919,0.0,38.0
steady_growth,exp69_active_archive_D2,29,12000,1031,1.8895895711611566,10.864878093643995,10.864878093643995,2.44134595817674,0.0,0.0,0.9437439379243453,0.0,38.0
steady_growth,exp69_active_archive_D2,30,12000,1031,1.7751826301569,9.864878093643995,9.864878093643995,2.39151980765881,0.0,0.0,0.933074684772066,0.0,39.0
steady_growth,exp69_active_archive_D2,31,12000,1031,1.8258590200077147,9.864878093643995,9.864878093643995,2.6105477045708056,0.0,0.0,0.9379243452958292,0.0,37.0
steady_growth,exp69_active_archive_D2,32,12000,1031,1.8000788971794779,9.864878093643995,9.864878093643995,2.913942869621266,0.0,0.0,0.9369544131910766,0.0,38.0
steady_growth,exp69_active_archive_D2,33,12000,1031,1.8022598371951328,9.864878093643995,9.864878093643995,2.5374921982577376,0.0,0.0,0.94180407371484,0.0,39.0
steady_growth,exp69_active_archive_D2,34,12000,1031,1.8415321367865995,9.864878093643995,9.864878093643995,2.7691711190799566,0.0,0.0,0.938894277400582,0.0,39.0
steady_growth,exp69_active_archive_D2,35,12000,1031,1.9454917935940255,10.864878093643995,10.864878093643995,2.7257483386032533,0.0,0.0,0.9379243452958292,0.0,38.0
steady_growth,exp69_active_archive_D2,36,12000,1031,1.856451772852038,10.864878093643995,10.864878093643995,2.42101655846416,0.0,0.0,0.9253152279340446,0.0,39.0
steady_growth,exp69_active_archive_D2,37,12000,1031,1.9362367325913203,10.864878093643995,10.864878093643995,2.4764738747430144,0.0,0.0,0.9291949563530553,0.0,38.0
steady_growth,exp69_active_archive_D2,38,12000,1031,1.7616181334030532,9.864878093643995,9.864878093643995,2.7323824192019543,0.0,0.0,0.938894277400582,0.0,40.0
steady_growth,exp69_active_archive_D2,39,12000,1031,1.8379176005277884,10.864878093643995,10.864878093643995,2.6761792829883646,0.0,0.001145475372279496,0.9359844810863239,0.0,37.0
steady_growth,exp69_active_archive_D2,40,12000,1031,1.9041963650689215,10.864878093643995,10.864878093643995,2.322060721004121,0.0,0.0,0.938894277400582,0.0,38.0
steady_growth,exp69_active_archive_D2,41,12000,1031,1.8746938305955956,10.864878093643995,10.864878093643995,1.9933495682074778,0.0,0.0,0.938894277400582,0.0,38.0
steady_growth,exp69_active_archive_D2,42,12000,1031,1.904837753389223,10.864878093643995,10.864878093643995,2.5222354589356613,0.0,0.0,0.9340446168768186,0.0,38.0
steady_growth,exp69_active_archive_D2,43,12000,1031,1.789268429377193,9.864878093643995,9.864878093643995,2.657793947614394,0.0,0.0,0.9582929194956353,0.0,38.0
steady_growth,exp69_active_archive_D2,44,12000,1031,1.8985527645161973,10.864878093643995,10.864878093643995,2.6644592419236446,0.0,0.0,0.9340446168768186,0.0,39.0
steady_growth,exp69_active_archive_D2,45,12000,1031,1.7823284007510976,9.864878093643995,9.864878093643995,2.745357532692175,0.0,0.0,0.9369544131910766,0.0,38.0
steady_growth,exp69_active_archive_D2,46,12000,1031,1.9065491140001365,10.864878093643995,10.864878093643995,2.5154349137040484,0.0,0.0,0.938894277400582,0.0,39.0
steady_growth,exp69_active_archive_D2,47,12000,1031,1.9326786102455884,10.864878093643995,10.864878093643995,2.7071117885369134,0.0,0.002290950744558992,0.9379243452958292,0.0,38.0
steady_growth,raw_least_count,0,12000,1031,10.640457346914168,30.864878093643995,30.864878093643995,11.976710329306272,0.0,0.0,1.0,11.0,12.0
steady_growth,raw_least_count,1,12000,1031,10.684744795031161,30.864878093643995,30.864878093643995,11.98836081474316,0.0,0.0,1.0,11.0,12.0
steady_growth,raw_least_count,2,12000,1031,10.649736795085687,30.864878093643995,30.864878093643995,11.976710329306272,0.0,0.0,1.0,11.0,12.0
steady_growth,raw_least_count,3,12000,1031,10.642703750832476,30.864878093643995,30.864878093643995,11.976710329306272,0.0,0.0,1.0,11.0,12.0
steady_growth,raw_least_count,4,12000,1031,10.62581913518608,30.864878093643995,30.864878093643995,11.98836081474316,0.0,0.0,1.0,11.0,12.0
steady_growth,raw_least_count,5,12000,1031,10.630618339726235,30.864878093643995,30.864878093643995,11.98836081474316,0.0,0.0,1.0,11.0,12.0
steady_growth,raw_least_count,6,12000,1031,10.655916170543064,30.864878093643995,30.864878093643995,11.976710329306272,0.0,0.0,1.0,11.0,12.0
steady_growth,raw_least_count,7,12000,1031,10.650278622926258,30.864878093643995,30.864878093643995,11.965048521726075,0.0,0.0,1.0,11.0,12.0
steady_growth,raw_least_count,8,12000,1031,10.6301424647683,30.864878093643995,30.864878093643995,11.98836081474316,0.0,0.0,1.0,11.0,12.0
steady_growth,raw_least_count,9,12000,1031,10.646987427911155,30.864878093643995,30.864878093643995,11.98836081474316,0.0,0.0,1.0,11.0,12.0
steady_growth,raw_least_count,10,12000,1031,10.661002377393112,30.864878093643995,30.864878093643995,11.98836081474316,0.0,0.0,1.0,11.0,12.0
steady_growth,raw_least_count,11,12000,1031,10.641315384683839,30.864878093643995,30.864878093643995,11.976710329306272,0.0,0.0,1.0,11.0,12.0
steady_growth,raw_least_count,12,12000,1031,10.635418723371124,30.864878093643995,30.864878093643995,11.98836081474316,0.0,0.0,1.0,11.0,12.0
steady_growth,raw_least_count,13,12000,1031,10.652581810574794,30.864878093643995,30.864878093643995,11.929994945528719,0.0,0.0,1.0,11.0,12.0
steady_growth,raw_least_count,14,12000,1031,10.636776531260525,30.864878093643995,30.864878093643995,11.976710329306272,0.0,0.0,1.0,11.0,12.0
steady_growth,raw_least_count,15,12000,1031,10.669780678598036,30.864878093643995,30.864878093643995,11.98836081474316,0.0,0.0,1.0,11.0,12.0
steady_growth,raw_least_count,16,12000,1031,10.670354117959128,30.864878093643995,30.864878093643995,11.941690851961468,0.0,0.0,1.0,11.0,12.0
steady_growth,raw_least_count,17,12000,1031,10.65609509455561,30.864878093643995,30.864878093643995,11.98836081474316,0.0,0.0,1.0,11.0,12.0
steady_growth,raw_least_count,18,12000,1031,10.650867011191968,30.864878093643995,30.864878093643995,11.98836081474316,0.0,0.0,1.0,11.0,12.0
steady_growth,raw_least_count,19,12000,1031,10.640173755165092,30.864878093643995,30.864878093643995,11.98836081474316,0.0,0.0,1.0,11.0,12.0
steady_growth,raw_least_count,20,12000,1031,10.654338879933366,30.864878093643995,30.864878093643995,11.976710329306272,0.0,0.0,1.0,11.0,12.0
steady_growth,raw_least_count,21,12000,1031,10.659312514662366,30.864878093643995,30.864878093643995,11.98836081474316,0.0,0.0,1.0,11.0,12.0
steady_growth,raw_least_count,22,12000,1031,10.632875500297784,30.864878093643995,30.864878093643995,11.965048521726075,0.0,0.0,1.0,11.0,12.0
steady_growth,raw_least_count,23,12000,1031,10.6350215316776,30.864878093643995,30.864878093643995,11.98836081474316,0.0,0.0,1.0,11.0,12.0
steady_growth,raw_least_count,24,12000,1031,10.65722775615745,30.864878093643995,30.864878093643995,11.965048521726075,0.0,0.0,1.0,11.0,12.0
steady_growth,raw_least_count,25,12000,1031,10.688406934217529,30.864878093643995,30.864878093643995,11.976710329306272,0.0,0.0,1.0,11.0,12.0
steady_growth,raw_least_count,26,12000,1031,10.680717889694375,30.864878093643995,30.864878093643995,11.976710329306272,0.0,0.0,1.0,11.0,12.0
steady_growth,raw_least_count,27,12000,1031,10.645470677956045,30.864878093643995,30.864878093643995,11.98836081474316,0.0,0.0,1.0,11.0,12.0
steady_growth,raw_least_count,28,12000,1031,10.680015853790067,30.864878093643995,30.864878093643995,11.98836081474316,0.0,0.0,1.0,11.0,12.0
steady_growth,raw_least_count,29,12000,1031,10.663971170856305,30.864878093643995,30.864878093643995,11.98836081474316,0.0,0.0,1.0,11.0,12.0
steady_growth,raw_least_count,30,12000,1031,10.671861173917163,30.864878093643995,30.864878093643995,11.976710329306272,0.0,0.0,1.0,11.0,12.0
steady_growth,raw_least_count,31,12000,1031,10.657888315339259,30.864878093643995,30.864878093643995,11.965048521726075,0.0,0.0,1.0,11.0,12.0
steady_growth,raw_least_count,32,12000,1031,10.639179114352105,30.864878093643995,30.864878093643995,11.98836081474316,0.0,0.0,1.0,11.0,12.0
steady_growth,raw_least_count,33,12000,1031,10.631396271649871,30.864878093643995,30.864878093643995,11.98836081474316,0.0,0.0,1.0,11.0,12.0
steady_growth,raw_least_count,34,12000,1031,10.651267220696237,30.864878093643995,30.864878093643995,11.976710329306272,0.0,0.0,1.0,11.0,12.0
steady_growth,raw_least_count,35,12000,1031,10.668263725971105,30.864878093643995,30.864878093643995,11.98836081474316,0.0,0.0,1.0,11.0,12.0
steady_growth,raw_least_count,36,12000,1031,10.641271388524693,30.864878093643995,30.864878093643995,11.98836081474316,0.0,0.0,1.0,11.0,12.0
steady_growth,raw_least_count,37,12000,1031,10.634533877622946,30.864878093643995,30.864878093643995,11.98836081474316,0.0,0.0,1.0,11.0,12.0
steady_growth,raw_least_count,38,12000,1031,10.633653590756454,30.864878093643995,30.864878093643995,11.98836081474316,0.0,0.0,1.0,11.0,12.0
steady_growth,raw_least_count,39,12000,1031,10.647797704659709,30.864878093643995,30.864878093643995,11.98836081474316,0.0,0.0,1.0,11.0,12.0
steady_growth,raw_least_count,40,12000,1031,10.679314511504538,30.864878093643995,30.864878093643995,11.98836081474316,0.0,0.0,1.0,11.0,12.0
steady_growth,raw_least_count,41,12000,1031,10.637038942863155,30.864878093643995,30.864878093643995,11.953375369975092,0.0,0.0,1.0,11.0,12.0
steady_growth,raw_least_count,42,12000,1031,10.65299640215771,30.864878093643995,30.864878093643995,11.98836081474316,0.0,0.0,1.0,11.0,12.0
steady_growth,raw_least_count,43,12000,1031,10.680649820171954,30.864878093643995,30.864878093643995,11.98836081474316,0.0,0.0,1.0,11.0,12.0
steady_growth,raw_least_count,44,12000,1031,10.662137787145156,30.864878093643995,30.864878093643995,11.98836081474316,0.0,0.0,1.0,11.0,12.0
steady_growth,raw_least_count,45,12000,1031,10.635644035993867,30.864878093643995,30.864878093643995,11.976710329306272,0.0,0.0,1.0,11.0,12.0
steady_growth,raw_least_count,46,12000,1031,10.653361142674482,30.864878093643995,30.864878093643995,11.98836081474316,0.0,0.0,1.0,11.0,12.0
steady_growth,raw_least_count,47,12000,1031,10.637823110605028,30.864878093643995,30.864878093643995,11.98836081474316,0.0,0.0,1.0,11.0,12.0
steady_growth,me_qarr,0,12000,1031,0.2853569601506298,0.5011652311155643,0.4986807610109665,0.5011652311155643,0.0,0.0,0.8826382153249273,0.0,42.0
steady_growth,me_qarr,1,12000,1031,0.2853569601506298,0.5011652311155643,0.4986807610109665,0.5011652311155643,0.0,0.0,0.8826382153249273,0.0,42.0
steady_growth,me_qarr,2,12000,1031,0.2853569601506298,0.5011652311155643,0.4986807610109665,0.5011652311155643,0.0,0.0,0.8826382153249273,0.0,42.0
steady_growth,me_qarr,3,12000,1031,0.2853569601506298,0.5011652311155643,0.4986807610109665,0.5011652311155643,0.0,0.0,0.8826382153249273,0.0,42.0
steady_growth,me_qarr,4,12000,1031,0.2853569601506298,0.5011652311155643,0.4986807610109665,0.5011652311155643,0.0,0.0,0.8826382153249273,0.0,42.0
steady_growth,me_qarr,5,12000,1031,0.2853569601506298,0.5011652311155643,0.4986807610109665,0.5011652311155643,0.0,0.0,0.8826382153249273,0.0,42.0
steady_growth,me_qarr,6,12000,1031,0.2853569601506298,0.5011652311155643,0.4986807610109665,0.5011652311155643,0.0,0.0,0.8826382153249273,0.0,42.0
steady_growth,me_qarr,7,12000,1031,0.2853569601506298,0.5011652311155643,0.4986807610109665,0.5011652311155643,0.0,0.0,0.8826382153249273,0.0,42.0
steady_growth,me_qarr,8,12000,1031,0.2853569601506298,0.5011652311155643,0.4986807610109665,0.5011652311155643,0.0,0.0,0.8826382153249273,0.0,42.0
steady_growth,me_qarr,9,12000,1031,0.2853569601506298,0.5011652311155643,0.4986807610109665,0.5011652311155643,0.0,0.0,0.8826382153249273,0.0,42.0
steady_growth,me_qarr,10,12000,1031,0.2853569601506298,0.5011652311155643,0.4986807610109665,0.5011652311155643,0.0,0.0,0.8826382153249273,0.0,42.0
steady_growth,me_qarr,11,12000,1031,0.2853569601506298,0.5011652311155643,0.4986807610109665,0.5011652311155643,0.0,0.0,0.8826382153249273,0.0,42.0
steady_growth,me_qarr,12,12000,1031,0.2853569601506298,0.5011652311155643,0.4986807610109665,0.5011652311155643,0.0,0.0,0.8826382153249273,0.0,42.0
steady_growth,me_qarr,13,12000,1031,0.2853569601506298,0.5011652311155643,0.4986807610109665,0.5011652311155643,0.0,0.0,0.8826382153249273,0.0,42.0
steady_growth,me_qarr,14,12000,1031,0.2853569601506298,0.5011652311155643,0.4986807610109665,0.5011652311155643,0.0,0.0,0.8826382153249273,0.0,42.0
steady_growth,me_qarr,15,12000,1031,0.2853569601506298,0.5011652311155643,0.4986807610109665,0.5011652311155643,0.0,0.0,0.8826382153249273,0.0,42.0
steady_growth,me_qarr,16,12000,1031,0.2853569601506298,0.5011652311155643,0.4986807610109665,0.5011652311155643,0.0,0.0,0.8826382153249273,0.0,42.0
steady_growth,me_qarr,17,12000,1031,0.2853569601506298,0.5011652311155643,0.4986807610109665,0.5011652311155643,0.0,0.0,0.8826382153249273,0.0,42.0
steady_growth,me_qarr,18,12000,1031,0.2853569601506298,0.5011652311155643,0.4986807610109665,0.5011652311155643,0.0,0.0,0.8826382153249273,0.0,42.0
steady_growth,me_qarr,19,12000,1031,0.2853569601506298,0.5011652311155643,0.4986807610109665,0.5011652311155643,0.0,0.0,0.8826382153249273,0.0,42.0
steady_growth,me_qarr,20,12000,1031,0.2853569601506298,0.5011652311155643,0.4986807610109665,0.5011652311155643,0.0,0.0,0.8826382153249273,0.0,42.0
steady_growth,me_qarr,21,12000,1031,0.2853569601506298,0.5011652311155643,0.4986807610109665,0.5011652311155643,0.0,0.0,0.8826382153249273,0.0,42.0
steady_growth,me_qarr,22,12000,1031,0.2853569601506298,0.5011652311155643,0.4986807610109665,0.5011652311155643,0.0,0.0,0.8826382153249273,0.0,42.0
steady_growth,me_qarr,23,12000,1031,0.2853569601506298,0.5011652311155643,0.4986807610109665,0.5011652311155643,0.0,0.0,0.8826382153249273,0.0,42.0
steady_growth,me_qarr,24,12000,1031,0.2853569601506298,0.5011652311155643,0.4986807610109665,0.5011652311155643,0.0,0.0,0.8826382153249273,0.0,42.0
steady_growth,me_qarr,25,12000,1031,0.2853569601506298,0.5011652311155643,0.4986807610109665,0.5011652311155643,0.0,0.0,0.8826382153249273,0.0,42.0
steady_growth,me_qarr,26,12000,1031,0.2853569601506298,0.5011652311155643,0.4986807610109665,0.5011652311155643,0.0,0.0,0.8826382153249273,0.0,42.0
steady_growth,me_qarr,27,12000,1031,0.2853569601506298,0.5011652311155643,0.4986807610109665,0.5011652311155643,0.0,0.0,0.8826382153249273,0.0,42.0
steady_growth,me_qarr,28,12000,1031,0.2853569601506298,0.5011652311155643,0.4986807610109665,0.5011652311155643,0.0,0.0,0.8826382153249273,0.0,42.0
steady_growth,me_qarr,29,12000,1031,0.2853569601506298,0.5011652311155643,0.4986807610109665,0.5011652311155643,0.0,0.0,0.8826382153249273,0.0,42.0
steady_growth,me_qarr,30,12000,1031,0.2853569601506298,0.5011652311155643,0.4986807610109665,0.5011652311155643,0.0,0.0,0.8826382153249273,0.0,42.0
steady_growth,me_qarr,31,12000,1031,0.2853569601506298,0.5011652311155643,0.4986807610109665,0.5011652311155643,0.0,0.0,0.8826382153249273,0.0,42.0
steady_growth,me_qarr,32,12000,1031,0.2853569601506298,0.5011652311155643,0.4986807610109665,0.5011652311155643,0.0,0.0,0.8826382153249273,0.0,42.0
steady_growth,me_qarr,33,12000,1031,0.2853569601506298,0.5011652311155643,0.4986807610109665,0.5011652311155643,0.0,0.0,0.8826382153249273,0.0,42.0
steady_growth,me_qarr,34,12000,1031,0.2853569601506298,0.5011652311155643,0.4986807610109665,0.5011652311155643,0.0,0.0,0.8826382153249273,0.0,42.0
steady_growth,me_qarr,35,12000,1031,0.2853569601506298,0.5011652311155643,0.4986807610109665,0.5011652311155643,0.0,0.0,0.8826382153249273,0.0,42.0
steady_growth,me_qarr,36,12000,1031,0.2853569601506298,0.5011652311155643,0.4986807610109665,0.5011652311155643,0.0,0.0,0.8826382153249273,0.0,42.0
steady_growth,me_qarr,37,12000,1031,0.2853569601506298,0.5011652311155643,0.4986807610109665,0.5011652311155643,0.0,0.0,0.8826382153249273,0.0,42.0
steady_growth,me_qarr,38,12000,1031,0.2853569601506298,0.5011652311155643,0.4986807610109665,0.5011652311155643,0.0,0.0,0.8826382153249273,0.0,42.0
steady_growth,me_qarr,39,12000,1031,0.2853569601506298,0.5011652311155643,0.4986807610109665,0.5011652311155643,0.0,0.0,0.8826382153249273,0.0,42.0
steady_growth,me_qarr,40,12000,1031,0.2853569601506298,0.5011652311155643,0.4986807610109665,0.5011652311155643,0.0,0.0,0.8826382153249273,0.0,42.0
steady_growth,me_qarr,41,12000,1031,0.2853569601506298,0.5011652311155643,0.4986807610109665,0.5011652311155643,0.0,0.0,0.8826382153249273,0.0,42.0
steady_growth,me_qarr,42,12000,1031,0.2853569601506298,0.5011652311155643,0.4986807610109665,0.5011652311155643,0.0,0.0,0.8826382153249273,0.0,42.0
steady_growth,me_qarr,43,12000,1031,0.2853569601506298,0.5011652311155643,0.4986807610109665,0.5011652311155643,0.0,0.0,0.8826382153249273,0.0,42.0
steady_growth,me_qarr,44,12000,1031,0.2853569601506298,0.5011652311155643,0.4986807610109665,0.5011652311155643,0.0,0.0,0.8826382153249273,0.0,42.0
steady_growth,me_qarr,45,12000,1031,0.2853569601506298,0.5011652311155643,0.4986807610109665,0.5011652311155643,0.0,0.0,0.8826382153249273,0.0,42.0
steady_growth,me_qarr,46,12000,1031,0.2853569601506298,0.5011652311155643,0.4986807610109665,0.5011652311155643,0.0,0.0,0.8826382153249273,0.0,42.0
steady_growth,me_qarr,47,12000,1031,0.2853569601506298,0.5011652311155643,0.4986807610109665,0.5011652311155643,0.0,0.0,0.8826382153249273,0.0,42.0
steady_growth,me_bds_C2,0,12000,1031,0.34219727777833414,1.0930283656522448,1.0930283656522448,0.8965421278612311,0.001053740779768177,0.0,0.8826382153249273,0.0,42.0
steady_growth,me_bds_C2,1,12000,1031,0.3905203609734277,1.323582937044236,1.323582937044236,0.6761792829883646,0.0,0.0,0.8806983511154219,0.0,42.0
steady_growth,me_bds_C2,2,12000,1031,0.37019232045444533,1.1922833748587678,1.1922833748587678,0.8005819369361262,0.003161222339304531,0.001145475372279496,0.8826382153249273,0.0,42.0
steady_growth,me_bds_C2,3,12000,1031,0.3148226046610826,1.4598720929868918,1.4598720929868918,0.5398488048568666,0.0,0.0,0.8816682832201745,0.0,42.0
steady_growth,me_bds_C2,4,12000,1031,0.40520996522161723,1.101757831012982,1.101757831012982,0.898170729998732,0.001053740779768177,0.0,0.88360814742968,0.0,42.0
steady_growth,me_bds_C2,5,12000,1031,0.32529191874994284,1.2693923475239117,1.2693923475239117,0.726051379543577,0.0,0.0,0.8816682832201745,0.0,42.0
steady_growth,me_bds_C2,6,12000,1031,0.40669534954299696,1.1647465063153746,1.1647465063153746,0.8329988332797313,0.0,0.0,0.8768186226964112,0.0,42.0
steady_growth,me_bds_C2,7,12000,1031,0.3620902204892682,1.2449986569047127,1.2449986569047127,0.7546192800084768,0.0,0.001145475372279496,0.8787584869059166,0.0,42.0
steady_growth,me_bds_C2,8,12000,1031,0.36782357632792273,1.38609374057215,1.38609374057215,0.6105477045708056,0.001053740779768177,0.002290950744558992,0.8806983511154219,0.0,42.0
steady_growth,me_bds_C2,9,12000,1031,0.5343259608292482,1.1836442405234635,0.8050052599545694,1.1836442405234635,0.0,0.0,0.8826382153249273,0.0,43.0
steady_growth,me_bds_C2,10,12000,1031,0.3310888391605777,1.394200986094475,1.394200986094475,0.5997050759959137,0.0,0.0,0.8806983511154219,0.0,42.0
steady_growth,me_bds_C2,11,12000,1031,0.3186651622161133,1.3401833615476875,1.3401833615476875,0.6564092505184504,0.001053740779768177,0.0,0.8845780795344326,0.0,42.0
steady_growth,me_bds_C2,12,12000,1031,0.43275741666998124,1.2948850790324826,1.2948850790324826,0.702110415958046,0.003161222339304531,0.002290950744558992,0.88360814742968,0.0,42.0
steady_growth,me_bds_C2,13,12000,1031,0.3475586815381263,1.4302418706104092,1.4302418706104092,0.5695565893201007,0.0,0.0,0.8826382153249273,0.0,42.0
steady_growth,me_bds_C2,14,12000,1031,0.38954074621152945,1.1817190087481961,1.1817190087481961,0.8169063455873626,0.0,0.0,0.8855480116391853,0.0,42.0
steady_growth,me_bds_C2,15,12000,1031,0.3418685592122793,1.251151578114694,1.251151578114694,0.7412932836046622,0.0,0.0,0.8816682832201745,0.0,42.0
steady_growth,me_bds_C2,16,12000,1031,0.4211475306162846,1.0024945365262425,0.9951342498680589,1.0024945365262425,0.0,0.0,0.8845780795344326,0.0,42.0
steady_growth,me_bds_C2,17,12000,1031,0.38505546084603776,1.0441357010227108,1.0441357010227108,0.955683262292311,0.0,0.0,0.8845780795344326,0.0,42.0
steady_growth,me_bds_C2,18,12000,1031,0.4327470577284712,1.2587676770938998,1.2587676770938998,0.7409662553760228,0.0,0.0,0.8855480116391853,0.0,42.0
steady_growth,me_bds_C2,19,12000,1031,0.37336707782882905,1.3768037397768325,1.3768037397768325,0.6207286598486945,0.0,0.0,0.8865179437439379,0.0,42.0
steady_growth,me_bds_C2,20,12000,1031,0.3281745852072926,1.340708529802086,1.340708529802086,0.6440438827807355,0.0,0.0,0.8826382153249273,0.0,42.0
steady_growth,me_bds_C2,21,12000,1031,0.3204699552178966,1.44842915240595,1.44842915240595,0.549966632997446,0.001053740779768177,0.001145475372279496,0.8855480116391853,0.0,42.0
steady_growth,me_bds_C2,22,12000,1031,0.46675264228746094,1.1153754075714204,1.1153754075714204,0.8830969902024179,0.002107481559536354,0.002290950744558992,0.8806983511154219,0.0,42.0
steady_growth,me_bds_C2,23,12000,1031,0.33668960880130067,1.0828008653287071,1.0828008653287071,0.9140133611385082,0.002107481559536354,0.0,0.8826382153249273,0.0,42.0
steady_growth,me_bds_C2,24,12000,1031,0.3622788888935705,0.8778993178919023,0.8778993178919023,0.8429176732435195,0.0,0.0,0.8845780795344326,0.0,42.0
steady_growth,me_bds_C2,25,12000,1031,0.34770801776440596,1.300327123090753,1.300327123090753,0.6987777078359869,0.0,0.0,0.8874878758486906,0.0,42.0
steady_growth,me_bds_C2,26,12000,1031,0.3288031257166522,1.0326051210626517,0.9539913569001186,1.0326051210626517,0.0,0.0,0.8816682832201745,0.0,42.0
steady_growth,me_bds_C2,27,12000,1031,0.36379569041258153,1.177348569659479,1.177348569659479,0.8124045970346145,0.0,0.0,0.8845780795344326,0.0,42.0
steady_growth,me_bds_C2,28,12000,1031,0.43503849326209687,1.2746403891427676,1.2746403891427676,0.7231872101241521,0.001053740779768177,0.001145475372279496,0.8816682832201745,0.0,42.0
steady_growth,me_bds_C2,29,12000,1031,0.39010983534404486,1.194982882554747,1.194982882554747,0.8039882072475706,0.001053740779768177,0.0,0.8787584869059166,0.0,42.0
steady_growth,me_bds_C2,30,12000,1031,0.3380576416232383,1.3674476445921897,1.3674476445921897,0.6290610118351552,0.0,0.0,0.8816682832201745,0.0,42.0
steady_growth,me_bds_C2,31,12000,1031,0.43156451991534117,1.3129846265438374,1.3129846265438374,0.6864362729221654,0.002107481559536354,0.0,0.8855480116391853,0.0,42.0
steady_growth,me_bds_C2,32,12000,1031,0.47104271811631077,1.0641402761540277,1.0641402761540277,0.9086996402623555,0.0,0.0,0.8787584869059166,0.0,42.0
steady_growth,me_bds_C2,33,12000,1031,0.303014782467187,1.0679362420302496,1.0679362420302496,0.931526104230791,0.0,0.0,0.8816682832201745,0.0,42.0
steady_growth,me_bds_C2,34,12000,1031,0.357527788444621,1.2916350518085764,1.2916350518085764,0.7076906217507073,0.0,0.0,0.8845780795344326,0.0,42.0
steady_growth,me_bds_C2,35,12000,1031,0.3630100872939136,1.3709389881648448,1.3709389881648448,0.6280906565909419,0.001053740779768177,0.0,0.8894277400581959,0.0,42.0
steady_growth,me_bds_C2,36,12000,1031,0.34061747400692494,1.4127393327340698,1.4127393327340698,0.581512942551214,0.001053740779768177,0.003436426116838488,0.8826382153249273,0.0,42.0
steady_growth,me_bds_C2,37,12000,1031,0.3592301634147078,1.3960423057528502,1.3960423057528502,0.5993142603945856,0.0,0.0,0.8865179437439379,0.0,42.0
steady_growth,me_bds_C2,38,12000,1031,0.3509113012145749,1.2473629300622733,1.2473629300622733,0.7505298045980595,0.0,0.0,0.8816682832201745,0.0,42.0
steady_growth,me_bds_C2,39,12000,1031,0.3250434883343777,1.3702302114199796,1.3702302114199796,0.6231962602231675,0.0,0.0,0.8855480116391853,0.0,42.0
steady_growth,me_bds_C2,40,12000,1031,0.32501459172292263,1.4579209433879114,1.4579209433879114,0.5419803516118336,0.0,0.001145475372279496,0.8806983511154219,0.0,42.0
steady_growth,me_bds_C2,41,12000,1031,0.3109643001422157,1.4587722686497813,1.4587722686497813,0.5401279070131082,0.0,0.0,0.8816682832201745,0.0,42.0
steady_growth,me_bds_C2,42,12000,1031,0.37594762692211686,1.1912756203094474,0.8049087611431816,1.1912756203094474,0.0,0.0,0.8797284190106692,0.0,43.0
steady_growth,me_bds_C2,43,12000,1031,0.3684161147256309,1.2623873105795695,1.2623873105795695,0.7350878820246649,0.001053740779768177,0.0,0.8826382153249273,0.0,42.0
steady_growth,me_bds_C2,44,12000,1031,0.36653938100513345,1.383680811334031,1.383680811334031,0.6074236596255815,0.001053740779768177,0.0,0.8845780795344326,0.0,42.0
steady_growth,me_bds_C2,45,12000,1031,0.4029411990910333,1.0215695808185004,1.0215695808185004,0.9739615177801539,0.0,0.0,0.8787584869059166,0.0,42.0
steady_growth,me_bds_C2,46,12000,1031,0.3809078085481114,1.2546438182594812,1.2546438182594812,0.7439750479917251,0.0,0.0,0.88360814742968,0.0,42.0
steady_growth,me_bds_C2,47,12000,1031,0.3178241799737411,1.4367653139698788,1.4367653139698788,0.561649225010413,0.001053740779768177,0.001145475372279496,0.8816682832201745,0.0,42.0
steady_growth,me_bds_C3,0,12000,1031,0.46076132791375146,2.346883907918013,2.346883907918013,0.6527077317374861,0.002107481559536354,0.003436426116838488,0.8826382153249273,0.0,42.0
steady_growth,me_bds_C3,1,12000,1031,0.5080407023724874,2.1394936800695845,2.1394936800695845,0.859519251203821,0.006322444678609062,0.003436426116838488,0.8855480116391853,0.0,42.0
steady_growth,me_bds_C3,2,12000,1031,0.48330664392241884,1.8986960279794687,1.8986960279794687,1.0929266625616805,0.002107481559536354,0.001145475372279496,0.8845780795344326,0.0,42.0
steady_growth,me_bds_C3,3,12000,1031,0.4426019594651982,2.3674476445921897,2.3674476445921897,0.6315647515829212,0.003161222339304531,0.002290950744558992,0.88360814742968,0.0,42.0
steady_growth,me_bds_C3,4,12000,1031,0.35891901549019023,1.5074307544239645,1.5074307544239645,1.4697837388264574,0.0,0.001145475372279496,0.8826382153249273,0.0,43.0
steady_growth,me_bds_C3,5,12000,1031,0.6118858734989419,1.568412505870029,1.4127393327340698,1.568412505870029,0.0,0.0,0.8865179437439379,0.0,43.0
steady_growth,me_bds_C3,6,12000,1031,0.499628407950316,2.1333050184507982,2.1333050184507982,0.8242156206566591,0.003161222339304531,0.003436426116838488,0.8865179437439379,0.0,42.0
steady_growth,me_bds_C3,7,12000,1031,0.5306262876907294,2.149215154710575,2.149215154710575,0.850696028354271,0.004214963119072708,0.002290950744558992,0.88360814742968,0.0,42.0
steady_growth,me_bds_C3,8,12000,1031,0.42643284842018414,1.9148383150521866,1.9148383150521866,1.0772827339570128,0.0,0.001145475372279496,0.8845780795344326,0.0,42.0
steady_growth,me_bds_C3,9,12000,1031,0.4734613362289882,2.2473629300622733,2.2473629300622733,0.7412323229061002,0.006322444678609062,0.0057273768613974796,0.8806983511154219,0.0,42.0
steady_growth,me_bds_C3,10,12000,1031,0.5916583017885847,2.028765262718352,2.028765262718352,0.9533753699750918,0.002107481559536354,0.003436426116838488,0.88360814742968,0.0,42.0
steady_growth,me_bds_C3,11,12000,1031,0.4806378512457992,2.2693923475239117,2.2693923475239117,0.7294003202746495,0.001053740779768177,0.006872852233676976,0.8806983511154219,0.0,42.0
steady_growth,me_bds_C3,12,12000,1031,0.5526121088115054,2.2029916176076227,2.2029916176076227,0.7962210634015392,0.008429926238145416,0.006872852233676976,0.8865179437439379,0.0,42.0
steady_growth,me_bds_C3,13,12000,1031,0.4184950502405362,2.329456473863175,2.329456473863175,0.6700262900444542,0.002107481559536354,0.004581901489117984,0.8826382153249273,0.0,42.0
steady_growth,me_bds_C3,14,12000,1031,0.5270180941223056,2.225660797306027,2.225660797306027,0.7700316947047483,0.003161222339304531,0.003436426116838488,0.8865179437439379,0.0,42.0
steady_growth,me_bds_C3,15,12000,1031,0.46169287599718206,2.319419913217324,2.319419913217324,0.6802306675172858,0.003161222339304531,0.004581901489117984,0.8855480116391853,0.0,42.0
steady_growth,me_bds_C3,16,12000,1031,0.5379836401441507,1.7343078959597023,1.7343078959597023,1.263008214775553,0.002107481559536354,0.0,0.88360814742968,0.0,43.0
steady_growth,me_bds_C3,17,12000,1031,0.5057549592230404,1.6668154651355422,1.6668154651355422,1.3290200649358255,0.001053740779768177,0.001145475372279496,0.8913676042677012,0.0,43.0
steady_growth,me_bds_C3,18,12000,1031,0.43192107053806483,2.3894522954291944,2.3894522954291944,0.6077720956987065,0.002107481559536354,0.003436426116838488,0.8865179437439379,0.0,42.0
steady_growth,me_bds_C3,19,12000,1031,0.5282541464941043,1.9940553278121982,1.9940553278121982,0.9589540075432836,0.006322444678609062,0.004581901489117984,0.88360814742968,0.0,42.0
steady_growth,me_bds_C3,20,12000,1031,0.42111813981700386,2.0678211540815568,2.0678211540815568,0.931526104230791,0.0,0.0,0.8826382153249273,0.0,42.0
steady_growth,me_bds_C3,21,12000,1031,0.4682129381292962,1.5349386268035374,1.5349386268035374,1.4366154776259208,0.0,0.0,0.8884578079534433,0.0,43.0
steady_growth,me_bds_C3,22,12000,1031,0.5671376366791603,1.9607296520905635,1.9607296520905635,1.0337586732239927,0.01053740779768177,0.003436426116838488,0.8884578079534433,0.0,42.0
steady_growth,me_bds_C3,23,12000,1031,0.5313527498093419,1.8648780936439948,1.8648780936439948,1.1351219063560052,0.001053740779768177,0.002290950744558992,0.8874878758486906,0.0,43.0
steady_growth,me_bds_C3,24,12000,1031,0.5060364076992606,1.7191097189330407,1.7191097189330407,1.2702934187276895,0.0,0.0,0.8816682832201745,0.0,43.0
steady_growth,me_bds_C3,25,12000,1031,0.6584734250205699,1.755907454634766,1.755907454634766,1.2257713700542325,0.009483667017913594,0.0057273768613974796,0.8855480116391853,0.0,43.0
steady_growth,me_bds_C3,26,12000,1031,0.4414376634523867,2.3687772572808825,2.3687772572808825,0.6290610118351552,0.004214963119072708,0.006872852233676976,0.8787584869059166,0.0,42.0
steady_growth,me_bds_C3,27,12000,1031,0.41763567049976424,2.2892429609967024,2.2892429609967024,0.7083649481914236,0.0,0.001145475372279496,0.8874878758486906,0.0,42.0
steady_growth,me_bds_C3,28,12000,1031,0.33327793896288466,2.1960117927524294,2.1960117927524294,0.5398488048568666,0.0,0.0,0.88360814742968,0.0,42.0
steady_growth,me_bds_C3,29,12000,1031,0.49087573815772095,2.2407344967630607,2.2407344967630607,0.757539651906356,0.0,0.004581901489117984,0.8787584869059166,0.0,42.0
steady_growth,me_bds_C3,30,12000,1031,0.5275202283940553,1.612582451787759,1.612582451787759,1.3846748679613157,0.0,0.001145475372279496,0.8787584869059166,0.0,43.0
steady_growth,me_bds_C3,31,12000,1031,0.41802036939555626,1.6514454651373143,1.6514454651373143,1.0048657501319411,0.001053740779768177,0.001145475372279496,0.8855480116391853,0.0,42.0
steady_growth,me_bds_C3,32,12000,1031,0.47874762467604404,1.8270383642178203,1.8270383642178203,1.1509194153814661,0.006322444678609062,0.001145475372279496,0.8845780795344326,0.0,43.0
steady_growth,me_bds_C3,33,12000,1031,0.5440020907894,1.9567923167207226,1.9567923167207226,0.8661623799323621,0.006322444678609062,0.004581901489117984,0.8845780795344326,0.0,42.0
steady_growth,me_bds_C3,34,12000,1031,0.6626542831311508,1.7998538752881714,1.7998538752881714,1.194086065569806,0.003161222339304531,0.004581901489117984,0.8894277400581959,0.0,43.0
steady_growth,me_bds_C3,35,12000,1031,0.5285776098311937,1.79563680507799,1.79563680507799,1.2015778216671578,0.0,0.0,0.8806983511154219,0.0,43.0
steady_growth,me_bds_C3,36,12000,1031,0.4487884467588877,2.194982882554747,2.194982882554747,0.8039882072475706,0.001053740779768177,0.003436426116838488,0.8855480116391853,0.0,42.0
steady_growth,me_bds_C3,37,12000,1031,0.41102962501428303,2.406441946744728,2.406441946744728,0.5929795425797195,0.005268703898840885,0.001145475372279496,0.8845780795344326,0.0,42.0
steady_growth,me_bds_C3,38,12000,1031,0.41447421579025484,1.9164477801502855,1.9164477801502855,1.0697353519283936,0.001053740779768177,0.0,0.8777885548011639,0.0,42.0
steady_growth,me_bds_C3,39,12000,1031,0.5679375149504514,2.1387862718681987,2.1387862718681987,0.860580061264578,0.007376185458377239,0.0057273768613974796,0.88360814742968,0.0,42.0
steady_growth,me_bds_C3,40,12000,1031,0.3332292571400789,1.5030958028716626,1.5030958028716626,1.4855501623229301,0.0,0.0,0.8826382153249273,0.0,42.0
steady_growth,me_bds_C3,41,12000,1031,0.5212650038940061,2.315304574506584,2.315304574506584,0.6846611731956358,0.007376185458377239,0.006872852233676976,0.88360814742968,0.0,42.0
steady_growth,me_bds_C3,42,12000,1031,0.34225015811586446,1.782165660324054,1.782165660324054,0.6693501569511824,0.002107481559536354,0.001145475372279496,0.8816682832201745,0.0,42.0
steady_growth,me_bds_C3,43,12000,1031,0.6580725493742371,2.093028365652245,2.093028365652245,0.9044602811681415,0.007376185458377239,0.018327605956471937,0.8709990300678953,0.0,42.0
steady_growth,me_bds_C3,44,12000,1031,0.5317377826311845,1.8050052599545694,1.8050052599545694,1.1903619678412625,0.0,0.0,0.88360814742968,0.0,43.0
steady_growth,me_bds_C3,45,12000,1031,0.62885709175084,1.7829255128353267,1.7829255128353267,1.1516228787077267,0.008429926238145416,0.0057273768613974796,0.8797284190106692,0.0,43.0
steady_growth,me_bds_C3,46,12000,1031,0.543940115095773,1.9126773325040602,1.9126773325040602,1.0856744669754121,0.001053740779768177,0.0,0.8845780795344326,0.0,42.0
steady_growth,me_bds_C3,47,12000,1031,0.4690784966721136,2.185365893468763,2.185365893468763,0.8140475363462301,0.001053740779768177,0.002290950744558992,0.8768186226964112,0.0,42.0
steady_growth,me_bds_C4,0,12000,1031,0.6760458273593997,2.5571255180385464,2.5571255180385464,1.4163632206445484,0.004214963119072708,0.003436426116838488,0.8865179437439379,0.0,43.0
steady_growth,me_bds_C4,1,12000,1031,0.6133587638517214,2.710956297477516,2.710956297477516,1.2875820892638075,0.001053740779768177,0.006872852233676976,0.8787584869059166,0.0,43.0
steady_growth,me_bds_C4,2,12000,1031,0.6652831476413503,2.423042234901473,2.423042234901473,1.549576790402753,0.003161222339304531,0.001145475372279496,0.8884578079534433,0.0,43.0
steady_growth,me_bds_C4,3,12000,1031,0.46213560408687543,2.55865404182326,2.55865404182326,1.4310047077774826,0.001053740779768177,0.001145475372279496,0.8855480116391853,0.0,43.0
steady_growth,me_bds_C4,4,12000,1031,0.8275808321557113,2.6738450255214232,2.6738450255214232,1.322524166099086,0.012644889357218124,0.014891179839633447,0.8865179437439379,0.0,43.0
steady_growth,me_bds_C4,5,12000,1031,0.792393463082709,2.6060690915360496,2.6060690915360496,1.3937740581296083,0.008429926238145416,0.016036655211912942,0.8816682832201745,0.0,43.0
steady_growth,me_bds_C4,6,12000,1031,0.6138347615357959,2.4964379875800233,2.4964379875800233,1.4841228877016661,0.004214963119072708,0.001145475372279496,0.8845780795344326,0.0,43.0
steady_growth,me_bds_C4,7,12000,1031,0.6474042112862132,3.026038482219846,3.026038482219846,0.9697128595685669,0.001053740779768177,0.0057273768613974796,0.8826382153249273,0.0,42.0
steady_growth,me_bds_C4,8,12000,1031,0.661567139762697,2.552179653860364,2.552179653860364,1.442372685938878,0.005268703898840885,0.009163802978235968,0.8787584869059166,0.0,43.0
steady_growth,me_bds_C4,9,12000,1031,0.7450755361841144,2.5243799069663595,2.5243799069663595,1.46766429698026,0.009483667017913594,0.0057273768613974796,0.8903976721629486,0.0,43.0
steady_growth,me_bds_C4,10,12000,1031,0.5465879894267486,2.7465558850748053,2.7465558850748053,1.2507823523332107,0.002107481559536354,0.002290950744558992,0.8797284190106692,0.0,43.0
steady_growth,me_bds_C4,11,12000,1031,0.6713465214805469,2.6738450255214232,2.6738450255214232,1.322524166099086,0.005268703898840885,0.006872852233676976,0.8865179437439379,0.0,43.0
steady_growth,me_bds_C4,12,12000,1031,0.6835110150549951,2.8638407322199697,2.8638407322199697,1.1351219063560052,0.004214963119072708,0.008018327605956471,0.8758486905916586,0.0,43.0
steady_growth,me_bds_C4,13,12000,1031,0.43902838492587254,3.3355407580763554,3.3355407580763554,0.6539852401777893,0.001053740779768177,0.004581901489117984,0.8865179437439379,0.0,42.0
steady_growth,me_bds_C4,14,12000,1031,0.9015042688946839,2.610274106426587,2.610274106426587,1.3846748679613157,0.0136986301369863,0.01718213058419244,0.8855480116391853,0.0,43.0
steady_growth,me_bds_C4,15,12000,1031,0.7752703140459529,2.4231358372711185,2.4231358372711185,1.5595483420372744,0.006322444678609062,0.008018327605956471,0.8797284190106692,0.0,43.0
steady_growth,me_bds_C4,16,12000,1031,0.661812004077619,2.7019392789959085,2.7019392789959085,1.2950508599129904,0.008429926238145416,0.006872852233676976,0.8874878758486906,0.0,43.0
steady_growth,me_bds_C4,17,12000,1031,0.5629420206181405,3.1670011667202687,3.1670011667202687,0.8310530847702609,0.001053740779768177,0.0057273768613974796,0.8845780795344326,0.0,42.0
steady_growth,me_bds_C4,18,12000,1031,0.5692139127691233,2.625471439163263,2.625471439163263,1.3465757901213706,0.002107481559536354,0.0057273768613974796,0.8855480116391853,0.0,43.0
steady_growth,me_bds_C4,19,12000,1031,0.6380522493249673,2.816149625590853,2.816149625590853,1.1836442405234635,0.003161222339304531,0.0057273768613974796,0.8855480116391853,0.0,43.0
steady_growth,me_bds_C4,20,12000,1031,0.5205747900091587,3.2775316120267135,3.2775316120267135,0.7174955583698903,0.004214963119072708,0.008018327605956471,0.8797284190106692,0.0,42.0
steady_growth,me_bds_C4,21,12000,1031,0.6038566900530595,3.1570823267564805,3.1570823267564805,0.8418727404750754,0.004214963119072708,0.006872852233676976,0.8845780795344326,0.0,42.0
steady_growth,me_bds_C4,22,12000,1031,0.6450927204841318,2.864878093643995,2.864878093643995,1.1351219063560052,0.004214963119072708,0.006872852233676976,0.8845780795344326,0.0,43.0
steady_growth,me_bds_C4,23,12000,1031,0.41149024682848484,2.4829100793313117,2.4829100793313117,1.464447127754319,0.001053740779768177,0.001145475372279496,0.8845780795344326,0.0,43.0
steady_growth,me_bds_C4,24,12000,1031,0.3845850374299226,2.522582741040843,2.522582741040843,1.4413459581767398,0.001053740779768177,0.001145475372279496,0.8855480116391853,0.0,43.0
steady_growth,me_bds_C4,25,12000,1031,0.7141129462759903,2.864878093643995,2.864878093643995,1.1351219063560052,0.005268703898840885,0.0057273768613974796,0.8845780795344326,0.0,43.0
steady_growth,me_bds_C4,26,12000,1031,0.667477317112869,2.901579498899686,2.901579498899686,1.0965505919976266,0.004214963119072708,0.009163802978235968,0.8816682832201745,0.0,42.0
steady_growth,me_bds_C4,27,12000,1031,0.7210923204459472,2.8538150600613577,2.8538150600613577,1.1379014039483195,0.01053740779768177,0.008018327605956471,0.8768186226964112,0.0,43.0
steady_growth,me_bds_C4,28,12000,1031,0.670291436453609,2.9735623574001195,2.9735623574001195,1.0263236301353942,0.005268703898840885,0.004581901489117984,0.8933074684772065,0.0,42.0
steady_growth,me_bds_C4,29,12000,1031,0.8271719720161577,2.7035627904226516,2.7035627904226516,1.2950508599129904,0.014752370916754479,0.010309278350515464,0.8826382153249273,0.0,43.0
steady_growth,me_bds_C4,30,12000,1031,0.5806750981805007,2.724692483148523,2.724692483148523,1.2692142284189245,0.001053740779768177,0.001145475372279496,0.8865179437439379,0.0,43.0
steady_growth,me_bds_C4,31,12000,1031,0.8306610414411427,2.7902208786462808,2.7902208786462808,1.2091839444394878,0.0136986301369863,0.010309278350515464,0.8816682832201745,0.0,43.0
steady_growth,me_bds_C4,32,12000,1031,0.4797315127843556,3.3530050026805753,3.3530050026805753,0.6468014540705127,0.001053740779768177,0.002290950744558992,0.8884578079534433,0.0,42.0
steady_growth,me_bds_C4,33,12000,1031,0.7915310783506196,2.600391699770036,2.600391699770036,1.3699171992826535,0.011591148577449948,0.014891179839633447,0.8797284190106692,0.0,43.0
steady_growth,me_bds_C4,34,12000,1031,0.6634178674781729,2.7673711374347434,2.7673711374347434,1.2321041206197876,0.011591148577449948,0.008018327605956471,0.8739088263821533,0.0,43.0
steady_growth,me_bds_C4,35,12000,1031,0.6475057476877278,2.543120962132221,2.543120962132221,1.452430142288236,0.007376185458377239,0.0057273768613974796,0.88360814742968,0.0,43.0
steady_growth,me_bds_C4,36,12000,1031,0.8272396483376006,2.7673711374347434,2.7673711374347434,1.231516637385269,0.011591148577449948,0.009163802978235968,0.8787584869059166,0.0,43.0
steady_growth,me_bds_C4,37,12000,1031,0.6658223079094168,2.939235808059216,2.939235808059216,1.0567097727931554,0.007376185458377239,0.004581901489117984,0.8865179437439379,0.0,42.0
steady_growth,me_bds_C4,38,12000,1031,0.8692359294698269,2.4920793752466324,2.4920793752466324,1.4965801829421466,0.01685985247629083,0.013745704467353952,0.8768186226964112,0.0,43.0
steady_growth,me_bds_C4,39,12000,1031,0.44237762813732934,3.3227389577317226,3.3227389577317226,0.676417062955764,0.0,0.002290950744558992,0.8894277400581959,0.0,42.0
steady_growth,me_bds_C4,40,12000,1031,0.6926453583065898,2.436765313969879,2.436765313969879,1.5601274705683323,0.009483667017913594,0.004581901489117984,0.8816682832201745,0.0,43.0
steady_growth,me_bds_C4,41,12000,1031,0.7925525655428803,2.4604488193130933,2.4604488193130933,1.5268832132451777,0.009483667017913594,0.010309278350515464,0.8874878758486906,0.0,43.0
steady_growth,me_bds_C4,42,12000,1031,0.703955458583182,2.643533387796637,2.643533387796637,1.3563381343059788,0.004214963119072708,0.0057273768613974796,0.8933074684772065,0.0,43.0
steady_growth,me_bds_C4,43,12000,1031,0.6169581956471779,2.1288562970282854,2.1288562970282854,1.7624227339608822,0.004214963119072708,0.004581901489117984,0.8865179437439379,0.0,43.0
steady_growth,me_bds_C4,44,12000,1031,0.5814472222873,3.139419938735422,3.139419938735422,0.8595791011663181,0.003161222339304531,0.006872852233676976,0.8865179437439379,0.0,42.0
steady_growth,me_bds_C4,45,12000,1031,0.6134437584836346,2.864878093643995,2.864878093643995,1.1351219063560052,0.0,0.003436426116838488,0.8865179437439379,0.0,43.0
steady_growth,me_bds_C4,46,12000,1031,0.7670442739207372,2.8084814497976964,2.8084814497976964,1.1903619678412625,0.011591148577449948,0.006872852233676976,0.8933074684772065,0.0,43.0
steady_growth,me_bds_C4,47,12000,1031,0.4587837501322154,2.6018297594142368,2.6018297594142368,1.3568942151107706,0.002107481559536354,0.003436426116838488,0.8806983511154219,0.0,43.0
bursty_growth,uniform_iid,0,12000,704,4.202676270087367,17.924889816971735,14.292297683028874,17.924889816971735,0.013719512195121951,0.02138157894736842,0.8849431818181818,0.0,76.0
bursty_growth,uniform_iid,1,12000,704,4.2498377452121145,18.924889816971735,15.075110183028265,18.924889816971735,0.01676829268292683,0.02631578947368421,0.8877840909090909,0.0,77.0
bursty_growth,uniform_iid,2,12000,704,4.144884617757819,18.924889816971735,16.075110183028265,18.924889816971735,0.018292682926829267,0.014802631578947368,0.9005681818181818,0.0,77.0
bursty_growth,uniform_iid,3,12000,704,3.9770383027406537,17.924889816971735,17.075110183028265,17.924889816971735,0.01676829268292683,0.02138157894736842,0.8948863636363636,0.0,76.0
bursty_growth,uniform_iid,4,12000,704,4.158786293655174,25.924889816971735,16.700110183028265,25.924889816971735,0.018292682926829267,0.01644736842105263,0.8948863636363636,0.0,84.0
bursty_growth,uniform_iid,5,12000,704,3.9867043056344116,17.924889816971735,17.700110183028265,17.924889816971735,0.010670731707317074,0.02138157894736842,0.8849431818181818,0.0,76.0
bursty_growth,uniform_iid,6,12000,704,4.069633508235001,17.299889816971735,17.075110183028265,17.299889816971735,0.012195121951219513,0.006578947368421052,0.8991477272727273,0.0,74.0
bursty_growth,uniform_iid,7,12000,704,3.976751868884611,20.924889816971735,12.597086644067808,20.924889816971735,0.013719512195121951,0.018092105263157895,0.8963068181818182,0.0,79.0
bursty_growth,uniform_iid,8,12000,704,4.263299920865489,19.924889816971735,19.075110183028265,19.924889816971735,0.009146341463414634,0.01644736842105263,0.9034090909090909,0.0,78.0
bursty_growth,uniform_iid,9,12000,704,3.816613912182439,16.924889816971735,13.987610183028877,16.924889816971735,0.010670731707317074,0.013157894736842105,0.9005681818181818,0.0,75.0
bursty_growth,uniform_iid,10,12000,704,4.121247828858312,20.075110183028265,20.075110183028265,17.402913355932192,0.013719512195121951,0.011513157894736841,0.8934659090909091,0.0,69.0
bursty_growth,uniform_iid,11,12000,704,4.312301374843316,20.012389816971123,17.700110183028265,20.012389816971123,0.013719512195121951,0.02138157894736842,0.8934659090909091,0.0,78.0
bursty_growth,uniform_iid,12,12000,704,4.1911233571298485,18.402913355932192,12.292297683028874,18.402913355932192,0.019817073170731708,0.018092105263157895,0.8977272727272727,0.0,75.0
bursty_growth,uniform_iid,13,12000,704,4.423475149041665,22.075110183028265,22.075110183028265,15.012389816971123,0.010670731707317074,0.018092105263157895,0.8934659090909091,0.0,72.0
bursty_growth,uniform_iid,14,12000,704,4.009989783459819,15.292297683028874,15.292297683028874,14.299889816971735,0.013719512195121951,0.018092105263157895,0.8934659090909091,0.0,70.0
bursty_growth,uniform_iid,15,12000,704,4.157166679564861,15.924889816971735,15.075110183028265,15.924889816971735,0.01524390243902439,0.008223684210526315,0.9090909090909091,0.0,74.0
bursty_growth,uniform_iid,16,12000,704,3.8551191250238377,16.075110183028265,16.075110183028265,14.012389816971123,0.01676829268292683,0.023026315789473683,0.8821022727272727,0.0,68.0
bursty_growth,uniform_iid,17,12000,704,4.10058414512264,20.075110183028265,20.075110183028265,16.924889816971735,0.024390243902439025,0.023026315789473683,0.8849431818181818,0.0,75.0
bursty_growth,uniform_iid,18,12000,704,4.098163409056559,23.075110183028265,23.075110183028265,13.707702316971126,0.009146341463414634,0.019736842105263157,0.8948863636363636,0.0,71.0
bursty_growth,uniform_iid,19,12000,704,4.116025785245538,23.299889816971735,20.075110183028265,23.299889816971735,0.01524390243902439,0.013157894736842105,0.890625,0.0,77.0
bursty_growth,uniform_iid,20,12000,704,4.23698665957739,20.075110183028265,20.075110183028265,16.924889816971735,0.010670731707317074,0.018092105263157895,0.8892045454545454,0.0,75.0
bursty_growth,uniform_iid,21,12000,704,4.1851341332880425,20.924889816971735,16.292297683028874,20.924889816971735,0.013719512195121951,0.02138157894736842,0.8877840909090909,0.0,79.0
bursty_growth,uniform_iid,22,12000,704,4.09150282607974,18.299889816971735,14.700110183028265,18.299889816971735,0.018292682926829267,0.013157894736842105,0.8963068181818182,0.0,69.0
bursty_growth,uniform_iid,23,12000,704,4.069536305702968,18.924889816971735,14.987610183028877,18.924889816971735,0.01676829268292683,0.02631578947368421,0.8849431818181818,0.0,77.0
bursty_growth,uniform_iid,24,12000,704,4.144797283170382,17.700110183028265,17.700110183028265,15.924889816971735,0.007621951219512195,0.023026315789473683,0.8934659090909091,0.0,74.0
bursty_growth,uniform_iid,25,12000,704,4.379735364137934,23.075110183028265,23.075110183028265,21.299889816971735,0.022865853658536585,0.023026315789473683,0.8920454545454546,0.0,69.0
bursty_growth,uniform_iid,26,12000,704,4.217785434174907,17.924889816971735,13.075110183028265,17.924889816971735,0.01676829268292683,0.019736842105263157,0.8963068181818182,0.0,76.0
bursty_growth,uniform_iid,27,12000,704,3.812895967806524,15.924889816971735,12.700110183028265,15.924889816971735,0.012195121951219513,0.018092105263157895,0.9076704545454546,0.0,74.0
bursty_growth,uniform_iid,28,12000,704,4.186415870010043,27.299889816971735,17.075110183028265,27.299889816971735,0.012195121951219513,0.014802631578947368,0.9048295454545454,0.0,74.0
bursty_growth,uniform_iid,29,12000,704,4.008754369064212,20.299889816971735,14.075110183028265,20.299889816971735,0.010670731707317074,0.018092105263157895,0.8963068181818182,0.0,75.0
bursty_growth,uniform_iid,30,12000,704,4.279462233356794,23.075110183028265,23.075110183028265,17.299889816971735,0.01524390243902439,0.018092105263157895,0.8977272727272727,0.0,75.0
bursty_growth,uniform_iid,31,12000,704,4.321340810180129,19.924889816971735,15.292297683028874,19.924889816971735,0.012195121951219513,0.013157894736842105,0.8963068181818182,0.0,78.0
bursty_growth,uniform_iid,32,12000,704,3.8923179129562633,17.075110183028265,17.075110183028265,15.299889816971735,0.013719512195121951,0.023026315789473683,0.8963068181818182,0.0,71.0
bursty_growth,uniform_iid,33,12000,704,4.05441073081109,17.299889816971735,14.075110183028265,17.299889816971735,0.018292682926829267,0.018092105263157895,0.8863636363636364,0.0,74.0
bursty_growth,uniform_iid,34,12000,704,4.32616803606697,18.924889816971735,16.075110183028265,18.924889816971735,0.021341463414634148,0.014802631578947368,0.8991477272727273,0.0,77.0
bursty_growth,uniform_iid,35,12000,704,4.073628009324103,22.924889816971735,15.292297683028874,22.924889816971735,0.010670731707317074,0.018092105263157895,0.8892045454545454,0.0,81.0
bursty_growth,uniform_iid,36,12000,704,4.321052216227265,19.700110183028265,19.700110183028265,15.924889816971735,0.007621951219512195,0.02138157894736842,0.8806818181818182,0.0,74.0
bursty_growth,uniform_iid,37,12000,704,4.170853320979589,15.012389816971123,13.075110183028265,15.012389816971123,0.010670731707317074,0.014802631578947368,0.8948863636363636,0.0,72.0
bursty_growth,uniform_iid,38,12000,704,4.093440453946378,17.299889816971735,13.292297683028874,17.299889816971735,0.010670731707317074,0.027960526315789474,0.8920454545454546,0.0,72.0
bursty_growth,uniform_iid,39,12000,704,4.274933559992732,17.924889816971735,15.075110183028265,17.924889816971735,0.013719512195121951,0.014802631578947368,0.9048295454545454,0.0,76.0
bursty_growth,uniform_iid,40,12000,704,3.9998938985089905,18.299889816971735,12.700110183028265,18.299889816971735,0.01524390243902439,0.01644736842105263,0.9034090909090909,0.0,72.0
bursty_growth,uniform_iid,41,12000,704,4.165358187407181,20.299889816971735,16.075110183028265,20.299889816971735,0.01524390243902439,0.011513157894736841,0.8877840909090909,0.0,77.0
bursty_growth,uniform_iid,42,12000,704,4.079558839979429,22.012389816971123,15.075110183028265,22.012389816971123,0.012195121951219513,0.011513157894736841,0.8948863636363636,0.0,75.0
bursty_growth,uniform_iid,43,12000,704,4.082309257226587,18.299889816971735,13.292297683028874,18.299889816971735,0.012195121951219513,0.01644736842105263,0.8991477272727273,0.0,74.0
bursty_growth,uniform_iid,44,12000,704,4.084551587818476,19.402913355932192,14.075110183028265,19.402913355932192,0.019817073170731708,0.01644736842105263,0.8877840909090909,0.0,71.0
bursty_growth,uniform_iid,45,12000,704,4.01795384640217,19.924889816971735,17.075110183028265,19.924889816971735,0.021341463414634148,0.02138157894736842,0.8821022727272727,0.0,78.0
bursty_growth,uniform_iid,46,12000,704,4.050573673838957,16.700110183028265,16.700110183028265,15.577020498790205,0.013719512195121951,0.018092105263157895,0.8934659090909091,0.0,71.0
bursty_growth,uniform_iid,47,12000,704,4.195108548195126,16.012389816971123,12.422979501209795,16.012389816971123,0.009146341463414634,0.019736842105263157,0.8963068181818182,0.0,72.0
bursty_growth,production_causal_shuffle,0,12000,704,0.6477598475359875,2.075110183028265,2.075110183028265,1.0813816518824666,0.0,0.0,0.9318181818181818,0.0,57.0
bursty_growth,production_causal_shuffle,1,12000,704,0.6722983609981653,2.075110183028265,2.075110183028265,1.0813816518824666,0.0,0.0,0.9318181818181818,0.0,57.0
bursty_growth,production_causal_shuffle,2,12000,704,0.658724801947007,2.075110183028265,2.075110183028265,1.0813816518824666,0.0,0.0,0.9318181818181818,0.0,57.0
bursty_growth,production_causal_shuffle,3,12000,704,0.6639716765675491,2.075110183028265,2.075110183028265,1.0813816518824666,0.0,0.0,0.9318181818181818,0.0,57.0
bursty_growth,production_causal_shuffle,4,12000,704,0.6677736988936022,2.075110183028265,2.075110183028265,1.0813816518824666,0.0,0.0,0.9318181818181818,0.0,57.0
bursty_growth,production_causal_shuffle,5,12000,704,0.6498005270861144,2.075110183028265,2.075110183028265,1.0813816518824666,0.0,0.0,0.9318181818181818,0.0,57.0
bursty_growth,production_causal_shuffle,6,12000,704,0.6735975642243119,2.075110183028265,2.075110183028265,1.0813816518824666,0.0,0.0,0.9318181818181818,0.0,57.0
bursty_growth,production_causal_shuffle,7,12000,704,0.6470245036804387,2.075110183028265,2.075110183028265,1.0813816518824666,0.0,0.0,0.9318181818181818,0.0,57.0
bursty_growth,production_causal_shuffle,8,12000,704,0.6671559892401041,2.075110183028265,2.075110183028265,1.0813816518824666,0.0,0.0,0.9318181818181818,0.0,57.0
bursty_growth,production_causal_shuffle,9,12000,704,0.6475367828555774,2.075110183028265,2.075110183028265,1.0813816518824666,0.0,0.0,0.9318181818181818,0.0,57.0
bursty_growth,production_causal_shuffle,10,12000,704,0.6519375661598031,2.075110183028265,2.075110183028265,1.0813816518824666,0.0,0.0,0.9318181818181818,0.0,57.0
bursty_growth,production_causal_shuffle,11,12000,704,0.6488689355718744,2.075110183028265,2.075110183028265,1.0813816518824666,0.0,0.0,0.9318181818181818,0.0,57.0
bursty_growth,production_causal_shuffle,12,12000,704,0.6666408091546148,2.075110183028265,2.075110183028265,1.0813816518824666,0.0,0.0,0.9318181818181818,0.0,57.0
bursty_growth,production_causal_shuffle,13,12000,704,0.6922063073184126,2.075110183028265,2.075110183028265,1.0813816518824666,0.0,0.0,0.9318181818181818,0.0,57.0
bursty_growth,production_causal_shuffle,14,12000,704,0.6606395059153883,2.075110183028265,2.075110183028265,1.0813816518824666,0.0,0.0,0.9318181818181818,0.0,57.0
bursty_growth,production_causal_shuffle,15,12000,704,0.6632136356966498,2.075110183028265,2.075110183028265,1.0813816518824666,0.0,0.0,0.9318181818181818,0.0,57.0
bursty_growth,production_causal_shuffle,16,12000,704,0.6614589344050102,2.075110183028265,2.075110183028265,1.0813816518824666,0.0,0.0,0.9318181818181818,0.0,57.0
bursty_growth,production_causal_shuffle,17,12000,704,0.6580900716214698,2.075110183028265,2.075110183028265,1.0813816518824666,0.0,0.0,0.9318181818181818,0.0,57.0
bursty_growth,production_causal_shuffle,18,12000,704,0.6451586065749547,2.075110183028265,2.075110183028265,1.0813816518824666,0.0,0.0,0.9318181818181818,0.0,57.0
bursty_growth,production_causal_shuffle,19,12000,704,0.6543996598491398,2.075110183028265,2.075110183028265,1.0813816518824666,0.0,0.0,0.9318181818181818,0.0,57.0
bursty_growth,production_causal_shuffle,20,12000,704,0.6568892164796462,2.075110183028265,2.075110183028265,1.0813816518824666,0.0,0.0,0.9318181818181818,0.0,57.0
bursty_growth,production_causal_shuffle,21,12000,704,0.6586224444560447,2.075110183028265,2.075110183028265,1.0813816518824666,0.0,0.0,0.9318181818181818,0.0,57.0
bursty_growth,production_causal_shuffle,22,12000,704,0.6719290145910257,2.075110183028265,2.075110183028265,1.0813816518824666,0.0,0.0,0.9318181818181818,0.0,57.0
bursty_growth,production_causal_shuffle,23,12000,704,0.6898387435896635,2.075110183028265,2.075110183028265,1.0813816518824666,0.0,0.0,0.9318181818181818,0.0,57.0
bursty_growth,production_causal_shuffle,24,12000,704,0.6591135833797453,2.075110183028265,2.075110183028265,1.0813816518824666,0.0,0.0,0.9318181818181818,0.0,57.0
bursty_growth,production_causal_shuffle,25,12000,704,0.6780955082800336,2.075110183028265,2.075110183028265,1.0813816518824666,0.0,0.0,0.9318181818181818,0.0,57.0
bursty_growth,production_causal_shuffle,26,12000,704,0.6626594683291483,2.075110183028265,2.075110183028265,1.0813816518824666,0.0,0.0,0.9318181818181818,0.0,57.0
bursty_growth,production_causal_shuffle,27,12000,704,0.6565692896298756,2.075110183028265,2.075110183028265,1.0813816518824666,0.0,0.0,0.9318181818181818,0.0,57.0
bursty_growth,production_causal_shuffle,28,12000,704,0.6401822496605222,2.075110183028265,2.075110183028265,1.0813816518824666,0.0,0.0,0.9318181818181818,0.0,57.0
bursty_growth,production_causal_shuffle,29,12000,704,0.6439756738638646,2.075110183028265,2.075110183028265,1.0813816518824666,0.0,0.0,0.9318181818181818,0.0,57.0
bursty_growth,production_causal_shuffle,30,12000,704,0.6734303818143207,2.075110183028265,2.075110183028265,1.0813816518824666,0.0,0.0,0.9318181818181818,0.0,57.0
bursty_growth,production_causal_shuffle,31,12000,704,0.6963385642433856,2.075110183028265,2.075110183028265,1.0813816518824666,0.0,0.0,0.9318181818181818,0.0,57.0
bursty_growth,production_causal_shuffle,32,12000,704,0.6630158588689771,2.075110183028265,2.075110183028265,1.0813816518824666,0.0,0.0,0.9318181818181818,0.0,57.0
bursty_growth,production_causal_shuffle,33,12000,704,0.664571444983438,2.075110183028265,2.075110183028265,1.0813816518824666,0.0,0.0,0.9318181818181818,0.0,57.0
bursty_growth,production_causal_shuffle,34,12000,704,0.6719868169216485,2.075110183028265,2.075110183028265,1.0813816518824666,0.0,0.0,0.9318181818181818,0.0,57.0
bursty_growth,production_causal_shuffle,35,12000,704,0.6646961982127177,2.075110183028265,2.075110183028265,1.0813816518824666,0.0,0.0,0.9318181818181818,0.0,57.0
bursty_growth,production_causal_shuffle,36,12000,704,0.6509758355110083,2.075110183028265,2.075110183028265,1.0813816518824666,0.0,0.0,0.9318181818181818,0.0,57.0
bursty_growth,production_causal_shuffle,37,12000,704,0.6810885005505474,2.075110183028265,2.075110183028265,1.0813816518824666,0.0,0.0,0.9318181818181818,0.0,57.0
bursty_growth,production_causal_shuffle,38,12000,704,0.6739910654671823,2.075110183028265,2.075110183028265,1.0813816518824666,0.0,0.0,0.9318181818181818,0.0,57.0
bursty_growth,production_causal_shuffle,39,12000,704,0.6744504435200132,2.075110183028265,2.075110183028265,1.0813816518824666,0.0,0.0,0.9318181818181818,0.0,57.0
bursty_growth,production_causal_shuffle,40,12000,704,0.6658359177688817,2.075110183028265,2.075110183028265,1.0813816518824666,0.0,0.0,0.9318181818181818,0.0,57.0
bursty_growth,production_causal_shuffle,41,12000,704,0.6650108307027008,2.075110183028265,2.075110183028265,1.0813816518824666,0.0,0.0,0.9318181818181818,0.0,57.0
bursty_growth,production_causal_shuffle,42,12000,704,0.6719700371935449,2.075110183028265,2.075110183028265,1.0813816518824666,0.0,0.0,0.9318181818181818,0.0,57.0
bursty_growth,production_causal_shuffle,43,12000,704,0.6702002708255924,2.075110183028265,2.075110183028265,1.0813816518824666,0.0,0.0,0.9318181818181818,0.0,57.0
bursty_growth,production_causal_shuffle,44,12000,704,0.6831401728185176,2.075110183028265,2.075110183028265,1.0813816518824666,0.0,0.0,0.9318181818181818,0.0,57.0
bursty_growth,production_causal_shuffle,45,12000,704,0.6776355552026738,2.075110183028265,2.075110183028265,1.0813816518824666,0.0,0.0,0.9318181818181818,0.0,57.0
bursty_growth,production_causal_shuffle,46,12000,704,0.6569973508607512,2.075110183028265,2.075110183028265,1.0813816518824666,0.0,0.0,0.9318181818181818,0.0,57.0
bursty_growth,production_causal_shuffle,47,12000,704,0.6788386554161085,2.075110183028265,2.075110183028265,1.0813816518824666,0.0,0.0,0.9318181818181818,0.0,57.0
bursty_growth,active_archive_D0,0,12000,704,0.7262078716227016,2.075110183028265,2.075110183028265,1.6718421782004995,0.0,0.0,0.9375,0.0,58.0
bursty_growth,active_archive_D0,1,12000,704,0.7419184437765717,3.075110183028265,3.075110183028265,1.6718421782004995,0.0,0.0,0.9261363636363636,0.0,59.0
bursty_growth,active_archive_D0,2,12000,704,0.7485939375028408,2.700110183028265,2.700110183028265,2.141485035341269,0.0,0.0,0.9303977272727273,0.0,58.0
bursty_growth,active_archive_D0,3,12000,704,0.7714506562063269,2.141485035341269,2.075110183028265,2.141485035341269,0.0,0.0,0.9375,0.0,59.0
bursty_growth,active_archive_D0,4,12000,704,0.7335756705100206,2.075110183028265,2.075110183028265,1.6718421782004995,0.0,0.0,0.9303977272727273,0.0,58.0
bursty_growth,active_archive_D0,5,12000,704,0.7653451667895496,3.075110183028265,3.075110183028265,1.707702316971126,0.0,0.0,0.9247159090909091,0.0,58.0
bursty_growth,active_archive_D0,6,12000,704,0.7939066141809686,2.075110183028265,2.075110183028265,1.707702316971126,0.0,0.0,0.953125,0.0,57.0
bursty_growth,active_archive_D0,7,12000,704,0.775949215690793,2.0813816518824666,2.075110183028265,2.0813816518824666,0.0,0.0,0.9431818181818182,0.0,59.0
bursty_growth,active_archive_D0,8,12000,704,0.7788407385373228,2.075110183028265,2.075110183028265,1.6718421782004995,0.0,0.0,0.9289772727272727,0.0,58.0
bursty_growth,active_archive_D0,9,12000,704,0.8641880809900855,3.075110183028265,3.075110183028265,2.5536486500469735,0.0,0.0,0.9460227272727273,0.0,57.0
bursty_growth,active_archive_D0,10,12000,704,0.7376546447518587,2.467656910341269,2.075110183028265,2.467656910341269,0.0,0.0,0.9403409090909091,0.0,59.0
bursty_growth,active_archive_D0,11,12000,704,0.7546310779278286,2.700110183028265,2.700110183028265,2.0813816518824666,0.0,0.0,0.9403409090909091,0.0,60.0
bursty_growth,active_archive_D0,12,12000,704,0.7014886858757855,2.467656910341269,1.700110183028265,2.467656910341269,0.0,0.0,0.9403409090909091,1.0,58.0
bursty_growth,active_archive_D0,13,12000,704,0.6311932816047487,2.292297683028874,2.292297683028874,1.560577997873537,0.0,0.0,0.9232954545454546,0.0,58.0
bursty_growth,active_archive_D0,14,12000,704,0.6661434706338641,2.9876101830288775,2.9876101830288775,1.560577997873537,0.0,0.0,0.9275568181818182,0.0,58.0
bursty_growth,active_archive_D0,15,12000,704,0.793833954948196,2.0813816518824666,2.075110183028265,2.0813816518824666,0.0,0.0,0.9545454545454546,0.0,58.0
bursty_growth,active_archive_D0,16,12000,704,0.7993110898967029,3.075110183028265,3.075110183028265,2.0813816518824666,0.0,0.0,0.9474431818181818,0.0,58.0
bursty_growth,active_archive_D0,17,12000,704,0.7607357497744943,3.075110183028265,3.075110183028265,1.707702316971126,0.0,0.0,0.9289772727272727,0.0,57.0
bursty_growth,active_archive_D0,18,12000,704,0.7062244463952199,2.075110183028265,2.075110183028265,1.6718421782004995,0.0,0.0,0.9232954545454546,0.0,58.0
bursty_growth,active_archive_D0,19,12000,704,0.7502730241583422,2.075110183028265,2.075110183028265,1.6718421782004995,0.0,0.0,0.9261363636363636,0.0,58.0
bursty_growth,active_archive_D0,20,12000,704,0.8673026673608798,3.075110183028265,3.075110183028265,2.0813816518824666,0.0,0.0,0.9559659090909091,0.0,59.0
bursty_growth,active_archive_D0,21,12000,704,0.723144854796446,2.292297683028874,2.292297683028874,1.6718421782004995,0.0,0.0,0.9232954545454546,0.0,58.0
bursty_growth,active_archive_D0,22,12000,704,0.7198755287326839,2.075110183028265,2.075110183028265,1.6718421782004995,0.0,0.0,0.9275568181818182,0.0,58.0
bursty_growth,active_archive_D0,23,12000,704,0.7339579447690402,3.075110183028265,3.075110183028265,2.467656910341269,0.0,0.0,0.9488636363636364,0.0,59.0
bursty_growth,active_archive_D0,24,12000,704,0.7807352384757488,2.700110183028265,2.700110183028265,2.5536486500469735,0.0,0.0,0.9545454545454546,0.0,58.0
bursty_growth,active_archive_D0,25,12000,704,0.7896834827280118,2.700110183028265,2.700110183028265,2.6206741517201593,0.0,0.0,0.9417613636363636,0.0,59.0
bursty_growth,active_archive_D0,26,12000,704,0.7794147171098903,3.075110183028265,3.075110183028265,1.6718421782004995,0.0,0.0,0.9289772727272727,0.0,59.0
bursty_growth,active_archive_D0,27,12000,704,0.8089988294229595,3.075110183028265,3.075110183028265,2.141485035341269,0.0,0.0,0.9403409090909091,0.0,60.0
bursty_growth,active_archive_D0,28,12000,704,0.7816630505775949,2.700110183028265,2.700110183028265,2.0813816518824666,0.0,0.0,0.9502840909090909,0.0,59.0
bursty_growth,active_archive_D0,29,12000,704,0.7945717345014164,2.700110183028265,2.700110183028265,2.6206741517201593,0.0,0.0,0.9375,0.0,60.0
bursty_growth,active_archive_D0,30,12000,704,0.8110025386750435,3.075110183028265,3.075110183028265,2.0813816518824666,0.0,0.0,0.9517045454545454,0.0,58.0
bursty_growth,active_archive_D0,31,12000,704,0.7531311944655007,2.075110183028265,2.075110183028265,1.6718421782004995,0.004573170731707317,0.0,0.9204545454545454,0.0,58.0
bursty_growth,active_archive_D0,32,12000,704,0.7566099498117211,2.700110183028265,2.700110183028265,2.0813816518824666,0.0,0.0,0.9502840909090909,0.0,59.0
bursty_growth,active_archive_D0,33,12000,704,0.775529533252506,3.700110183028265,3.700110183028265,2.0813816518824666,0.0,0.0,0.9460227272727273,0.0,59.0
bursty_growth,active_archive_D0,34,12000,704,0.7785125860451315,2.292297683028874,2.292297683028874,1.6718421782004995,0.0,0.0,0.9204545454545454,0.0,58.0
bursty_growth,active_archive_D0,35,12000,704,0.8559616452576102,2.9876101830288775,2.9876101830288775,2.299889816971735,0.0,0.0,0.921875,0.0,57.0
bursty_growth,active_archive_D0,36,12000,704,0.7778371270112194,2.9876101830288775,2.9876101830288775,1.6718421782004995,0.0,0.0,0.9303977272727273,0.0,59.0
bursty_growth,active_archive_D0,37,12000,704,0.7780197333150364,2.292297683028874,2.292297683028874,1.6718421782004995,0.0,0.0,0.9289772727272727,0.0,58.0
bursty_growth,active_archive_D0,38,12000,704,0.783450588400907,3.075110183028265,3.075110183028265,1.560577997873537,0.0,0.0,0.921875,0.0,59.0
bursty_growth,active_archive_D0,39,12000,704,0.7403686014611778,3.075110183028265,3.075110183028265,2.2317736500445378,0.0,0.0,0.9247159090909091,0.0,58.0
bursty_growth,active_archive_D0,40,12000,704,0.7853606597816156,2.075110183028265,2.075110183028265,1.707702316971126,0.0,0.0,0.9303977272727273,0.0,58.0
bursty_growth,active_archive_D0,41,12000,704,0.8635037000113233,3.075110183028265,3.075110183028265,2.467656910341269,0.0,0.0,0.9303977272727273,0.0,58.0
bursty_growth,active_archive_D0,42,12000,704,0.6847429896319629,2.292297683028874,2.292297683028874,1.6206741517201593,0.0,0.0,0.9261363636363636,0.0,58.0
bursty_growth,active_archive_D0,43,12000,704,0.8245027228369933,2.075110183028265,2.075110183028265,1.707702316971126,0.0,0.0,0.9488636363636364,0.0,58.0
bursty_growth,active_archive_D0,44,12000,704,0.8738485360990937,3.075110183028265,3.075110183028265,2.299889816971735,0.0,0.0,0.9488636363636364,0.0,58.0
bursty_growth,active_archive_D0,45,12000,704,0.7316220444034236,3.075110183028265,3.075110183028265,1.5770204987902048,0.0,0.0,0.9289772727272727,0.0,58.0
bursty_growth,active_archive_D0,46,12000,704,0.8187207889825774,2.0813816518824666,2.075110183028265,2.0813816518824666,0.0,0.0,0.953125,0.0,58.0
bursty_growth,active_archive_D0,47,12000,704,0.8474312681005514,3.075110183028265,3.075110183028265,2.0813816518824666,0.0,0.0,0.9545454545454546,0.0,57.0
bursty_growth,exp69_active_archive_D1,0,12000,704,2.5671746516352507,10.075110183028265,10.075110183028265,6.299889816971735,0.0,0.0,0.9545454545454546,0.0,58.0
bursty_growth,exp69_active_archive_D1,1,12000,704,2.7573096479037638,12.075110183028265,12.075110183028265,6.299889816971735,0.0,0.0,0.9588068181818182,1.0,59.0
bursty_growth,exp69_active_archive_D1,2,12000,704,2.506446870669313,10.075110183028265,10.075110183028265,6.299889816971735,0.0,0.0,0.9517045454545454,1.0,57.0
bursty_growth,exp69_active_archive_D1,3,12000,704,2.4744870334764184,10.075110183028265,10.075110183028265,6.299889816971735,0.0,0.0,0.9446022727272727,0.0,58.0
bursty_growth,exp69_active_archive_D1,4,12000,704,2.4799850856107932,11.075110183028265,11.075110183028265,4.707702316971126,0.0,0.0,0.9715909090909091,1.0,60.0
bursty_growth,exp69_active_archive_D1,5,12000,704,2.483222193937379,10.075110183028265,10.075110183028265,6.299889816971735,0.0,0.0,0.9318181818181818,0.0,58.0
bursty_growth,exp69_active_archive_D1,6,12000,704,2.5375830389602867,10.075110183028265,10.075110183028265,6.299889816971735,0.0,0.0,0.9602272727272727,1.0,58.0
bursty_growth,exp69_active_archive_D1,7,12000,704,2.4892720910759913,11.075110183028265,11.075110183028265,5.0123898169711225,0.0,0.0,0.9289772727272727,0.0,59.0
bursty_growth,exp69_active_archive_D1,8,12000,704,2.4721322354726403,10.075110183028265,10.075110183028265,5.577020498790205,0.0,0.0,0.9502840909090909,1.0,59.0
bursty_growth,exp69_active_archive_D1,9,12000,704,2.537521923026084,10.075110183028265,10.075110183028265,4.707702316971126,0.0,0.0,0.9332386363636364,0.0,58.0
bursty_growth,exp69_active_archive_D1,10,12000,704,2.521807828334269,10.075110183028265,10.075110183028265,5.707702316971126,0.0,0.0,0.9375,1.0,59.0
bursty_growth,exp69_active_archive_D1,11,12000,704,2.4747168679184455,10.075110183028265,10.075110183028265,4.577020498790205,0.0,0.0,0.9375,1.0,59.0
bursty_growth,exp69_active_archive_D1,12,12000,704,2.5336648332652394,10.075110183028265,10.075110183028265,6.0123898169711225,0.0,0.0,0.9318181818181818,0.0,58.0
bursty_growth,exp69_active_archive_D1,13,12000,704,2.3764936929391656,9.075110183028265,9.075110183028265,5.0123898169711225,0.0,0.0,0.9303977272727273,0.0,58.0
bursty_growth,exp69_active_archive_D1,14,12000,704,2.392556988248899,10.075110183028265,10.075110183028265,6.299889816971735,0.0,0.0,0.9545454545454546,1.0,59.0
bursty_growth,exp69_active_archive_D1,15,12000,704,2.7902018995172573,12.075110183028265,12.075110183028265,7.299889816971735,0.0,0.0,0.9573863636363636,1.0,59.0
bursty_growth,exp69_active_archive_D1,16,12000,704,2.580151085024354,10.075110183028265,10.075110183028265,6.299889816971735,0.0,0.0,0.9630681818181818,1.0,58.0
bursty_growth,exp69_active_archive_D1,17,12000,704,2.501094334382651,9.075110183028265,9.075110183028265,5.299889816971735,0.0,0.0,0.9644886363636364,1.0,57.0
bursty_growth,exp69_active_archive_D1,18,12000,704,2.359084820072751,9.075110183028265,9.075110183028265,5.0123898169711225,0.0,0.0,0.9389204545454546,1.0,58.0
bursty_growth,exp69_active_archive_D1,19,12000,704,2.5311932639941013,10.075110183028265,10.075110183028265,5.299889816971735,0.0,0.0,0.9545454545454546,1.0,58.0
bursty_growth,exp69_active_archive_D1,20,12000,704,2.6160314985223136,10.075110183028265,10.075110183028265,6.299889816971735,0.0,0.0,0.9644886363636364,1.0,58.0
bursty_growth,exp69_active_archive_D1,21,12000,704,2.2923984633104624,9.075110183028265,9.075110183028265,5.299889816971735,0.0,0.0,0.9630681818181818,1.0,58.0
bursty_growth,exp69_active_archive_D1,22,12000,704,2.61340769995195,11.075110183028265,11.075110183028265,6.299889816971735,0.0,0.0,0.9559659090909091,1.0,59.0
bursty_growth,exp69_active_archive_D1,23,12000,704,2.519369215788839,10.075110183028265,10.075110183028265,6.0123898169711225,0.0,0.0,0.9375,0.0,58.0
bursty_growth,exp69_active_archive_D1,24,12000,704,2.5614244845726355,10.075110183028265,10.075110183028265,6.0123898169711225,0.0,0.0,0.9431818181818182,0.0,58.0
bursty_growth,exp69_active_archive_D1,25,12000,704,2.2011724124712866,9.075110183028265,9.075110183028265,4.707702316971126,0.0,0.0,0.9545454545454546,0.0,59.0
bursty_growth,exp69_active_archive_D1,26,12000,704,2.5180322516673757,10.075110183028265,10.075110183028265,6.299889816971735,0.0,0.0,0.9545454545454546,1.0,57.0
bursty_growth,exp69_active_archive_D1,27,12000,704,2.4209625914109694,10.075110183028265,10.075110183028265,5.299889816971735,0.0,0.0,0.9360795454545454,0.0,58.0
bursty_growth,exp69_active_archive_D1,28,12000,704,2.436072606496457,10.075110183028265,10.075110183028265,5.0123898169711225,0.0,0.0,0.9403409090909091,0.0,59.0
bursty_growth,exp69_active_archive_D1,29,12000,704,2.4269590502364737,10.075110183028265,10.075110183028265,6.299889816971735,0.0,0.0,0.9403409090909091,0.0,58.0
bursty_growth,exp69_active_archive_D1,30,12000,704,2.538000860065793,11.075110183028265,11.075110183028265,5.299889816971735,0.0,0.0,0.9417613636363636,0.0,59.0
bursty_growth,exp69_active_archive_D1,31,12000,704,2.6329471527003085,11.075110183028265,11.075110183028265,6.299889816971735,0.0,0.0,0.9616477272727273,1.0,59.0
bursty_growth,exp69_active_archive_D1,32,12000,704,2.5126522798321993,10.075110183028265,10.075110183028265,5.707702316971126,0.0,0.0,0.9389204545454546,0.0,58.0
bursty_growth,exp69_active_archive_D1,33,12000,704,2.618523722039171,11.075110183028265,11.075110183028265,6.299889816971735,0.0,0.0,0.9460227272727273,1.0,58.0
bursty_growth,exp69_active_archive_D1,34,12000,704,2.374819541555806,10.075110183028265,10.075110183028265,5.299889816971735,0.0,0.0,0.9375,1.0,59.0
bursty_growth,exp69_active_archive_D1,35,12000,704,2.440073554361881,10.075110183028265,10.075110183028265,7.0123898169711225,0.0,0.0,0.9545454545454546,1.0,59.0
bursty_growth,exp69_active_archive_D1,36,12000,704,2.4806526646017604,11.075110183028265,11.075110183028265,5.0123898169711225,0.0,0.0,0.9389204545454546,0.0,58.0
bursty_growth,exp69_active_archive_D1,37,12000,704,2.4162575530946886,10.075110183028265,10.075110183028265,6.299889816971735,0.0,0.0,0.9559659090909091,0.0,59.0
bursty_growth,exp69_active_archive_D1,38,12000,704,2.609746341280669,11.075110183028265,11.075110183028265,6.299889816971735,0.0,0.0,0.9602272727272727,1.0,59.0
bursty_growth,exp69_active_archive_D1,39,12000,704,2.3726781447196577,10.075110183028265,10.075110183028265,5.299889816971735,0.0,0.0,0.9559659090909091,1.0,59.0
bursty_growth,exp69_active_archive_D1,40,12000,704,2.473705952636493,10.075110183028265,10.075110183028265,5.299889816971735,0.0,0.0,0.9318181818181818,0.0,58.0
bursty_growth,exp69_active_archive_D1,41,12000,704,2.5941205544408605,10.075110183028265,10.075110183028265,6.299889816971735,0.0,0.0,0.9602272727272727,1.0,58.0
bursty_growth,exp69_active_archive_D1,42,12000,704,2.38606143586093,9.075110183028265,9.075110183028265,6.0123898169711225,0.0,0.0,0.9431818181818182,0.0,58.0
bursty_growth,exp69_active_archive_D1,43,12000,704,2.3975908653055638,10.075110183028265,10.075110183028265,4.402913355932192,0.0,0.0,0.953125,0.0,59.0
bursty_growth,exp69_active_archive_D1,44,12000,704,2.5769090676891935,11.075110183028265,11.075110183028265,7.299889816971735,0.0,0.0,0.9417613636363636,0.0,58.0
bursty_growth,exp69_active_archive_D1,45,12000,704,2.579512486999897,10.075110183028265,10.075110183028265,5.299889816971735,0.0,0.0,0.9545454545454546,1.0,58.0
bursty_growth,exp69_active_archive_D1,46,12000,704,2.6799712445458015,11.075110183028265,11.075110183028265,6.299889816971735,0.0,0.0,0.953125,1.0,58.0
bursty_growth,exp69_active_archive_D1,47,12000,704,2.3678854968577254,10.075110183028265,10.075110183028265,5.299889816971735,0.0,0.0,0.9545454545454546,1.0,59.0
bursty_growth,exp69_active_archive_D2,0,12000,704,3.710063814542125,14.075110183028265,14.075110183028265,7.0123898169711225,0.0,0.0,0.9602272727272727,1.0,58.0
bursty_growth,exp69_active_archive_D2,1,12000,704,3.9585885248497066,15.075110183028265,15.075110183028265,8.299889816971735,0.0,0.0,0.9673295454545454,1.0,58.0
bursty_growth,exp69_active_archive_D2,2,12000,704,4.131330428689631,16.075110183028265,16.075110183028265,8.299889816971735,0.0,0.0,0.9616477272727273,1.0,58.0
bursty_growth,exp69_active_archive_D2,3,12000,704,3.967033407720215,16.075110183028265,16.075110183028265,7.299889816971735,0.0,0.0,0.9616477272727273,1.0,59.0
bursty_growth,exp69_active_archive_D2,4,12000,704,4.237312443073604,16.075110183028265,16.075110183028265,9.299889816971735,0.0,0.0,0.9545454545454546,1.0,57.0
bursty_growth,exp69_active_archive_D2,5,12000,704,4.0132802075785206,16.075110183028265,16.075110183028265,8.299889816971735,0.0,0.0,0.9318181818181818,0.0,58.0
bursty_growth,exp69_active_archive_D2,6,12000,704,3.9565109217216943,15.075110183028265,15.075110183028265,9.299889816971735,0.0,0.0,0.9360795454545454,0.0,57.0
bursty_growth,exp69_active_archive_D2,7,12000,704,4.215889430992993,17.075110183028265,17.075110183028265,9.299889816971735,0.0,0.0,0.9630681818181818,1.0,58.0
bursty_growth,exp69_active_archive_D2,8,12000,704,4.067637918788914,16.075110183028265,16.075110183028265,7.299889816971735,0.0,0.0,0.96875,1.0,57.0
bursty_growth,exp69_active_archive_D2,9,12000,704,4.2007277052094,16.075110183028265,16.075110183028265,8.299889816971735,0.0,0.0,0.9616477272727273,1.0,57.0
bursty_growth,exp69_active_archive_D2,10,12000,704,3.87472594577718,15.075110183028265,15.075110183028265,8.299889816971735,0.0,0.0,0.9616477272727273,1.0,58.0
bursty_growth,exp69_active_archive_D2,11,12000,704,4.199525624159796,16.075110183028265,16.075110183028265,9.012389816971123,0.0,0.0,0.96875,1.0,58.0
bursty_growth,exp69_active_archive_D2,12,12000,704,4.159551171981138,16.075110183028265,16.075110183028265,8.299889816971735,0.0,0.0,0.9616477272727273,1.0,57.0
bursty_growth,exp69_active_archive_D2,13,12000,704,4.164851836207099,16.075110183028265,16.075110183028265,9.299889816971735,0.0,0.0,0.9659090909090909,1.0,58.0
bursty_growth,exp69_active_archive_D2,14,12000,704,4.03272893479149,15.075110183028265,15.075110183028265,8.012389816971123,0.0,0.0,0.9630681818181818,1.0,56.0
bursty_growth,exp69_active_archive_D2,15,12000,704,3.9174057433166984,16.075110183028265,16.075110183028265,9.299889816971735,0.0,0.0,0.9389204545454546,0.0,58.0
bursty_growth,exp69_active_archive_D2,16,12000,704,4.180891700205719,16.075110183028265,16.075110183028265,9.299889816971735,0.0,0.0,0.9659090909090909,1.0,57.0
bursty_growth,exp69_active_archive_D2,17,12000,704,4.2032818754137145,17.075110183028265,17.075110183028265,8.707702316971126,0.0,0.0,0.9644886363636364,1.0,58.0
bursty_growth,exp69_active_archive_D2,18,12000,704,4.236749151496796,16.075110183028265,16.075110183028265,10.299889816971735,0.0,0.0,0.9588068181818182,1.0,57.0
bursty_growth,exp69_active_archive_D2,19,12000,704,4.116070234931776,15.075110183028265,15.075110183028265,10.299889816971735,0.0,0.0,0.9659090909090909,1.0,56.0
bursty_growth,exp69_active_archive_D2,20,12000,704,3.994077591085554,14.075110183028265,14.075110183028265,8.299889816971735,0.0,0.0,0.9545454545454546,1.0,56.0
bursty_growth,exp69_active_archive_D2,21,12000,704,4.01570743946663,15.075110183028265,15.075110183028265,8.299889816971735,0.0,0.0,0.96875,1.0,57.0
bursty_growth,exp69_active_archive_D2,22,12000,704,4.19519125385216,16.075110183028265,16.075110183028265,9.012389816971123,0.0,0.0,0.9502840909090909,0.0,58.0
bursty_growth,exp69_active_archive_D2,23,12000,704,4.142416248710673,16.075110183028265,16.075110183028265,9.299889816971735,0.0,0.0,0.953125,1.0,58.0
bursty_growth,exp69_active_archive_D2,24,12000,704,3.978572227413962,16.075110183028265,16.075110183028265,8.299889816971735,0.0,0.0,0.9602272727272727,1.0,59.0
bursty_growth,exp69_active_archive_D2,25,12000,704,4.19569648680746,16.075110183028265,16.075110183028265,8.299889816971735,0.0,0.0,0.9559659090909091,1.0,58.0
bursty_growth,exp69_active_archive_D2,26,12000,704,3.9148098261060125,15.075110183028265,15.075110183028265,7.299889816971735,0.0,0.0,0.9573863636363636,1.0,58.0
bursty_growth,exp69_active_archive_D2,27,12000,704,4.038501036588948,16.075110183028265,16.075110183028265,9.299889816971735,0.0,0.0,0.9673295454545454,1.0,58.0
bursty_growth,exp69_active_archive_D2,28,12000,704,3.879527907378588,15.075110183028265,15.075110183028265,7.299889816971735,0.0,0.0,0.96875,1.0,58.0
bursty_growth,exp69_active_archive_D2,29,12000,704,4.236441123102128,17.075110183028265,17.075110183028265,9.299889816971735,0.0,0.0,0.9602272727272727,1.0,58.0
bursty_growth,exp69_active_archive_D2,30,12000,704,4.087705265342691,16.075110183028265,16.075110183028265,8.299889816971735,0.0,0.0,0.9602272727272727,1.0,58.0
bursty_growth,exp69_active_archive_D2,31,12000,704,3.82417458209632,14.075110183028265,14.075110183028265,7.299889816971735,0.0,0.0,0.96875,1.0,58.0
bursty_growth,exp69_active_archive_D2,32,12000,704,3.797308221804633,15.075110183028265,15.075110183028265,8.299889816971735,0.0,0.0,0.9502840909090909,0.0,57.0
bursty_growth,exp69_active_archive_D2,33,12000,704,3.799821244140202,14.075110183028265,14.075110183028265,8.012389816971123,0.0,0.0,0.9502840909090909,1.0,58.0
bursty_growth,exp69_active_archive_D2,34,12000,704,4.0016417464021155,15.075110183028265,15.075110183028265,8.012389816971123,0.0,0.0,0.9644886363636364,1.0,58.0
bursty_growth,exp69_active_archive_D2,35,12000,704,4.1326938419131825,15.075110183028265,15.075110183028265,8.299889816971735,0.0,0.0,0.9573863636363636,1.0,56.0
bursty_growth,exp69_active_archive_D2,36,12000,704,4.130833144419535,16.075110183028265,16.075110183028265,9.299889816971735,0.0,0.0,0.9673295454545454,1.0,58.0
bursty_growth,exp69_active_archive_D2,37,12000,704,4.047273037109857,16.075110183028265,16.075110183028265,8.012389816971123,0.0,0.0,0.9488636363636364,1.0,60.0
bursty_growth,exp69_active_archive_D2,38,12000,704,3.8272539452829903,15.075110183028265,15.075110183028265,7.299889816971735,0.0,0.0,0.9715909090909091,1.0,58.0
bursty_growth,exp69_active_archive_D2,39,12000,704,4.045198282321827,15.075110183028265,15.075110183028265,9.299889816971735,0.0,0.0,0.9602272727272727,1.0,56.0
bursty_growth,exp69_active_archive_D2,40,12000,704,4.145630679740285,16.075110183028265,16.075110183028265,9.299889816971735,0.0,0.0,0.9673295454545454,1.0,57.0
bursty_growth,exp69_active_archive_D2,41,12000,704,4.099934742561006,16.075110183028265,16.075110183028265,8.299889816971735,0.0,0.0,0.9701704545454546,1.0,57.0
bursty_growth,exp69_active_archive_D2,42,12000,704,4.005647585115706,16.075110183028265,16.075110183028265,8.299889816971735,0.0,0.0,0.9616477272727273,1.0,59.0
bursty_growth,exp69_active_archive_D2,43,12000,704,4.09682841712454,15.075110183028265,15.075110183028265,9.299889816971735,0.0,0.0,0.9545454545454546,1.0,57.0
bursty_growth,exp69_active_archive_D2,44,12000,704,4.152327202823528,16.075110183028265,16.075110183028265,8.299889816971735,0.0,0.0,0.9644886363636364,1.0,58.0
bursty_growth,exp69_active_archive_D2,45,12000,704,3.7756581861485388,14.075110183028265,14.075110183028265,6.299889816971735,0.0,0.0,0.9502840909090909,1.0,58.0
bursty_growth,exp69_active_archive_D2,46,12000,704,4.251095183865058,16.075110183028265,16.075110183028265,9.299889816971735,0.0,0.0,0.9559659090909091,1.0,57.0
bursty_growth,exp69_active_archive_D2,47,12000,704,4.186650696849086,16.075110183028265,16.075110183028265,9.299889816971735,0.0,0.0,0.9644886363636364,1.0,58.0
bursty_growth,raw_least_count,0,12000,704,14.753491092688659,41.075110183028265,41.075110183028265,16.081381651882467,0.0,0.0,1.0,8.0,18.0
bursty_growth,raw_least_count,1,12000,704,14.758307896682693,41.075110183028265,41.075110183028265,16.081381651882467,0.0,0.0,1.0,8.0,18.0
bursty_growth,raw_least_count,2,12000,704,14.73260995477998,41.075110183028265,41.075110183028265,16.081381651882467,0.0,0.0,1.0,8.0,18.0
bursty_growth,raw_least_count,3,12000,704,14.711224147227256,41.075110183028265,41.075110183028265,16.081381651882467,0.0,0.0,1.0,8.0,18.0
bursty_growth,raw_least_count,4,12000,704,14.733740968390816,41.075110183028265,41.075110183028265,16.081381651882467,0.0,0.0,1.0,8.0,18.0
bursty_growth,raw_least_count,5,12000,704,14.758015454298324,41.075110183028265,41.075110183028265,16.081381651882467,0.0,0.0,1.0,8.0,18.0
bursty_growth,raw_least_count,6,12000,704,14.754751486847988,41.075110183028265,41.075110183028265,16.081381651882467,0.0,0.0,1.0,8.0,18.0
bursty_growth,raw_least_count,7,12000,704,14.741443238585338,41.075110183028265,41.075110183028265,16.081381651882467,0.0,0.0,1.0,8.0,18.0
bursty_growth,raw_least_count,8,12000,704,14.700399072448871,41.075110183028265,41.075110183028265,16.081381651882467,0.0,0.0,1.0,8.0,18.0
bursty_growth,raw_least_count,9,12000,704,14.750336835768497,41.075110183028265,41.075110183028265,16.081381651882467,0.0,0.0,1.0,8.0,18.0
bursty_growth,raw_least_count,10,12000,704,14.710170244740246,41.075110183028265,41.075110183028265,16.081381651882467,0.0,0.0,1.0,8.0,18.0
bursty_growth,raw_least_count,11,12000,704,14.740025722121084,41.075110183028265,41.075110183028265,16.081381651882467,0.0,0.0,1.0,8.0,18.0
bursty_growth,raw_least_count,12,12000,704,14.716920605569857,41.075110183028265,41.075110183028265,16.081381651882467,0.0,0.0,1.0,8.0,18.0
bursty_growth,raw_least_count,13,12000,704,14.735784246872552,41.075110183028265,41.075110183028265,16.081381651882467,0.0,0.0,1.0,8.0,18.0
bursty_growth,raw_least_count,14,12000,704,14.74762364841891,41.075110183028265,41.075110183028265,16.081381651882467,0.0,0.0,1.0,8.0,18.0
bursty_growth,raw_least_count,15,12000,704,14.75119217582329,41.075110183028265,41.075110183028265,16.081381651882467,0.0,0.0,1.0,8.0,18.0
bursty_growth,raw_least_count,16,12000,704,14.729581847683804,41.075110183028265,41.075110183028265,16.081381651882467,0.0,0.0,1.0,8.0,18.0
bursty_growth,raw_least_count,17,12000,704,14.740907109848578,41.075110183028265,41.075110183028265,16.081381651882467,0.0,0.0,1.0,8.0,18.0
bursty_growth,raw_least_count,18,12000,704,14.737499858530553,41.075110183028265,41.075110183028265,16.081381651882467,0.0,0.0,1.0,8.0,18.0
bursty_growth,raw_least_count,19,12000,704,14.761754962635479,41.075110183028265,41.075110183028265,16.081381651882467,0.0,0.0,1.0,8.0,18.0
bursty_growth,raw_least_count,20,12000,704,14.732940900613182,41.075110183028265,41.075110183028265,16.081381651882467,0.0,0.0,1.0,8.0,18.0
bursty_growth,raw_least_count,21,12000,704,14.750813106263223,41.075110183028265,41.075110183028265,16.081381651882467,0.0,0.0,1.0,8.0,18.0
bursty_growth,raw_least_count,22,12000,704,14.736180393067267,41.075110183028265,41.075110183028265,16.081381651882467,0.0,0.0,1.0,8.0,18.0
bursty_growth,raw_least_count,23,12000,704,14.746623133288562,41.075110183028265,41.075110183028265,16.081381651882467,0.0,0.0,1.0,8.0,18.0
bursty_growth,raw_least_count,24,12000,704,14.719402039383965,41.075110183028265,41.075110183028265,16.081381651882467,0.0,0.0,1.0,8.0,18.0
bursty_growth,raw_least_count,25,12000,704,14.727290946759405,41.075110183028265,41.075110183028265,16.081381651882467,0.0,0.0,1.0,8.0,18.0
bursty_growth,raw_least_count,26,12000,704,14.720540739707213,41.075110183028265,41.075110183028265,16.081381651882467,0.0,0.0,1.0,8.0,18.0
bursty_growth,raw_least_count,27,12000,704,14.754533466733365,41.075110183028265,41.075110183028265,16.081381651882467,0.0,0.0,1.0,8.0,18.0
bursty_growth,raw_least_count,28,12000,704,14.712741430511805,41.075110183028265,41.075110183028265,16.081381651882467,0.0,0.0,1.0,8.0,18.0
bursty_growth,raw_least_count,29,12000,704,14.714576509457821,41.075110183028265,41.075110183028265,16.081381651882467,0.0,0.0,1.0,8.0,18.0
bursty_growth,raw_least_count,30,12000,704,14.746126991323445,41.075110183028265,41.075110183028265,16.081381651882467,0.0,0.0,1.0,8.0,18.0
bursty_growth,raw_least_count,31,12000,704,14.724173225750478,41.075110183028265,41.075110183028265,16.081381651882467,0.0,0.0,1.0,8.0,18.0
bursty_growth,raw_least_count,32,12000,704,14.774937706554333,41.075110183028265,41.075110183028265,16.081381651882467,0.0,0.0,1.0,8.0,18.0
bursty_growth,raw_least_count,33,12000,704,14.752176255499853,41.075110183028265,41.075110183028265,16.081381651882467,0.0,0.0,1.0,8.0,18.0
bursty_growth,raw_least_count,34,12000,704,14.754159408480753,41.075110183028265,41.075110183028265,16.081381651882467,0.0,0.0,1.0,8.0,18.0
bursty_growth,raw_least_count,35,12000,704,14.768551166996367,41.075110183028265,41.075110183028265,16.081381651882467,0.0,0.0,1.0,8.0,18.0
bursty_growth,raw_least_count,36,12000,704,14.74858263888834,41.075110183028265,41.075110183028265,16.081381651882467,0.0,0.0,1.0,8.0,18.0
bursty_growth,raw_least_count,37,12000,704,14.73787503500043,41.075110183028265,41.075110183028265,16.081381651882467,0.0,0.0,1.0,8.0,18.0
bursty_growth,raw_least_count,38,12000,704,14.721046917488636,41.075110183028265,41.075110183028265,16.081381651882467,0.0,0.0,1.0,8.0,18.0
bursty_growth,raw_least_count,39,12000,704,14.727051670167825,41.075110183028265,41.075110183028265,16.081381651882467,0.0,0.0,1.0,8.0,18.0
bursty_growth,raw_least_count,40,12000,704,14.733937446476718,41.075110183028265,41.075110183028265,16.081381651882467,0.0,0.0,1.0,8.0,18.0
bursty_growth,raw_least_count,41,12000,704,14.703947657047793,41.075110183028265,41.075110183028265,16.081381651882467,0.0,0.0,1.0,8.0,18.0
bursty_growth,raw_least_count,42,12000,704,14.74533249962202,41.075110183028265,41.075110183028265,16.081381651882467,0.0,0.0,1.0,8.0,18.0
bursty_growth,raw_least_count,43,12000,704,14.73595293238153,41.075110183028265,41.075110183028265,16.081381651882467,0.0,0.0,1.0,8.0,18.0
bursty_growth,raw_least_count,44,12000,704,14.732882894513597,41.075110183028265,41.075110183028265,16.081381651882467,0.0,0.0,1.0,8.0,18.0
bursty_growth,raw_least_count,45,12000,704,14.761896153728095,41.075110183028265,41.075110183028265,16.081381651882467,0.0,0.0,1.0,8.0,18.0
bursty_growth,raw_least_count,46,12000,704,14.72145989813667,41.075110183028265,41.075110183028265,16.081381651882467,0.0,0.0,1.0,8.0,18.0
bursty_growth,raw_least_count,47,12000,704,14.765985626015258,41.075110183028265,41.075110183028265,16.081381651882467,0.0,0.0,1.0,8.0,18.0
bursty_growth,me_qarr,0,12000,704,0.33537353818514676,0.5536486500469735,0.4463513499530265,0.5536486500469735,0.0,0.0,0.9318181818181818,1.0,58.0
bursty_growth,me_qarr,1,12000,704,0.33537353818514676,0.5536486500469735,0.4463513499530265,0.5536486500469735,0.0,0.0,0.9318181818181818,1.0,58.0
bursty_growth,me_qarr,2,12000,704,0.33537353818514676,0.5536486500469735,0.4463513499530265,0.5536486500469735,0.0,0.0,0.9318181818181818,1.0,58.0
bursty_growth,me_qarr,3,12000,704,0.33537353818514676,0.5536486500469735,0.4463513499530265,0.5536486500469735,0.0,0.0,0.9318181818181818,1.0,58.0
bursty_growth,me_qarr,4,12000,704,0.33537353818514676,0.5536486500469735,0.4463513499530265,0.5536486500469735,0.0,0.0,0.9318181818181818,1.0,58.0
bursty_growth,me_qarr,5,12000,704,0.33537353818514676,0.5536486500469735,0.4463513499530265,0.5536486500469735,0.0,0.0,0.9318181818181818,1.0,58.0
bursty_growth,me_qarr,6,12000,704,0.33537353818514676,0.5536486500469735,0.4463513499530265,0.5536486500469735,0.0,0.0,0.9318181818181818,1.0,58.0
bursty_growth,me_qarr,7,12000,704,0.33537353818514676,0.5536486500469735,0.4463513499530265,0.5536486500469735,0.0,0.0,0.9318181818181818,1.0,58.0
bursty_growth,me_qarr,8,12000,704,0.33537353818514676,0.5536486500469735,0.4463513499530265,0.5536486500469735,0.0,0.0,0.9318181818181818,1.0,58.0
bursty_growth,me_qarr,9,12000,704,0.33537353818514676,0.5536486500469735,0.4463513499530265,0.5536486500469735,0.0,0.0,0.9318181818181818,1.0,58.0
bursty_growth,me_qarr,10,12000,704,0.33537353818514676,0.5536486500469735,0.4463513499530265,0.5536486500469735,0.0,0.0,0.9318181818181818,1.0,58.0
bursty_growth,me_qarr,11,12000,704,0.33537353818514676,0.5536486500469735,0.4463513499530265,0.5536486500469735,0.0,0.0,0.9318181818181818,1.0,58.0
bursty_growth,me_qarr,12,12000,704,0.33537353818514676,0.5536486500469735,0.4463513499530265,0.5536486500469735,0.0,0.0,0.9318181818181818,1.0,58.0
bursty_growth,me_qarr,13,12000,704,0.33537353818514676,0.5536486500469735,0.4463513499530265,0.5536486500469735,0.0,0.0,0.9318181818181818,1.0,58.0
bursty_growth,me_qarr,14,12000,704,0.33537353818514676,0.5536486500469735,0.4463513499530265,0.5536486500469735,0.0,0.0,0.9318181818181818,1.0,58.0
bursty_growth,me_qarr,15,12000,704,0.33537353818514676,0.5536486500469735,0.4463513499530265,0.5536486500469735,0.0,0.0,0.9318181818181818,1.0,58.0
bursty_growth,me_qarr,16,12000,704,0.33537353818514676,0.5536486500469735,0.4463513499530265,0.5536486500469735,0.0,0.0,0.9318181818181818,1.0,58.0
bursty_growth,me_qarr,17,12000,704,0.33537353818514676,0.5536486500469735,0.4463513499530265,0.5536486500469735,0.0,0.0,0.9318181818181818,1.0,58.0
bursty_growth,me_qarr,18,12000,704,0.33537353818514676,0.5536486500469735,0.4463513499530265,0.5536486500469735,0.0,0.0,0.9318181818181818,1.0,58.0
bursty_growth,me_qarr,19,12000,704,0.33537353818514676,0.5536486500469735,0.4463513499530265,0.5536486500469735,0.0,0.0,0.9318181818181818,1.0,58.0
bursty_growth,me_qarr,20,12000,704,0.33537353818514676,0.5536486500469735,0.4463513499530265,0.5536486500469735,0.0,0.0,0.9318181818181818,1.0,58.0
bursty_growth,me_qarr,21,12000,704,0.33537353818514676,0.5536486500469735,0.4463513499530265,0.5536486500469735,0.0,0.0,0.9318181818181818,1.0,58.0
bursty_growth,me_qarr,22,12000,704,0.33537353818514676,0.5536486500469735,0.4463513499530265,0.5536486500469735,0.0,0.0,0.9318181818181818,1.0,58.0
bursty_growth,me_qarr,23,12000,704,0.33537353818514676,0.5536486500469735,0.4463513499530265,0.5536486500469735,0.0,0.0,0.9318181818181818,1.0,58.0
bursty_growth,me_qarr,24,12000,704,0.33537353818514676,0.5536486500469735,0.4463513499530265,0.5536486500469735,0.0,0.0,0.9318181818181818,1.0,58.0
bursty_growth,me_qarr,25,12000,704,0.33537353818514676,0.5536486500469735,0.4463513499530265,0.5536486500469735,0.0,0.0,0.9318181818181818,1.0,58.0
bursty_growth,me_qarr,26,12000,704,0.33537353818514676,0.5536486500469735,0.4463513499530265,0.5536486500469735,0.0,0.0,0.9318181818181818,1.0,58.0
bursty_growth,me_qarr,27,12000,704,0.33537353818514676,0.5536486500469735,0.4463513499530265,0.5536486500469735,0.0,0.0,0.9318181818181818,1.0,58.0
bursty_growth,me_qarr,28,12000,704,0.33537353818514676,0.5536486500469735,0.4463513499530265,0.5536486500469735,0.0,0.0,0.9318181818181818,1.0,58.0
bursty_growth,me_qarr,29,12000,704,0.33537353818514676,0.5536486500469735,0.4463513499530265,0.5536486500469735,0.0,0.0,0.9318181818181818,1.0,58.0
bursty_growth,me_qarr,30,12000,704,0.33537353818514676,0.5536486500469735,0.4463513499530265,0.5536486500469735,0.0,0.0,0.9318181818181818,1.0,58.0
bursty_growth,me_qarr,31,12000,704,0.33537353818514676,0.5536486500469735,0.4463513499530265,0.5536486500469735,0.0,0.0,0.9318181818181818,1.0,58.0
bursty_growth,me_qarr,32,12000,704,0.33537353818514676,0.5536486500469735,0.4463513499530265,0.5536486500469735,0.0,0.0,0.9318181818181818,1.0,58.0
bursty_growth,me_qarr,33,12000,704,0.33537353818514676,0.5536486500469735,0.4463513499530265,0.5536486500469735,0.0,0.0,0.9318181818181818,1.0,58.0
bursty_growth,me_qarr,34,12000,704,0.33537353818514676,0.5536486500469735,0.4463513499530265,0.5536486500469735,0.0,0.0,0.9318181818181818,1.0,58.0
bursty_growth,me_qarr,35,12000,704,0.33537353818514676,0.5536486500469735,0.4463513499530265,0.5536486500469735,0.0,0.0,0.9318181818181818,1.0,58.0
bursty_growth,me_qarr,36,12000,704,0.33537353818514676,0.5536486500469735,0.4463513499530265,0.5536486500469735,0.0,0.0,0.9318181818181818,1.0,58.0
bursty_growth,me_qarr,37,12000,704,0.33537353818514676,0.5536486500469735,0.4463513499530265,0.5536486500469735,0.0,0.0,0.9318181818181818,1.0,58.0
bursty_growth,me_qarr,38,12000,704,0.33537353818514676,0.5536486500469735,0.4463513499530265,0.5536486500469735,0.0,0.0,0.9318181818181818,1.0,58.0
bursty_growth,me_qarr,39,12000,704,0.33537353818514676,0.5536486500469735,0.4463513499530265,0.5536486500469735,0.0,0.0,0.9318181818181818,1.0,58.0
bursty_growth,me_qarr,40,12000,704,0.33537353818514676,0.5536486500469735,0.4463513499530265,0.5536486500469735,0.0,0.0,0.9318181818181818,1.0,58.0
bursty_growth,me_qarr,41,12000,704,0.33537353818514676,0.5536486500469735,0.4463513499530265,0.5536486500469735,0.0,0.0,0.9318181818181818,1.0,58.0
bursty_growth,me_qarr,42,12000,704,0.33537353818514676,0.5536486500469735,0.4463513499530265,0.5536486500469735,0.0,0.0,0.9318181818181818,1.0,58.0
bursty_growth,me_qarr,43,12000,704,0.33537353818514676,0.5536486500469735,0.4463513499530265,0.5536486500469735,0.0,0.0,0.9318181818181818,1.0,58.0
bursty_growth,me_qarr,44,12000,704,0.33537353818514676,0.5536486500469735,0.4463513499530265,0.5536486500469735,0.0,0.0,0.9318181818181818,1.0,58.0
bursty_growth,me_qarr,45,12000,704,0.33537353818514676,0.5536486500469735,0.4463513499530265,0.5536486500469735,0.0,0.0,0.9318181818181818,1.0,58.0
bursty_growth,me_qarr,46,12000,704,0.33537353818514676,0.5536486500469735,0.4463513499530265,0.5536486500469735,0.0,0.0,0.9318181818181818,1.0,58.0
bursty_growth,me_qarr,47,12000,704,0.33537353818514676,0.5536486500469735,0.4463513499530265,0.5536486500469735,0.0,0.0,0.9318181818181818,1.0,58.0
bursty_growth,me_bds_C2,0,12000,704,0.39022819564575684,1.439422002126463,1.439422002126463,0.560577997873537,0.0,0.0,0.9289772727272727,0.0,58.0
bursty_growth,me_bds_C2,1,12000,704,0.3955041741200627,1.3793258482798407,1.3793258482798407,0.6206741517201593,0.0,0.0,0.9303977272727273,0.0,58.0
bursty_growth,me_bds_C2,2,12000,704,0.381816009431563,1.4463513499530265,1.4463513499530265,0.5536486500469735,0.0,0.0,0.9289772727272727,0.0,58.0
bursty_growth,me_bds_C2,3,12000,704,0.5234941314917173,1.075110183028265,1.075110183028265,0.924889816971735,0.0,0.0,0.921875,0.0,59.0
bursty_growth,me_bds_C2,4,12000,704,0.37569280387089266,1.439422002126463,1.439422002126463,0.560577997873537,0.0,0.0,0.9289772727272727,1.0,58.0
bursty_growth,me_bds_C2,5,12000,704,0.3538993038932154,1.4229795012097952,1.4229795012097952,0.5770204987902048,0.0,0.0,0.9303977272727273,1.0,58.0
bursty_growth,me_bds_C2,6,12000,704,0.5078963625926765,1.292297683028874,1.292297683028874,0.7077023169711261,0.0,0.0,0.90625,0.0,58.0
bursty_growth,me_bds_C2,7,12000,704,0.49947691133621763,1.4229795012097952,1.4229795012097952,0.5770204987902048,0.0,0.0,0.9204545454545454,0.0,58.0
bursty_growth,me_bds_C2,8,12000,704,0.41641552385531583,1.439422002126463,1.439422002126463,0.560577997873537,0.0,0.0,0.9232954545454546,0.0,58.0
bursty_growth,me_bds_C2,9,12000,704,0.5716619245772032,1.0123898169711225,0.9876101830288775,1.0123898169711225,0.0,0.0,0.8991477272727273,0.0,59.0
bursty_growth,me_bds_C2,10,12000,704,0.37408645348037256,1.0123898169711225,0.9876101830288775,1.0123898169711225,0.0,0.0,0.9289772727272727,0.0,59.0
bursty_growth,me_bds_C2,11,12000,704,0.36567841776463156,1.0813816518824666,0.9186183481175334,1.0813816518824666,0.0,0.0,0.9303977272727273,0.0,59.0
bursty_growth,me_bds_C2,12,12000,704,0.4319292215813039,1.3281578217995005,1.3281578217995005,0.6718421782004995,0.0,0.0,0.9261363636363636,0.0,58.0
bursty_growth,me_bds_C2,13,12000,704,0.4190847081181345,1.2317736500445378,0.7682263499554622,1.2317736500445378,0.0,0.0,0.9318181818181818,0.0,59.0
bursty_growth,me_bds_C2,14,12000,704,0.45822891605044647,1.292297683028874,1.292297683028874,0.7077023169711261,0.0,0.0,0.9247159090909091,0.0,58.0
bursty_growth,me_bds_C2,15,12000,704,0.4133733593091619,1.439422002126463,1.439422002126463,0.560577997873537,0.0,0.0,0.9275568181818182,0.0,58.0
bursty_growth,me_bds_C2,16,12000,704,0.41212682068176076,1.4229795012097952,1.4229795012097952,0.5770204987902048,0.0,0.0,0.9318181818181818,0.0,58.0
bursty_growth,me_bds_C2,17,12000,704,0.4148627222211357,1.4229795012097952,1.4229795012097952,0.5770204987902048,0.0,0.0,0.9303977272727273,0.0,58.0
bursty_growth,me_bds_C2,18,12000,704,0.36108134131009595,1.4463513499530265,1.4463513499530265,0.5536486500469735,0.0,0.0,0.9318181818181818,0.0,58.0
bursty_growth,me_bds_C2,19,12000,704,0.44055116103273406,1.0813816518824666,0.9186183481175334,1.0813816518824666,0.0,0.0,0.9303977272727273,0.0,59.0
bursty_growth,me_bds_C2,20,12000,704,0.4532219212776162,1.439422002126463,1.439422002126463,0.560577997873537,0.0,0.0,0.9247159090909091,0.0,58.0
bursty_growth,me_bds_C2,21,12000,704,0.4979983657610626,1.0123898169711225,0.9876101830288775,1.0123898169711225,0.0,0.0,0.9204545454545454,0.0,59.0
bursty_growth,me_bds_C2,22,12000,704,0.4420938486880392,1.3281578217995005,1.3281578217995005,0.6718421782004995,0.0,0.0,0.9190340909090909,0.0,58.0
bursty_growth,me_bds_C2,23,12000,704,0.43337713449970683,1.4229795012097952,1.4229795012097952,0.5770204987902048,0.0,0.0,0.921875,0.0,58.0
bursty_growth,me_bds_C2,24,12000,704,0.46033827585767684,1.4229795012097952,1.4229795012097952,0.5770204987902048,0.0,0.0,0.9119318181818182,0.0,58.0
bursty_growth,me_bds_C2,25,12000,704,0.5459221674617775,1.3281578217995005,1.3281578217995005,0.6718421782004995,0.0,0.0,0.9161931818181818,0.0,58.0
bursty_growth,me_bds_C2,26,12000,704,0.47714479676605587,1.4229795012097952,1.4229795012097952,0.5770204987902048,0.0,0.0,0.9090909090909091,0.0,58.0
bursty_growth,me_bds_C2,27,12000,704,0.4828374388165747,1.3793258482798407,1.3793258482798407,0.6206741517201593,0.0,0.0,0.9105113636363636,0.0,58.0
bursty_growth,me_bds_C2,28,12000,704,0.4123765619008372,1.075110183028265,1.075110183028265,0.924889816971735,0.0,0.0,0.9232954545454546,0.0,59.0
bursty_growth,me_bds_C2,29,12000,704,0.4146476867695748,1.4229795012097952,1.4229795012097952,0.5770204987902048,0.0,0.0,0.9275568181818182,0.0,58.0
bursty_growth,me_bds_C2,30,12000,704,0.46734087091719567,1.4229795012097952,1.4229795012097952,0.5770204987902048,0.0,0.0,0.9275568181818182,0.0,58.0
bursty_growth,me_bds_C2,31,12000,704,0.3527842720281427,1.3793258482798407,1.3793258482798407,0.6206741517201593,0.0,0.0,0.9303977272727273,0.0,58.0
bursty_growth,me_bds_C2,32,12000,704,0.43265557895593726,1.439422002126463,1.439422002126463,0.560577997873537,0.0,0.0,0.9190340909090909,0.0,58.0
bursty_growth,me_bds_C2,33,12000,704,0.414920602928993,1.2317736500445378,0.7682263499554622,1.2317736500445378,0.0,0.0,0.9318181818181818,0.0,59.0
bursty_growth,me_bds_C2,34,12000,704,0.35166751593616724,1.4463513499530265,1.4463513499530265,0.5536486500469735,0.0,0.0,0.9318181818181818,0.0,58.0
bursty_growth,me_bds_C2,35,12000,704,0.4494748206187837,1.3281578217995005,1.3281578217995005,0.6718421782004995,0.0,0.0,0.9261363636363636,0.0,58.0
bursty_growth,me_bds_C2,36,12000,704,0.38483395481488863,1.0123898169711225,0.9876101830288775,1.0123898169711225,0.0,0.0,0.9318181818181818,1.0,59.0
bursty_growth,me_bds_C2,37,12000,704,0.45852233812919796,1.3793258482798407,1.3793258482798407,0.6206741517201593,0.0,0.0,0.9247159090909091,0.0,58.0
bursty_growth,me_bds_C2,38,12000,704,0.36446899172631003,1.3281578217995005,1.3281578217995005,0.6718421782004995,0.0,0.0,0.9318181818181818,0.0,58.0
bursty_growth,me_bds_C2,39,12000,704,0.3520888717788675,1.292297683028874,1.292297683028874,0.7077023169711261,0.0,0.0,0.9318181818181818,1.0,58.0
bursty_growth,me_bds_C2,40,12000,704,0.3944743403655867,1.3281578217995005,1.3281578217995005,0.6718421782004995,0.0,0.0,0.9318181818181818,0.0,58.0
bursty_growth,me_bds_C2,41,12000,704,0.49881300366407105,1.075110183028265,1.075110183028265,0.924889816971735,0.0,0.0,0.9289772727272727,0.0,59.0
bursty_growth,me_bds_C2,42,12000,704,0.5293578819409316,1.3281578217995005,1.3281578217995005,0.6718421782004995,0.0,0.0,0.9076704545454546,0.0,58.0
bursty_growth,me_bds_C2,43,12000,704,0.4687906162539739,1.3281578217995005,1.3281578217995005,0.6718421782004995,0.0,0.0,0.9176136363636364,0.0,58.0
bursty_growth,me_bds_C2,44,12000,704,0.4968306668138356,1.292297683028874,1.292297683028874,0.7077023169711261,0.0,0.0,0.9147727272727273,0.0,58.0
bursty_growth,me_bds_C2,45,12000,704,0.5210367668266642,1.292297683028874,1.292297683028874,0.7077023169711261,0.0,0.0,0.9176136363636364,0.0,58.0
bursty_growth,me_bds_C2,46,12000,704,0.4570973979859304,1.439422002126463,1.439422002126463,0.560577997873537,0.0,0.0,0.921875,0.0,58.0
bursty_growth,me_bds_C2,47,12000,704,0.5196791848913745,1.3793258482798407,1.3793258482798407,0.6206741517201593,0.0,0.0,0.9176136363636364,0.0,58.0
bursty_growth,me_bds_C3,0,12000,704,0.6845054371638034,1.8585149646587311,1.8585149646587311,1.1414850353412689,0.0,0.0,0.9161931818181818,0.0,59.0
bursty_growth,me_bds_C3,1,12000,704,0.6195688848024804,1.9876101830288775,1.9876101830288775,1.0123898169711225,0.006097560975609756,0.0,0.9119318181818182,0.0,59.0
bursty_growth,me_bds_C3,2,12000,704,0.5520029040900007,2.292297683028874,2.292297683028874,0.7077023169711261,0.001524390243902439,0.0,0.9247159090909091,0.0,58.0
bursty_growth,me_bds_C3,3,12000,704,0.49151311196542796,2.3793258482798407,2.3793258482798407,0.6206741517201593,0.001524390243902439,0.0,0.9161931818181818,0.0,58.0
bursty_growth,me_bds_C3,4,12000,704,0.6223516431006573,1.7682263499554622,1.7682263499554622,1.2317736500445378,0.0,0.0,0.9005681818181818,0.0,59.0
bursty_growth,me_bds_C3,5,12000,704,0.5255423729354617,1.9876101830288775,1.9876101830288775,1.0123898169711225,0.001524390243902439,0.0,0.9232954545454546,0.0,59.0
bursty_growth,me_bds_C3,6,12000,704,0.3993267992403037,1.5323430896587311,1.5323430896587311,1.1414850353412689,0.0,0.0,0.9289772727272727,0.0,58.0
bursty_growth,me_bds_C3,7,12000,704,0.5346226766400787,2.292297683028874,2.292297683028874,0.7077023169711261,0.0,0.0,0.9204545454545454,0.0,58.0
bursty_growth,me_bds_C3,8,12000,704,0.41620575826094236,1.5323430896587311,1.5323430896587311,1.4676569103412689,0.0,0.0,0.9332386363636364,0.0,59.0
bursty_growth,me_bds_C3,9,12000,704,0.5363920329309095,2.3281578217995005,2.3281578217995005,0.6718421782004995,0.0,0.001644736842105263,0.9133522727272727,0.0,58.0
bursty_growth,me_bds_C3,10,12000,704,0.5070813921958164,2.3793258482798407,2.3793258482798407,0.6206741517201593,0.0,0.0,0.9261363636363636,0.0,58.0
bursty_growth,me_bds_C3,11,12000,704,0.44907266214195984,2.439422002126463,2.439422002126463,0.560577997873537,0.0,0.0,0.9318181818181818,0.0,58.0
bursty_growth,me_bds_C3,12,12000,704,0.5993287516062983,2.3281578217995005,2.3281578217995005,0.6718421782004995,0.001524390243902439,0.003289473684210526,0.9147727272727273,0.0,58.0
bursty_growth,me_bds_C3,13,12000,704,0.4868584756983544,2.3281578217995005,2.3281578217995005,0.6718421782004995,0.001524390243902439,0.001644736842105263,0.9232954545454546,0.0,58.0
bursty_growth,me_bds_C3,14,12000,704,0.4229502146184347,2.439422002126463,2.439422002126463,0.560577997873537,0.0,0.0,0.9289772727272727,0.0,58.0
bursty_growth,me_bds_C3,15,12000,704,0.6425721826993454,2.292297683028874,2.292297683028874,0.7077023169711261,0.006097560975609756,0.0,0.90625,0.0,58.0
bursty_growth,me_bds_C3,16,12000,704,0.6488557084788612,1.5536486500469735,1.4463513499530265,1.5536486500469735,0.0,0.0,0.9161931818181818,0.0,59.0
bursty_growth,me_bds_C3,17,12000,704,0.4390545414637997,2.439422002126463,2.439422002126463,0.560577997873537,0.0,0.0,0.9289772727272727,0.0,58.0
bursty_growth,me_bds_C3,18,12000,704,0.48939342616254133,1.9876101830288775,1.9876101830288775,1.0123898169711225,0.0,0.0,0.9275568181818182,0.0,59.0
bursty_growth,me_bds_C3,19,12000,704,0.473837726048645,1.7682263499554622,1.7682263499554622,1.2317736500445378,0.0,0.0,0.9318181818181818,0.0,59.0
bursty_growth,me_bds_C3,20,12000,704,0.5852125447520482,1.700110183028265,1.700110183028265,1.299889816971735,0.0,0.0,0.921875,0.0,59.0
bursty_growth,me_bds_C3,21,12000,704,0.5579761365063174,2.3281578217995005,2.3281578217995005,0.6718421782004995,0.0,0.001644736842105263,0.9090909090909091,0.0,58.0
bursty_growth,me_bds_C3,22,12000,704,0.5565458877005348,1.7682263499554622,1.7682263499554622,1.2317736500445378,0.0,0.0,0.9318181818181818,0.0,59.0
bursty_growth,me_bds_C3,23,12000,704,0.5955467367023157,2.075110183028265,2.075110183028265,0.924889816971735,0.0,0.0,0.9204545454545454,0.0,59.0
bursty_growth,me_bds_C3,24,12000,704,0.781212882345104,1.700110183028265,1.700110183028265,1.299889816971735,0.0,0.0,0.9119318181818182,0.0,59.0
bursty_growth,me_bds_C3,25,12000,704,0.5719608588663444,1.9876101830288775,1.9876101830288775,1.0123898169711225,0.001524390243902439,0.0,0.921875,0.0,59.0
bursty_growth,me_bds_C3,26,12000,704,0.5257020190778939,1.5536486500469735,1.4463513499530265,1.5536486500469735,0.0,0.0,0.921875,0.0,59.0
bursty_growth,me_bds_C3,27,12000,704,0.4391097779944693,1.9876101830288775,1.9876101830288775,1.0123898169711225,0.0,0.0,0.9261363636363636,1.0,59.0
bursty_growth,me_bds_C3,28,12000,704,0.4658598399807004,2.422979501209795,2.422979501209795,0.5770204987902048,0.001524390243902439,0.0,0.9204545454545454,0.0,58.0
bursty_growth,me_bds_C3,29,12000,704,0.444100526349303,1.9186183481175334,1.9186183481175334,1.0813816518824666,0.001524390243902439,0.0,0.9275568181818182,0.0,59.0
bursty_growth,me_bds_C3,30,12000,704,0.43191368869346497,2.422979501209795,2.422979501209795,0.5770204987902048,0.001524390243902439,0.0,0.9289772727272727,0.0,58.0
bursty_growth,me_bds_C3,31,12000,704,0.5240013631811123,2.292297683028874,2.292297683028874,0.7077023169711261,0.0,0.0,0.9190340909090909,0.0,58.0
bursty_growth,me_bds_C3,32,12000,704,0.5632670004224162,1.700110183028265,1.700110183028265,1.299889816971735,0.0,0.0,0.9289772727272727,0.0,59.0
bursty_growth,me_bds_C3,33,12000,704,0.5717802313394732,1.8585149646587311,1.8585149646587311,1.1414850353412689,0.0,0.0,0.9303977272727273,0.0,59.0
bursty_growth,me_bds_C3,34,12000,704,0.6786774996528493,1.5323430896587311,1.5323430896587311,1.4676569103412689,0.0,0.0,0.9261363636363636,0.0,59.0
bursty_growth,me_bds_C3,35,12000,704,0.5574399846340736,2.3281578217995005,2.3281578217995005,0.6718421782004995,0.0,0.001644736842105263,0.90625,0.0,58.0
bursty_growth,me_bds_C3,36,12000,704,0.41795473590605886,2.422979501209795,2.422979501209795,0.5770204987902048,0.0,0.0,0.9247159090909091,0.0,58.0
bursty_growth,me_bds_C3,37,12000,704,0.5094345141705554,1.700110183028265,1.700110183028265,1.2317736500445378,0.0,0.0,0.9247159090909091,0.0,59.0
bursty_growth,me_bds_C3,38,12000,704,0.48283703343170026,2.439422002126463,2.439422002126463,0.560577997873537,0.0,0.0,0.9275568181818182,0.0,58.0
bursty_growth,me_bds_C3,39,12000,704,0.6325641377090518,1.5770204987902048,1.4229795012097952,1.5770204987902048,0.0,0.0,0.9332386363636364,0.0,59.0
bursty_growth,me_bds_C3,40,12000,704,0.6506263222604544,1.7682263499554622,1.7682263499554622,1.2317736500445378,0.0,0.0,0.9204545454545454,0.0,59.0
bursty_growth,me_bds_C3,41,12000,704,0.589190275485001,2.0123898169711225,0.9876101830288775,2.0123898169711225,0.0,0.0,0.9303977272727273,0.0,59.0
bursty_growth,me_bds_C3,42,12000,704,0.48597912690724154,2.422979501209795,2.422979501209795,0.5770204987902048,0.001524390243902439,0.0,0.9190340909090909,0.0,58.0
bursty_growth,me_bds_C3,43,12000,704,0.5651638569101776,2.3281578217995005,2.3281578217995005,0.6718421782004995,0.0,0.003289473684210526,0.9076704545454546,0.0,58.0
bursty_growth,me_bds_C3,44,12000,704,0.6931425282687806,1.9186183481175334,1.9186183481175334,1.0813816518824666,0.010670731707317074,0.0,0.9019886363636364,0.0,59.0
bursty_growth,me_bds_C3,45,12000,704,0.7176346622686302,1.700110183028265,1.700110183028265,1.299889816971735,0.0,0.0,0.9204545454545454,0.0,59.0
bursty_growth,me_bds_C3,46,12000,704,0.5029750103105208,2.3281578217995005,2.3281578217995005,0.6718421782004995,0.0,0.001644736842105263,0.9190340909090909,0.0,58.0
bursty_growth,me_bds_C3,47,12000,704,0.5089372775805383,2.422979501209795,2.422979501209795,0.5770204987902048,0.0,0.0,0.9161931818181818,0.0,58.0
bursty_growth,me_bds_C4,0,12000,704,0.6400703694735728,2.9876101830288775,2.9876101830288775,1.0123898169711225,0.0,0.0,0.9076704545454546,0.0,59.0
bursty_growth,me_bds_C4,1,12000,704,0.6330085696231229,3.075110183028265,3.075110183028265,0.924889816971735,0.0,0.0,0.9204545454545454,0.0,59.0
bursty_growth,me_bds_C4,2,12000,704,0.6209805171605832,2.700110183028265,2.700110183028265,1.299889816971735,0.0,0.0,0.921875,0.0,59.0
bursty_growth,me_bds_C4,3,12000,704,0.44468811103458455,2.532343089658731,2.532343089658731,1.4676569103412689,0.0,0.0,0.9360795454545454,0.0,59.0
bursty_growth,me_bds_C4,4,12000,704,0.6446280530404453,2.700110183028265,2.700110183028265,1.299889816971735,0.0,0.0,0.9261363636363636,0.0,59.0
bursty_growth,me_bds_C4,5,12000,704,0.5990160607559174,2.9876101830288775,2.9876101830288775,1.0123898169711225,0.0,0.0,0.9190340909090909,0.0,59.0
bursty_growth,me_bds_C4,6,12000,704,0.6797845489021461,2.7682263499554622,2.7682263499554622,1.2317736500445378,0.003048780487804878,0.0,0.9176136363636364,0.0,59.0
bursty_growth,me_bds_C4,7,12000,704,0.6191182609982538,3.292297683028874,3.292297683028874,0.7077023169711261,0.001524390243902439,0.0,0.9190340909090909,0.0,58.0
bursty_growth,me_bds_C4,8,12000,704,0.6226857489826787,2.700110183028265,2.700110183028265,1.299889816971735,0.001524390243902439,0.001644736842105263,0.9247159090909091,0.0,59.0
bursty_growth,me_bds_C4,9,12000,704,0.5949910376542232,2.422979501209795,2.422979501209795,1.5770204987902048,0.001524390243902439,0.003289473684210526,0.9119318181818182,0.0,58.0
bursty_growth,me_bds_C4,10,12000,704,0.4003356494358522,2.3793258482798407,2.3793258482798407,1.4676569103412689,0.0,0.0,0.9332386363636364,0.0,58.0
bursty_growth,me_bds_C4,11,12000,704,0.9861083156332081,2.532343089658731,2.532343089658731,1.4676569103412689,0.006097560975609756,0.008223684210526315,0.9119318181818182,0.0,59.0
bursty_growth,me_bds_C4,12,12000,704,0.590419044585775,2.7682263499554622,2.7682263499554622,1.2317736500445378,0.001524390243902439,0.001644736842105263,0.9161931818181818,0.0,59.0
bursty_growth,me_bds_C4,13,12000,704,0.6447937179464227,3.3281578217995005,3.3281578217995005,0.6718421782004995,0.003048780487804878,0.003289473684210526,0.9261363636363636,0.0,58.0
bursty_growth,me_bds_C4,14,12000,704,0.7270288353089843,2.7682263499554622,2.7682263499554622,1.2317736500445378,0.007621951219512195,0.0,0.9161931818181818,0.0,59.0
bursty_growth,me_bds_C4,15,12000,704,0.735091329613253,2.597086644067808,2.597086644067808,1.402913355932192,0.001524390243902439,0.0,0.9105113636363636,0.0,59.0
bursty_growth,me_bds_C4,16,12000,704,0.7492954135918437,2.7682263499554622,2.7682263499554622,1.2317736500445378,0.006097560975609756,0.001644736842105263,0.9090909090909091,0.0,59.0
bursty_growth,me_bds_C4,17,12000,704,0.6138849338863542,3.3793258482798407,3.3793258482798407,0.6206741517201593,0.004573170731707317,0.001644736842105263,0.9133522727272727,0.0,58.0
bursty_growth,me_bds_C4,18,12000,704,0.6474403211968421,2.597086644067808,2.597086644067808,1.402913355932192,0.007621951219512195,0.001644736842105263,0.9190340909090909,0.0,59.0
bursty_growth,me_bds_C4,19,12000,704,0.5882704507834571,3.3281578217995005,3.3281578217995005,0.6718421782004995,0.001524390243902439,0.003289473684210526,0.9275568181818182,0.0,58.0
bursty_growth,me_bds_C4,20,12000,704,0.940898755550953,2.597086644067808,2.597086644067808,1.402913355932192,0.007621951219512195,0.009868421052631578,0.9119318181818182,0.0,59.0
bursty_growth,me_bds_C4,21,12000,704,0.6226659296409621,3.075110183028265,3.075110183028265,0.924889816971735,0.0,0.0,0.90625,0.0,59.0
bursty_growth,me_bds_C4,22,12000,704,0.7942998778435161,2.700110183028265,2.700110183028265,1.299889816971735,0.003048780487804878,0.0,0.9105113636363636,0.0,59.0
bursty_growth,me_bds_C4,23,12000,704,0.8773639343873346,2.597086644067808,2.597086644067808,1.402913355932192,0.006097560975609756,0.001644736842105263,0.9247159090909091,0.0,59.0
bursty_growth,me_bds_C4,24,12000,704,0.47807901043229356,2.597086644067808,2.597086644067808,1.402913355932192,0.0,0.0,0.9417613636363636,0.0,59.0
bursty_growth,me_bds_C4,25,12000,704,0.6682601327164094,3.3281578217995005,3.3281578217995005,0.6718421782004995,0.004573170731707317,0.004934210526315789,0.9161931818181818,0.0,58.0
bursty_growth,me_bds_C4,26,12000,704,0.693026645166453,3.075110183028265,3.075110183028265,0.924889816971735,0.001524390243902439,0.0,0.9261363636363636,0.0,59.0
bursty_growth,me_bds_C4,27,12000,704,0.6139647687754494,3.3793258482798407,3.3793258482798407,0.6206741517201593,0.003048780487804878,0.001644736842105263,0.9076704545454546,0.0,58.0
bursty_growth,me_bds_C4,28,12000,704,0.6962982023918644,2.597086644067808,2.597086644067808,1.402913355932192,0.0,0.0,0.9403409090909091,0.0,59.0
bursty_growth,me_bds_C4,29,12000,704,0.8299147533177464,2.075110183028265,2.075110183028265,1.924889816971735,0.0,0.0,0.9119318181818182,0.0,60.0
bursty_growth,me_bds_C4,30,12000,704,0.4831774113129785,2.4463513499530265,2.4463513499530265,1.5536486500469735,0.001524390243902439,0.0,0.9275568181818182,0.0,59.0
bursty_growth,me_bds_C4,31,12000,704,0.448783932107929,3.439422002126463,3.439422002126463,0.560577997873537,0.0,0.0,0.9275568181818182,0.0,58.0
bursty_growth,me_bds_C4,32,12000,704,0.8642913186785706,2.292297683028874,2.292297683028874,1.707702316971126,0.001524390243902439,0.0,0.9176136363636364,0.0,59.0
bursty_growth,me_bds_C4,33,12000,704,0.6802317755764637,3.292297683028874,3.292297683028874,0.7077023169711261,0.004573170731707317,0.0,0.9176136363636364,0.0,58.0
bursty_growth,me_bds_C4,34,12000,704,0.94713837302769,2.532343089658731,2.532343089658731,1.4676569103412689,0.003048780487804878,0.003289473684210526,0.9318181818181818,0.0,59.0
bursty_growth,me_bds_C4,35,12000,704,0.5504090667608798,3.292297683028874,3.292297683028874,0.7077023169711261,0.0,0.001644736842105263,0.9261363636363636,0.0,58.0
bursty_growth,me_bds_C4,36,12000,704,0.6573057425318962,3.292297683028874,3.292297683028874,0.7077023169711261,0.003048780487804878,0.001644736842105263,0.9147727272727273,0.0,58.0
bursty_growth,me_bds_C4,37,12000,704,0.6991809366554851,2.3793258482798407,2.3793258482798407,1.5770204987902048,0.0,0.001644736842105263,0.9005681818181818,0.0,59.0
bursty_growth,me_bds_C4,38,12000,704,0.6348802318819138,3.075110183028265,3.075110183028265,0.924889816971735,0.001524390243902439,0.001644736842105263,0.9105113636363636,0.0,59.0
bursty_growth,me_bds_C4,39,12000,704,0.7281780197680477,2.597086644067808,2.597086644067808,1.402913355932192,0.001524390243902439,0.0,0.9303977272727273,0.0,59.0
bursty_growth,me_bds_C4,40,12000,704,0.9761582823244801,2.0123898169711225,1.9876101830288775,2.0123898169711225,0.013719512195121951,0.0,0.9048295454545454,0.0,60.0
bursty_growth,me_bds_C4,41,12000,704,0.8037242921527643,2.7682263499554622,2.7682263499554622,1.2317736500445378,0.007621951219512195,0.0,0.8991477272727273,0.0,59.0
bursty_growth,me_bds_C4,42,12000,704,0.4597171918879543,3.292297683028874,3.292297683028874,0.7077023169711261,0.0,0.0,0.9204545454545454,0.0,58.0
bursty_growth,me_bds_C4,43,12000,704,0.6666508638819029,2.7682263499554622,2.7682263499554622,1.2317736500445378,0.0,0.0,0.9176136363636364,0.0,59.0
bursty_growth,me_bds_C4,44,12000,704,0.49685157062308005,3.292297683028874,3.292297683028874,0.7077023169711261,0.0,0.0,0.9275568181818182,0.0,58.0
bursty_growth,me_bds_C4,45,12000,704,0.6337267266952206,3.075110183028265,3.075110183028265,0.924889816971735,0.0,0.0,0.9034090909090909,0.0,59.0
bursty_growth,me_bds_C4,46,12000,704,0.6056213387162647,3.075110183028265,3.075110183028265,0.924889816971735,0.0,0.0,0.9076704545454546,0.0,59.0
bursty_growth,me_bds_C4,47,12000,704,0.7294248490446897,2.3793258482798407,2.3793258482798407,1.6206741517201593,0.003048780487804878,0.003289473684210526,0.9190340909090909,0.0,59.0
accelerating_growth,uniform_iid,0,12000,1299,3.195558192196668,20.777307142872274,20.777307142872274,15.891496750237955,0.06954887218045112,0.07233065442020666,0.6943802925327175,0.0,82.0
accelerating_growth,uniform_iid,1,12000,1299,3.1546772858503616,20.667307536549245,20.667307536549245,17.332692463450755,0.06390977443609022,0.08610792192881746,0.6905311778290993,0.0,85.0
accelerating_growth,uniform_iid,2,12000,1299,3.038309291345444,25.332692463450755,15.682379200194696,25.332692463450755,0.05357142857142857,0.08610792192881746,0.6966897613548884,0.0,93.0
accelerating_growth,uniform_iid,3,12000,1299,3.0433649537621794,22.015295218409953,15.667307536549245,22.015295218409953,0.06484962406015038,0.08381171067738231,0.7043879907621247,0.0,82.0
accelerating_growth,uniform_iid,4,12000,1299,3.1438758555139485,22.332692463450755,19.63621993310518,22.332692463450755,0.06015037593984962,0.09184845005740529,0.6874518860662048,0.0,90.0
accelerating_growth,uniform_iid,5,12000,1299,3.0016232715094033,16.667307536549245,16.667307536549245,16.071867900926023,0.07236842105263158,0.09184845005740529,0.6866820631254812,0.0,83.0
accelerating_growth,uniform_iid,6,12000,1299,3.1174647058596374,19.667307536549245,19.667307536549245,18.317620799805304,0.06203007518796992,0.08840413318025259,0.6951501154734411,0.0,83.0
accelerating_growth,uniform_iid,7,12000,1299,2.9241386284322997,18.332692463450755,13.667307536549245,18.332692463450755,0.06954887218045112,0.07692307692307693,0.6897613548883756,0.0,86.0
accelerating_growth,uniform_iid,8,12000,1299,3.105874146309793,25.270192463450755,16.667307536549245,25.270192463450755,0.06860902255639098,0.09299655568312284,0.6974595842956121,0.0,92.0
accelerating_growth,uniform_iid,9,12000,1299,3.1269041202391783,31.332692463450755,13.667307536549245,31.332692463450755,0.06296992481203008,0.07692307692307693,0.6982294072363356,0.0,99.0
accelerating_growth,uniform_iid,10,12000,1299,3.021380933188287,19.332692463450755,18.667307536549245,19.332692463450755,0.06203007518796992,0.08955223880597014,0.6843725943033102,0.0,87.0
accelerating_growth,uniform_iid,11,12000,1299,2.9783651189477016,20.332692463450755,12.820716627458339,20.332692463450755,0.07142857142857142,0.08036739380022963,0.6943802925327175,0.0,88.0
accelerating_growth,uniform_iid,12,12000,1299,3.0456678262143786,18.667307536549245,18.667307536549245,15.982374547674851,0.06578947368421052,0.09414466130884042,0.6905311778290993,0.0,82.0
accelerating_growth,uniform_iid,13,12000,1299,3.1184270390023268,18.667307536549245,18.667307536549245,15.332692463450755,0.05545112781954887,0.08036739380022963,0.6966897613548884,0.0,83.0
accelerating_growth,uniform_iid,14,12000,1299,2.9225340678665126,20.17928337254166,15.04925764094807,20.17928337254166,0.05921052631578947,0.09184845005740529,0.6951501154734411,0.0,86.0
accelerating_growth,uniform_iid,15,12000,1299,3.0685780090972106,20.667307536549245,20.667307536549245,19.41144898890741,0.06954887218045112,0.0677382319173364,0.7097767513471901,0.0,86.0
accelerating_growth,uniform_iid,16,12000,1299,2.905810323048194,18.332692463450755,17.667307536549245,18.332692463450755,0.06296992481203008,0.07003444316877153,0.7105465742879138,0.0,86.0
accelerating_growth,uniform_iid,17,12000,1299,2.865426193621938,19.777307142872274,19.777307142872274,18.332692463450755,0.06296992481203008,0.08151549942594719,0.6897613548883756,0.0,86.0
accelerating_growth,uniform_iid,18,12000,1299,2.867974774066377,18.28746881437354,17.667307536549245,18.28746881437354,0.05169172932330827,0.0711825487944891,0.7143956889915319,0.0,77.0
accelerating_growth,uniform_iid,19,12000,1299,3.3327905919271665,29.667307536549245,29.667307536549245,21.332692463450755,0.05733082706766917,0.09644087256027555,0.6889915319476521,0.0,89.0
accelerating_growth,uniform_iid,20,12000,1299,3.0473057409645623,21.332692463450755,15.081220829139014,21.332692463450755,0.05827067669172932,0.07921928817451206,0.7066974595842956,0.0,89.0
accelerating_growth,uniform_iid,21,12000,1299,3.0179218792434206,19.667307536549245,19.667307536549245,16.778248412683297,0.06203007518796992,0.08381171067738231,0.6889915319476521,0.0,82.0
accelerating_growth,uniform_iid,22,12000,1299,3.000071243939834,17.04925764094807,17.04925764094807,14.654251852278733,0.05545112781954887,0.09070034443168772,0.7005388760585065,0.0,82.0
accelerating_growth,uniform_iid,23,12000,1299,2.945567632035156,16.697113400228154,13.667307536549245,16.697113400228154,0.05921052631578947,0.09414466130884042,0.6805234795996921,0.0,83.0
accelerating_growth,uniform_iid,24,12000,1299,3.1352387646966187,19.332692463450755,18.843994483053308,19.332692463450755,0.06203007518796992,0.08955223880597014,0.6966897613548884,0.0,87.0
accelerating_growth,uniform_iid,25,12000,1299,2.981968999221768,19.332692463450755,15.614266966674151,19.332692463450755,0.05639097744360902,0.09299655568312284,0.6913010007698229,0.0,87.0
accelerating_growth,uniform_iid,26,12000,1299,3.2329558910837335,21.91144898890738,17.667307536549245,21.91144898890738,0.06015037593984962,0.08266360505166476,0.6936104695919938,0.0,88.0
accelerating_growth,uniform_iid,27,12000,1299,2.8423745435320353,18.332692463450755,14.667307536549245,18.332692463450755,0.05733082706766917,0.07921928817451206,0.7066974595842956,0.0,86.0
accelerating_growth,uniform_iid,28,12000,1299,3.194233909327092,23.667307536549245,23.667307536549245,20.17928337254166,0.05263157894736842,0.08036739380022963,0.7066974595842956,0.0,86.0
accelerating_growth,uniform_iid,29,12000,1299,3.0829849940144607,17.332692463450755,15.466368173486515,17.332692463450755,0.06860902255639098,0.09070034443168772,0.6859122401847575,0.0,85.0
accelerating_growth,uniform_iid,30,12000,1299,3.0259049509929157,24.667307536549245,24.667307536549245,17.275374378030833,0.06860902255639098,0.09529276693455797,0.6913010007698229,0.0,82.0
accelerating_growth,uniform_iid,31,12000,1299,3.0229000925859473,19.984046020061683,19.984046020061683,16.697113400228154,0.05921052631578947,0.08495981630309989,0.6966897613548884,0.0,84.0
accelerating_growth,uniform_iid,32,12000,1299,2.724641921221705,15.646798177413288,13.081220829139014,15.646798177413288,0.05545112781954887,0.07807118254879448,0.7036181678214011,0.0,78.0
accelerating_growth,uniform_iid,33,12000,1299,3.127562499131328,20.697113400228154,14.667307536549245,20.697113400228154,0.05921052631578947,0.08381171067738231,0.6928406466512702,0.0,88.0
accelerating_growth,uniform_iid,34,12000,1299,3.0832638511400847,20.36378006689482,18.667307536549245,20.36378006689482,0.06296992481203008,0.08266360505166476,0.7036181678214011,0.0,81.0
accelerating_growth,uniform_iid,35,12000,1299,3.073382053199102,19.332692463450755,14.508503249762057,19.332692463450755,0.05545112781954887,0.09184845005740529,0.6843725943033102,0.0,87.0
accelerating_growth,uniform_iid,36,12000,1299,3.0883461120646425,22.332692463450755,18.081220829139014,22.332692463450755,0.06672932330827068,0.08955223880597014,0.7005388760585065,0.0,90.0
accelerating_growth,uniform_iid,37,12000,1299,3.0255158625411065,21.121627768446416,19.667307536549245,21.121627768446416,0.05357142857142857,0.09184845005740529,0.6889915319476521,0.0,82.0
accelerating_growth,uniform_iid,38,12000,1299,3.0627795197659995,18.332692463450755,17.667307536549245,18.332692463450755,0.06390977443609022,0.0711825487944891,0.7020785219399538,0.0,86.0
accelerating_growth,uniform_iid,39,12000,1299,3.1525645881391746,23.332692463450755,19.58855101109259,23.332692463450755,0.047932330827067667,0.07577497129735936,0.7005388760585065,0.0,91.0
accelerating_growth,uniform_iid,40,12000,1299,2.8978436073346443,18.727809479572883,16.667307536549245,18.727809479572883,0.06390977443609022,0.08955223880597014,0.6843725943033102,0.0,79.0
accelerating_growth,uniform_iid,41,12000,1299,3.000441434448103,18.667307536549245,18.667307536549245,15.919169846482745,0.05827067669172932,0.07692307692307693,0.7143956889915319,0.0,79.0
accelerating_growth,uniform_iid,42,12000,1299,2.777829420131562,16.836662129543797,13.682379200194696,16.836662129543797,0.046992481203007516,0.08036739380022963,0.7005388760585065,0.0,81.0
accelerating_growth,uniform_iid,43,12000,1299,2.985479442314583,16.667307536549245,16.667307536549245,16.332692463450755,0.06015037593984962,0.07692307692307693,0.6943802925327175,0.0,84.0
accelerating_growth,uniform_iid,44,12000,1299,2.921879045218505,17.95074235905193,14.667307536549245,17.95074235905193,0.04887218045112782,0.07807118254879448,0.6997690531177829,0.0,79.0
accelerating_growth,uniform_iid,45,12000,1299,3.154239717052878,23.332692463450755,19.895285031279315,23.332692463450755,0.07236842105263158,0.08036739380022963,0.6943802925327175,0.0,91.0
accelerating_growth,uniform_iid,46,12000,1299,2.9278570751782085,20.778248412683297,14.431363163924658,20.778248412683297,0.06766917293233082,0.08725602755453502,0.6936104695919938,0.0,82.0
accelerating_growth,uniform_iid,47,12000,1299,2.863687400296827,14.720748147721253,14.720748147721253,13.918779170860986,0.07800751879699248,0.08725602755453502,0.6982294072363356,0.0,79.0
accelerating_growth,production_causal_shuffle,0,12000,1299,0.6733957289571116,2.667307536549245,2.667307536549245,1.137019981037426,0.0,0.0,0.806774441878368,0.0,66.0
accelerating_growth,production_causal_shuffle,1,12000,1299,0.6647738568094269,2.667307536549245,2.667307536549245,1.1324454156211061,0.0,0.0,0.8098537336412626,0.0,66.0
accelerating_growth,production_causal_shuffle,2,12000,1299,0.699551757557369,2.667307536549245,2.667307536549245,1.137019981037426,0.0,0.0,0.8144726712856043,0.0,66.0
accelerating_growth,production_causal_shuffle,3,12000,1299,0.6807602413115021,2.667307536549245,2.667307536549245,1.137019981037426,0.0,0.0,0.8198614318706697,0.0,66.0
accelerating_growth,production_causal_shuffle,4,12000,1299,0.6819406710868134,2.667307536549245,2.667307536549245,1.137019981037426,0.0,0.0,0.8113933795227097,0.0,66.0
accelerating_growth,production_causal_shuffle,5,12000,1299,0.6741065205135429,2.667307536549245,2.667307536549245,1.137019981037426,0.0,0.0,0.8167821401077752,0.0,66.0
accelerating_growth,production_causal_shuffle,6,12000,1299,0.6712575374206697,2.667307536549245,2.667307536549245,1.137019981037426,0.0,0.0,0.8106235565819861,0.0,66.0
accelerating_growth,production_causal_shuffle,7,12000,1299,0.6771047723694718,2.667307536549245,2.667307536549245,1.137019981037426,0.0,0.0,0.8113933795227097,0.0,66.0
accelerating_growth,production_causal_shuffle,8,12000,1299,0.7005881699326497,2.667307536549245,2.667307536549245,1.137019981037426,0.0,0.0,0.8144726712856043,0.0,66.0
accelerating_growth,production_causal_shuffle,9,12000,1299,0.6697763106902694,2.667307536549245,2.667307536549245,1.123283709621603,0.0,0.0,0.8098537336412626,0.0,66.0
accelerating_growth,production_causal_shuffle,10,12000,1299,0.6801932753960064,2.667307536549245,2.667307536549245,1.137019981037426,0.0,0.0,0.8167821401077752,0.0,66.0
accelerating_growth,production_causal_shuffle,11,12000,1299,0.6833198392961045,2.667307536549245,2.667307536549245,1.137019981037426,0.0,0.0,0.8106235565819861,0.0,66.0
accelerating_growth,production_causal_shuffle,12,12000,1299,0.6763862198743608,2.667307536549245,2.667307536549245,1.137019981037426,0.0,0.0,0.8183217859892224,0.0,66.0
accelerating_growth,production_causal_shuffle,13,12000,1299,0.6926819871579897,2.667307536549245,2.667307536549245,1.1324454156211061,0.0,0.0,0.8167821401077752,0.0,66.0
accelerating_growth,production_causal_shuffle,14,12000,1299,0.6767200459292333,2.667307536549245,2.667307536549245,1.137019981037426,0.0,0.0,0.8198614318706697,0.0,66.0
accelerating_growth,production_causal_shuffle,15,12000,1299,0.6774583056877748,2.667307536549245,2.667307536549245,1.137019981037426,0.0,0.0,0.8121632024634334,0.0,66.0
accelerating_growth,production_causal_shuffle,16,12000,1299,0.677814181759735,2.667307536549245,2.667307536549245,1.137019981037426,0.0,0.0,0.815242494226328,0.0,66.0
accelerating_growth,production_causal_shuffle,17,12000,1299,0.6795905089324273,2.667307536549245,2.667307536549245,1.137019981037426,0.0,0.0,0.8137028483448807,0.0,66.0
accelerating_growth,production_causal_shuffle,18,12000,1299,0.6758294433503612,2.667307536549245,2.667307536549245,1.123283709621603,0.0,0.0,0.8098537336412626,0.0,66.0
accelerating_growth,production_causal_shuffle,19,12000,1299,0.6754856951417152,2.667307536549245,2.667307536549245,1.137019981037426,0.0,0.0,0.8167821401077752,0.0,66.0
accelerating_growth,production_causal_shuffle,20,12000,1299,0.6805345601453561,2.667307536549245,2.667307536549245,1.137019981037426,0.0,0.0,0.8083140877598153,0.0,66.0
accelerating_growth,production_causal_shuffle,21,12000,1299,0.6847341361383428,2.667307536549245,2.667307536549245,1.137019981037426,0.0,0.0,0.8075442648190916,0.0,66.0
accelerating_growth,production_causal_shuffle,22,12000,1299,0.6779000123058501,2.667307536549245,2.667307536549245,1.137019981037426,0.0,0.0,0.812933025404157,0.0,66.0
accelerating_growth,production_causal_shuffle,23,12000,1299,0.6929442155039451,2.667307536549245,2.667307536549245,1.1278666610423471,0.0,0.0,0.8090839107005389,0.0,66.0
accelerating_growth,production_causal_shuffle,24,12000,1299,0.6807962167624081,2.667307536549245,2.667307536549245,1.137019981037426,0.0,0.0,0.8121632024634334,0.0,66.0
accelerating_growth,production_causal_shuffle,25,12000,1299,0.6794577685626089,2.667307536549245,2.667307536549245,1.137019981037426,0.0,0.0,0.8121632024634334,0.0,66.0
accelerating_growth,production_causal_shuffle,26,12000,1299,0.6637389993020145,2.667307536549245,2.667307536549245,1.137019981037426,0.0,0.0,0.8029253271747498,0.0,66.0
accelerating_growth,production_causal_shuffle,27,12000,1299,0.6793443609733492,2.667307536549245,2.667307536549245,1.137019981037426,0.0,0.0,0.8175519630484989,0.0,66.0
accelerating_growth,production_causal_shuffle,28,12000,1299,0.6870608206328943,2.667307536549245,2.667307536549245,1.137019981037426,0.0,0.0,0.8190916089299461,0.0,66.0
accelerating_growth,production_causal_shuffle,29,12000,1299,0.6751799708664693,2.667307536549245,2.667307536549245,1.137019981037426,0.0,0.0,0.8183217859892224,0.0,66.0
accelerating_growth,production_causal_shuffle,30,12000,1299,0.6922018291935353,2.667307536549245,2.667307536549245,1.137019981037426,0.0,0.0,0.815242494226328,0.0,66.0
accelerating_growth,production_causal_shuffle,31,12000,1299,0.6786817115147677,2.667307536549245,2.667307536549245,1.1278666610423471,0.0,0.0,0.8144726712856043,0.0,66.0
accelerating_growth,production_causal_shuffle,32,12000,1299,0.6821989119918215,2.667307536549245,2.667307536549245,1.137019981037426,0.0,0.0,0.815242494226328,0.0,66.0
accelerating_growth,production_causal_shuffle,33,12000,1299,0.6836424774666077,2.667307536549245,2.667307536549245,1.137019981037426,0.0,0.0,0.8137028483448807,0.0,66.0
accelerating_growth,production_causal_shuffle,34,12000,1299,0.6860632855443186,2.667307536549245,2.667307536549245,1.137019981037426,0.0,0.0,0.8106235565819861,0.0,66.0
accelerating_growth,production_causal_shuffle,35,12000,1299,0.6815399542806018,2.667307536549245,2.667307536549245,1.1324454156211061,0.0,0.0,0.8167821401077752,0.0,66.0
accelerating_growth,production_causal_shuffle,36,12000,1299,0.6705301967936169,2.667307536549245,2.667307536549245,1.137019981037426,0.0,0.0,0.8121632024634334,0.0,66.0
accelerating_growth,production_causal_shuffle,37,12000,1299,0.6722461961356598,2.667307536549245,2.667307536549245,1.137019981037426,0.0,0.0,0.8144726712856043,0.0,66.0
accelerating_growth,production_causal_shuffle,38,12000,1299,0.6744521919196461,2.667307536549245,2.667307536549245,1.137019981037426,0.0,0.0,0.8106235565819861,0.0,66.0
accelerating_growth,production_causal_shuffle,39,12000,1299,0.6643083758892794,2.667307536549245,2.667307536549245,1.137019981037426,0.0,0.0,0.8113933795227097,0.0,66.0
accelerating_growth,production_causal_shuffle,40,12000,1299,0.6562423751447117,2.667307536549245,2.667307536549245,1.137019981037426,0.0,0.0,0.806774441878368,0.0,66.0
accelerating_growth,production_causal_shuffle,41,12000,1299,0.6735655529791122,2.667307536549245,2.667307536549245,1.1324454156211061,0.0,0.0,0.8144726712856043,0.0,66.0
accelerating_growth,production_causal_shuffle,42,12000,1299,0.6694091924163224,2.667307536549245,2.667307536549245,1.137019981037426,0.0,0.0,0.812933025404157,0.0,66.0
accelerating_growth,production_causal_shuffle,43,12000,1299,0.6748158471303604,2.667307536549245,2.667307536549245,1.137019981037426,0.0,0.0,0.8098537336412626,0.0,66.0
accelerating_growth,production_causal_shuffle,44,12000,1299,0.6988171352082385,2.667307536549245,2.667307536549245,1.137019981037426,0.0,0.0,0.8190916089299461,0.0,66.0
accelerating_growth,production_causal_shuffle,45,12000,1299,0.6736212495676603,2.667307536549245,2.667307536549245,1.1324454156211061,0.0,0.0,0.8113933795227097,0.0,66.0
accelerating_growth,production_causal_shuffle,46,12000,1299,0.6674476678793905,2.667307536549245,2.667307536549245,1.137019981037426,0.0,0.0,0.8144726712856043,0.0,66.0
accelerating_growth,production_causal_shuffle,47,12000,1299,0.6673209510274112,2.667307536549245,2.667307536549245,1.137019981037426,0.0,0.0,0.8160123171670516,0.0,66.0
accelerating_growth,active_archive_D0,0,12000,1299,0.7756733878292291,3.12837223155357,3.12837223155357,1.922134055072945,0.0,0.004592422502870264,0.8090839107005389,0.0,67.0
accelerating_growth,active_archive_D0,1,12000,1299,0.8269616239230257,2.9202679556444124,2.9202679556444124,2.444589391581033,0.0,0.0,0.7998460354118553,0.0,67.0
accelerating_growth,active_archive_D0,2,12000,1299,0.7250191471576948,3.1128767646621185,3.1128767646621185,1.8832177412165407,0.0,0.002296211251435132,0.8036951501154734,0.0,67.0
accelerating_growth,active_archive_D0,3,12000,1299,0.8107671202184923,3.2750318667223013,3.2750318667223013,2.0910848885662006,0.0,0.0,0.8098537336412626,0.0,67.0
accelerating_growth,active_archive_D0,4,12000,1299,0.7267301668309056,3.12837223155357,3.12837223155357,1.8832177412165407,0.0009398496240601503,0.002296211251435132,0.8090839107005389,0.0,68.0
accelerating_growth,active_archive_D0,5,12000,1299,0.7588628897221756,3.667307536549245,3.667307536549245,2.1744314980766006,0.0,0.0,0.8036951501154734,0.0,66.0
accelerating_growth,active_archive_D0,6,12000,1299,0.7583414753981599,3.0770254592349318,3.0770254592349318,1.906793422188855,0.0018796992481203006,0.001148105625717566,0.8075442648190916,0.0,67.0
accelerating_growth,active_archive_D0,7,12000,1299,0.8898241506576062,3.5085032497620574,3.5085032497620574,2.408438906501175,0.0,0.0,0.821401077752117,0.0,67.0
accelerating_growth,active_archive_D0,8,12000,1299,0.7761244523123084,3.3028865997718455,3.3028865997718455,1.9411907703634625,0.0009398496240601503,0.004592422502870264,0.8083140877598153,0.0,67.0
accelerating_growth,active_archive_D0,9,12000,1299,0.9084052406491288,4.667307536549245,4.667307536549245,2.1825369057937962,0.0,0.0,0.8160123171670516,0.0,66.0
accelerating_growth,active_archive_D0,10,12000,1299,0.7884864910813809,3.706397826933184,3.706397826933184,1.9364333964338556,0.0,0.001148105625717566,0.8075442648190916,0.0,68.0
accelerating_growth,active_archive_D0,11,12000,1299,0.8658382867005351,4.251852372387717,4.251852372387717,2.0633198955554235,0.0,0.0,0.8106235565819861,0.0,68.0
accelerating_growth,active_archive_D0,12,12000,1299,0.8817943918151375,3.667307536549245,3.667307536549245,2.2856795697565104,0.0,0.0,0.812933025404157,0.0,67.0
accelerating_growth,active_archive_D0,13,12000,1299,0.8470883679041815,2.8193266514520587,2.8193266514520587,2.347435975011493,0.0,0.0,0.815242494226328,0.0,67.0
accelerating_growth,active_archive_D0,14,12000,1299,0.7276297027483677,3.007545314189315,3.007545314189315,1.9263552614793156,0.0009398496240601503,0.0,0.8060046189376443,0.0,66.0
accelerating_growth,active_archive_D0,15,12000,1299,0.8066426696191077,3.878372231553584,3.878372231553584,1.8980536033872113,0.0,0.002296211251435132,0.8083140877598153,0.0,67.0
accelerating_growth,active_archive_D0,16,12000,1299,0.8405300958942075,3.6476030007843434,3.6476030007843434,2.27047607285418,0.0,0.0,0.8052347959969207,0.0,68.0
accelerating_growth,active_archive_D0,17,12000,1299,0.8216401499206433,3.667307536549245,3.667307536549245,2.1780038142253346,0.0,0.0,0.8036951501154734,0.0,67.0
accelerating_growth,active_archive_D0,18,12000,1299,0.8401381904492294,3.0817689729816067,3.0817689729816067,2.4515612064774785,0.0,0.0,0.8113933795227097,0.0,67.0
accelerating_growth,active_archive_D0,19,12000,1299,0.8061860253363357,3.667307536549245,3.667307536549245,2.5093749919046786,0.0,0.0,0.8060046189376443,0.0,67.0
accelerating_growth,active_archive_D0,20,12000,1299,0.8454927261468589,3.667307536549245,3.667307536549245,2.1141051854305317,0.0,0.0,0.8137028483448807,0.0,68.0
accelerating_growth,active_archive_D0,21,12000,1299,0.7397181093357547,3.007545314189315,3.007545314189315,2.649398449449322,0.0,0.0,0.8006158583525789,0.0,67.0
accelerating_growth,active_archive_D0,22,12000,1299,0.7496700727662996,2.667307536549245,2.667307536549245,2.016699514557615,0.0,0.0,0.798306389530408,0.0,67.0
accelerating_growth,active_archive_D0,23,12000,1299,0.8372609400963527,4.0812208291390135,4.0812208291390135,2.164379828530997,0.0,0.0,0.8075442648190916,0.0,68.0
accelerating_growth,active_archive_D0,24,12000,1299,0.7599816455110499,3.3629147077696047,3.3629147077696047,1.8741720602934322,0.0,0.003444316877152698,0.8075442648190916,0.0,67.0
accelerating_growth,active_archive_D0,25,12000,1299,0.7677027205124515,3.396664914480411,3.396664914480411,2.215938997627589,0.0,0.0,0.7990762124711316,0.0,67.0
accelerating_growth,active_archive_D0,26,12000,1299,0.8369948267194013,3.667307536549245,3.667307536549245,2.18706589130106,0.0,0.0,0.815242494226328,0.0,67.0
accelerating_growth,active_archive_D0,27,12000,1299,0.9251342775917166,4.221751587316703,4.221751587316703,2.9187791708609865,0.0,0.0,0.8121632024634334,0.0,68.0
accelerating_growth,active_archive_D0,28,12000,1299,0.7964547233526519,3.0492576409480705,3.0492576409480705,2.5197323224917483,0.0,0.0,0.8006158583525789,0.0,68.0
accelerating_growth,active_archive_D0,29,12000,1299,0.8529638408199024,3.667307536549245,3.667307536549245,2.272346229399801,0.0,0.0,0.8013856812933026,0.0,67.0
accelerating_growth,active_archive_D0,30,12000,1299,0.8525232065843786,3.676297041862128,3.676297041862128,2.236615843011677,0.0,0.0,0.806774441878368,0.0,66.0
accelerating_growth,active_archive_D0,31,12000,1299,0.8007572851318846,3.667307536549245,3.667307536549245,2.4467763708584016,0.0,0.0,0.8006158583525789,0.0,67.0
accelerating_growth,active_archive_D0,32,12000,1299,0.7161365137021735,3.3636939763241145,3.3636939763241145,1.7915657175207258,0.0,0.001148105625717566,0.8036951501154734,0.0,67.0
accelerating_growth,active_archive_D0,33,12000,1299,0.7791120487268688,3.614266966674151,3.614266966674151,2.5967358910676523,0.0,0.0,0.8021555042340262,0.0,68.0
accelerating_growth,active_archive_D0,34,12000,1299,0.8482278417034262,3.636686288471651,3.636686288471651,2.442966447692129,0.0,0.0,0.8052347959969207,0.0,68.0
accelerating_growth,active_archive_D0,35,12000,1299,0.8180536607597769,3.9383636862818747,3.9383636862818747,2.0493793670821105,0.0,0.003444316877152698,0.8106235565819861,0.0,67.0
accelerating_growth,active_archive_D0,36,12000,1299,0.8382867929255285,3.660358792568246,3.660358792568246,2.2589772383628173,0.0,0.0,0.8029253271747498,0.0,68.0
accelerating_growth,active_archive_D0,37,12000,1299,0.8576249171380664,2.8952850312793146,2.8952850312793146,2.4815270477642883,0.0,0.0,0.806774441878368,0.0,67.0
accelerating_growth,active_archive_D0,38,12000,1299,0.8458049158946621,3.249399888458669,3.249399888458669,2.29759110411014,0.0,0.0,0.7990762124711316,0.0,68.0
accelerating_growth,active_archive_D0,39,12000,1299,0.7988479798917449,3.667307536549245,3.667307536549245,1.9979289636229538,0.0,0.0,0.8144726712856043,0.0,67.0
accelerating_growth,active_archive_D0,40,12000,1299,0.7523458997668812,3.667307536549245,3.667307536549245,1.8548576968793498,0.0018796992481203006,0.002296211251435132,0.8060046189376443,0.0,66.0
accelerating_growth,active_archive_D0,41,12000,1299,0.8141226519343162,3.667307536549245,3.667307536549245,2.2753743780308326,0.0009398496240601503,0.003444316877152698,0.8036951501154734,0.0,66.0
accelerating_growth,active_archive_D0,42,12000,1299,0.850786395505171,3.667307536549245,3.667307536549245,2.2589772383628173,0.0,0.0,0.8036951501154734,0.0,66.0
accelerating_growth,active_archive_D0,43,12000,1299,0.7452970549579584,2.878372231553584,2.878372231553584,1.8713880833146845,0.0009398496240601503,0.0,0.7990762124711316,0.0,67.0
accelerating_growth,active_archive_D0,44,12000,1299,0.8688866263392687,3.667307536549245,3.667307536549245,2.4857932593683643,0.0,0.0,0.8013856812933026,0.0,67.0
accelerating_growth,active_archive_D0,45,12000,1299,0.7664857873973531,3.343344878721311,3.343344878721311,1.9506919601562203,0.0,0.001148105625717566,0.8060046189376443,0.0,67.0
accelerating_growth,active_archive_D0,46,12000,1299,0.8740777066464803,3.667307536549245,3.667307536549245,2.455853051971019,0.0,0.0,0.8052347959969207,0.0,66.0
accelerating_growth,active_archive_D0,47,12000,1299,0.7779758981341299,2.804091178357865,2.804091178357865,2.5083251089396015,0.0,0.0,0.7998460354118553,0.0,67.0
accelerating_growth,exp69_active_archive_D1,0,12000,1299,1.810251643694366,12.667307536549245,12.667307536549245,2.7150000428336654,0.0,0.0,0.8190916089299461,0.0,63.0
accelerating_growth,exp69_active_archive_D1,1,12000,1299,1.8765710251339047,13.667307536549245,13.667307536549245,2.540590175690838,0.0,0.001148105625717566,0.8167821401077752,0.0,64.0
accelerating_growth,exp69_active_archive_D1,2,12000,1299,1.807998101371352,12.667307536549245,12.667307536549245,3.0302516386579867,0.0,0.0,0.8167821401077752,0.0,63.0
accelerating_growth,exp69_active_archive_D1,3,12000,1299,1.8114704596387283,12.667307536549245,12.667307536549245,2.7249681332776987,0.0,0.0,0.8083140877598153,0.0,64.0
accelerating_growth,exp69_active_archive_D1,4,12000,1299,1.744355414493519,12.667307536549245,12.667307536549245,2.533631826513485,0.0,0.0,0.812933025404157,0.0,65.0
accelerating_growth,exp69_active_archive_D1,5,12000,1299,1.7261211839082,11.667307536549245,11.667307536549245,2.645026396544182,0.0,0.0,0.8090839107005389,0.0,64.0
accelerating_growth,exp69_active_archive_D1,6,12000,1299,1.910211435324289,13.667307536549245,13.667307536549245,3.156005516946692,0.0,0.0,0.812933025404157,0.0,64.0
accelerating_growth,exp69_active_archive_D1,7,12000,1299,1.8273648214588583,12.667307536549245,12.667307536549245,3.3075331539569106,0.0,0.0,0.812933025404157,0.0,65.0
accelerating_growth,exp69_active_archive_D1,8,12000,1299,1.791460824571927,12.667307536549245,12.667307536549245,2.842876608785943,0.0,0.0,0.8160123171670516,0.0,64.0
accelerating_growth,exp69_active_archive_D1,9,12000,1299,1.8747531480953497,13.667307536549245,13.667307536549245,3.593247439671302,0.0,0.003444316877152698,0.8106235565819861,0.0,64.0
accelerating_growth,exp69_active_archive_D1,10,12000,1299,1.8473671159473408,13.667307536549245,13.667307536549245,2.8010586674947575,0.0009398496240601503,0.003444316877152698,0.8206312548113934,0.0,64.0
accelerating_growth,exp69_active_archive_D1,11,12000,1299,1.7612791256278857,12.667307536549245,12.667307536549245,2.5205019608021075,0.0,0.0,0.8198614318706697,0.0,66.0
accelerating_growth,exp69_active_archive_D1,12,12000,1299,1.9543319920042357,13.667307536549245,13.667307536549245,2.8293191052549957,0.0,0.0,0.8121632024634334,0.0,64.0
accelerating_growth,exp69_active_archive_D1,13,12000,1299,1.849049058216495,13.667307536549245,13.667307536549245,3.568636836075342,0.0018796992481203006,0.003444316877152698,0.8144726712856043,0.0,64.0
accelerating_growth,exp69_active_archive_D1,14,12000,1299,1.8430842806651744,12.667307536549245,12.667307536549245,3.339641207431754,0.0,0.0,0.8106235565819861,0.0,64.0
accelerating_growth,exp69_active_archive_D1,15,12000,1299,1.9995322745842328,14.667307536549245,14.667307536549245,3.05075425967199,0.0,0.0,0.8106235565819861,0.0,64.0
accelerating_growth,exp69_active_archive_D1,16,12000,1299,1.8514237057436207,12.667307536549245,12.667307536549245,3.075220744599335,0.0,0.0,0.815242494226328,0.0,63.0
accelerating_growth,exp69_active_archive_D1,17,12000,1299,1.8245420892879742,12.667307536549245,12.667307536549245,3.0302516386579867,0.0,0.0,0.8144726712856043,0.0,63.0
accelerating_growth,exp69_active_archive_D1,18,12000,1299,1.8714506304089538,12.667307536549245,12.667307536549245,3.037681803591113,0.0,0.0,0.8090839107005389,0.0,64.0
accelerating_growth,exp69_active_archive_D1,19,12000,1299,1.9090051632535996,13.667307536549245,13.667307536549245,2.8293191052549957,0.0,0.0,0.8090839107005389,0.0,63.0
accelerating_growth,exp69_active_archive_D1,20,12000,1299,1.8240796786644913,12.667307536549245,12.667307536549245,2.710925063208535,0.0,0.0,0.8229407236335643,0.0,65.0
accelerating_growth,exp69_active_archive_D1,21,12000,1299,1.7034967506912768,11.667307536549245,11.667307536549245,2.433691832514114,0.0,0.002296211251435132,0.8144726712856043,0.0,64.0
accelerating_growth,exp69_active_archive_D1,22,12000,1299,1.971988721768716,13.667307536549245,13.667307536549245,2.821918305324701,0.0,0.0,0.8198614318706697,0.0,65.0
accelerating_growth,exp69_active_archive_D1,23,12000,1299,1.7785710325034545,12.667307536549245,12.667307536549245,2.9738088181680666,0.0009398496240601503,0.002296211251435132,0.8121632024634334,0.0,65.0
accelerating_growth,exp69_active_archive_D1,24,12000,1299,1.7455427111118562,11.667307536549245,11.667307536549245,3.3220427007919255,0.0,0.0,0.8190916089299461,0.0,63.0
accelerating_growth,exp69_active_archive_D1,25,12000,1299,1.7095203771115615,11.667307536549245,11.667307536549245,3.433691832514114,0.0,0.0,0.8083140877598153,0.0,65.0
accelerating_growth,exp69_active_archive_D1,26,12000,1299,1.8261206217200134,12.667307536549245,12.667307536549245,3.05075425967199,0.0009398496240601503,0.0,0.8113933795227097,0.0,64.0
accelerating_growth,exp69_active_archive_D1,27,12000,1299,1.7645807237078701,12.667307536549245,12.667307536549245,2.646798177413288,0.0,0.0,0.8144726712856043,0.0,65.0
accelerating_growth,exp69_active_archive_D1,28,12000,1299,1.8654368976707982,13.667307536549245,13.667307536549245,2.6591213524772996,0.0,0.0,0.8106235565819861,0.0,64.0
accelerating_growth,exp69_active_archive_D1,29,12000,1299,1.8408668264618084,12.667307536549245,12.667307536549245,3.10102383820697,0.0,0.0,0.8060046189376443,0.0,65.0
accelerating_growth,exp69_active_archive_D1,30,12000,1299,1.8817526432588891,13.667307536549245,13.667307536549245,3.3313852209574435,0.0,0.0,0.8206312548113934,0.0,67.0
accelerating_growth,exp69_active_archive_D1,31,12000,1299,1.9336247732783278,13.667307536549245,13.667307536549245,3.3075331539569106,0.0,0.0,0.8052347959969207,0.0,65.0
accelerating_growth,exp69_active_archive_D1,32,12000,1299,1.8161741535569147,12.667307536549245,12.667307536549245,3.2526448179450256,0.0,0.004592422502870264,0.8167821401077752,0.0,64.0
accelerating_growth,exp69_active_archive_D1,33,12000,1299,1.8260488115764941,13.667307536549245,13.667307536549245,3.0391539055899415,0.0,0.0,0.8075442648190916,0.0,65.0
accelerating_growth,exp69_active_archive_D1,34,12000,1299,1.7140517158883537,12.667307536549245,12.667307536549245,2.646798177413288,0.0,0.001148105625717566,0.8137028483448807,0.0,64.0
accelerating_growth,exp69_active_archive_D1,35,12000,1299,1.9289545735945541,13.667307536549245,13.667307536549245,3.7096472749476135,0.0,0.0,0.812933025404157,0.0,65.0
accelerating_growth,exp69_active_archive_D1,36,12000,1299,1.8694525644073512,13.667307536549245,13.667307536549245,2.9738088181680666,0.0,0.0,0.8175519630484989,0.0,66.0
accelerating_growth,exp69_active_archive_D1,37,12000,1299,1.9030898841180142,13.667307536549245,13.667307536549245,2.8788016159847842,0.0,0.0,0.8106235565819861,0.0,65.0
accelerating_growth,exp69_active_archive_D1,38,12000,1299,1.898025630369487,13.667307536549245,13.667307536549245,3.5610586674946774,0.0,0.0,0.8167821401077752,0.0,66.0
accelerating_growth,exp69_active_archive_D1,39,12000,1299,1.7500959796222046,12.667307536549245,12.667307536549245,2.5912823979300583,0.0,0.0,0.815242494226328,0.0,65.0
accelerating_growth,exp69_active_archive_D1,40,12000,1299,1.8286069369521074,12.667307536549245,12.667307536549245,2.8788016159847842,0.0,0.0,0.8113933795227097,0.0,64.0
accelerating_growth,exp69_active_archive_D1,41,12000,1299,1.8598927035271458,12.667307536549245,12.667307536549245,2.351818095958066,0.0,0.0,0.8075442648190916,0.0,64.0
accelerating_growth,exp69_active_archive_D1,42,12000,1299,1.8271656395290556,12.667307536549245,12.667307536549245,2.556005516946655,0.0,0.0,0.8237105465742879,0.0,63.0
accelerating_growth,exp69_active_archive_D1,43,12000,1299,1.6999802733128633,11.667307536549245,11.667307536549245,2.8010586674947575,0.0,0.0,0.8237105465742879,0.0,65.0
accelerating_growth,exp69_active_archive_D1,44,12000,1299,1.8137106802165268,13.667307536549245,13.667307536549245,2.0797320443555876,0.0009398496240601503,0.003444316877152698,0.8106235565819861,0.0,64.0
accelerating_growth,exp69_active_archive_D1,45,12000,1299,1.8735560495989398,12.667307536549245,12.667307536549245,3.5610586674946774,0.0,0.0,0.8160123171670516,0.0,63.0
accelerating_growth,exp69_active_archive_D1,46,12000,1299,1.9502471273164381,14.667307536549245,14.667307536549245,3.2020843819227167,0.0009398496240601503,0.002296211251435132,0.8113933795227097,0.0,64.0
accelerating_growth,exp69_active_archive_D1,47,12000,1299,1.6944205654857685,12.667307536549245,12.667307536549245,2.6121280955345014,0.002819548872180451,0.001148105625717566,0.8167821401077752,0.0,65.0
accelerating_growth,exp69_active_archive_D2,0,12000,1299,2.5302195927974065,18.667307536549245,18.667307536549245,3.4494297563607574,0.0,0.001148105625717566,0.8252501924557352,0.0,63.0
accelerating_growth,exp69_active_archive_D2,1,12000,1299,2.7723570482201207,19.667307536549245,19.667307536549245,4.7423075175656635,0.0,0.0,0.8283294842186297,0.0,62.0
accelerating_growth,exp69_active_archive_D2,2,12000,1299,2.7952246653205046,20.667307536549245,20.667307536549245,4.252644817945026,0.0,0.0,0.8221709006928406,0.0,62.0
accelerating_growth,exp69_active_archive_D2,3,12000,1299,2.706744484457555,19.667307536549245,19.667307536549245,4.3216120735011,0.0,0.0,0.8321785989222479,0.0,64.0
accelerating_growth,exp69_active_archive_D2,4,12000,1299,2.76758462172701,19.667307536549245,19.667307536549245,4.237148190382172,0.0,0.0,0.8367975365665897,0.0,63.0
accelerating_growth,exp69_active_archive_D2,5,12000,1299,2.7205982511889686,19.667307536549245,19.667307536549245,4.05075425967199,0.0,0.0,0.8183217859892224,0.0,62.0
accelerating_growth,exp69_active_archive_D2,6,12000,1299,2.6350718923058123,19.667307536549245,19.667307536549245,2.5813852209574293,0.0,0.0,0.8260200153964589,0.0,63.0
accelerating_growth,exp69_active_archive_D2,7,12000,1299,2.8547558082989304,20.667307536549245,20.667307536549245,4.3191231836237165,0.0,0.0,0.8237105465742879,0.0,63.0
accelerating_growth,exp69_active_archive_D2,8,12000,1299,2.7081304908399413,19.667307536549245,19.667307536549245,4.878801615984784,0.0,0.0,0.8252501924557352,0.0,62.0
accelerating_growth,exp69_active_archive_D2,9,12000,1299,2.7426281403693933,19.667307536549245,19.667307536549245,3.842876608785943,0.0009398496240601503,0.002296211251435132,0.8252501924557352,0.0,62.0
accelerating_growth,exp69_active_archive_D2,10,12000,1299,2.658725684625099,19.667307536549245,19.667307536549245,4.3191231836237165,0.0,0.0,0.8383371824480369,0.0,63.0
accelerating_growth,exp69_active_archive_D2,11,12000,1299,2.862168477232481,20.667307536549245,20.667307536549245,3.9738088181680666,0.0,0.0,0.815242494226328,0.0,62.0
accelerating_growth,exp69_active_archive_D2,12,12000,1299,2.8046227093620955,20.667307536549245,20.667307536549245,4.3216120735011,0.0,0.004592422502870264,0.8252501924557352,0.0,62.0
accelerating_growth,exp69_active_archive_D2,13,12000,1299,2.8206881292956325,20.667307536549245,20.667307536549245,4.568636836075342,0.0,0.0,0.8237105465742879,0.0,62.0
accelerating_growth,exp69_active_archive_D2,14,12000,1299,2.6737586878285313,19.667307536549245,19.667307536549245,3.8366621295437966,0.0,0.001148105625717566,0.8283294842186297,0.0,62.0
accelerating_growth,exp69_active_archive_D2,15,12000,1299,2.694682599598116,19.667307536549245,19.667307536549245,4.434417917149403,0.0,0.0,0.8267898383371824,0.0,63.0
accelerating_growth,exp69_active_archive_D2,16,12000,1299,2.7148772963863044,19.667307536549245,19.667307536549245,3.821918305324701,0.0,0.0,0.8206312548113934,0.0,63.0
accelerating_growth,exp69_active_archive_D2,17,12000,1299,2.7378126256229125,19.667307536549245,19.667307536549245,4.079284380621203,0.0,0.0,0.821401077752117,0.0,63.0
accelerating_growth,exp69_active_archive_D2,18,12000,1299,2.7455830500799685,19.667307536549245,19.667307536549245,3.7423075175656635,0.0,0.0,0.8221709006928406,0.0,62.0
accelerating_growth,exp69_active_archive_D2,19,12000,1299,2.6508061665799247,19.667307536549245,19.667307536549245,3.821918305324701,0.0018796992481203006,0.003444316877152698,0.815242494226328,0.0,62.0
accelerating_growth,exp69_active_archive_D2,20,12000,1299,2.6997033461044206,18.667307536549245,18.667307536549245,4.581385220957429,0.0,0.0,0.8306389530408006,0.0,60.0
accelerating_growth,exp69_active_archive_D2,21,12000,1299,2.745722302968122,19.667307536549245,19.667307536549245,4.252644817945026,0.0,0.001148105625717566,0.8237105465742879,0.0,63.0
accelerating_growth,exp69_active_archive_D2,22,12000,1299,2.7586362209388917,19.667307536549245,19.667307536549245,4.079284380621203,0.0,0.0,0.829869130100077,0.0,62.0
accelerating_growth,exp69_active_archive_D2,23,12000,1299,2.788899327391345,20.667307536549245,20.667307536549245,3.646709275089975,0.0,0.0,0.827559661277906,0.0,64.0
accelerating_growth,exp69_active_archive_D2,24,12000,1299,2.819816877088548,20.667307536549245,20.667307536549245,3.6121280955345014,0.0,0.0,0.8206312548113934,0.0,64.0
accelerating_growth,exp69_active_archive_D2,25,12000,1299,2.8823239480231453,20.667307536549245,20.667307536549245,4.7579814800386515,0.0,0.0,0.827559661277906,0.0,62.0
accelerating_growth,exp69_active_archive_D2,26,12000,1299,2.63624136717867,19.667307536549245,19.667307536549245,3.4008604899006656,0.0,0.004592422502870264,0.8229407236335643,0.0,63.0
accelerating_growth,exp69_active_archive_D2,27,12000,1299,2.810995438363843,20.667307536549245,20.667307536549245,4.322125015481021,0.0,0.0,0.8260200153964589,0.0,63.0
accelerating_growth,exp69_active_archive_D2,28,12000,1299,2.716364180052616,19.667307536549245,19.667307536549245,3.6121280955345014,0.0018796992481203006,0.001148105625717566,0.8206312548113934,0.0,63.0
accelerating_growth,exp69_active_archive_D2,29,12000,1299,2.7586752421387617,19.667307536549245,19.667307536549245,4.400860489900666,0.0,0.0,0.8252501924557352,0.0,62.0
accelerating_growth,exp69_active_archive_D2,30,12000,1299,2.7659158751063884,19.667307536549245,19.667307536549245,4.3191231836237165,0.0,0.0,0.8329484218629715,0.0,63.0
accelerating_growth,exp69_active_archive_D2,31,12000,1299,2.59393671260325,18.667307536549245,18.667307536549245,4.3191231836237165,0.0,0.0,0.8244803695150116,0.0,63.0
accelerating_growth,exp69_active_archive_D2,32,12000,1299,2.6458243765645397,18.667307536549245,18.667307536549245,4.973808818168067,0.0,0.0,0.8167821401077752,0.0,62.0
accelerating_growth,exp69_active_archive_D2,33,12000,1299,2.5528693285781685,18.667307536549245,18.667307536549245,3.9738088181680666,0.0,0.0057405281285878304,0.8252501924557352,0.0,62.0
accelerating_growth,exp69_active_archive_D2,34,12000,1299,2.792182811757643,19.667307536549245,19.667307536549245,3.9738088181680666,0.0,0.0,0.8237105465742879,0.0,61.0
accelerating_growth,exp69_active_archive_D2,35,12000,1299,2.8069600408198423,20.667307536549245,20.667307536549245,4.237148190382172,0.0,0.0,0.8167821401077752,0.0,62.0
accelerating_growth,exp69_active_archive_D2,36,12000,1299,2.729371033924708,20.667307536549245,20.667307536549245,4.28994155333416,0.0,0.003444316877152698,0.815242494226328,0.0,62.0
accelerating_growth,exp69_active_archive_D2,37,12000,1299,2.861052253035575,20.667307536549245,20.667307536549245,3.825047092485704,0.0,0.0,0.8183217859892224,0.0,63.0
accelerating_growth,exp69_active_archive_D2,38,12000,1299,2.6109516099379633,18.667307536549245,18.667307536549245,4.646709275089975,0.0,0.0,0.8244803695150116,0.0,62.0
accelerating_growth,exp69_active_archive_D2,39,12000,1299,2.7635136241182066,19.667307536549245,19.667307536549245,4.310016146420111,0.0,0.0,0.8167821401077752,0.0,62.0
accelerating_growth,exp69_active_archive_D2,40,12000,1299,2.8024887744470344,20.667307536549245,20.667307536549245,4.509749378030833,0.0,0.002296211251435132,0.8229407236335643,0.0,62.0
accelerating_growth,exp69_active_archive_D2,41,12000,1299,2.737970154180942,19.667307536549245,19.667307536549245,3.8293191052549957,0.0,0.0,0.8237105465742879,0.0,62.0
accelerating_growth,exp69_active_archive_D2,42,12000,1299,2.7767728337106106,20.667307536549245,20.667307536549245,3.593247439671302,0.0,0.0,0.8160123171670516,0.0,64.0
accelerating_growth,exp69_active_archive_D2,43,12000,1299,2.741164090478539,19.667307536549245,19.667307536549245,3.9738088181680666,0.0,0.0,0.8314087759815243,0.0,63.0
accelerating_growth,exp69_active_archive_D2,44,12000,1299,2.7145705411886065,20.667307536549245,20.667307536549245,4.252644817945026,0.002819548872180451,0.004592422502870264,0.8221709006928406,0.0,62.0
accelerating_growth,exp69_active_archive_D2,45,12000,1299,2.4872345244119547,17.667307536549245,17.667307536549245,3.8010586674947575,0.0,0.0,0.8229407236335643,0.0,63.0
accelerating_growth,exp69_active_archive_D2,46,12000,1299,2.864237381679545,20.667307536549245,20.667307536549245,4.4293571091954504,0.0,0.0,0.8229407236335643,0.0,61.0
accelerating_growth,exp69_active_archive_D2,47,12000,1299,2.8688487622265684,20.667307536549245,20.667307536549245,3.8788016159847842,0.0,0.0,0.8306389530408006,0.0,62.0
accelerating_growth,raw_least_count,0,12000,1299,9.44850497288466,43.667307536549245,43.667307536549245,7.187252014063034,0.0,0.0,1.0,4.0,25.0
accelerating_growth,raw_least_count,1,12000,1299,9.46407710512579,43.667307536549245,43.667307536549245,7.187252014063034,0.0,0.0,1.0,4.0,25.0
accelerating_growth,raw_least_count,2,12000,1299,9.46070150290878,43.667307536549245,43.667307536549245,7.187252014063034,0.0,0.0,1.0,4.0,25.0
accelerating_growth,raw_least_count,3,12000,1299,9.450224819798057,43.667307536549245,43.667307536549245,7.187252014063034,0.0,0.0,1.0,4.0,25.0
accelerating_growth,raw_least_count,4,12000,1299,9.466177285919967,43.667307536549245,43.667307536549245,7.187252014063034,0.0,0.0,1.0,4.0,25.0
accelerating_growth,raw_least_count,5,12000,1299,9.460305011739253,43.667307536549245,43.667307536549245,7.187252014063034,0.0,0.0,1.0,4.0,25.0
accelerating_growth,raw_least_count,6,12000,1299,9.464912419011384,43.667307536549245,43.667307536549245,7.187252014063034,0.0,0.0,1.0,4.0,25.0
accelerating_growth,raw_least_count,7,12000,1299,9.461294028581792,43.667307536549245,43.667307536549245,7.187252014063034,0.0,0.0,1.0,4.0,25.0
accelerating_growth,raw_least_count,8,12000,1299,9.453876690934655,43.667307536549245,43.667307536549245,7.187252014063034,0.0,0.0,1.0,4.0,25.0
accelerating_growth,raw_least_count,9,12000,1299,9.471483188245676,43.667307536549245,43.667307536549245,7.187252014063034,0.0,0.0,1.0,4.0,25.0
accelerating_growth,raw_least_count,10,12000,1299,9.463898404835133,43.667307536549245,43.667307536549245,7.187252014063034,0.0,0.0,1.0,4.0,25.0
accelerating_growth,raw_least_count,11,12000,1299,9.467129093637693,43.667307536549245,43.667307536549245,7.187252014063034,0.0,0.0,1.0,4.0,25.0
accelerating_growth,raw_least_count,12,12000,1299,9.471672141376224,43.667307536549245,43.667307536549245,7.187252014063034,0.0,0.0,1.0,4.0,25.0
accelerating_growth,raw_least_count,13,12000,1299,9.465297501889129,43.667307536549245,43.667307536549245,7.187252014063034,0.0,0.0,1.0,4.0,25.0
accelerating_growth,raw_least_count,14,12000,1299,9.472386159370314,43.667307536549245,43.667307536549245,7.187252014063034,0.0,0.0,1.0,4.0,25.0
accelerating_growth,raw_least_count,15,12000,1299,9.47599107289772,43.667307536549245,43.667307536549245,7.187252014063034,0.0,0.0,1.0,4.0,25.0
accelerating_growth,raw_least_count,16,12000,1299,9.476072673511965,43.667307536549245,43.667307536549245,7.187252014063034,0.0,0.0,1.0,4.0,25.0
accelerating_growth,raw_least_count,17,12000,1299,9.470321484387156,43.667307536549245,43.667307536549245,7.187252014063034,0.0,0.0,1.0,4.0,25.0
accelerating_growth,raw_least_count,18,12000,1299,9.464366000395229,43.667307536549245,43.667307536549245,7.187252014063034,0.0,0.0,1.0,4.0,25.0
accelerating_growth,raw_least_count,19,12000,1299,9.461211589451775,43.667307536549245,43.667307536549245,7.187252014063034,0.0,0.0,1.0,4.0,25.0
accelerating_growth,raw_least_count,20,12000,1299,9.469675983879895,43.667307536549245,43.667307536549245,7.187252014063034,0.0,0.0,1.0,4.0,25.0
accelerating_growth,raw_least_count,21,12000,1299,9.470555906573114,43.667307536549245,43.667307536549245,7.187252014063034,0.0,0.0,1.0,4.0,25.0
accelerating_growth,raw_least_count,22,12000,1299,9.46235047206938,43.667307536549245,43.667307536549245,7.187252014063034,0.0,0.0,1.0,4.0,25.0
accelerating_growth,raw_least_count,23,12000,1299,9.468116430793623,43.667307536549245,43.667307536549245,7.187252014063034,0.0,0.0,1.0,4.0,25.0
accelerating_growth,raw_least_count,24,12000,1299,9.472234127388077,43.667307536549245,43.667307536549245,7.187252014063034,0.0,0.0,1.0,4.0,25.0
accelerating_growth,raw_least_count,25,12000,1299,9.46771108637435,43.667307536549245,43.667307536549245,7.187252014063034,0.0,0.0,1.0,4.0,25.0
accelerating_growth,raw_least_count,26,12000,1299,9.459087305467461,43.667307536549245,43.667307536549245,7.187252014063034,0.0,0.0,1.0,4.0,25.0
accelerating_growth,raw_least_count,27,12000,1299,9.455780866407574,43.667307536549245,43.667307536549245,7.187252014063034,0.0,0.0,1.0,4.0,25.0
accelerating_growth,raw_least_count,28,12000,1299,9.468071446689613,43.667307536549245,43.667307536549245,7.187252014063034,0.0,0.0,1.0,4.0,25.0
accelerating_growth,raw_least_count,29,12000,1299,9.459885858060057,43.667307536549245,43.667307536549245,7.187252014063034,0.0,0.0,1.0,4.0,25.0
accelerating_growth,raw_least_count,30,12000,1299,9.486318582471961,43.667307536549245,43.667307536549245,7.187252014063034,0.0,0.0,1.0,4.0,25.0
accelerating_growth,raw_least_count,31,12000,1299,9.46274629859766,43.667307536549245,43.667307536549245,7.187252014063034,0.0,0.0,1.0,4.0,25.0
accelerating_growth,raw_least_count,32,12000,1299,9.46719513406078,43.667307536549245,43.667307536549245,7.187252014063034,0.0,0.0,1.0,4.0,25.0
accelerating_growth,raw_least_count,33,12000,1299,9.477956194640134,43.667307536549245,43.667307536549245,7.187252014063034,0.0,0.0,1.0,4.0,25.0
accelerating_growth,raw_least_count,34,12000,1299,9.46845952190534,43.667307536549245,43.667307536549245,7.187252014063034,0.0,0.0,1.0,4.0,25.0
accelerating_growth,raw_least_count,35,12000,1299,9.474482311466653,43.667307536549245,43.667307536549245,7.187252014063034,0.0,0.0,1.0,4.0,25.0
accelerating_growth,raw_least_count,36,12000,1299,9.475730701848713,43.667307536549245,43.667307536549245,7.187252014063034,0.0,0.0,1.0,4.0,25.0
accelerating_growth,raw_least_count,37,12000,1299,9.469156575328595,43.667307536549245,43.667307536549245,7.187252014063034,0.0,0.0,1.0,4.0,25.0
accelerating_growth,raw_least_count,38,12000,1299,9.46354859772096,43.667307536549245,43.667307536549245,7.187252014063034,0.0,0.0,1.0,4.0,25.0
accelerating_growth,raw_least_count,39,12000,1299,9.464766328554829,43.667307536549245,43.667307536549245,7.187252014063034,0.0,0.0,1.0,4.0,25.0
accelerating_growth,raw_least_count,40,12000,1299,9.487076702457808,43.667307536549245,43.667307536549245,7.187252014063034,0.0,0.0,1.0,4.0,25.0
accelerating_growth,raw_least_count,41,12000,1299,9.466967625989689,43.667307536549245,43.667307536549245,7.187252014063034,0.0,0.0,1.0,4.0,25.0
accelerating_growth,raw_least_count,42,12000,1299,9.476150391014189,43.667307536549245,43.667307536549245,7.187252014063034,0.0,0.0,1.0,4.0,25.0
accelerating_growth,raw_least_count,43,12000,1299,9.473005842268252,43.667307536549245,43.667307536549245,7.187252014063034,0.0,0.0,1.0,4.0,25.0
accelerating_growth,raw_least_count,44,12000,1299,9.468612603905157,43.667307536549245,43.667307536549245,7.187252014063034,0.0,0.0,1.0,4.0,25.0
accelerating_growth,raw_least_count,45,12000,1299,9.465216436581294,43.667307536549245,43.667307536549245,7.187252014063034,0.0,0.0,1.0,4.0,25.0
accelerating_growth,raw_least_count,46,12000,1299,9.484302742866246,43.667307536549245,43.667307536549245,7.187252014063034,0.0,0.0,1.0,4.0,25.0
accelerating_growth,raw_least_count,47,12000,1299,9.472284280070099,43.667307536549245,43.667307536549245,7.187252014063034,0.0,0.0,1.0,4.0,25.0
accelerating_growth,me_qarr,0,12000,1299,0.29023631883847717,0.5010038380829087,0.5010038380829087,0.4985700968943405,0.0,0.0,0.7405696689761355,0.0,68.0
accelerating_growth,me_qarr,1,12000,1299,0.29023631883847717,0.5010038380829087,0.5010038380829087,0.4985700968943405,0.0,0.0,0.7405696689761355,0.0,68.0
accelerating_growth,me_qarr,2,12000,1299,0.29023631883847717,0.5010038380829087,0.5010038380829087,0.4985700968943405,0.0,0.0,0.7405696689761355,0.0,68.0
accelerating_growth,me_qarr,3,12000,1299,0.29023631883847717,0.5010038380829087,0.5010038380829087,0.4985700968943405,0.0,0.0,0.7405696689761355,0.0,68.0
accelerating_growth,me_qarr,4,12000,1299,0.29023631883847717,0.5010038380829087,0.5010038380829087,0.4985700968943405,0.0,0.0,0.7405696689761355,0.0,68.0
accelerating_growth,me_qarr,5,12000,1299,0.29023631883847717,0.5010038380829087,0.5010038380829087,0.4985700968943405,0.0,0.0,0.7405696689761355,0.0,68.0
accelerating_growth,me_qarr,6,12000,1299,0.29023631883847717,0.5010038380829087,0.5010038380829087,0.4985700968943405,0.0,0.0,0.7405696689761355,0.0,68.0
accelerating_growth,me_qarr,7,12000,1299,0.29023631883847717,0.5010038380829087,0.5010038380829087,0.4985700968943405,0.0,0.0,0.7405696689761355,0.0,68.0
accelerating_growth,me_qarr,8,12000,1299,0.29023631883847717,0.5010038380829087,0.5010038380829087,0.4985700968943405,0.0,0.0,0.7405696689761355,0.0,68.0
accelerating_growth,me_qarr,9,12000,1299,0.29023631883847717,0.5010038380829087,0.5010038380829087,0.4985700968943405,0.0,0.0,0.7405696689761355,0.0,68.0
accelerating_growth,me_qarr,10,12000,1299,0.29023631883847717,0.5010038380829087,0.5010038380829087,0.4985700968943405,0.0,0.0,0.7405696689761355,0.0,68.0
accelerating_growth,me_qarr,11,12000,1299,0.29023631883847717,0.5010038380829087,0.5010038380829087,0.4985700968943405,0.0,0.0,0.7405696689761355,0.0,68.0
accelerating_growth,me_qarr,12,12000,1299,0.29023631883847717,0.5010038380829087,0.5010038380829087,0.4985700968943405,0.0,0.0,0.7405696689761355,0.0,68.0
accelerating_growth,me_qarr,13,12000,1299,0.29023631883847717,0.5010038380829087,0.5010038380829087,0.4985700968943405,0.0,0.0,0.7405696689761355,0.0,68.0
accelerating_growth,me_qarr,14,12000,1299,0.29023631883847717,0.5010038380829087,0.5010038380829087,0.4985700968943405,0.0,0.0,0.7405696689761355,0.0,68.0
accelerating_growth,me_qarr,15,12000,1299,0.29023631883847717,0.5010038380829087,0.5010038380829087,0.4985700968943405,0.0,0.0,0.7405696689761355,0.0,68.0
accelerating_growth,me_qarr,16,12000,1299,0.29023631883847717,0.5010038380829087,0.5010038380829087,0.4985700968943405,0.0,0.0,0.7405696689761355,0.0,68.0
accelerating_growth,me_qarr,17,12000,1299,0.29023631883847717,0.5010038380829087,0.5010038380829087,0.4985700968943405,0.0,0.0,0.7405696689761355,0.0,68.0
accelerating_growth,me_qarr,18,12000,1299,0.29023631883847717,0.5010038380829087,0.5010038380829087,0.4985700968943405,0.0,0.0,0.7405696689761355,0.0,68.0
accelerating_growth,me_qarr,19,12000,1299,0.29023631883847717,0.5010038380829087,0.5010038380829087,0.4985700968943405,0.0,0.0,0.7405696689761355,0.0,68.0
accelerating_growth,me_qarr,20,12000,1299,0.29023631883847717,0.5010038380829087,0.5010038380829087,0.4985700968943405,0.0,0.0,0.7405696689761355,0.0,68.0
accelerating_growth,me_qarr,21,12000,1299,0.29023631883847717,0.5010038380829087,0.5010038380829087,0.4985700968943405,0.0,0.0,0.7405696689761355,0.0,68.0
accelerating_growth,me_qarr,22,12000,1299,0.29023631883847717,0.5010038380829087,0.5010038380829087,0.4985700968943405,0.0,0.0,0.7405696689761355,0.0,68.0
accelerating_growth,me_qarr,23,12000,1299,0.29023631883847717,0.5010038380829087,0.5010038380829087,0.4985700968943405,0.0,0.0,0.7405696689761355,0.0,68.0
accelerating_growth,me_qarr,24,12000,1299,0.29023631883847717,0.5010038380829087,0.5010038380829087,0.4985700968943405,0.0,0.0,0.7405696689761355,0.0,68.0
accelerating_growth,me_qarr,25,12000,1299,0.29023631883847717,0.5010038380829087,0.5010038380829087,0.4985700968943405,0.0,0.0,0.7405696689761355,0.0,68.0
accelerating_growth,me_qarr,26,12000,1299,0.29023631883847717,0.5010038380829087,0.5010038380829087,0.4985700968943405,0.0,0.0,0.7405696689761355,0.0,68.0
accelerating_growth,me_qarr,27,12000,1299,0.29023631883847717,0.5010038380829087,0.5010038380829087,0.4985700968943405,0.0,0.0,0.7405696689761355,0.0,68.0
accelerating_growth,me_qarr,28,12000,1299,0.29023631883847717,0.5010038380829087,0.5010038380829087,0.4985700968943405,0.0,0.0,0.7405696689761355,0.0,68.0
accelerating_growth,me_qarr,29,12000,1299,0.29023631883847717,0.5010038380829087,0.5010038380829087,0.4985700968943405,0.0,0.0,0.7405696689761355,0.0,68.0
accelerating_growth,me_qarr,30,12000,1299,0.29023631883847717,0.5010038380829087,0.5010038380829087,0.4985700968943405,0.0,0.0,0.7405696689761355,0.0,68.0
accelerating_growth,me_qarr,31,12000,1299,0.29023631883847717,0.5010038380829087,0.5010038380829087,0.4985700968943405,0.0,0.0,0.7405696689761355,0.0,68.0
accelerating_growth,me_qarr,32,12000,1299,0.29023631883847717,0.5010038380829087,0.5010038380829087,0.4985700968943405,0.0,0.0,0.7405696689761355,0.0,68.0
accelerating_growth,me_qarr,33,12000,1299,0.29023631883847717,0.5010038380829087,0.5010038380829087,0.4985700968943405,0.0,0.0,0.7405696689761355,0.0,68.0
accelerating_growth,me_qarr,34,12000,1299,0.29023631883847717,0.5010038380829087,0.5010038380829087,0.4985700968943405,0.0,0.0,0.7405696689761355,0.0,68.0
accelerating_growth,me_qarr,35,12000,1299,0.29023631883847717,0.5010038380829087,0.5010038380829087,0.4985700968943405,0.0,0.0,0.7405696689761355,0.0,68.0
accelerating_growth,me_qarr,36,12000,1299,0.29023631883847717,0.5010038380829087,0.5010038380829087,0.4985700968943405,0.0,0.0,0.7405696689761355,0.0,68.0
accelerating_growth,me_qarr,37,12000,1299,0.29023631883847717,0.5010038380829087,0.5010038380829087,0.4985700968943405,0.0,0.0,0.7405696689761355,0.0,68.0
accelerating_growth,me_qarr,38,12000,1299,0.29023631883847717,0.5010038380829087,0.5010038380829087,0.4985700968943405,0.0,0.0,0.7405696689761355,0.0,68.0
accelerating_growth,me_qarr,39,12000,1299,0.29023631883847717,0.5010038380829087,0.5010038380829087,0.4985700968943405,0.0,0.0,0.7405696689761355,0.0,68.0
accelerating_growth,me_qarr,40,12000,1299,0.29023631883847717,0.5010038380829087,0.5010038380829087,0.4985700968943405,0.0,0.0,0.7405696689761355,0.0,68.0
accelerating_growth,me_qarr,41,12000,1299,0.29023631883847717,0.5010038380829087,0.5010038380829087,0.4985700968943405,0.0,0.0,0.7405696689761355,0.0,68.0
accelerating_growth,me_qarr,42,12000,1299,0.29023631883847717,0.5010038380829087,0.5010038380829087,0.4985700968943405,0.0,0.0,0.7405696689761355,0.0,68.0
accelerating_growth,me_qarr,43,12000,1299,0.29023631883847717,0.5010038380829087,0.5010038380829087,0.4985700968943405,0.0,0.0,0.7405696689761355,0.0,68.0
accelerating_growth,me_qarr,44,12000,1299,0.29023631883847717,0.5010038380829087,0.5010038380829087,0.4985700968943405,0.0,0.0,0.7405696689761355,0.0,68.0
accelerating_growth,me_qarr,45,12000,1299,0.29023631883847717,0.5010038380829087,0.5010038380829087,0.4985700968943405,0.0,0.0,0.7405696689761355,0.0,68.0
accelerating_growth,me_qarr,46,12000,1299,0.29023631883847717,0.5010038380829087,0.5010038380829087,0.4985700968943405,0.0,0.0,0.7405696689761355,0.0,68.0
accelerating_growth,me_qarr,47,12000,1299,0.29023631883847717,0.5010038380829087,0.5010038380829087,0.4985700968943405,0.0,0.0,0.7405696689761355,0.0,68.0
accelerating_growth,me_bds_C2,0,12000,1299,0.421544657699933,1.2824731416519768,1.2824731416519768,0.7150000428336654,0.0037593984962406013,0.0,0.7505773672055427,0.0,68.0
accelerating_growth,me_bds_C2,1,12000,1299,0.32205118993891585,1.183996308112583,1.183996308112583,0.7674824007135186,0.0009398496240601503,0.0,0.7405696689761355,0.0,68.0
accelerating_growth,me_bds_C2,2,12000,1299,0.48131465386175154,1.0638649170795134,1.0638649170795134,0.9330800123502172,0.004699248120300752,0.001148105625717566,0.7513471901462664,0.0,68.0
accelerating_growth,me_bds_C2,3,12000,1299,0.46091662983174503,1.156764506959476,0.8394788693354229,1.156764506959476,0.0,0.0,0.7474980754426482,0.0,68.0
accelerating_growth,me_bds_C2,4,12000,1299,0.3460489451709214,1.3326924634507549,0.6673075365492451,1.3326924634507549,0.0,0.0,0.7405696689761355,0.0,69.0
accelerating_growth,me_bds_C2,5,12000,1299,0.46492819709091315,1.2874688143735398,0.7110519632505117,1.2874688143735398,0.0,0.0,0.7505773672055427,0.0,68.0
accelerating_growth,me_bds_C2,6,12000,1299,0.32576267448638313,1.4439944830533449,1.4439944830533449,0.555381791533847,0.0009398496240601503,0.001148105625717566,0.7405696689761355,0.0,68.0
accelerating_growth,me_bds_C2,7,12000,1299,0.37244258544443926,1.2553708029699777,0.7410227616371827,1.2553708029699777,0.0,0.0,0.7421093148575828,0.0,68.0
accelerating_growth,me_bds_C2,8,12000,1299,0.37745437318113134,1.2691656237255984,0.7100584466658404,1.2691656237255984,0.0,0.0,0.7428791377983064,0.0,68.0
accelerating_growth,me_bds_C2,9,12000,1299,0.337836087989147,1.4293159806865674,1.4293159806865674,0.5703618665381214,0.0009398496240601503,0.002296211251435132,0.7413394919168591,0.0,68.0
accelerating_growth,me_bds_C2,10,12000,1299,0.2978828052493252,1.4794980391978925,1.4794980391978925,0.5204261367604417,0.0,0.0,0.7405696689761355,0.0,68.0
accelerating_growth,me_bds_C2,11,12000,1299,0.34271154134362175,1.1493914666726681,0.8459213084505279,1.1493914666726681,0.0,0.0,0.7467282525019245,0.0,68.0
accelerating_growth,me_bds_C2,12,12000,1299,0.48575951595287425,1.2274107315220704,1.2274107315220704,0.7719289731907963,0.009398496240601503,0.0057405281285878304,0.7482678983833718,0.0,68.0
accelerating_growth,me_bds_C2,13,12000,1299,0.3446425963597836,1.2576471077613576,1.2576471077613576,0.7313521550758253,0.0009398496240601503,0.0,0.7382602001539645,0.0,68.0
accelerating_growth,me_bds_C2,14,12000,1299,0.3662150087206532,1.1045428831812103,1.1045428831812103,0.8950194770074091,0.0,0.0,0.7397998460354118,0.0,68.0
accelerating_growth,me_bds_C2,15,12000,1299,0.3219917493837662,1.0573481202409312,0.918152988693393,1.0573481202409312,0.0,0.0,0.74364896073903,0.0,68.0
accelerating_growth,me_bds_C2,16,12000,1299,0.3236537744500153,1.4140298726564282,1.4140298726564282,0.5859395583192111,0.002819548872180451,0.0,0.7382602001539645,0.0,68.0
accelerating_growth,me_bds_C2,17,12000,1299,0.3431333976861573,1.3033987219696712,1.3033987219696712,0.6948754266998378,0.0009398496240601503,0.0,0.7367205542725174,0.0,68.0
accelerating_growth,me_bds_C2,18,12000,1299,0.3572576504708455,1.2084342824792742,1.2084342824792742,0.7874593329898687,0.0009398496240601503,0.002296211251435132,0.74364896073903,0.0,68.0
accelerating_growth,me_bds_C2,19,12000,1299,0.41414595204301485,1.274788377314934,1.274788377314934,0.7249681332776987,0.008458646616541353,0.009184845005740528,0.7359507313317937,0.0,68.0
accelerating_growth,me_bds_C2,20,12000,1299,0.5447946362916208,1.195908821642135,0.8020565416412921,1.195908821642135,0.0,0.0,0.7498075442648191,0.0,68.0
accelerating_growth,me_bds_C2,21,12000,1299,0.38912415308859855,1.1486508640680597,1.1486508640680597,0.8487116577351443,0.0,0.0,0.74364896073903,0.0,68.0
accelerating_growth,me_bds_C2,22,12000,1299,0.47413253347765444,1.16159409257925,1.16159409257925,0.8366621295437966,0.0009398496240601503,0.0,0.7413394919168591,0.0,68.0
accelerating_growth,me_bds_C2,23,12000,1299,0.3973718741659475,1.0970508382699222,1.0970508382699222,0.816635194699316,0.0009398496240601503,0.0,0.7413394919168591,0.0,68.0
accelerating_growth,me_bds_C2,24,12000,1299,0.3454948795682446,1.3493339792221803,1.3493339792221803,0.64845035338152,0.0,0.0,0.7428791377983064,0.0,68.0
accelerating_growth,me_bds_C2,25,12000,1299,0.5236546445298038,1.0903796742424845,0.9089151114337994,1.0903796742424845,0.0,0.0,0.7451886066204773,0.0,68.0
accelerating_growth,me_bds_C2,26,12000,1299,0.4720447616747548,1.303629834598432,1.303629834598432,0.6948754266998378,0.008458646616541353,0.010332950631458095,0.74364896073903,0.0,68.0
accelerating_growth,me_bds_C2,27,12000,1299,0.3858079856688615,1.146156574995345,0.8450406045968464,1.146156574995345,0.0,0.0,0.745958429561201,0.0,68.0
accelerating_growth,me_bds_C2,28,12000,1299,0.4290162218566708,1.0902436424596686,1.0902436424596686,0.8914967502379554,0.0,0.001148105625717566,0.7405696689761355,0.0,68.0
accelerating_growth,me_bds_C2,29,12000,1299,0.3263538240290716,1.435867658267739,1.435867658267739,0.5630387593745638,0.0,0.0,0.7444187836797537,0.0,68.0
accelerating_growth,me_bds_C2,30,12000,1299,0.3812596811693859,1.0230102417689295,0.9692925600927893,1.0230102417689295,0.0,0.0,0.74364896073903,0.0,68.0
accelerating_growth,me_bds_C2,31,12000,1299,0.3314674513758433,1.0610592775009025,1.0610592775009025,0.931665409946703,0.0,0.0,0.7444187836797537,0.0,68.0
accelerating_growth,me_bds_C2,32,12000,1299,0.354736992815828,1.306308996552957,1.306308996552957,0.6823068345901504,0.0009398496240601503,0.001148105625717566,0.7444187836797537,0.0,68.0
accelerating_growth,me_bds_C2,33,12000,1299,0.3290501714856533,1.431363163924658,1.431363163924658,0.5685585175125993,0.0018796992481203006,0.001148105625717566,0.7367205542725174,0.0,68.0
accelerating_growth,me_bds_C2,34,12000,1299,0.43323248089839467,1.174254464593261,1.174254464593261,0.822162929724584,0.0009398496240601503,0.0,0.7413394919168591,0.0,68.0
accelerating_growth,me_bds_C2,35,12000,1299,0.4923511588881263,1.0811732761147752,1.0811732761147752,0.8500853390910095,0.002819548872180451,0.002296211251435132,0.7421093148575828,0.0,68.0
accelerating_growth,me_bds_C2,36,12000,1299,0.40191664341582867,1.3051245733001622,1.3051245733001622,0.6947979073571844,0.002819548872180451,0.001148105625717566,0.74364896073903,0.0,68.0
accelerating_growth,me_bds_C2,37,12000,1299,0.36918513317586504,1.3555524366695693,1.3555524366695693,0.642375149265888,0.002819548872180451,0.003444316877152698,0.74364896073903,0.0,68.0
accelerating_growth,me_bds_C2,38,12000,1299,0.46411921635378733,1.0256337549595855,1.0256337549595855,0.9741285030854812,0.0009398496240601503,0.0,0.74364896073903,0.0,68.0
accelerating_growth,me_bds_C2,39,12000,1299,0.44866233666113886,1.0152952184099533,0.9829203361349244,1.0152952184099533,0.0,0.0,0.7421093148575828,0.0,68.0
accelerating_growth,me_bds_C2,40,12000,1299,0.3650010959651448,1.2874482660300828,1.2874482660300828,0.7116749774872346,0.004699248120300752,0.002296211251435132,0.7397998460354118,0.0,68.0
accelerating_growth,me_bds_C2,41,12000,1299,0.44866656468972455,1.1405827561478503,1.1405827561478503,0.8575299998868218,0.0037593984962406013,0.002296211251435132,0.74364896073903,0.0,68.0
accelerating_growth,me_bds_C2,42,12000,1299,0.430920712098565,1.1965677782573039,1.1965677782573039,0.8020685445832925,0.002819548872180451,0.001148105625717566,0.7474980754426482,0.0,68.0
accelerating_growth,me_bds_C2,43,12000,1299,0.3245114484648342,1.4375427003656114,1.4375427003656114,0.5619690828528832,0.0,0.0,0.7467282525019245,0.0,68.0
accelerating_growth,me_bds_C2,44,12000,1299,0.3980234584921983,1.089702140326878,1.089702140326878,0.8447212322822111,0.0009398496240601503,0.0,0.7421093148575828,0.0,68.0
accelerating_growth,me_bds_C2,45,12000,1299,0.345582605491175,1.4412648929158536,1.4412648929158536,0.5579849877774805,0.002819548872180451,0.0057405281285878304,0.7397998460354118,0.0,68.0
accelerating_growth,me_bds_C2,46,12000,1299,0.4343592701430037,1.352579442056026,1.352579442056026,0.6444475633304307,0.010338345864661654,0.006888633754305396,0.7444187836797537,0.0,68.0
accelerating_growth,me_bds_C2,47,12000,1299,0.4679761404690941,1.0206189178706637,1.0206189178706637,0.9766756234610341,0.0,0.0,0.7467282525019245,0.0,68.0
accelerating_growth,me_bds_C3,0,12000,1299,0.5651367733348687,1.8760786488594476,1.8760786488594476,1.121458436035482,0.018796992481203006,0.014925373134328358,0.75211701308699,0.0,68.0
accelerating_growth,me_bds_C3,1,12000,1299,0.5079047093798454,2.168971822048448,2.168971822048448,0.8306093486363153,0.008458646616541353,0.010332950631458095,0.7490377213240954,0.0,68.0
accelerating_growth,me_bds_C3,2,12000,1299,0.5055156367278035,2.068334590053297,2.068334590053297,0.9269050474393481,0.011278195488721804,0.011481056257175661,0.7490377213240954,0.0,68.0
accelerating_growth,me_bds_C3,3,12000,1299,0.5445509309354224,2.1690691169144714,2.1690691169144714,0.8250470924857041,0.014097744360902255,0.016073478760045924,0.7498075442648191,0.0,68.0
accelerating_growth,me_bds_C3,4,12000,1299,0.43737131523071276,1.738317978917209,1.738317978917209,1.259859940892568,0.004699248120300752,0.006888633754305396,0.7428791377983064,0.0,68.0
accelerating_growth,me_bds_C3,5,12000,1299,0.5582135372846992,1.8729424598212034,1.8729424598212034,1.1095095971952418,0.004699248120300752,0.006888633754305396,0.7498075442648191,0.0,68.0
accelerating_growth,me_bds_C3,6,12000,1299,0.38290505550215626,2.262674502489233,2.262674502489233,0.7362430172144059,0.0018796992481203006,0.002296211251435132,0.7428791377983064,0.0,68.0
accelerating_growth,me_bds_C3,7,12000,1299,0.45894015572788205,1.6324424888666442,1.6324424888666442,1.363313711528349,0.0009398496240601503,0.001148105625717566,0.7444187836797537,0.0,69.0
accelerating_growth,me_bds_C3,8,12000,1299,0.5962098044154661,1.9045678358969553,1.9045678358969553,1.066038903451414,0.006578947368421052,0.012629161882893225,0.7490377213240954,0.0,68.0
accelerating_growth,me_bds_C3,9,12000,1299,0.41389872976244757,1.8989761617930299,1.8989761617930299,1.1009791452244144,0.0,0.001148105625717566,0.745958429561201,0.0,68.0
accelerating_growth,me_bds_C3,10,12000,1299,0.5486522557387918,1.9523001943858844,1.9523001943858844,1.0447238735998354,0.011278195488721804,0.008036739380022962,0.7513471901462664,0.0,68.0
accelerating_growth,me_bds_C3,11,12000,1299,0.4956796625622759,1.9907589988375065,1.9907589988375065,1.0073230474240091,0.015037593984962405,0.008036739380022962,0.7444187836797537,0.0,68.0
accelerating_growth,me_bds_C3,12,12000,1299,0.5169956156346315,1.6540192657950854,1.2779874784103242,1.6540192657950854,0.004699248120300752,0.003444316877152698,0.7451886066204773,0.0,69.0
accelerating_growth,me_bds_C3,13,12000,1299,0.3249794279548254,2.2125406670101313,2.2125406670101313,0.76311348844132,0.0,0.002296211251435132,0.7397998460354118,0.0,68.0
accelerating_growth,me_bds_C3,14,12000,1299,0.4502644132813132,2.1532986972106016,2.1532986972106016,0.8450495795822235,0.0018796992481203006,0.002296211251435132,0.7413394919168591,0.0,68.0
accelerating_growth,me_bds_C3,15,12000,1299,0.46468590397381415,2.2808563384800067,2.2808563384800067,0.7190717040714532,0.007518796992481203,0.004592422502870264,0.7490377213240954,0.0,68.0
accelerating_growth,me_bds_C3,16,12000,1299,0.3649143514852963,2.1128177781691875,2.1128177781691875,0.8832177412165407,0.0018796992481203006,0.001148105625717566,0.7428791377983064,0.0,68.0
accelerating_growth,me_bds_C3,17,12000,1299,0.5073850769629836,2.2271926895259355,2.2271926895259355,0.7725892684779296,0.007518796992481203,0.010332950631458095,0.745958429561201,0.0,68.0
accelerating_growth,me_bds_C3,18,12000,1299,0.5443809009826639,2.1863148411111126,2.1863148411111126,0.8118162935972748,0.010338345864661654,0.013777267508610792,0.737490377213241,0.0,68.0
accelerating_growth,me_bds_C3,19,12000,1299,0.5793392830199683,1.9479349362846392,1.9479349362846392,1.0510530847423354,0.004699248120300752,0.001148105625717566,0.745958429561201,0.0,68.0
accelerating_growth,me_bds_C3,20,12000,1299,0.4223927676889597,2.305124573300162,2.305124573300162,0.6947979073571844,0.0,0.0,0.7474980754426482,0.0,68.0
accelerating_growth,me_bds_C3,21,12000,1299,0.519690987746101,1.6673075365492451,1.6673075365492451,1.3326924634507549,0.0018796992481203006,0.004592422502870264,0.737490377213241,0.0,69.0
accelerating_growth,me_bds_C3,22,12000,1299,0.37447408854263503,2.414029872656428,2.414029872656428,0.5859395583192111,0.002819548872180451,0.002296211251435132,0.7482678983833718,0.0,68.0
accelerating_growth,me_bds_C3,23,12000,1299,0.5252945040865596,2.178081694675299,2.178081694675299,0.8213106653733462,0.004699248120300752,0.003444316877152698,0.7413394919168591,0.0,68.0
accelerating_growth,me_bds_C3,24,12000,1299,0.4338778234158305,1.6691408753705161,1.6691408753705161,1.3254675755309364,0.0037593984962406013,0.001148105625717566,0.75211701308699,0.0,68.0
accelerating_growth,me_bds_C3,25,12000,1299,0.5847445906808599,1.845921308450528,1.845921308450528,1.1484588591189464,0.013157894736842105,0.009184845005740528,0.75211701308699,0.0,68.0
accelerating_growth,me_bds_C3,26,12000,1299,0.6453164179681999,1.595395725531617,1.595395725531617,1.4032522675959598,0.021616541353383457,0.02870264064293915,0.7428791377983064,0.0,69.0
accelerating_growth,me_bds_C3,27,12000,1299,0.5156932874967712,1.9692925600927893,1.9692925600927893,1.0232172483789697,0.004699248120300752,0.0,0.7367205542725174,0.0,68.0
accelerating_growth,me_bds_C3,28,12000,1299,0.5660979553442157,1.8853288277818194,1.8853288277818194,1.110297410575356,0.0,0.001148105625717566,0.7544264819091608,0.0,68.0
accelerating_growth,me_bds_C3,29,12000,1299,0.5330553057550919,1.9985630411516695,1.9985630411516695,0.9851638108269469,0.014097744360902255,0.009184845005740528,0.7367205542725174,0.0,68.0
accelerating_growth,me_bds_C3,30,12000,1299,0.43616599964163827,2.354973603455818,2.354973603455818,0.6444475633304307,0.009398496240601503,0.004592422502870264,0.7444187836797537,0.0,68.0
accelerating_growth,me_bds_C3,31,12000,1299,0.4987673681749809,2.231361206804884,2.231361206804884,0.7670077133482778,0.011278195488721804,0.010332950631458095,0.7444187836797537,0.0,68.0
accelerating_growth,me_bds_C3,32,12000,1299,0.5113957728415953,1.6272598771109585,1.6272598771109585,1.3100161464201108,0.0009398496240601503,0.002296211251435132,0.7482678983833718,0.0,68.0
accelerating_growth,me_bds_C3,33,12000,1299,0.5676281828850069,1.9484749182127814,1.9484749182127814,1.0493793670821105,0.006578947368421052,0.012629161882893225,0.74364896073903,0.0,68.0
accelerating_growth,me_bds_C3,34,12000,1299,0.5821688455557732,1.7690990609976822,1.7690990609976822,1.2263794773160441,0.0037593984962406013,0.004592422502870264,0.7536566589684373,0.0,68.0
accelerating_growth,me_bds_C3,35,12000,1299,0.7318189693261445,1.64630100456219,1.64630100456219,1.35207000868742,0.02725563909774436,0.024110218140068886,0.7544264819091608,0.0,69.0
accelerating_growth,me_bds_C3,36,12000,1299,0.3757877934557816,2.4293159806865674,2.4293159806865674,0.5689005263763534,0.0037593984962406013,0.003444316877152698,0.7413394919168591,0.0,68.0
accelerating_growth,me_bds_C3,37,12000,1299,0.3556823474000422,1.5109921744962946,1.469106171951296,1.5109921744962946,0.002819548872180451,0.002296211251435132,0.7428791377983064,0.0,68.0
accelerating_growth,me_bds_C3,38,12000,1299,0.3931503622522868,2.3408786475227004,2.3408786475227004,0.6580555543261681,0.006578947368421052,0.0057405281285878304,0.7444187836797537,0.0,68.0
accelerating_growth,me_bds_C3,39,12000,1299,0.4311616051626442,2.3127373027223044,2.3127373027223044,0.6839818966713267,0.004699248120300752,0.004592422502870264,0.745958429561201,0.0,68.0
accelerating_growth,me_bds_C3,40,12000,1299,0.5746594737511468,1.5771140628839362,1.5771140628839362,1.4151806920215506,0.015037593984962405,0.014925373134328358,0.7451886066204773,0.0,69.0
accelerating_growth,me_bds_C3,41,12000,1299,0.4333284649205855,2.2067293475998895,2.2067293475998895,0.7925975179253157,0.002819548872180451,0.009184845005740528,0.7405696689761355,0.0,68.0
accelerating_growth,me_bds_C3,42,12000,1299,0.5980438635343044,2.056990021606879,2.056990021606879,0.9388939658386022,0.023496240601503758,0.01722158438576349,0.7444187836797537,0.0,68.0
accelerating_growth,me_bds_C3,43,12000,1299,0.519645999147849,2.1760973634402205,2.1760973634402205,0.8237875676351223,0.015977443609022556,0.006888633754305396,0.7467282525019245,0.0,68.0
accelerating_growth,me_bds_C3,44,12000,1299,0.4840919285857541,2.278815557610997,2.278815557610997,0.7199800292103191,0.011278195488721804,0.0057405281285878304,0.7490377213240954,0.0,68.0
accelerating_growth,me_bds_C3,45,12000,1299,0.5652580804902925,1.8188026020587102,1.8188026020587102,1.1773490091396752,0.008458646616541353,0.009184845005740528,0.7467282525019245,0.0,68.0
accelerating_growth,me_bds_C3,46,12000,1299,0.6440298541530882,1.750695369047932,1.750695369047932,1.2486776753629982,0.021616541353383457,0.012629161882893225,0.7536566589684373,0.0,68.0
accelerating_growth,me_bds_C3,47,12000,1299,0.5994672128846746,2.061638051512176,2.061638051512176,0.9380557342441307,0.009398496240601503,0.012629161882893225,0.7513471901462664,0.0,68.0
accelerating_growth,me_bds_C4,0,12000,1299,0.5157505986602181,3.222400633328178,3.222400633328178,0.776845394036414,0.005639097744360902,0.012629161882893225,0.7467282525019245,0.0,68.0
accelerating_growth,me_bds_C4,1,12000,1299,0.7351119015915124,2.3542992770151443,2.3542992770151443,1.642375149265888,0.023496240601503758,0.029850746268656716,0.7405696689761355,0.0,69.0
accelerating_growth,me_bds_C4,2,12000,1299,0.545343150129167,2.610549217225497,2.610549217225497,1.3770129074825306,0.009398496240601503,0.014925373134328358,0.7444187836797537,0.0,69.0
accelerating_growth,me_bds_C4,3,12000,1299,0.5672402381614251,2.986342870864867,2.986342870864867,1.002238200042072,0.013157894736842105,0.009184845005740528,0.7405696689761355,0.0,68.0
accelerating_growth,me_bds_C4,4,12000,1299,0.675650264191303,2.58670744118848,2.58670744118848,1.4008604899006656,0.015037593984962405,0.01951779563719862,0.7451886066204773,0.0,68.0
accelerating_growth,me_bds_C4,5,12000,1299,0.5862984562495757,2.935817835896927,2.935817835896927,1.0633198955554235,0.0009398496240601503,0.0,0.7498075442648191,0.0,68.0
accelerating_growth,me_bds_C4,6,12000,1299,0.40290324073217754,3.353290724910025,3.353290724910025,0.6465004688025715,0.0009398496240601503,0.004592422502870264,0.7421093148575828,0.0,68.0
accelerating_growth,me_bds_C4,7,12000,1299,0.41631351249848575,3.362910865635854,3.362910865635854,0.6370852922303953,0.0037593984962406013,0.004592422502870264,0.7513471901462664,0.0,68.0
accelerating_growth,me_bds_C4,8,12000,1299,0.5921583711751669,3.221751587316703,3.221751587316703,0.776845394036414,0.013157894736842105,0.02066590126291619,0.74364896073903,0.0,68.0
accelerating_growth,me_bds_C4,9,12000,1299,0.6872578655180388,2.984046020061683,2.984046020061683,1.0138665271387595,0.02443609022556391,0.024110218140068886,0.7405696689761355,0.0,68.0
accelerating_growth,me_bds_C4,10,12000,1299,0.7491295745924313,2.4336032133714127,2.4336032133714127,1.5660766254693783,0.02537593984962406,0.029850746268656716,0.7421093148575828,0.0,69.0
accelerating_growth,me_bds_C4,11,12000,1299,0.7989739136144293,2.611599188744549,2.611599188744549,1.3833840854566972,0.03571428571428571,0.029850746268656716,0.7405696689761355,0.0,69.0
accelerating_growth,me_bds_C4,12,12000,1299,0.5185856406149952,3.23688651155868,3.23688651155868,0.7620816049738721,0.006578947368421052,0.010332950631458095,0.7444187836797537,0.0,68.0
accelerating_growth,me_bds_C4,13,12000,1299,0.85743259348899,2.625278298346359,2.625278298346359,1.3693082744618579,0.03289473684210526,0.03444316877152698,0.7428791377983064,0.0,69.0
accelerating_growth,me_bds_C4,14,12000,1299,0.5523808630154137,3.125518906268397,3.125518906268397,0.8741720602934322,0.006578947368421052,0.009184845005740528,0.7405696689761355,0.0,68.0
accelerating_growth,me_bds_C4,15,12000,1299,0.6338886376812659,3.045778672023914,3.045778672023914,0.9536183291021132,0.016917293233082706,0.010332950631458095,0.7390300230946882,0.0,68.0
accelerating_growth,me_bds_C4,16,12000,1299,0.7135135024842069,2.802056541641292,2.802056541641292,1.181428320158716,0.02443609022556391,0.02525832376578645,0.7482678983833718,0.0,68.0
accelerating_growth,me_bds_C4,17,12000,1299,0.549508597777459,2.667307536549245,2.667307536549245,1.3326924634507549,0.0,0.006888633754305396,0.7397998460354118,0.0,69.0
accelerating_growth,me_bds_C4,18,12000,1299,0.6095104644669854,2.684358419855158,2.684358419855158,1.3100161464201108,0.002819548872180451,0.008036739380022962,0.7513471901462664,0.0,68.0
accelerating_growth,me_bds_C4,19,12000,1299,0.5643565622205304,3.1802335085062623,3.1802335085062623,0.8132819350531832,0.010338345864661654,0.010332950631458095,0.7490377213240954,0.0,68.0
accelerating_growth,me_bds_C4,20,12000,1299,0.45103622328762577,3.337304614349506,3.337304614349506,0.6625263083382293,0.004699248120300752,0.006888633754305396,0.7397998460354118,0.0,68.0
accelerating_growth,me_bds_C4,21,12000,1299,0.8052560242927329,2.1915205222348106,2.1915205222348106,1.797915836057797,0.022556390977443608,0.02066590126291619,0.7467282525019245,0.0,69.0
accelerating_growth,me_bds_C4,22,12000,1299,0.7797458220621553,2.6069906847444884,2.6069906847444884,1.3403527486622693,0.02819548872180451,0.03559127439724455,0.745958429561201,0.0,68.0
accelerating_growth,me_bds_C4,23,12000,1299,0.6570937344616028,3.0724776239408484,3.0724776239408484,0.92725929058075,0.02443609022556391,0.01951779563719862,0.7474980754426482,0.0,68.0
accelerating_growth,me_bds_C4,24,12000,1299,0.747442084601138,2.7364991157292167,2.7364991157292167,1.259859940892568,0.016917293233082706,0.03329506314580941,0.745958429561201,0.0,68.0
accelerating_growth,me_bds_C4,25,12000,1299,0.8151570293309902,2.58758574718226,2.58758574718226,1.4076261241475692,0.03289473684210526,0.02640642939150402,0.7444187836797537,0.0,69.0
accelerating_growth,me_bds_C4,26,12000,1299,0.5556948133628709,3.168840469390844,3.168840469390844,0.8309308830855286,0.008458646616541353,0.013777267508610792,0.7451886066204773,0.0,68.0
accelerating_growth,me_bds_C4,27,12000,1299,0.5958765356201624,3.056990021606879,3.056990021606879,0.9411907703634625,0.0018796992481203006,0.004592422502870264,0.7528868360277137,0.0,68.0
accelerating_growth,me_bds_C4,28,12000,1299,0.5793276851152365,2.688714547447603,2.688714547447603,1.3080399622831322,0.013157894736842105,0.014925373134328358,0.7467282525019245,0.0,68.0
accelerating_growth,me_bds_C4,29,12000,1299,0.5115269125799193,3.2764065443296957,3.2764065443296957,0.7231400523220941,0.012218045112781954,0.013777267508610792,0.7413394919168591,0.0,68.0
accelerating_growth,me_bds_C4,30,12000,1299,0.58386063202714,2.9642437241065522,2.9642437241065522,1.0253016366516334,0.007518796992481203,0.008036739380022962,0.7528868360277137,0.0,68.0
accelerating_growth,me_bds_C4,31,12000,1299,0.6200740055991206,2.787356708355304,2.787356708355304,1.210300297816488,0.007518796992481203,0.013777267508610792,0.7505773672055427,0.0,68.0
accelerating_growth,me_bds_C4,32,12000,1299,0.6648602369858287,3.1057431112467953,3.1057431112467953,0.8893786265234667,0.014097744360902255,0.029850746268656716,0.7474980754426482,0.0,68.0
accelerating_growth,me_bds_C4,33,12000,1299,0.6306044658747838,3.003597297033707,3.003597297033707,0.9927189450970388,0.015037593984962405,0.016073478760045924,0.7490377213240954,0.0,68.0
accelerating_growth,me_bds_C4,34,12000,1299,0.5875489491656621,2.7662270156291697,2.7662270156291697,1.22129535336596,0.014097744360902255,0.016073478760045924,0.7405696689761355,0.0,68.0
accelerating_growth,me_bds_C4,35,12000,1299,0.6594633307084525,2.8433598606283823,2.8433598606283823,1.156005516946692,0.018796992481203006,0.024110218140068886,0.737490377213241,0.0,68.0
accelerating_growth,me_bds_C4,36,12000,1299,0.4945992666394972,3.303629834598432,3.303629834598432,0.6948754266998378,0.006578947368421052,0.010332950631458095,0.7467282525019245,0.0,68.0
accelerating_growth,me_bds_C4,37,12000,1299,0.5313768225815388,3.149452584994833,3.149452584994833,0.8487116577351443,0.004699248120300752,0.0057405281285878304,0.7351809083910701,0.0,68.0
accelerating_growth,me_bds_C4,38,12000,1299,0.5737384898845815,3.093300320641447,3.093300320641447,0.9031550025302408,0.008458646616541353,0.006888633754305396,0.7490377213240954,0.0,68.0
accelerating_growth,me_bds_C4,39,12000,1299,0.860463083347532,2.4607591711420653,2.4607591711420653,1.5352282012852783,0.03195488721804511,0.04133180252583238,0.7413394919168591,0.0,69.0
accelerating_growth,me_bds_C4,40,12000,1299,0.8388796226055735,2.667307536549245,2.667307536549245,1.3326924634507549,0.03571428571428571,0.029850746268656716,0.7505773672055427,0.0,69.0
accelerating_growth,me_bds_C4,41,12000,1299,0.8078502169281168,2.688714547447603,2.688714547447603,1.3109943691033266,0.03383458646616541,0.022962112514351322,0.75211701308699,0.0,68.0
accelerating_growth,me_bds_C4,42,12000,1299,0.5093902782029746,3.1989413325052425,3.1989413325052425,0.7979158360577969,0.008458646616541353,0.009184845005740528,0.74364896073903,0.0,68.0
accelerating_growth,me_bds_C4,43,12000,1299,0.6077893168697686,2.521839805253009,2.521839805253009,1.466538812854452,0.012218045112781954,0.010332950631458095,0.7498075442648191,0.0,69.0
accelerating_growth,me_bds_C4,44,12000,1299,0.4876102922404891,3.249399888458669,3.249399888458669,0.7474808698488431,0.005639097744360902,0.009184845005740528,0.7451886066204773,0.0,68.0
accelerating_growth,me_bds_C4,45,12000,1299,0.6791822238408747,2.9698092509236744,2.9698092509236744,1.026058430972867,0.02443609022556391,0.024110218140068886,0.74364896073903,0.0,68.0
accelerating_growth,me_bds_C4,46,12000,1299,0.6881880075931176,2.4854544351272523,2.4854544351272523,1.5113143681080032,0.013157894736842105,0.01951779563719862,0.7428791377983064,0.0,69.0
accelerating_growth,me_bds_C4,47,12000,1299,0.5701546540662088,2.9239510194395564,2.9239510194395564,1.0730805647178414,0.010338345864661654,0.010332950631458095,0.7498075442648191,0.0,68.0
near_saturation,uniform_iid,0,12000,6031,1.3730986641815854,9.91141328304597,5.5094429712316,9.91141328304597,0.11454346637506835,0.1590806669671023,0.4470237108273918,0.0,16.0
near_saturation,uniform_iid,1,12000,6031,1.4130783866406167,9.208515791369262,5.5094429712316,9.208515791369262,0.13121924548933844,0.1523208652546192,0.4463604709003482,0.0,18.0
near_saturation,uniform_iid,2,12000,6031,1.4083053669511105,12.4905570287684,7.5094429712316,12.4905570287684,0.12411153635866594,0.16493916178458765,0.4445365611009783,0.0,23.0
near_saturation,uniform_iid,3,12000,6031,1.4238416714236832,8.367025195786393,6.73055887013243,8.367025195786393,0.12465828321487152,0.15998197386210006,0.4480185707179572,0.0,17.0
near_saturation,uniform_iid,4,12000,6031,1.4250239289737765,9.698533601817228,5.5094429712316,9.698533601817228,0.1205576817933297,0.1712483100495719,0.4379041618305422,0.0,19.0
near_saturation,uniform_iid,5,12000,6031,1.392082209280725,8.483524488135934,7.5094429712316,8.483524488135934,0.12192454893384364,0.1653898152320865,0.4475211407726745,0.0,17.0
near_saturation,uniform_iid,6,12000,6031,1.419480218297928,9.391716553811085,7.5094429712316,9.391716553811085,0.1205576817933297,0.1658404686795854,0.44204941137456477,0.0,19.0
near_saturation,uniform_iid,7,12000,6031,1.3787518328704285,8.214814968515363,8.214814968515363,7.83730010810985,0.12301804264625478,0.15863001351960343,0.4405571215387166,0.0,17.0
near_saturation,uniform_iid,8,12000,6031,1.380904776536832,11.04193320357299,6.165079300374313,11.04193320357299,0.12301804264625478,0.16448850833708878,0.4412203614657602,0.0,21.0
near_saturation,uniform_iid,9,12000,6031,1.3936935208104568,10.089552251192037,6.270370524070918,10.089552251192037,0.1271186440677966,0.15817936007210456,0.43923064168462944,0.0,20.0
near_saturation,uniform_iid,10,12000,6031,1.3902973740090492,8.161977272780954,5.748899253264076,8.161977272780954,0.12657189721159104,0.16989634970707526,0.44354170121041286,0.0,17.0
near_saturation,uniform_iid,11,12000,6031,1.4120067090466428,9.33324931442731,7.5094429712316,9.33324931442731,0.12001093493712411,0.16223524109959442,0.4413861714475211,0.0,18.0
near_saturation,uniform_iid,12,12000,6031,1.388098625916796,11.757218024713168,7.5094429712316,11.757218024713168,0.1268452706396938,0.15637674628210907,0.44768695075443543,0.0,17.0
near_saturation,uniform_iid,13,12000,6031,1.3827946086823473,7.4905570287684,6.449145922769535,7.4905570287684,0.11755057408419901,0.1676430824695809,0.45116896037141435,0.0,18.0
near_saturation,uniform_iid,14,12000,6031,1.3946831288561414,8.807848442418486,6.5094429712316,8.807848442418486,0.11973756150902132,0.15863001351960343,0.4395622616481512,0.0,16.0
near_saturation,uniform_iid,15,12000,6031,1.4135533279070105,9.4905570287684,7.95806679642701,9.4905570287684,0.11755057408419901,0.16989634970707526,0.44088874150223845,0.0,20.0
near_saturation,uniform_iid,16,12000,6031,1.4250386946500653,12.044183217353698,7.688005678643069,12.044183217353698,0.11891744122471296,0.15863001351960343,0.45083734040789253,0.0,21.0
near_saturation,uniform_iid,17,12000,6031,1.4140455344678182,10.430972643910433,7.160760914461308,10.430972643910433,0.12629852378348824,0.16358720144209105,0.45050572044437076,0.0,16.0
near_saturation,uniform_iid,18,12000,6031,1.406307772744712,9.535571583070691,5.981446147598669,9.535571583070691,0.11919081465281575,0.1590806669671023,0.44785276073619634,0.0,16.0
near_saturation,uniform_iid,19,12000,6031,1.412365799549025,9.353660988023599,6.5094429712316,9.353660988023599,0.12165117550574084,0.16178458765209555,0.4380699718123031,0.0,19.0
near_saturation,uniform_iid,20,12000,6031,1.4237184688181381,10.860852413560867,7.006847284231888,10.860852413560867,0.13121924548933844,0.170797656602073,0.44685790084563093,0.0,20.0
near_saturation,uniform_iid,21,12000,6031,1.4131266432202936,8.238158154350469,6.2375258695344975,8.238158154350469,0.12547840349917988,0.17034700315457413,0.44503399104626096,0.0,18.0
near_saturation,uniform_iid,22,12000,6031,1.4464478697133112,8.353660988023599,7.910447748807963,8.353660988023599,0.12465828321487152,0.1775574583145561,0.4375725418670204,0.0,18.0
near_saturation,uniform_iid,23,12000,6031,1.4219067183734464,8.418966540118568,6.449145922769535,8.418966540118568,0.12547840349917988,0.15998197386210006,0.4395622616481512,0.0,18.0
near_saturation,uniform_iid,24,12000,6031,1.4390746310569058,11.487542118829921,6.6822265387742235,11.487542118829921,0.12301804264625478,0.16358720144209105,0.44254684131984745,0.0,21.0
near_saturation,uniform_iid,25,12000,6031,1.4047351554457015,13.471001261039111,5.5094429712316,13.471001261039111,0.12001093493712411,0.17440288418206398,0.44321008124689104,0.0,20.0
near_saturation,uniform_iid,26,12000,6031,1.4520596324100186,11.834920699625687,6.5094429712316,11.834920699625687,0.13313285948605796,0.16133393420459666,0.4412203614657602,0.0,18.0
near_saturation,uniform_iid,27,12000,6031,1.4012999958559995,9.4905570287684,6.017645983798506,9.4905570287684,0.11782394751230181,0.16133393420459666,0.4402255015751948,0.0,20.0
near_saturation,uniform_iid,28,12000,6031,1.4205316557279697,9.4905570287684,6.5094429712316,9.4905570287684,0.12465828321487152,0.15817936007210456,0.4481843806997181,0.0,20.0
near_saturation,uniform_iid,29,12000,6031,1.3987385592340051,9.353660988023599,5.898259846828497,9.353660988023599,0.12657189721159104,0.15187021180712032,0.4461946609185873,0.0,19.0
near_saturation,uniform_iid,30,12000,6031,1.3941480177339924,10.495101563865033,7.5094429712316,10.495101563865033,0.11919081465281575,0.15772870662460567,0.4422152213563256,0.0,19.0
near_saturation,uniform_iid,31,12000,6031,1.4386789003089373,10.728575825380757,6.761222100998545,10.728575825380757,0.12165117550574084,0.16448850833708878,0.4490134306085226,0.0,20.0
near_saturation,uniform_iid,32,12000,6031,1.3902469270659772,9.4905570287684,6.651483510000171,9.4905570287684,0.11891744122471296,0.1726002703920685,0.4402255015751948,0.0,20.0
near_saturation,uniform_iid,33,12000,6031,1.4093329756536679,9.026118417093475,6.512457881170079,9.026118417093475,0.12629852378348824,0.16674177557458314,0.44420494113745645,0.0,18.0
near_saturation,uniform_iid,34,12000,6031,1.4074935819077492,8.42713992437714,6.910447748807963,8.42713992437714,0.12821213778020776,0.15998197386210006,0.4463604709003482,0.0,18.0
near_saturation,uniform_iid,35,12000,6031,1.4029211651946372,11.212111232334788,7.1074015546931015,11.212111232334788,0.12848551120831056,0.1658404686795854,0.4428784612833693,0.0,20.0
near_saturation,uniform_iid,36,12000,6031,1.4406234512497373,11.179572415778868,7.108704758843118,11.179572415778868,0.13067249863313285,0.16809373591707977,0.44171779141104295,0.0,18.0
near_saturation,uniform_iid,37,12000,6031,1.4302243815126439,10.4905570287684,8.5094429712316,10.4905570287684,0.12356478950246036,0.17350157728706625,0.4384015917758249,0.0,21.0
near_saturation,uniform_iid,38,12000,6031,1.4180617795600619,8.271424174619243,8.271424174619243,7.794673521079646,0.1224712957900492,0.17034700315457413,0.4430442712651302,0.0,18.0
near_saturation,uniform_iid,39,12000,6031,1.4283995418441795,10.39447731455421,6.2779895285773595,10.39447731455421,0.11536358665937671,0.16854438936457863,0.4465262808821091,0.0,20.0
near_saturation,uniform_iid,40,12000,6031,1.4058139600133528,10.225962868998005,7.10812933551394,10.225962868998005,0.11973756150902132,0.1658404686795854,0.44188360139280386,0.0,20.0
near_saturation,uniform_iid,41,12000,6031,1.410889070471552,10.212111232334788,8.5094429712316,10.212111232334788,0.11946418808091853,0.1757548445245606,0.44321008124689104,0.0,19.0
near_saturation,uniform_iid,42,12000,6031,1.4231784667367546,10.117743739206894,7.68329125990981,10.117743739206894,0.12821213778020776,0.16493916178458765,0.4473553307909136,0.0,18.0
near_saturation,uniform_iid,43,12000,6031,1.4123562596023533,10.796322187637161,6.305906933239934,10.796322187637161,0.11973756150902132,0.16629112212708427,0.4397280716299121,0.0,18.0
near_saturation,uniform_iid,44,12000,6031,1.4047800057351165,10.9028559347985,6.809667861778019,10.9028559347985,0.12137780207763806,0.15998197386210006,0.4456972309733046,0.0,19.0
near_saturation,uniform_iid,45,12000,6031,1.4203787513396688,8.937142395464273,5.701050172399876,8.937142395464273,0.12438490978676872,0.18071203244704823,0.43740673188525947,0.0,17.0
near_saturation,uniform_iid,46,12000,6031,1.4080416534055078,7.759511448023289,7.10812933551394,7.759511448023289,0.1224712957900492,0.1775574583145561,0.4405571215387166,0.0,18.0
near_saturation,uniform_iid,47,12000,6031,1.4213523356468039,8.4905570287684,7.5094429712316,8.4905570287684,0.12001093493712411,0.16854438936457863,0.44437075111921737,0.0,19.0
near_saturation,production_causal_shuffle,0,12000,6031,0.7080185969348659,3.5094429712316,3.5094429712316,1.1942855610757945,0.0,0.020730058584948176,0.583816945780136,0.0,8.0
near_saturation,production_causal_shuffle,1,12000,6031,0.710926134444851,3.5094429712316,3.5094429712316,1.1942855610757945,0.0,0.026137899954934655,0.5816614160172442,0.0,8.0
near_saturation,production_causal_shuffle,2,12000,6031,0.7182809851726555,3.5094429712316,3.5094429712316,1.1942855610757945,0.0,0.02298332582244254,0.5849776156524623,0.0,8.0
near_saturation,production_causal_shuffle,3,12000,6031,0.7089836339591631,3.5094429712316,3.5094429712316,1.1942855610757945,0.0,0.023884632717440287,0.5831537058530923,0.0,8.0
near_saturation,production_causal_shuffle,4,12000,6031,0.7133150205517108,3.5094429712316,3.5094429712316,1.1942855610757945,0.0,0.02253267237494367,0.5834853258166142,0.0,8.0
near_saturation,production_causal_shuffle,5,12000,6031,0.7139754580723935,3.5094429712316,3.5094429712316,1.1942855610757945,0.0,0.02118071203244705,0.5853092356159841,0.0,8.0
near_saturation,production_causal_shuffle,6,12000,6031,0.7037185991225844,3.5094429712316,3.5094429712316,1.1942855610757945,0.0,0.02298332582244254,0.5818272259990052,0.0,8.0
near_saturation,production_causal_shuffle,7,12000,6031,0.7133894340075588,3.5094429712316,3.5094429712316,1.1942855610757945,0.0,0.021631365479945923,0.5858066655612668,0.0,8.0
near_saturation,production_causal_shuffle,8,12000,6031,0.7134375328318329,3.5094429712316,3.5094429712316,1.1937894062754957,0.0,0.02118071203244705,0.5806665561266788,0.0,8.0
near_saturation,production_causal_shuffle,9,12000,6031,0.7125881494523474,3.5094429712316,3.5094429712316,1.1942855610757945,0.0,0.028391167192429023,0.581993035980766,0.0,8.0
near_saturation,production_causal_shuffle,10,12000,6031,0.715349277604207,3.5094429712316,3.5094429712316,1.1937894062754957,0.0,0.02298332582244254,0.5863040955065495,0.0,8.0
near_saturation,production_causal_shuffle,11,12000,6031,0.7046344312446736,3.5094429712316,3.5094429712316,1.1942855610757945,0.0,0.024785939612438034,0.580334936163157,0.0,8.0
near_saturation,production_causal_shuffle,12,12000,6031,0.7156761892170377,3.5094429712316,3.5094429712316,1.1942855610757945,0.0,0.022082018927444796,0.5841485657436578,0.0,8.0
near_saturation,production_causal_shuffle,13,12000,6031,0.7174110649982117,3.5094429712316,3.5094429712316,1.1942855610757945,0.0,0.024785939612438034,0.5848118056707013,0.0,8.0
near_saturation,production_causal_shuffle,14,12000,6031,0.7191317698585014,3.5094429712316,3.5094429712316,1.1937894062754957,0.0,0.023433979269941414,0.5864699054883104,0.0,8.0
near_saturation,production_causal_shuffle,15,12000,6031,0.7022419895987839,3.5094429712316,3.5094429712316,1.192300202938089,0.0,0.02658855340243353,0.5793400762725917,0.0,8.0
near_saturation,production_causal_shuffle,16,12000,6031,0.7108496710840518,3.5094429712316,3.5094429712316,1.1942855610757945,0.0,0.026137899954934655,0.5826562759078097,0.0,8.0
near_saturation,production_causal_shuffle,17,12000,6031,0.7153728264867076,3.5094429712316,3.5094429712316,1.1942855610757945,0.0,0.023884632717440287,0.5848118056707013,0.0,8.0
near_saturation,production_causal_shuffle,18,12000,6031,0.7132139476851748,3.5094429712316,3.5094429712316,1.1942855610757945,0.0,0.027039206849932402,0.5843143757254187,0.0,8.0
near_saturation,production_causal_shuffle,19,12000,6031,0.7137085408819059,3.5094429712316,3.5094429712316,1.1942855610757945,0.0,0.02253267237494367,0.5853092356159841,0.0,8.0
near_saturation,production_causal_shuffle,20,12000,6031,0.7122737329998433,3.5094429712316,3.5094429712316,1.1937894062754957,0.0,0.02794051374493015,0.5823246559442878,0.0,8.0
near_saturation,production_causal_shuffle,21,12000,6031,0.715978755790821,3.5094429712316,3.5094429712316,1.1942855610757945,0.0,0.021631365479945923,0.588791245232963,0.0,8.0
near_saturation,production_causal_shuffle,22,12000,6031,0.7071388931279985,3.5094429712316,3.5094429712316,1.1942855610757945,0.0,0.01892744479495268,0.5868015254518322,0.0,8.0
near_saturation,production_causal_shuffle,23,12000,6031,0.7061914202182236,3.5094429712316,3.5094429712316,1.1942855610757945,0.0,0.020279405137449302,0.5844801857071795,0.0,8.0
near_saturation,production_causal_shuffle,24,12000,6031,0.7210134709858854,3.5094429712316,3.5094429712316,1.193293128359862,0.0,0.02118071203244705,0.5861382855247886,0.0,8.0
near_saturation,production_causal_shuffle,25,12000,6031,0.7142624215023531,3.5094429712316,3.5094429712316,1.1942855610757945,0.0,0.02433528616493916,0.5801691261813962,0.0,8.0
near_saturation,production_causal_shuffle,26,12000,6031,0.7091477229442991,3.5094429712316,3.5094429712316,1.1942855610757945,0.0,0.02658855340243353,0.5846459956889405,0.0,8.0
near_saturation,production_causal_shuffle,27,12000,6031,0.7120307184340691,3.5094429712316,3.5094429712316,1.1942855610757945,0.0,0.024785939612438034,0.5864699054883104,0.0,8.0
near_saturation,production_causal_shuffle,28,12000,6031,0.7051111629242651,3.5094429712316,3.5094429712316,1.1942855610757945,0.0,0.023884632717440287,0.5853092356159841,0.0,8.0
near_saturation,production_causal_shuffle,29,12000,6031,0.7175645598465795,3.5094429712316,3.5094429712316,1.1942855610757945,0.0,0.02929247408742677,0.5849776156524623,0.0,8.0
near_saturation,production_causal_shuffle,30,12000,6031,0.7103181273365088,3.5094429712316,3.5094429712316,1.1942855610757945,0.0,0.021631365479945923,0.5813297960537225,0.0,8.0
near_saturation,production_causal_shuffle,31,12000,6031,0.7104251983865684,3.5094429712316,3.5094429712316,1.1942855610757945,0.0,0.02658855340243353,0.5826562759078097,0.0,8.0
near_saturation,production_causal_shuffle,32,12000,6031,0.7217601913872363,3.5094429712316,3.5094429712316,1.1942855610757945,0.0,0.023884632717440287,0.5877963853423976,0.0,8.0
near_saturation,production_causal_shuffle,33,12000,6031,0.7122411243398491,3.5094429712316,3.5094429712316,1.1942855610757945,0.0,0.02433528616493916,0.5818272259990052,0.0,8.0
near_saturation,production_causal_shuffle,34,12000,6031,0.7081830712332801,3.5094429712316,3.5094429712316,1.1942855610757945,0.0,0.021631365479945923,0.5859724755430277,0.0,8.0
near_saturation,production_causal_shuffle,35,12000,6031,0.7070730143132615,3.5094429712316,3.5094429712316,1.1937894062754957,0.0,0.026137899954934655,0.5861382855247886,0.0,8.0
near_saturation,production_causal_shuffle,36,12000,6031,0.7097914714386241,3.5094429712316,3.5094429712316,1.1937894062754957,0.0,0.020730058584948176,0.5879621953241585,0.0,8.0
near_saturation,production_causal_shuffle,37,12000,6031,0.7110332501538963,3.5094429712316,3.5094429712316,1.193293128359862,0.0,0.02298332582244254,0.5813297960537225,0.0,8.0
near_saturation,production_causal_shuffle,38,12000,6031,0.7141378531269299,3.5094429712316,3.5094429712316,1.193293128359862,0.0,0.02929247408742677,0.5828220858895705,0.0,8.0
near_saturation,production_causal_shuffle,39,12000,6031,0.7134489630049107,3.5094429712316,3.5094429712316,1.1942855610757945,0.0,0.020730058584948176,0.5859724755430277,0.0,8.0
near_saturation,production_causal_shuffle,40,12000,6031,0.710539046106055,3.5094429712316,3.5094429712316,1.1942855610757945,0.0,0.02298332582244254,0.5823246559442878,0.0,8.0
near_saturation,production_causal_shuffle,41,12000,6031,0.7126567487181978,3.5094429712316,3.5094429712316,1.1942855610757945,0.0,0.01982875168995043,0.5834853258166142,0.0,8.0
near_saturation,production_causal_shuffle,42,12000,6031,0.7184783247409728,3.5094429712316,3.5094429712316,1.1942855610757945,0.0,0.022082018927444796,0.587133145415354,0.0,8.0
near_saturation,production_causal_shuffle,43,12000,6031,0.715144908440324,3.5094429712316,3.5094429712316,1.1942855610757945,0.0,0.028841820639927896,0.5814956060354833,0.0,8.0
near_saturation,production_causal_shuffle,44,12000,6031,0.7121903398729456,3.5094429712316,3.5094429712316,1.1942855610757945,0.0,0.02118071203244705,0.5781794064002653,0.0,8.0
near_saturation,production_causal_shuffle,45,12000,6031,0.7163926750610637,3.5094429712316,3.5094429712316,1.1942855610757945,0.0,0.022082018927444796,0.5841485657436578,0.0,8.0
near_saturation,production_causal_shuffle,46,12000,6031,0.7167434913786797,3.5094429712316,3.5094429712316,1.1942855610757945,0.0,0.023433979269941414,0.583651135798375,0.0,8.0
near_saturation,production_causal_shuffle,47,12000,6031,0.7138851692708043,3.5094429712316,3.5094429712316,1.1942855610757945,0.0,0.021631365479945923,0.5894544851600066,0.0,8.0
near_saturation,active_archive_D0,0,12000,6031,0.7748060309653007,3.5094429712316,3.5094429712316,2.3571357377749145,0.0,0.0,0.5780135964185044,0.0,9.0
near_saturation,active_archive_D0,1,12000,6031,0.7639120980125332,3.5094429712316,3.5094429712316,2.760762319457065,0.0,0.0,0.5402089205770187,0.0,9.0
near_saturation,active_archive_D0,2,12000,6031,0.7557418163919865,3.5094429712316,3.5094429712316,2.838463341586184,0.0,0.0,0.5337423312883436,0.0,9.0
near_saturation,active_archive_D0,3,12000,6031,0.7462393135981946,3.6463390119764014,3.6463390119764014,2.2243205911645028,0.0,0.022082018927444796,0.5849776156524623,0.0,9.0
near_saturation,active_archive_D0,4,12000,6031,0.7433321737909151,3.5094429712316,3.5094429712316,2.5009207695923443,0.0,0.0,0.5261150721273421,0.0,9.0
near_saturation,active_archive_D0,5,12000,6031,0.7696211049292105,3.5655226854457887,3.5655226854457887,2.425906557596562,0.0,0.0,0.5813297960537225,0.0,9.0
near_saturation,active_archive_D0,6,12000,6031,0.6970778180543339,3.5094429712316,3.5094429712316,2.3983229817938536,0.0,0.0,0.500911954899685,0.0,8.0
near_saturation,active_archive_D0,7,12000,6031,0.770512429361077,3.5094429712316,3.5094429712316,2.2517466332903204,0.0,0.0,0.5445199801028022,0.0,9.0
near_saturation,active_archive_D0,8,12000,6031,0.7744381603264274,3.5094429712316,3.5094429712316,2.4478775573268443,0.0,0.0,0.5635881280053059,0.0,9.0
near_saturation,active_archive_D0,9,12000,6031,0.6571982414173598,3.5094429712316,3.5094429712316,1.8316214191956952,0.0016402405686167304,0.0031545741324921135,0.5254518322002985,0.0,8.0
near_saturation,active_archive_D0,10,12000,6031,0.6940571625547559,3.5094429712316,3.5094429712316,1.9786646864644624,0.0,0.0,0.5038965345713812,0.0,8.0
near_saturation,active_archive_D0,11,12000,6031,0.6650880621679087,3.5094429712316,3.5094429712316,1.9049299088896774,0.0008201202843083652,0.0009013068949977468,0.5176587630575361,0.0,8.0
near_saturation,active_archive_D0,12,12000,6031,0.7831143831355428,3.5655226854457887,3.5655226854457887,2.3938381722195032,0.0,0.0,0.5858066655612668,0.0,9.0
near_saturation,active_archive_D0,13,12000,6031,0.7589958040038617,3.5094429712316,3.5094429712316,1.9847492916614407,0.0,0.0,0.5352346211241916,0.0,9.0
near_saturation,active_archive_D0,14,12000,6031,0.7746993812370591,3.5094429712316,3.5094429712316,2.677973464136045,0.0,0.0,0.5548001989719781,0.0,9.0
near_saturation,active_archive_D0,15,12000,6031,0.7419476024670194,3.5094429712316,3.5094429712316,2.551763843493454,0.0,0.0,0.5224672525286023,0.0,9.0
near_saturation,active_archive_D0,16,12000,6031,0.7335465829539797,3.5094429712316,3.5094429712316,2.771942819984563,0.0,0.0,0.5226330625103631,0.0,9.0
near_saturation,active_archive_D0,17,12000,6031,0.7539419931360206,3.6463390119764014,3.6463390119764014,2.363527707575585,0.0,0.005407841369986481,0.5846459956889405,0.0,9.0
near_saturation,active_archive_D0,18,12000,6031,0.7649961097633324,3.5094429712316,3.5094429712316,2.197259907872237,0.0,0.0,0.5413695904493451,0.0,9.0
near_saturation,active_archive_D0,19,12000,6031,0.7918723975600382,3.5094429712316,3.5094429712316,2.5283937289458613,0.0,0.0,0.5761896866191345,0.0,9.0
near_saturation,active_archive_D0,20,12000,6031,0.7580261437591158,3.5094429712316,3.5094429712316,2.8153228864480404,0.0,0.0,0.5340739512518654,0.0,9.0
near_saturation,active_archive_D0,21,12000,6031,0.7727822808914381,3.526306999171279,3.526306999171279,2.3548479315413715,0.0,0.0,0.5856408555795058,0.0,9.0
near_saturation,active_archive_D0,22,12000,6031,0.760779127945903,3.5094429712316,3.5094429712316,2.5166054620440796,0.0,0.0,0.5383850107776488,0.0,9.0
near_saturation,active_archive_D0,23,12000,6031,0.7679922962269811,3.5094429712316,3.5094429712316,2.573633258761536,0.0,0.0,0.5428618802851932,0.0,9.0
near_saturation,active_archive_D0,24,12000,6031,0.751024554696322,3.5094429712316,3.5094429712316,2.553837241971536,0.0,0.0,0.5312551815619301,0.0,9.0
near_saturation,active_archive_D0,25,12000,6031,0.7661429105005326,3.5094429712316,3.5094429712316,2.6713406059512685,0.0,0.0,0.5476703697562594,0.0,9.0
near_saturation,active_archive_D0,26,12000,6031,0.7606774315676507,3.5094429712316,3.5094429712316,2.389175968951246,0.0,0.0,0.5408721605040624,0.0,9.0
near_saturation,active_archive_D0,27,12000,6031,0.7673431631956515,3.5094429712316,3.5094429712316,2.5072942612591156,0.0,0.0,0.5349030011606699,0.0,9.0
near_saturation,active_archive_D0,28,12000,6031,0.7820640389406148,3.5094429712316,3.5094429712316,2.428114550746276,0.0,0.0,0.5771845465096999,0.0,9.0
near_saturation,active_archive_D0,29,12000,6031,0.7647716763360054,3.5094429712316,3.5094429712316,2.1708321986229215,0.0,0.0,0.5756922566738518,0.0,9.0
near_saturation,active_archive_D0,30,12000,6031,0.7718211355464444,3.5094429712316,3.5094429712316,2.317882573090479,0.0,0.0,0.5793400762725917,0.0,9.0
near_saturation,active_archive_D0,31,12000,6031,0.7878741305976217,3.5094429712316,3.5094429712316,2.432963572277618,0.0,0.0,0.5579505886254352,0.0,9.0
near_saturation,active_archive_D0,32,12000,6031,0.7734129645213019,3.5094429712316,3.5094429712316,2.654858613382231,0.0,0.0,0.5506549494279556,0.0,9.0
near_saturation,active_archive_D0,33,12000,6031,0.7805117069288954,3.5094429712316,3.5094429712316,2.2901760958449593,0.0,0.0,0.5741999668380037,0.0,9.0
near_saturation,active_archive_D0,34,12000,6031,0.7624072866009439,3.5094429712316,3.5094429712316,2.7908073947832435,0.0,0.0,0.5392140606864533,0.0,9.0
near_saturation,active_archive_D0,35,12000,6031,0.7829987727738855,3.5094429712316,3.5094429712316,2.6489391142103855,0.0,0.0,0.5602719283700879,0.0,9.0
near_saturation,active_archive_D0,36,12000,6031,0.7625871686820211,3.5094429712316,3.5094429712316,2.62308354338386,0.0,0.0,0.536395290996518,0.0,9.0
near_saturation,active_archive_D0,37,12000,6031,0.7787297594693666,3.5094429712316,3.5094429712316,2.6736841273524767,0.0,0.0,0.5536395290996518,0.0,9.0
near_saturation,active_archive_D0,38,12000,6031,0.7665325066371186,3.5094429712316,3.5094429712316,2.760762319457065,0.0,0.0,0.5413695904493451,0.0,9.0
near_saturation,active_archive_D0,39,12000,6031,0.7922045914565784,3.5655226854457887,3.5655226854457887,2.285915739224258,0.0,0.0,0.5748632067650472,0.0,9.0
near_saturation,active_archive_D0,40,12000,6031,0.7862948875981253,3.5655226854457887,3.5655226854457887,2.3969785945653506,0.0,0.0,0.577018736527939,0.0,9.0
near_saturation,active_archive_D0,41,12000,6031,0.7660720882805414,3.6055226854457896,3.6055226854457896,2.150145838733117,0.0,0.010815682739972961,0.5864699054883104,0.0,9.0
near_saturation,active_archive_D0,42,12000,6031,0.7674424822069903,3.6055226854457896,3.6055226854457896,2.357592985145743,0.0,0.0013519603424966202,0.5868015254518322,0.0,9.0
near_saturation,active_archive_D0,43,12000,6031,0.7745602053222657,3.5094429712316,3.5094429712316,2.665077757131087,0.0,0.0,0.5423644503399104,0.0,9.0
near_saturation,active_archive_D0,44,12000,6031,0.7837978054011827,3.5094429712316,3.5094429712316,2.279270426389637,0.0,0.0,0.5722102470568728,0.0,9.0
near_saturation,active_archive_D0,45,12000,6031,0.7729811571538114,3.5094429712316,3.5094429712316,2.441311563274443,0.0,0.0,0.5793400762725917,0.0,9.0
near_saturation,active_archive_D0,46,12000,6031,0.7600104765866051,3.5094429712316,3.5094429712316,2.1673154933896868,0.0,0.008562415502478594,0.5869673354335931,0.0,9.0
near_saturation,active_archive_D0,47,12000,6031,0.782259104049937,3.5094429712316,3.5094429712316,2.654858613382231,0.0,0.0,0.5596086884430442,0.0,9.0
near_saturation,exp69_active_archive_D1,0,12000,6031,0.8068577979061602,4.5094429712316,4.5094429712316,2.438240040085436,0.0,0.0,0.5818272259990052,0.0,8.0
near_saturation,exp69_active_archive_D1,1,12000,6031,0.8271025778235159,4.5094429712316,4.5094429712316,2.525453169720798,0.0,0.0,0.5725418670203947,0.0,8.0
near_saturation,exp69_active_archive_D1,2,12000,6031,0.8054091794915751,4.5094429712316,4.5094429712316,2.384387209578108,0.0,0.0004506534474988734,0.5849776156524623,0.0,8.0
near_saturation,exp69_active_archive_D1,3,12000,6031,0.8203172518111002,4.5094429712316,4.5094429712316,2.4902529397748374,0.0,0.0,0.5780135964185044,0.0,8.0
near_saturation,exp69_active_archive_D1,4,12000,6031,0.8075282023793198,4.5094429712316,4.5094429712316,2.3689903261749947,0.0,0.0,0.5823246559442878,0.0,8.0
near_saturation,exp69_active_archive_D1,5,12000,6031,0.7324667896289585,4.5094429712316,4.5094429712316,2.0572386321591054,0.0,0.019378098242451555,0.580334936163157,0.0,8.0
near_saturation,exp69_active_archive_D1,6,12000,6031,0.8149852499438395,4.5094429712316,4.5094429712316,2.2687829754034183,0.0,0.0,0.5861382855247886,0.0,8.0
near_saturation,exp69_active_archive_D1,7,12000,6031,0.7912528046928832,4.5094429712316,4.5094429712316,2.3090019789652665,0.0,0.013068949977467327,0.5856408555795058,0.0,8.0
near_saturation,exp69_active_archive_D1,8,12000,6031,0.7813048341135299,4.5094429712316,4.5094429712316,2.2764156620311695,0.0,0.013068949977467327,0.5856408555795058,0.0,8.0
near_saturation,exp69_active_archive_D1,9,12000,6031,0.7665640315519866,4.5094429712316,4.5094429712316,2.1215410861875093,0.0,0.02298332582244254,0.582158845962527,0.0,8.0
near_saturation,exp69_active_archive_D1,10,12000,6031,0.7868195211951607,4.5094429712316,4.5094429712316,2.285441805574969,0.0,0.017124831004957188,0.5844801857071795,0.0,8.0
near_saturation,exp69_active_archive_D1,11,12000,6031,0.8162521933440829,4.5094429712316,4.5094429712316,2.4704742126028023,0.0,0.0,0.5778477864367435,0.0,8.0
near_saturation,exp69_active_archive_D1,12,12000,6031,0.7912780113119574,4.5094429712316,4.5094429712316,2.3127459837855575,0.0,0.009013068949977467,0.5882938152876803,0.0,8.0
near_saturation,exp69_active_archive_D1,13,12000,6031,0.7948657815243527,4.5094429712316,4.5094429712316,2.3866414929451842,0.0,0.0027039206849932404,0.5828220858895705,0.0,8.0
near_saturation,exp69_active_archive_D1,14,12000,6031,0.803133479264792,4.5094429712316,4.5094429712316,2.172337467125619,0.0,0.0,0.5813297960537225,0.0,9.0
near_saturation,exp69_active_archive_D1,15,12000,6031,0.8111676981013014,4.5094429712316,4.5094429712316,2.368080925231105,0.0,0.0,0.5856408555795058,0.0,8.0
near_saturation,exp69_active_archive_D1,16,12000,6031,0.7893236322066294,4.5094429712316,4.5094429712316,2.2986696794095955,0.0,0.004957187922487607,0.581993035980766,0.0,8.0
near_saturation,exp69_active_archive_D1,17,12000,6031,0.7237600292497064,4.5094429712316,4.5094429712316,1.9875018381836789,0.0,0.025236593059936908,0.5745315868015255,0.0,8.0
near_saturation,exp69_active_archive_D1,18,12000,6031,0.8201465039534761,4.5094429712316,4.5094429712316,2.3322878397625963,0.0,0.0,0.5766871165644172,0.0,8.0
near_saturation,exp69_active_archive_D1,19,12000,6031,0.8077646896036977,4.5094429712316,4.5094429712316,2.353473990572798,0.0,0.0,0.575194826728569,0.0,8.0
near_saturation,exp69_active_archive_D1,20,12000,6031,0.7855162313235968,4.5094429712316,4.5094429712316,2.270216324717385,0.0,0.014871563767462822,0.5833195158348533,0.0,8.0
near_saturation,exp69_active_archive_D1,21,12000,6031,0.8151321111188594,4.5094429712316,4.5094429712316,2.443940548197194,0.0,0.0,0.5743657768197645,0.0,8.0
near_saturation,exp69_active_archive_D1,22,12000,6031,0.7860194579496564,4.5094429712316,4.5094429712316,2.3071273449760206,0.0,0.019378098242451555,0.5826562759078097,0.0,8.0
near_saturation,exp69_active_archive_D1,23,12000,6031,0.7988787228010632,4.5094429712316,4.5094429712316,2.430760928892088,0.0,0.0,0.5773503564914608,0.0,8.0
near_saturation,exp69_active_archive_D1,24,12000,6031,0.8061757198857291,4.5094429712316,4.5094429712316,2.333676407273412,0.0,0.0,0.580500746144918,0.0,9.0
near_saturation,exp69_active_archive_D1,25,12000,6031,0.7978543964355056,4.5094429712316,4.5094429712316,2.3197471577643434,0.0,0.0067598017124831005,0.5824904659260487,0.0,8.0
near_saturation,exp69_active_archive_D1,26,12000,6031,0.7987707272562016,4.5094429712316,4.5094429712316,2.3285802729660716,0.0,0.013970256872465074,0.5874647653788758,0.0,8.0
near_saturation,exp69_active_archive_D1,27,12000,6031,0.7976364078356204,4.5094429712316,4.5094429712316,2.3648947616215317,0.0,0.0013519603424966202,0.580334936163157,0.0,8.0
near_saturation,exp69_active_archive_D1,28,12000,6031,0.8079992775755058,4.5094429712316,4.5094429712316,2.295842490826079,0.0,0.007210455159981974,0.5884596252694412,0.0,8.0
near_saturation,exp69_active_archive_D1,29,12000,6031,0.7380311023157498,4.5094429712316,4.5094429712316,2.1158739005618976,0.0,0.023884632717440287,0.580500746144918,0.0,8.0
near_saturation,exp69_active_archive_D1,30,12000,6031,0.8155883349851084,4.5094429712316,4.5094429712316,2.650519361201038,0.0,0.0,0.5665727076770022,0.0,9.0
near_saturation,exp69_active_archive_D1,31,12000,6031,0.8089316147744412,4.5094429712316,4.5094429712316,2.4112723460223826,0.0,0.0,0.5776819764549825,0.0,8.0
near_saturation,exp69_active_archive_D1,32,12000,6031,0.7629916858377107,4.5094429712316,4.5094429712316,2.118451884921061,0.0,0.027039206849932402,0.5834853258166142,0.0,8.0
near_saturation,exp69_active_archive_D1,33,12000,6031,0.7749304926399649,4.5094429712316,4.5094429712316,2.2056632815368573,0.0,0.02253267237494367,0.5848118056707013,0.0,8.0
near_saturation,exp69_active_archive_D1,34,12000,6031,0.8066959401962197,4.5094429712316,4.5094429712316,2.3712620210936954,0.0,0.0,0.5826562759078097,0.0,8.0
near_saturation,exp69_active_archive_D1,35,12000,6031,0.7367320434145929,4.5094429712316,4.5094429712316,2.1158739005618976,0.0,0.023433979269941414,0.5823246559442878,0.0,8.0
near_saturation,exp69_active_archive_D1,36,12000,6031,0.809073439740021,4.5094429712316,4.5094429712316,2.5981058797166163,0.0,0.0,0.5493284695738684,0.0,8.0
near_saturation,exp69_active_archive_D1,37,12000,6031,0.8093416796033277,4.5094429712316,4.5094429712316,2.5724017316333523,0.0,0.0,0.5695572873486984,0.0,8.0
near_saturation,exp69_active_archive_D1,38,12000,6031,0.8192404588862839,4.5094429712316,4.5094429712316,2.556322486146996,0.0,0.0,0.5738683468744818,0.0,8.0
near_saturation,exp69_active_archive_D1,39,12000,6031,0.8076428767852845,4.5094429712316,4.5094429712316,2.4276731470826256,0.0,0.0,0.5826562759078097,0.0,8.0
near_saturation,exp69_active_archive_D1,40,12000,6031,0.782682925879431,4.5094429712316,4.5094429712316,2.1942855610757945,0.0,0.01982875168995043,0.5879621953241585,0.0,8.0
near_saturation,exp69_active_archive_D1,41,12000,6031,0.8106941260441055,4.5094429712316,4.5094429712316,2.440434466454338,0.0,0.0,0.5798375062178743,0.0,8.0
near_saturation,exp69_active_archive_D1,42,12000,6031,0.7633403149477844,4.5094429712316,4.5094429712316,2.249572838613023,0.0,0.020279405137449302,0.5833195158348533,0.0,8.0
near_saturation,exp69_active_archive_D1,43,12000,6031,0.8108540500796605,4.5094429712316,4.5094429712316,2.452678956383771,0.0,0.0,0.5788426463273089,0.0,8.0
near_saturation,exp69_active_archive_D1,44,12000,6031,0.8091042962406664,4.5094429712316,4.5094429712316,2.5140703397113313,0.0,0.0,0.5705521472392638,0.0,8.0
near_saturation,exp69_active_archive_D1,45,12000,6031,0.7995118070094497,4.5094429712316,4.5094429712316,2.367171110594068,0.0,0.0,0.5761896866191345,0.0,8.0
near_saturation,exp69_active_archive_D1,46,12000,6031,0.8141936085790733,4.5094429712316,4.5094429712316,2.4121623226715094,0.0,0.0,0.5891228651964848,0.0,8.0
near_saturation,exp69_active_archive_D1,47,12000,6031,0.7840688174489635,4.5094429712316,4.5094429712316,2.2306636069401478,0.0,0.017124831004957188,0.583651135798375,0.0,9.0
near_saturation,exp69_active_archive_D2,0,12000,6031,0.746430242235249,4.5094429712316,4.5094429712316,1.9813440806460996,0.0,0.0,0.5098656939147737,0.0,7.0
near_saturation,exp69_active_archive_D2,1,12000,6031,0.7486700251207046,4.5094429712316,4.5094429712316,1.9793348716078079,0.0,0.0,0.507544354170121,0.0,8.0
near_saturation,exp69_active_archive_D2,2,12000,6031,0.7168623217898221,5.5094429712316,5.5094429712316,1.9712777898111007,0.0030071077091306723,0.004506534474988734,0.5380533908141271,0.0,8.0
near_saturation,exp69_active_archive_D2,3,12000,6031,0.709001965913478,4.5094429712316,4.5094429712316,1.9325570424111085,0.004100601421541826,0.005407841369986481,0.5398773006134969,0.0,7.0
near_saturation,exp69_active_archive_D2,4,12000,6031,0.7168708068671359,5.5094429712316,5.5094429712316,1.9249975454133228,0.004920721705850191,0.009914375844975214,0.5460122699386503,0.0,7.0
near_saturation,exp69_active_archive_D2,5,12000,6031,0.7780018006506431,4.5094429712316,4.5094429712316,2.4208291872579863,0.0,0.0,0.5191510528933841,0.0,8.0
near_saturation,exp69_active_archive_D2,6,12000,6031,0.7361106207863636,4.5094429712316,4.5094429712316,1.9218967696060787,0.0002733734281027884,0.0,0.5131818935499917,0.0,7.0
near_saturation,exp69_active_archive_D2,7,12000,6031,0.7318860609954939,4.5094429712316,4.5094429712316,1.8937713061772783,0.0010934937124111536,0.0013519603424966202,0.5193168628751451,0.0,7.0
near_saturation,exp69_active_archive_D2,8,12000,6031,0.7194817350292733,4.5094429712316,4.5094429712316,1.8776209507493782,0.002733734281027884,0.0018026137899954935,0.5314209915436909,0.0,8.0
near_saturation,exp69_active_archive_D2,9,12000,6031,0.732966131649196,5.5094429712316,5.5094429712316,1.8836263709806929,0.004100601421541826,0.016674177557458314,0.5596086884430442,0.0,8.0
near_saturation,exp69_active_archive_D2,10,12000,6031,0.8356541832140527,4.5094429712316,4.5094429712316,2.6338641643800784,0.0,0.0,0.5657436577681977,0.0,8.0
near_saturation,exp69_active_archive_D2,11,12000,6031,0.8148357841191658,4.5094429712316,4.5094429712316,2.743873497061525,0.0,0.0,0.5415354004311059,0.0,8.0
near_saturation,exp69_active_archive_D2,12,12000,6031,0.7236540570348485,4.5094429712316,4.5094429712316,1.8814948734156047,0.005740841990158557,0.014420910319963948,0.5508207594097164,0.0,7.0
near_saturation,exp69_active_archive_D2,13,12000,6031,0.7490257249601501,5.5094429712316,5.5094429712316,1.9866921242649234,0.0002733734281027884,0.028841820639927896,0.5707179572210247,0.0,8.0
near_saturation,exp69_active_archive_D2,14,12000,6031,0.764820427780798,4.5094429712316,4.5094429712316,2.0796671995853915,0.0,0.0,0.5095340739512518,0.0,7.0
near_saturation,exp69_active_archive_D2,15,12000,6031,0.721913287117095,4.5094429712316,4.5094429712316,1.9249975454133228,0.0016402405686167304,0.00405588102748986,0.5329132813795391,0.0,7.0
near_saturation,exp69_active_archive_D2,16,12000,6031,0.7341823800003925,4.5094429712316,4.5094429712316,1.9397463688614849,0.004647348277747403,0.01622352410995944,0.5559608688443044,0.0,7.0
near_saturation,exp69_active_archive_D2,17,12000,6031,0.752286387891317,4.5094429712316,4.5094429712316,1.9249975454133228,0.0,0.0,0.5068811142430775,0.0,8.0
near_saturation,exp69_active_archive_D2,18,12000,6031,0.7948881129952339,4.5094429712316,4.5094429712316,2.860983686710817,0.0,0.0,0.527938981926712,0.0,9.0
near_saturation,exp69_active_archive_D2,19,12000,6031,0.7271447740996083,4.5094429712316,4.5094429712316,1.9366683928852737,0.0005467468562055768,0.0004506534474988734,0.5168297131487316,0.0,8.0
near_saturation,exp69_active_archive_D2,20,12000,6031,0.7567328163298789,4.5094429712316,4.5094429712316,1.9916929603310578,0.0,0.0,0.5040623445531421,0.0,7.0
near_saturation,exp69_active_archive_D2,21,12000,6031,0.7258814534400043,5.5094429712316,5.5094429712316,1.9448658255692841,0.003553854565336249,0.004957187922487607,0.5407063505223014,0.0,7.0
near_saturation,exp69_active_archive_D2,22,12000,6031,0.7284890555930595,5.5094429712316,5.5094429712316,1.9860244003641014,0.003553854565336249,0.011716989634970707,0.5443541701210413,0.0,8.0
near_saturation,exp69_active_archive_D2,23,12000,6031,0.7356852165080854,5.5094429712316,5.5094429712316,1.8944705457595816,0.003553854565336249,0.014871563767462822,0.5562924888078262,0.0,8.0
near_saturation,exp69_active_archive_D2,24,12000,6031,0.7858553567644537,4.5094429712316,4.5094429712316,2.476998494873019,0.0,0.0,0.522798872492124,0.0,8.0
near_saturation,exp69_active_archive_D2,25,12000,6031,0.7276674797996084,5.5094429712316,5.5094429712316,1.906667830440611,0.004647348277747403,0.012618296529968454,0.5557950588625435,0.0,7.0
near_saturation,exp69_active_archive_D2,26,12000,6031,0.7200786283977209,5.5094429712316,5.5094429712316,1.9880269036556584,0.0062875888463641335,0.010365029292474088,0.5463438899021721,0.0,8.0
near_saturation,exp69_active_archive_D2,27,12000,6031,0.726190627542785,4.5094429712316,4.5094429712316,1.903190475839562,0.005740841990158557,0.009914375844975214,0.5587796385342397,0.0,8.0
near_saturation,exp69_active_archive_D2,28,12000,6031,0.7248814640241148,4.5094429712316,4.5094429712316,1.983016881007373,0.0016402405686167304,0.002253267237494367,0.5247885922732548,0.0,8.0
near_saturation,exp69_active_archive_D2,29,12000,6031,0.7338386934674666,5.5094429712316,5.5094429712316,1.9732951052669563,0.004920721705850191,0.009914375844975214,0.5519814292820427,0.0,8.0
near_saturation,exp69_active_archive_D2,30,12000,6031,0.8125324492467711,4.5094429712316,4.5094429712316,2.610633704026853,0.0,0.0,0.5541369590449345,0.0,8.0
near_saturation,exp69_active_archive_D2,31,12000,6031,0.7825426423152215,4.5094429712316,4.5094429712316,2.7845389530914204,0.0,0.0,0.5221356325650804,0.0,8.0
near_saturation,exp69_active_archive_D2,32,12000,6031,0.7972031656234091,4.5094429712316,4.5094429712316,2.760388557543404,0.0,0.0,0.5256176421820593,0.0,8.0
near_saturation,exp69_active_archive_D2,33,12000,6031,0.7361781175919452,4.5094429712316,4.5094429712316,1.9598077406893637,0.0008201202843083652,0.0,0.514508373404079,0.0,7.0
near_saturation,exp69_active_archive_D2,34,12000,6031,0.8129177647252956,4.5094429712316,4.5094429712316,2.8218582466975377,0.0,0.0,0.5393798706682142,0.0,8.0
near_saturation,exp69_active_archive_D2,35,12000,6031,0.7222652260096056,4.5094429712316,4.5094429712316,1.9277497605135991,0.002733734281027884,0.0031545741324921135,0.5294312717625601,0.0,7.0
near_saturation,exp69_active_archive_D2,36,12000,6031,0.7604442924932859,4.5094429712316,4.5094429712316,1.9896941261558148,0.0,0.0,0.506052064334273,0.0,8.0
near_saturation,exp69_active_archive_D2,37,12000,6031,0.7629031310748708,4.5094429712316,4.5094429712316,2.0529838772222533,0.0,0.0,0.5053888244072293,0.0,8.0
near_saturation,exp69_active_archive_D2,38,12000,6031,0.7261078689270135,4.5094429712316,4.5094429712316,1.937352797030929,0.0038272279934390375,0.01216764308246958,0.5483336096833029,0.0,8.0
near_saturation,exp69_active_archive_D2,39,12000,6031,0.731062719421023,4.5094429712316,4.5094429712316,1.9187911789276662,0.0010934937124111536,0.0018026137899954935,0.5256176421820593,0.0,7.0
near_saturation,exp69_active_archive_D2,40,12000,6031,0.7243596396353726,4.5094429712316,4.5094429712316,1.9287808655347618,0.0030071077091306723,0.014420910319963948,0.5506549494279556,0.0,8.0
near_saturation,exp69_active_archive_D2,41,12000,6031,0.7696751643270004,4.5094429712316,4.5094429712316,2.9042343171967424,0.0,0.0,0.5155032332946443,0.0,8.0
near_saturation,exp69_active_archive_D2,42,12000,6031,0.7258440228832391,4.5094429712316,4.5094429712316,1.947250428128413,0.0019136139967195188,0.0009013068949977468,0.5221356325650804,0.0,7.0
near_saturation,exp69_active_archive_D2,43,12000,6031,0.736916120333771,4.5094429712316,4.5094429712316,1.952350736898552,0.001366867140513942,0.002253267237494367,0.5218040126015586,0.0,8.0
near_saturation,exp69_active_archive_D2,44,12000,6031,0.750675485080805,5.5094429712316,5.5094429712316,1.9175254873750873,0.0005467468562055768,0.025236593059936908,0.5756922566738518,0.0,8.0
near_saturation,exp69_active_archive_D2,45,12000,6031,0.7696677416171988,4.5094429712316,4.5094429712316,2.4208291872579863,0.0,0.0,0.5121870336594263,0.0,9.0
near_saturation,exp69_active_archive_D2,46,12000,6031,0.7290243279352305,5.5094429712316,5.5094429712316,1.9094453675522125,0.0010934937124111536,0.0027039206849932404,0.5224672525286023,0.0,8.0
near_saturation,exp69_active_archive_D2,47,12000,6031,0.7338560088187454,4.5094429712316,4.5094429712316,1.9397463688614849,0.002733734281027884,0.013068949977467327,0.5504891394461947,0.0,8.0
near_saturation,raw_least_count,0,12000,6031,1.9463183818263559,8.5094429712316,8.5094429712316,1.9996683800364394,0.0,0.008562415502478594,0.989719781130824,1.0,2.0
near_saturation,raw_least_count,1,12000,6031,1.9475523847293792,9.5094429712316,9.5094429712316,1.9996683800364394,0.0,0.011716989634970707,0.989719781130824,1.0,2.0
near_saturation,raw_least_count,2,12000,6031,1.9461820825784315,8.5094429712316,8.5094429712316,1.9996683800364394,0.0,0.010365029292474088,0.989719781130824,1.0,2.0
near_saturation,raw_least_count,3,12000,6031,1.947444348687919,8.5094429712316,8.5094429712316,1.9996683800364394,0.0,0.010365029292474088,0.989719781130824,1.0,2.0
near_saturation,raw_least_count,4,12000,6031,1.9449481632067842,9.5094429712316,9.5094429712316,1.9996683800364394,0.0,0.006309148264984227,0.989719781130824,1.0,2.0
near_saturation,raw_least_count,5,12000,6031,1.948118815836504,9.5094429712316,9.5094429712316,1.9996683800364394,0.0,0.012618296529968454,0.989719781130824,1.0,2.0
near_saturation,raw_least_count,6,12000,6031,1.9470324819119138,9.5094429712316,9.5094429712316,1.9996683800364394,0.0,0.010815682739972961,0.989719781130824,1.0,2.0
near_saturation,raw_least_count,7,12000,6031,1.947825981915195,8.73055887013243,8.73055887013243,1.9996683800364394,0.0,0.011266336187471835,0.989719781130824,1.0,2.0
near_saturation,raw_least_count,8,12000,6031,1.9453607333886207,8.5094429712316,8.5094429712316,1.9996683800364394,0.0,0.008562415502478594,0.989719781130824,1.0,2.0
near_saturation,raw_least_count,9,12000,6031,1.9464616192387867,8.910447748807963,8.910447748807963,1.9996683800364394,0.0,0.008562415502478594,0.989719781130824,1.0,2.0
near_saturation,raw_least_count,10,12000,6031,1.9481017705557018,8.5094429712316,8.5094429712316,1.9996683800364394,0.0,0.011716989634970707,0.989719781130824,1.0,2.0
near_saturation,raw_least_count,11,12000,6031,1.947314561833374,8.5094429712316,8.5094429712316,1.9996683800364394,0.0,0.011716989634970707,0.989719781130824,1.0,2.0
near_saturation,raw_least_count,12,12000,6031,1.946036590662497,8.5094429712316,8.5094429712316,1.9996683800364394,0.0,0.009914375844975214,0.989719781130824,1.0,2.0
near_saturation,raw_least_count,13,12000,6031,1.9460929256028932,8.5094429712316,8.5094429712316,1.9996683800364394,0.0,0.009914375844975214,0.989719781130824,1.0,2.0
near_saturation,raw_least_count,14,12000,6031,1.9467532493227135,8.5094429712316,8.5094429712316,1.9996683800364394,0.0,0.011266336187471835,0.989719781130824,1.0,2.0
near_saturation,raw_least_count,15,12000,6031,1.946207316534414,8.526306999171279,8.526306999171279,1.9996683800364394,0.0,0.00946372239747634,0.989719781130824,1.0,2.0
near_saturation,raw_least_count,16,12000,6031,1.9444849042138082,8.5094429712316,8.5094429712316,1.9996683800364394,0.0,0.009013068949977467,0.989719781130824,1.0,2.0
near_saturation,raw_least_count,17,12000,6031,1.9487785575660377,9.5094429712316,9.5094429712316,1.9996683800364394,0.0,0.011266336187471835,0.989719781130824,1.0,2.0
near_saturation,raw_least_count,18,12000,6031,1.9469597794756985,9.5094429712316,9.5094429712316,1.9996683800364394,0.0,0.010365029292474088,0.989719781130824,1.0,2.0
near_saturation,raw_least_count,19,12000,6031,1.9477651765470316,8.5094429712316,8.5094429712316,1.9996683800364394,0.0,0.010365029292474088,0.989719781130824,1.0,2.0
near_saturation,raw_least_count,20,12000,6031,1.9460777428188787,8.5094429712316,8.5094429712316,1.9996683800364394,0.0,0.008562415502478594,0.989719781130824,1.0,2.0
near_saturation,raw_least_count,21,12000,6031,1.9485965163071794,9.5094429712316,9.5094429712316,1.9993367050778978,0.0,0.01216764308246958,0.989719781130824,1.0,2.0
near_saturation,raw_least_count,22,12000,6031,1.9493595333953058,9.5094429712316,9.5094429712316,1.9996683800364394,0.0,0.010365029292474088,0.989719781130824,1.0,2.0
near_saturation,raw_least_count,23,12000,6031,1.9461272616358782,8.5094429712316,8.5094429712316,1.9996683800364394,0.0,0.010815682739972961,0.989719781130824,1.0,2.0
near_saturation,raw_least_count,24,12000,6031,1.9457058801431608,8.5094429712316,8.5094429712316,1.9996683800364394,0.0,0.010365029292474088,0.989719781130824,1.0,2.0
near_saturation,raw_least_count,25,12000,6031,1.948000546563798,8.5094429712316,8.5094429712316,1.9993367050778978,0.0,0.012618296529968454,0.989719781130824,1.0,2.0
near_saturation,raw_least_count,26,12000,6031,1.9502782038034556,9.5094429712316,9.5094429712316,1.9996683800364394,0.0,0.013068949977467327,0.989719781130824,1.0,2.0
near_saturation,raw_least_count,27,12000,6031,1.9484254230793538,9.5094429712316,9.5094429712316,1.9996683800364394,0.0,0.009914375844975214,0.989719781130824,1.0,2.0
near_saturation,raw_least_count,28,12000,6031,1.9478670116158867,8.5094429712316,8.5094429712316,1.9996683800364394,0.0,0.011266336187471835,0.989719781130824,1.0,2.0
near_saturation,raw_least_count,29,12000,6031,1.946579934000257,8.5094429712316,8.5094429712316,1.9996683800364394,0.0,0.009013068949977467,0.989719781130824,1.0,2.0
near_saturation,raw_least_count,30,12000,6031,1.9487543996650896,9.5094429712316,9.5094429712316,1.9996683800364394,0.0,0.013970256872465074,0.989719781130824,1.0,2.0
near_saturation,raw_least_count,31,12000,6031,1.947177500014023,8.5094429712316,8.5094429712316,1.9993367050778978,0.0,0.01216764308246958,0.989719781130824,1.0,2.0
near_saturation,raw_least_count,32,12000,6031,1.9455428019521268,8.5094429712316,8.5094429712316,1.9996683800364394,0.0,0.009013068949977467,0.989719781130824,1.0,2.0
near_saturation,raw_least_count,33,12000,6031,1.945456502620252,8.774037131001995,8.774037131001995,1.9996683800364394,0.0,0.00811176205497972,0.989719781130824,1.0,2.0
near_saturation,raw_least_count,34,12000,6031,1.9448287438199752,8.5094429712316,8.5094429712316,1.9996683800364394,0.0,0.010365029292474088,0.989719781130824,1.0,2.0
near_saturation,raw_least_count,35,12000,6031,1.9472248963909597,8.5094429712316,8.5094429712316,1.9996683800364394,0.0,0.010365029292474088,0.989719781130824,1.0,2.0
near_saturation,raw_least_count,36,12000,6031,1.9480069304424708,9.270370524070918,9.270370524070918,1.9996683800364394,0.0,0.012618296529968454,0.989719781130824,1.0,2.0
near_saturation,raw_least_count,37,12000,6031,1.9462239372584005,8.5094429712316,8.5094429712316,1.9996683800364394,0.0,0.00946372239747634,0.989719781130824,1.0,2.0
near_saturation,raw_least_count,38,12000,6031,1.9470172665624317,9.5094429712316,9.5094429712316,1.9996683800364394,0.0,0.010815682739972961,0.989719781130824,1.0,2.0
near_saturation,raw_least_count,39,12000,6031,1.9465087280924673,9.5094429712316,9.5094429712316,1.9996683800364394,0.0,0.00946372239747634,0.989719781130824,1.0,2.0
near_saturation,raw_least_count,40,12000,6031,1.9473515348144952,8.5094429712316,8.5094429712316,1.9996683800364394,0.0,0.010365029292474088,0.989719781130824,1.0,2.0
near_saturation,raw_least_count,41,12000,6031,1.9494616208477669,9.5094429712316,9.5094429712316,1.9996683800364394,0.0,0.01216764308246958,0.989719781130824,1.0,2.0
near_saturation,raw_least_count,42,12000,6031,1.9477083207366066,8.5094429712316,8.5094429712316,1.9996683800364394,0.0,0.012618296529968454,0.989719781130824,1.0,2.0
near_saturation,raw_least_count,43,12000,6031,1.9474647351316055,9.160760914461308,9.160760914461308,1.9996683800364394,0.0,0.009914375844975214,0.989719781130824,1.0,2.0
near_saturation,raw_least_count,44,12000,6031,1.9454641055264805,8.5094429712316,8.5094429712316,1.9996683800364394,0.0,0.010365029292474088,0.989719781130824,1.0,2.0
near_saturation,raw_least_count,45,12000,6031,1.9464115709893661,8.5094429712316,8.5094429712316,1.9996683800364394,0.0,0.011266336187471835,0.989719781130824,1.0,2.0
near_saturation,raw_least_count,46,12000,6031,1.948355071138108,9.5094429712316,9.5094429712316,1.9993367050778978,0.0,0.010815682739972961,0.989719781130824,1.0,2.0
near_saturation,raw_least_count,47,12000,6031,1.9461941183989877,8.5094429712316,8.5094429712316,1.9996683800364394,0.0,0.010815682739972961,0.989719781130824,1.0,2.0
near_saturation,me_qarr,0,12000,6031,0.28964859715463515,0.5182937601226634,0.48153831991557894,0.5182937601226634,0.0,0.0,0.4767036975625933,0.0,11.0
near_saturation,me_qarr,1,12000,6031,0.28964859715463515,0.5182937601226634,0.48153831991557894,0.5182937601226634,0.0,0.0,0.4767036975625933,0.0,11.0
near_saturation,me_qarr,2,12000,6031,0.28964859715463515,0.5182937601226634,0.48153831991557894,0.5182937601226634,0.0,0.0,0.4767036975625933,0.0,11.0
near_saturation,me_qarr,3,12000,6031,0.28964859715463515,0.5182937601226634,0.48153831991557894,0.5182937601226634,0.0,0.0,0.4767036975625933,0.0,11.0
near_saturation,me_qarr,4,12000,6031,0.28964859715463515,0.5182937601226634,0.48153831991557894,0.5182937601226634,0.0,0.0,0.4767036975625933,0.0,11.0
near_saturation,me_qarr,5,12000,6031,0.28964859715463515,0.5182937601226634,0.48153831991557894,0.5182937601226634,0.0,0.0,0.4767036975625933,0.0,11.0
near_saturation,me_qarr,6,12000,6031,0.28964859715463515,0.5182937601226634,0.48153831991557894,0.5182937601226634,0.0,0.0,0.4767036975625933,0.0,11.0
near_saturation,me_qarr,7,12000,6031,0.28964859715463515,0.5182937601226634,0.48153831991557894,0.5182937601226634,0.0,0.0,0.4767036975625933,0.0,11.0
near_saturation,me_qarr,8,12000,6031,0.28964859715463515,0.5182937601226634,0.48153831991557894,0.5182937601226634,0.0,0.0,0.4767036975625933,0.0,11.0
near_saturation,me_qarr,9,12000,6031,0.28964859715463515,0.5182937601226634,0.48153831991557894,0.5182937601226634,0.0,0.0,0.4767036975625933,0.0,11.0
near_saturation,me_qarr,10,12000,6031,0.28964859715463515,0.5182937601226634,0.48153831991557894,0.5182937601226634,0.0,0.0,0.4767036975625933,0.0,11.0
near_saturation,me_qarr,11,12000,6031,0.28964859715463515,0.5182937601226634,0.48153831991557894,0.5182937601226634,0.0,0.0,0.4767036975625933,0.0,11.0
near_saturation,me_qarr,12,12000,6031,0.28964859715463515,0.5182937601226634,0.48153831991557894,0.5182937601226634,0.0,0.0,0.4767036975625933,0.0,11.0
near_saturation,me_qarr,13,12000,6031,0.28964859715463515,0.5182937601226634,0.48153831991557894,0.5182937601226634,0.0,0.0,0.4767036975625933,0.0,11.0
near_saturation,me_qarr,14,12000,6031,0.28964859715463515,0.5182937601226634,0.48153831991557894,0.5182937601226634,0.0,0.0,0.4767036975625933,0.0,11.0
near_saturation,me_qarr,15,12000,6031,0.28964859715463515,0.5182937601226634,0.48153831991557894,0.5182937601226634,0.0,0.0,0.4767036975625933,0.0,11.0
near_saturation,me_qarr,16,12000,6031,0.28964859715463515,0.5182937601226634,0.48153831991557894,0.5182937601226634,0.0,0.0,0.4767036975625933,0.0,11.0
near_saturation,me_qarr,17,12000,6031,0.28964859715463515,0.5182937601226634,0.48153831991557894,0.5182937601226634,0.0,0.0,0.4767036975625933,0.0,11.0
near_saturation,me_qarr,18,12000,6031,0.28964859715463515,0.5182937601226634,0.48153831991557894,0.5182937601226634,0.0,0.0,0.4767036975625933,0.0,11.0
near_saturation,me_qarr,19,12000,6031,0.28964859715463515,0.5182937601226634,0.48153831991557894,0.5182937601226634,0.0,0.0,0.4767036975625933,0.0,11.0
near_saturation,me_qarr,20,12000,6031,0.28964859715463515,0.5182937601226634,0.48153831991557894,0.5182937601226634,0.0,0.0,0.4767036975625933,0.0,11.0
near_saturation,me_qarr,21,12000,6031,0.28964859715463515,0.5182937601226634,0.48153831991557894,0.5182937601226634,0.0,0.0,0.4767036975625933,0.0,11.0
near_saturation,me_qarr,22,12000,6031,0.28964859715463515,0.5182937601226634,0.48153831991557894,0.5182937601226634,0.0,0.0,0.4767036975625933,0.0,11.0
near_saturation,me_qarr,23,12000,6031,0.28964859715463515,0.5182937601226634,0.48153831991557894,0.5182937601226634,0.0,0.0,0.4767036975625933,0.0,11.0
near_saturation,me_qarr,24,12000,6031,0.28964859715463515,0.5182937601226634,0.48153831991557894,0.5182937601226634,0.0,0.0,0.4767036975625933,0.0,11.0
near_saturation,me_qarr,25,12000,6031,0.28964859715463515,0.5182937601226634,0.48153831991557894,0.5182937601226634,0.0,0.0,0.4767036975625933,0.0,11.0
near_saturation,me_qarr,26,12000,6031,0.28964859715463515,0.5182937601226634,0.48153831991557894,0.5182937601226634,0.0,0.0,0.4767036975625933,0.0,11.0
near_saturation,me_qarr,27,12000,6031,0.28964859715463515,0.5182937601226634,0.48153831991557894,0.5182937601226634,0.0,0.0,0.4767036975625933,0.0,11.0
near_saturation,me_qarr,28,12000,6031,0.28964859715463515,0.5182937601226634,0.48153831991557894,0.5182937601226634,0.0,0.0,0.4767036975625933,0.0,11.0
near_saturation,me_qarr,29,12000,6031,0.28964859715463515,0.5182937601226634,0.48153831991557894,0.5182937601226634,0.0,0.0,0.4767036975625933,0.0,11.0
near_saturation,me_qarr,30,12000,6031,0.28964859715463515,0.5182937601226634,0.48153831991557894,0.5182937601226634,0.0,0.0,0.4767036975625933,0.0,11.0
near_saturation,me_qarr,31,12000,6031,0.28964859715463515,0.5182937601226634,0.48153831991557894,0.5182937601226634,0.0,0.0,0.4767036975625933,0.0,11.0
near_saturation,me_qarr,32,12000,6031,0.28964859715463515,0.5182937601226634,0.48153831991557894,0.5182937601226634,0.0,0.0,0.4767036975625933,0.0,11.0
near_saturation,me_qarr,33,12000,6031,0.28964859715463515,0.5182937601226634,0.48153831991557894,0.5182937601226634,0.0,0.0,0.4767036975625933,0.0,11.0
near_saturation,me_qarr,34,12000,6031,0.28964859715463515,0.5182937601226634,0.48153831991557894,0.5182937601226634,0.0,0.0,0.4767036975625933,0.0,11.0
near_saturation,me_qarr,35,12000,6031,0.28964859715463515,0.5182937601226634,0.48153831991557894,0.5182937601226634,0.0,0.0,0.4767036975625933,0.0,11.0
near_saturation,me_qarr,36,12000,6031,0.28964859715463515,0.5182937601226634,0.48153831991557894,0.5182937601226634,0.0,0.0,0.4767036975625933,0.0,11.0
near_saturation,me_qarr,37,12000,6031,0.28964859715463515,0.5182937601226634,0.48153831991557894,0.5182937601226634,0.0,0.0,0.4767036975625933,0.0,11.0
near_saturation,me_qarr,38,12000,6031,0.28964859715463515,0.5182937601226634,0.48153831991557894,0.5182937601226634,0.0,0.0,0.4767036975625933,0.0,11.0
near_saturation,me_qarr,39,12000,6031,0.28964859715463515,0.5182937601226634,0.48153831991557894,0.5182937601226634,0.0,0.0,0.4767036975625933,0.0,11.0
near_saturation,me_qarr,40,12000,6031,0.28964859715463515,0.5182937601226634,0.48153831991557894,0.5182937601226634,0.0,0.0,0.4767036975625933,0.0,11.0
near_saturation,me_qarr,41,12000,6031,0.28964859715463515,0.5182937601226634,0.48153831991557894,0.5182937601226634,0.0,0.0,0.4767036975625933,0.0,11.0
near_saturation,me_qarr,42,12000,6031,0.28964859715463515,0.5182937601226634,0.48153831991557894,0.5182937601226634,0.0,0.0,0.4767036975625933,0.0,11.0
near_saturation,me_qarr,43,12000,6031,0.28964859715463515,0.5182937601226634,0.48153831991557894,0.5182937601226634,0.0,0.0,0.4767036975625933,0.0,11.0
near_saturation,me_qarr,44,12000,6031,0.28964859715463515,0.5182937601226634,0.48153831991557894,0.5182937601226634,0.0,0.0,0.4767036975625933,0.0,11.0
near_saturation,me_qarr,45,12000,6031,0.28964859715463515,0.5182937601226634,0.48153831991557894,0.5182937601226634,0.0,0.0,0.4767036975625933,0.0,11.0
near_saturation,me_qarr,46,12000,6031,0.28964859715463515,0.5182937601226634,0.48153831991557894,0.5182937601226634,0.0,0.0,0.4767036975625933,0.0,11.0
near_saturation,me_qarr,47,12000,6031,0.28964859715463515,0.5182937601226634,0.48153831991557894,0.5182937601226634,0.0,0.0,0.4767036975625933,0.0,11.0
near_saturation,me_bds_C2,0,12000,6031,0.35738923822826396,1.036410995258473,0.9633898464598936,1.036410995258473,0.0,0.0,0.4775327474713978,0.0,11.0
near_saturation,me_bds_C2,1,12000,6031,0.34016071958171773,1.0850365844857812,1.0850365844857812,0.8940295153004492,0.0005467468562055768,0.0004506534474988734,0.4757088376720279,0.0,11.0
near_saturation,me_bds_C2,2,12000,6031,0.3490609851554376,1.2909041902865646,1.2909041902865646,0.7085113592235714,0.0032804811372334607,0.006309148264984227,0.47454816779970155,0.0,11.0
near_saturation,me_bds_C2,3,12000,6031,0.31548898220960286,1.4313983318349415,1.4313983318349415,0.5682911557480494,0.004920721705850191,0.0018026137899954935,0.47786436743491956,0.0,11.0
near_saturation,me_bds_C2,4,12000,6031,0.31243550146312465,1.4286869265989814,1.4286869265989814,0.5711694457083709,0.0010934937124111536,0.0009013068949977468,0.47703531752611505,0.0,11.0
near_saturation,me_bds_C2,5,12000,6031,0.39340846103018695,1.2824315426295385,1.2824315426295385,0.7174183182841958,0.010114816839803172,0.00946372239747634,0.47355330790913613,0.0,11.0
near_saturation,me_bds_C2,6,12000,6031,0.5082063091549298,1.2002596755607238,1.2002596755607238,0.7996236456035852,0.028157463094587207,0.029743127534925643,0.48350190681479027,0.0,11.0
near_saturation,me_bds_C2,7,12000,6031,0.3722355034119486,1.277421455685558,1.277421455685558,0.7222741966323625,0.0030071077091306723,0.003605227579990987,0.47637207759907146,0.0,11.0
near_saturation,me_bds_C2,8,12000,6031,0.3182440888919898,1.3154429250272486,1.3154429250272486,0.6787523561695217,0.001366867140513942,0.0018026137899954935,0.4781959873984414,0.0,11.0
near_saturation,me_bds_C2,9,12000,6031,0.348917022927443,1.08190487434522,1.08190487434522,0.9167181028208056,0.0002733734281027884,0.0,0.4773669374896369,0.0,11.0
near_saturation,me_bds_C2,10,12000,6031,0.33029483990339864,1.3237816156755002,1.3237816156755002,0.676024905921043,0.0002733734281027884,0.0,0.4767036975625933,0.0,11.0
near_saturation,me_bds_C2,11,12000,6031,0.3491971125657595,1.362069611388371,1.362069611388371,0.635307867361135,0.0010934937124111536,0.0018026137899954935,0.4758746476537888,0.0,11.0
near_saturation,me_bds_C2,12,12000,6031,0.32504772091300493,1.3768141344295888,1.3768141344295888,0.62308354338386,0.0002733734281027884,0.0004506534474988734,0.4773669374896369,0.0,11.0
near_saturation,me_bds_C2,13,12000,6031,0.2988198099635021,1.4188856103742475,1.4188856103742475,0.5809135514204362,0.0010934937124111536,0.0018026137899954935,0.47720112750787597,0.0,11.0
near_saturation,me_bds_C2,14,12000,6031,0.34447720016210576,1.1751754532866663,1.1751754532866663,0.8240978343907193,0.001366867140513942,0.0013519603424966202,0.4793566572707677,0.0,11.0
near_saturation,me_bds_C2,15,12000,6031,0.36889977391074613,1.138921543923849,1.138921543923849,0.8594624668528192,0.0002733734281027884,0.0,0.47786436743491956,0.0,11.0
near_saturation,me_bds_C2,16,12000,6031,0.3967935385083665,1.0560911684837535,1.0560911684837535,0.9437714603099225,0.0,0.0004506534474988734,0.48068313712485494,0.0,11.0
near_saturation,me_bds_C2,17,12000,6031,0.2962376338870642,1.3804998880978054,1.3804998880978054,0.6155285733174694,0.0005467468562055768,0.0,0.4783617973802023,0.0,11.0
near_saturation,me_bds_C2,18,12000,6031,0.38107144777111585,1.3287900894382467,1.3287900894382467,0.6705588215208564,0.0062875888463641335,0.004506534474988734,0.47803017741668047,0.0,11.0
near_saturation,me_bds_C2,19,12000,6031,0.3166013838426368,1.33837477209239,1.33837477209239,0.6615462671136179,0.0,0.0004506534474988734,0.47803017741668047,0.0,11.0
near_saturation,me_bds_C2,20,12000,6031,0.33584999451237757,1.3869995321980504,1.3869995321980504,0.6126469918888731,0.003553854565336249,0.0009013068949977468,0.47786436743491956,0.0,11.0
near_saturation,me_bds_C2,21,12000,6031,0.4223542940590262,1.0012305869871447,1.0012305869871447,0.998100937126229,0.0,0.0004506534474988734,0.48333609683302936,0.0,11.0
near_saturation,me_bds_C2,22,12000,6031,0.29203039029179967,1.4730463198621848,1.4730463198621848,0.5267906873533121,0.0,0.0009013068949977468,0.47720112750787597,0.0,11.0
near_saturation,me_bds_C2,23,12000,6031,0.3575241656712686,1.3340925776862633,1.3340925776862633,0.6658907586156495,0.0024603608529250955,0.0009013068949977468,0.47686950754435414,0.0,11.0
near_saturation,me_bds_C2,24,12000,6031,0.35737545703192425,1.259892565819829,1.259892565819829,0.7397233352375245,0.004373974849644614,0.0027039206849932404,0.47637207759907146,0.0,11.0
near_saturation,me_bds_C2,25,12000,6031,0.3109326102642013,1.298234406004827,1.298234406004827,0.7011308748583893,0.001366867140513942,0.0,0.47720112750787597,0.0,11.0
near_saturation,me_bds_C2,26,12000,6031,0.2991328541563933,1.2163641042422517,1.2163641042422517,0.7808424360160124,0.0,0.0004506534474988734,0.47720112750787597,0.0,11.0
near_saturation,me_bds_C2,27,12000,6031,0.41399810595473463,1.274751032626992,1.274751032626992,0.7251097074058848,0.0024603608529250955,0.0004506534474988734,0.4757088376720279,0.0,11.0
near_saturation,me_bds_C2,28,12000,6031,0.39214123266554946,1.0390930775095626,0.9566356521151747,1.0390930775095626,0.0,0.0,0.4800198971978113,0.0,11.0
near_saturation,me_bds_C2,29,12000,6031,0.39595395285873186,1.3231175351404838,1.3231175351404838,0.6768610578463523,0.012301804264625479,0.00946372239747634,0.47786436743491956,0.0,11.0
near_saturation,me_bds_C2,30,12000,6031,0.3671037124416693,1.2630078312220014,1.2630078312220014,0.7366996173881404,0.0016402405686167304,0.003605227579990987,0.4798540872160504,0.0,11.0
near_saturation,me_bds_C2,31,12000,6031,0.3345429327573009,1.3952059182707748,1.3952059182707748,0.6045816518198066,0.0024603608529250955,0.0027039206849932404,0.47487978776322337,0.0,11.0
near_saturation,me_bds_C2,32,12000,6031,0.3192985724043587,1.4133961288113328,1.4133961288113328,0.5865756414561716,0.0008201202843083652,0.0009013068949977468,0.47803017741668047,0.0,11.0
near_saturation,me_bds_C2,33,12000,6031,0.3779891333874604,1.1221766215888174,1.1221766215888174,0.8772421520235056,0.0010934937124111536,0.0009013068949977468,0.47521140772674514,0.0,11.0
near_saturation,me_bds_C2,34,12000,6031,0.34909742158953744,1.142278744883928,1.142278744883928,0.8352253484429539,0.00683433570256971,0.005858494817485353,0.4811805670701376,0.0,11.0
near_saturation,me_bds_C2,35,12000,6031,0.40576400470812846,1.2308438477287744,1.2308438477287744,0.7667002809151562,0.0005467468562055768,0.0009013068949977468,0.4757088376720279,0.0,11.0
near_saturation,me_bds_C2,36,12000,6031,0.386230297184514,1.0565512086321611,0.9387204373300575,1.0565512086321611,0.0,0.0,0.48134637705189853,0.0,11.0
near_saturation,me_bds_C2,37,12000,6031,0.4420325551584546,1.171105801652847,1.171105801652847,0.8283723210170173,0.0008201202843083652,0.0009013068949977468,0.47438235781794064,0.0,11.0
near_saturation,me_bds_C2,38,12000,6031,0.38046482278482197,1.0422343003661858,1.0422343003661858,0.9570134430926416,0.0005467468562055768,0.0004506534474988734,0.4816779970154203,0.0,11.0
near_saturation,me_bds_C2,39,12000,6031,0.3083030055609119,1.3843706780583185,1.3843706780583185,0.6134517399102926,0.0,0.0009013068949977468,0.47786436743491956,0.0,11.0
near_saturation,me_bds_C2,40,12000,6031,0.3952431246277428,1.4110023689780755,0.5887276539776174,1.4110023689780755,0.0,0.0,0.48482838666887745,0.0,11.0
near_saturation,me_bds_C2,41,12000,6031,0.38978381448419197,1.093328580893541,1.093328580893541,0.9055254514565299,0.0002733734281027884,0.0,0.4773669374896369,0.0,11.0
near_saturation,me_bds_C2,42,12000,6031,0.33273351171378146,1.3652424511599754,1.3652424511599754,0.6346604219772942,0.0010934937124111536,0.0013519603424966202,0.4801857071795722,0.0,11.0
near_saturation,me_bds_C2,43,12000,6031,0.3050014976050059,1.3979674782479599,1.3979674782479599,0.6015657507764445,0.0002733734281027884,0.0018026137899954935,0.4775327474713978,0.0,11.0
near_saturation,me_bds_C2,44,12000,6031,0.3122368752648156,1.3712635201246712,1.3712635201246712,0.6273172547577,0.0002733734281027884,0.0,0.47604045763554964,0.0,11.0
near_saturation,me_bds_C2,45,12000,6031,0.3433945031964987,1.2588455935296032,1.2588455935296032,0.7407299053908787,0.0,0.0009013068949977468,0.47686950754435414,0.0,11.0
near_saturation,me_bds_C2,46,12000,6031,0.35799406558637803,1.3153372808283192,1.3153372808283192,0.6845570749727514,0.0030071077091306723,0.0018026137899954935,0.47686950754435414,0.0,11.0
near_saturation,me_bds_C2,47,12000,6031,0.40274032866085735,1.2452446416501095,1.2452446416501095,0.7543988478898171,0.011755057408419901,0.006309148264984227,0.4783617973802023,0.0,11.0
near_saturation,me_bds_C3,0,12000,6031,0.3342759020721535,2.404198049995622,2.404198049995622,0.5957196566212124,0.006014215418261345,0.004506534474988734,0.4786934173437241,0.0,11.0
near_saturation,me_bds_C3,1,12000,6031,0.4638357107653585,1.8515540959154597,1.8515540959154597,1.1450677606229078,0.0016402405686167304,0.00405588102748986,0.4859890565412038,0.0,11.0
near_saturation,me_bds_C3,2,12000,6031,0.4514010855625241,2.1629623718845474,2.1629623718845474,0.8370248806811524,0.026790595954073265,0.023884632717440287,0.4758746476537888,0.0,11.0
near_saturation,me_bds_C3,3,12000,6031,0.4976163625332529,1.91819812984836,1.91819812984836,1.077438252795381,0.00683433570256971,0.007210455159981974,0.4800198971978113,0.0,11.0
near_saturation,me_bds_C3,4,12000,6031,0.3944176075306001,2.325803941645554,2.325803941645554,0.674000620479112,0.004647348277747403,0.004957187922487607,0.4757088376720279,0.0,11.0
near_saturation,me_bds_C3,5,12000,6031,0.4564002098407231,2.218544204922922,2.218544204922922,0.7808424360160124,0.023783488244942592,0.020730058584948176,0.4790250373072459,0.0,11.0
near_saturation,me_bds_C3,6,12000,6031,0.46000744538301347,2.3059131309221774,2.3059131309221774,0.6938804344570713,0.030344450519409514,0.031545741324921134,0.4818438069971812,0.0,11.0
near_saturation,me_bds_C3,7,12000,6031,0.3606158023624365,1.6285219554046764,1.6285219554046764,1.3667918519530602,0.008747949699289229,0.005858494817485353,0.47803017741668047,0.0,11.0
near_saturation,me_bds_C3,8,12000,6031,0.6255449471079978,1.719516047779103,1.719516047779103,1.2793713815070014,0.0519409513395298,0.051825146462370436,0.4861548665229647,0.0,11.0
near_saturation,me_bds_C3,9,12000,6031,0.4229778328916796,1.8030402761166933,1.8030402761166933,1.1917120491950977,0.0024603608529250955,0.0004506534474988734,0.4854916265959211,0.0,11.0
near_saturation,me_bds_C3,10,12000,6031,0.5353841647597231,2.028903637786816,2.028903637786816,0.9709400293190216,0.009021323127392018,0.010815682739972961,0.4876471563588128,0.0,11.0
near_saturation,me_bds_C3,11,12000,6031,0.5442489668146292,1.9578113729817828,1.9578113729817828,1.04176549203211,0.00519409513395298,0.0076611086074808476,0.48134637705189853,0.0,11.0
near_saturation,me_bds_C3,12,12000,6031,0.5625413810144269,2.0638855165092638,2.0638855165092638,0.935829414354191,0.048933843630399126,0.04281207751239297,0.4820096169789421,0.0,11.0
near_saturation,me_bds_C3,13,12000,6031,0.4965255707047044,2.10418133708398,2.10418133708398,0.8957581238662833,0.022963367960634227,0.019378098242451555,0.48416514674183386,0.0,11.0
near_saturation,me_bds_C3,14,12000,6031,0.31185298628054875,2.4650691015250246,2.4650691015250246,0.5343952591770744,0.002733734281027884,0.004506534474988734,0.47554302769026696,0.0,11.0
near_saturation,me_bds_C3,15,12000,6031,0.3654687880343754,2.346903037065103,2.346903037065103,0.6530667769666145,0.0062875888463641335,0.00811176205497972,0.47289006798209254,0.0,11.0
near_saturation,me_bds_C3,16,12000,6031,0.3415367735667685,2.220236318148377,2.220236318148377,0.7716090116733696,0.002733734281027884,0.0027039206849932404,0.4776985574531587,0.0,11.0
near_saturation,me_bds_C3,17,12000,6031,0.39669471249004984,1.8762445373730259,1.8762445373730259,1.1230838993180008,0.0038272279934390375,0.003605227579990987,0.48051732714309403,0.0,11.0
near_saturation,me_bds_C3,18,12000,6031,0.5099666658372111,2.033966029663336,2.033966029663336,0.9659618071050611,0.023783488244942592,0.028841820639927896,0.4811805670701376,0.0,11.0
near_saturation,me_bds_C3,19,12000,6031,0.540953734720496,2.0321332689714993,2.0321332689714993,0.9635434835053358,0.04155276107162384,0.0423614240648941,0.48300447686950754,0.0,11.0
near_saturation,me_bds_C3,20,12000,6031,0.4029273322595417,2.346678227812938,2.346678227812938,0.6532817925704713,0.012301804264625479,0.011266336187471835,0.47803017741668047,0.0,11.0
near_saturation,me_bds_C3,21,12000,6031,0.4135545058048775,2.0449980041196056,2.0449980041196056,0.9526009539571509,0.004373974849644614,0.0076611086074808476,0.4776985574531587,0.0,11.0
near_saturation,me_bds_C3,22,12000,6031,0.37544593717499464,2.287691054002848,2.287691054002848,0.7122208102785734,0.00683433570256971,0.008562415502478594,0.4781959873984414,0.0,11.0
near_saturation,me_bds_C3,23,12000,6031,0.40610205080645867,2.2138466822472855,2.2138466822472855,0.7847684250446507,0.008201202843083653,0.010365029292474088,0.4776985574531587,0.0,11.0
near_saturation,me_bds_C3,24,12000,6031,0.4742957081384546,1.9943347272819105,1.9943347272819105,1.005574250198638,0.004373974849644614,0.0067598017124831005,0.4776985574531587,0.0,11.0
near_saturation,me_bds_C3,25,12000,6031,0.5060000265869917,2.120332665819861,2.120332665819861,0.879382754946139,0.02433023510114817,0.022082018927444796,0.4775327474713978,0.0,11.0
near_saturation,me_bds_C3,26,12000,6031,0.3880744086175244,2.3793576016928917,2.3793576016928917,0.6203722712321431,0.014215418261344996,0.01757548445245606,0.47487978776322337,0.0,11.0
near_saturation,me_bds_C3,27,12000,6031,0.5537728184154334,1.9075330375074477,1.9075330375074477,1.0921578801844625,0.025150355385456534,0.025236593059936908,0.49129497595755267,0.0,11.0
near_saturation,me_bds_C3,28,12000,6031,0.3798836775004052,2.3433781969116447,2.3433781969116447,0.6560404136885509,0.012301804264625479,0.008562415502478594,0.47487978776322337,0.0,11.0
near_saturation,me_bds_C3,29,12000,6031,0.3159189143611663,2.187293570878146,2.187293570878146,0.8126985571482201,0.0,0.005407841369986481,0.47521140772674514,0.0,11.0
near_saturation,me_bds_C3,30,12000,6031,0.42055799241762826,1.903269064492572,1.903269064492572,1.093878680436159,0.0024603608529250955,0.004957187922487607,0.47637207759907146,0.0,11.0
near_saturation,me_bds_C3,31,12000,6031,0.34981638189003994,2.3387730894730163,2.3387730894730163,0.6601547554211704,0.003553854565336249,0.00405588102748986,0.4750455977449842,0.0,11.0
near_saturation,me_bds_C3,32,12000,6031,0.45229018642351276,2.242498121006612,2.242498121006612,0.7574638113698313,0.019682886823400764,0.01982875168995043,0.47355330790913613,0.0,11.0
near_saturation,me_bds_C3,33,12000,6031,0.4415438769857044,2.190560210867475,2.190560210867475,0.8092486106827259,0.01038819026790596,0.00811176205497972,0.47438235781794064,0.0,11.0
near_saturation,me_bds_C3,34,12000,6031,0.6005333910878038,1.64155244427561,1.64155244427561,1.3570137205189532,0.022689994532531437,0.027489860297431275,0.48831039628585643,0.0,11.0
near_saturation,me_bds_C3,35,12000,6031,0.4793428727891716,2.074221240899364,2.074221240899364,0.9256835474117091,0.01530891197375615,0.022082018927444796,0.47637207759907146,0.0,11.0
near_saturation,me_bds_C3,36,12000,6031,0.5049850141335697,1.9752445587688925,1.9752445587688925,1.0246510656628063,0.024876981957353744,0.01982875168995043,0.4800198971978113,0.0,11.0
near_saturation,me_bds_C3,37,12000,6031,0.3622043442869155,2.035994607651718,2.035994607651718,0.9635258421400614,0.002186987424822307,0.004506534474988734,0.47487978776322337,0.0,11.0
near_saturation,me_bds_C3,38,12000,6031,0.3938480102021712,2.3426494196238323,2.3426494196238323,0.6572215160812682,0.0019136139967195188,0.004506534474988734,0.47803017741668047,0.0,11.0
near_saturation,me_bds_C3,39,12000,6031,0.36567038162922055,2.3003085961155065,2.3003085961155065,0.6992832356033887,0.0019136139967195188,0.0031545741324921135,0.47703531752611505,0.0,11.0
near_saturation,me_bds_C3,40,12000,6031,0.5729672185268594,1.5641569612433086,1.5641569612433086,1.4303009717053072,0.005740841990158557,0.005858494817485353,0.49179240590283535,0.0,11.0
near_saturation,me_bds_C3,41,12000,6031,0.5811868035439938,1.9268692900544977,1.9268692900544977,1.0722615226356353,0.0448332422088573,0.05002253267237494,0.4881445863040955,0.0,11.0
near_saturation,me_bds_C3,42,12000,6031,0.4728433700527052,2.23437422069917,2.23437422069917,0.7656148787477228,0.025423728813559324,0.02794051374493015,0.4795224672525286,0.0,11.0
near_saturation,me_bds_C3,43,12000,6031,0.42254482816373723,2.129236085516859,2.129236085516859,0.8706115562260051,0.002186987424822307,0.0013519603424966202,0.4767036975625933,0.0,11.0
near_saturation,me_bds_C3,44,12000,6031,0.3096807643929731,1.5605748708399014,1.5605748708399014,1.3928824191912597,0.0,0.0013519603424966202,0.4767036975625933,0.0,11.0
near_saturation,me_bds_C3,45,12000,6031,0.3736461475514643,1.811935315594483,1.811935315594483,1.1879543874683023,0.0024603608529250955,0.0013519603424966202,0.48068313712485494,0.0,11.0
near_saturation,me_bds_C3,46,12000,6031,0.4836105964832786,2.2112001583885714,2.2112001583885714,0.788228650649895,0.03198469108802624,0.03515096890491212,0.47686950754435414,0.0,11.0
near_saturation,me_bds_C3,47,12000,6031,0.4653242277865447,2.2945252017218207,2.2945252017218207,0.7054400466033286,0.02733734281027884,0.030193780982424517,0.4798540872160504,0.0,11.0
near_saturation,me_bds_C4,0,12000,6031,0.6110180682647036,2.37717965955962,2.37717965955962,1.6214829276447098,0.009841443411700382,0.011716989634970707,0.4946111755927707,0.0,12.0
near_saturation,me_bds_C4,1,12000,6031,0.43813622782307937,3.329110348555611,3.329110348555611,0.6706949635919921,0.019409513395297978,0.027489860297431275,0.47720112750787597,0.0,11.0
near_saturation,me_bds_C4,2,12000,6031,0.46588113054795005,2.8468382796803544,2.8468382796803544,1.1498252144293675,0.009021323127392018,0.013519603424966201,0.4851600066323993,0.0,11.0
near_saturation,me_bds_C4,3,12000,6031,0.38393772411755317,3.4042803433787876,3.4042803433787876,0.595672049184266,0.013121924548933843,0.013970256872465074,0.47786436743491956,0.0,11.0
near_saturation,me_bds_C4,4,12000,6031,0.4465225130076455,3.317366274080366,3.317366274080366,0.6819950250045679,0.01366867140513942,0.02118071203244705,0.47487978776322337,0.0,11.0
near_saturation,me_bds_C4,5,12000,6031,0.42528696427196483,3.28892010237137,3.28892010237137,0.7108117524539388,0.009568069983597594,0.01622352410995944,0.4775327474713978,0.0,11.0
near_saturation,me_bds_C4,6,12000,6031,0.5376296416381867,3.1074015546931015,3.1074015546931015,0.8918706644860599,0.03389830508474576,0.039206849932401984,0.4803515171613331,0.0,11.0
near_saturation,me_bds_C4,7,12000,6031,0.4340587098536349,3.362874726931534,3.362874726931534,0.6370472944556091,0.019409513395297978,0.023433979269941414,0.4733874979273752,0.0,11.0
near_saturation,me_bds_C4,8,12000,6031,0.381280308240349,3.4091485450451264,3.4091485450451264,0.5907954847612551,0.008747949699289229,0.014871563767462822,0.4767036975625933,0.0,11.0
near_saturation,me_bds_C4,9,12000,6031,0.4330501630639104,3.337568462547721,3.337568462547721,0.6620270654310474,0.015855658829961726,0.029743127534925643,0.47521140772674514,0.0,11.0
near_saturation,me_bds_C4,10,12000,6031,0.44385622275069825,3.3135981503935374,3.3135981503935374,0.6857487679077465,0.018042646254784037,0.024785939612438034,0.4783617973802023,0.0,11.0
near_saturation,me_bds_C4,11,12000,6031,0.5777943519518247,2.814348556865508,2.814348556865508,1.1848375077508564,0.03444505194095134,0.043262730959891846,0.4844967667053557,0.0,11.0
near_saturation,me_bds_C4,12,12000,6031,0.5859806055235328,2.864485663935697,2.864485663935697,1.134361642839103,0.047840349917987975,0.04416403785488959,0.48996849610346543,0.0,11.0
near_saturation,me_bds_C4,13,12000,6031,0.48983388469583333,3.146904478375558,3.146904478375558,0.852676848486901,0.0065609622744669215,0.01216764308246958,0.4795224672525286,0.0,11.0
near_saturation,me_bds_C4,14,12000,6031,0.6181845682501688,2.8700908327439905,2.8700908327439905,1.1290350072607653,0.02733734281027884,0.027039206849932402,0.48665229646824737,0.0,11.0
near_saturation,me_bds_C4,15,12000,6031,0.5539185853512082,2.828234216718097,2.828234216718097,1.0753784204261807,0.03444505194095134,0.04100946372239748,0.48217542696070304,0.0,11.0
near_saturation,me_bds_C4,16,12000,6031,0.5480399057012524,3.16004384939347,3.16004384939347,0.8392390855386918,0.035538545653362494,0.034249662009914375,0.47968827723428953,0.0,11.0
near_saturation,me_bds_C4,17,12000,6031,0.5244775925168567,3.10812933551394,3.10812933551394,0.8916721194247081,0.012575177692728267,0.020730058584948176,0.48151218703365944,0.0,11.0
near_saturation,me_bds_C4,18,12000,6031,0.6119809786906242,2.7402083215246558,2.7402083215246558,1.259681163330999,0.01913613996719519,0.027489860297431275,0.4937821256839662,0.0,11.0
near_saturation,me_bds_C4,19,12000,6031,0.6180767934089613,2.7089322855508353,2.7089322855508353,1.2676243924291866,0.046473482777474026,0.058134294727354666,0.48151218703365944,0.0,11.0
near_saturation,me_bds_C4,20,12000,6031,0.6528672986738459,2.520419994984114,2.520419994984114,1.4790977033466888,0.05084745762711865,0.05272645335736818,0.49112916597579176,0.0,11.0
near_saturation,me_bds_C4,21,12000,6031,0.6872205843813721,2.926702497027125,2.926702497027125,1.0729983424723786,0.05850191361399672,0.07886435331230283,0.48565743657768196,0.0,11.0
near_saturation,me_bds_C4,22,12000,6031,0.5619613445398824,2.8653997719814432,2.8653997719814432,1.1322103472127125,0.03335155822854018,0.03875619648490311,0.4861548665229647,0.0,11.0
near_saturation,me_bds_C4,23,12000,6031,0.48960305412841043,2.6384199029123687,2.6384199029123687,1.3600274712890332,0.0038272279934390375,0.00811176205497972,0.48665229646824737,0.0,11.0
near_saturation,me_bds_C4,24,12000,6031,0.3867709296541514,3.3874976250883373,3.3874976250883373,0.6122129227210813,0.009021323127392018,0.011266336187471835,0.4725584480185707,0.0,11.0
near_saturation,me_bds_C4,25,12000,6031,0.6089956963077228,2.7733681476919623,2.7733681476919623,1.2262744318279495,0.02214324767632586,0.03199639477242001,0.4861548665229647,0.0,11.0
near_saturation,me_bds_C4,26,12000,6031,0.30474052416304864,2.4878454607097407,2.4878454607097407,1.490445112971333,0.0002733734281027884,0.0,0.4775327474713978,0.0,11.0
near_saturation,me_bds_C4,27,12000,6031,0.5548541301568706,2.8960831770050506,2.8960831770050506,1.103316707244069,0.011481683980317113,0.00946372239747634,0.48499419665063837,0.0,11.0
near_saturation,me_bds_C4,28,12000,6031,0.33869872698190506,3.154917309177711,3.154917309177711,0.8449236432829146,0.0024603608529250955,0.00405588102748986,0.47620626761731055,0.0,11.0
near_saturation,me_bds_C4,29,12000,6031,0.59929832347084,2.4601778266365075,2.4601778266365075,1.5392781095114962,0.03608529250956807,0.04596665164488508,0.48416514674183386,0.0,12.0
near_saturation,me_bds_C4,30,12000,6031,0.46567499299472415,2.6832912599098098,2.6832912599098098,1.315877248937074,0.01694915254237288,0.018026137899954935,0.48317028685126845,0.0,11.0
near_saturation,me_bds_C4,31,12000,6031,0.4420924718573484,3.004353050603833,3.004353050603833,0.9935440276172178,0.010114816839803172,0.019378098242451555,0.47720112750787597,0.0,11.0
near_saturation,me_bds_C4,32,12000,6031,0.6957559465577824,2.7145532420963,2.7145532420963,1.28406897609052,0.055768179332968834,0.06579540333483551,0.49527441551981427,0.0,11.0
near_saturation,me_bds_C4,33,12000,6031,0.4963103952307948,3.0191405467824,3.0191405467824,0.9806492440739305,0.004920721705850191,0.010815682739972961,0.4793566572707677,0.0,11.0
near_saturation,me_bds_C4,34,12000,6031,0.5912472676292577,3.047399046042849,3.047399046042849,0.9522344678125805,0.02925095680699836,0.03785488958990536,0.48250704692422486,0.0,11.0
near_saturation,me_bds_C4,35,12000,6031,0.426717675410631,2.3924759867425784,2.3924759867425784,1.5928729922714915,0.010661563696008748,0.015772870662460567,0.47604045763554964,0.0,12.0
near_saturation,me_bds_C4,36,12000,6031,0.6282468844286627,2.495237738394306,2.495237738394306,1.5034726040596986,0.045106615636960085,0.05272645335736818,0.48466257668711654,0.0,12.0
near_saturation,me_bds_C4,37,12000,6031,0.5947921625481277,3.107650552992374,3.107650552992374,0.8916721194247081,0.04073264078731547,0.04596665164488508,0.4816779970154203,0.0,11.0
near_saturation,me_bds_C4,38,12000,6031,0.4562164815372365,3.3002110610260997,3.3002110610260997,0.6992255079471867,0.019956260251503554,0.023884632717440287,0.4781959873984414,0.0,11.0
near_saturation,me_bds_C4,39,12000,6031,0.33508970918715547,3.4372934702685134,3.4372934702685134,0.5625221191115379,0.004920721705850191,0.004957187922487607,0.4791908472890068,0.0,11.0
near_saturation,me_bds_C4,40,12000,6031,0.5469174709475902,2.7902155523408476,2.7902155523408476,1.209113257732188,0.02733734281027884,0.03064443442992339,0.4810147570883767,0.0,11.0
near_saturation,me_bds_C4,41,12000,6031,0.5021526744494559,3.228515143156801,3.228515143156801,0.7711993946459224,0.0259704756697649,0.03605227579990987,0.47803017741668047,0.0,11.0
near_saturation,me_bds_C4,42,12000,6031,0.5368428012311581,3.225185970711764,3.225185970711764,0.7747258959192038,0.035265172225259704,0.03470031545741325,0.47454816779970155,0.0,11.0
near_saturation,me_bds_C4,43,12000,6031,0.3613048686295559,2.5728600756228595,2.5728600756228595,1.044246182099993,0.00519409513395298,0.00811176205497972,0.4758746476537888,0.0,11.0
near_saturation,me_bds_C4,44,12000,6031,0.6164352091149826,2.9960057013155064,2.9960057013155064,1.0025106191592714,0.04620010934937124,0.051825146462370436,0.4843309567235948,0.0,11.0
near_saturation,me_bds_C4,45,12000,6031,0.5560394024498612,2.59061999536105,2.59061999536105,1.409109688555663,0.011755057408419901,0.018476791347453808,0.4959376554468579,0.0,11.0
near_saturation,me_bds_C4,46,12000,6031,0.460277255234235,2.537694391134801,2.537694391134801,1.459642297086443,0.0065609622744669215,0.0076611086074808476,0.487315536395291,0.0,11.0
near_saturation,me_bds_C4,47,12000,6031,0.44323190966611775,3.2135773152365728,3.2135773152365728,0.7863846527372864,0.016402405686167305,0.01892744479495268,0.4776985574531587,0.0,11.0
