dataset,scene,target_frame,crop_rank,arm,checkpoint,prefix_frame,first_supported_frame,first_supported_sensor_time,prefix_sensor_time,sensor_seconds_since_supported_observation,training_renders,png_roi_psnr_db,crop,prediction,prediction_sha256,gt,gt_sha256,checkpoint_summary_sha256
rpng,table_01,1430,0,vanilla,snapshot_01,631,586,1662915750.904477,1662915752.413163,1.5086860656738281,3613,16.400669068919157,"[256, 172, 461, 286]",/home/intern/gs_floaterLab/results/campaigns/gain_attribution/cvpr_assets/fixed_work_v1/render40/rpng/table_01/vanilla/curve_evaluation/snapshot_01/images/001430_render.png,46fe8ef7ff2343cad8d95ee183441ed7475bff47898a80e9a79ce583e4c63238,/home/intern/gs_floaterLab/results/campaigns/gain_attribution/cvpr_assets/fixed_work_v1/render40/rpng/table_01/vanilla/curve_evaluation/snapshot_01/images/001430_gt.png,b01aa8215abf0ba461e325b88e410f48a0e55c6a3c973d548b6397563c45fbc2,e576a1874cf05fa094a61b1d7daa77249ce4c8a1d7dc1ac553e41bfe1a9947c3
rpng,table_01,1430,0,vanilla,snapshot_02,1007,586,1662915750.904477,1662915764.9217236,14.017246723175049,5253,18.45728743086731,"[256, 172, 461, 286]",/home/intern/gs_floaterLab/results/campaigns/gain_attribution/cvpr_assets/fixed_work_v1/render40/rpng/table_01/vanilla/curve_evaluation/snapshot_02/images/001430_render.png,07b8ec468cae047141fb830856ae018b7ef4e346af74f1b972aa95ad32c35085,/home/intern/gs_floaterLab/results/campaigns/gain_attribution/cvpr_assets/fixed_work_v1/render40/rpng/table_01/vanilla/curve_evaluation/snapshot_02/images/001430_gt.png,b01aa8215abf0ba461e325b88e410f48a0e55c6a3c973d548b6397563c45fbc2,e576a1874cf05fa094a61b1d7daa77249ce4c8a1d7dc1ac553e41bfe1a9947c3
rpng,table_01,1430,0,vanilla,snapshot_03,1382,586,1662915750.904477,1662915777.4207704,26.5162935256958,6693,18.50383159426614,"[256, 172, 461, 286]",/home/intern/gs_floaterLab/results/campaigns/gain_attribution/cvpr_assets/fixed_work_v1/render40/rpng/table_01/vanilla/curve_evaluation/snapshot_03/images/001430_render.png,25c13a5cec28330c6ab387c7710119bb1c57ba11a6a3c71a09e97fe19cf7e765,/home/intern/gs_floaterLab/results/campaigns/gain_attribution/cvpr_assets/fixed_work_v1/render40/rpng/table_01/vanilla/curve_evaluation/snapshot_03/images/001430_gt.png,b01aa8215abf0ba461e325b88e410f48a0e55c6a3c973d548b6397563c45fbc2,e576a1874cf05fa094a61b1d7daa77249ce4c8a1d7dc1ac553e41bfe1a9947c3
rpng,table_01,1430,0,vanilla,snapshot_04,1757,586,1662915750.904477,1662915789.9369884,39.032511472702026,7813,19.863543880557206,"[256, 172, 461, 286]",/home/intern/gs_floaterLab/results/campaigns/gain_attribution/cvpr_assets/fixed_work_v1/render40/rpng/table_01/vanilla/curve_evaluation/snapshot_04/images/001430_render.png,801a3424040801779f098221ac76b00b86a8e7fb9465116da6028de43a8dfe8a,/home/intern/gs_floaterLab/results/campaigns/gain_attribution/cvpr_assets/fixed_work_v1/render40/rpng/table_01/vanilla/curve_evaluation/snapshot_04/images/001430_gt.png,b01aa8215abf0ba461e325b88e410f48a0e55c6a3c973d548b6397563c45fbc2,e576a1874cf05fa094a61b1d7daa77249ce4c8a1d7dc1ac553e41bfe1a9947c3
rpng,table_01,1430,0,vanilla,snapshot_05,2145,586,1662915750.904477,1662915802.8595443,51.95506739616394,9333,19.96041274532829,"[256, 172, 461, 286]",/home/intern/gs_floaterLab/results/campaigns/gain_attribution/cvpr_assets/fixed_work_v1/render40/rpng/table_01/vanilla/curve_evaluation/snapshot_05/images/001430_render.png,787e7230ad7e7fe3a357d1c96da45b4c0a6ad9fb306d8d5e381918ff25a7eec8,/home/intern/gs_floaterLab/results/campaigns/gain_attribution/cvpr_assets/fixed_work_v1/render40/rpng/table_01/vanilla/curve_evaluation/snapshot_05/images/001430_gt.png,b01aa8215abf0ba461e325b88e410f48a0e55c6a3c973d548b6397563c45fbc2,e576a1874cf05fa094a61b1d7daa77249ce4c8a1d7dc1ac553e41bfe1a9947c3
rpng,table_01,1430,0,vanilla,final,2505,586,1662915750.904477,1662915814.870829,63.966352224349976,10040,19.944328359284288,"[256, 172, 461, 286]",/home/intern/gs_floaterLab/results/campaigns/gain_attribution/cvpr_assets/fixed_work_v1/render40/rpng/table_01/vanilla/curve_evaluation/final/images/001430_render.png,d90f62c5473c72a98fa879dcbd8cd08615522454c432371992df45403d64243c,/home/intern/gs_floaterLab/results/campaigns/gain_attribution/cvpr_assets/fixed_work_v1/render40/rpng/table_01/vanilla/curve_evaluation/final/images/001430_gt.png,b01aa8215abf0ba461e325b88e410f48a0e55c6a3c973d548b6397563c45fbc2,e576a1874cf05fa094a61b1d7daa77249ce4c8a1d7dc1ac553e41bfe1a9947c3
rpng,table_01,1430,0,d3,snapshot_01,631,586,1662915750.904477,1662915752.413163,1.5086860656738281,3601,16.042443972846762,"[256, 172, 461, 286]",/home/intern/gs_floaterLab/results/campaigns/gain_attribution/cvpr_assets/fixed_work_v1/render40/rpng/table_01/d3/curve_evaluation/snapshot_01/images/001430_render.png,26e4f8747476bf8d429ad5d9d9d55e72eff136bb8d422b0a6c65074dfab8f457,/home/intern/gs_floaterLab/results/campaigns/gain_attribution/cvpr_assets/fixed_work_v1/render40/rpng/table_01/d3/curve_evaluation/snapshot_01/images/001430_gt.png,b01aa8215abf0ba461e325b88e410f48a0e55c6a3c973d548b6397563c45fbc2,83489bca17be5afdd4fdf219ca3f71b16d5b1769f7d8b86de186e9af97bfd7ed
rpng,table_01,1430,0,d3,snapshot_02,1007,586,1662915750.904477,1662915764.9217236,14.017246723175049,5241,19.633394091523616,"[256, 172, 461, 286]",/home/intern/gs_floaterLab/results/campaigns/gain_attribution/cvpr_assets/fixed_work_v1/render40/rpng/table_01/d3/curve_evaluation/snapshot_02/images/001430_render.png,e6a56210a1054ef3ec48fe235d3d75e8913020a7c216834d7182eb7999cff5f8,/home/intern/gs_floaterLab/results/campaigns/gain_attribution/cvpr_assets/fixed_work_v1/render40/rpng/table_01/d3/curve_evaluation/snapshot_02/images/001430_gt.png,b01aa8215abf0ba461e325b88e410f48a0e55c6a3c973d548b6397563c45fbc2,83489bca17be5afdd4fdf219ca3f71b16d5b1769f7d8b86de186e9af97bfd7ed
rpng,table_01,1430,0,d3,snapshot_03,1382,586,1662915750.904477,1662915777.4207704,26.5162935256958,6681,20.857988505477696,"[256, 172, 461, 286]",/home/intern/gs_floaterLab/results/campaigns/gain_attribution/cvpr_assets/fixed_work_v1/render40/rpng/table_01/d3/curve_evaluation/snapshot_03/images/001430_render.png,371b3f07c79c2d9ecb59f9ac3af85d056bdeb329f47598677e19c9ec8193b5fd,/home/intern/gs_floaterLab/results/campaigns/gain_attribution/cvpr_assets/fixed_work_v1/render40/rpng/table_01/d3/curve_evaluation/snapshot_03/images/001430_gt.png,b01aa8215abf0ba461e325b88e410f48a0e55c6a3c973d548b6397563c45fbc2,83489bca17be5afdd4fdf219ca3f71b16d5b1769f7d8b86de186e9af97bfd7ed
rpng,table_01,1430,0,d3,snapshot_04,1757,586,1662915750.904477,1662915789.9369884,39.032511472702026,7801,21.797299476427845,"[256, 172, 461, 286]",/home/intern/gs_floaterLab/results/campaigns/gain_attribution/cvpr_assets/fixed_work_v1/render40/rpng/table_01/d3/curve_evaluation/snapshot_04/images/001430_render.png,c3f63339d144cf962b7d98870c08a33a482776ab19fcba280c32ea2f65ff95c1,/home/intern/gs_floaterLab/results/campaigns/gain_attribution/cvpr_assets/fixed_work_v1/render40/rpng/table_01/d3/curve_evaluation/snapshot_04/images/001430_gt.png,b01aa8215abf0ba461e325b88e410f48a0e55c6a3c973d548b6397563c45fbc2,83489bca17be5afdd4fdf219ca3f71b16d5b1769f7d8b86de186e9af97bfd7ed
rpng,table_01,1430,0,d3,snapshot_05,2145,586,1662915750.904477,1662915802.8595443,51.95506739616394,9321,23.168555407374456,"[256, 172, 461, 286]",/home/intern/gs_floaterLab/results/campaigns/gain_attribution/cvpr_assets/fixed_work_v1/render40/rpng/table_01/d3/curve_evaluation/snapshot_05/images/001430_render.png,e73efa7b1cb9a390fe1d00d4901858d75aa79cd2bdd54d801f1692ac098a0165,/home/intern/gs_floaterLab/results/campaigns/gain_attribution/cvpr_assets/fixed_work_v1/render40/rpng/table_01/d3/curve_evaluation/snapshot_05/images/001430_gt.png,b01aa8215abf0ba461e325b88e410f48a0e55c6a3c973d548b6397563c45fbc2,83489bca17be5afdd4fdf219ca3f71b16d5b1769f7d8b86de186e9af97bfd7ed
rpng,table_01,1430,0,d3,final,2505,586,1662915750.904477,1662915814.870829,63.966352224349976,10040,23.947490912263664,"[256, 172, 461, 286]",/home/intern/gs_floaterLab/results/campaigns/gain_attribution/cvpr_assets/fixed_work_v1/render40/rpng/table_01/d3/curve_evaluation/final/images/001430_render.png,01ebc8c4b79cad2ce75885f4048ec5c61f235ba9cedc52ec02b9f7a0bef530c2,/home/intern/gs_floaterLab/results/campaigns/gain_attribution/cvpr_assets/fixed_work_v1/render40/rpng/table_01/d3/curve_evaluation/final/images/001430_gt.png,b01aa8215abf0ba461e325b88e410f48a0e55c6a3c973d548b6397563c45fbc2,83489bca17be5afdd4fdf219ca3f71b16d5b1769f7d8b86de186e9af97bfd7ed
rpng,table_01,1430,1,vanilla,snapshot_01,631,586,1662915750.904477,1662915752.413163,1.5086860656738281,3613,18.049343720499564,"[154, 115, 359, 229]",/home/intern/gs_floaterLab/results/campaigns/gain_attribution/cvpr_assets/fixed_work_v1/render40/rpng/table_01/vanilla/curve_evaluation/snapshot_01/images/001430_render.png,46fe8ef7ff2343cad8d95ee183441ed7475bff47898a80e9a79ce583e4c63238,/home/intern/gs_floaterLab/results/campaigns/gain_attribution/cvpr_assets/fixed_work_v1/render40/rpng/table_01/vanilla/curve_evaluation/snapshot_01/images/001430_gt.png,b01aa8215abf0ba461e325b88e410f48a0e55c6a3c973d548b6397563c45fbc2,e576a1874cf05fa094a61b1d7daa77249ce4c8a1d7dc1ac553e41bfe1a9947c3
rpng,table_01,1430,1,vanilla,snapshot_02,1007,586,1662915750.904477,1662915764.9217236,14.017246723175049,5253,19.63572892850777,"[154, 115, 359, 229]",/home/intern/gs_floaterLab/results/campaigns/gain_attribution/cvpr_assets/fixed_work_v1/render40/rpng/table_01/vanilla/curve_evaluation/snapshot_02/images/001430_render.png,07b8ec468cae047141fb830856ae018b7ef4e346af74f1b972aa95ad32c35085,/home/intern/gs_floaterLab/results/campaigns/gain_attribution/cvpr_assets/fixed_work_v1/render40/rpng/table_01/vanilla/curve_evaluation/snapshot_02/images/001430_gt.png,b01aa8215abf0ba461e325b88e410f48a0e55c6a3c973d548b6397563c45fbc2,e576a1874cf05fa094a61b1d7daa77249ce4c8a1d7dc1ac553e41bfe1a9947c3
rpng,table_01,1430,1,vanilla,snapshot_03,1382,586,1662915750.904477,1662915777.4207704,26.5162935256958,6693,20.172655935674868,"[154, 115, 359, 229]",/home/intern/gs_floaterLab/results/campaigns/gain_attribution/cvpr_assets/fixed_work_v1/render40/rpng/table_01/vanilla/curve_evaluation/snapshot_03/images/001430_render.png,25c13a5cec28330c6ab387c7710119bb1c57ba11a6a3c71a09e97fe19cf7e765,/home/intern/gs_floaterLab/results/campaigns/gain_attribution/cvpr_assets/fixed_work_v1/render40/rpng/table_01/vanilla/curve_evaluation/snapshot_03/images/001430_gt.png,b01aa8215abf0ba461e325b88e410f48a0e55c6a3c973d548b6397563c45fbc2,e576a1874cf05fa094a61b1d7daa77249ce4c8a1d7dc1ac553e41bfe1a9947c3
rpng,table_01,1430,1,vanilla,snapshot_04,1757,586,1662915750.904477,1662915789.9369884,39.032511472702026,7813,21.099792867473298,"[154, 115, 359, 229]",/home/intern/gs_floaterLab/results/campaigns/gain_attribution/cvpr_assets/fixed_work_v1/render40/rpng/table_01/vanilla/curve_evaluation/snapshot_04/images/001430_render.png,801a3424040801779f098221ac76b00b86a8e7fb9465116da6028de43a8dfe8a,/home/intern/gs_floaterLab/results/campaigns/gain_attribution/cvpr_assets/fixed_work_v1/render40/rpng/table_01/vanilla/curve_evaluation/snapshot_04/images/001430_gt.png,b01aa8215abf0ba461e325b88e410f48a0e55c6a3c973d548b6397563c45fbc2,e576a1874cf05fa094a61b1d7daa77249ce4c8a1d7dc1ac553e41bfe1a9947c3
rpng,table_01,1430,1,vanilla,snapshot_05,2145,586,1662915750.904477,1662915802.8595443,51.95506739616394,9333,20.925186268435002,"[154, 115, 359, 229]",/home/intern/gs_floaterLab/results/campaigns/gain_attribution/cvpr_assets/fixed_work_v1/render40/rpng/table_01/vanilla/curve_evaluation/snapshot_05/images/001430_render.png,787e7230ad7e7fe3a357d1c96da45b4c0a6ad9fb306d8d5e381918ff25a7eec8,/home/intern/gs_floaterLab/results/campaigns/gain_attribution/cvpr_assets/fixed_work_v1/render40/rpng/table_01/vanilla/curve_evaluation/snapshot_05/images/001430_gt.png,b01aa8215abf0ba461e325b88e410f48a0e55c6a3c973d548b6397563c45fbc2,e576a1874cf05fa094a61b1d7daa77249ce4c8a1d7dc1ac553e41bfe1a9947c3
rpng,table_01,1430,1,vanilla,final,2505,586,1662915750.904477,1662915814.870829,63.966352224349976,10040,21.64735550971441,"[154, 115, 359, 229]",/home/intern/gs_floaterLab/results/campaigns/gain_attribution/cvpr_assets/fixed_work_v1/render40/rpng/table_01/vanilla/curve_evaluation/final/images/001430_render.png,d90f62c5473c72a98fa879dcbd8cd08615522454c432371992df45403d64243c,/home/intern/gs_floaterLab/results/campaigns/gain_attribution/cvpr_assets/fixed_work_v1/render40/rpng/table_01/vanilla/curve_evaluation/final/images/001430_gt.png,b01aa8215abf0ba461e325b88e410f48a0e55c6a3c973d548b6397563c45fbc2,e576a1874cf05fa094a61b1d7daa77249ce4c8a1d7dc1ac553e41bfe1a9947c3
rpng,table_01,1430,1,d3,snapshot_01,631,586,1662915750.904477,1662915752.413163,1.5086860656738281,3601,17.736530100470603,"[154, 115, 359, 229]",/home/intern/gs_floaterLab/results/campaigns/gain_attribution/cvpr_assets/fixed_work_v1/render40/rpng/table_01/d3/curve_evaluation/snapshot_01/images/001430_render.png,26e4f8747476bf8d429ad5d9d9d55e72eff136bb8d422b0a6c65074dfab8f457,/home/intern/gs_floaterLab/results/campaigns/gain_attribution/cvpr_assets/fixed_work_v1/render40/rpng/table_01/d3/curve_evaluation/snapshot_01/images/001430_gt.png,b01aa8215abf0ba461e325b88e410f48a0e55c6a3c973d548b6397563c45fbc2,83489bca17be5afdd4fdf219ca3f71b16d5b1769f7d8b86de186e9af97bfd7ed
rpng,table_01,1430,1,d3,snapshot_02,1007,586,1662915750.904477,1662915764.9217236,14.017246723175049,5241,21.056881604977832,"[154, 115, 359, 229]",/home/intern/gs_floaterLab/results/campaigns/gain_attribution/cvpr_assets/fixed_work_v1/render40/rpng/table_01/d3/curve_evaluation/snapshot_02/images/001430_render.png,e6a56210a1054ef3ec48fe235d3d75e8913020a7c216834d7182eb7999cff5f8,/home/intern/gs_floaterLab/results/campaigns/gain_attribution/cvpr_assets/fixed_work_v1/render40/rpng/table_01/d3/curve_evaluation/snapshot_02/images/001430_gt.png,b01aa8215abf0ba461e325b88e410f48a0e55c6a3c973d548b6397563c45fbc2,83489bca17be5afdd4fdf219ca3f71b16d5b1769f7d8b86de186e9af97bfd7ed
rpng,table_01,1430,1,d3,snapshot_03,1382,586,1662915750.904477,1662915777.4207704,26.5162935256958,6681,22.446917378813367,"[154, 115, 359, 229]",/home/intern/gs_floaterLab/results/campaigns/gain_attribution/cvpr_assets/fixed_work_v1/render40/rpng/table_01/d3/curve_evaluation/snapshot_03/images/001430_render.png,371b3f07c79c2d9ecb59f9ac3af85d056bdeb329f47598677e19c9ec8193b5fd,/home/intern/gs_floaterLab/results/campaigns/gain_attribution/cvpr_assets/fixed_work_v1/render40/rpng/table_01/d3/curve_evaluation/snapshot_03/images/001430_gt.png,b01aa8215abf0ba461e325b88e410f48a0e55c6a3c973d548b6397563c45fbc2,83489bca17be5afdd4fdf219ca3f71b16d5b1769f7d8b86de186e9af97bfd7ed
rpng,table_01,1430,1,d3,snapshot_04,1757,586,1662915750.904477,1662915789.9369884,39.032511472702026,7801,23.54614784666126,"[154, 115, 359, 229]",/home/intern/gs_floaterLab/results/campaigns/gain_attribution/cvpr_assets/fixed_work_v1/render40/rpng/table_01/d3/curve_evaluation/snapshot_04/images/001430_render.png,c3f63339d144cf962b7d98870c08a33a482776ab19fcba280c32ea2f65ff95c1,/home/intern/gs_floaterLab/results/campaigns/gain_attribution/cvpr_assets/fixed_work_v1/render40/rpng/table_01/d3/curve_evaluation/snapshot_04/images/001430_gt.png,b01aa8215abf0ba461e325b88e410f48a0e55c6a3c973d548b6397563c45fbc2,83489bca17be5afdd4fdf219ca3f71b16d5b1769f7d8b86de186e9af97bfd7ed
rpng,table_01,1430,1,d3,snapshot_05,2145,586,1662915750.904477,1662915802.8595443,51.95506739616394,9321,23.77880375416618,"[154, 115, 359, 229]",/home/intern/gs_floaterLab/results/campaigns/gain_attribution/cvpr_assets/fixed_work_v1/render40/rpng/table_01/d3/curve_evaluation/snapshot_05/images/001430_render.png,e73efa7b1cb9a390fe1d00d4901858d75aa79cd2bdd54d801f1692ac098a0165,/home/intern/gs_floaterLab/results/campaigns/gain_attribution/cvpr_assets/fixed_work_v1/render40/rpng/table_01/d3/curve_evaluation/snapshot_05/images/001430_gt.png,b01aa8215abf0ba461e325b88e410f48a0e55c6a3c973d548b6397563c45fbc2,83489bca17be5afdd4fdf219ca3f71b16d5b1769f7d8b86de186e9af97bfd7ed
rpng,table_01,1430,1,d3,final,2505,586,1662915750.904477,1662915814.870829,63.966352224349976,10040,24.520997628797232,"[154, 115, 359, 229]",/home/intern/gs_floaterLab/results/campaigns/gain_attribution/cvpr_assets/fixed_work_v1/render40/rpng/table_01/d3/curve_evaluation/final/images/001430_render.png,01ebc8c4b79cad2ce75885f4048ec5c61f235ba9cedc52ec02b9f7a0bef530c2,/home/intern/gs_floaterLab/results/campaigns/gain_attribution/cvpr_assets/fixed_work_v1/render40/rpng/table_01/d3/curve_evaluation/final/images/001430_gt.png,b01aa8215abf0ba461e325b88e410f48a0e55c6a3c973d548b6397563c45fbc2,83489bca17be5afdd4fdf219ca3f71b16d5b1769f7d8b86de186e9af97bfd7ed
rpng,table_01,1430,2,vanilla,snapshot_01,631,487,1662915747.5923214,1662915752.413163,4.820841550827026,3613,19.93921507393282,"[308, 86, 513, 200]",/home/intern/gs_floaterLab/results/campaigns/gain_attribution/cvpr_assets/fixed_work_v1/render40/rpng/table_01/vanilla/curve_evaluation/snapshot_01/images/001430_render.png,46fe8ef7ff2343cad8d95ee183441ed7475bff47898a80e9a79ce583e4c63238,/home/intern/gs_floaterLab/results/campaigns/gain_attribution/cvpr_assets/fixed_work_v1/render40/rpng/table_01/vanilla/curve_evaluation/snapshot_01/images/001430_gt.png,b01aa8215abf0ba461e325b88e410f48a0e55c6a3c973d548b6397563c45fbc2,e576a1874cf05fa094a61b1d7daa77249ce4c8a1d7dc1ac553e41bfe1a9947c3
rpng,table_01,1430,2,vanilla,snapshot_02,1007,487,1662915747.5923214,1662915764.9217236,17.329402208328247,5253,20.877019434379918,"[308, 86, 513, 200]",/home/intern/gs_floaterLab/results/campaigns/gain_attribution/cvpr_assets/fixed_work_v1/render40/rpng/table_01/vanilla/curve_evaluation/snapshot_02/images/001430_render.png,07b8ec468cae047141fb830856ae018b7ef4e346af74f1b972aa95ad32c35085,/home/intern/gs_floaterLab/results/campaigns/gain_attribution/cvpr_assets/fixed_work_v1/render40/rpng/table_01/vanilla/curve_evaluation/snapshot_02/images/001430_gt.png,b01aa8215abf0ba461e325b88e410f48a0e55c6a3c973d548b6397563c45fbc2,e576a1874cf05fa094a61b1d7daa77249ce4c8a1d7dc1ac553e41bfe1a9947c3
rpng,table_01,1430,2,vanilla,snapshot_03,1382,487,1662915747.5923214,1662915777.4207704,29.828449010849,6693,20.944416335123172,"[308, 86, 513, 200]",/home/intern/gs_floaterLab/results/campaigns/gain_attribution/cvpr_assets/fixed_work_v1/render40/rpng/table_01/vanilla/curve_evaluation/snapshot_03/images/001430_render.png,25c13a5cec28330c6ab387c7710119bb1c57ba11a6a3c71a09e97fe19cf7e765,/home/intern/gs_floaterLab/results/campaigns/gain_attribution/cvpr_assets/fixed_work_v1/render40/rpng/table_01/vanilla/curve_evaluation/snapshot_03/images/001430_gt.png,b01aa8215abf0ba461e325b88e410f48a0e55c6a3c973d548b6397563c45fbc2,e576a1874cf05fa094a61b1d7daa77249ce4c8a1d7dc1ac553e41bfe1a9947c3
rpng,table_01,1430,2,vanilla,snapshot_04,1757,487,1662915747.5923214,1662915789.9369884,42.344666957855225,7813,22.85405409951548,"[308, 86, 513, 200]",/home/intern/gs_floaterLab/results/campaigns/gain_attribution/cvpr_assets/fixed_work_v1/render40/rpng/table_01/vanilla/curve_evaluation/snapshot_04/images/001430_render.png,801a3424040801779f098221ac76b00b86a8e7fb9465116da6028de43a8dfe8a,/home/intern/gs_floaterLab/results/campaigns/gain_attribution/cvpr_assets/fixed_work_v1/render40/rpng/table_01/vanilla/curve_evaluation/snapshot_04/images/001430_gt.png,b01aa8215abf0ba461e325b88e410f48a0e55c6a3c973d548b6397563c45fbc2,e576a1874cf05fa094a61b1d7daa77249ce4c8a1d7dc1ac553e41bfe1a9947c3
rpng,table_01,1430,2,vanilla,snapshot_05,2145,487,1662915747.5923214,1662915802.8595443,55.26722288131714,9333,21.636867697481716,"[308, 86, 513, 200]",/home/intern/gs_floaterLab/results/campaigns/gain_attribution/cvpr_assets/fixed_work_v1/render40/rpng/table_01/vanilla/curve_evaluation/snapshot_05/images/001430_render.png,787e7230ad7e7fe3a357d1c96da45b4c0a6ad9fb306d8d5e381918ff25a7eec8,/home/intern/gs_floaterLab/results/campaigns/gain_attribution/cvpr_assets/fixed_work_v1/render40/rpng/table_01/vanilla/curve_evaluation/snapshot_05/images/001430_gt.png,b01aa8215abf0ba461e325b88e410f48a0e55c6a3c973d548b6397563c45fbc2,e576a1874cf05fa094a61b1d7daa77249ce4c8a1d7dc1ac553e41bfe1a9947c3
rpng,table_01,1430,2,vanilla,final,2505,487,1662915747.5923214,1662915814.870829,67.27850770950317,10040,21.918795834597947,"[308, 86, 513, 200]",/home/intern/gs_floaterLab/results/campaigns/gain_attribution/cvpr_assets/fixed_work_v1/render40/rpng/table_01/vanilla/curve_evaluation/final/images/001430_render.png,d90f62c5473c72a98fa879dcbd8cd08615522454c432371992df45403d64243c,/home/intern/gs_floaterLab/results/campaigns/gain_attribution/cvpr_assets/fixed_work_v1/render40/rpng/table_01/vanilla/curve_evaluation/final/images/001430_gt.png,b01aa8215abf0ba461e325b88e410f48a0e55c6a3c973d548b6397563c45fbc2,e576a1874cf05fa094a61b1d7daa77249ce4c8a1d7dc1ac553e41bfe1a9947c3
rpng,table_01,1430,2,d3,snapshot_01,631,487,1662915747.5923214,1662915752.413163,4.820841550827026,3601,20.00308489966221,"[308, 86, 513, 200]",/home/intern/gs_floaterLab/results/campaigns/gain_attribution/cvpr_assets/fixed_work_v1/render40/rpng/table_01/d3/curve_evaluation/snapshot_01/images/001430_render.png,26e4f8747476bf8d429ad5d9d9d55e72eff136bb8d422b0a6c65074dfab8f457,/home/intern/gs_floaterLab/results/campaigns/gain_attribution/cvpr_assets/fixed_work_v1/render40/rpng/table_01/d3/curve_evaluation/snapshot_01/images/001430_gt.png,b01aa8215abf0ba461e325b88e410f48a0e55c6a3c973d548b6397563c45fbc2,83489bca17be5afdd4fdf219ca3f71b16d5b1769f7d8b86de186e9af97bfd7ed
rpng,table_01,1430,2,d3,snapshot_02,1007,487,1662915747.5923214,1662915764.9217236,17.329402208328247,5241,21.960124394178067,"[308, 86, 513, 200]",/home/intern/gs_floaterLab/results/campaigns/gain_attribution/cvpr_assets/fixed_work_v1/render40/rpng/table_01/d3/curve_evaluation/snapshot_02/images/001430_render.png,e6a56210a1054ef3ec48fe235d3d75e8913020a7c216834d7182eb7999cff5f8,/home/intern/gs_floaterLab/results/campaigns/gain_attribution/cvpr_assets/fixed_work_v1/render40/rpng/table_01/d3/curve_evaluation/snapshot_02/images/001430_gt.png,b01aa8215abf0ba461e325b88e410f48a0e55c6a3c973d548b6397563c45fbc2,83489bca17be5afdd4fdf219ca3f71b16d5b1769f7d8b86de186e9af97bfd7ed
rpng,table_01,1430,2,d3,snapshot_03,1382,487,1662915747.5923214,1662915777.4207704,29.828449010849,6681,23.47792706835466,"[308, 86, 513, 200]",/home/intern/gs_floaterLab/results/campaigns/gain_attribution/cvpr_assets/fixed_work_v1/render40/rpng/table_01/d3/curve_evaluation/snapshot_03/images/001430_render.png,371b3f07c79c2d9ecb59f9ac3af85d056bdeb329f47598677e19c9ec8193b5fd,/home/intern/gs_floaterLab/results/campaigns/gain_attribution/cvpr_assets/fixed_work_v1/render40/rpng/table_01/d3/curve_evaluation/snapshot_03/images/001430_gt.png,b01aa8215abf0ba461e325b88e410f48a0e55c6a3c973d548b6397563c45fbc2,83489bca17be5afdd4fdf219ca3f71b16d5b1769f7d8b86de186e9af97bfd7ed
rpng,table_01,1430,2,d3,snapshot_04,1757,487,1662915747.5923214,1662915789.9369884,42.344666957855225,7801,25.042624892751913,"[308, 86, 513, 200]",/home/intern/gs_floaterLab/results/campaigns/gain_attribution/cvpr_assets/fixed_work_v1/render40/rpng/table_01/d3/curve_evaluation/snapshot_04/images/001430_render.png,c3f63339d144cf962b7d98870c08a33a482776ab19fcba280c32ea2f65ff95c1,/home/intern/gs_floaterLab/results/campaigns/gain_attribution/cvpr_assets/fixed_work_v1/render40/rpng/table_01/d3/curve_evaluation/snapshot_04/images/001430_gt.png,b01aa8215abf0ba461e325b88e410f48a0e55c6a3c973d548b6397563c45fbc2,83489bca17be5afdd4fdf219ca3f71b16d5b1769f7d8b86de186e9af97bfd7ed
rpng,table_01,1430,2,d3,snapshot_05,2145,487,1662915747.5923214,1662915802.8595443,55.26722288131714,9321,24.839675788366556,"[308, 86, 513, 200]",/home/intern/gs_floaterLab/results/campaigns/gain_attribution/cvpr_assets/fixed_work_v1/render40/rpng/table_01/d3/curve_evaluation/snapshot_05/images/001430_render.png,e73efa7b1cb9a390fe1d00d4901858d75aa79cd2bdd54d801f1692ac098a0165,/home/intern/gs_floaterLab/results/campaigns/gain_attribution/cvpr_assets/fixed_work_v1/render40/rpng/table_01/d3/curve_evaluation/snapshot_05/images/001430_gt.png,b01aa8215abf0ba461e325b88e410f48a0e55c6a3c973d548b6397563c45fbc2,83489bca17be5afdd4fdf219ca3f71b16d5b1769f7d8b86de186e9af97bfd7ed
rpng,table_01,1430,2,d3,final,2505,487,1662915747.5923214,1662915814.870829,67.27850770950317,10040,26.019259913347035,"[308, 86, 513, 200]",/home/intern/gs_floaterLab/results/campaigns/gain_attribution/cvpr_assets/fixed_work_v1/render40/rpng/table_01/d3/curve_evaluation/final/images/001430_render.png,01ebc8c4b79cad2ce75885f4048ec5c61f235ba9cedc52ec02b9f7a0bef530c2,/home/intern/gs_floaterLab/results/campaigns/gain_attribution/cvpr_assets/fixed_work_v1/render40/rpng/table_01/d3/curve_evaluation/final/images/001430_gt.png,b01aa8215abf0ba461e325b88e410f48a0e55c6a3c973d548b6397563c45fbc2,83489bca17be5afdd4fdf219ca3f71b16d5b1769f7d8b86de186e9af97bfd7ed
rpng,table_01,2145,0,vanilla,snapshot_01,631,426,1662915745.553571,1662915752.413163,6.859591960906982,3613,18.6501887828738,"[102, 201, 307, 315]",/home/intern/gs_floaterLab/results/campaigns/gain_attribution/cvpr_assets/fixed_work_v1/render40/rpng/table_01/vanilla/curve_evaluation/snapshot_01/images/002145_render.png,384ebfc13a42e2e85affd44adfcbcaee222e68c18f6935c8358b9c15e2ace8a8,/home/intern/gs_floaterLab/results/campaigns/gain_attribution/cvpr_assets/fixed_work_v1/render40/rpng/table_01/vanilla/curve_evaluation/snapshot_01/images/002145_gt.png,e07a893b974200b68dc37dd9e24bf88f6cf7f032d2165ab430af1a97fe2fb9c4,e576a1874cf05fa094a61b1d7daa77249ce4c8a1d7dc1ac553e41bfe1a9947c3
rpng,table_01,2145,0,vanilla,snapshot_02,1007,426,1662915745.553571,1662915764.9217236,19.368152618408203,5253,20.548449588140336,"[102, 201, 307, 315]",/home/intern/gs_floaterLab/results/campaigns/gain_attribution/cvpr_assets/fixed_work_v1/render40/rpng/table_01/vanilla/curve_evaluation/snapshot_02/images/002145_render.png,2c38d389f20f3f13f9f345cc0cc349b9cd0cb59120cb56c3c8ee91e35f546776,/home/intern/gs_floaterLab/results/campaigns/gain_attribution/cvpr_assets/fixed_work_v1/render40/rpng/table_01/vanilla/curve_evaluation/snapshot_02/images/002145_gt.png,e07a893b974200b68dc37dd9e24bf88f6cf7f032d2165ab430af1a97fe2fb9c4,e576a1874cf05fa094a61b1d7daa77249ce4c8a1d7dc1ac553e41bfe1a9947c3
rpng,table_01,2145,0,vanilla,snapshot_03,1382,426,1662915745.553571,1662915777.4207704,31.867199420928955,6693,19.941276488712724,"[102, 201, 307, 315]",/home/intern/gs_floaterLab/results/campaigns/gain_attribution/cvpr_assets/fixed_work_v1/render40/rpng/table_01/vanilla/curve_evaluation/snapshot_03/images/002145_render.png,3fae7a231a9cedc7e23ff7687bce44ad75d7271c7dc3c3ce9cec0ee13aef1b7c,/home/intern/gs_floaterLab/results/campaigns/gain_attribution/cvpr_assets/fixed_work_v1/render40/rpng/table_01/vanilla/curve_evaluation/snapshot_03/images/002145_gt.png,e07a893b974200b68dc37dd9e24bf88f6cf7f032d2165ab430af1a97fe2fb9c4,e576a1874cf05fa094a61b1d7daa77249ce4c8a1d7dc1ac553e41bfe1a9947c3
rpng,table_01,2145,0,vanilla,snapshot_04,1757,426,1662915745.553571,1662915789.9369884,44.38341736793518,7813,21.372776863139205,"[102, 201, 307, 315]",/home/intern/gs_floaterLab/results/campaigns/gain_attribution/cvpr_assets/fixed_work_v1/render40/rpng/table_01/vanilla/curve_evaluation/snapshot_04/images/002145_render.png,861b1da51cbf5b8eacfda87032d120645345b74d163a9ce889668875d56f120a,/home/intern/gs_floaterLab/results/campaigns/gain_attribution/cvpr_assets/fixed_work_v1/render40/rpng/table_01/vanilla/curve_evaluation/snapshot_04/images/002145_gt.png,e07a893b974200b68dc37dd9e24bf88f6cf7f032d2165ab430af1a97fe2fb9c4,e576a1874cf05fa094a61b1d7daa77249ce4c8a1d7dc1ac553e41bfe1a9947c3
rpng,table_01,2145,0,vanilla,snapshot_05,2145,426,1662915745.553571,1662915802.8595443,57.305973291397095,9333,19.24640504695003,"[102, 201, 307, 315]",/home/intern/gs_floaterLab/results/campaigns/gain_attribution/cvpr_assets/fixed_work_v1/render40/rpng/table_01/vanilla/curve_evaluation/snapshot_05/images/002145_render.png,fe9aff6aa0a88ec571e70b93606cca1aa16faaa7fa0f0d725223f5f5a3c7946a,/home/intern/gs_floaterLab/results/campaigns/gain_attribution/cvpr_assets/fixed_work_v1/render40/rpng/table_01/vanilla/curve_evaluation/snapshot_05/images/002145_gt.png,e07a893b974200b68dc37dd9e24bf88f6cf7f032d2165ab430af1a97fe2fb9c4,e576a1874cf05fa094a61b1d7daa77249ce4c8a1d7dc1ac553e41bfe1a9947c3
rpng,table_01,2145,0,vanilla,final,2505,426,1662915745.553571,1662915814.870829,69.31725811958313,10040,19.509906345741534,"[102, 201, 307, 315]",/home/intern/gs_floaterLab/results/campaigns/gain_attribution/cvpr_assets/fixed_work_v1/render40/rpng/table_01/vanilla/curve_evaluation/final/images/002145_render.png,f38df42290f3fb621e07bf707dd942a56c510d834c3c157cb2218d9aa2f707e0,/home/intern/gs_floaterLab/results/campaigns/gain_attribution/cvpr_assets/fixed_work_v1/render40/rpng/table_01/vanilla/curve_evaluation/final/images/002145_gt.png,e07a893b974200b68dc37dd9e24bf88f6cf7f032d2165ab430af1a97fe2fb9c4,e576a1874cf05fa094a61b1d7daa77249ce4c8a1d7dc1ac553e41bfe1a9947c3
rpng,table_01,2145,0,d3,snapshot_01,631,426,1662915745.553571,1662915752.413163,6.859591960906982,3601,18.664459997205526,"[102, 201, 307, 315]",/home/intern/gs_floaterLab/results/campaigns/gain_attribution/cvpr_assets/fixed_work_v1/render40/rpng/table_01/d3/curve_evaluation/snapshot_01/images/002145_render.png,3d84f412a1329c9439b4ae91d20547b11262f56297272c2f8e289ad127e20e61,/home/intern/gs_floaterLab/results/campaigns/gain_attribution/cvpr_assets/fixed_work_v1/render40/rpng/table_01/d3/curve_evaluation/snapshot_01/images/002145_gt.png,e07a893b974200b68dc37dd9e24bf88f6cf7f032d2165ab430af1a97fe2fb9c4,83489bca17be5afdd4fdf219ca3f71b16d5b1769f7d8b86de186e9af97bfd7ed
rpng,table_01,2145,0,d3,snapshot_02,1007,426,1662915745.553571,1662915764.9217236,19.368152618408203,5241,21.85945163529851,"[102, 201, 307, 315]",/home/intern/gs_floaterLab/results/campaigns/gain_attribution/cvpr_assets/fixed_work_v1/render40/rpng/table_01/d3/curve_evaluation/snapshot_02/images/002145_render.png,3dad18eef5266f07aeb4a4829b69e0189853abace0a361ff6cd759921c9bbed5,/home/intern/gs_floaterLab/results/campaigns/gain_attribution/cvpr_assets/fixed_work_v1/render40/rpng/table_01/d3/curve_evaluation/snapshot_02/images/002145_gt.png,e07a893b974200b68dc37dd9e24bf88f6cf7f032d2165ab430af1a97fe2fb9c4,83489bca17be5afdd4fdf219ca3f71b16d5b1769f7d8b86de186e9af97bfd7ed
rpng,table_01,2145,0,d3,snapshot_03,1382,426,1662915745.553571,1662915777.4207704,31.867199420928955,6681,22.540335532877698,"[102, 201, 307, 315]",/home/intern/gs_floaterLab/results/campaigns/gain_attribution/cvpr_assets/fixed_work_v1/render40/rpng/table_01/d3/curve_evaluation/snapshot_03/images/002145_render.png,9b65f31a7998eea7a6f2377447fec23e694d3373b62c7a1958ff48f249f589de,/home/intern/gs_floaterLab/results/campaigns/gain_attribution/cvpr_assets/fixed_work_v1/render40/rpng/table_01/d3/curve_evaluation/snapshot_03/images/002145_gt.png,e07a893b974200b68dc37dd9e24bf88f6cf7f032d2165ab430af1a97fe2fb9c4,83489bca17be5afdd4fdf219ca3f71b16d5b1769f7d8b86de186e9af97bfd7ed
rpng,table_01,2145,0,d3,snapshot_04,1757,426,1662915745.553571,1662915789.9369884,44.38341736793518,7801,23.04344074152899,"[102, 201, 307, 315]",/home/intern/gs_floaterLab/results/campaigns/gain_attribution/cvpr_assets/fixed_work_v1/render40/rpng/table_01/d3/curve_evaluation/snapshot_04/images/002145_render.png,175f4a4489c17e988cea1ef921b5c48a6ccf0198e7f8efd5935d8a4cdc82fb59,/home/intern/gs_floaterLab/results/campaigns/gain_attribution/cvpr_assets/fixed_work_v1/render40/rpng/table_01/d3/curve_evaluation/snapshot_04/images/002145_gt.png,e07a893b974200b68dc37dd9e24bf88f6cf7f032d2165ab430af1a97fe2fb9c4,83489bca17be5afdd4fdf219ca3f71b16d5b1769f7d8b86de186e9af97bfd7ed
rpng,table_01,2145,0,d3,snapshot_05,2145,426,1662915745.553571,1662915802.8595443,57.305973291397095,9321,25.095672991499747,"[102, 201, 307, 315]",/home/intern/gs_floaterLab/results/campaigns/gain_attribution/cvpr_assets/fixed_work_v1/render40/rpng/table_01/d3/curve_evaluation/snapshot_05/images/002145_render.png,98ce2397d77cacd32d71aa676402a6273d3e9d5e66fa27d3e610fe2d30755d29,/home/intern/gs_floaterLab/results/campaigns/gain_attribution/cvpr_assets/fixed_work_v1/render40/rpng/table_01/d3/curve_evaluation/snapshot_05/images/002145_gt.png,e07a893b974200b68dc37dd9e24bf88f6cf7f032d2165ab430af1a97fe2fb9c4,83489bca17be5afdd4fdf219ca3f71b16d5b1769f7d8b86de186e9af97bfd7ed
rpng,table_01,2145,0,d3,final,2505,426,1662915745.553571,1662915814.870829,69.31725811958313,10040,24.08363598957626,"[102, 201, 307, 315]",/home/intern/gs_floaterLab/results/campaigns/gain_attribution/cvpr_assets/fixed_work_v1/render40/rpng/table_01/d3/curve_evaluation/final/images/002145_render.png,b34f7c76b77fe3878a9af498d2fd0c60318c40ea70a6648e87fd8019c1e1bb17,/home/intern/gs_floaterLab/results/campaigns/gain_attribution/cvpr_assets/fixed_work_v1/render40/rpng/table_01/d3/curve_evaluation/final/images/002145_gt.png,e07a893b974200b68dc37dd9e24bf88f6cf7f032d2165ab430af1a97fe2fb9c4,83489bca17be5afdd4fdf219ca3f71b16d5b1769f7d8b86de186e9af97bfd7ed
rpng,table_01,2145,1,vanilla,snapshot_01,631,426,1662915745.553571,1662915752.413163,6.859591960906982,3613,18.317467435024877,"[205, 143, 410, 257]",/home/intern/gs_floaterLab/results/campaigns/gain_attribution/cvpr_assets/fixed_work_v1/render40/rpng/table_01/vanilla/curve_evaluation/snapshot_01/images/002145_render.png,384ebfc13a42e2e85affd44adfcbcaee222e68c18f6935c8358b9c15e2ace8a8,/home/intern/gs_floaterLab/results/campaigns/gain_attribution/cvpr_assets/fixed_work_v1/render40/rpng/table_01/vanilla/curve_evaluation/snapshot_01/images/002145_gt.png,e07a893b974200b68dc37dd9e24bf88f6cf7f032d2165ab430af1a97fe2fb9c4,e576a1874cf05fa094a61b1d7daa77249ce4c8a1d7dc1ac553e41bfe1a9947c3
rpng,table_01,2145,1,vanilla,snapshot_02,1007,426,1662915745.553571,1662915764.9217236,19.368152618408203,5253,20.480015844385004,"[205, 143, 410, 257]",/home/intern/gs_floaterLab/results/campaigns/gain_attribution/cvpr_assets/fixed_work_v1/render40/rpng/table_01/vanilla/curve_evaluation/snapshot_02/images/002145_render.png,2c38d389f20f3f13f9f345cc0cc349b9cd0cb59120cb56c3c8ee91e35f546776,/home/intern/gs_floaterLab/results/campaigns/gain_attribution/cvpr_assets/fixed_work_v1/render40/rpng/table_01/vanilla/curve_evaluation/snapshot_02/images/002145_gt.png,e07a893b974200b68dc37dd9e24bf88f6cf7f032d2165ab430af1a97fe2fb9c4,e576a1874cf05fa094a61b1d7daa77249ce4c8a1d7dc1ac553e41bfe1a9947c3
rpng,table_01,2145,1,vanilla,snapshot_03,1382,426,1662915745.553571,1662915777.4207704,31.867199420928955,6693,20.229977340388974,"[205, 143, 410, 257]",/home/intern/gs_floaterLab/results/campaigns/gain_attribution/cvpr_assets/fixed_work_v1/render40/rpng/table_01/vanilla/curve_evaluation/snapshot_03/images/002145_render.png,3fae7a231a9cedc7e23ff7687bce44ad75d7271c7dc3c3ce9cec0ee13aef1b7c,/home/intern/gs_floaterLab/results/campaigns/gain_attribution/cvpr_assets/fixed_work_v1/render40/rpng/table_01/vanilla/curve_evaluation/snapshot_03/images/002145_gt.png,e07a893b974200b68dc37dd9e24bf88f6cf7f032d2165ab430af1a97fe2fb9c4,e576a1874cf05fa094a61b1d7daa77249ce4c8a1d7dc1ac553e41bfe1a9947c3
rpng,table_01,2145,1,vanilla,snapshot_04,1757,426,1662915745.553571,1662915789.9369884,44.38341736793518,7813,21.334962309550818,"[205, 143, 410, 257]",/home/intern/gs_floaterLab/results/campaigns/gain_attribution/cvpr_assets/fixed_work_v1/render40/rpng/table_01/vanilla/curve_evaluation/snapshot_04/images/002145_render.png,861b1da51cbf5b8eacfda87032d120645345b74d163a9ce889668875d56f120a,/home/intern/gs_floaterLab/results/campaigns/gain_attribution/cvpr_assets/fixed_work_v1/render40/rpng/table_01/vanilla/curve_evaluation/snapshot_04/images/002145_gt.png,e07a893b974200b68dc37dd9e24bf88f6cf7f032d2165ab430af1a97fe2fb9c4,e576a1874cf05fa094a61b1d7daa77249ce4c8a1d7dc1ac553e41bfe1a9947c3
rpng,table_01,2145,1,vanilla,snapshot_05,2145,426,1662915745.553571,1662915802.8595443,57.305973291397095,9333,20.440176024566313,"[205, 143, 410, 257]",/home/intern/gs_floaterLab/results/campaigns/gain_attribution/cvpr_assets/fixed_work_v1/render40/rpng/table_01/vanilla/curve_evaluation/snapshot_05/images/002145_render.png,fe9aff6aa0a88ec571e70b93606cca1aa16faaa7fa0f0d725223f5f5a3c7946a,/home/intern/gs_floaterLab/results/campaigns/gain_attribution/cvpr_assets/fixed_work_v1/render40/rpng/table_01/vanilla/curve_evaluation/snapshot_05/images/002145_gt.png,e07a893b974200b68dc37dd9e24bf88f6cf7f032d2165ab430af1a97fe2fb9c4,e576a1874cf05fa094a61b1d7daa77249ce4c8a1d7dc1ac553e41bfe1a9947c3
rpng,table_01,2145,1,vanilla,final,2505,426,1662915745.553571,1662915814.870829,69.31725811958313,10040,20.90354281866987,"[205, 143, 410, 257]",/home/intern/gs_floaterLab/results/campaigns/gain_attribution/cvpr_assets/fixed_work_v1/render40/rpng/table_01/vanilla/curve_evaluation/final/images/002145_render.png,f38df42290f3fb621e07bf707dd942a56c510d834c3c157cb2218d9aa2f707e0,/home/intern/gs_floaterLab/results/campaigns/gain_attribution/cvpr_assets/fixed_work_v1/render40/rpng/table_01/vanilla/curve_evaluation/final/images/002145_gt.png,e07a893b974200b68dc37dd9e24bf88f6cf7f032d2165ab430af1a97fe2fb9c4,e576a1874cf05fa094a61b1d7daa77249ce4c8a1d7dc1ac553e41bfe1a9947c3
rpng,table_01,2145,1,d3,snapshot_01,631,426,1662915745.553571,1662915752.413163,6.859591960906982,3601,18.598626549103894,"[205, 143, 410, 257]",/home/intern/gs_floaterLab/results/campaigns/gain_attribution/cvpr_assets/fixed_work_v1/render40/rpng/table_01/d3/curve_evaluation/snapshot_01/images/002145_render.png,3d84f412a1329c9439b4ae91d20547b11262f56297272c2f8e289ad127e20e61,/home/intern/gs_floaterLab/results/campaigns/gain_attribution/cvpr_assets/fixed_work_v1/render40/rpng/table_01/d3/curve_evaluation/snapshot_01/images/002145_gt.png,e07a893b974200b68dc37dd9e24bf88f6cf7f032d2165ab430af1a97fe2fb9c4,83489bca17be5afdd4fdf219ca3f71b16d5b1769f7d8b86de186e9af97bfd7ed
rpng,table_01,2145,1,d3,snapshot_02,1007,426,1662915745.553571,1662915764.9217236,19.368152618408203,5241,21.644841889356062,"[205, 143, 410, 257]",/home/intern/gs_floaterLab/results/campaigns/gain_attribution/cvpr_assets/fixed_work_v1/render40/rpng/table_01/d3/curve_evaluation/snapshot_02/images/002145_render.png,3dad18eef5266f07aeb4a4829b69e0189853abace0a361ff6cd759921c9bbed5,/home/intern/gs_floaterLab/results/campaigns/gain_attribution/cvpr_assets/fixed_work_v1/render40/rpng/table_01/d3/curve_evaluation/snapshot_02/images/002145_gt.png,e07a893b974200b68dc37dd9e24bf88f6cf7f032d2165ab430af1a97fe2fb9c4,83489bca17be5afdd4fdf219ca3f71b16d5b1769f7d8b86de186e9af97bfd7ed
rpng,table_01,2145,1,d3,snapshot_03,1382,426,1662915745.553571,1662915777.4207704,31.867199420928955,6681,23.399669896623276,"[205, 143, 410, 257]",/home/intern/gs_floaterLab/results/campaigns/gain_attribution/cvpr_assets/fixed_work_v1/render40/rpng/table_01/d3/curve_evaluation/snapshot_03/images/002145_render.png,9b65f31a7998eea7a6f2377447fec23e694d3373b62c7a1958ff48f249f589de,/home/intern/gs_floaterLab/results/campaigns/gain_attribution/cvpr_assets/fixed_work_v1/render40/rpng/table_01/d3/curve_evaluation/snapshot_03/images/002145_gt.png,e07a893b974200b68dc37dd9e24bf88f6cf7f032d2165ab430af1a97fe2fb9c4,83489bca17be5afdd4fdf219ca3f71b16d5b1769f7d8b86de186e9af97bfd7ed
rpng,table_01,2145,1,d3,snapshot_04,1757,426,1662915745.553571,1662915789.9369884,44.38341736793518,7801,23.16756220271546,"[205, 143, 410, 257]",/home/intern/gs_floaterLab/results/campaigns/gain_attribution/cvpr_assets/fixed_work_v1/render40/rpng/table_01/d3/curve_evaluation/snapshot_04/images/002145_render.png,175f4a4489c17e988cea1ef921b5c48a6ccf0198e7f8efd5935d8a4cdc82fb59,/home/intern/gs_floaterLab/results/campaigns/gain_attribution/cvpr_assets/fixed_work_v1/render40/rpng/table_01/d3/curve_evaluation/snapshot_04/images/002145_gt.png,e07a893b974200b68dc37dd9e24bf88f6cf7f032d2165ab430af1a97fe2fb9c4,83489bca17be5afdd4fdf219ca3f71b16d5b1769f7d8b86de186e9af97bfd7ed
rpng,table_01,2145,1,d3,snapshot_05,2145,426,1662915745.553571,1662915802.8595443,57.305973291397095,9321,24.231498690311494,"[205, 143, 410, 257]",/home/intern/gs_floaterLab/results/campaigns/gain_attribution/cvpr_assets/fixed_work_v1/render40/rpng/table_01/d3/curve_evaluation/snapshot_05/images/002145_render.png,98ce2397d77cacd32d71aa676402a6273d3e9d5e66fa27d3e610fe2d30755d29,/home/intern/gs_floaterLab/results/campaigns/gain_attribution/cvpr_assets/fixed_work_v1/render40/rpng/table_01/d3/curve_evaluation/snapshot_05/images/002145_gt.png,e07a893b974200b68dc37dd9e24bf88f6cf7f032d2165ab430af1a97fe2fb9c4,83489bca17be5afdd4fdf219ca3f71b16d5b1769f7d8b86de186e9af97bfd7ed
rpng,table_01,2145,1,d3,final,2505,426,1662915745.553571,1662915814.870829,69.31725811958313,10040,23.742878906096312,"[205, 143, 410, 257]",/home/intern/gs_floaterLab/results/campaigns/gain_attribution/cvpr_assets/fixed_work_v1/render40/rpng/table_01/d3/curve_evaluation/final/images/002145_render.png,b34f7c76b77fe3878a9af498d2fd0c60318c40ea70a6648e87fd8019c1e1bb17,/home/intern/gs_floaterLab/results/campaigns/gain_attribution/cvpr_assets/fixed_work_v1/render40/rpng/table_01/d3/curve_evaluation/final/images/002145_gt.png,e07a893b974200b68dc37dd9e24bf88f6cf7f032d2165ab430af1a97fe2fb9c4,83489bca17be5afdd4fdf219ca3f71b16d5b1769f7d8b86de186e9af97bfd7ed
rpng,table_01,2145,2,vanilla,snapshot_01,631,484,1662915747.4919207,1662915752.413163,4.9212422370910645,3613,17.801455670736036,"[308, 86, 513, 200]",/home/intern/gs_floaterLab/results/campaigns/gain_attribution/cvpr_assets/fixed_work_v1/render40/rpng/table_01/vanilla/curve_evaluation/snapshot_01/images/002145_render.png,384ebfc13a42e2e85affd44adfcbcaee222e68c18f6935c8358b9c15e2ace8a8,/home/intern/gs_floaterLab/results/campaigns/gain_attribution/cvpr_assets/fixed_work_v1/render40/rpng/table_01/vanilla/curve_evaluation/snapshot_01/images/002145_gt.png,e07a893b974200b68dc37dd9e24bf88f6cf7f032d2165ab430af1a97fe2fb9c4,e576a1874cf05fa094a61b1d7daa77249ce4c8a1d7dc1ac553e41bfe1a9947c3
rpng,table_01,2145,2,vanilla,snapshot_02,1007,484,1662915747.4919207,1662915764.9217236,17.429802894592285,5253,21.391151860750902,"[308, 86, 513, 200]",/home/intern/gs_floaterLab/results/campaigns/gain_attribution/cvpr_assets/fixed_work_v1/render40/rpng/table_01/vanilla/curve_evaluation/snapshot_02/images/002145_render.png,2c38d389f20f3f13f9f345cc0cc349b9cd0cb59120cb56c3c8ee91e35f546776,/home/intern/gs_floaterLab/results/campaigns/gain_attribution/cvpr_assets/fixed_work_v1/render40/rpng/table_01/vanilla/curve_evaluation/snapshot_02/images/002145_gt.png,e07a893b974200b68dc37dd9e24bf88f6cf7f032d2165ab430af1a97fe2fb9c4,e576a1874cf05fa094a61b1d7daa77249ce4c8a1d7dc1ac553e41bfe1a9947c3
rpng,table_01,2145,2,vanilla,snapshot_03,1382,484,1662915747.4919207,1662915777.4207704,29.928849697113037,6693,20.219950803684487,"[308, 86, 513, 200]",/home/intern/gs_floaterLab/results/campaigns/gain_attribution/cvpr_assets/fixed_work_v1/render40/rpng/table_01/vanilla/curve_evaluation/snapshot_03/images/002145_render.png,3fae7a231a9cedc7e23ff7687bce44ad75d7271c7dc3c3ce9cec0ee13aef1b7c,/home/intern/gs_floaterLab/results/campaigns/gain_attribution/cvpr_assets/fixed_work_v1/render40/rpng/table_01/vanilla/curve_evaluation/snapshot_03/images/002145_gt.png,e07a893b974200b68dc37dd9e24bf88f6cf7f032d2165ab430af1a97fe2fb9c4,e576a1874cf05fa094a61b1d7daa77249ce4c8a1d7dc1ac553e41bfe1a9947c3
rpng,table_01,2145,2,vanilla,snapshot_04,1757,484,1662915747.4919207,1662915789.9369884,42.44506764411926,7813,23.0757508133825,"[308, 86, 513, 200]",/home/intern/gs_floaterLab/results/campaigns/gain_attribution/cvpr_assets/fixed_work_v1/render40/rpng/table_01/vanilla/curve_evaluation/snapshot_04/images/002145_render.png,861b1da51cbf5b8eacfda87032d120645345b74d163a9ce889668875d56f120a,/home/intern/gs_floaterLab/results/campaigns/gain_attribution/cvpr_assets/fixed_work_v1/render40/rpng/table_01/vanilla/curve_evaluation/snapshot_04/images/002145_gt.png,e07a893b974200b68dc37dd9e24bf88f6cf7f032d2165ab430af1a97fe2fb9c4,e576a1874cf05fa094a61b1d7daa77249ce4c8a1d7dc1ac553e41bfe1a9947c3
rpng,table_01,2145,2,vanilla,snapshot_05,2145,484,1662915747.4919207,1662915802.8595443,55.36762356758118,9333,22.935308895112772,"[308, 86, 513, 200]",/home/intern/gs_floaterLab/results/campaigns/gain_attribution/cvpr_assets/fixed_work_v1/render40/rpng/table_01/vanilla/curve_evaluation/snapshot_05/images/002145_render.png,fe9aff6aa0a88ec571e70b93606cca1aa16faaa7fa0f0d725223f5f5a3c7946a,/home/intern/gs_floaterLab/results/campaigns/gain_attribution/cvpr_assets/fixed_work_v1/render40/rpng/table_01/vanilla/curve_evaluation/snapshot_05/images/002145_gt.png,e07a893b974200b68dc37dd9e24bf88f6cf7f032d2165ab430af1a97fe2fb9c4,e576a1874cf05fa094a61b1d7daa77249ce4c8a1d7dc1ac553e41bfe1a9947c3
rpng,table_01,2145,2,vanilla,final,2505,484,1662915747.4919207,1662915814.870829,67.37890839576721,10040,22.564754342593332,"[308, 86, 513, 200]",/home/intern/gs_floaterLab/results/campaigns/gain_attribution/cvpr_assets/fixed_work_v1/render40/rpng/table_01/vanilla/curve_evaluation/final/images/002145_render.png,f38df42290f3fb621e07bf707dd942a56c510d834c3c157cb2218d9aa2f707e0,/home/intern/gs_floaterLab/results/campaigns/gain_attribution/cvpr_assets/fixed_work_v1/render40/rpng/table_01/vanilla/curve_evaluation/final/images/002145_gt.png,e07a893b974200b68dc37dd9e24bf88f6cf7f032d2165ab430af1a97fe2fb9c4,e576a1874cf05fa094a61b1d7daa77249ce4c8a1d7dc1ac553e41bfe1a9947c3
rpng,table_01,2145,2,d3,snapshot_01,631,484,1662915747.4919207,1662915752.413163,4.9212422370910645,3601,18.109030567512168,"[308, 86, 513, 200]",/home/intern/gs_floaterLab/results/campaigns/gain_attribution/cvpr_assets/fixed_work_v1/render40/rpng/table_01/d3/curve_evaluation/snapshot_01/images/002145_render.png,3d84f412a1329c9439b4ae91d20547b11262f56297272c2f8e289ad127e20e61,/home/intern/gs_floaterLab/results/campaigns/gain_attribution/cvpr_assets/fixed_work_v1/render40/rpng/table_01/d3/curve_evaluation/snapshot_01/images/002145_gt.png,e07a893b974200b68dc37dd9e24bf88f6cf7f032d2165ab430af1a97fe2fb9c4,83489bca17be5afdd4fdf219ca3f71b16d5b1769f7d8b86de186e9af97bfd7ed
rpng,table_01,2145,2,d3,snapshot_02,1007,484,1662915747.4919207,1662915764.9217236,17.429802894592285,5241,21.979613882178146,"[308, 86, 513, 200]",/home/intern/gs_floaterLab/results/campaigns/gain_attribution/cvpr_assets/fixed_work_v1/render40/rpng/table_01/d3/curve_evaluation/snapshot_02/images/002145_render.png,3dad18eef5266f07aeb4a4829b69e0189853abace0a361ff6cd759921c9bbed5,/home/intern/gs_floaterLab/results/campaigns/gain_attribution/cvpr_assets/fixed_work_v1/render40/rpng/table_01/d3/curve_evaluation/snapshot_02/images/002145_gt.png,e07a893b974200b68dc37dd9e24bf88f6cf7f032d2165ab430af1a97fe2fb9c4,83489bca17be5afdd4fdf219ca3f71b16d5b1769f7d8b86de186e9af97bfd7ed
rpng,table_01,2145,2,d3,snapshot_03,1382,484,1662915747.4919207,1662915777.4207704,29.928849697113037,6681,23.152536977199848,"[308, 86, 513, 200]",/home/intern/gs_floaterLab/results/campaigns/gain_attribution/cvpr_assets/fixed_work_v1/render40/rpng/table_01/d3/curve_evaluation/snapshot_03/images/002145_render.png,9b65f31a7998eea7a6f2377447fec23e694d3373b62c7a1958ff48f249f589de,/home/intern/gs_floaterLab/results/campaigns/gain_attribution/cvpr_assets/fixed_work_v1/render40/rpng/table_01/d3/curve_evaluation/snapshot_03/images/002145_gt.png,e07a893b974200b68dc37dd9e24bf88f6cf7f032d2165ab430af1a97fe2fb9c4,83489bca17be5afdd4fdf219ca3f71b16d5b1769f7d8b86de186e9af97bfd7ed
rpng,table_01,2145,2,d3,snapshot_04,1757,484,1662915747.4919207,1662915789.9369884,42.44506764411926,7801,23.823616448092814,"[308, 86, 513, 200]",/home/intern/gs_floaterLab/results/campaigns/gain_attribution/cvpr_assets/fixed_work_v1/render40/rpng/table_01/d3/curve_evaluation/snapshot_04/images/002145_render.png,175f4a4489c17e988cea1ef921b5c48a6ccf0198e7f8efd5935d8a4cdc82fb59,/home/intern/gs_floaterLab/results/campaigns/gain_attribution/cvpr_assets/fixed_work_v1/render40/rpng/table_01/d3/curve_evaluation/snapshot_04/images/002145_gt.png,e07a893b974200b68dc37dd9e24bf88f6cf7f032d2165ab430af1a97fe2fb9c4,83489bca17be5afdd4fdf219ca3f71b16d5b1769f7d8b86de186e9af97bfd7ed
rpng,table_01,2145,2,d3,snapshot_05,2145,484,1662915747.4919207,1662915802.8595443,55.36762356758118,9321,24.985551306999877,"[308, 86, 513, 200]",/home/intern/gs_floaterLab/results/campaigns/gain_attribution/cvpr_assets/fixed_work_v1/render40/rpng/table_01/d3/curve_evaluation/snapshot_05/images/002145_render.png,98ce2397d77cacd32d71aa676402a6273d3e9d5e66fa27d3e610fe2d30755d29,/home/intern/gs_floaterLab/results/campaigns/gain_attribution/cvpr_assets/fixed_work_v1/render40/rpng/table_01/d3/curve_evaluation/snapshot_05/images/002145_gt.png,e07a893b974200b68dc37dd9e24bf88f6cf7f032d2165ab430af1a97fe2fb9c4,83489bca17be5afdd4fdf219ca3f71b16d5b1769f7d8b86de186e9af97bfd7ed
rpng,table_01,2145,2,d3,final,2505,484,1662915747.4919207,1662915814.870829,67.37890839576721,10040,23.832000883011336,"[308, 86, 513, 200]",/home/intern/gs_floaterLab/results/campaigns/gain_attribution/cvpr_assets/fixed_work_v1/render40/rpng/table_01/d3/curve_evaluation/final/images/002145_render.png,b34f7c76b77fe3878a9af498d2fd0c60318c40ea70a6648e87fd8019c1e1bb17,/home/intern/gs_floaterLab/results/campaigns/gain_attribution/cvpr_assets/fixed_work_v1/render40/rpng/table_01/d3/curve_evaluation/final/images/002145_gt.png,e07a893b974200b68dc37dd9e24bf88f6cf7f032d2165ab430af1a97fe2fb9c4,83489bca17be5afdd4fdf219ca3f71b16d5b1769f7d8b86de186e9af97bfd7ed
rpng,table_02,1665,0,vanilla,snapshot_01,729,503,1662917379.6298525,1662917387.1462126,7.51636004447937,4613,14.308302476230928,"[0, 143, 205, 257]",/home/intern/gs_floaterLab/results/campaigns/gain_attribution/cvpr_assets/fixed_work_v1/render40/rpng/table_02/vanilla/curve_evaluation/snapshot_01/images/001665_render.png,5fa69c7561e6b41ae6f4ab83dde7fe90e1ba108390000d3b4603d7aa99917c52,/home/intern/gs_floaterLab/results/campaigns/gain_attribution/cvpr_assets/fixed_work_v1/render40/rpng/table_02/vanilla/curve_evaluation/snapshot_01/images/001665_gt.png,8408b4c675114feb258334dbd0a59b27b503689fb2b90025909d0fbd498f8d14,128bd3ef151e3a1d351a19f7923fe3382196abeefee7a4bb2a16535ad15714c1
rpng,table_02,1665,0,vanilla,snapshot_02,1173,503,1662917379.6298525,1662917401.9547737,22.324921131134033,6493,16.961625067255113,"[0, 143, 205, 257]",/home/intern/gs_floaterLab/results/campaigns/gain_attribution/cvpr_assets/fixed_work_v1/render40/rpng/table_02/vanilla/curve_evaluation/snapshot_02/images/001665_render.png,d8869d9d79264702bbcb2563777ed2a999fd7e94e29420fd255625380d999989,/home/intern/gs_floaterLab/results/campaigns/gain_attribution/cvpr_assets/fixed_work_v1/render40/rpng/table_02/vanilla/curve_evaluation/snapshot_02/images/001665_gt.png,8408b4c675114feb258334dbd0a59b27b503689fb2b90025909d0fbd498f8d14,128bd3ef151e3a1d351a19f7923fe3382196abeefee7a4bb2a16535ad15714c1
rpng,table_02,1665,0,vanilla,snapshot_03,1602,503,1662917379.6298525,1662917416.2571855,36.62733292579651,8333,17.44279146448606,"[0, 143, 205, 257]",/home/intern/gs_floaterLab/results/campaigns/gain_attribution/cvpr_assets/fixed_work_v1/render40/rpng/table_02/vanilla/curve_evaluation/snapshot_03/images/001665_render.png,988685bdcaa19ea542894bc2e25f4329e90ba94473b9792b681b11235cbe947e,/home/intern/gs_floaterLab/results/campaigns/gain_attribution/cvpr_assets/fixed_work_v1/render40/rpng/table_02/vanilla/curve_evaluation/snapshot_03/images/001665_gt.png,8408b4c675114feb258334dbd0a59b27b503689fb2b90025909d0fbd498f8d14,128bd3ef151e3a1d351a19f7923fe3382196abeefee7a4bb2a16535ad15714c1
rpng,table_02,1665,0,vanilla,snapshot_04,2046,503,1662917379.6298525,1662917431.0678384,51.43798589706421,10212,19.213609319711054,"[0, 143, 205, 257]",/home/intern/gs_floaterLab/results/campaigns/gain_attribution/cvpr_assets/fixed_work_v1/render40/rpng/table_02/vanilla/curve_evaluation/snapshot_04/images/001665_render.png,6778a01f90402b861608cf4013559b3da8a20b1c0e84441880f65585862b1d18,/home/intern/gs_floaterLab/results/campaigns/gain_attribution/cvpr_assets/fixed_work_v1/render40/rpng/table_02/vanilla/curve_evaluation/snapshot_04/images/001665_gt.png,8408b4c675114feb258334dbd0a59b27b503689fb2b90025909d0fbd498f8d14,128bd3ef151e3a1d351a19f7923fe3382196abeefee7a4bb2a16535ad15714c1
rpng,table_02,1665,0,vanilla,snapshot_05,2482,503,1662917379.6298525,1662917445.614341,65.98448848724365,12012,20.020112542543615,"[0, 143, 205, 257]",/home/intern/gs_floaterLab/results/campaigns/gain_attribution/cvpr_assets/fixed_work_v1/render40/rpng/table_02/vanilla/curve_evaluation/snapshot_05/images/001665_render.png,d7ac135bd8fa80107915c191c6ffe8476172ff0e5a24c084ddb590de333e855e,/home/intern/gs_floaterLab/results/campaigns/gain_attribution/cvpr_assets/fixed_work_v1/render40/rpng/table_02/vanilla/curve_evaluation/snapshot_05/images/001665_gt.png,8408b4c675114feb258334dbd0a59b27b503689fb2b90025909d0fbd498f8d14,128bd3ef151e3a1d351a19f7923fe3382196abeefee7a4bb2a16535ad15714c1
rpng,table_02,1665,0,vanilla,final,2913,503,1662917379.6298525,1662917459.9991598,80.36930727958679,13200,20.978423034635277,"[0, 143, 205, 257]",/home/intern/gs_floaterLab/results/campaigns/gain_attribution/cvpr_assets/fixed_work_v1/render40/rpng/table_02/vanilla/curve_evaluation/final/images/001665_render.png,1e257938e56f798dbdeaec3a8755162516abbd73e8626347ce4695c55e15bafe,/home/intern/gs_floaterLab/results/campaigns/gain_attribution/cvpr_assets/fixed_work_v1/render40/rpng/table_02/vanilla/curve_evaluation/final/images/001665_gt.png,8408b4c675114feb258334dbd0a59b27b503689fb2b90025909d0fbd498f8d14,128bd3ef151e3a1d351a19f7923fe3382196abeefee7a4bb2a16535ad15714c1
rpng,table_02,1665,0,d3,snapshot_01,729,503,1662917379.6298525,1662917387.1462126,7.51636004447937,4601,15.384535303117243,"[0, 143, 205, 257]",/home/intern/gs_floaterLab/results/campaigns/gain_attribution/cvpr_assets/fixed_work_v1/render40/rpng/table_02/d3/curve_evaluation/snapshot_01/images/001665_render.png,d9031536df4e4c7d024f0f311d12d6a52fa79c5794f2629f60df1247611c67ce,/home/intern/gs_floaterLab/results/campaigns/gain_attribution/cvpr_assets/fixed_work_v1/render40/rpng/table_02/d3/curve_evaluation/snapshot_01/images/001665_gt.png,8408b4c675114feb258334dbd0a59b27b503689fb2b90025909d0fbd498f8d14,320e5ac529cca1b7a27b5aceaf5bfe610b02b369c46fd62a585aa1c4f3693136
rpng,table_02,1665,0,d3,snapshot_02,1173,503,1662917379.6298525,1662917401.9547737,22.324921131134033,6481,16.906751039284128,"[0, 143, 205, 257]",/home/intern/gs_floaterLab/results/campaigns/gain_attribution/cvpr_assets/fixed_work_v1/render40/rpng/table_02/d3/curve_evaluation/snapshot_02/images/001665_render.png,704a35eea7d0584afd2f144b260664632b2fe74ab0c10e23d2db0ce9b0ef7314,/home/intern/gs_floaterLab/results/campaigns/gain_attribution/cvpr_assets/fixed_work_v1/render40/rpng/table_02/d3/curve_evaluation/snapshot_02/images/001665_gt.png,8408b4c675114feb258334dbd0a59b27b503689fb2b90025909d0fbd498f8d14,320e5ac529cca1b7a27b5aceaf5bfe610b02b369c46fd62a585aa1c4f3693136
rpng,table_02,1665,0,d3,snapshot_03,1602,503,1662917379.6298525,1662917416.2571855,36.62733292579651,8321,19.985707192056328,"[0, 143, 205, 257]",/home/intern/gs_floaterLab/results/campaigns/gain_attribution/cvpr_assets/fixed_work_v1/render40/rpng/table_02/d3/curve_evaluation/snapshot_03/images/001665_render.png,59f9f583805710df0625497078c1939fe8525d210935bf9718aa56523f42d131,/home/intern/gs_floaterLab/results/campaigns/gain_attribution/cvpr_assets/fixed_work_v1/render40/rpng/table_02/d3/curve_evaluation/snapshot_03/images/001665_gt.png,8408b4c675114feb258334dbd0a59b27b503689fb2b90025909d0fbd498f8d14,320e5ac529cca1b7a27b5aceaf5bfe610b02b369c46fd62a585aa1c4f3693136
rpng,table_02,1665,0,d3,snapshot_04,2046,503,1662917379.6298525,1662917431.0678384,51.43798589706421,10201,20.13891936940976,"[0, 143, 205, 257]",/home/intern/gs_floaterLab/results/campaigns/gain_attribution/cvpr_assets/fixed_work_v1/render40/rpng/table_02/d3/curve_evaluation/snapshot_04/images/001665_render.png,d345c210816f6bb9c29dfaf2439a9440f73d0d641960a08445203eee669e91fb,/home/intern/gs_floaterLab/results/campaigns/gain_attribution/cvpr_assets/fixed_work_v1/render40/rpng/table_02/d3/curve_evaluation/snapshot_04/images/001665_gt.png,8408b4c675114feb258334dbd0a59b27b503689fb2b90025909d0fbd498f8d14,320e5ac529cca1b7a27b5aceaf5bfe610b02b369c46fd62a585aa1c4f3693136
rpng,table_02,1665,0,d3,snapshot_05,2482,503,1662917379.6298525,1662917445.614341,65.98448848724365,12001,23.50185935531283,"[0, 143, 205, 257]",/home/intern/gs_floaterLab/results/campaigns/gain_attribution/cvpr_assets/fixed_work_v1/render40/rpng/table_02/d3/curve_evaluation/snapshot_05/images/001665_render.png,879943d58347351283f105e46ae1ea28a12bfa90c9c0e27341e85d0d58ab4f80,/home/intern/gs_floaterLab/results/campaigns/gain_attribution/cvpr_assets/fixed_work_v1/render40/rpng/table_02/d3/curve_evaluation/snapshot_05/images/001665_gt.png,8408b4c675114feb258334dbd0a59b27b503689fb2b90025909d0fbd498f8d14,320e5ac529cca1b7a27b5aceaf5bfe610b02b369c46fd62a585aa1c4f3693136
rpng,table_02,1665,0,d3,final,2913,503,1662917379.6298525,1662917459.9991598,80.36930727958679,13200,23.931861846197368,"[0, 143, 205, 257]",/home/intern/gs_floaterLab/results/campaigns/gain_attribution/cvpr_assets/fixed_work_v1/render40/rpng/table_02/d3/curve_evaluation/final/images/001665_render.png,cb7ea3b14af56b088220107747930c84a913ca94e43320d8afc2b3fde75b7328,/home/intern/gs_floaterLab/results/campaigns/gain_attribution/cvpr_assets/fixed_work_v1/render40/rpng/table_02/d3/curve_evaluation/final/images/001665_gt.png,8408b4c675114feb258334dbd0a59b27b503689fb2b90025909d0fbd498f8d14,320e5ac529cca1b7a27b5aceaf5bfe610b02b369c46fd62a585aa1c4f3693136
rpng,table_02,1665,1,vanilla,snapshot_01,729,457,1662917378.0873928,1662917387.1462126,9.058819770812988,4613,13.954542738950275,"[102, 86, 307, 200]",/home/intern/gs_floaterLab/results/campaigns/gain_attribution/cvpr_assets/fixed_work_v1/render40/rpng/table_02/vanilla/curve_evaluation/snapshot_01/images/001665_render.png,5fa69c7561e6b41ae6f4ab83dde7fe90e1ba108390000d3b4603d7aa99917c52,/home/intern/gs_floaterLab/results/campaigns/gain_attribution/cvpr_assets/fixed_work_v1/render40/rpng/table_02/vanilla/curve_evaluation/snapshot_01/images/001665_gt.png,8408b4c675114feb258334dbd0a59b27b503689fb2b90025909d0fbd498f8d14,128bd3ef151e3a1d351a19f7923fe3382196abeefee7a4bb2a16535ad15714c1
rpng,table_02,1665,1,vanilla,snapshot_02,1173,457,1662917378.0873928,1662917401.9547737,23.86738085746765,6493,18.060743377542487,"[102, 86, 307, 200]",/home/intern/gs_floaterLab/results/campaigns/gain_attribution/cvpr_assets/fixed_work_v1/render40/rpng/table_02/vanilla/curve_evaluation/snapshot_02/images/001665_render.png,d8869d9d79264702bbcb2563777ed2a999fd7e94e29420fd255625380d999989,/home/intern/gs_floaterLab/results/campaigns/gain_attribution/cvpr_assets/fixed_work_v1/render40/rpng/table_02/vanilla/curve_evaluation/snapshot_02/images/001665_gt.png,8408b4c675114feb258334dbd0a59b27b503689fb2b90025909d0fbd498f8d14,128bd3ef151e3a1d351a19f7923fe3382196abeefee7a4bb2a16535ad15714c1
rpng,table_02,1665,1,vanilla,snapshot_03,1602,457,1662917378.0873928,1662917416.2571855,38.16979265213013,8333,17.468425016554022,"[102, 86, 307, 200]",/home/intern/gs_floaterLab/results/campaigns/gain_attribution/cvpr_assets/fixed_work_v1/render40/rpng/table_02/vanilla/curve_evaluation/snapshot_03/images/001665_render.png,988685bdcaa19ea542894bc2e25f4329e90ba94473b9792b681b11235cbe947e,/home/intern/gs_floaterLab/results/campaigns/gain_attribution/cvpr_assets/fixed_work_v1/render40/rpng/table_02/vanilla/curve_evaluation/snapshot_03/images/001665_gt.png,8408b4c675114feb258334dbd0a59b27b503689fb2b90025909d0fbd498f8d14,128bd3ef151e3a1d351a19f7923fe3382196abeefee7a4bb2a16535ad15714c1
rpng,table_02,1665,1,vanilla,snapshot_04,2046,457,1662917378.0873928,1662917431.0678384,52.98044562339783,10212,19.455625636927213,"[102, 86, 307, 200]",/home/intern/gs_floaterLab/results/campaigns/gain_attribution/cvpr_assets/fixed_work_v1/render40/rpng/table_02/vanilla/curve_evaluation/snapshot_04/images/001665_render.png,6778a01f90402b861608cf4013559b3da8a20b1c0e84441880f65585862b1d18,/home/intern/gs_floaterLab/results/campaigns/gain_attribution/cvpr_assets/fixed_work_v1/render40/rpng/table_02/vanilla/curve_evaluation/snapshot_04/images/001665_gt.png,8408b4c675114feb258334dbd0a59b27b503689fb2b90025909d0fbd498f8d14,128bd3ef151e3a1d351a19f7923fe3382196abeefee7a4bb2a16535ad15714c1
rpng,table_02,1665,1,vanilla,snapshot_05,2482,457,1662917378.0873928,1662917445.614341,67.52694821357727,12012,19.90771986295347,"[102, 86, 307, 200]",/home/intern/gs_floaterLab/results/campaigns/gain_attribution/cvpr_assets/fixed_work_v1/render40/rpng/table_02/vanilla/curve_evaluation/snapshot_05/images/001665_render.png,d7ac135bd8fa80107915c191c6ffe8476172ff0e5a24c084ddb590de333e855e,/home/intern/gs_floaterLab/results/campaigns/gain_attribution/cvpr_assets/fixed_work_v1/render40/rpng/table_02/vanilla/curve_evaluation/snapshot_05/images/001665_gt.png,8408b4c675114feb258334dbd0a59b27b503689fb2b90025909d0fbd498f8d14,128bd3ef151e3a1d351a19f7923fe3382196abeefee7a4bb2a16535ad15714c1
rpng,table_02,1665,1,vanilla,final,2913,457,1662917378.0873928,1662917459.9991598,81.91176700592041,13200,21.30956753186894,"[102, 86, 307, 200]",/home/intern/gs_floaterLab/results/campaigns/gain_attribution/cvpr_assets/fixed_work_v1/render40/rpng/table_02/vanilla/curve_evaluation/final/images/001665_render.png,1e257938e56f798dbdeaec3a8755162516abbd73e8626347ce4695c55e15bafe,/home/intern/gs_floaterLab/results/campaigns/gain_attribution/cvpr_assets/fixed_work_v1/render40/rpng/table_02/vanilla/curve_evaluation/final/images/001665_gt.png,8408b4c675114feb258334dbd0a59b27b503689fb2b90025909d0fbd498f8d14,128bd3ef151e3a1d351a19f7923fe3382196abeefee7a4bb2a16535ad15714c1
rpng,table_02,1665,1,d3,snapshot_01,729,457,1662917378.0873928,1662917387.1462126,9.058819770812988,4601,14.976259472618821,"[102, 86, 307, 200]",/home/intern/gs_floaterLab/results/campaigns/gain_attribution/cvpr_assets/fixed_work_v1/render40/rpng/table_02/d3/curve_evaluation/snapshot_01/images/001665_render.png,d9031536df4e4c7d024f0f311d12d6a52fa79c5794f2629f60df1247611c67ce,/home/intern/gs_floaterLab/results/campaigns/gain_attribution/cvpr_assets/fixed_work_v1/render40/rpng/table_02/d3/curve_evaluation/snapshot_01/images/001665_gt.png,8408b4c675114feb258334dbd0a59b27b503689fb2b90025909d0fbd498f8d14,320e5ac529cca1b7a27b5aceaf5bfe610b02b369c46fd62a585aa1c4f3693136
rpng,table_02,1665,1,d3,snapshot_02,1173,457,1662917378.0873928,1662917401.9547737,23.86738085746765,6481,17.15437308370156,"[102, 86, 307, 200]",/home/intern/gs_floaterLab/results/campaigns/gain_attribution/cvpr_assets/fixed_work_v1/render40/rpng/table_02/d3/curve_evaluation/snapshot_02/images/001665_render.png,704a35eea7d0584afd2f144b260664632b2fe74ab0c10e23d2db0ce9b0ef7314,/home/intern/gs_floaterLab/results/campaigns/gain_attribution/cvpr_assets/fixed_work_v1/render40/rpng/table_02/d3/curve_evaluation/snapshot_02/images/001665_gt.png,8408b4c675114feb258334dbd0a59b27b503689fb2b90025909d0fbd498f8d14,320e5ac529cca1b7a27b5aceaf5bfe610b02b369c46fd62a585aa1c4f3693136
rpng,table_02,1665,1,d3,snapshot_03,1602,457,1662917378.0873928,1662917416.2571855,38.16979265213013,8321,20.259755320112852,"[102, 86, 307, 200]",/home/intern/gs_floaterLab/results/campaigns/gain_attribution/cvpr_assets/fixed_work_v1/render40/rpng/table_02/d3/curve_evaluation/snapshot_03/images/001665_render.png,59f9f583805710df0625497078c1939fe8525d210935bf9718aa56523f42d131,/home/intern/gs_floaterLab/results/campaigns/gain_attribution/cvpr_assets/fixed_work_v1/render40/rpng/table_02/d3/curve_evaluation/snapshot_03/images/001665_gt.png,8408b4c675114feb258334dbd0a59b27b503689fb2b90025909d0fbd498f8d14,320e5ac529cca1b7a27b5aceaf5bfe610b02b369c46fd62a585aa1c4f3693136
rpng,table_02,1665,1,d3,snapshot_04,2046,457,1662917378.0873928,1662917431.0678384,52.98044562339783,10201,20.460698827449736,"[102, 86, 307, 200]",/home/intern/gs_floaterLab/results/campaigns/gain_attribution/cvpr_assets/fixed_work_v1/render40/rpng/table_02/d3/curve_evaluation/snapshot_04/images/001665_render.png,d345c210816f6bb9c29dfaf2439a9440f73d0d641960a08445203eee669e91fb,/home/intern/gs_floaterLab/results/campaigns/gain_attribution/cvpr_assets/fixed_work_v1/render40/rpng/table_02/d3/curve_evaluation/snapshot_04/images/001665_gt.png,8408b4c675114feb258334dbd0a59b27b503689fb2b90025909d0fbd498f8d14,320e5ac529cca1b7a27b5aceaf5bfe610b02b369c46fd62a585aa1c4f3693136
rpng,table_02,1665,1,d3,snapshot_05,2482,457,1662917378.0873928,1662917445.614341,67.52694821357727,12001,24.123303826040132,"[102, 86, 307, 200]",/home/intern/gs_floaterLab/results/campaigns/gain_attribution/cvpr_assets/fixed_work_v1/render40/rpng/table_02/d3/curve_evaluation/snapshot_05/images/001665_render.png,879943d58347351283f105e46ae1ea28a12bfa90c9c0e27341e85d0d58ab4f80,/home/intern/gs_floaterLab/results/campaigns/gain_attribution/cvpr_assets/fixed_work_v1/render40/rpng/table_02/d3/curve_evaluation/snapshot_05/images/001665_gt.png,8408b4c675114feb258334dbd0a59b27b503689fb2b90025909d0fbd498f8d14,320e5ac529cca1b7a27b5aceaf5bfe610b02b369c46fd62a585aa1c4f3693136
rpng,table_02,1665,1,d3,final,2913,457,1662917378.0873928,1662917459.9991598,81.91176700592041,13200,24.617142151447567,"[102, 86, 307, 200]",/home/intern/gs_floaterLab/results/campaigns/gain_attribution/cvpr_assets/fixed_work_v1/render40/rpng/table_02/d3/curve_evaluation/final/images/001665_render.png,cb7ea3b14af56b088220107747930c84a913ca94e43320d8afc2b3fde75b7328,/home/intern/gs_floaterLab/results/campaigns/gain_attribution/cvpr_assets/fixed_work_v1/render40/rpng/table_02/d3/curve_evaluation/final/images/001665_gt.png,8408b4c675114feb258334dbd0a59b27b503689fb2b90025909d0fbd498f8d14,320e5ac529cca1b7a27b5aceaf5bfe610b02b369c46fd62a585aa1c4f3693136
rpng,table_02,1665,2,vanilla,snapshot_01,729,457,1662917378.0873928,1662917387.1462126,9.058819770812988,4613,13.580705483856663,"[205, 28, 410, 142]",/home/intern/gs_floaterLab/results/campaigns/gain_attribution/cvpr_assets/fixed_work_v1/render40/rpng/table_02/vanilla/curve_evaluation/snapshot_01/images/001665_render.png,5fa69c7561e6b41ae6f4ab83dde7fe90e1ba108390000d3b4603d7aa99917c52,/home/intern/gs_floaterLab/results/campaigns/gain_attribution/cvpr_assets/fixed_work_v1/render40/rpng/table_02/vanilla/curve_evaluation/snapshot_01/images/001665_gt.png,8408b4c675114feb258334dbd0a59b27b503689fb2b90025909d0fbd498f8d14,128bd3ef151e3a1d351a19f7923fe3382196abeefee7a4bb2a16535ad15714c1
rpng,table_02,1665,2,vanilla,snapshot_02,1173,457,1662917378.0873928,1662917401.9547737,23.86738085746765,6493,17.840304893844184,"[205, 28, 410, 142]",/home/intern/gs_floaterLab/results/campaigns/gain_attribution/cvpr_assets/fixed_work_v1/render40/rpng/table_02/vanilla/curve_evaluation/snapshot_02/images/001665_render.png,d8869d9d79264702bbcb2563777ed2a999fd7e94e29420fd255625380d999989,/home/intern/gs_floaterLab/results/campaigns/gain_attribution/cvpr_assets/fixed_work_v1/render40/rpng/table_02/vanilla/curve_evaluation/snapshot_02/images/001665_gt.png,8408b4c675114feb258334dbd0a59b27b503689fb2b90025909d0fbd498f8d14,128bd3ef151e3a1d351a19f7923fe3382196abeefee7a4bb2a16535ad15714c1
rpng,table_02,1665,2,vanilla,snapshot_03,1602,457,1662917378.0873928,1662917416.2571855,38.16979265213013,8333,17.619485807636007,"[205, 28, 410, 142]",/home/intern/gs_floaterLab/results/campaigns/gain_attribution/cvpr_assets/fixed_work_v1/render40/rpng/table_02/vanilla/curve_evaluation/snapshot_03/images/001665_render.png,988685bdcaa19ea542894bc2e25f4329e90ba94473b9792b681b11235cbe947e,/home/intern/gs_floaterLab/results/campaigns/gain_attribution/cvpr_assets/fixed_work_v1/render40/rpng/table_02/vanilla/curve_evaluation/snapshot_03/images/001665_gt.png,8408b4c675114feb258334dbd0a59b27b503689fb2b90025909d0fbd498f8d14,128bd3ef151e3a1d351a19f7923fe3382196abeefee7a4bb2a16535ad15714c1
rpng,table_02,1665,2,vanilla,snapshot_04,2046,457,1662917378.0873928,1662917431.0678384,52.98044562339783,10212,19.52706205713033,"[205, 28, 410, 142]",/home/intern/gs_floaterLab/results/campaigns/gain_attribution/cvpr_assets/fixed_work_v1/render40/rpng/table_02/vanilla/curve_evaluation/snapshot_04/images/001665_render.png,6778a01f90402b861608cf4013559b3da8a20b1c0e84441880f65585862b1d18,/home/intern/gs_floaterLab/results/campaigns/gain_attribution/cvpr_assets/fixed_work_v1/render40/rpng/table_02/vanilla/curve_evaluation/snapshot_04/images/001665_gt.png,8408b4c675114feb258334dbd0a59b27b503689fb2b90025909d0fbd498f8d14,128bd3ef151e3a1d351a19f7923fe3382196abeefee7a4bb2a16535ad15714c1
rpng,table_02,1665,2,vanilla,snapshot_05,2482,457,1662917378.0873928,1662917445.614341,67.52694821357727,12012,19.61021046846764,"[205, 28, 410, 142]",/home/intern/gs_floaterLab/results/campaigns/gain_attribution/cvpr_assets/fixed_work_v1/render40/rpng/table_02/vanilla/curve_evaluation/snapshot_05/images/001665_render.png,d7ac135bd8fa80107915c191c6ffe8476172ff0e5a24c084ddb590de333e855e,/home/intern/gs_floaterLab/results/campaigns/gain_attribution/cvpr_assets/fixed_work_v1/render40/rpng/table_02/vanilla/curve_evaluation/snapshot_05/images/001665_gt.png,8408b4c675114feb258334dbd0a59b27b503689fb2b90025909d0fbd498f8d14,128bd3ef151e3a1d351a19f7923fe3382196abeefee7a4bb2a16535ad15714c1
rpng,table_02,1665,2,vanilla,final,2913,457,1662917378.0873928,1662917459.9991598,81.91176700592041,13200,21.52990370809123,"[205, 28, 410, 142]",/home/intern/gs_floaterLab/results/campaigns/gain_attribution/cvpr_assets/fixed_work_v1/render40/rpng/table_02/vanilla/curve_evaluation/final/images/001665_render.png,1e257938e56f798dbdeaec3a8755162516abbd73e8626347ce4695c55e15bafe,/home/intern/gs_floaterLab/results/campaigns/gain_attribution/cvpr_assets/fixed_work_v1/render40/rpng/table_02/vanilla/curve_evaluation/final/images/001665_gt.png,8408b4c675114feb258334dbd0a59b27b503689fb2b90025909d0fbd498f8d14,128bd3ef151e3a1d351a19f7923fe3382196abeefee7a4bb2a16535ad15714c1
rpng,table_02,1665,2,d3,snapshot_01,729,457,1662917378.0873928,1662917387.1462126,9.058819770812988,4601,14.743344318040297,"[205, 28, 410, 142]",/home/intern/gs_floaterLab/results/campaigns/gain_attribution/cvpr_assets/fixed_work_v1/render40/rpng/table_02/d3/curve_evaluation/snapshot_01/images/001665_render.png,d9031536df4e4c7d024f0f311d12d6a52fa79c5794f2629f60df1247611c67ce,/home/intern/gs_floaterLab/results/campaigns/gain_attribution/cvpr_assets/fixed_work_v1/render40/rpng/table_02/d3/curve_evaluation/snapshot_01/images/001665_gt.png,8408b4c675114feb258334dbd0a59b27b503689fb2b90025909d0fbd498f8d14,320e5ac529cca1b7a27b5aceaf5bfe610b02b369c46fd62a585aa1c4f3693136
rpng,table_02,1665,2,d3,snapshot_02,1173,457,1662917378.0873928,1662917401.9547737,23.86738085746765,6481,17.369995611490864,"[205, 28, 410, 142]",/home/intern/gs_floaterLab/results/campaigns/gain_attribution/cvpr_assets/fixed_work_v1/render40/rpng/table_02/d3/curve_evaluation/snapshot_02/images/001665_render.png,704a35eea7d0584afd2f144b260664632b2fe74ab0c10e23d2db0ce9b0ef7314,/home/intern/gs_floaterLab/results/campaigns/gain_attribution/cvpr_assets/fixed_work_v1/render40/rpng/table_02/d3/curve_evaluation/snapshot_02/images/001665_gt.png,8408b4c675114feb258334dbd0a59b27b503689fb2b90025909d0fbd498f8d14,320e5ac529cca1b7a27b5aceaf5bfe610b02b369c46fd62a585aa1c4f3693136
rpng,table_02,1665,2,d3,snapshot_03,1602,457,1662917378.0873928,1662917416.2571855,38.16979265213013,8321,20.246049674410674,"[205, 28, 410, 142]",/home/intern/gs_floaterLab/results/campaigns/gain_attribution/cvpr_assets/fixed_work_v1/render40/rpng/table_02/d3/curve_evaluation/snapshot_03/images/001665_render.png,59f9f583805710df0625497078c1939fe8525d210935bf9718aa56523f42d131,/home/intern/gs_floaterLab/results/campaigns/gain_attribution/cvpr_assets/fixed_work_v1/render40/rpng/table_02/d3/curve_evaluation/snapshot_03/images/001665_gt.png,8408b4c675114feb258334dbd0a59b27b503689fb2b90025909d0fbd498f8d14,320e5ac529cca1b7a27b5aceaf5bfe610b02b369c46fd62a585aa1c4f3693136
rpng,table_02,1665,2,d3,snapshot_04,2046,457,1662917378.0873928,1662917431.0678384,52.98044562339783,10201,21.14454459497623,"[205, 28, 410, 142]",/home/intern/gs_floaterLab/results/campaigns/gain_attribution/cvpr_assets/fixed_work_v1/render40/rpng/table_02/d3/curve_evaluation/snapshot_04/images/001665_render.png,d345c210816f6bb9c29dfaf2439a9440f73d0d641960a08445203eee669e91fb,/home/intern/gs_floaterLab/results/campaigns/gain_attribution/cvpr_assets/fixed_work_v1/render40/rpng/table_02/d3/curve_evaluation/snapshot_04/images/001665_gt.png,8408b4c675114feb258334dbd0a59b27b503689fb2b90025909d0fbd498f8d14,320e5ac529cca1b7a27b5aceaf5bfe610b02b369c46fd62a585aa1c4f3693136
rpng,table_02,1665,2,d3,snapshot_05,2482,457,1662917378.0873928,1662917445.614341,67.52694821357727,12001,24.037598616895117,"[205, 28, 410, 142]",/home/intern/gs_floaterLab/results/campaigns/gain_attribution/cvpr_assets/fixed_work_v1/render40/rpng/table_02/d3/curve_evaluation/snapshot_05/images/001665_render.png,879943d58347351283f105e46ae1ea28a12bfa90c9c0e27341e85d0d58ab4f80,/home/intern/gs_floaterLab/results/campaigns/gain_attribution/cvpr_assets/fixed_work_v1/render40/rpng/table_02/d3/curve_evaluation/snapshot_05/images/001665_gt.png,8408b4c675114feb258334dbd0a59b27b503689fb2b90025909d0fbd498f8d14,320e5ac529cca1b7a27b5aceaf5bfe610b02b369c46fd62a585aa1c4f3693136
rpng,table_02,1665,2,d3,final,2913,457,1662917378.0873928,1662917459.9991598,81.91176700592041,13200,25.09678547773771,"[205, 28, 410, 142]",/home/intern/gs_floaterLab/results/campaigns/gain_attribution/cvpr_assets/fixed_work_v1/render40/rpng/table_02/d3/curve_evaluation/final/images/001665_render.png,cb7ea3b14af56b088220107747930c84a913ca94e43320d8afc2b3fde75b7328,/home/intern/gs_floaterLab/results/campaigns/gain_attribution/cvpr_assets/fixed_work_v1/render40/rpng/table_02/d3/curve_evaluation/final/images/001665_gt.png,8408b4c675114feb258334dbd0a59b27b503689fb2b90025909d0fbd498f8d14,320e5ac529cca1b7a27b5aceaf5bfe610b02b369c46fd62a585aa1c4f3693136
rpng,table_02,2495,0,vanilla,snapshot_01,729,511,1662917379.8956137,1662917387.1462126,7.250598907470703,4613,15.2342405342775,"[154, 28, 359, 142]",/home/intern/gs_floaterLab/results/campaigns/gain_attribution/cvpr_assets/fixed_work_v1/render40/rpng/table_02/vanilla/curve_evaluation/snapshot_01/images/002495_render.png,061f17c62a4d4acfcac7306e9ef3dcaf704f94790548543c16c3ead95dc467ab,/home/intern/gs_floaterLab/results/campaigns/gain_attribution/cvpr_assets/fixed_work_v1/render40/rpng/table_02/vanilla/curve_evaluation/snapshot_01/images/002495_gt.png,1f5eb6add2916cafa8ef9902203a3bcb1b5aa65d584a600b17cd71ff5c3bcc09,128bd3ef151e3a1d351a19f7923fe3382196abeefee7a4bb2a16535ad15714c1
rpng,table_02,2495,0,vanilla,snapshot_02,1173,511,1662917379.8956137,1662917401.9547737,22.059159994125366,6493,21.063603271078087,"[154, 28, 359, 142]",/home/intern/gs_floaterLab/results/campaigns/gain_attribution/cvpr_assets/fixed_work_v1/render40/rpng/table_02/vanilla/curve_evaluation/snapshot_02/images/002495_render.png,778c8ad5a9ab3015f3ff9a67aa2c46088517423faee41bd2b51ef573f7b5637b,/home/intern/gs_floaterLab/results/campaigns/gain_attribution/cvpr_assets/fixed_work_v1/render40/rpng/table_02/vanilla/curve_evaluation/snapshot_02/images/002495_gt.png,1f5eb6add2916cafa8ef9902203a3bcb1b5aa65d584a600b17cd71ff5c3bcc09,128bd3ef151e3a1d351a19f7923fe3382196abeefee7a4bb2a16535ad15714c1
rpng,table_02,2495,0,vanilla,snapshot_03,1602,511,1662917379.8956137,1662917416.2571855,36.36157178878784,8333,22.436531920713698,"[154, 28, 359, 142]",/home/intern/gs_floaterLab/results/campaigns/gain_attribution/cvpr_assets/fixed_work_v1/render40/rpng/table_02/vanilla/curve_evaluation/snapshot_03/images/002495_render.png,56f6df995c392970441b6015f576e0ce14bc921c34769a8c0b6dd6915bf7799f,/home/intern/gs_floaterLab/results/campaigns/gain_attribution/cvpr_assets/fixed_work_v1/render40/rpng/table_02/vanilla/curve_evaluation/snapshot_03/images/002495_gt.png,1f5eb6add2916cafa8ef9902203a3bcb1b5aa65d584a600b17cd71ff5c3bcc09,128bd3ef151e3a1d351a19f7923fe3382196abeefee7a4bb2a16535ad15714c1
rpng,table_02,2495,0,vanilla,snapshot_04,2046,511,1662917379.8956137,1662917431.0678384,51.17222476005554,10212,21.980473838160602,"[154, 28, 359, 142]",/home/intern/gs_floaterLab/results/campaigns/gain_attribution/cvpr_assets/fixed_work_v1/render40/rpng/table_02/vanilla/curve_evaluation/snapshot_04/images/002495_render.png,d8bff63ee00a8752b443a56a05ae791cabb567b6c4dc135d91583e4ef57b4a74,/home/intern/gs_floaterLab/results/campaigns/gain_attribution/cvpr_assets/fixed_work_v1/render40/rpng/table_02/vanilla/curve_evaluation/snapshot_04/images/002495_gt.png,1f5eb6add2916cafa8ef9902203a3bcb1b5aa65d584a600b17cd71ff5c3bcc09,128bd3ef151e3a1d351a19f7923fe3382196abeefee7a4bb2a16535ad15714c1
rpng,table_02,2495,0,vanilla,snapshot_05,2482,511,1662917379.8956137,1662917445.614341,65.71872735023499,12012,23.517071971394493,"[154, 28, 359, 142]",/home/intern/gs_floaterLab/results/campaigns/gain_attribution/cvpr_assets/fixed_work_v1/render40/rpng/table_02/vanilla/curve_evaluation/snapshot_05/images/002495_render.png,30c71ae60dd5e859733b0b20fd5583b038971bf1c151ff692f72a8e329fe60e6,/home/intern/gs_floaterLab/results/campaigns/gain_attribution/cvpr_assets/fixed_work_v1/render40/rpng/table_02/vanilla/curve_evaluation/snapshot_05/images/002495_gt.png,1f5eb6add2916cafa8ef9902203a3bcb1b5aa65d584a600b17cd71ff5c3bcc09,128bd3ef151e3a1d351a19f7923fe3382196abeefee7a4bb2a16535ad15714c1
rpng,table_02,2495,0,vanilla,final,2913,511,1662917379.8956137,1662917459.9991598,80.10354614257812,13200,21.495921017295146,"[154, 28, 359, 142]",/home/intern/gs_floaterLab/results/campaigns/gain_attribution/cvpr_assets/fixed_work_v1/render40/rpng/table_02/vanilla/curve_evaluation/final/images/002495_render.png,805c97693036e42aacaabe4354baecb1fe0d7c91e1f0e9c50ce34cda5010c26a,/home/intern/gs_floaterLab/results/campaigns/gain_attribution/cvpr_assets/fixed_work_v1/render40/rpng/table_02/vanilla/curve_evaluation/final/images/002495_gt.png,1f5eb6add2916cafa8ef9902203a3bcb1b5aa65d584a600b17cd71ff5c3bcc09,128bd3ef151e3a1d351a19f7923fe3382196abeefee7a4bb2a16535ad15714c1
rpng,table_02,2495,0,d3,snapshot_01,729,511,1662917379.8956137,1662917387.1462126,7.250598907470703,4601,16.65256298233253,"[154, 28, 359, 142]",/home/intern/gs_floaterLab/results/campaigns/gain_attribution/cvpr_assets/fixed_work_v1/render40/rpng/table_02/d3/curve_evaluation/snapshot_01/images/002495_render.png,5c6cc6659e963cc9078482a33eeb7a3258ed954a00fa32b0dd50eb2d0f16550c,/home/intern/gs_floaterLab/results/campaigns/gain_attribution/cvpr_assets/fixed_work_v1/render40/rpng/table_02/d3/curve_evaluation/snapshot_01/images/002495_gt.png,1f5eb6add2916cafa8ef9902203a3bcb1b5aa65d584a600b17cd71ff5c3bcc09,320e5ac529cca1b7a27b5aceaf5bfe610b02b369c46fd62a585aa1c4f3693136
rpng,table_02,2495,0,d3,snapshot_02,1173,511,1662917379.8956137,1662917401.9547737,22.059159994125366,6481,22.421586410118692,"[154, 28, 359, 142]",/home/intern/gs_floaterLab/results/campaigns/gain_attribution/cvpr_assets/fixed_work_v1/render40/rpng/table_02/d3/curve_evaluation/snapshot_02/images/002495_render.png,af62611b305fb07f5d8d8e73aa4549b416a4598297fb11b4f6b4635242ce573d,/home/intern/gs_floaterLab/results/campaigns/gain_attribution/cvpr_assets/fixed_work_v1/render40/rpng/table_02/d3/curve_evaluation/snapshot_02/images/002495_gt.png,1f5eb6add2916cafa8ef9902203a3bcb1b5aa65d584a600b17cd71ff5c3bcc09,320e5ac529cca1b7a27b5aceaf5bfe610b02b369c46fd62a585aa1c4f3693136
rpng,table_02,2495,0,d3,snapshot_03,1602,511,1662917379.8956137,1662917416.2571855,36.36157178878784,8321,23.001606726820114,"[154, 28, 359, 142]",/home/intern/gs_floaterLab/results/campaigns/gain_attribution/cvpr_assets/fixed_work_v1/render40/rpng/table_02/d3/curve_evaluation/snapshot_03/images/002495_render.png,5b252a022187a3049ad1b138bd2d9f1d23003557d20bf51df46196dbf5da652d,/home/intern/gs_floaterLab/results/campaigns/gain_attribution/cvpr_assets/fixed_work_v1/render40/rpng/table_02/d3/curve_evaluation/snapshot_03/images/002495_gt.png,1f5eb6add2916cafa8ef9902203a3bcb1b5aa65d584a600b17cd71ff5c3bcc09,320e5ac529cca1b7a27b5aceaf5bfe610b02b369c46fd62a585aa1c4f3693136
rpng,table_02,2495,0,d3,snapshot_04,2046,511,1662917379.8956137,1662917431.0678384,51.17222476005554,10201,22.38680323473829,"[154, 28, 359, 142]",/home/intern/gs_floaterLab/results/campaigns/gain_attribution/cvpr_assets/fixed_work_v1/render40/rpng/table_02/d3/curve_evaluation/snapshot_04/images/002495_render.png,f45c111c4a90fb641dce6e5723085853a0d1c2db6e3f81d34a7fb475e5fae080,/home/intern/gs_floaterLab/results/campaigns/gain_attribution/cvpr_assets/fixed_work_v1/render40/rpng/table_02/d3/curve_evaluation/snapshot_04/images/002495_gt.png,1f5eb6add2916cafa8ef9902203a3bcb1b5aa65d584a600b17cd71ff5c3bcc09,320e5ac529cca1b7a27b5aceaf5bfe610b02b369c46fd62a585aa1c4f3693136
rpng,table_02,2495,0,d3,snapshot_05,2482,511,1662917379.8956137,1662917445.614341,65.71872735023499,12001,23.701971992457295,"[154, 28, 359, 142]",/home/intern/gs_floaterLab/results/campaigns/gain_attribution/cvpr_assets/fixed_work_v1/render40/rpng/table_02/d3/curve_evaluation/snapshot_05/images/002495_render.png,7c7c7ff5082584ab5a5685980fdcd0ed1d32b86b873b5014276b51ab8884e44e,/home/intern/gs_floaterLab/results/campaigns/gain_attribution/cvpr_assets/fixed_work_v1/render40/rpng/table_02/d3/curve_evaluation/snapshot_05/images/002495_gt.png,1f5eb6add2916cafa8ef9902203a3bcb1b5aa65d584a600b17cd71ff5c3bcc09,320e5ac529cca1b7a27b5aceaf5bfe610b02b369c46fd62a585aa1c4f3693136
rpng,table_02,2495,0,d3,final,2913,511,1662917379.8956137,1662917459.9991598,80.10354614257812,13200,22.889237688627112,"[154, 28, 359, 142]",/home/intern/gs_floaterLab/results/campaigns/gain_attribution/cvpr_assets/fixed_work_v1/render40/rpng/table_02/d3/curve_evaluation/final/images/002495_render.png,d1b793fea6a300f2b8b25a4982b5104bb8ecb35c150b8bf86234f8798eb9d06e,/home/intern/gs_floaterLab/results/campaigns/gain_attribution/cvpr_assets/fixed_work_v1/render40/rpng/table_02/d3/curve_evaluation/final/images/002495_gt.png,1f5eb6add2916cafa8ef9902203a3bcb1b5aa65d584a600b17cd71ff5c3bcc09,320e5ac529cca1b7a27b5aceaf5bfe610b02b369c46fd62a585aa1c4f3693136
rpng,table_02,2495,1,vanilla,snapshot_01,729,551,1662917381.2245605,1662917387.1462126,5.92165207862854,4613,15.034663904682827,"[308, 0, 513, 114]",/home/intern/gs_floaterLab/results/campaigns/gain_attribution/cvpr_assets/fixed_work_v1/render40/rpng/table_02/vanilla/curve_evaluation/snapshot_01/images/002495_render.png,061f17c62a4d4acfcac7306e9ef3dcaf704f94790548543c16c3ead95dc467ab,/home/intern/gs_floaterLab/results/campaigns/gain_attribution/cvpr_assets/fixed_work_v1/render40/rpng/table_02/vanilla/curve_evaluation/snapshot_01/images/002495_gt.png,1f5eb6add2916cafa8ef9902203a3bcb1b5aa65d584a600b17cd71ff5c3bcc09,128bd3ef151e3a1d351a19f7923fe3382196abeefee7a4bb2a16535ad15714c1
rpng,table_02,2495,1,vanilla,snapshot_02,1173,551,1662917381.2245605,1662917401.9547737,20.730213165283203,6493,19.859835364767726,"[308, 0, 513, 114]",/home/intern/gs_floaterLab/results/campaigns/gain_attribution/cvpr_assets/fixed_work_v1/render40/rpng/table_02/vanilla/curve_evaluation/snapshot_02/images/002495_render.png,778c8ad5a9ab3015f3ff9a67aa2c46088517423faee41bd2b51ef573f7b5637b,/home/intern/gs_floaterLab/results/campaigns/gain_attribution/cvpr_assets/fixed_work_v1/render40/rpng/table_02/vanilla/curve_evaluation/snapshot_02/images/002495_gt.png,1f5eb6add2916cafa8ef9902203a3bcb1b5aa65d584a600b17cd71ff5c3bcc09,128bd3ef151e3a1d351a19f7923fe3382196abeefee7a4bb2a16535ad15714c1
rpng,table_02,2495,1,vanilla,snapshot_03,1602,551,1662917381.2245605,1662917416.2571855,35.03262495994568,8333,22.066130176274715,"[308, 0, 513, 114]",/home/intern/gs_floaterLab/results/campaigns/gain_attribution/cvpr_assets/fixed_work_v1/render40/rpng/table_02/vanilla/curve_evaluation/snapshot_03/images/002495_render.png,56f6df995c392970441b6015f576e0ce14bc921c34769a8c0b6dd6915bf7799f,/home/intern/gs_floaterLab/results/campaigns/gain_attribution/cvpr_assets/fixed_work_v1/render40/rpng/table_02/vanilla/curve_evaluation/snapshot_03/images/002495_gt.png,1f5eb6add2916cafa8ef9902203a3bcb1b5aa65d584a600b17cd71ff5c3bcc09,128bd3ef151e3a1d351a19f7923fe3382196abeefee7a4bb2a16535ad15714c1
rpng,table_02,2495,1,vanilla,snapshot_04,2046,551,1662917381.2245605,1662917431.0678384,49.84327793121338,10212,21.94043186171119,"[308, 0, 513, 114]",/home/intern/gs_floaterLab/results/campaigns/gain_attribution/cvpr_assets/fixed_work_v1/render40/rpng/table_02/vanilla/curve_evaluation/snapshot_04/images/002495_render.png,d8bff63ee00a8752b443a56a05ae791cabb567b6c4dc135d91583e4ef57b4a74,/home/intern/gs_floaterLab/results/campaigns/gain_attribution/cvpr_assets/fixed_work_v1/render40/rpng/table_02/vanilla/curve_evaluation/snapshot_04/images/002495_gt.png,1f5eb6add2916cafa8ef9902203a3bcb1b5aa65d584a600b17cd71ff5c3bcc09,128bd3ef151e3a1d351a19f7923fe3382196abeefee7a4bb2a16535ad15714c1
rpng,table_02,2495,1,vanilla,snapshot_05,2482,551,1662917381.2245605,1662917445.614341,64.38978052139282,12012,22.841937726361238,"[308, 0, 513, 114]",/home/intern/gs_floaterLab/results/campaigns/gain_attribution/cvpr_assets/fixed_work_v1/render40/rpng/table_02/vanilla/curve_evaluation/snapshot_05/images/002495_render.png,30c71ae60dd5e859733b0b20fd5583b038971bf1c151ff692f72a8e329fe60e6,/home/intern/gs_floaterLab/results/campaigns/gain_attribution/cvpr_assets/fixed_work_v1/render40/rpng/table_02/vanilla/curve_evaluation/snapshot_05/images/002495_gt.png,1f5eb6add2916cafa8ef9902203a3bcb1b5aa65d584a600b17cd71ff5c3bcc09,128bd3ef151e3a1d351a19f7923fe3382196abeefee7a4bb2a16535ad15714c1
rpng,table_02,2495,1,vanilla,final,2913,551,1662917381.2245605,1662917459.9991598,78.77459931373596,13200,21.695443767144077,"[308, 0, 513, 114]",/home/intern/gs_floaterLab/results/campaigns/gain_attribution/cvpr_assets/fixed_work_v1/render40/rpng/table_02/vanilla/curve_evaluation/final/images/002495_render.png,805c97693036e42aacaabe4354baecb1fe0d7c91e1f0e9c50ce34cda5010c26a,/home/intern/gs_floaterLab/results/campaigns/gain_attribution/cvpr_assets/fixed_work_v1/render40/rpng/table_02/vanilla/curve_evaluation/final/images/002495_gt.png,1f5eb6add2916cafa8ef9902203a3bcb1b5aa65d584a600b17cd71ff5c3bcc09,128bd3ef151e3a1d351a19f7923fe3382196abeefee7a4bb2a16535ad15714c1
rpng,table_02,2495,1,d3,snapshot_01,729,551,1662917381.2245605,1662917387.1462126,5.92165207862854,4601,15.618240266024419,"[308, 0, 513, 114]",/home/intern/gs_floaterLab/results/campaigns/gain_attribution/cvpr_assets/fixed_work_v1/render40/rpng/table_02/d3/curve_evaluation/snapshot_01/images/002495_render.png,5c6cc6659e963cc9078482a33eeb7a3258ed954a00fa32b0dd50eb2d0f16550c,/home/intern/gs_floaterLab/results/campaigns/gain_attribution/cvpr_assets/fixed_work_v1/render40/rpng/table_02/d3/curve_evaluation/snapshot_01/images/002495_gt.png,1f5eb6add2916cafa8ef9902203a3bcb1b5aa65d584a600b17cd71ff5c3bcc09,320e5ac529cca1b7a27b5aceaf5bfe610b02b369c46fd62a585aa1c4f3693136
rpng,table_02,2495,1,d3,snapshot_02,1173,551,1662917381.2245605,1662917401.9547737,20.730213165283203,6481,20.776192075478974,"[308, 0, 513, 114]",/home/intern/gs_floaterLab/results/campaigns/gain_attribution/cvpr_assets/fixed_work_v1/render40/rpng/table_02/d3/curve_evaluation/snapshot_02/images/002495_render.png,af62611b305fb07f5d8d8e73aa4549b416a4598297fb11b4f6b4635242ce573d,/home/intern/gs_floaterLab/results/campaigns/gain_attribution/cvpr_assets/fixed_work_v1/render40/rpng/table_02/d3/curve_evaluation/snapshot_02/images/002495_gt.png,1f5eb6add2916cafa8ef9902203a3bcb1b5aa65d584a600b17cd71ff5c3bcc09,320e5ac529cca1b7a27b5aceaf5bfe610b02b369c46fd62a585aa1c4f3693136
rpng,table_02,2495,1,d3,snapshot_03,1602,551,1662917381.2245605,1662917416.2571855,35.03262495994568,8321,22.145610756852054,"[308, 0, 513, 114]",/home/intern/gs_floaterLab/results/campaigns/gain_attribution/cvpr_assets/fixed_work_v1/render40/rpng/table_02/d3/curve_evaluation/snapshot_03/images/002495_render.png,5b252a022187a3049ad1b138bd2d9f1d23003557d20bf51df46196dbf5da652d,/home/intern/gs_floaterLab/results/campaigns/gain_attribution/cvpr_assets/fixed_work_v1/render40/rpng/table_02/d3/curve_evaluation/snapshot_03/images/002495_gt.png,1f5eb6add2916cafa8ef9902203a3bcb1b5aa65d584a600b17cd71ff5c3bcc09,320e5ac529cca1b7a27b5aceaf5bfe610b02b369c46fd62a585aa1c4f3693136
rpng,table_02,2495,1,d3,snapshot_04,2046,551,1662917381.2245605,1662917431.0678384,49.84327793121338,10201,22.295161051029332,"[308, 0, 513, 114]",/home/intern/gs_floaterLab/results/campaigns/gain_attribution/cvpr_assets/fixed_work_v1/render40/rpng/table_02/d3/curve_evaluation/snapshot_04/images/002495_render.png,f45c111c4a90fb641dce6e5723085853a0d1c2db6e3f81d34a7fb475e5fae080,/home/intern/gs_floaterLab/results/campaigns/gain_attribution/cvpr_assets/fixed_work_v1/render40/rpng/table_02/d3/curve_evaluation/snapshot_04/images/002495_gt.png,1f5eb6add2916cafa8ef9902203a3bcb1b5aa65d584a600b17cd71ff5c3bcc09,320e5ac529cca1b7a27b5aceaf5bfe610b02b369c46fd62a585aa1c4f3693136
rpng,table_02,2495,1,d3,snapshot_05,2482,551,1662917381.2245605,1662917445.614341,64.38978052139282,12001,21.95454051288565,"[308, 0, 513, 114]",/home/intern/gs_floaterLab/results/campaigns/gain_attribution/cvpr_assets/fixed_work_v1/render40/rpng/table_02/d3/curve_evaluation/snapshot_05/images/002495_render.png,7c7c7ff5082584ab5a5685980fdcd0ed1d32b86b873b5014276b51ab8884e44e,/home/intern/gs_floaterLab/results/campaigns/gain_attribution/cvpr_assets/fixed_work_v1/render40/rpng/table_02/d3/curve_evaluation/snapshot_05/images/002495_gt.png,1f5eb6add2916cafa8ef9902203a3bcb1b5aa65d584a600b17cd71ff5c3bcc09,320e5ac529cca1b7a27b5aceaf5bfe610b02b369c46fd62a585aa1c4f3693136
rpng,table_02,2495,1,d3,final,2913,551,1662917381.2245605,1662917459.9991598,78.77459931373596,13200,22.412831381131433,"[308, 0, 513, 114]",/home/intern/gs_floaterLab/results/campaigns/gain_attribution/cvpr_assets/fixed_work_v1/render40/rpng/table_02/d3/curve_evaluation/final/images/002495_render.png,d1b793fea6a300f2b8b25a4982b5104bb8ecb35c150b8bf86234f8798eb9d06e,/home/intern/gs_floaterLab/results/campaigns/gain_attribution/cvpr_assets/fixed_work_v1/render40/rpng/table_02/d3/curve_evaluation/final/images/002495_gt.png,1f5eb6add2916cafa8ef9902203a3bcb1b5aa65d584a600b17cd71ff5c3bcc09,320e5ac529cca1b7a27b5aceaf5bfe610b02b369c46fd62a585aa1c4f3693136
rpng,table_02,2495,2,vanilla,snapshot_01,729,548,1662917381.1248696,1662917387.1462126,6.021342992782593,4613,15.83330012428387,"[154, 115, 359, 229]",/home/intern/gs_floaterLab/results/campaigns/gain_attribution/cvpr_assets/fixed_work_v1/render40/rpng/table_02/vanilla/curve_evaluation/snapshot_01/images/002495_render.png,061f17c62a4d4acfcac7306e9ef3dcaf704f94790548543c16c3ead95dc467ab,/home/intern/gs_floaterLab/results/campaigns/gain_attribution/cvpr_assets/fixed_work_v1/render40/rpng/table_02/vanilla/curve_evaluation/snapshot_01/images/002495_gt.png,1f5eb6add2916cafa8ef9902203a3bcb1b5aa65d584a600b17cd71ff5c3bcc09,128bd3ef151e3a1d351a19f7923fe3382196abeefee7a4bb2a16535ad15714c1
rpng,table_02,2495,2,vanilla,snapshot_02,1173,548,1662917381.1248696,1662917401.9547737,20.829904079437256,6493,19.06556482503401,"[154, 115, 359, 229]",/home/intern/gs_floaterLab/results/campaigns/gain_attribution/cvpr_assets/fixed_work_v1/render40/rpng/table_02/vanilla/curve_evaluation/snapshot_02/images/002495_render.png,778c8ad5a9ab3015f3ff9a67aa2c46088517423faee41bd2b51ef573f7b5637b,/home/intern/gs_floaterLab/results/campaigns/gain_attribution/cvpr_assets/fixed_work_v1/render40/rpng/table_02/vanilla/curve_evaluation/snapshot_02/images/002495_gt.png,1f5eb6add2916cafa8ef9902203a3bcb1b5aa65d584a600b17cd71ff5c3bcc09,128bd3ef151e3a1d351a19f7923fe3382196abeefee7a4bb2a16535ad15714c1
rpng,table_02,2495,2,vanilla,snapshot_03,1602,548,1662917381.1248696,1662917416.2571855,35.13231587409973,8333,22.24447542548856,"[154, 115, 359, 229]",/home/intern/gs_floaterLab/results/campaigns/gain_attribution/cvpr_assets/fixed_work_v1/render40/rpng/table_02/vanilla/curve_evaluation/snapshot_03/images/002495_render.png,56f6df995c392970441b6015f576e0ce14bc921c34769a8c0b6dd6915bf7799f,/home/intern/gs_floaterLab/results/campaigns/gain_attribution/cvpr_assets/fixed_work_v1/render40/rpng/table_02/vanilla/curve_evaluation/snapshot_03/images/002495_gt.png,1f5eb6add2916cafa8ef9902203a3bcb1b5aa65d584a600b17cd71ff5c3bcc09,128bd3ef151e3a1d351a19f7923fe3382196abeefee7a4bb2a16535ad15714c1
rpng,table_02,2495,2,vanilla,snapshot_04,2046,548,1662917381.1248696,1662917431.0678384,49.94296884536743,10212,21.441002479331274,"[154, 115, 359, 229]",/home/intern/gs_floaterLab/results/campaigns/gain_attribution/cvpr_assets/fixed_work_v1/render40/rpng/table_02/vanilla/curve_evaluation/snapshot_04/images/002495_render.png,d8bff63ee00a8752b443a56a05ae791cabb567b6c4dc135d91583e4ef57b4a74,/home/intern/gs_floaterLab/results/campaigns/gain_attribution/cvpr_assets/fixed_work_v1/render40/rpng/table_02/vanilla/curve_evaluation/snapshot_04/images/002495_gt.png,1f5eb6add2916cafa8ef9902203a3bcb1b5aa65d584a600b17cd71ff5c3bcc09,128bd3ef151e3a1d351a19f7923fe3382196abeefee7a4bb2a16535ad15714c1
rpng,table_02,2495,2,vanilla,snapshot_05,2482,548,1662917381.1248696,1662917445.614341,64.48947143554688,12012,22.578691130101998,"[154, 115, 359, 229]",/home/intern/gs_floaterLab/results/campaigns/gain_attribution/cvpr_assets/fixed_work_v1/render40/rpng/table_02/vanilla/curve_evaluation/snapshot_05/images/002495_render.png,30c71ae60dd5e859733b0b20fd5583b038971bf1c151ff692f72a8e329fe60e6,/home/intern/gs_floaterLab/results/campaigns/gain_attribution/cvpr_assets/fixed_work_v1/render40/rpng/table_02/vanilla/curve_evaluation/snapshot_05/images/002495_gt.png,1f5eb6add2916cafa8ef9902203a3bcb1b5aa65d584a600b17cd71ff5c3bcc09,128bd3ef151e3a1d351a19f7923fe3382196abeefee7a4bb2a16535ad15714c1
rpng,table_02,2495,2,vanilla,final,2913,548,1662917381.1248696,1662917459.9991598,78.87429022789001,13200,20.934676948364746,"[154, 115, 359, 229]",/home/intern/gs_floaterLab/results/campaigns/gain_attribution/cvpr_assets/fixed_work_v1/render40/rpng/table_02/vanilla/curve_evaluation/final/images/002495_render.png,805c97693036e42aacaabe4354baecb1fe0d7c91e1f0e9c50ce34cda5010c26a,/home/intern/gs_floaterLab/results/campaigns/gain_attribution/cvpr_assets/fixed_work_v1/render40/rpng/table_02/vanilla/curve_evaluation/final/images/002495_gt.png,1f5eb6add2916cafa8ef9902203a3bcb1b5aa65d584a600b17cd71ff5c3bcc09,128bd3ef151e3a1d351a19f7923fe3382196abeefee7a4bb2a16535ad15714c1
rpng,table_02,2495,2,d3,snapshot_01,729,548,1662917381.1248696,1662917387.1462126,6.021342992782593,4601,16.733072353191254,"[154, 115, 359, 229]",/home/intern/gs_floaterLab/results/campaigns/gain_attribution/cvpr_assets/fixed_work_v1/render40/rpng/table_02/d3/curve_evaluation/snapshot_01/images/002495_render.png,5c6cc6659e963cc9078482a33eeb7a3258ed954a00fa32b0dd50eb2d0f16550c,/home/intern/gs_floaterLab/results/campaigns/gain_attribution/cvpr_assets/fixed_work_v1/render40/rpng/table_02/d3/curve_evaluation/snapshot_01/images/002495_gt.png,1f5eb6add2916cafa8ef9902203a3bcb1b5aa65d584a600b17cd71ff5c3bcc09,320e5ac529cca1b7a27b5aceaf5bfe610b02b369c46fd62a585aa1c4f3693136
rpng,table_02,2495,2,d3,snapshot_02,1173,548,1662917381.1248696,1662917401.9547737,20.829904079437256,6481,21.876909555387023,"[154, 115, 359, 229]",/home/intern/gs_floaterLab/results/campaigns/gain_attribution/cvpr_assets/fixed_work_v1/render40/rpng/table_02/d3/curve_evaluation/snapshot_02/images/002495_render.png,af62611b305fb07f5d8d8e73aa4549b416a4598297fb11b4f6b4635242ce573d,/home/intern/gs_floaterLab/results/campaigns/gain_attribution/cvpr_assets/fixed_work_v1/render40/rpng/table_02/d3/curve_evaluation/snapshot_02/images/002495_gt.png,1f5eb6add2916cafa8ef9902203a3bcb1b5aa65d584a600b17cd71ff5c3bcc09,320e5ac529cca1b7a27b5aceaf5bfe610b02b369c46fd62a585aa1c4f3693136
rpng,table_02,2495,2,d3,snapshot_03,1602,548,1662917381.1248696,1662917416.2571855,35.13231587409973,8321,22.462742481075217,"[154, 115, 359, 229]",/home/intern/gs_floaterLab/results/campaigns/gain_attribution/cvpr_assets/fixed_work_v1/render40/rpng/table_02/d3/curve_evaluation/snapshot_03/images/002495_render.png,5b252a022187a3049ad1b138bd2d9f1d23003557d20bf51df46196dbf5da652d,/home/intern/gs_floaterLab/results/campaigns/gain_attribution/cvpr_assets/fixed_work_v1/render40/rpng/table_02/d3/curve_evaluation/snapshot_03/images/002495_gt.png,1f5eb6add2916cafa8ef9902203a3bcb1b5aa65d584a600b17cd71ff5c3bcc09,320e5ac529cca1b7a27b5aceaf5bfe610b02b369c46fd62a585aa1c4f3693136
rpng,table_02,2495,2,d3,snapshot_04,2046,548,1662917381.1248696,1662917431.0678384,49.94296884536743,10201,21.993526166726177,"[154, 115, 359, 229]",/home/intern/gs_floaterLab/results/campaigns/gain_attribution/cvpr_assets/fixed_work_v1/render40/rpng/table_02/d3/curve_evaluation/snapshot_04/images/002495_render.png,f45c111c4a90fb641dce6e5723085853a0d1c2db6e3f81d34a7fb475e5fae080,/home/intern/gs_floaterLab/results/campaigns/gain_attribution/cvpr_assets/fixed_work_v1/render40/rpng/table_02/d3/curve_evaluation/snapshot_04/images/002495_gt.png,1f5eb6add2916cafa8ef9902203a3bcb1b5aa65d584a600b17cd71ff5c3bcc09,320e5ac529cca1b7a27b5aceaf5bfe610b02b369c46fd62a585aa1c4f3693136
rpng,table_02,2495,2,d3,snapshot_05,2482,548,1662917381.1248696,1662917445.614341,64.48947143554688,12001,22.186863288654056,"[154, 115, 359, 229]",/home/intern/gs_floaterLab/results/campaigns/gain_attribution/cvpr_assets/fixed_work_v1/render40/rpng/table_02/d3/curve_evaluation/snapshot_05/images/002495_render.png,7c7c7ff5082584ab5a5685980fdcd0ed1d32b86b873b5014276b51ab8884e44e,/home/intern/gs_floaterLab/results/campaigns/gain_attribution/cvpr_assets/fixed_work_v1/render40/rpng/table_02/d3/curve_evaluation/snapshot_05/images/002495_gt.png,1f5eb6add2916cafa8ef9902203a3bcb1b5aa65d584a600b17cd71ff5c3bcc09,320e5ac529cca1b7a27b5aceaf5bfe610b02b369c46fd62a585aa1c4f3693136
rpng,table_02,2495,2,d3,final,2913,548,1662917381.1248696,1662917459.9991598,78.87429022789001,13200,22.263200626635033,"[154, 115, 359, 229]",/home/intern/gs_floaterLab/results/campaigns/gain_attribution/cvpr_assets/fixed_work_v1/render40/rpng/table_02/d3/curve_evaluation/final/images/002495_render.png,d1b793fea6a300f2b8b25a4982b5104bb8ecb35c150b8bf86234f8798eb9d06e,/home/intern/gs_floaterLab/results/campaigns/gain_attribution/cvpr_assets/fixed_work_v1/render40/rpng/table_02/d3/curve_evaluation/final/images/002495_gt.png,1f5eb6add2916cafa8ef9902203a3bcb1b5aa65d584a600b17cd71ff5c3bcc09,320e5ac529cca1b7a27b5aceaf5bfe610b02b369c46fd62a585aa1c4f3693136
rpng,table_04,1730,0,vanilla,snapshot_01,1519,939,1662919187.0477452,1662919206.382487,19.334741830825806,3812,17.013808964974963,"[308, 230, 513, 344]",/home/intern/gs_floaterLab/results/campaigns/gain_attribution/cvpr_assets/fixed_work_v1/render40/rpng/table_04/vanilla/curve_evaluation/snapshot_01/images/001730_render.png,bfeb3c6e4ec786e0c540b44e1638497ec3466ab4a488f0e00512a063f9b3bccb,/home/intern/gs_floaterLab/results/campaigns/gain_attribution/cvpr_assets/fixed_work_v1/render40/rpng/table_04/vanilla/curve_evaluation/snapshot_01/images/001730_gt.png,f4bb0cc1948aa0f99e406b4975591a9bc8996121f5ac5bba2cc4d8d5bc540c52,5b2c97985f50b31c46e9854eac8a305e7c33ceb05af4d2b09846be1aef33af93
rpng,table_04,1730,0,vanilla,snapshot_02,2461,939,1662919187.0477452,1662919237.8048885,50.75714325904846,5213,18.52444039957252,"[308, 230, 513, 344]",/home/intern/gs_floaterLab/results/campaigns/gain_attribution/cvpr_assets/fixed_work_v1/render40/rpng/table_04/vanilla/curve_evaluation/snapshot_02/images/001730_render.png,dab6ac525e9ad36d7ab7e3d68098e43aa98840b0c3d345edb83030e005da8815,/home/intern/gs_floaterLab/results/campaigns/gain_attribution/cvpr_assets/fixed_work_v1/render40/rpng/table_04/vanilla/curve_evaluation/snapshot_02/images/001730_gt.png,f4bb0cc1948aa0f99e406b4975591a9bc8996121f5ac5bba2cc4d8d5bc540c52,5b2c97985f50b31c46e9854eac8a305e7c33ceb05af4d2b09846be1aef33af93
rpng,table_04,1730,0,vanilla,snapshot_03,3346,939,1662919187.0477452,1662919267.312473,80.26472783088684,7053,18.145936900745554,"[308, 230, 513, 344]",/home/intern/gs_floaterLab/results/campaigns/gain_attribution/cvpr_assets/fixed_work_v1/render40/rpng/table_04/vanilla/curve_evaluation/snapshot_03/images/001730_render.png,5de1ebb41a7007e689fde16351d994a6cdfc2ca5c91b25fa72af068f706302ec,/home/intern/gs_floaterLab/results/campaigns/gain_attribution/cvpr_assets/fixed_work_v1/render40/rpng/table_04/vanilla/curve_evaluation/snapshot_03/images/001730_gt.png,f4bb0cc1948aa0f99e406b4975591a9bc8996121f5ac5bba2cc4d8d5bc540c52,5b2c97985f50b31c46e9854eac8a305e7c33ceb05af4d2b09846be1aef33af93
rpng,table_04,1730,0,vanilla,snapshot_04,4254,939,1662919187.0477452,1662919297.5986953,110.550950050354,9773,18.94066427070985,"[308, 230, 513, 344]",/home/intern/gs_floaterLab/results/campaigns/gain_attribution/cvpr_assets/fixed_work_v1/render40/rpng/table_04/vanilla/curve_evaluation/snapshot_04/images/001730_render.png,15134a1367b67b939174acc15eb737b2b58158d0ff2d5fdb23a3e2a0b1cf78e7,/home/intern/gs_floaterLab/results/campaigns/gain_attribution/cvpr_assets/fixed_work_v1/render40/rpng/table_04/vanilla/curve_evaluation/snapshot_04/images/001730_gt.png,f4bb0cc1948aa0f99e406b4975591a9bc8996121f5ac5bba2cc4d8d5bc540c52,5b2c97985f50b31c46e9854eac8a305e7c33ceb05af4d2b09846be1aef33af93
rpng,table_04,1730,0,vanilla,snapshot_05,5160,939,1662919187.0477452,1662919327.8032637,140.75551843643188,12533,18.343482024230507,"[308, 230, 513, 344]",/home/intern/gs_floaterLab/results/campaigns/gain_attribution/cvpr_assets/fixed_work_v1/render40/rpng/table_04/vanilla/curve_evaluation/snapshot_05/images/001730_render.png,8622cc23f4275a3b1f8047915e4642fcf1b60576a405a189967baaa1a6f1f267,/home/intern/gs_floaterLab/results/campaigns/gain_attribution/cvpr_assets/fixed_work_v1/render40/rpng/table_04/vanilla/curve_evaluation/snapshot_05/images/001730_gt.png,f4bb0cc1948aa0f99e406b4975591a9bc8996121f5ac5bba2cc4d8d5bc540c52,5b2c97985f50b31c46e9854eac8a305e7c33ceb05af4d2b09846be1aef33af93
rpng,table_04,1730,0,vanilla,final,6067,939,1662919187.0477452,1662919358.0665197,171.01877450942993,14760,18.462661279878553,"[308, 230, 513, 344]",/home/intern/gs_floaterLab/results/campaigns/gain_attribution/cvpr_assets/fixed_work_v1/render40/rpng/table_04/vanilla/curve_evaluation/final/images/001730_render.png,ecfd5e7de943c294d5ac742041ebfc6f0ed4ca76c311147dcb11ba7715ffca45,/home/intern/gs_floaterLab/results/campaigns/gain_attribution/cvpr_assets/fixed_work_v1/render40/rpng/table_04/vanilla/curve_evaluation/final/images/001730_gt.png,f4bb0cc1948aa0f99e406b4975591a9bc8996121f5ac5bba2cc4d8d5bc540c52,5b2c97985f50b31c46e9854eac8a305e7c33ceb05af4d2b09846be1aef33af93
rpng,table_04,1730,0,d3,snapshot_01,1519,939,1662919187.0477452,1662919206.382487,19.334741830825806,3801,17.066003502596367,"[308, 230, 513, 344]",/home/intern/gs_floaterLab/results/campaigns/gain_attribution/cvpr_assets/fixed_work_v1/render40/rpng/table_04/d3/curve_evaluation/snapshot_01/images/001730_render.png,11bf6c81d34ae28bb1a4f2a36a4c22aceb4466127981c448297ed75de1e408ac,/home/intern/gs_floaterLab/results/campaigns/gain_attribution/cvpr_assets/fixed_work_v1/render40/rpng/table_04/d3/curve_evaluation/snapshot_01/images/001730_gt.png,f4bb0cc1948aa0f99e406b4975591a9bc8996121f5ac5bba2cc4d8d5bc540c52,4265e15ffa3f485f26c5d0137f04a7f8646980782b65d170ce05e6c477fa6cb3
rpng,table_04,1730,0,d3,snapshot_02,2461,939,1662919187.0477452,1662919237.8048885,50.75714325904846,5201,19.65683857568496,"[308, 230, 513, 344]",/home/intern/gs_floaterLab/results/campaigns/gain_attribution/cvpr_assets/fixed_work_v1/render40/rpng/table_04/d3/curve_evaluation/snapshot_02/images/001730_render.png,bf85532c123f9900150b2aeb28be68995986ab8eaa4b426491a01f2d7e5988c2,/home/intern/gs_floaterLab/results/campaigns/gain_attribution/cvpr_assets/fixed_work_v1/render40/rpng/table_04/d3/curve_evaluation/snapshot_02/images/001730_gt.png,f4bb0cc1948aa0f99e406b4975591a9bc8996121f5ac5bba2cc4d8d5bc540c52,4265e15ffa3f485f26c5d0137f04a7f8646980782b65d170ce05e6c477fa6cb3
rpng,table_04,1730,0,d3,snapshot_03,3346,939,1662919187.0477452,1662919267.312473,80.26472783088684,7041,19.393758217490934,"[308, 230, 513, 344]",/home/intern/gs_floaterLab/results/campaigns/gain_attribution/cvpr_assets/fixed_work_v1/render40/rpng/table_04/d3/curve_evaluation/snapshot_03/images/001730_render.png,64f905c819820371a418a2fd8af8aab3ea1ebacae7708c9bbfdb7ed963623d88,/home/intern/gs_floaterLab/results/campaigns/gain_attribution/cvpr_assets/fixed_work_v1/render40/rpng/table_04/d3/curve_evaluation/snapshot_03/images/001730_gt.png,f4bb0cc1948aa0f99e406b4975591a9bc8996121f5ac5bba2cc4d8d5bc540c52,4265e15ffa3f485f26c5d0137f04a7f8646980782b65d170ce05e6c477fa6cb3
rpng,table_04,1730,0,d3,snapshot_04,4254,939,1662919187.0477452,1662919297.5986953,110.550950050354,9761,19.544176532778007,"[308, 230, 513, 344]",/home/intern/gs_floaterLab/results/campaigns/gain_attribution/cvpr_assets/fixed_work_v1/render40/rpng/table_04/d3/curve_evaluation/snapshot_04/images/001730_render.png,f1c6f658388dea875696ac16d98cd35341d3a6c84eebd39036c62b0618e462c1,/home/intern/gs_floaterLab/results/campaigns/gain_attribution/cvpr_assets/fixed_work_v1/render40/rpng/table_04/d3/curve_evaluation/snapshot_04/images/001730_gt.png,f4bb0cc1948aa0f99e406b4975591a9bc8996121f5ac5bba2cc4d8d5bc540c52,4265e15ffa3f485f26c5d0137f04a7f8646980782b65d170ce05e6c477fa6cb3
rpng,table_04,1730,0,d3,snapshot_05,5160,939,1662919187.0477452,1662919327.8032637,140.75551843643188,12521,19.86950920807497,"[308, 230, 513, 344]",/home/intern/gs_floaterLab/results/campaigns/gain_attribution/cvpr_assets/fixed_work_v1/render40/rpng/table_04/d3/curve_evaluation/snapshot_05/images/001730_render.png,335a6a26d6c2732cb63cb69d5016e5e2d8adb1a5f820544cb0be4386bc647694,/home/intern/gs_floaterLab/results/campaigns/gain_attribution/cvpr_assets/fixed_work_v1/render40/rpng/table_04/d3/curve_evaluation/snapshot_05/images/001730_gt.png,f4bb0cc1948aa0f99e406b4975591a9bc8996121f5ac5bba2cc4d8d5bc540c52,4265e15ffa3f485f26c5d0137f04a7f8646980782b65d170ce05e6c477fa6cb3
rpng,table_04,1730,0,d3,final,6067,939,1662919187.0477452,1662919358.0665197,171.01877450942993,14760,20.05789455904658,"[308, 230, 513, 344]",/home/intern/gs_floaterLab/results/campaigns/gain_attribution/cvpr_assets/fixed_work_v1/render40/rpng/table_04/d3/curve_evaluation/final/images/001730_render.png,a761f0495811a7ce34a837d1647b7d615156b52a7d2aaf4c597606847250a7f3,/home/intern/gs_floaterLab/results/campaigns/gain_attribution/cvpr_assets/fixed_work_v1/render40/rpng/table_04/d3/curve_evaluation/final/images/001730_gt.png,f4bb0cc1948aa0f99e406b4975591a9bc8996121f5ac5bba2cc4d8d5bc540c52,4265e15ffa3f485f26c5d0137f04a7f8646980782b65d170ce05e6c477fa6cb3
rpng,table_04,3465,0,vanilla,snapshot_01,1519,959,1662919187.7128627,1662919206.382487,18.66962432861328,3812,15.622510585648413,"[359, 230, 564, 344]",/home/intern/gs_floaterLab/results/campaigns/gain_attribution/cvpr_assets/fixed_work_v1/render40/rpng/table_04/vanilla/curve_evaluation/snapshot_01/images/003465_render.png,70feb0b44dd4995da07b9557204b61e9c7d83397773979caf1cb77ada34f1071,/home/intern/gs_floaterLab/results/campaigns/gain_attribution/cvpr_assets/fixed_work_v1/render40/rpng/table_04/vanilla/curve_evaluation/snapshot_01/images/003465_gt.png,036ccee21740a164215df4970238b188922f6f306952845fc815ed2fd2ff145b,5b2c97985f50b31c46e9854eac8a305e7c33ceb05af4d2b09846be1aef33af93
rpng,table_04,3465,0,vanilla,snapshot_02,2461,959,1662919187.7128627,1662919237.8048885,50.09202575683594,5213,15.360490387908388,"[359, 230, 564, 344]",/home/intern/gs_floaterLab/results/campaigns/gain_attribution/cvpr_assets/fixed_work_v1/render40/rpng/table_04/vanilla/curve_evaluation/snapshot_02/images/003465_render.png,79672d466c8fc800d0c7c71355c476fc94a119904ed6c2e8bc0b34b293a66599,/home/intern/gs_floaterLab/results/campaigns/gain_attribution/cvpr_assets/fixed_work_v1/render40/rpng/table_04/vanilla/curve_evaluation/snapshot_02/images/003465_gt.png,036ccee21740a164215df4970238b188922f6f306952845fc815ed2fd2ff145b,5b2c97985f50b31c46e9854eac8a305e7c33ceb05af4d2b09846be1aef33af93
rpng,table_04,3465,0,vanilla,snapshot_03,3346,959,1662919187.7128627,1662919267.312473,79.59961032867432,7053,15.352325271645885,"[359, 230, 564, 344]",/home/intern/gs_floaterLab/results/campaigns/gain_attribution/cvpr_assets/fixed_work_v1/render40/rpng/table_04/vanilla/curve_evaluation/snapshot_03/images/003465_render.png,7febb41e13b0933fbd899819b9ef2cf229c77631ea86f6d714871ceb07391080,/home/intern/gs_floaterLab/results/campaigns/gain_attribution/cvpr_assets/fixed_work_v1/render40/rpng/table_04/vanilla/curve_evaluation/snapshot_03/images/003465_gt.png,036ccee21740a164215df4970238b188922f6f306952845fc815ed2fd2ff145b,5b2c97985f50b31c46e9854eac8a305e7c33ceb05af4d2b09846be1aef33af93
rpng,table_04,3465,0,vanilla,snapshot_04,4254,959,1662919187.7128627,1662919297.5986953,109.88583254814148,9773,18.273208326067447,"[359, 230, 564, 344]",/home/intern/gs_floaterLab/results/campaigns/gain_attribution/cvpr_assets/fixed_work_v1/render40/rpng/table_04/vanilla/curve_evaluation/snapshot_04/images/003465_render.png,d26dcfc82a57a70cb299d44f3b48d5dc1916731730d57496a0101ce05571530e,/home/intern/gs_floaterLab/results/campaigns/gain_attribution/cvpr_assets/fixed_work_v1/render40/rpng/table_04/vanilla/curve_evaluation/snapshot_04/images/003465_gt.png,036ccee21740a164215df4970238b188922f6f306952845fc815ed2fd2ff145b,5b2c97985f50b31c46e9854eac8a305e7c33ceb05af4d2b09846be1aef33af93
rpng,table_04,3465,0,vanilla,snapshot_05,5160,959,1662919187.7128627,1662919327.8032637,140.09040093421936,12533,17.066883038296858,"[359, 230, 564, 344]",/home/intern/gs_floaterLab/results/campaigns/gain_attribution/cvpr_assets/fixed_work_v1/render40/rpng/table_04/vanilla/curve_evaluation/snapshot_05/images/003465_render.png,283e32cd2d5675986cb17e2d1e03d11e7aed0f0bc260bc524f1d947d64bf34a2,/home/intern/gs_floaterLab/results/campaigns/gain_attribution/cvpr_assets/fixed_work_v1/render40/rpng/table_04/vanilla/curve_evaluation/snapshot_05/images/003465_gt.png,036ccee21740a164215df4970238b188922f6f306952845fc815ed2fd2ff145b,5b2c97985f50b31c46e9854eac8a305e7c33ceb05af4d2b09846be1aef33af93
rpng,table_04,3465,0,vanilla,final,6067,959,1662919187.7128627,1662919358.0665197,170.3536570072174,14760,17.525553753111456,"[359, 230, 564, 344]",/home/intern/gs_floaterLab/results/campaigns/gain_attribution/cvpr_assets/fixed_work_v1/render40/rpng/table_04/vanilla/curve_evaluation/final/images/003465_render.png,1ff4ebf3d1d6e77c926e376119d447e58261af93d02a86ac26b89eb574380a44,/home/intern/gs_floaterLab/results/campaigns/gain_attribution/cvpr_assets/fixed_work_v1/render40/rpng/table_04/vanilla/curve_evaluation/final/images/003465_gt.png,036ccee21740a164215df4970238b188922f6f306952845fc815ed2fd2ff145b,5b2c97985f50b31c46e9854eac8a305e7c33ceb05af4d2b09846be1aef33af93
rpng,table_04,3465,0,d3,snapshot_01,1519,959,1662919187.7128627,1662919206.382487,18.66962432861328,3801,16.579560657026487,"[359, 230, 564, 344]",/home/intern/gs_floaterLab/results/campaigns/gain_attribution/cvpr_assets/fixed_work_v1/render40/rpng/table_04/d3/curve_evaluation/snapshot_01/images/003465_render.png,8e4ed32c37ee9a4f938fec13cd7b2736d8f85d874c6edb817dff0b632348c343,/home/intern/gs_floaterLab/results/campaigns/gain_attribution/cvpr_assets/fixed_work_v1/render40/rpng/table_04/d3/curve_evaluation/snapshot_01/images/003465_gt.png,036ccee21740a164215df4970238b188922f6f306952845fc815ed2fd2ff145b,4265e15ffa3f485f26c5d0137f04a7f8646980782b65d170ce05e6c477fa6cb3
rpng,table_04,3465,0,d3,snapshot_02,2461,959,1662919187.7128627,1662919237.8048885,50.09202575683594,5201,17.595817079077015,"[359, 230, 564, 344]",/home/intern/gs_floaterLab/results/campaigns/gain_attribution/cvpr_assets/fixed_work_v1/render40/rpng/table_04/d3/curve_evaluation/snapshot_02/images/003465_render.png,cb56d74bfb74575a767edf38ab559ad0e92761322cfeadc087b635ba04985162,/home/intern/gs_floaterLab/results/campaigns/gain_attribution/cvpr_assets/fixed_work_v1/render40/rpng/table_04/d3/curve_evaluation/snapshot_02/images/003465_gt.png,036ccee21740a164215df4970238b188922f6f306952845fc815ed2fd2ff145b,4265e15ffa3f485f26c5d0137f04a7f8646980782b65d170ce05e6c477fa6cb3
rpng,table_04,3465,0,d3,snapshot_03,3346,959,1662919187.7128627,1662919267.312473,79.59961032867432,7041,16.06865443147234,"[359, 230, 564, 344]",/home/intern/gs_floaterLab/results/campaigns/gain_attribution/cvpr_assets/fixed_work_v1/render40/rpng/table_04/d3/curve_evaluation/snapshot_03/images/003465_render.png,c8c47177c90aba03c4d03e5937b2119cef8004c9b676d1ad029760a39c520687,/home/intern/gs_floaterLab/results/campaigns/gain_attribution/cvpr_assets/fixed_work_v1/render40/rpng/table_04/d3/curve_evaluation/snapshot_03/images/003465_gt.png,036ccee21740a164215df4970238b188922f6f306952845fc815ed2fd2ff145b,4265e15ffa3f485f26c5d0137f04a7f8646980782b65d170ce05e6c477fa6cb3
rpng,table_04,3465,0,d3,snapshot_04,4254,959,1662919187.7128627,1662919297.5986953,109.88583254814148,9761,21.221647003209206,"[359, 230, 564, 344]",/home/intern/gs_floaterLab/results/campaigns/gain_attribution/cvpr_assets/fixed_work_v1/render40/rpng/table_04/d3/curve_evaluation/snapshot_04/images/003465_render.png,db9507e713964833b2d75d129ddb85e676cc690e48abfafce31355fef159e097,/home/intern/gs_floaterLab/results/campaigns/gain_attribution/cvpr_assets/fixed_work_v1/render40/rpng/table_04/d3/curve_evaluation/snapshot_04/images/003465_gt.png,036ccee21740a164215df4970238b188922f6f306952845fc815ed2fd2ff145b,4265e15ffa3f485f26c5d0137f04a7f8646980782b65d170ce05e6c477fa6cb3
rpng,table_04,3465,0,d3,snapshot_05,5160,959,1662919187.7128627,1662919327.8032637,140.09040093421936,12521,21.404885046103644,"[359, 230, 564, 344]",/home/intern/gs_floaterLab/results/campaigns/gain_attribution/cvpr_assets/fixed_work_v1/render40/rpng/table_04/d3/curve_evaluation/snapshot_05/images/003465_render.png,9978f36e2c85acba14e049255d72175a213548cdaf9b27bfd7f40bf5e01c200d,/home/intern/gs_floaterLab/results/campaigns/gain_attribution/cvpr_assets/fixed_work_v1/render40/rpng/table_04/d3/curve_evaluation/snapshot_05/images/003465_gt.png,036ccee21740a164215df4970238b188922f6f306952845fc815ed2fd2ff145b,4265e15ffa3f485f26c5d0137f04a7f8646980782b65d170ce05e6c477fa6cb3
rpng,table_04,3465,0,d3,final,6067,959,1662919187.7128627,1662919358.0665197,170.3536570072174,14760,24.170744786456364,"[359, 230, 564, 344]",/home/intern/gs_floaterLab/results/campaigns/gain_attribution/cvpr_assets/fixed_work_v1/render40/rpng/table_04/d3/curve_evaluation/final/images/003465_render.png,1e2d7d2a9768b891eb35555ae3c7a7d9dee0f9b418df2080b792622b86cc1911,/home/intern/gs_floaterLab/results/campaigns/gain_attribution/cvpr_assets/fixed_work_v1/render40/rpng/table_04/d3/curve_evaluation/final/images/003465_gt.png,036ccee21740a164215df4970238b188922f6f306952845fc815ed2fd2ff145b,4265e15ffa3f485f26c5d0137f04a7f8646980782b65d170ce05e6c477fa6cb3
rpng,table_04,5200,1,vanilla,snapshot_01,1519,1166,1662919194.60655,1662919206.382487,11.7759370803833,3812,16.77522622798114,"[154, 230, 359, 344]",/home/intern/gs_floaterLab/results/campaigns/gain_attribution/cvpr_assets/fixed_work_v1/render40/rpng/table_04/vanilla/curve_evaluation/snapshot_01/images/005200_render.png,1c00bc0a8ffc034c39e241d6b3e8628b560f83e52e4a1b48f997366887611e07,/home/intern/gs_floaterLab/results/campaigns/gain_attribution/cvpr_assets/fixed_work_v1/render40/rpng/table_04/vanilla/curve_evaluation/snapshot_01/images/005200_gt.png,6a88fe6df31027a1aba9be231ffbae0bc4ccf3cb04a540109dae48964a3119dc,5b2c97985f50b31c46e9854eac8a305e7c33ceb05af4d2b09846be1aef33af93
rpng,table_04,5200,1,vanilla,snapshot_02,2461,1166,1662919194.60655,1662919237.8048885,43.19833850860596,5213,15.761241577597353,"[154, 230, 359, 344]",/home/intern/gs_floaterLab/results/campaigns/gain_attribution/cvpr_assets/fixed_work_v1/render40/rpng/table_04/vanilla/curve_evaluation/snapshot_02/images/005200_render.png,7080406f5ae853af530b174ab7ea10748500456dbea9d6f262e8d357375a69d9,/home/intern/gs_floaterLab/results/campaigns/gain_attribution/cvpr_assets/fixed_work_v1/render40/rpng/table_04/vanilla/curve_evaluation/snapshot_02/images/005200_gt.png,6a88fe6df31027a1aba9be231ffbae0bc4ccf3cb04a540109dae48964a3119dc,5b2c97985f50b31c46e9854eac8a305e7c33ceb05af4d2b09846be1aef33af93
rpng,table_04,5200,1,vanilla,snapshot_03,3346,1166,1662919194.60655,1662919267.312473,72.70592308044434,7053,13.92529940496107,"[154, 230, 359, 344]",/home/intern/gs_floaterLab/results/campaigns/gain_attribution/cvpr_assets/fixed_work_v1/render40/rpng/table_04/vanilla/curve_evaluation/snapshot_03/images/005200_render.png,49b10f8634d8c89a2f0997eea54e3e496cac56e71fb940b92ee2c7abf2b6bb5c,/home/intern/gs_floaterLab/results/campaigns/gain_attribution/cvpr_assets/fixed_work_v1/render40/rpng/table_04/vanilla/curve_evaluation/snapshot_03/images/005200_gt.png,6a88fe6df31027a1aba9be231ffbae0bc4ccf3cb04a540109dae48964a3119dc,5b2c97985f50b31c46e9854eac8a305e7c33ceb05af4d2b09846be1aef33af93
rpng,table_04,5200,1,vanilla,snapshot_04,4254,1166,1662919194.60655,1662919297.5986953,102.9921452999115,9773,17.794992656005558,"[154, 230, 359, 344]",/home/intern/gs_floaterLab/results/campaigns/gain_attribution/cvpr_assets/fixed_work_v1/render40/rpng/table_04/vanilla/curve_evaluation/snapshot_04/images/005200_render.png,a4abdfdefded03cb9cb2df05a136c569c9fcc2902fa3ea1253cf0942f854597a,/home/intern/gs_floaterLab/results/campaigns/gain_attribution/cvpr_assets/fixed_work_v1/render40/rpng/table_04/vanilla/curve_evaluation/snapshot_04/images/005200_gt.png,6a88fe6df31027a1aba9be231ffbae0bc4ccf3cb04a540109dae48964a3119dc,5b2c97985f50b31c46e9854eac8a305e7c33ceb05af4d2b09846be1aef33af93
rpng,table_04,5200,1,vanilla,snapshot_05,5160,1166,1662919194.60655,1662919327.8032637,133.19671368598938,12533,17.447106733748768,"[154, 230, 359, 344]",/home/intern/gs_floaterLab/results/campaigns/gain_attribution/cvpr_assets/fixed_work_v1/render40/rpng/table_04/vanilla/curve_evaluation/snapshot_05/images/005200_render.png,a6964aaeab094909712fcfbf69042ae551d0340dfb867e19c814500a79dbe89c,/home/intern/gs_floaterLab/results/campaigns/gain_attribution/cvpr_assets/fixed_work_v1/render40/rpng/table_04/vanilla/curve_evaluation/snapshot_05/images/005200_gt.png,6a88fe6df31027a1aba9be231ffbae0bc4ccf3cb04a540109dae48964a3119dc,5b2c97985f50b31c46e9854eac8a305e7c33ceb05af4d2b09846be1aef33af93
rpng,table_04,5200,1,vanilla,final,6067,1166,1662919194.60655,1662919358.0665197,163.45996975898743,14760,16.95451318661971,"[154, 230, 359, 344]",/home/intern/gs_floaterLab/results/campaigns/gain_attribution/cvpr_assets/fixed_work_v1/render40/rpng/table_04/vanilla/curve_evaluation/final/images/005200_render.png,7995917cf69b310090d3d9129a2489b8554db1ae70631cc1a3156d8a4d2e4764,/home/intern/gs_floaterLab/results/campaigns/gain_attribution/cvpr_assets/fixed_work_v1/render40/rpng/table_04/vanilla/curve_evaluation/final/images/005200_gt.png,6a88fe6df31027a1aba9be231ffbae0bc4ccf3cb04a540109dae48964a3119dc,5b2c97985f50b31c46e9854eac8a305e7c33ceb05af4d2b09846be1aef33af93
rpng,table_04,5200,1,d3,snapshot_01,1519,1166,1662919194.60655,1662919206.382487,11.7759370803833,3801,17.58792309956246,"[154, 230, 359, 344]",/home/intern/gs_floaterLab/results/campaigns/gain_attribution/cvpr_assets/fixed_work_v1/render40/rpng/table_04/d3/curve_evaluation/snapshot_01/images/005200_render.png,5305f9359a6021aaf61c48eb01e8df165e5dbd27fe4e020641a8ed4ad201a2d4,/home/intern/gs_floaterLab/results/campaigns/gain_attribution/cvpr_assets/fixed_work_v1/render40/rpng/table_04/d3/curve_evaluation/snapshot_01/images/005200_gt.png,6a88fe6df31027a1aba9be231ffbae0bc4ccf3cb04a540109dae48964a3119dc,4265e15ffa3f485f26c5d0137f04a7f8646980782b65d170ce05e6c477fa6cb3
rpng,table_04,5200,1,d3,snapshot_02,2461,1166,1662919194.60655,1662919237.8048885,43.19833850860596,5201,16.24709380497721,"[154, 230, 359, 344]",/home/intern/gs_floaterLab/results/campaigns/gain_attribution/cvpr_assets/fixed_work_v1/render40/rpng/table_04/d3/curve_evaluation/snapshot_02/images/005200_render.png,f2cfb65a98ed9b6bd76682e8c7ab1e50c87424e3b51702e1335c2c1a1837562e,/home/intern/gs_floaterLab/results/campaigns/gain_attribution/cvpr_assets/fixed_work_v1/render40/rpng/table_04/d3/curve_evaluation/snapshot_02/images/005200_gt.png,6a88fe6df31027a1aba9be231ffbae0bc4ccf3cb04a540109dae48964a3119dc,4265e15ffa3f485f26c5d0137f04a7f8646980782b65d170ce05e6c477fa6cb3
rpng,table_04,5200,1,d3,snapshot_03,3346,1166,1662919194.60655,1662919267.312473,72.70592308044434,7041,15.023242056779118,"[154, 230, 359, 344]",/home/intern/gs_floaterLab/results/campaigns/gain_attribution/cvpr_assets/fixed_work_v1/render40/rpng/table_04/d3/curve_evaluation/snapshot_03/images/005200_render.png,cac051e12a7bfd4752afe7aa0c6f7316f1ab74f05bec95ead5256c5d212e6eec,/home/intern/gs_floaterLab/results/campaigns/gain_attribution/cvpr_assets/fixed_work_v1/render40/rpng/table_04/d3/curve_evaluation/snapshot_03/images/005200_gt.png,6a88fe6df31027a1aba9be231ffbae0bc4ccf3cb04a540109dae48964a3119dc,4265e15ffa3f485f26c5d0137f04a7f8646980782b65d170ce05e6c477fa6cb3
rpng,table_04,5200,1,d3,snapshot_04,4254,1166,1662919194.60655,1662919297.5986953,102.9921452999115,9761,18.21985210551,"[154, 230, 359, 344]",/home/intern/gs_floaterLab/results/campaigns/gain_attribution/cvpr_assets/fixed_work_v1/render40/rpng/table_04/d3/curve_evaluation/snapshot_04/images/005200_render.png,dc334fde3501557c0d1cc8bb43dc29618cb7af29d2b8cf461b55fa11d98aab5a,/home/intern/gs_floaterLab/results/campaigns/gain_attribution/cvpr_assets/fixed_work_v1/render40/rpng/table_04/d3/curve_evaluation/snapshot_04/images/005200_gt.png,6a88fe6df31027a1aba9be231ffbae0bc4ccf3cb04a540109dae48964a3119dc,4265e15ffa3f485f26c5d0137f04a7f8646980782b65d170ce05e6c477fa6cb3
rpng,table_04,5200,1,d3,snapshot_05,5160,1166,1662919194.60655,1662919327.8032637,133.19671368598938,12521,18.39612932539987,"[154, 230, 359, 344]",/home/intern/gs_floaterLab/results/campaigns/gain_attribution/cvpr_assets/fixed_work_v1/render40/rpng/table_04/d3/curve_evaluation/snapshot_05/images/005200_render.png,8e9ec3795d0f788b5f5b824cbf9be2247682422352942d49864f718b8e64b741,/home/intern/gs_floaterLab/results/campaigns/gain_attribution/cvpr_assets/fixed_work_v1/render40/rpng/table_04/d3/curve_evaluation/snapshot_05/images/005200_gt.png,6a88fe6df31027a1aba9be231ffbae0bc4ccf3cb04a540109dae48964a3119dc,4265e15ffa3f485f26c5d0137f04a7f8646980782b65d170ce05e6c477fa6cb3
rpng,table_04,5200,1,d3,final,6067,1166,1662919194.60655,1662919358.0665197,163.45996975898743,14760,18.818385961203326,"[154, 230, 359, 344]",/home/intern/gs_floaterLab/results/campaigns/gain_attribution/cvpr_assets/fixed_work_v1/render40/rpng/table_04/d3/curve_evaluation/final/images/005200_render.png,0cf20256e919f449af4b5c49c7ee5c22be42c52f370807a467fb41dda4c08b3f,/home/intern/gs_floaterLab/results/campaigns/gain_attribution/cvpr_assets/fixed_work_v1/render40/rpng/table_04/d3/curve_evaluation/final/images/005200_gt.png,6a88fe6df31027a1aba9be231ffbae0bc4ccf3cb04a540109dae48964a3119dc,4265e15ffa3f485f26c5d0137f04a7f8646980782b65d170ce05e6c477fa6cb3
rpng,table_05,5280,0,vanilla,snapshot_02,2481,2296,1662923845.0811474,1662923851.2443,6.163152456283569,6253,17.601784463925835,"[256, 201, 461, 315]",/home/intern/gs_floaterLab/results/campaigns/gain_attribution/cvpr_assets/fixed_work_v1/render40/rpng/table_05/vanilla/curve_evaluation/snapshot_02/images/005280_render.png,6c4a179693eaa33ec5bce3b000d302483ec21fea30e1b82381b014f59900a89e,/home/intern/gs_floaterLab/results/campaigns/gain_attribution/cvpr_assets/fixed_work_v1/render40/rpng/table_05/vanilla/curve_evaluation/snapshot_02/images/005280_gt.png,74a26b714eaae10aa29d5924650eb9db85df06b1550b12c82fbba1aa943a5a81,3b8a4353329b0d2dbc5b62b0edb839802efb2abef4b824b4ad1c7d61419de1b5
rpng,table_05,5280,0,vanilla,snapshot_03,3411,2296,1662923845.0811474,1662923882.2541041,37.172956705093384,7733,16.614643140610937,"[256, 201, 461, 315]",/home/intern/gs_floaterLab/results/campaigns/gain_attribution/cvpr_assets/fixed_work_v1/render40/rpng/table_05/vanilla/curve_evaluation/snapshot_03/images/005280_render.png,de3d9a6912637f4bf442fe459e4428261b8ab9a3abcfa8cf4e6292d382af92ac,/home/intern/gs_floaterLab/results/campaigns/gain_attribution/cvpr_assets/fixed_work_v1/render40/rpng/table_05/vanilla/curve_evaluation/snapshot_03/images/005280_gt.png,74a26b714eaae10aa29d5924650eb9db85df06b1550b12c82fbba1aa943a5a81,3b8a4353329b0d2dbc5b62b0edb839802efb2abef4b824b4ad1c7d61419de1b5
rpng,table_05,5280,0,vanilla,snapshot_04,4338,2296,1662923845.0811474,1662923913.1837723,68.10262489318848,9213,17.25345955780171,"[256, 201, 461, 315]",/home/intern/gs_floaterLab/results/campaigns/gain_attribution/cvpr_assets/fixed_work_v1/render40/rpng/table_05/vanilla/curve_evaluation/snapshot_04/images/005280_render.png,55e021a0938871b0db14d08cbc9351f65faab7dab5a4c9f039fe527aebe073ab,/home/intern/gs_floaterLab/results/campaigns/gain_attribution/cvpr_assets/fixed_work_v1/render40/rpng/table_05/vanilla/curve_evaluation/snapshot_04/images/005280_gt.png,74a26b714eaae10aa29d5924650eb9db85df06b1550b12c82fbba1aa943a5a81,3b8a4353329b0d2dbc5b62b0edb839802efb2abef4b824b4ad1c7d61419de1b5
rpng,table_05,5280,0,vanilla,snapshot_05,5258,2296,1662923845.0811474,1662923943.8431451,98.76199769973755,10933,19.879831190920505,"[256, 201, 461, 315]",/home/intern/gs_floaterLab/results/campaigns/gain_attribution/cvpr_assets/fixed_work_v1/render40/rpng/table_05/vanilla/curve_evaluation/snapshot_05/images/005280_render.png,de93978d4c1bc8f765461a4930f34c660c6cdbaaf32cc4e4e7a674b5664487d6,/home/intern/gs_floaterLab/results/campaigns/gain_attribution/cvpr_assets/fixed_work_v1/render40/rpng/table_05/vanilla/curve_evaluation/snapshot_05/images/005280_gt.png,74a26b714eaae10aa29d5924650eb9db85df06b1550b12c82fbba1aa943a5a81,3b8a4353329b0d2dbc5b62b0edb839802efb2abef4b824b4ad1c7d61419de1b5
rpng,table_05,5280,0,vanilla,final,6163,2296,1662923845.0811474,1662923974.0293784,128.94823098182678,12680,20.769957173189578,"[256, 201, 461, 315]",/home/intern/gs_floaterLab/results/campaigns/gain_attribution/cvpr_assets/fixed_work_v1/render40/rpng/table_05/vanilla/curve_evaluation/final/images/005280_render.png,ff1aed261901a9390483f9f06b239382729452445305aa40a4455b42c1345982,/home/intern/gs_floaterLab/results/campaigns/gain_attribution/cvpr_assets/fixed_work_v1/render40/rpng/table_05/vanilla/curve_evaluation/final/images/005280_gt.png,74a26b714eaae10aa29d5924650eb9db85df06b1550b12c82fbba1aa943a5a81,3b8a4353329b0d2dbc5b62b0edb839802efb2abef4b824b4ad1c7d61419de1b5
rpng,table_05,5280,0,d3,snapshot_02,2481,2296,1662923845.0811474,1662923851.2443,6.163152456283569,6241,18.217374781862596,"[256, 201, 461, 315]",/home/intern/gs_floaterLab/results/campaigns/gain_attribution/cvpr_assets/fixed_work_v1/render40/rpng/table_05/d3/curve_evaluation/snapshot_02/images/005280_render.png,658eac9201a54b8a579a1ecb6429ddd4f79b9117b9abf36a2c5331deb96e5fa6,/home/intern/gs_floaterLab/results/campaigns/gain_attribution/cvpr_assets/fixed_work_v1/render40/rpng/table_05/d3/curve_evaluation/snapshot_02/images/005280_gt.png,74a26b714eaae10aa29d5924650eb9db85df06b1550b12c82fbba1aa943a5a81,5170c213021de1f738033a1094f420c2738da22c34a72e679e3c3a688f0a699e
rpng,table_05,5280,0,d3,snapshot_03,3411,2296,1662923845.0811474,1662923882.2541041,37.172956705093384,7721,16.00070430669456,"[256, 201, 461, 315]",/home/intern/gs_floaterLab/results/campaigns/gain_attribution/cvpr_assets/fixed_work_v1/render40/rpng/table_05/d3/curve_evaluation/snapshot_03/images/005280_render.png,0c45a48f649417426a6cc0a3785709676ad36155573512c147e51ee2b962fe85,/home/intern/gs_floaterLab/results/campaigns/gain_attribution/cvpr_assets/fixed_work_v1/render40/rpng/table_05/d3/curve_evaluation/snapshot_03/images/005280_gt.png,74a26b714eaae10aa29d5924650eb9db85df06b1550b12c82fbba1aa943a5a81,5170c213021de1f738033a1094f420c2738da22c34a72e679e3c3a688f0a699e
rpng,table_05,5280,0,d3,snapshot_04,4338,2296,1662923845.0811474,1662923913.1837723,68.10262489318848,9201,16.718638708904024,"[256, 201, 461, 315]",/home/intern/gs_floaterLab/results/campaigns/gain_attribution/cvpr_assets/fixed_work_v1/render40/rpng/table_05/d3/curve_evaluation/snapshot_04/images/005280_render.png,e98327efdd563cdc73a796c9e78c6010f9a69a5dd0602afb512beca4969d99a5,/home/intern/gs_floaterLab/results/campaigns/gain_attribution/cvpr_assets/fixed_work_v1/render40/rpng/table_05/d3/curve_evaluation/snapshot_04/images/005280_gt.png,74a26b714eaae10aa29d5924650eb9db85df06b1550b12c82fbba1aa943a5a81,5170c213021de1f738033a1094f420c2738da22c34a72e679e3c3a688f0a699e
rpng,table_05,5280,0,d3,snapshot_05,5258,2296,1662923845.0811474,1662923943.8431451,98.76199769973755,10921,19.01285090989211,"[256, 201, 461, 315]",/home/intern/gs_floaterLab/results/campaigns/gain_attribution/cvpr_assets/fixed_work_v1/render40/rpng/table_05/d3/curve_evaluation/snapshot_05/images/005280_render.png,e3b5ad46807f61ba42cc616b75c9d2ef26c257240c59992272147c9ef4514335,/home/intern/gs_floaterLab/results/campaigns/gain_attribution/cvpr_assets/fixed_work_v1/render40/rpng/table_05/d3/curve_evaluation/snapshot_05/images/005280_gt.png,74a26b714eaae10aa29d5924650eb9db85df06b1550b12c82fbba1aa943a5a81,5170c213021de1f738033a1094f420c2738da22c34a72e679e3c3a688f0a699e
rpng,table_05,5280,0,d3,final,6163,2296,1662923845.0811474,1662923974.0293784,128.94823098182678,12680,23.26306704398208,"[256, 201, 461, 315]",/home/intern/gs_floaterLab/results/campaigns/gain_attribution/cvpr_assets/fixed_work_v1/render40/rpng/table_05/d3/curve_evaluation/final/images/005280_render.png,7cd110c58150da3814e5e3f379cf6f4cab9fe9263646c8deb8869b736f93fa9d,/home/intern/gs_floaterLab/results/campaigns/gain_attribution/cvpr_assets/fixed_work_v1/render40/rpng/table_05/d3/curve_evaluation/final/images/005280_gt.png,74a26b714eaae10aa29d5924650eb9db85df06b1550b12c82fbba1aa943a5a81,5170c213021de1f738033a1094f420c2738da22c34a72e679e3c3a688f0a699e
rpng,table_05,5280,1,vanilla,snapshot_02,2481,2361,1662923847.2486963,1662923851.2443,3.995603561401367,6253,19.133117812119313,"[154, 143, 359, 257]",/home/intern/gs_floaterLab/results/campaigns/gain_attribution/cvpr_assets/fixed_work_v1/render40/rpng/table_05/vanilla/curve_evaluation/snapshot_02/images/005280_render.png,6c4a179693eaa33ec5bce3b000d302483ec21fea30e1b82381b014f59900a89e,/home/intern/gs_floaterLab/results/campaigns/gain_attribution/cvpr_assets/fixed_work_v1/render40/rpng/table_05/vanilla/curve_evaluation/snapshot_02/images/005280_gt.png,74a26b714eaae10aa29d5924650eb9db85df06b1550b12c82fbba1aa943a5a81,3b8a4353329b0d2dbc5b62b0edb839802efb2abef4b824b4ad1c7d61419de1b5
rpng,table_05,5280,1,vanilla,snapshot_03,3411,2361,1662923847.2486963,1662923882.2541041,35.00540781021118,7733,19.221531254569474,"[154, 143, 359, 257]",/home/intern/gs_floaterLab/results/campaigns/gain_attribution/cvpr_assets/fixed_work_v1/render40/rpng/table_05/vanilla/curve_evaluation/snapshot_03/images/005280_render.png,de3d9a6912637f4bf442fe459e4428261b8ab9a3abcfa8cf4e6292d382af92ac,/home/intern/gs_floaterLab/results/campaigns/gain_attribution/cvpr_assets/fixed_work_v1/render40/rpng/table_05/vanilla/curve_evaluation/snapshot_03/images/005280_gt.png,74a26b714eaae10aa29d5924650eb9db85df06b1550b12c82fbba1aa943a5a81,3b8a4353329b0d2dbc5b62b0edb839802efb2abef4b824b4ad1c7d61419de1b5
rpng,table_05,5280,1,vanilla,snapshot_04,4338,2361,1662923847.2486963,1662923913.1837723,65.93507599830627,9213,19.012397161666094,"[154, 143, 359, 257]",/home/intern/gs_floaterLab/results/campaigns/gain_attribution/cvpr_assets/fixed_work_v1/render40/rpng/table_05/vanilla/curve_evaluation/snapshot_04/images/005280_render.png,55e021a0938871b0db14d08cbc9351f65faab7dab5a4c9f039fe527aebe073ab,/home/intern/gs_floaterLab/results/campaigns/gain_attribution/cvpr_assets/fixed_work_v1/render40/rpng/table_05/vanilla/curve_evaluation/snapshot_04/images/005280_gt.png,74a26b714eaae10aa29d5924650eb9db85df06b1550b12c82fbba1aa943a5a81,3b8a4353329b0d2dbc5b62b0edb839802efb2abef4b824b4ad1c7d61419de1b5
rpng,table_05,5280,1,vanilla,snapshot_05,5258,2361,1662923847.2486963,1662923943.8431451,96.59444880485535,10933,21.776939154552608,"[154, 143, 359, 257]",/home/intern/gs_floaterLab/results/campaigns/gain_attribution/cvpr_assets/fixed_work_v1/render40/rpng/table_05/vanilla/curve_evaluation/snapshot_05/images/005280_render.png,de93978d4c1bc8f765461a4930f34c660c6cdbaaf32cc4e4e7a674b5664487d6,/home/intern/gs_floaterLab/results/campaigns/gain_attribution/cvpr_assets/fixed_work_v1/render40/rpng/table_05/vanilla/curve_evaluation/snapshot_05/images/005280_gt.png,74a26b714eaae10aa29d5924650eb9db85df06b1550b12c82fbba1aa943a5a81,3b8a4353329b0d2dbc5b62b0edb839802efb2abef4b824b4ad1c7d61419de1b5
rpng,table_05,5280,1,vanilla,final,6163,2361,1662923847.2486963,1662923974.0293784,126.78068208694458,12680,23.508012490350552,"[154, 143, 359, 257]",/home/intern/gs_floaterLab/results/campaigns/gain_attribution/cvpr_assets/fixed_work_v1/render40/rpng/table_05/vanilla/curve_evaluation/final/images/005280_render.png,ff1aed261901a9390483f9f06b239382729452445305aa40a4455b42c1345982,/home/intern/gs_floaterLab/results/campaigns/gain_attribution/cvpr_assets/fixed_work_v1/render40/rpng/table_05/vanilla/curve_evaluation/final/images/005280_gt.png,74a26b714eaae10aa29d5924650eb9db85df06b1550b12c82fbba1aa943a5a81,3b8a4353329b0d2dbc5b62b0edb839802efb2abef4b824b4ad1c7d61419de1b5
rpng,table_05,5280,1,d3,snapshot_02,2481,2361,1662923847.2486963,1662923851.2443,3.995603561401367,6241,19.553725641659433,"[154, 143, 359, 257]",/home/intern/gs_floaterLab/results/campaigns/gain_attribution/cvpr_assets/fixed_work_v1/render40/rpng/table_05/d3/curve_evaluation/snapshot_02/images/005280_render.png,658eac9201a54b8a579a1ecb6429ddd4f79b9117b9abf36a2c5331deb96e5fa6,/home/intern/gs_floaterLab/results/campaigns/gain_attribution/cvpr_assets/fixed_work_v1/render40/rpng/table_05/d3/curve_evaluation/snapshot_02/images/005280_gt.png,74a26b714eaae10aa29d5924650eb9db85df06b1550b12c82fbba1aa943a5a81,5170c213021de1f738033a1094f420c2738da22c34a72e679e3c3a688f0a699e
rpng,table_05,5280,1,d3,snapshot_03,3411,2361,1662923847.2486963,1662923882.2541041,35.00540781021118,7721,18.655594427031723,"[154, 143, 359, 257]",/home/intern/gs_floaterLab/results/campaigns/gain_attribution/cvpr_assets/fixed_work_v1/render40/rpng/table_05/d3/curve_evaluation/snapshot_03/images/005280_render.png,0c45a48f649417426a6cc0a3785709676ad36155573512c147e51ee2b962fe85,/home/intern/gs_floaterLab/results/campaigns/gain_attribution/cvpr_assets/fixed_work_v1/render40/rpng/table_05/d3/curve_evaluation/snapshot_03/images/005280_gt.png,74a26b714eaae10aa29d5924650eb9db85df06b1550b12c82fbba1aa943a5a81,5170c213021de1f738033a1094f420c2738da22c34a72e679e3c3a688f0a699e
rpng,table_05,5280,1,d3,snapshot_04,4338,2361,1662923847.2486963,1662923913.1837723,65.93507599830627,9201,19.348251159937952,"[154, 143, 359, 257]",/home/intern/gs_floaterLab/results/campaigns/gain_attribution/cvpr_assets/fixed_work_v1/render40/rpng/table_05/d3/curve_evaluation/snapshot_04/images/005280_render.png,e98327efdd563cdc73a796c9e78c6010f9a69a5dd0602afb512beca4969d99a5,/home/intern/gs_floaterLab/results/campaigns/gain_attribution/cvpr_assets/fixed_work_v1/render40/rpng/table_05/d3/curve_evaluation/snapshot_04/images/005280_gt.png,74a26b714eaae10aa29d5924650eb9db85df06b1550b12c82fbba1aa943a5a81,5170c213021de1f738033a1094f420c2738da22c34a72e679e3c3a688f0a699e
rpng,table_05,5280,1,d3,snapshot_05,5258,2361,1662923847.2486963,1662923943.8431451,96.59444880485535,10921,22.112824438215824,"[154, 143, 359, 257]",/home/intern/gs_floaterLab/results/campaigns/gain_attribution/cvpr_assets/fixed_work_v1/render40/rpng/table_05/d3/curve_evaluation/snapshot_05/images/005280_render.png,e3b5ad46807f61ba42cc616b75c9d2ef26c257240c59992272147c9ef4514335,/home/intern/gs_floaterLab/results/campaigns/gain_attribution/cvpr_assets/fixed_work_v1/render40/rpng/table_05/d3/curve_evaluation/snapshot_05/images/005280_gt.png,74a26b714eaae10aa29d5924650eb9db85df06b1550b12c82fbba1aa943a5a81,5170c213021de1f738033a1094f420c2738da22c34a72e679e3c3a688f0a699e
rpng,table_05,5280,1,d3,final,6163,2361,1662923847.2486963,1662923974.0293784,126.78068208694458,12680,25.19209620925295,"[154, 143, 359, 257]",/home/intern/gs_floaterLab/results/campaigns/gain_attribution/cvpr_assets/fixed_work_v1/render40/rpng/table_05/d3/curve_evaluation/final/images/005280_render.png,7cd110c58150da3814e5e3f379cf6f4cab9fe9263646c8deb8869b736f93fa9d,/home/intern/gs_floaterLab/results/campaigns/gain_attribution/cvpr_assets/fixed_work_v1/render40/rpng/table_05/d3/curve_evaluation/final/images/005280_gt.png,74a26b714eaae10aa29d5924650eb9db85df06b1550b12c82fbba1aa943a5a81,5170c213021de1f738033a1094f420c2738da22c34a72e679e3c3a688f0a699e
rpng,table_05,5280,2,vanilla,snapshot_02,2481,2382,1662923847.9479349,1662923851.2443,3.2963650226593018,6253,13.31800266487782,"[0, 115, 205, 229]",/home/intern/gs_floaterLab/results/campaigns/gain_attribution/cvpr_assets/fixed_work_v1/render40/rpng/table_05/vanilla/curve_evaluation/snapshot_02/images/005280_render.png,6c4a179693eaa33ec5bce3b000d302483ec21fea30e1b82381b014f59900a89e,/home/intern/gs_floaterLab/results/campaigns/gain_attribution/cvpr_assets/fixed_work_v1/render40/rpng/table_05/vanilla/curve_evaluation/snapshot_02/images/005280_gt.png,74a26b714eaae10aa29d5924650eb9db85df06b1550b12c82fbba1aa943a5a81,3b8a4353329b0d2dbc5b62b0edb839802efb2abef4b824b4ad1c7d61419de1b5
rpng,table_05,5280,2,vanilla,snapshot_03,3411,2382,1662923847.9479349,1662923882.2541041,34.306169271469116,7733,16.007821061159685,"[0, 115, 205, 229]",/home/intern/gs_floaterLab/results/campaigns/gain_attribution/cvpr_assets/fixed_work_v1/render40/rpng/table_05/vanilla/curve_evaluation/snapshot_03/images/005280_render.png,de3d9a6912637f4bf442fe459e4428261b8ab9a3abcfa8cf4e6292d382af92ac,/home/intern/gs_floaterLab/results/campaigns/gain_attribution/cvpr_assets/fixed_work_v1/render40/rpng/table_05/vanilla/curve_evaluation/snapshot_03/images/005280_gt.png,74a26b714eaae10aa29d5924650eb9db85df06b1550b12c82fbba1aa943a5a81,3b8a4353329b0d2dbc5b62b0edb839802efb2abef4b824b4ad1c7d61419de1b5
rpng,table_05,5280,2,vanilla,snapshot_04,4338,2382,1662923847.9479349,1662923913.1837723,65.23583745956421,9213,18.51539130958279,"[0, 115, 205, 229]",/home/intern/gs_floaterLab/results/campaigns/gain_attribution/cvpr_assets/fixed_work_v1/render40/rpng/table_05/vanilla/curve_evaluation/snapshot_04/images/005280_render.png,55e021a0938871b0db14d08cbc9351f65faab7dab5a4c9f039fe527aebe073ab,/home/intern/gs_floaterLab/results/campaigns/gain_attribution/cvpr_assets/fixed_work_v1/render40/rpng/table_05/vanilla/curve_evaluation/snapshot_04/images/005280_gt.png,74a26b714eaae10aa29d5924650eb9db85df06b1550b12c82fbba1aa943a5a81,3b8a4353329b0d2dbc5b62b0edb839802efb2abef4b824b4ad1c7d61419de1b5
rpng,table_05,5280,2,vanilla,snapshot_05,5258,2382,1662923847.9479349,1662923943.8431451,95.89521026611328,10933,21.101986489515383,"[0, 115, 205, 229]",/home/intern/gs_floaterLab/results/campaigns/gain_attribution/cvpr_assets/fixed_work_v1/render40/rpng/table_05/vanilla/curve_evaluation/snapshot_05/images/005280_render.png,de93978d4c1bc8f765461a4930f34c660c6cdbaaf32cc4e4e7a674b5664487d6,/home/intern/gs_floaterLab/results/campaigns/gain_attribution/cvpr_assets/fixed_work_v1/render40/rpng/table_05/vanilla/curve_evaluation/snapshot_05/images/005280_gt.png,74a26b714eaae10aa29d5924650eb9db85df06b1550b12c82fbba1aa943a5a81,3b8a4353329b0d2dbc5b62b0edb839802efb2abef4b824b4ad1c7d61419de1b5
rpng,table_05,5280,2,vanilla,final,6163,2382,1662923847.9479349,1662923974.0293784,126.08144354820251,12680,21.832182630544587,"[0, 115, 205, 229]",/home/intern/gs_floaterLab/results/campaigns/gain_attribution/cvpr_assets/fixed_work_v1/render40/rpng/table_05/vanilla/curve_evaluation/final/images/005280_render.png,ff1aed261901a9390483f9f06b239382729452445305aa40a4455b42c1345982,/home/intern/gs_floaterLab/results/campaigns/gain_attribution/cvpr_assets/fixed_work_v1/render40/rpng/table_05/vanilla/curve_evaluation/final/images/005280_gt.png,74a26b714eaae10aa29d5924650eb9db85df06b1550b12c82fbba1aa943a5a81,3b8a4353329b0d2dbc5b62b0edb839802efb2abef4b824b4ad1c7d61419de1b5
rpng,table_05,5280,2,d3,snapshot_02,2481,2382,1662923847.9479349,1662923851.2443,3.2963650226593018,6241,16.74699096864089,"[0, 115, 205, 229]",/home/intern/gs_floaterLab/results/campaigns/gain_attribution/cvpr_assets/fixed_work_v1/render40/rpng/table_05/d3/curve_evaluation/snapshot_02/images/005280_render.png,658eac9201a54b8a579a1ecb6429ddd4f79b9117b9abf36a2c5331deb96e5fa6,/home/intern/gs_floaterLab/results/campaigns/gain_attribution/cvpr_assets/fixed_work_v1/render40/rpng/table_05/d3/curve_evaluation/snapshot_02/images/005280_gt.png,74a26b714eaae10aa29d5924650eb9db85df06b1550b12c82fbba1aa943a5a81,5170c213021de1f738033a1094f420c2738da22c34a72e679e3c3a688f0a699e
rpng,table_05,5280,2,d3,snapshot_03,3411,2382,1662923847.9479349,1662923882.2541041,34.306169271469116,7721,16.679597494329034,"[0, 115, 205, 229]",/home/intern/gs_floaterLab/results/campaigns/gain_attribution/cvpr_assets/fixed_work_v1/render40/rpng/table_05/d3/curve_evaluation/snapshot_03/images/005280_render.png,0c45a48f649417426a6cc0a3785709676ad36155573512c147e51ee2b962fe85,/home/intern/gs_floaterLab/results/campaigns/gain_attribution/cvpr_assets/fixed_work_v1/render40/rpng/table_05/d3/curve_evaluation/snapshot_03/images/005280_gt.png,74a26b714eaae10aa29d5924650eb9db85df06b1550b12c82fbba1aa943a5a81,5170c213021de1f738033a1094f420c2738da22c34a72e679e3c3a688f0a699e
rpng,table_05,5280,2,d3,snapshot_04,4338,2382,1662923847.9479349,1662923913.1837723,65.23583745956421,9201,19.356355994496134,"[0, 115, 205, 229]",/home/intern/gs_floaterLab/results/campaigns/gain_attribution/cvpr_assets/fixed_work_v1/render40/rpng/table_05/d3/curve_evaluation/snapshot_04/images/005280_render.png,e98327efdd563cdc73a796c9e78c6010f9a69a5dd0602afb512beca4969d99a5,/home/intern/gs_floaterLab/results/campaigns/gain_attribution/cvpr_assets/fixed_work_v1/render40/rpng/table_05/d3/curve_evaluation/snapshot_04/images/005280_gt.png,74a26b714eaae10aa29d5924650eb9db85df06b1550b12c82fbba1aa943a5a81,5170c213021de1f738033a1094f420c2738da22c34a72e679e3c3a688f0a699e
rpng,table_05,5280,2,d3,snapshot_05,5258,2382,1662923847.9479349,1662923943.8431451,95.89521026611328,10921,21.140232462044896,"[0, 115, 205, 229]",/home/intern/gs_floaterLab/results/campaigns/gain_attribution/cvpr_assets/fixed_work_v1/render40/rpng/table_05/d3/curve_evaluation/snapshot_05/images/005280_render.png,e3b5ad46807f61ba42cc616b75c9d2ef26c257240c59992272147c9ef4514335,/home/intern/gs_floaterLab/results/campaigns/gain_attribution/cvpr_assets/fixed_work_v1/render40/rpng/table_05/d3/curve_evaluation/snapshot_05/images/005280_gt.png,74a26b714eaae10aa29d5924650eb9db85df06b1550b12c82fbba1aa943a5a81,5170c213021de1f738033a1094f420c2738da22c34a72e679e3c3a688f0a699e
rpng,table_05,5280,2,d3,final,6163,2382,1662923847.9479349,1662923974.0293784,126.08144354820251,12680,25.58018828795776,"[0, 115, 205, 229]",/home/intern/gs_floaterLab/results/campaigns/gain_attribution/cvpr_assets/fixed_work_v1/render40/rpng/table_05/d3/curve_evaluation/final/images/005280_render.png,7cd110c58150da3814e5e3f379cf6f4cab9fe9263646c8deb8869b736f93fa9d,/home/intern/gs_floaterLab/results/campaigns/gain_attribution/cvpr_assets/fixed_work_v1/render40/rpng/table_05/d3/curve_evaluation/final/images/005280_gt.png,74a26b714eaae10aa29d5924650eb9db85df06b1550b12c82fbba1aa943a5a81,5170c213021de1f738033a1094f420c2738da22c34a72e679e3c3a688f0a699e
rpng,table_06,790,0,vanilla,snapshot_02,1116,781,1662924033.0262883,1662924044.203638,11.17734980583191,4253,16.68721450110241,"[411, 230, 616, 344]",/home/intern/gs_floaterLab/results/campaigns/gain_attribution/cvpr_assets/fixed_work_v1/render40/rpng/table_06/vanilla/curve_evaluation/snapshot_02/images/000790_render.png,d7042a1707070861bd874e45743abec71043676ce44a5a2a0c0f9e96cafc2cb3,/home/intern/gs_floaterLab/results/campaigns/gain_attribution/cvpr_assets/fixed_work_v1/render40/rpng/table_06/vanilla/curve_evaluation/snapshot_02/images/000790_gt.png,a0d93470ae165d7b5280a6d6b26a5b826294fc7a0f40f96060c079257ed6b54a,a35ab2c0c6093057f6ac6ac032435aa8e0169a033f742f0b243870fded8f95a4
rpng,table_06,790,0,vanilla,snapshot_03,1559,781,1662924033.0262883,1662924058.9973435,25.971055269241333,5773,16.581711893369096,"[411, 230, 616, 344]",/home/intern/gs_floaterLab/results/campaigns/gain_attribution/cvpr_assets/fixed_work_v1/render40/rpng/table_06/vanilla/curve_evaluation/snapshot_03/images/000790_render.png,12e396201f04e70a9a177fa29ecbf538c247a22464de4b7ed429adb44243824f,/home/intern/gs_floaterLab/results/campaigns/gain_attribution/cvpr_assets/fixed_work_v1/render40/rpng/table_06/vanilla/curve_evaluation/snapshot_03/images/000790_gt.png,a0d93470ae165d7b5280a6d6b26a5b826294fc7a0f40f96060c079257ed6b54a,a35ab2c0c6093057f6ac6ac032435aa8e0169a033f742f0b243870fded8f95a4
rpng,table_06,790,0,vanilla,snapshot_04,1959,781,1662924033.0262883,1662924072.3004718,39.27418351173401,7213,16.56658940720819,"[411, 230, 616, 344]",/home/intern/gs_floaterLab/results/campaigns/gain_attribution/cvpr_assets/fixed_work_v1/render40/rpng/table_06/vanilla/curve_evaluation/snapshot_04/images/000790_render.png,efa0b70786d95777f508a9ec7510757449f0f04b730351b9111efe4c66c844e8,/home/intern/gs_floaterLab/results/campaigns/gain_attribution/cvpr_assets/fixed_work_v1/render40/rpng/table_06/vanilla/curve_evaluation/snapshot_04/images/000790_gt.png,a0d93470ae165d7b5280a6d6b26a5b826294fc7a0f40f96060c079257ed6b54a,a35ab2c0c6093057f6ac6ac032435aa8e0169a033f742f0b243870fded8f95a4
rpng,table_06,790,0,vanilla,snapshot_05,2357,781,1662924033.0262883,1662924085.5780933,52.55180501937866,8373,16.989723954424104,"[411, 230, 616, 344]",/home/intern/gs_floaterLab/results/campaigns/gain_attribution/cvpr_assets/fixed_work_v1/render40/rpng/table_06/vanilla/curve_evaluation/snapshot_05/images/000790_render.png,a44222812040580e5c306cef3d11f12b2223c6ffaf0c15d5b98320cd9e8fb048,/home/intern/gs_floaterLab/results/campaigns/gain_attribution/cvpr_assets/fixed_work_v1/render40/rpng/table_06/vanilla/curve_evaluation/snapshot_05/images/000790_gt.png,a0d93470ae165d7b5280a6d6b26a5b826294fc7a0f40f96060c079257ed6b54a,a35ab2c0c6093057f6ac6ac032435aa8e0169a033f742f0b243870fded8f95a4
rpng,table_06,790,0,vanilla,final,2766,781,1662924033.0262883,1662924099.2174773,66.19118905067444,9080,15.860315278379067,"[411, 230, 616, 344]",/home/intern/gs_floaterLab/results/campaigns/gain_attribution/cvpr_assets/fixed_work_v1/render40/rpng/table_06/vanilla/curve_evaluation/final/images/000790_render.png,c83195d6e06c456eb0a52f643a4a9470812c00bf02d5a283a5b4c9f010d9c074,/home/intern/gs_floaterLab/results/campaigns/gain_attribution/cvpr_assets/fixed_work_v1/render40/rpng/table_06/vanilla/curve_evaluation/final/images/000790_gt.png,a0d93470ae165d7b5280a6d6b26a5b826294fc7a0f40f96060c079257ed6b54a,a35ab2c0c6093057f6ac6ac032435aa8e0169a033f742f0b243870fded8f95a4
rpng,table_06,790,0,d3,snapshot_02,1116,781,1662924033.0262883,1662924044.203638,11.17734980583191,4241,16.779022448950688,"[411, 230, 616, 344]",/home/intern/gs_floaterLab/results/campaigns/gain_attribution/cvpr_assets/fixed_work_v1/render40/rpng/table_06/d3/curve_evaluation/snapshot_02/images/000790_render.png,1689d36b308174c94e8b19c34c60217b7ebc006187137dbc77d704f8ddfc1cb2,/home/intern/gs_floaterLab/results/campaigns/gain_attribution/cvpr_assets/fixed_work_v1/render40/rpng/table_06/d3/curve_evaluation/snapshot_02/images/000790_gt.png,a0d93470ae165d7b5280a6d6b26a5b826294fc7a0f40f96060c079257ed6b54a,b6413d4ee8ccc98b030ac675c4f5ac06f126268d6590508138183a2f3fb03dcb
rpng,table_06,790,0,d3,snapshot_03,1559,781,1662924033.0262883,1662924058.9973435,25.971055269241333,5761,18.419659955203286,"[411, 230, 616, 344]",/home/intern/gs_floaterLab/results/campaigns/gain_attribution/cvpr_assets/fixed_work_v1/render40/rpng/table_06/d3/curve_evaluation/snapshot_03/images/000790_render.png,5a25a82cbfcd8ab6f97af77e396432740f7d7e79458206593f31dd823181f0ac,/home/intern/gs_floaterLab/results/campaigns/gain_attribution/cvpr_assets/fixed_work_v1/render40/rpng/table_06/d3/curve_evaluation/snapshot_03/images/000790_gt.png,a0d93470ae165d7b5280a6d6b26a5b826294fc7a0f40f96060c079257ed6b54a,b6413d4ee8ccc98b030ac675c4f5ac06f126268d6590508138183a2f3fb03dcb
rpng,table_06,790,0,d3,snapshot_04,1959,781,1662924033.0262883,1662924072.3004718,39.27418351173401,7201,17.188169487243773,"[411, 230, 616, 344]",/home/intern/gs_floaterLab/results/campaigns/gain_attribution/cvpr_assets/fixed_work_v1/render40/rpng/table_06/d3/curve_evaluation/snapshot_04/images/000790_render.png,1220eb8058c8a4fcc29b2b8b989356a286e1d6d850f9dda12c6041288b6ab44e,/home/intern/gs_floaterLab/results/campaigns/gain_attribution/cvpr_assets/fixed_work_v1/render40/rpng/table_06/d3/curve_evaluation/snapshot_04/images/000790_gt.png,a0d93470ae165d7b5280a6d6b26a5b826294fc7a0f40f96060c079257ed6b54a,b6413d4ee8ccc98b030ac675c4f5ac06f126268d6590508138183a2f3fb03dcb
rpng,table_06,790,0,d3,snapshot_05,2357,781,1662924033.0262883,1662924085.5780933,52.55180501937866,8361,16.985547041259153,"[411, 230, 616, 344]",/home/intern/gs_floaterLab/results/campaigns/gain_attribution/cvpr_assets/fixed_work_v1/render40/rpng/table_06/d3/curve_evaluation/snapshot_05/images/000790_render.png,f32088c5ca03a93888fdc7c54ba7044b00f3fd2b1df892eb7cb731e8f25019e4,/home/intern/gs_floaterLab/results/campaigns/gain_attribution/cvpr_assets/fixed_work_v1/render40/rpng/table_06/d3/curve_evaluation/snapshot_05/images/000790_gt.png,a0d93470ae165d7b5280a6d6b26a5b826294fc7a0f40f96060c079257ed6b54a,b6413d4ee8ccc98b030ac675c4f5ac06f126268d6590508138183a2f3fb03dcb
rpng,table_06,790,0,d3,final,2766,781,1662924033.0262883,1662924099.2174773,66.19118905067444,9080,16.13689222311271,"[411, 230, 616, 344]",/home/intern/gs_floaterLab/results/campaigns/gain_attribution/cvpr_assets/fixed_work_v1/render40/rpng/table_06/d3/curve_evaluation/final/images/000790_render.png,f2eb14642a4c420a52f7374ee1ea0725a5bd24806c72ce8e7dc67a83ca8a7346,/home/intern/gs_floaterLab/results/campaigns/gain_attribution/cvpr_assets/fixed_work_v1/render40/rpng/table_06/d3/curve_evaluation/final/images/000790_gt.png,a0d93470ae165d7b5280a6d6b26a5b826294fc7a0f40f96060c079257ed6b54a,b6413d4ee8ccc98b030ac675c4f5ac06f126268d6590508138183a2f3fb03dcb
rpng,table_06,790,1,vanilla,snapshot_02,1116,767,1662924032.5565178,1662924044.203638,11.647120237350464,4253,18.217395508857543,"[359, 86, 564, 200]",/home/intern/gs_floaterLab/results/campaigns/gain_attribution/cvpr_assets/fixed_work_v1/render40/rpng/table_06/vanilla/curve_evaluation/snapshot_02/images/000790_render.png,d7042a1707070861bd874e45743abec71043676ce44a5a2a0c0f9e96cafc2cb3,/home/intern/gs_floaterLab/results/campaigns/gain_attribution/cvpr_assets/fixed_work_v1/render40/rpng/table_06/vanilla/curve_evaluation/snapshot_02/images/000790_gt.png,a0d93470ae165d7b5280a6d6b26a5b826294fc7a0f40f96060c079257ed6b54a,a35ab2c0c6093057f6ac6ac032435aa8e0169a033f742f0b243870fded8f95a4
rpng,table_06,790,1,vanilla,snapshot_03,1559,767,1662924032.5565178,1662924058.9973435,26.440825700759888,5773,18.220988840134858,"[359, 86, 564, 200]",/home/intern/gs_floaterLab/results/campaigns/gain_attribution/cvpr_assets/fixed_work_v1/render40/rpng/table_06/vanilla/curve_evaluation/snapshot_03/images/000790_render.png,12e396201f04e70a9a177fa29ecbf538c247a22464de4b7ed429adb44243824f,/home/intern/gs_floaterLab/results/campaigns/gain_attribution/cvpr_assets/fixed_work_v1/render40/rpng/table_06/vanilla/curve_evaluation/snapshot_03/images/000790_gt.png,a0d93470ae165d7b5280a6d6b26a5b826294fc7a0f40f96060c079257ed6b54a,a35ab2c0c6093057f6ac6ac032435aa8e0169a033f742f0b243870fded8f95a4
rpng,table_06,790,1,vanilla,snapshot_04,1959,767,1662924032.5565178,1662924072.3004718,39.74395394325256,7213,19.957822466937195,"[359, 86, 564, 200]",/home/intern/gs_floaterLab/results/campaigns/gain_attribution/cvpr_assets/fixed_work_v1/render40/rpng/table_06/vanilla/curve_evaluation/snapshot_04/images/000790_render.png,efa0b70786d95777f508a9ec7510757449f0f04b730351b9111efe4c66c844e8,/home/intern/gs_floaterLab/results/campaigns/gain_attribution/cvpr_assets/fixed_work_v1/render40/rpng/table_06/vanilla/curve_evaluation/snapshot_04/images/000790_gt.png,a0d93470ae165d7b5280a6d6b26a5b826294fc7a0f40f96060c079257ed6b54a,a35ab2c0c6093057f6ac6ac032435aa8e0169a033f742f0b243870fded8f95a4
rpng,table_06,790,1,vanilla,snapshot_05,2357,767,1662924032.5565178,1662924085.5780933,53.02157545089722,8373,16.993999625129007,"[359, 86, 564, 200]",/home/intern/gs_floaterLab/results/campaigns/gain_attribution/cvpr_assets/fixed_work_v1/render40/rpng/table_06/vanilla/curve_evaluation/snapshot_05/images/000790_render.png,a44222812040580e5c306cef3d11f12b2223c6ffaf0c15d5b98320cd9e8fb048,/home/intern/gs_floaterLab/results/campaigns/gain_attribution/cvpr_assets/fixed_work_v1/render40/rpng/table_06/vanilla/curve_evaluation/snapshot_05/images/000790_gt.png,a0d93470ae165d7b5280a6d6b26a5b826294fc7a0f40f96060c079257ed6b54a,a35ab2c0c6093057f6ac6ac032435aa8e0169a033f742f0b243870fded8f95a4
rpng,table_06,790,1,vanilla,final,2766,767,1662924032.5565178,1662924099.2174773,66.660959482193,9080,20.141061181843995,"[359, 86, 564, 200]",/home/intern/gs_floaterLab/results/campaigns/gain_attribution/cvpr_assets/fixed_work_v1/render40/rpng/table_06/vanilla/curve_evaluation/final/images/000790_render.png,c83195d6e06c456eb0a52f643a4a9470812c00bf02d5a283a5b4c9f010d9c074,/home/intern/gs_floaterLab/results/campaigns/gain_attribution/cvpr_assets/fixed_work_v1/render40/rpng/table_06/vanilla/curve_evaluation/final/images/000790_gt.png,a0d93470ae165d7b5280a6d6b26a5b826294fc7a0f40f96060c079257ed6b54a,a35ab2c0c6093057f6ac6ac032435aa8e0169a033f742f0b243870fded8f95a4
rpng,table_06,790,1,d3,snapshot_02,1116,767,1662924032.5565178,1662924044.203638,11.647120237350464,4241,19.769098067375836,"[359, 86, 564, 200]",/home/intern/gs_floaterLab/results/campaigns/gain_attribution/cvpr_assets/fixed_work_v1/render40/rpng/table_06/d3/curve_evaluation/snapshot_02/images/000790_render.png,1689d36b308174c94e8b19c34c60217b7ebc006187137dbc77d704f8ddfc1cb2,/home/intern/gs_floaterLab/results/campaigns/gain_attribution/cvpr_assets/fixed_work_v1/render40/rpng/table_06/d3/curve_evaluation/snapshot_02/images/000790_gt.png,a0d93470ae165d7b5280a6d6b26a5b826294fc7a0f40f96060c079257ed6b54a,b6413d4ee8ccc98b030ac675c4f5ac06f126268d6590508138183a2f3fb03dcb
rpng,table_06,790,1,d3,snapshot_03,1559,767,1662924032.5565178,1662924058.9973435,26.440825700759888,5761,19.80789037967338,"[359, 86, 564, 200]",/home/intern/gs_floaterLab/results/campaigns/gain_attribution/cvpr_assets/fixed_work_v1/render40/rpng/table_06/d3/curve_evaluation/snapshot_03/images/000790_render.png,5a25a82cbfcd8ab6f97af77e396432740f7d7e79458206593f31dd823181f0ac,/home/intern/gs_floaterLab/results/campaigns/gain_attribution/cvpr_assets/fixed_work_v1/render40/rpng/table_06/d3/curve_evaluation/snapshot_03/images/000790_gt.png,a0d93470ae165d7b5280a6d6b26a5b826294fc7a0f40f96060c079257ed6b54a,b6413d4ee8ccc98b030ac675c4f5ac06f126268d6590508138183a2f3fb03dcb
rpng,table_06,790,1,d3,snapshot_04,1959,767,1662924032.5565178,1662924072.3004718,39.74395394325256,7201,20.212819874171657,"[359, 86, 564, 200]",/home/intern/gs_floaterLab/results/campaigns/gain_attribution/cvpr_assets/fixed_work_v1/render40/rpng/table_06/d3/curve_evaluation/snapshot_04/images/000790_render.png,1220eb8058c8a4fcc29b2b8b989356a286e1d6d850f9dda12c6041288b6ab44e,/home/intern/gs_floaterLab/results/campaigns/gain_attribution/cvpr_assets/fixed_work_v1/render40/rpng/table_06/d3/curve_evaluation/snapshot_04/images/000790_gt.png,a0d93470ae165d7b5280a6d6b26a5b826294fc7a0f40f96060c079257ed6b54a,b6413d4ee8ccc98b030ac675c4f5ac06f126268d6590508138183a2f3fb03dcb
rpng,table_06,790,1,d3,snapshot_05,2357,767,1662924032.5565178,1662924085.5780933,53.02157545089722,8361,18.137180480196054,"[359, 86, 564, 200]",/home/intern/gs_floaterLab/results/campaigns/gain_attribution/cvpr_assets/fixed_work_v1/render40/rpng/table_06/d3/curve_evaluation/snapshot_05/images/000790_render.png,f32088c5ca03a93888fdc7c54ba7044b00f3fd2b1df892eb7cb731e8f25019e4,/home/intern/gs_floaterLab/results/campaigns/gain_attribution/cvpr_assets/fixed_work_v1/render40/rpng/table_06/d3/curve_evaluation/snapshot_05/images/000790_gt.png,a0d93470ae165d7b5280a6d6b26a5b826294fc7a0f40f96060c079257ed6b54a,b6413d4ee8ccc98b030ac675c4f5ac06f126268d6590508138183a2f3fb03dcb
rpng,table_06,790,1,d3,final,2766,767,1662924032.5565178,1662924099.2174773,66.660959482193,9080,20.331122368208977,"[359, 86, 564, 200]",/home/intern/gs_floaterLab/results/campaigns/gain_attribution/cvpr_assets/fixed_work_v1/render40/rpng/table_06/d3/curve_evaluation/final/images/000790_render.png,f2eb14642a4c420a52f7374ee1ea0725a5bd24806c72ce8e7dc67a83ca8a7346,/home/intern/gs_floaterLab/results/campaigns/gain_attribution/cvpr_assets/fixed_work_v1/render40/rpng/table_06/d3/curve_evaluation/final/images/000790_gt.png,a0d93470ae165d7b5280a6d6b26a5b826294fc7a0f40f96060c079257ed6b54a,b6413d4ee8ccc98b030ac675c4f5ac06f126268d6590508138183a2f3fb03dcb
rpng,table_06,790,2,vanilla,snapshot_02,1116,781,1662924033.0262883,1662924044.203638,11.17734980583191,4253,17.29839909724396,"[308, 172, 513, 286]",/home/intern/gs_floaterLab/results/campaigns/gain_attribution/cvpr_assets/fixed_work_v1/render40/rpng/table_06/vanilla/curve_evaluation/snapshot_02/images/000790_render.png,d7042a1707070861bd874e45743abec71043676ce44a5a2a0c0f9e96cafc2cb3,/home/intern/gs_floaterLab/results/campaigns/gain_attribution/cvpr_assets/fixed_work_v1/render40/rpng/table_06/vanilla/curve_evaluation/snapshot_02/images/000790_gt.png,a0d93470ae165d7b5280a6d6b26a5b826294fc7a0f40f96060c079257ed6b54a,a35ab2c0c6093057f6ac6ac032435aa8e0169a033f742f0b243870fded8f95a4
rpng,table_06,790,2,vanilla,snapshot_03,1559,781,1662924033.0262883,1662924058.9973435,25.971055269241333,5773,17.15999963909343,"[308, 172, 513, 286]",/home/intern/gs_floaterLab/results/campaigns/gain_attribution/cvpr_assets/fixed_work_v1/render40/rpng/table_06/vanilla/curve_evaluation/snapshot_03/images/000790_render.png,12e396201f04e70a9a177fa29ecbf538c247a22464de4b7ed429adb44243824f,/home/intern/gs_floaterLab/results/campaigns/gain_attribution/cvpr_assets/fixed_work_v1/render40/rpng/table_06/vanilla/curve_evaluation/snapshot_03/images/000790_gt.png,a0d93470ae165d7b5280a6d6b26a5b826294fc7a0f40f96060c079257ed6b54a,a35ab2c0c6093057f6ac6ac032435aa8e0169a033f742f0b243870fded8f95a4
rpng,table_06,790,2,vanilla,snapshot_04,1959,781,1662924033.0262883,1662924072.3004718,39.27418351173401,7213,17.66578851836607,"[308, 172, 513, 286]",/home/intern/gs_floaterLab/results/campaigns/gain_attribution/cvpr_assets/fixed_work_v1/render40/rpng/table_06/vanilla/curve_evaluation/snapshot_04/images/000790_render.png,efa0b70786d95777f508a9ec7510757449f0f04b730351b9111efe4c66c844e8,/home/intern/gs_floaterLab/results/campaigns/gain_attribution/cvpr_assets/fixed_work_v1/render40/rpng/table_06/vanilla/curve_evaluation/snapshot_04/images/000790_gt.png,a0d93470ae165d7b5280a6d6b26a5b826294fc7a0f40f96060c079257ed6b54a,a35ab2c0c6093057f6ac6ac032435aa8e0169a033f742f0b243870fded8f95a4
rpng,table_06,790,2,vanilla,snapshot_05,2357,781,1662924033.0262883,1662924085.5780933,52.55180501937866,8373,17.86434118730567,"[308, 172, 513, 286]",/home/intern/gs_floaterLab/results/campaigns/gain_attribution/cvpr_assets/fixed_work_v1/render40/rpng/table_06/vanilla/curve_evaluation/snapshot_05/images/000790_render.png,a44222812040580e5c306cef3d11f12b2223c6ffaf0c15d5b98320cd9e8fb048,/home/intern/gs_floaterLab/results/campaigns/gain_attribution/cvpr_assets/fixed_work_v1/render40/rpng/table_06/vanilla/curve_evaluation/snapshot_05/images/000790_gt.png,a0d93470ae165d7b5280a6d6b26a5b826294fc7a0f40f96060c079257ed6b54a,a35ab2c0c6093057f6ac6ac032435aa8e0169a033f742f0b243870fded8f95a4
rpng,table_06,790,2,vanilla,final,2766,781,1662924033.0262883,1662924099.2174773,66.19118905067444,9080,17.424364704996908,"[308, 172, 513, 286]",/home/intern/gs_floaterLab/results/campaigns/gain_attribution/cvpr_assets/fixed_work_v1/render40/rpng/table_06/vanilla/curve_evaluation/final/images/000790_render.png,c83195d6e06c456eb0a52f643a4a9470812c00bf02d5a283a5b4c9f010d9c074,/home/intern/gs_floaterLab/results/campaigns/gain_attribution/cvpr_assets/fixed_work_v1/render40/rpng/table_06/vanilla/curve_evaluation/final/images/000790_gt.png,a0d93470ae165d7b5280a6d6b26a5b826294fc7a0f40f96060c079257ed6b54a,a35ab2c0c6093057f6ac6ac032435aa8e0169a033f742f0b243870fded8f95a4
rpng,table_06,790,2,d3,snapshot_02,1116,781,1662924033.0262883,1662924044.203638,11.17734980583191,4241,17.5454635267034,"[308, 172, 513, 286]",/home/intern/gs_floaterLab/results/campaigns/gain_attribution/cvpr_assets/fixed_work_v1/render40/rpng/table_06/d3/curve_evaluation/snapshot_02/images/000790_render.png,1689d36b308174c94e8b19c34c60217b7ebc006187137dbc77d704f8ddfc1cb2,/home/intern/gs_floaterLab/results/campaigns/gain_attribution/cvpr_assets/fixed_work_v1/render40/rpng/table_06/d3/curve_evaluation/snapshot_02/images/000790_gt.png,a0d93470ae165d7b5280a6d6b26a5b826294fc7a0f40f96060c079257ed6b54a,b6413d4ee8ccc98b030ac675c4f5ac06f126268d6590508138183a2f3fb03dcb
rpng,table_06,790,2,d3,snapshot_03,1559,781,1662924033.0262883,1662924058.9973435,25.971055269241333,5761,18.879718371332807,"[308, 172, 513, 286]",/home/intern/gs_floaterLab/results/campaigns/gain_attribution/cvpr_assets/fixed_work_v1/render40/rpng/table_06/d3/curve_evaluation/snapshot_03/images/000790_render.png,5a25a82cbfcd8ab6f97af77e396432740f7d7e79458206593f31dd823181f0ac,/home/intern/gs_floaterLab/results/campaigns/gain_attribution/cvpr_assets/fixed_work_v1/render40/rpng/table_06/d3/curve_evaluation/snapshot_03/images/000790_gt.png,a0d93470ae165d7b5280a6d6b26a5b826294fc7a0f40f96060c079257ed6b54a,b6413d4ee8ccc98b030ac675c4f5ac06f126268d6590508138183a2f3fb03dcb
rpng,table_06,790,2,d3,snapshot_04,1959,781,1662924033.0262883,1662924072.3004718,39.27418351173401,7201,18.391866498926987,"[308, 172, 513, 286]",/home/intern/gs_floaterLab/results/campaigns/gain_attribution/cvpr_assets/fixed_work_v1/render40/rpng/table_06/d3/curve_evaluation/snapshot_04/images/000790_render.png,1220eb8058c8a4fcc29b2b8b989356a286e1d6d850f9dda12c6041288b6ab44e,/home/intern/gs_floaterLab/results/campaigns/gain_attribution/cvpr_assets/fixed_work_v1/render40/rpng/table_06/d3/curve_evaluation/snapshot_04/images/000790_gt.png,a0d93470ae165d7b5280a6d6b26a5b826294fc7a0f40f96060c079257ed6b54a,b6413d4ee8ccc98b030ac675c4f5ac06f126268d6590508138183a2f3fb03dcb
rpng,table_06,790,2,d3,snapshot_05,2357,781,1662924033.0262883,1662924085.5780933,52.55180501937866,8361,17.04843377275838,"[308, 172, 513, 286]",/home/intern/gs_floaterLab/results/campaigns/gain_attribution/cvpr_assets/fixed_work_v1/render40/rpng/table_06/d3/curve_evaluation/snapshot_05/images/000790_render.png,f32088c5ca03a93888fdc7c54ba7044b00f3fd2b1df892eb7cb731e8f25019e4,/home/intern/gs_floaterLab/results/campaigns/gain_attribution/cvpr_assets/fixed_work_v1/render40/rpng/table_06/d3/curve_evaluation/snapshot_05/images/000790_gt.png,a0d93470ae165d7b5280a6d6b26a5b826294fc7a0f40f96060c079257ed6b54a,b6413d4ee8ccc98b030ac675c4f5ac06f126268d6590508138183a2f3fb03dcb
rpng,table_06,790,2,d3,final,2766,781,1662924033.0262883,1662924099.2174773,66.19118905067444,9080,18.423634794450788,"[308, 172, 513, 286]",/home/intern/gs_floaterLab/results/campaigns/gain_attribution/cvpr_assets/fixed_work_v1/render40/rpng/table_06/d3/curve_evaluation/final/images/000790_render.png,f2eb14642a4c420a52f7374ee1ea0725a5bd24806c72ce8e7dc67a83ca8a7346,/home/intern/gs_floaterLab/results/campaigns/gain_attribution/cvpr_assets/fixed_work_v1/render40/rpng/table_06/d3/curve_evaluation/final/images/000790_gt.png,a0d93470ae165d7b5280a6d6b26a5b826294fc7a0f40f96060c079257ed6b54a,b6413d4ee8ccc98b030ac675c4f5ac06f126268d6590508138183a2f3fb03dcb
rpng,table_06,1580,0,vanilla,snapshot_02,1116,896,1662924036.8883815,1662924044.203638,7.315256595611572,4253,20.408169509755535,"[359, 172, 564, 286]",/home/intern/gs_floaterLab/results/campaigns/gain_attribution/cvpr_assets/fixed_work_v1/render40/rpng/table_06/vanilla/curve_evaluation/snapshot_02/images/001580_render.png,8ebab161d77e30011cffd6bb0785411eaa3fdf379fd6a82a567211e434067478,/home/intern/gs_floaterLab/results/campaigns/gain_attribution/cvpr_assets/fixed_work_v1/render40/rpng/table_06/vanilla/curve_evaluation/snapshot_02/images/001580_gt.png,1da3c616a895641f24ad225d36e5013a36c74abd4ec849477f837933c347fd84,a35ab2c0c6093057f6ac6ac032435aa8e0169a033f742f0b243870fded8f95a4
rpng,table_06,1580,0,vanilla,snapshot_03,1559,896,1662924036.8883815,1662924058.9973435,22.108962059020996,5773,20.907518463829526,"[359, 172, 564, 286]",/home/intern/gs_floaterLab/results/campaigns/gain_attribution/cvpr_assets/fixed_work_v1/render40/rpng/table_06/vanilla/curve_evaluation/snapshot_03/images/001580_render.png,87cd11a55d4b308cb209019e2bd00b8001a44572c808933f1fbb578e4129c72a,/home/intern/gs_floaterLab/results/campaigns/gain_attribution/cvpr_assets/fixed_work_v1/render40/rpng/table_06/vanilla/curve_evaluation/snapshot_03/images/001580_gt.png,1da3c616a895641f24ad225d36e5013a36c74abd4ec849477f837933c347fd84,a35ab2c0c6093057f6ac6ac032435aa8e0169a033f742f0b243870fded8f95a4
rpng,table_06,1580,0,vanilla,snapshot_04,1959,896,1662924036.8883815,1662924072.3004718,35.41209030151367,7213,22.541753399382966,"[359, 172, 564, 286]",/home/intern/gs_floaterLab/results/campaigns/gain_attribution/cvpr_assets/fixed_work_v1/render40/rpng/table_06/vanilla/curve_evaluation/snapshot_04/images/001580_render.png,e439040252de1682d34307e382ed1aac07998344222feef9ad8595e23ebb6da3,/home/intern/gs_floaterLab/results/campaigns/gain_attribution/cvpr_assets/fixed_work_v1/render40/rpng/table_06/vanilla/curve_evaluation/snapshot_04/images/001580_gt.png,1da3c616a895641f24ad225d36e5013a36c74abd4ec849477f837933c347fd84,a35ab2c0c6093057f6ac6ac032435aa8e0169a033f742f0b243870fded8f95a4
rpng,table_06,1580,0,vanilla,snapshot_05,2357,896,1662924036.8883815,1662924085.5780933,48.689711809158325,8373,22.74123924978701,"[359, 172, 564, 286]",/home/intern/gs_floaterLab/results/campaigns/gain_attribution/cvpr_assets/fixed_work_v1/render40/rpng/table_06/vanilla/curve_evaluation/snapshot_05/images/001580_render.png,877c7607d685bf48bec327062ec5a1cf4d5f1bcaf3316bc17f9462ef51a2960b,/home/intern/gs_floaterLab/results/campaigns/gain_attribution/cvpr_assets/fixed_work_v1/render40/rpng/table_06/vanilla/curve_evaluation/snapshot_05/images/001580_gt.png,1da3c616a895641f24ad225d36e5013a36c74abd4ec849477f837933c347fd84,a35ab2c0c6093057f6ac6ac032435aa8e0169a033f742f0b243870fded8f95a4
rpng,table_06,1580,0,vanilla,final,2766,896,1662924036.8883815,1662924099.2174773,62.3290958404541,9080,22.807657213395206,"[359, 172, 564, 286]",/home/intern/gs_floaterLab/results/campaigns/gain_attribution/cvpr_assets/fixed_work_v1/render40/rpng/table_06/vanilla/curve_evaluation/final/images/001580_render.png,55a60abde09356a633857e5e64514d0863d6a67b324a8a5e49ea9b7ca5a89c33,/home/intern/gs_floaterLab/results/campaigns/gain_attribution/cvpr_assets/fixed_work_v1/render40/rpng/table_06/vanilla/curve_evaluation/final/images/001580_gt.png,1da3c616a895641f24ad225d36e5013a36c74abd4ec849477f837933c347fd84,a35ab2c0c6093057f6ac6ac032435aa8e0169a033f742f0b243870fded8f95a4
rpng,table_06,1580,0,d3,snapshot_02,1116,896,1662924036.8883815,1662924044.203638,7.315256595611572,4241,21.167858215557743,"[359, 172, 564, 286]",/home/intern/gs_floaterLab/results/campaigns/gain_attribution/cvpr_assets/fixed_work_v1/render40/rpng/table_06/d3/curve_evaluation/snapshot_02/images/001580_render.png,899adc8b921368299e3265abef23a2dfc9292438e8576d5f58fb53860eb94ef5,/home/intern/gs_floaterLab/results/campaigns/gain_attribution/cvpr_assets/fixed_work_v1/render40/rpng/table_06/d3/curve_evaluation/snapshot_02/images/001580_gt.png,1da3c616a895641f24ad225d36e5013a36c74abd4ec849477f837933c347fd84,b6413d4ee8ccc98b030ac675c4f5ac06f126268d6590508138183a2f3fb03dcb
rpng,table_06,1580,0,d3,snapshot_03,1559,896,1662924036.8883815,1662924058.9973435,22.108962059020996,5761,21.1984684239618,"[359, 172, 564, 286]",/home/intern/gs_floaterLab/results/campaigns/gain_attribution/cvpr_assets/fixed_work_v1/render40/rpng/table_06/d3/curve_evaluation/snapshot_03/images/001580_render.png,25e3ec918abc88b85bcda751f5bb6e16fb055b4f07eb5b78c6746eb20e311eb4,/home/intern/gs_floaterLab/results/campaigns/gain_attribution/cvpr_assets/fixed_work_v1/render40/rpng/table_06/d3/curve_evaluation/snapshot_03/images/001580_gt.png,1da3c616a895641f24ad225d36e5013a36c74abd4ec849477f837933c347fd84,b6413d4ee8ccc98b030ac675c4f5ac06f126268d6590508138183a2f3fb03dcb
rpng,table_06,1580,0,d3,snapshot_04,1959,896,1662924036.8883815,1662924072.3004718,35.41209030151367,7201,22.26169331129599,"[359, 172, 564, 286]",/home/intern/gs_floaterLab/results/campaigns/gain_attribution/cvpr_assets/fixed_work_v1/render40/rpng/table_06/d3/curve_evaluation/snapshot_04/images/001580_render.png,52e854cf374833b572b149f88e9c6ef381eaf659f32889cf1c07254eca014b5e,/home/intern/gs_floaterLab/results/campaigns/gain_attribution/cvpr_assets/fixed_work_v1/render40/rpng/table_06/d3/curve_evaluation/snapshot_04/images/001580_gt.png,1da3c616a895641f24ad225d36e5013a36c74abd4ec849477f837933c347fd84,b6413d4ee8ccc98b030ac675c4f5ac06f126268d6590508138183a2f3fb03dcb
rpng,table_06,1580,0,d3,snapshot_05,2357,896,1662924036.8883815,1662924085.5780933,48.689711809158325,8361,23.068569691639198,"[359, 172, 564, 286]",/home/intern/gs_floaterLab/results/campaigns/gain_attribution/cvpr_assets/fixed_work_v1/render40/rpng/table_06/d3/curve_evaluation/snapshot_05/images/001580_render.png,6062b80002bf964b277ebe7d7a37f1b0990ee41644280599e555fb5d11bb5312,/home/intern/gs_floaterLab/results/campaigns/gain_attribution/cvpr_assets/fixed_work_v1/render40/rpng/table_06/d3/curve_evaluation/snapshot_05/images/001580_gt.png,1da3c616a895641f24ad225d36e5013a36c74abd4ec849477f837933c347fd84,b6413d4ee8ccc98b030ac675c4f5ac06f126268d6590508138183a2f3fb03dcb
rpng,table_06,1580,0,d3,final,2766,896,1662924036.8883815,1662924099.2174773,62.3290958404541,9080,23.66463111697232,"[359, 172, 564, 286]",/home/intern/gs_floaterLab/results/campaigns/gain_attribution/cvpr_assets/fixed_work_v1/render40/rpng/table_06/d3/curve_evaluation/final/images/001580_render.png,10dc704aaa34a74c37cd65d032e230f350a44dc23cd8c4e828c86679b7caaadf,/home/intern/gs_floaterLab/results/campaigns/gain_attribution/cvpr_assets/fixed_work_v1/render40/rpng/table_06/d3/curve_evaluation/final/images/001580_gt.png,1da3c616a895641f24ad225d36e5013a36c74abd4ec849477f837933c347fd84,b6413d4ee8ccc98b030ac675c4f5ac06f126268d6590508138183a2f3fb03dcb
rpng,table_06,1580,1,vanilla,snapshot_02,1116,936,1662924038.217551,1662924044.203638,5.986087083816528,4253,21.338880087964995,"[51, 201, 256, 315]",/home/intern/gs_floaterLab/results/campaigns/gain_attribution/cvpr_assets/fixed_work_v1/render40/rpng/table_06/vanilla/curve_evaluation/snapshot_02/images/001580_render.png,8ebab161d77e30011cffd6bb0785411eaa3fdf379fd6a82a567211e434067478,/home/intern/gs_floaterLab/results/campaigns/gain_attribution/cvpr_assets/fixed_work_v1/render40/rpng/table_06/vanilla/curve_evaluation/snapshot_02/images/001580_gt.png,1da3c616a895641f24ad225d36e5013a36c74abd4ec849477f837933c347fd84,a35ab2c0c6093057f6ac6ac032435aa8e0169a033f742f0b243870fded8f95a4
rpng,table_06,1580,1,vanilla,snapshot_03,1559,936,1662924038.217551,1662924058.9973435,20.779792547225952,5773,21.3302179892761,"[51, 201, 256, 315]",/home/intern/gs_floaterLab/results/campaigns/gain_attribution/cvpr_assets/fixed_work_v1/render40/rpng/table_06/vanilla/curve_evaluation/snapshot_03/images/001580_render.png,87cd11a55d4b308cb209019e2bd00b8001a44572c808933f1fbb578e4129c72a,/home/intern/gs_floaterLab/results/campaigns/gain_attribution/cvpr_assets/fixed_work_v1/render40/rpng/table_06/vanilla/curve_evaluation/snapshot_03/images/001580_gt.png,1da3c616a895641f24ad225d36e5013a36c74abd4ec849477f837933c347fd84,a35ab2c0c6093057f6ac6ac032435aa8e0169a033f742f0b243870fded8f95a4
rpng,table_06,1580,1,vanilla,snapshot_04,1959,936,1662924038.217551,1662924072.3004718,34.08292078971863,7213,22.967732147224954,"[51, 201, 256, 315]",/home/intern/gs_floaterLab/results/campaigns/gain_attribution/cvpr_assets/fixed_work_v1/render40/rpng/table_06/vanilla/curve_evaluation/snapshot_04/images/001580_render.png,e439040252de1682d34307e382ed1aac07998344222feef9ad8595e23ebb6da3,/home/intern/gs_floaterLab/results/campaigns/gain_attribution/cvpr_assets/fixed_work_v1/render40/rpng/table_06/vanilla/curve_evaluation/snapshot_04/images/001580_gt.png,1da3c616a895641f24ad225d36e5013a36c74abd4ec849477f837933c347fd84,a35ab2c0c6093057f6ac6ac032435aa8e0169a033f742f0b243870fded8f95a4
rpng,table_06,1580,1,vanilla,snapshot_05,2357,936,1662924038.217551,1662924085.5780933,47.36054229736328,8373,24.40323037275723,"[51, 201, 256, 315]",/home/intern/gs_floaterLab/results/campaigns/gain_attribution/cvpr_assets/fixed_work_v1/render40/rpng/table_06/vanilla/curve_evaluation/snapshot_05/images/001580_render.png,877c7607d685bf48bec327062ec5a1cf4d5f1bcaf3316bc17f9462ef51a2960b,/home/intern/gs_floaterLab/results/campaigns/gain_attribution/cvpr_assets/fixed_work_v1/render40/rpng/table_06/vanilla/curve_evaluation/snapshot_05/images/001580_gt.png,1da3c616a895641f24ad225d36e5013a36c74abd4ec849477f837933c347fd84,a35ab2c0c6093057f6ac6ac032435aa8e0169a033f742f0b243870fded8f95a4
rpng,table_06,1580,1,vanilla,final,2766,936,1662924038.217551,1662924099.2174773,60.99992632865906,9080,24.003879600306313,"[51, 201, 256, 315]",/home/intern/gs_floaterLab/results/campaigns/gain_attribution/cvpr_assets/fixed_work_v1/render40/rpng/table_06/vanilla/curve_evaluation/final/images/001580_render.png,55a60abde09356a633857e5e64514d0863d6a67b324a8a5e49ea9b7ca5a89c33,/home/intern/gs_floaterLab/results/campaigns/gain_attribution/cvpr_assets/fixed_work_v1/render40/rpng/table_06/vanilla/curve_evaluation/final/images/001580_gt.png,1da3c616a895641f24ad225d36e5013a36c74abd4ec849477f837933c347fd84,a35ab2c0c6093057f6ac6ac032435aa8e0169a033f742f0b243870fded8f95a4
rpng,table_06,1580,1,d3,snapshot_02,1116,936,1662924038.217551,1662924044.203638,5.986087083816528,4241,21.379106800032382,"[51, 201, 256, 315]",/home/intern/gs_floaterLab/results/campaigns/gain_attribution/cvpr_assets/fixed_work_v1/render40/rpng/table_06/d3/curve_evaluation/snapshot_02/images/001580_render.png,899adc8b921368299e3265abef23a2dfc9292438e8576d5f58fb53860eb94ef5,/home/intern/gs_floaterLab/results/campaigns/gain_attribution/cvpr_assets/fixed_work_v1/render40/rpng/table_06/d3/curve_evaluation/snapshot_02/images/001580_gt.png,1da3c616a895641f24ad225d36e5013a36c74abd4ec849477f837933c347fd84,b6413d4ee8ccc98b030ac675c4f5ac06f126268d6590508138183a2f3fb03dcb
rpng,table_06,1580,1,d3,snapshot_03,1559,936,1662924038.217551,1662924058.9973435,20.779792547225952,5761,23.619132448875483,"[51, 201, 256, 315]",/home/intern/gs_floaterLab/results/campaigns/gain_attribution/cvpr_assets/fixed_work_v1/render40/rpng/table_06/d3/curve_evaluation/snapshot_03/images/001580_render.png,25e3ec918abc88b85bcda751f5bb6e16fb055b4f07eb5b78c6746eb20e311eb4,/home/intern/gs_floaterLab/results/campaigns/gain_attribution/cvpr_assets/fixed_work_v1/render40/rpng/table_06/d3/curve_evaluation/snapshot_03/images/001580_gt.png,1da3c616a895641f24ad225d36e5013a36c74abd4ec849477f837933c347fd84,b6413d4ee8ccc98b030ac675c4f5ac06f126268d6590508138183a2f3fb03dcb
rpng,table_06,1580,1,d3,snapshot_04,1959,936,1662924038.217551,1662924072.3004718,34.08292078971863,7201,22.942881343196678,"[51, 201, 256, 315]",/home/intern/gs_floaterLab/results/campaigns/gain_attribution/cvpr_assets/fixed_work_v1/render40/rpng/table_06/d3/curve_evaluation/snapshot_04/images/001580_render.png,52e854cf374833b572b149f88e9c6ef381eaf659f32889cf1c07254eca014b5e,/home/intern/gs_floaterLab/results/campaigns/gain_attribution/cvpr_assets/fixed_work_v1/render40/rpng/table_06/d3/curve_evaluation/snapshot_04/images/001580_gt.png,1da3c616a895641f24ad225d36e5013a36c74abd4ec849477f837933c347fd84,b6413d4ee8ccc98b030ac675c4f5ac06f126268d6590508138183a2f3fb03dcb
rpng,table_06,1580,1,d3,snapshot_05,2357,936,1662924038.217551,1662924085.5780933,47.36054229736328,8361,25.428984295611695,"[51, 201, 256, 315]",/home/intern/gs_floaterLab/results/campaigns/gain_attribution/cvpr_assets/fixed_work_v1/render40/rpng/table_06/d3/curve_evaluation/snapshot_05/images/001580_render.png,6062b80002bf964b277ebe7d7a37f1b0990ee41644280599e555fb5d11bb5312,/home/intern/gs_floaterLab/results/campaigns/gain_attribution/cvpr_assets/fixed_work_v1/render40/rpng/table_06/d3/curve_evaluation/snapshot_05/images/001580_gt.png,1da3c616a895641f24ad225d36e5013a36c74abd4ec849477f837933c347fd84,b6413d4ee8ccc98b030ac675c4f5ac06f126268d6590508138183a2f3fb03dcb
rpng,table_06,1580,1,d3,final,2766,936,1662924038.217551,1662924099.2174773,60.99992632865906,9080,26.68994881192608,"[51, 201, 256, 315]",/home/intern/gs_floaterLab/results/campaigns/gain_attribution/cvpr_assets/fixed_work_v1/render40/rpng/table_06/d3/curve_evaluation/final/images/001580_render.png,10dc704aaa34a74c37cd65d032e230f350a44dc23cd8c4e828c86679b7caaadf,/home/intern/gs_floaterLab/results/campaigns/gain_attribution/cvpr_assets/fixed_work_v1/render40/rpng/table_06/d3/curve_evaluation/final/images/001580_gt.png,1da3c616a895641f24ad225d36e5013a36c74abd4ec849477f837933c347fd84,b6413d4ee8ccc98b030ac675c4f5ac06f126268d6590508138183a2f3fb03dcb
rpng,table_06,1580,2,vanilla,snapshot_02,1116,929,1662924037.985132,1662924044.203638,6.218506097793579,4253,21.17737020490779,"[205, 201, 410, 315]",/home/intern/gs_floaterLab/results/campaigns/gain_attribution/cvpr_assets/fixed_work_v1/render40/rpng/table_06/vanilla/curve_evaluation/snapshot_02/images/001580_render.png,8ebab161d77e30011cffd6bb0785411eaa3fdf379fd6a82a567211e434067478,/home/intern/gs_floaterLab/results/campaigns/gain_attribution/cvpr_assets/fixed_work_v1/render40/rpng/table_06/vanilla/curve_evaluation/snapshot_02/images/001580_gt.png,1da3c616a895641f24ad225d36e5013a36c74abd4ec849477f837933c347fd84,a35ab2c0c6093057f6ac6ac032435aa8e0169a033f742f0b243870fded8f95a4
rpng,table_06,1580,2,vanilla,snapshot_03,1559,929,1662924037.985132,1662924058.9973435,21.012211561203003,5773,20.028348500168327,"[205, 201, 410, 315]",/home/intern/gs_floaterLab/results/campaigns/gain_attribution/cvpr_assets/fixed_work_v1/render40/rpng/table_06/vanilla/curve_evaluation/snapshot_03/images/001580_render.png,87cd11a55d4b308cb209019e2bd00b8001a44572c808933f1fbb578e4129c72a,/home/intern/gs_floaterLab/results/campaigns/gain_attribution/cvpr_assets/fixed_work_v1/render40/rpng/table_06/vanilla/curve_evaluation/snapshot_03/images/001580_gt.png,1da3c616a895641f24ad225d36e5013a36c74abd4ec849477f837933c347fd84,a35ab2c0c6093057f6ac6ac032435aa8e0169a033f742f0b243870fded8f95a4
rpng,table_06,1580,2,vanilla,snapshot_04,1959,929,1662924037.985132,1662924072.3004718,34.31533980369568,7213,22.185632296176795,"[205, 201, 410, 315]",/home/intern/gs_floaterLab/results/campaigns/gain_attribution/cvpr_assets/fixed_work_v1/render40/rpng/table_06/vanilla/curve_evaluation/snapshot_04/images/001580_render.png,e439040252de1682d34307e382ed1aac07998344222feef9ad8595e23ebb6da3,/home/intern/gs_floaterLab/results/campaigns/gain_attribution/cvpr_assets/fixed_work_v1/render40/rpng/table_06/vanilla/curve_evaluation/snapshot_04/images/001580_gt.png,1da3c616a895641f24ad225d36e5013a36c74abd4ec849477f837933c347fd84,a35ab2c0c6093057f6ac6ac032435aa8e0169a033f742f0b243870fded8f95a4
rpng,table_06,1580,2,vanilla,snapshot_05,2357,929,1662924037.985132,1662924085.5780933,47.59296131134033,8373,22.604129602752995,"[205, 201, 410, 315]",/home/intern/gs_floaterLab/results/campaigns/gain_attribution/cvpr_assets/fixed_work_v1/render40/rpng/table_06/vanilla/curve_evaluation/snapshot_05/images/001580_render.png,877c7607d685bf48bec327062ec5a1cf4d5f1bcaf3316bc17f9462ef51a2960b,/home/intern/gs_floaterLab/results/campaigns/gain_attribution/cvpr_assets/fixed_work_v1/render40/rpng/table_06/vanilla/curve_evaluation/snapshot_05/images/001580_gt.png,1da3c616a895641f24ad225d36e5013a36c74abd4ec849477f837933c347fd84,a35ab2c0c6093057f6ac6ac032435aa8e0169a033f742f0b243870fded8f95a4
rpng,table_06,1580,2,vanilla,final,2766,929,1662924037.985132,1662924099.2174773,61.23234534263611,9080,22.74943973355851,"[205, 201, 410, 315]",/home/intern/gs_floaterLab/results/campaigns/gain_attribution/cvpr_assets/fixed_work_v1/render40/rpng/table_06/vanilla/curve_evaluation/final/images/001580_render.png,55a60abde09356a633857e5e64514d0863d6a67b324a8a5e49ea9b7ca5a89c33,/home/intern/gs_floaterLab/results/campaigns/gain_attribution/cvpr_assets/fixed_work_v1/render40/rpng/table_06/vanilla/curve_evaluation/final/images/001580_gt.png,1da3c616a895641f24ad225d36e5013a36c74abd4ec849477f837933c347fd84,a35ab2c0c6093057f6ac6ac032435aa8e0169a033f742f0b243870fded8f95a4
rpng,table_06,1580,2,d3,snapshot_02,1116,929,1662924037.985132,1662924044.203638,6.218506097793579,4241,21.514104145779772,"[205, 201, 410, 315]",/home/intern/gs_floaterLab/results/campaigns/gain_attribution/cvpr_assets/fixed_work_v1/render40/rpng/table_06/d3/curve_evaluation/snapshot_02/images/001580_render.png,899adc8b921368299e3265abef23a2dfc9292438e8576d5f58fb53860eb94ef5,/home/intern/gs_floaterLab/results/campaigns/gain_attribution/cvpr_assets/fixed_work_v1/render40/rpng/table_06/d3/curve_evaluation/snapshot_02/images/001580_gt.png,1da3c616a895641f24ad225d36e5013a36c74abd4ec849477f837933c347fd84,b6413d4ee8ccc98b030ac675c4f5ac06f126268d6590508138183a2f3fb03dcb
rpng,table_06,1580,2,d3,snapshot_03,1559,929,1662924037.985132,1662924058.9973435,21.012211561203003,5761,21.248004574751814,"[205, 201, 410, 315]",/home/intern/gs_floaterLab/results/campaigns/gain_attribution/cvpr_assets/fixed_work_v1/render40/rpng/table_06/d3/curve_evaluation/snapshot_03/images/001580_render.png,25e3ec918abc88b85bcda751f5bb6e16fb055b4f07eb5b78c6746eb20e311eb4,/home/intern/gs_floaterLab/results/campaigns/gain_attribution/cvpr_assets/fixed_work_v1/render40/rpng/table_06/d3/curve_evaluation/snapshot_03/images/001580_gt.png,1da3c616a895641f24ad225d36e5013a36c74abd4ec849477f837933c347fd84,b6413d4ee8ccc98b030ac675c4f5ac06f126268d6590508138183a2f3fb03dcb
rpng,table_06,1580,2,d3,snapshot_04,1959,929,1662924037.985132,1662924072.3004718,34.31533980369568,7201,21.216955842806144,"[205, 201, 410, 315]",/home/intern/gs_floaterLab/results/campaigns/gain_attribution/cvpr_assets/fixed_work_v1/render40/rpng/table_06/d3/curve_evaluation/snapshot_04/images/001580_render.png,52e854cf374833b572b149f88e9c6ef381eaf659f32889cf1c07254eca014b5e,/home/intern/gs_floaterLab/results/campaigns/gain_attribution/cvpr_assets/fixed_work_v1/render40/rpng/table_06/d3/curve_evaluation/snapshot_04/images/001580_gt.png,1da3c616a895641f24ad225d36e5013a36c74abd4ec849477f837933c347fd84,b6413d4ee8ccc98b030ac675c4f5ac06f126268d6590508138183a2f3fb03dcb
rpng,table_06,1580,2,d3,snapshot_05,2357,929,1662924037.985132,1662924085.5780933,47.59296131134033,8361,24.067792800102392,"[205, 201, 410, 315]",/home/intern/gs_floaterLab/results/campaigns/gain_attribution/cvpr_assets/fixed_work_v1/render40/rpng/table_06/d3/curve_evaluation/snapshot_05/images/001580_render.png,6062b80002bf964b277ebe7d7a37f1b0990ee41644280599e555fb5d11bb5312,/home/intern/gs_floaterLab/results/campaigns/gain_attribution/cvpr_assets/fixed_work_v1/render40/rpng/table_06/d3/curve_evaluation/snapshot_05/images/001580_gt.png,1da3c616a895641f24ad225d36e5013a36c74abd4ec849477f837933c347fd84,b6413d4ee8ccc98b030ac675c4f5ac06f126268d6590508138183a2f3fb03dcb
rpng,table_06,1580,2,d3,final,2766,929,1662924037.985132,1662924099.2174773,61.23234534263611,9080,23.220960543606605,"[205, 201, 410, 315]",/home/intern/gs_floaterLab/results/campaigns/gain_attribution/cvpr_assets/fixed_work_v1/render40/rpng/table_06/d3/curve_evaluation/final/images/001580_render.png,10dc704aaa34a74c37cd65d032e230f350a44dc23cd8c4e828c86679b7caaadf,/home/intern/gs_floaterLab/results/campaigns/gain_attribution/cvpr_assets/fixed_work_v1/render40/rpng/table_06/d3/curve_evaluation/final/images/001580_gt.png,1da3c616a895641f24ad225d36e5013a36c74abd4ec849477f837933c347fd84,b6413d4ee8ccc98b030ac675c4f5ac06f126268d6590508138183a2f3fb03dcb
rpng,table_06,2370,0,vanilla,snapshot_02,1116,824,1662924034.4721174,1662924044.203638,9.731520652770996,4253,13.5652204276424,"[359, 143, 564, 257]",/home/intern/gs_floaterLab/results/campaigns/gain_attribution/cvpr_assets/fixed_work_v1/render40/rpng/table_06/vanilla/curve_evaluation/snapshot_02/images/002370_render.png,d9cb23e3595ba5f5f841c227ebf590c61cdcc1277fcd275c1156fa2f1ae985c4,/home/intern/gs_floaterLab/results/campaigns/gain_attribution/cvpr_assets/fixed_work_v1/render40/rpng/table_06/vanilla/curve_evaluation/snapshot_02/images/002370_gt.png,cd22c0a3a5c83acc1a6aff55a5daf5966212f0ba1fbd62fc9b4b1f3bd6c425aa,a35ab2c0c6093057f6ac6ac032435aa8e0169a033f742f0b243870fded8f95a4
rpng,table_06,2370,0,vanilla,snapshot_03,1559,824,1662924034.4721174,1662924058.9973435,24.52522611618042,5773,13.518888729386578,"[359, 143, 564, 257]",/home/intern/gs_floaterLab/results/campaigns/gain_attribution/cvpr_assets/fixed_work_v1/render40/rpng/table_06/vanilla/curve_evaluation/snapshot_03/images/002370_render.png,4916b1e12db7986266b6839d2309a3c1c26f6b1792f20647cbecb51e00522208,/home/intern/gs_floaterLab/results/campaigns/gain_attribution/cvpr_assets/fixed_work_v1/render40/rpng/table_06/vanilla/curve_evaluation/snapshot_03/images/002370_gt.png,cd22c0a3a5c83acc1a6aff55a5daf5966212f0ba1fbd62fc9b4b1f3bd6c425aa,a35ab2c0c6093057f6ac6ac032435aa8e0169a033f742f0b243870fded8f95a4
rpng,table_06,2370,0,vanilla,snapshot_04,1959,824,1662924034.4721174,1662924072.3004718,37.828354358673096,7213,14.508808107797492,"[359, 143, 564, 257]",/home/intern/gs_floaterLab/results/campaigns/gain_attribution/cvpr_assets/fixed_work_v1/render40/rpng/table_06/vanilla/curve_evaluation/snapshot_04/images/002370_render.png,ed3883d67ad8129719ab725afa0782efe4f6de9ed357ee96134ec55531ecb340,/home/intern/gs_floaterLab/results/campaigns/gain_attribution/cvpr_assets/fixed_work_v1/render40/rpng/table_06/vanilla/curve_evaluation/snapshot_04/images/002370_gt.png,cd22c0a3a5c83acc1a6aff55a5daf5966212f0ba1fbd62fc9b4b1f3bd6c425aa,a35ab2c0c6093057f6ac6ac032435aa8e0169a033f742f0b243870fded8f95a4
rpng,table_06,2370,0,vanilla,snapshot_05,2357,824,1662924034.4721174,1662924085.5780933,51.10597586631775,8373,15.474011994010766,"[359, 143, 564, 257]",/home/intern/gs_floaterLab/results/campaigns/gain_attribution/cvpr_assets/fixed_work_v1/render40/rpng/table_06/vanilla/curve_evaluation/snapshot_05/images/002370_render.png,b5f82e9dbfc8bb632028e4dcec56fee290d3521e9ac8849e4ed0e0af33082628,/home/intern/gs_floaterLab/results/campaigns/gain_attribution/cvpr_assets/fixed_work_v1/render40/rpng/table_06/vanilla/curve_evaluation/snapshot_05/images/002370_gt.png,cd22c0a3a5c83acc1a6aff55a5daf5966212f0ba1fbd62fc9b4b1f3bd6c425aa,a35ab2c0c6093057f6ac6ac032435aa8e0169a033f742f0b243870fded8f95a4
rpng,table_06,2370,0,vanilla,final,2766,824,1662924034.4721174,1662924099.2174773,64.74535989761353,9080,23.515075452946448,"[359, 143, 564, 257]",/home/intern/gs_floaterLab/results/campaigns/gain_attribution/cvpr_assets/fixed_work_v1/render40/rpng/table_06/vanilla/curve_evaluation/final/images/002370_render.png,9d7ea8b8a293d583f65ea20bc56ee2cbc749ab419c19aa52c2f603b6d84bf6f3,/home/intern/gs_floaterLab/results/campaigns/gain_attribution/cvpr_assets/fixed_work_v1/render40/rpng/table_06/vanilla/curve_evaluation/final/images/002370_gt.png,cd22c0a3a5c83acc1a6aff55a5daf5966212f0ba1fbd62fc9b4b1f3bd6c425aa,a35ab2c0c6093057f6ac6ac032435aa8e0169a033f742f0b243870fded8f95a4
rpng,table_06,2370,0,d3,snapshot_02,1116,824,1662924034.4721174,1662924044.203638,9.731520652770996,4241,13.762410877528811,"[359, 143, 564, 257]",/home/intern/gs_floaterLab/results/campaigns/gain_attribution/cvpr_assets/fixed_work_v1/render40/rpng/table_06/d3/curve_evaluation/snapshot_02/images/002370_render.png,3aa56bd63ec96a66a160cf4d66ead614ba86db6adf2a0a683f6159899cc51197,/home/intern/gs_floaterLab/results/campaigns/gain_attribution/cvpr_assets/fixed_work_v1/render40/rpng/table_06/d3/curve_evaluation/snapshot_02/images/002370_gt.png,cd22c0a3a5c83acc1a6aff55a5daf5966212f0ba1fbd62fc9b4b1f3bd6c425aa,b6413d4ee8ccc98b030ac675c4f5ac06f126268d6590508138183a2f3fb03dcb
rpng,table_06,2370,0,d3,snapshot_03,1559,824,1662924034.4721174,1662924058.9973435,24.52522611618042,5761,14.16029862097476,"[359, 143, 564, 257]",/home/intern/gs_floaterLab/results/campaigns/gain_attribution/cvpr_assets/fixed_work_v1/render40/rpng/table_06/d3/curve_evaluation/snapshot_03/images/002370_render.png,29927026e3e9bff785d046ca6eb9e24fc001573839c67c2ac819b814876de15d,/home/intern/gs_floaterLab/results/campaigns/gain_attribution/cvpr_assets/fixed_work_v1/render40/rpng/table_06/d3/curve_evaluation/snapshot_03/images/002370_gt.png,cd22c0a3a5c83acc1a6aff55a5daf5966212f0ba1fbd62fc9b4b1f3bd6c425aa,b6413d4ee8ccc98b030ac675c4f5ac06f126268d6590508138183a2f3fb03dcb
rpng,table_06,2370,0,d3,snapshot_04,1959,824,1662924034.4721174,1662924072.3004718,37.828354358673096,7201,18.05716584749087,"[359, 143, 564, 257]",/home/intern/gs_floaterLab/results/campaigns/gain_attribution/cvpr_assets/fixed_work_v1/render40/rpng/table_06/d3/curve_evaluation/snapshot_04/images/002370_render.png,ef2952097f5ad40c9e9d39d188cf4cadb40cb377e3daf4d8982b832199e11789,/home/intern/gs_floaterLab/results/campaigns/gain_attribution/cvpr_assets/fixed_work_v1/render40/rpng/table_06/d3/curve_evaluation/snapshot_04/images/002370_gt.png,cd22c0a3a5c83acc1a6aff55a5daf5966212f0ba1fbd62fc9b4b1f3bd6c425aa,b6413d4ee8ccc98b030ac675c4f5ac06f126268d6590508138183a2f3fb03dcb
rpng,table_06,2370,0,d3,snapshot_05,2357,824,1662924034.4721174,1662924085.5780933,51.10597586631775,8361,17.84753092760407,"[359, 143, 564, 257]",/home/intern/gs_floaterLab/results/campaigns/gain_attribution/cvpr_assets/fixed_work_v1/render40/rpng/table_06/d3/curve_evaluation/snapshot_05/images/002370_render.png,33d3768bc138eef17073d7c35263df56e2f10b4f2baf96609731d3d96cd268e5,/home/intern/gs_floaterLab/results/campaigns/gain_attribution/cvpr_assets/fixed_work_v1/render40/rpng/table_06/d3/curve_evaluation/snapshot_05/images/002370_gt.png,cd22c0a3a5c83acc1a6aff55a5daf5966212f0ba1fbd62fc9b4b1f3bd6c425aa,b6413d4ee8ccc98b030ac675c4f5ac06f126268d6590508138183a2f3fb03dcb
rpng,table_06,2370,0,d3,final,2766,824,1662924034.4721174,1662924099.2174773,64.74535989761353,9080,26.378420091429607,"[359, 143, 564, 257]",/home/intern/gs_floaterLab/results/campaigns/gain_attribution/cvpr_assets/fixed_work_v1/render40/rpng/table_06/d3/curve_evaluation/final/images/002370_render.png,72056cbd044b5b1bb15a485f4a9b9d627b1fb956b0c35cf267f0afb56f452168,/home/intern/gs_floaterLab/results/campaigns/gain_attribution/cvpr_assets/fixed_work_v1/render40/rpng/table_06/d3/curve_evaluation/final/images/002370_gt.png,cd22c0a3a5c83acc1a6aff55a5daf5966212f0ba1fbd62fc9b4b1f3bd6c425aa,b6413d4ee8ccc98b030ac675c4f5ac06f126268d6590508138183a2f3fb03dcb
rpng,table_07,1365,0,vanilla,snapshot_02,1933,1253,1662924197.4076524,1662924220.0711727,22.663520336151123,3253,18.829033035030076,"[359, 230, 564, 344]",/home/intern/gs_floaterLab/results/campaigns/gain_attribution/cvpr_assets/fixed_work_v1/render40/rpng/table_07/vanilla/curve_evaluation/snapshot_02/images/001365_render.png,9aa0ca5c0ff2287cb883998dfe0d045d02f834f7d37ab4c9b597f5947ae9a18a,/home/intern/gs_floaterLab/results/campaigns/gain_attribution/cvpr_assets/fixed_work_v1/render40/rpng/table_07/vanilla/curve_evaluation/snapshot_02/images/001365_gt.png,48a810d8de2ce8286429fafc56ee205a4a2c8a166683e3807d4de192ea5a2fd1,e6308bcb50c6d826e86383cec16cc880a4b70222dbf46bb567520a3d31ab9987
rpng,table_07,1365,0,vanilla,snapshot_03,2638,1253,1662924197.4076524,1662924243.58475,46.17709755897522,4373,17.141814336050423,"[359, 230, 564, 344]",/home/intern/gs_floaterLab/results/campaigns/gain_attribution/cvpr_assets/fixed_work_v1/render40/rpng/table_07/vanilla/curve_evaluation/snapshot_03/images/001365_render.png,c2ee3f758c9a92ee8994a1a405612920018edb71840ed420632fe2b6ffd13622,/home/intern/gs_floaterLab/results/campaigns/gain_attribution/cvpr_assets/fixed_work_v1/render40/rpng/table_07/vanilla/curve_evaluation/snapshot_03/images/001365_gt.png,48a810d8de2ce8286429fafc56ee205a4a2c8a166683e3807d4de192ea5a2fd1,e6308bcb50c6d826e86383cec16cc880a4b70222dbf46bb567520a3d31ab9987
rpng,table_07,1365,0,vanilla,snapshot_04,3362,1253,1662924197.4076524,1662924267.7258434,70.31819105148315,5693,17.25017625975497,"[359, 230, 564, 344]",/home/intern/gs_floaterLab/results/campaigns/gain_attribution/cvpr_assets/fixed_work_v1/render40/rpng/table_07/vanilla/curve_evaluation/snapshot_04/images/001365_render.png,86a92088e3307cfc8fa9d2b2d4450f269b89e9468fada349c6c4d6d2f5eb7d50,/home/intern/gs_floaterLab/results/campaigns/gain_attribution/cvpr_assets/fixed_work_v1/render40/rpng/table_07/vanilla/curve_evaluation/snapshot_04/images/001365_gt.png,48a810d8de2ce8286429fafc56ee205a4a2c8a166683e3807d4de192ea5a2fd1,e6308bcb50c6d826e86383cec16cc880a4b70222dbf46bb567520a3d31ab9987
rpng,table_07,1365,0,vanilla,snapshot_05,4074,1253,1662924197.4076524,1662924291.482992,94.07533955574036,6932,17.37977958019686,"[359, 230, 564, 344]",/home/intern/gs_floaterLab/results/campaigns/gain_attribution/cvpr_assets/fixed_work_v1/render40/rpng/table_07/vanilla/curve_evaluation/snapshot_05/images/001365_render.png,d0d65a19917cc27fed40aca010467dd5415e2c1c6308f62bb067905560b9427b,/home/intern/gs_floaterLab/results/campaigns/gain_attribution/cvpr_assets/fixed_work_v1/render40/rpng/table_07/vanilla/curve_evaluation/snapshot_05/images/001365_gt.png,48a810d8de2ce8286429fafc56ee205a4a2c8a166683e3807d4de192ea5a2fd1,e6308bcb50c6d826e86383cec16cc880a4b70222dbf46bb567520a3d31ab9987
rpng,table_07,1365,0,vanilla,final,4783,1253,1662924197.4076524,1662924315.11832,117.71066761016846,8080,16.218375329687994,"[359, 230, 564, 344]",/home/intern/gs_floaterLab/results/campaigns/gain_attribution/cvpr_assets/fixed_work_v1/render40/rpng/table_07/vanilla/curve_evaluation/final/images/001365_render.png,6af7d665f0a80a42577ac65ea3e25a1ad31a264163d24bf777984e40f84e4b8f,/home/intern/gs_floaterLab/results/campaigns/gain_attribution/cvpr_assets/fixed_work_v1/render40/rpng/table_07/vanilla/curve_evaluation/final/images/001365_gt.png,48a810d8de2ce8286429fafc56ee205a4a2c8a166683e3807d4de192ea5a2fd1,e6308bcb50c6d826e86383cec16cc880a4b70222dbf46bb567520a3d31ab9987
rpng,table_07,1365,0,d3,snapshot_02,1933,1253,1662924197.4076524,1662924220.0711727,22.663520336151123,3241,19.145511001997797,"[359, 230, 564, 344]",/home/intern/gs_floaterLab/results/campaigns/gain_attribution/cvpr_assets/fixed_work_v1/render40/rpng/table_07/d3/curve_evaluation/snapshot_02/images/001365_render.png,6ac4c5f89058ee05910f6a2ef178d615c7cb663f151a54cd07ed92341532093b,/home/intern/gs_floaterLab/results/campaigns/gain_attribution/cvpr_assets/fixed_work_v1/render40/rpng/table_07/d3/curve_evaluation/snapshot_02/images/001365_gt.png,48a810d8de2ce8286429fafc56ee205a4a2c8a166683e3807d4de192ea5a2fd1,6c329aefab83dc56956c32a6ba2535aed3e095f0e09d3f6dfd603795802b3b23
rpng,table_07,1365,0,d3,snapshot_03,2638,1253,1662924197.4076524,1662924243.58475,46.17709755897522,4361,18.71639539622436,"[359, 230, 564, 344]",/home/intern/gs_floaterLab/results/campaigns/gain_attribution/cvpr_assets/fixed_work_v1/render40/rpng/table_07/d3/curve_evaluation/snapshot_03/images/001365_render.png,6ee75bbf5f90a868192ec87e6bb7877cd0521c029b893321fa354e19d19e0ee8,/home/intern/gs_floaterLab/results/campaigns/gain_attribution/cvpr_assets/fixed_work_v1/render40/rpng/table_07/d3/curve_evaluation/snapshot_03/images/001365_gt.png,48a810d8de2ce8286429fafc56ee205a4a2c8a166683e3807d4de192ea5a2fd1,6c329aefab83dc56956c32a6ba2535aed3e095f0e09d3f6dfd603795802b3b23
rpng,table_07,1365,0,d3,snapshot_04,3362,1253,1662924197.4076524,1662924267.7258434,70.31819105148315,5681,19.493389730946312,"[359, 230, 564, 344]",/home/intern/gs_floaterLab/results/campaigns/gain_attribution/cvpr_assets/fixed_work_v1/render40/rpng/table_07/d3/curve_evaluation/snapshot_04/images/001365_render.png,6edee7baa7963c44cbc2cd230a728508ee32ee280ae92b27a82994e66c9daa81,/home/intern/gs_floaterLab/results/campaigns/gain_attribution/cvpr_assets/fixed_work_v1/render40/rpng/table_07/d3/curve_evaluation/snapshot_04/images/001365_gt.png,48a810d8de2ce8286429fafc56ee205a4a2c8a166683e3807d4de192ea5a2fd1,6c329aefab83dc56956c32a6ba2535aed3e095f0e09d3f6dfd603795802b3b23
rpng,table_07,1365,0,d3,snapshot_05,4074,1253,1662924197.4076524,1662924291.482992,94.07533955574036,6921,17.561332859284065,"[359, 230, 564, 344]",/home/intern/gs_floaterLab/results/campaigns/gain_attribution/cvpr_assets/fixed_work_v1/render40/rpng/table_07/d3/curve_evaluation/snapshot_05/images/001365_render.png,74db7be4b13cc81f4088b6230964f6380c39a0a656bedf2092dc7ebe7bd8e6c3,/home/intern/gs_floaterLab/results/campaigns/gain_attribution/cvpr_assets/fixed_work_v1/render40/rpng/table_07/d3/curve_evaluation/snapshot_05/images/001365_gt.png,48a810d8de2ce8286429fafc56ee205a4a2c8a166683e3807d4de192ea5a2fd1,6c329aefab83dc56956c32a6ba2535aed3e095f0e09d3f6dfd603795802b3b23
rpng,table_07,1365,0,d3,final,4783,1253,1662924197.4076524,1662924315.11832,117.71066761016846,8080,17.435361763625473,"[359, 230, 564, 344]",/home/intern/gs_floaterLab/results/campaigns/gain_attribution/cvpr_assets/fixed_work_v1/render40/rpng/table_07/d3/curve_evaluation/final/images/001365_render.png,4c29c35b890ac21d50dfcb44592d0e55dbaeb9924504b869e6c07168843289dd,/home/intern/gs_floaterLab/results/campaigns/gain_attribution/cvpr_assets/fixed_work_v1/render40/rpng/table_07/d3/curve_evaluation/final/images/001365_gt.png,48a810d8de2ce8286429fafc56ee205a4a2c8a166683e3807d4de192ea5a2fd1,6c329aefab83dc56956c32a6ba2535aed3e095f0e09d3f6dfd603795802b3b23
rpng,table_07,1365,1,vanilla,snapshot_02,1933,1241,1662924197.0089805,1662924220.0711727,23.06219220161438,3253,19.71361884381866,"[0, 201, 205, 315]",/home/intern/gs_floaterLab/results/campaigns/gain_attribution/cvpr_assets/fixed_work_v1/render40/rpng/table_07/vanilla/curve_evaluation/snapshot_02/images/001365_render.png,9aa0ca5c0ff2287cb883998dfe0d045d02f834f7d37ab4c9b597f5947ae9a18a,/home/intern/gs_floaterLab/results/campaigns/gain_attribution/cvpr_assets/fixed_work_v1/render40/rpng/table_07/vanilla/curve_evaluation/snapshot_02/images/001365_gt.png,48a810d8de2ce8286429fafc56ee205a4a2c8a166683e3807d4de192ea5a2fd1,e6308bcb50c6d826e86383cec16cc880a4b70222dbf46bb567520a3d31ab9987
rpng,table_07,1365,1,vanilla,snapshot_03,2638,1241,1662924197.0089805,1662924243.58475,46.57576942443848,4373,18.936427498368896,"[0, 201, 205, 315]",/home/intern/gs_floaterLab/results/campaigns/gain_attribution/cvpr_assets/fixed_work_v1/render40/rpng/table_07/vanilla/curve_evaluation/snapshot_03/images/001365_render.png,c2ee3f758c9a92ee8994a1a405612920018edb71840ed420632fe2b6ffd13622,/home/intern/gs_floaterLab/results/campaigns/gain_attribution/cvpr_assets/fixed_work_v1/render40/rpng/table_07/vanilla/curve_evaluation/snapshot_03/images/001365_gt.png,48a810d8de2ce8286429fafc56ee205a4a2c8a166683e3807d4de192ea5a2fd1,e6308bcb50c6d826e86383cec16cc880a4b70222dbf46bb567520a3d31ab9987
rpng,table_07,1365,1,vanilla,snapshot_04,3362,1241,1662924197.0089805,1662924267.7258434,70.71686291694641,5693,17.28708278318028,"[0, 201, 205, 315]",/home/intern/gs_floaterLab/results/campaigns/gain_attribution/cvpr_assets/fixed_work_v1/render40/rpng/table_07/vanilla/curve_evaluation/snapshot_04/images/001365_render.png,86a92088e3307cfc8fa9d2b2d4450f269b89e9468fada349c6c4d6d2f5eb7d50,/home/intern/gs_floaterLab/results/campaigns/gain_attribution/cvpr_assets/fixed_work_v1/render40/rpng/table_07/vanilla/curve_evaluation/snapshot_04/images/001365_gt.png,48a810d8de2ce8286429fafc56ee205a4a2c8a166683e3807d4de192ea5a2fd1,e6308bcb50c6d826e86383cec16cc880a4b70222dbf46bb567520a3d31ab9987
rpng,table_07,1365,1,vanilla,snapshot_05,4074,1241,1662924197.0089805,1662924291.482992,94.47401142120361,6932,18.124687097451734,"[0, 201, 205, 315]",/home/intern/gs_floaterLab/results/campaigns/gain_attribution/cvpr_assets/fixed_work_v1/render40/rpng/table_07/vanilla/curve_evaluation/snapshot_05/images/001365_render.png,d0d65a19917cc27fed40aca010467dd5415e2c1c6308f62bb067905560b9427b,/home/intern/gs_floaterLab/results/campaigns/gain_attribution/cvpr_assets/fixed_work_v1/render40/rpng/table_07/vanilla/curve_evaluation/snapshot_05/images/001365_gt.png,48a810d8de2ce8286429fafc56ee205a4a2c8a166683e3807d4de192ea5a2fd1,e6308bcb50c6d826e86383cec16cc880a4b70222dbf46bb567520a3d31ab9987
rpng,table_07,1365,1,vanilla,final,4783,1241,1662924197.0089805,1662924315.11832,118.10933947563171,8080,18.300650673589345,"[0, 201, 205, 315]",/home/intern/gs_floaterLab/results/campaigns/gain_attribution/cvpr_assets/fixed_work_v1/render40/rpng/table_07/vanilla/curve_evaluation/final/images/001365_render.png,6af7d665f0a80a42577ac65ea3e25a1ad31a264163d24bf777984e40f84e4b8f,/home/intern/gs_floaterLab/results/campaigns/gain_attribution/cvpr_assets/fixed_work_v1/render40/rpng/table_07/vanilla/curve_evaluation/final/images/001365_gt.png,48a810d8de2ce8286429fafc56ee205a4a2c8a166683e3807d4de192ea5a2fd1,e6308bcb50c6d826e86383cec16cc880a4b70222dbf46bb567520a3d31ab9987
rpng,table_07,1365,1,d3,snapshot_02,1933,1241,1662924197.0089805,1662924220.0711727,23.06219220161438,3241,22.62582012746087,"[0, 201, 205, 315]",/home/intern/gs_floaterLab/results/campaigns/gain_attribution/cvpr_assets/fixed_work_v1/render40/rpng/table_07/d3/curve_evaluation/snapshot_02/images/001365_render.png,6ac4c5f89058ee05910f6a2ef178d615c7cb663f151a54cd07ed92341532093b,/home/intern/gs_floaterLab/results/campaigns/gain_attribution/cvpr_assets/fixed_work_v1/render40/rpng/table_07/d3/curve_evaluation/snapshot_02/images/001365_gt.png,48a810d8de2ce8286429fafc56ee205a4a2c8a166683e3807d4de192ea5a2fd1,6c329aefab83dc56956c32a6ba2535aed3e095f0e09d3f6dfd603795802b3b23
rpng,table_07,1365,1,d3,snapshot_03,2638,1241,1662924197.0089805,1662924243.58475,46.57576942443848,4361,21.60422661701498,"[0, 201, 205, 315]",/home/intern/gs_floaterLab/results/campaigns/gain_attribution/cvpr_assets/fixed_work_v1/render40/rpng/table_07/d3/curve_evaluation/snapshot_03/images/001365_render.png,6ee75bbf5f90a868192ec87e6bb7877cd0521c029b893321fa354e19d19e0ee8,/home/intern/gs_floaterLab/results/campaigns/gain_attribution/cvpr_assets/fixed_work_v1/render40/rpng/table_07/d3/curve_evaluation/snapshot_03/images/001365_gt.png,48a810d8de2ce8286429fafc56ee205a4a2c8a166683e3807d4de192ea5a2fd1,6c329aefab83dc56956c32a6ba2535aed3e095f0e09d3f6dfd603795802b3b23
rpng,table_07,1365,1,d3,snapshot_04,3362,1241,1662924197.0089805,1662924267.7258434,70.71686291694641,5681,20.337035202330945,"[0, 201, 205, 315]",/home/intern/gs_floaterLab/results/campaigns/gain_attribution/cvpr_assets/fixed_work_v1/render40/rpng/table_07/d3/curve_evaluation/snapshot_04/images/001365_render.png,6edee7baa7963c44cbc2cd230a728508ee32ee280ae92b27a82994e66c9daa81,/home/intern/gs_floaterLab/results/campaigns/gain_attribution/cvpr_assets/fixed_work_v1/render40/rpng/table_07/d3/curve_evaluation/snapshot_04/images/001365_gt.png,48a810d8de2ce8286429fafc56ee205a4a2c8a166683e3807d4de192ea5a2fd1,6c329aefab83dc56956c32a6ba2535aed3e095f0e09d3f6dfd603795802b3b23
rpng,table_07,1365,1,d3,snapshot_05,4074,1241,1662924197.0089805,1662924291.482992,94.47401142120361,6921,19.685239934835085,"[0, 201, 205, 315]",/home/intern/gs_floaterLab/results/campaigns/gain_attribution/cvpr_assets/fixed_work_v1/render40/rpng/table_07/d3/curve_evaluation/snapshot_05/images/001365_render.png,74db7be4b13cc81f4088b6230964f6380c39a0a656bedf2092dc7ebe7bd8e6c3,/home/intern/gs_floaterLab/results/campaigns/gain_attribution/cvpr_assets/fixed_work_v1/render40/rpng/table_07/d3/curve_evaluation/snapshot_05/images/001365_gt.png,48a810d8de2ce8286429fafc56ee205a4a2c8a166683e3807d4de192ea5a2fd1,6c329aefab83dc56956c32a6ba2535aed3e095f0e09d3f6dfd603795802b3b23
rpng,table_07,1365,1,d3,final,4783,1241,1662924197.0089805,1662924315.11832,118.10933947563171,8080,21.49451947767378,"[0, 201, 205, 315]",/home/intern/gs_floaterLab/results/campaigns/gain_attribution/cvpr_assets/fixed_work_v1/render40/rpng/table_07/d3/curve_evaluation/final/images/001365_render.png,4c29c35b890ac21d50dfcb44592d0e55dbaeb9924504b869e6c07168843289dd,/home/intern/gs_floaterLab/results/campaigns/gain_attribution/cvpr_assets/fixed_work_v1/render40/rpng/table_07/d3/curve_evaluation/final/images/001365_gt.png,48a810d8de2ce8286429fafc56ee205a4a2c8a166683e3807d4de192ea5a2fd1,6c329aefab83dc56956c32a6ba2535aed3e095f0e09d3f6dfd603795802b3b23
rpng,table_07,1365,2,vanilla,snapshot_01,1233,1193,1662924195.4121504,1662924196.743125,1.3309745788574219,2413,9.959320719894613,"[102, 143, 307, 257]",/home/intern/gs_floaterLab/results/campaigns/gain_attribution/cvpr_assets/fixed_work_v1/render40/rpng/table_07/vanilla/curve_evaluation/snapshot_01/images/001365_render.png,c893f0a73125ef60b1a177de328bd84e90d753ff1c5e15d8e5367e7d547db8e1,/home/intern/gs_floaterLab/results/campaigns/gain_attribution/cvpr_assets/fixed_work_v1/render40/rpng/table_07/vanilla/curve_evaluation/snapshot_01/images/001365_gt.png,48a810d8de2ce8286429fafc56ee205a4a2c8a166683e3807d4de192ea5a2fd1,e6308bcb50c6d826e86383cec16cc880a4b70222dbf46bb567520a3d31ab9987
rpng,table_07,1365,2,vanilla,snapshot_02,1933,1193,1662924195.4121504,1662924220.0711727,24.659022331237793,3253,18.876488766520204,"[102, 143, 307, 257]",/home/intern/gs_floaterLab/results/campaigns/gain_attribution/cvpr_assets/fixed_work_v1/render40/rpng/table_07/vanilla/curve_evaluation/snapshot_02/images/001365_render.png,9aa0ca5c0ff2287cb883998dfe0d045d02f834f7d37ab4c9b597f5947ae9a18a,/home/intern/gs_floaterLab/results/campaigns/gain_attribution/cvpr_assets/fixed_work_v1/render40/rpng/table_07/vanilla/curve_evaluation/snapshot_02/images/001365_gt.png,48a810d8de2ce8286429fafc56ee205a4a2c8a166683e3807d4de192ea5a2fd1,e6308bcb50c6d826e86383cec16cc880a4b70222dbf46bb567520a3d31ab9987
rpng,table_07,1365,2,vanilla,snapshot_03,2638,1193,1662924195.4121504,1662924243.58475,48.17259955406189,4373,21.948830701617975,"[102, 143, 307, 257]",/home/intern/gs_floaterLab/results/campaigns/gain_attribution/cvpr_assets/fixed_work_v1/render40/rpng/table_07/vanilla/curve_evaluation/snapshot_03/images/001365_render.png,c2ee3f758c9a92ee8994a1a405612920018edb71840ed420632fe2b6ffd13622,/home/intern/gs_floaterLab/results/campaigns/gain_attribution/cvpr_assets/fixed_work_v1/render40/rpng/table_07/vanilla/curve_evaluation/snapshot_03/images/001365_gt.png,48a810d8de2ce8286429fafc56ee205a4a2c8a166683e3807d4de192ea5a2fd1,e6308bcb50c6d826e86383cec16cc880a4b70222dbf46bb567520a3d31ab9987
rpng,table_07,1365,2,vanilla,snapshot_04,3362,1193,1662924195.4121504,1662924267.7258434,72.31369304656982,5693,17.694849585661622,"[102, 143, 307, 257]",/home/intern/gs_floaterLab/results/campaigns/gain_attribution/cvpr_assets/fixed_work_v1/render40/rpng/table_07/vanilla/curve_evaluation/snapshot_04/images/001365_render.png,86a92088e3307cfc8fa9d2b2d4450f269b89e9468fada349c6c4d6d2f5eb7d50,/home/intern/gs_floaterLab/results/campaigns/gain_attribution/cvpr_assets/fixed_work_v1/render40/rpng/table_07/vanilla/curve_evaluation/snapshot_04/images/001365_gt.png,48a810d8de2ce8286429fafc56ee205a4a2c8a166683e3807d4de192ea5a2fd1,e6308bcb50c6d826e86383cec16cc880a4b70222dbf46bb567520a3d31ab9987
rpng,table_07,1365,2,vanilla,snapshot_05,4074,1193,1662924195.4121504,1662924291.482992,96.07084155082703,6932,17.274707648776573,"[102, 143, 307, 257]",/home/intern/gs_floaterLab/results/campaigns/gain_attribution/cvpr_assets/fixed_work_v1/render40/rpng/table_07/vanilla/curve_evaluation/snapshot_05/images/001365_render.png,d0d65a19917cc27fed40aca010467dd5415e2c1c6308f62bb067905560b9427b,/home/intern/gs_floaterLab/results/campaigns/gain_attribution/cvpr_assets/fixed_work_v1/render40/rpng/table_07/vanilla/curve_evaluation/snapshot_05/images/001365_gt.png,48a810d8de2ce8286429fafc56ee205a4a2c8a166683e3807d4de192ea5a2fd1,e6308bcb50c6d826e86383cec16cc880a4b70222dbf46bb567520a3d31ab9987
rpng,table_07,1365,2,vanilla,final,4783,1193,1662924195.4121504,1662924315.11832,119.70616960525513,8080,21.196685289693296,"[102, 143, 307, 257]",/home/intern/gs_floaterLab/results/campaigns/gain_attribution/cvpr_assets/fixed_work_v1/render40/rpng/table_07/vanilla/curve_evaluation/final/images/001365_render.png,6af7d665f0a80a42577ac65ea3e25a1ad31a264163d24bf777984e40f84e4b8f,/home/intern/gs_floaterLab/results/campaigns/gain_attribution/cvpr_assets/fixed_work_v1/render40/rpng/table_07/vanilla/curve_evaluation/final/images/001365_gt.png,48a810d8de2ce8286429fafc56ee205a4a2c8a166683e3807d4de192ea5a2fd1,e6308bcb50c6d826e86383cec16cc880a4b70222dbf46bb567520a3d31ab9987
rpng,table_07,1365,2,d3,snapshot_01,1233,1193,1662924195.4121504,1662924196.743125,1.3309745788574219,2401,9.887702289549868,"[102, 143, 307, 257]",/home/intern/gs_floaterLab/results/campaigns/gain_attribution/cvpr_assets/fixed_work_v1/render40/rpng/table_07/d3/curve_evaluation/snapshot_01/images/001365_render.png,072c38bfebc7376afa892fe2364c90a695761cb5f7923e7c9f70e74714c819e5,/home/intern/gs_floaterLab/results/campaigns/gain_attribution/cvpr_assets/fixed_work_v1/render40/rpng/table_07/d3/curve_evaluation/snapshot_01/images/001365_gt.png,48a810d8de2ce8286429fafc56ee205a4a2c8a166683e3807d4de192ea5a2fd1,6c329aefab83dc56956c32a6ba2535aed3e095f0e09d3f6dfd603795802b3b23
rpng,table_07,1365,2,d3,snapshot_02,1933,1193,1662924195.4121504,1662924220.0711727,24.659022331237793,3241,22.322077243241157,"[102, 143, 307, 257]",/home/intern/gs_floaterLab/results/campaigns/gain_attribution/cvpr_assets/fixed_work_v1/render40/rpng/table_07/d3/curve_evaluation/snapshot_02/images/001365_render.png,6ac4c5f89058ee05910f6a2ef178d615c7cb663f151a54cd07ed92341532093b,/home/intern/gs_floaterLab/results/campaigns/gain_attribution/cvpr_assets/fixed_work_v1/render40/rpng/table_07/d3/curve_evaluation/snapshot_02/images/001365_gt.png,48a810d8de2ce8286429fafc56ee205a4a2c8a166683e3807d4de192ea5a2fd1,6c329aefab83dc56956c32a6ba2535aed3e095f0e09d3f6dfd603795802b3b23
rpng,table_07,1365,2,d3,snapshot_03,2638,1193,1662924195.4121504,1662924243.58475,48.17259955406189,4361,23.09230611025154,"[102, 143, 307, 257]",/home/intern/gs_floaterLab/results/campaigns/gain_attribution/cvpr_assets/fixed_work_v1/render40/rpng/table_07/d3/curve_evaluation/snapshot_03/images/001365_render.png,6ee75bbf5f90a868192ec87e6bb7877cd0521c029b893321fa354e19d19e0ee8,/home/intern/gs_floaterLab/results/campaigns/gain_attribution/cvpr_assets/fixed_work_v1/render40/rpng/table_07/d3/curve_evaluation/snapshot_03/images/001365_gt.png,48a810d8de2ce8286429fafc56ee205a4a2c8a166683e3807d4de192ea5a2fd1,6c329aefab83dc56956c32a6ba2535aed3e095f0e09d3f6dfd603795802b3b23
rpng,table_07,1365,2,d3,snapshot_04,3362,1193,1662924195.4121504,1662924267.7258434,72.31369304656982,5681,20.273377335544346,"[102, 143, 307, 257]",/home/intern/gs_floaterLab/results/campaigns/gain_attribution/cvpr_assets/fixed_work_v1/render40/rpng/table_07/d3/curve_evaluation/snapshot_04/images/001365_render.png,6edee7baa7963c44cbc2cd230a728508ee32ee280ae92b27a82994e66c9daa81,/home/intern/gs_floaterLab/results/campaigns/gain_attribution/cvpr_assets/fixed_work_v1/render40/rpng/table_07/d3/curve_evaluation/snapshot_04/images/001365_gt.png,48a810d8de2ce8286429fafc56ee205a4a2c8a166683e3807d4de192ea5a2fd1,6c329aefab83dc56956c32a6ba2535aed3e095f0e09d3f6dfd603795802b3b23
rpng,table_07,1365,2,d3,snapshot_05,4074,1193,1662924195.4121504,1662924291.482992,96.07084155082703,6921,18.50103109066084,"[102, 143, 307, 257]",/home/intern/gs_floaterLab/results/campaigns/gain_attribution/cvpr_assets/fixed_work_v1/render40/rpng/table_07/d3/curve_evaluation/snapshot_05/images/001365_render.png,74db7be4b13cc81f4088b6230964f6380c39a0a656bedf2092dc7ebe7bd8e6c3,/home/intern/gs_floaterLab/results/campaigns/gain_attribution/cvpr_assets/fixed_work_v1/render40/rpng/table_07/d3/curve_evaluation/snapshot_05/images/001365_gt.png,48a810d8de2ce8286429fafc56ee205a4a2c8a166683e3807d4de192ea5a2fd1,6c329aefab83dc56956c32a6ba2535aed3e095f0e09d3f6dfd603795802b3b23
rpng,table_07,1365,2,d3,final,4783,1193,1662924195.4121504,1662924315.11832,119.70616960525513,8080,22.643275397261146,"[102, 143, 307, 257]",/home/intern/gs_floaterLab/results/campaigns/gain_attribution/cvpr_assets/fixed_work_v1/render40/rpng/table_07/d3/curve_evaluation/final/images/001365_render.png,4c29c35b890ac21d50dfcb44592d0e55dbaeb9924504b869e6c07168843289dd,/home/intern/gs_floaterLab/results/campaigns/gain_attribution/cvpr_assets/fixed_work_v1/render40/rpng/table_07/d3/curve_evaluation/final/images/001365_gt.png,48a810d8de2ce8286429fafc56ee205a4a2c8a166683e3807d4de192ea5a2fd1,6c329aefab83dc56956c32a6ba2535aed3e095f0e09d3f6dfd603795802b3b23
rpng,table_07,4100,2,vanilla,snapshot_01,1233,741,1662924180.3295436,1662924196.743125,16.413581371307373,2413,20.882056066792938,"[154, 201, 359, 315]",/home/intern/gs_floaterLab/results/campaigns/gain_attribution/cvpr_assets/fixed_work_v1/render40/rpng/table_07/vanilla/curve_evaluation/snapshot_01/images/004100_render.png,6a116b28d875295fe5d331375b89dd6096106cbcd262704ac2bdbb9c5c51d315,/home/intern/gs_floaterLab/results/campaigns/gain_attribution/cvpr_assets/fixed_work_v1/render40/rpng/table_07/vanilla/curve_evaluation/snapshot_01/images/004100_gt.png,6251e8756e697e724be4f6fadf3b5fa4e64967702cfa7155bd5d23e2b90aa5d9,e6308bcb50c6d826e86383cec16cc880a4b70222dbf46bb567520a3d31ab9987
rpng,table_07,4100,2,vanilla,snapshot_02,1933,741,1662924180.3295436,1662924220.0711727,39.741629123687744,3253,21.264676337891665,"[154, 201, 359, 315]",/home/intern/gs_floaterLab/results/campaigns/gain_attribution/cvpr_assets/fixed_work_v1/render40/rpng/table_07/vanilla/curve_evaluation/snapshot_02/images/004100_render.png,deeed4a4f88d193fa9946a9a1c8fd6529f2c980e9faef7e9a44400596143a43f,/home/intern/gs_floaterLab/results/campaigns/gain_attribution/cvpr_assets/fixed_work_v1/render40/rpng/table_07/vanilla/curve_evaluation/snapshot_02/images/004100_gt.png,6251e8756e697e724be4f6fadf3b5fa4e64967702cfa7155bd5d23e2b90aa5d9,e6308bcb50c6d826e86383cec16cc880a4b70222dbf46bb567520a3d31ab9987
rpng,table_07,4100,2,vanilla,snapshot_03,2638,741,1662924180.3295436,1662924243.58475,63.25520634651184,4373,25.59529921882179,"[154, 201, 359, 315]",/home/intern/gs_floaterLab/results/campaigns/gain_attribution/cvpr_assets/fixed_work_v1/render40/rpng/table_07/vanilla/curve_evaluation/snapshot_03/images/004100_render.png,efaf74426c161255bd0aba08efa7de5f006a7b8d66982d93b0edd2787a80120d,/home/intern/gs_floaterLab/results/campaigns/gain_attribution/cvpr_assets/fixed_work_v1/render40/rpng/table_07/vanilla/curve_evaluation/snapshot_03/images/004100_gt.png,6251e8756e697e724be4f6fadf3b5fa4e64967702cfa7155bd5d23e2b90aa5d9,e6308bcb50c6d826e86383cec16cc880a4b70222dbf46bb567520a3d31ab9987
rpng,table_07,4100,2,vanilla,snapshot_04,3362,741,1662924180.3295436,1662924267.7258434,87.39629983901978,5693,27.809370762458123,"[154, 201, 359, 315]",/home/intern/gs_floaterLab/results/campaigns/gain_attribution/cvpr_assets/fixed_work_v1/render40/rpng/table_07/vanilla/curve_evaluation/snapshot_04/images/004100_render.png,9f977df99ba9673cf2d0e0b0d0626ec33b0c02788b3862223d1c7a42ec0d1784,/home/intern/gs_floaterLab/results/campaigns/gain_attribution/cvpr_assets/fixed_work_v1/render40/rpng/table_07/vanilla/curve_evaluation/snapshot_04/images/004100_gt.png,6251e8756e697e724be4f6fadf3b5fa4e64967702cfa7155bd5d23e2b90aa5d9,e6308bcb50c6d826e86383cec16cc880a4b70222dbf46bb567520a3d31ab9987
rpng,table_07,4100,2,vanilla,snapshot_05,4074,741,1662924180.3295436,1662924291.482992,111.15344834327698,6932,24.289760753454168,"[154, 201, 359, 315]",/home/intern/gs_floaterLab/results/campaigns/gain_attribution/cvpr_assets/fixed_work_v1/render40/rpng/table_07/vanilla/curve_evaluation/snapshot_05/images/004100_render.png,ebdb0c013a4f28827aea1d82f5e8bbedb25d18418c10c03beaa0da3a1d891e94,/home/intern/gs_floaterLab/results/campaigns/gain_attribution/cvpr_assets/fixed_work_v1/render40/rpng/table_07/vanilla/curve_evaluation/snapshot_05/images/004100_gt.png,6251e8756e697e724be4f6fadf3b5fa4e64967702cfa7155bd5d23e2b90aa5d9,e6308bcb50c6d826e86383cec16cc880a4b70222dbf46bb567520a3d31ab9987
rpng,table_07,4100,2,vanilla,final,4783,741,1662924180.3295436,1662924315.11832,134.78877639770508,8080,25.82792780812307,"[154, 201, 359, 315]",/home/intern/gs_floaterLab/results/campaigns/gain_attribution/cvpr_assets/fixed_work_v1/render40/rpng/table_07/vanilla/curve_evaluation/final/images/004100_render.png,9a69f0e4eeca232d2567d74f201d32d0a0c0b61fc5f48eeeb2ac805c54ad2173,/home/intern/gs_floaterLab/results/campaigns/gain_attribution/cvpr_assets/fixed_work_v1/render40/rpng/table_07/vanilla/curve_evaluation/final/images/004100_gt.png,6251e8756e697e724be4f6fadf3b5fa4e64967702cfa7155bd5d23e2b90aa5d9,e6308bcb50c6d826e86383cec16cc880a4b70222dbf46bb567520a3d31ab9987
rpng,table_07,4100,2,d3,snapshot_01,1233,741,1662924180.3295436,1662924196.743125,16.413581371307373,2401,20.316498516418655,"[154, 201, 359, 315]",/home/intern/gs_floaterLab/results/campaigns/gain_attribution/cvpr_assets/fixed_work_v1/render40/rpng/table_07/d3/curve_evaluation/snapshot_01/images/004100_render.png,bac0cefb135616161994c09a6003f58d7089942618e279cfc92c84c763ce36d0,/home/intern/gs_floaterLab/results/campaigns/gain_attribution/cvpr_assets/fixed_work_v1/render40/rpng/table_07/d3/curve_evaluation/snapshot_01/images/004100_gt.png,6251e8756e697e724be4f6fadf3b5fa4e64967702cfa7155bd5d23e2b90aa5d9,6c329aefab83dc56956c32a6ba2535aed3e095f0e09d3f6dfd603795802b3b23
rpng,table_07,4100,2,d3,snapshot_02,1933,741,1662924180.3295436,1662924220.0711727,39.741629123687744,3241,23.210082428364515,"[154, 201, 359, 315]",/home/intern/gs_floaterLab/results/campaigns/gain_attribution/cvpr_assets/fixed_work_v1/render40/rpng/table_07/d3/curve_evaluation/snapshot_02/images/004100_render.png,65fd451f795947a5071f3b8f04d3af9a1fe490d4951b2b43af07484b12452e2e,/home/intern/gs_floaterLab/results/campaigns/gain_attribution/cvpr_assets/fixed_work_v1/render40/rpng/table_07/d3/curve_evaluation/snapshot_02/images/004100_gt.png,6251e8756e697e724be4f6fadf3b5fa4e64967702cfa7155bd5d23e2b90aa5d9,6c329aefab83dc56956c32a6ba2535aed3e095f0e09d3f6dfd603795802b3b23
rpng,table_07,4100,2,d3,snapshot_03,2638,741,1662924180.3295436,1662924243.58475,63.25520634651184,4361,26.175613420928237,"[154, 201, 359, 315]",/home/intern/gs_floaterLab/results/campaigns/gain_attribution/cvpr_assets/fixed_work_v1/render40/rpng/table_07/d3/curve_evaluation/snapshot_03/images/004100_render.png,37a89aa662be81e472baa4a08d0c20b3ef56ce09ee9be3eb547b9ed75e89b1c4,/home/intern/gs_floaterLab/results/campaigns/gain_attribution/cvpr_assets/fixed_work_v1/render40/rpng/table_07/d3/curve_evaluation/snapshot_03/images/004100_gt.png,6251e8756e697e724be4f6fadf3b5fa4e64967702cfa7155bd5d23e2b90aa5d9,6c329aefab83dc56956c32a6ba2535aed3e095f0e09d3f6dfd603795802b3b23
rpng,table_07,4100,2,d3,snapshot_04,3362,741,1662924180.3295436,1662924267.7258434,87.39629983901978,5681,28.06858931850328,"[154, 201, 359, 315]",/home/intern/gs_floaterLab/results/campaigns/gain_attribution/cvpr_assets/fixed_work_v1/render40/rpng/table_07/d3/curve_evaluation/snapshot_04/images/004100_render.png,a135aa49049bc6df4ceb874b90adc2873fe30bf6cf82b3a0cad7402ae9a1ffea,/home/intern/gs_floaterLab/results/campaigns/gain_attribution/cvpr_assets/fixed_work_v1/render40/rpng/table_07/d3/curve_evaluation/snapshot_04/images/004100_gt.png,6251e8756e697e724be4f6fadf3b5fa4e64967702cfa7155bd5d23e2b90aa5d9,6c329aefab83dc56956c32a6ba2535aed3e095f0e09d3f6dfd603795802b3b23
rpng,table_07,4100,2,d3,snapshot_05,4074,741,1662924180.3295436,1662924291.482992,111.15344834327698,6921,28.340034504535147,"[154, 201, 359, 315]",/home/intern/gs_floaterLab/results/campaigns/gain_attribution/cvpr_assets/fixed_work_v1/render40/rpng/table_07/d3/curve_evaluation/snapshot_05/images/004100_render.png,a0396d0b8178c9ed57304284d92454fb4b9ef38047ec03085376e060791f1535,/home/intern/gs_floaterLab/results/campaigns/gain_attribution/cvpr_assets/fixed_work_v1/render40/rpng/table_07/d3/curve_evaluation/snapshot_05/images/004100_gt.png,6251e8756e697e724be4f6fadf3b5fa4e64967702cfa7155bd5d23e2b90aa5d9,6c329aefab83dc56956c32a6ba2535aed3e095f0e09d3f6dfd603795802b3b23
rpng,table_07,4100,2,d3,final,4783,741,1662924180.3295436,1662924315.11832,134.78877639770508,8080,30.282903896841823,"[154, 201, 359, 315]",/home/intern/gs_floaterLab/results/campaigns/gain_attribution/cvpr_assets/fixed_work_v1/render40/rpng/table_07/d3/curve_evaluation/final/images/004100_render.png,da0c95f98267eed8cb6033ff0325f529421a28e0d6aca4278febf08c7a1c4dd8,/home/intern/gs_floaterLab/results/campaigns/gain_attribution/cvpr_assets/fixed_work_v1/render40/rpng/table_07/d3/curve_evaluation/final/images/004100_gt.png,6251e8756e697e724be4f6fadf3b5fa4e64967702cfa7155bd5d23e2b90aa5d9,6c329aefab83dc56956c32a6ba2535aed3e095f0e09d3f6dfd603795802b3b23
utmm,ego-centric-1,875,0,vanilla,snapshot_02,858,816,1706739435.7171779,1706739437.1195138,1.4023358821868896,1533,11.017705198627752,"[270, 82, 486, 191]",/home/intern/gs_floaterLab/results/campaigns/gain_attribution/cvpr_assets/fixed_work_v1/render40/utmm/ego-centric-1/vanilla/curve_evaluation/snapshot_02/images/000875_render.png,9aef77df2163722d63aad3ca0e57ed5b5e7e7367696f2c70f717b2de4ba4562c,/home/intern/gs_floaterLab/results/campaigns/gain_attribution/cvpr_assets/fixed_work_v1/render40/utmm/ego-centric-1/vanilla/curve_evaluation/snapshot_02/images/000875_gt.png,09bf1aeb4d3cb54117501f15779c20203e2afd2bbb7693af8fa4482c8a360333,b268634b86211be531d2124e8cd438fa143cd31b120589a82a58c6e5a027f016
utmm,ego-centric-1,875,0,vanilla,snapshot_03,1087,816,1706739435.7171779,1706739444.7496684,9.032490491867065,1893,15.574532961022108,"[270, 82, 486, 191]",/home/intern/gs_floaterLab/results/campaigns/gain_attribution/cvpr_assets/fixed_work_v1/render40/utmm/ego-centric-1/vanilla/curve_evaluation/snapshot_03/images/000875_render.png,bd3c13648921ca03628540d69e3e4b1eaf708e0e6c555f1344e5c267bea9f70a,/home/intern/gs_floaterLab/results/campaigns/gain_attribution/cvpr_assets/fixed_work_v1/render40/utmm/ego-centric-1/vanilla/curve_evaluation/snapshot_03/images/000875_gt.png,09bf1aeb4d3cb54117501f15779c20203e2afd2bbb7693af8fa4482c8a360333,b268634b86211be531d2124e8cd438fa143cd31b120589a82a58c6e5a027f016
utmm,ego-centric-1,875,0,vanilla,snapshot_04,1305,816,1706739435.7171779,1706739452.0195165,16.30233860015869,2373,15.683002600472468,"[270, 82, 486, 191]",/home/intern/gs_floaterLab/results/campaigns/gain_attribution/cvpr_assets/fixed_work_v1/render40/utmm/ego-centric-1/vanilla/curve_evaluation/snapshot_04/images/000875_render.png,da36c2618bf8bfba2701507934a19b5df0757092a3f6ffb93dc8b004147e4087,/home/intern/gs_floaterLab/results/campaigns/gain_attribution/cvpr_assets/fixed_work_v1/render40/utmm/ego-centric-1/vanilla/curve_evaluation/snapshot_04/images/000875_gt.png,09bf1aeb4d3cb54117501f15779c20203e2afd2bbb7693af8fa4482c8a360333,b268634b86211be531d2124e8cd438fa143cd31b120589a82a58c6e5a027f016
utmm,ego-centric-1,875,0,vanilla,final,1534,816,1706739435.7171779,1706739459.6447387,23.927560806274414,2560,15.224783877963045,"[270, 82, 486, 191]",/home/intern/gs_floaterLab/results/campaigns/gain_attribution/cvpr_assets/fixed_work_v1/render40/utmm/ego-centric-1/vanilla/curve_evaluation/final/images/000875_render.png,58335a86def3b7ef72ccdf8e6864b8af15b2bfcea6fddc9c63d7c93775577373,/home/intern/gs_floaterLab/results/campaigns/gain_attribution/cvpr_assets/fixed_work_v1/render40/utmm/ego-centric-1/vanilla/curve_evaluation/final/images/000875_gt.png,09bf1aeb4d3cb54117501f15779c20203e2afd2bbb7693af8fa4482c8a360333,b268634b86211be531d2124e8cd438fa143cd31b120589a82a58c6e5a027f016
utmm,ego-centric-1,875,0,d3,snapshot_02,858,816,1706739435.7171779,1706739437.1195138,1.4023358821868896,1521,11.012538301354018,"[270, 82, 486, 191]",/home/intern/gs_floaterLab/results/campaigns/gain_attribution/cvpr_assets/fixed_work_v1/render40/utmm/ego-centric-1/d3/curve_evaluation/snapshot_02/images/000875_render.png,2cda7c6ebe87c3432cb75afeaa350f7c7f120d8e33f1f6c4c55353b5f99f31e7,/home/intern/gs_floaterLab/results/campaigns/gain_attribution/cvpr_assets/fixed_work_v1/render40/utmm/ego-centric-1/d3/curve_evaluation/snapshot_02/images/000875_gt.png,09bf1aeb4d3cb54117501f15779c20203e2afd2bbb7693af8fa4482c8a360333,0188e2c9bf6bce64e2601a95accf669e43287c9dd8b34e2d0649a1a3cd5eda2f
utmm,ego-centric-1,875,0,d3,snapshot_03,1087,816,1706739435.7171779,1706739444.7496684,9.032490491867065,1881,16.319670949180978,"[270, 82, 486, 191]",/home/intern/gs_floaterLab/results/campaigns/gain_attribution/cvpr_assets/fixed_work_v1/render40/utmm/ego-centric-1/d3/curve_evaluation/snapshot_03/images/000875_render.png,fc5bf6d436cd12615b9e9664a28f80e7a2c20b4b4860456b1c97a297a35287bb,/home/intern/gs_floaterLab/results/campaigns/gain_attribution/cvpr_assets/fixed_work_v1/render40/utmm/ego-centric-1/d3/curve_evaluation/snapshot_03/images/000875_gt.png,09bf1aeb4d3cb54117501f15779c20203e2afd2bbb7693af8fa4482c8a360333,0188e2c9bf6bce64e2601a95accf669e43287c9dd8b34e2d0649a1a3cd5eda2f
utmm,ego-centric-1,875,0,d3,snapshot_04,1305,816,1706739435.7171779,1706739452.0195165,16.30233860015869,2361,16.69280286666439,"[270, 82, 486, 191]",/home/intern/gs_floaterLab/results/campaigns/gain_attribution/cvpr_assets/fixed_work_v1/render40/utmm/ego-centric-1/d3/curve_evaluation/snapshot_04/images/000875_render.png,7cdf884653fe946ffc66037f836c4076d316bbde3d0602539237254432d30a25,/home/intern/gs_floaterLab/results/campaigns/gain_attribution/cvpr_assets/fixed_work_v1/render40/utmm/ego-centric-1/d3/curve_evaluation/snapshot_04/images/000875_gt.png,09bf1aeb4d3cb54117501f15779c20203e2afd2bbb7693af8fa4482c8a360333,0188e2c9bf6bce64e2601a95accf669e43287c9dd8b34e2d0649a1a3cd5eda2f
utmm,ego-centric-1,875,0,d3,final,1534,816,1706739435.7171779,1706739459.6447387,23.927560806274414,2560,16.301640637324354,"[270, 82, 486, 191]",/home/intern/gs_floaterLab/results/campaigns/gain_attribution/cvpr_assets/fixed_work_v1/render40/utmm/ego-centric-1/d3/curve_evaluation/final/images/000875_render.png,d02dea4d1d29fc747a9833dd4ff040a0383bcc287cc8ebc5b3b67e87bd0be46c,/home/intern/gs_floaterLab/results/campaigns/gain_attribution/cvpr_assets/fixed_work_v1/render40/utmm/ego-centric-1/d3/curve_evaluation/final/images/000875_gt.png,09bf1aeb4d3cb54117501f15779c20203e2afd2bbb7693af8fa4482c8a360333,0188e2c9bf6bce64e2601a95accf669e43287c9dd8b34e2d0649a1a3cd5eda2f
utmm,ego-centric-1,875,1,vanilla,snapshot_02,858,771,1706739434.219443,1706739437.1195138,2.9000706672668457,1533,12.903584244964417,"[378, 27, 594, 136]",/home/intern/gs_floaterLab/results/campaigns/gain_attribution/cvpr_assets/fixed_work_v1/render40/utmm/ego-centric-1/vanilla/curve_evaluation/snapshot_02/images/000875_render.png,9aef77df2163722d63aad3ca0e57ed5b5e7e7367696f2c70f717b2de4ba4562c,/home/intern/gs_floaterLab/results/campaigns/gain_attribution/cvpr_assets/fixed_work_v1/render40/utmm/ego-centric-1/vanilla/curve_evaluation/snapshot_02/images/000875_gt.png,09bf1aeb4d3cb54117501f15779c20203e2afd2bbb7693af8fa4482c8a360333,b268634b86211be531d2124e8cd438fa143cd31b120589a82a58c6e5a027f016
utmm,ego-centric-1,875,1,vanilla,snapshot_03,1087,771,1706739434.219443,1706739444.7496684,10.530225276947021,1893,17.905887322386054,"[378, 27, 594, 136]",/home/intern/gs_floaterLab/results/campaigns/gain_attribution/cvpr_assets/fixed_work_v1/render40/utmm/ego-centric-1/vanilla/curve_evaluation/snapshot_03/images/000875_render.png,bd3c13648921ca03628540d69e3e4b1eaf708e0e6c555f1344e5c267bea9f70a,/home/intern/gs_floaterLab/results/campaigns/gain_attribution/cvpr_assets/fixed_work_v1/render40/utmm/ego-centric-1/vanilla/curve_evaluation/snapshot_03/images/000875_gt.png,09bf1aeb4d3cb54117501f15779c20203e2afd2bbb7693af8fa4482c8a360333,b268634b86211be531d2124e8cd438fa143cd31b120589a82a58c6e5a027f016
utmm,ego-centric-1,875,1,vanilla,snapshot_04,1305,771,1706739434.219443,1706739452.0195165,17.800073385238647,2373,18.95979515231686,"[378, 27, 594, 136]",/home/intern/gs_floaterLab/results/campaigns/gain_attribution/cvpr_assets/fixed_work_v1/render40/utmm/ego-centric-1/vanilla/curve_evaluation/snapshot_04/images/000875_render.png,da36c2618bf8bfba2701507934a19b5df0757092a3f6ffb93dc8b004147e4087,/home/intern/gs_floaterLab/results/campaigns/gain_attribution/cvpr_assets/fixed_work_v1/render40/utmm/ego-centric-1/vanilla/curve_evaluation/snapshot_04/images/000875_gt.png,09bf1aeb4d3cb54117501f15779c20203e2afd2bbb7693af8fa4482c8a360333,b268634b86211be531d2124e8cd438fa143cd31b120589a82a58c6e5a027f016
utmm,ego-centric-1,875,1,vanilla,final,1534,771,1706739434.219443,1706739459.6447387,25.42529559135437,2560,16.7714908711976,"[378, 27, 594, 136]",/home/intern/gs_floaterLab/results/campaigns/gain_attribution/cvpr_assets/fixed_work_v1/render40/utmm/ego-centric-1/vanilla/curve_evaluation/final/images/000875_render.png,58335a86def3b7ef72ccdf8e6864b8af15b2bfcea6fddc9c63d7c93775577373,/home/intern/gs_floaterLab/results/campaigns/gain_attribution/cvpr_assets/fixed_work_v1/render40/utmm/ego-centric-1/vanilla/curve_evaluation/final/images/000875_gt.png,09bf1aeb4d3cb54117501f15779c20203e2afd2bbb7693af8fa4482c8a360333,b268634b86211be531d2124e8cd438fa143cd31b120589a82a58c6e5a027f016
utmm,ego-centric-1,875,1,d3,snapshot_02,858,771,1706739434.219443,1706739437.1195138,2.9000706672668457,1521,13.773922083410328,"[378, 27, 594, 136]",/home/intern/gs_floaterLab/results/campaigns/gain_attribution/cvpr_assets/fixed_work_v1/render40/utmm/ego-centric-1/d3/curve_evaluation/snapshot_02/images/000875_render.png,2cda7c6ebe87c3432cb75afeaa350f7c7f120d8e33f1f6c4c55353b5f99f31e7,/home/intern/gs_floaterLab/results/campaigns/gain_attribution/cvpr_assets/fixed_work_v1/render40/utmm/ego-centric-1/d3/curve_evaluation/snapshot_02/images/000875_gt.png,09bf1aeb4d3cb54117501f15779c20203e2afd2bbb7693af8fa4482c8a360333,0188e2c9bf6bce64e2601a95accf669e43287c9dd8b34e2d0649a1a3cd5eda2f
utmm,ego-centric-1,875,1,d3,snapshot_03,1087,771,1706739434.219443,1706739444.7496684,10.530225276947021,1881,19.75598635226318,"[378, 27, 594, 136]",/home/intern/gs_floaterLab/results/campaigns/gain_attribution/cvpr_assets/fixed_work_v1/render40/utmm/ego-centric-1/d3/curve_evaluation/snapshot_03/images/000875_render.png,fc5bf6d436cd12615b9e9664a28f80e7a2c20b4b4860456b1c97a297a35287bb,/home/intern/gs_floaterLab/results/campaigns/gain_attribution/cvpr_assets/fixed_work_v1/render40/utmm/ego-centric-1/d3/curve_evaluation/snapshot_03/images/000875_gt.png,09bf1aeb4d3cb54117501f15779c20203e2afd2bbb7693af8fa4482c8a360333,0188e2c9bf6bce64e2601a95accf669e43287c9dd8b34e2d0649a1a3cd5eda2f
utmm,ego-centric-1,875,1,d3,snapshot_04,1305,771,1706739434.219443,1706739452.0195165,17.800073385238647,2361,20.91976299716619,"[378, 27, 594, 136]",/home/intern/gs_floaterLab/results/campaigns/gain_attribution/cvpr_assets/fixed_work_v1/render40/utmm/ego-centric-1/d3/curve_evaluation/snapshot_04/images/000875_render.png,7cdf884653fe946ffc66037f836c4076d316bbde3d0602539237254432d30a25,/home/intern/gs_floaterLab/results/campaigns/gain_attribution/cvpr_assets/fixed_work_v1/render40/utmm/ego-centric-1/d3/curve_evaluation/snapshot_04/images/000875_gt.png,09bf1aeb4d3cb54117501f15779c20203e2afd2bbb7693af8fa4482c8a360333,0188e2c9bf6bce64e2601a95accf669e43287c9dd8b34e2d0649a1a3cd5eda2f
utmm,ego-centric-1,875,1,d3,final,1534,771,1706739434.219443,1706739459.6447387,25.42529559135437,2560,20.317062403557934,"[378, 27, 594, 136]",/home/intern/gs_floaterLab/results/campaigns/gain_attribution/cvpr_assets/fixed_work_v1/render40/utmm/ego-centric-1/d3/curve_evaluation/final/images/000875_render.png,d02dea4d1d29fc747a9833dd4ff040a0383bcc287cc8ebc5b3b67e87bd0be46c,/home/intern/gs_floaterLab/results/campaigns/gain_attribution/cvpr_assets/fixed_work_v1/render40/utmm/ego-centric-1/d3/curve_evaluation/final/images/000875_gt.png,09bf1aeb4d3cb54117501f15779c20203e2afd2bbb7693af8fa4482c8a360333,0188e2c9bf6bce64e2601a95accf669e43287c9dd8b34e2d0649a1a3cd5eda2f
utmm,ego-centric-1,875,2,vanilla,snapshot_02,858,847,1706739436.7478027,1706739437.1195138,0.37171101570129395,1533,13.650984531762031,"[270, 164, 486, 273]",/home/intern/gs_floaterLab/results/campaigns/gain_attribution/cvpr_assets/fixed_work_v1/render40/utmm/ego-centric-1/vanilla/curve_evaluation/snapshot_02/images/000875_render.png,9aef77df2163722d63aad3ca0e57ed5b5e7e7367696f2c70f717b2de4ba4562c,/home/intern/gs_floaterLab/results/campaigns/gain_attribution/cvpr_assets/fixed_work_v1/render40/utmm/ego-centric-1/vanilla/curve_evaluation/snapshot_02/images/000875_gt.png,09bf1aeb4d3cb54117501f15779c20203e2afd2bbb7693af8fa4482c8a360333,b268634b86211be531d2124e8cd438fa143cd31b120589a82a58c6e5a027f016
utmm,ego-centric-1,875,2,vanilla,snapshot_03,1087,847,1706739436.7478027,1706739444.7496684,8.00186562538147,1893,15.924567591302202,"[270, 164, 486, 273]",/home/intern/gs_floaterLab/results/campaigns/gain_attribution/cvpr_assets/fixed_work_v1/render40/utmm/ego-centric-1/vanilla/curve_evaluation/snapshot_03/images/000875_render.png,bd3c13648921ca03628540d69e3e4b1eaf708e0e6c555f1344e5c267bea9f70a,/home/intern/gs_floaterLab/results/campaigns/gain_attribution/cvpr_assets/fixed_work_v1/render40/utmm/ego-centric-1/vanilla/curve_evaluation/snapshot_03/images/000875_gt.png,09bf1aeb4d3cb54117501f15779c20203e2afd2bbb7693af8fa4482c8a360333,b268634b86211be531d2124e8cd438fa143cd31b120589a82a58c6e5a027f016
utmm,ego-centric-1,875,2,vanilla,snapshot_04,1305,847,1706739436.7478027,1706739452.0195165,15.271713733673096,2373,15.45843125574628,"[270, 164, 486, 273]",/home/intern/gs_floaterLab/results/campaigns/gain_attribution/cvpr_assets/fixed_work_v1/render40/utmm/ego-centric-1/vanilla/curve_evaluation/snapshot_04/images/000875_render.png,da36c2618bf8bfba2701507934a19b5df0757092a3f6ffb93dc8b004147e4087,/home/intern/gs_floaterLab/results/campaigns/gain_attribution/cvpr_assets/fixed_work_v1/render40/utmm/ego-centric-1/vanilla/curve_evaluation/snapshot_04/images/000875_gt.png,09bf1aeb4d3cb54117501f15779c20203e2afd2bbb7693af8fa4482c8a360333,b268634b86211be531d2124e8cd438fa143cd31b120589a82a58c6e5a027f016
utmm,ego-centric-1,875,2,vanilla,final,1534,847,1706739436.7478027,1706739459.6447387,22.89693593978882,2560,15.604556987906683,"[270, 164, 486, 273]",/home/intern/gs_floaterLab/results/campaigns/gain_attribution/cvpr_assets/fixed_work_v1/render40/utmm/ego-centric-1/vanilla/curve_evaluation/final/images/000875_render.png,58335a86def3b7ef72ccdf8e6864b8af15b2bfcea6fddc9c63d7c93775577373,/home/intern/gs_floaterLab/results/campaigns/gain_attribution/cvpr_assets/fixed_work_v1/render40/utmm/ego-centric-1/vanilla/curve_evaluation/final/images/000875_gt.png,09bf1aeb4d3cb54117501f15779c20203e2afd2bbb7693af8fa4482c8a360333,b268634b86211be531d2124e8cd438fa143cd31b120589a82a58c6e5a027f016
utmm,ego-centric-1,875,2,d3,snapshot_02,858,847,1706739436.7478027,1706739437.1195138,0.37171101570129395,1521,13.03958022610564,"[270, 164, 486, 273]",/home/intern/gs_floaterLab/results/campaigns/gain_attribution/cvpr_assets/fixed_work_v1/render40/utmm/ego-centric-1/d3/curve_evaluation/snapshot_02/images/000875_render.png,2cda7c6ebe87c3432cb75afeaa350f7c7f120d8e33f1f6c4c55353b5f99f31e7,/home/intern/gs_floaterLab/results/campaigns/gain_attribution/cvpr_assets/fixed_work_v1/render40/utmm/ego-centric-1/d3/curve_evaluation/snapshot_02/images/000875_gt.png,09bf1aeb4d3cb54117501f15779c20203e2afd2bbb7693af8fa4482c8a360333,0188e2c9bf6bce64e2601a95accf669e43287c9dd8b34e2d0649a1a3cd5eda2f
utmm,ego-centric-1,875,2,d3,snapshot_03,1087,847,1706739436.7478027,1706739444.7496684,8.00186562538147,1881,16.455972898221283,"[270, 164, 486, 273]",/home/intern/gs_floaterLab/results/campaigns/gain_attribution/cvpr_assets/fixed_work_v1/render40/utmm/ego-centric-1/d3/curve_evaluation/snapshot_03/images/000875_render.png,fc5bf6d436cd12615b9e9664a28f80e7a2c20b4b4860456b1c97a297a35287bb,/home/intern/gs_floaterLab/results/campaigns/gain_attribution/cvpr_assets/fixed_work_v1/render40/utmm/ego-centric-1/d3/curve_evaluation/snapshot_03/images/000875_gt.png,09bf1aeb4d3cb54117501f15779c20203e2afd2bbb7693af8fa4482c8a360333,0188e2c9bf6bce64e2601a95accf669e43287c9dd8b34e2d0649a1a3cd5eda2f
utmm,ego-centric-1,875,2,d3,snapshot_04,1305,847,1706739436.7478027,1706739452.0195165,15.271713733673096,2361,16.789540935880648,"[270, 164, 486, 273]",/home/intern/gs_floaterLab/results/campaigns/gain_attribution/cvpr_assets/fixed_work_v1/render40/utmm/ego-centric-1/d3/curve_evaluation/snapshot_04/images/000875_render.png,7cdf884653fe946ffc66037f836c4076d316bbde3d0602539237254432d30a25,/home/intern/gs_floaterLab/results/campaigns/gain_attribution/cvpr_assets/fixed_work_v1/render40/utmm/ego-centric-1/d3/curve_evaluation/snapshot_04/images/000875_gt.png,09bf1aeb4d3cb54117501f15779c20203e2afd2bbb7693af8fa4482c8a360333,0188e2c9bf6bce64e2601a95accf669e43287c9dd8b34e2d0649a1a3cd5eda2f
utmm,ego-centric-1,875,2,d3,final,1534,847,1706739436.7478027,1706739459.6447387,22.89693593978882,2560,16.90005981075081,"[270, 164, 486, 273]",/home/intern/gs_floaterLab/results/campaigns/gain_attribution/cvpr_assets/fixed_work_v1/render40/utmm/ego-centric-1/d3/curve_evaluation/final/images/000875_render.png,d02dea4d1d29fc747a9833dd4ff040a0383bcc287cc8ebc5b3b67e87bd0be46c,/home/intern/gs_floaterLab/results/campaigns/gain_attribution/cvpr_assets/fixed_work_v1/render40/utmm/ego-centric-1/d3/curve_evaluation/final/images/000875_gt.png,09bf1aeb4d3cb54117501f15779c20203e2afd2bbb7693af8fa4482c8a360333,0188e2c9bf6bce64e2601a95accf669e43287c9dd8b34e2d0649a1a3cd5eda2f
utmm,ego-centric-1,1315,0,vanilla,snapshot_04,1305,1223,1706739449.2804732,1706739452.0195165,2.7390432357788086,2373,13.810816778877747,"[324, 27, 540, 136]",/home/intern/gs_floaterLab/results/campaigns/gain_attribution/cvpr_assets/fixed_work_v1/render40/utmm/ego-centric-1/vanilla/curve_evaluation/snapshot_04/images/001315_render.png,eb25854bd47a1f61af6fc6342756649dff09254b01b724185256832011ae7e18,/home/intern/gs_floaterLab/results/campaigns/gain_attribution/cvpr_assets/fixed_work_v1/render40/utmm/ego-centric-1/vanilla/curve_evaluation/snapshot_04/images/001315_gt.png,ad4490417b3463eae4dd84a78dda9a2759adad5f9abca3738e8c0e9e5d180541,b268634b86211be531d2124e8cd438fa143cd31b120589a82a58c6e5a027f016
utmm,ego-centric-1,1315,0,vanilla,final,1534,1223,1706739449.2804732,1706739459.6447387,10.364265441894531,2560,15.969245582546145,"[324, 27, 540, 136]",/home/intern/gs_floaterLab/results/campaigns/gain_attribution/cvpr_assets/fixed_work_v1/render40/utmm/ego-centric-1/vanilla/curve_evaluation/final/images/001315_render.png,42fc4d1e4d0149e98be15cfc05263fc64aaf338b09cd96b9275a324181130b54,/home/intern/gs_floaterLab/results/campaigns/gain_attribution/cvpr_assets/fixed_work_v1/render40/utmm/ego-centric-1/vanilla/curve_evaluation/final/images/001315_gt.png,ad4490417b3463eae4dd84a78dda9a2759adad5f9abca3738e8c0e9e5d180541,b268634b86211be531d2124e8cd438fa143cd31b120589a82a58c6e5a027f016
utmm,ego-centric-1,1315,0,d3,snapshot_04,1305,1223,1706739449.2804732,1706739452.0195165,2.7390432357788086,2361,11.490345574171002,"[324, 27, 540, 136]",/home/intern/gs_floaterLab/results/campaigns/gain_attribution/cvpr_assets/fixed_work_v1/render40/utmm/ego-centric-1/d3/curve_evaluation/snapshot_04/images/001315_render.png,2531920370dab3c1e1c1b31d9291197b9abdbc502a00e067b6140575260729e1,/home/intern/gs_floaterLab/results/campaigns/gain_attribution/cvpr_assets/fixed_work_v1/render40/utmm/ego-centric-1/d3/curve_evaluation/snapshot_04/images/001315_gt.png,ad4490417b3463eae4dd84a78dda9a2759adad5f9abca3738e8c0e9e5d180541,0188e2c9bf6bce64e2601a95accf669e43287c9dd8b34e2d0649a1a3cd5eda2f
utmm,ego-centric-1,1315,0,d3,final,1534,1223,1706739449.2804732,1706739459.6447387,10.364265441894531,2560,12.825135703879006,"[324, 27, 540, 136]",/home/intern/gs_floaterLab/results/campaigns/gain_attribution/cvpr_assets/fixed_work_v1/render40/utmm/ego-centric-1/d3/curve_evaluation/final/images/001315_render.png,a1f733e0dc29f323d552558300bf1393ea5585fdc890a399c6f4661a943e84a5,/home/intern/gs_floaterLab/results/campaigns/gain_attribution/cvpr_assets/fixed_work_v1/render40/utmm/ego-centric-1/d3/curve_evaluation/final/images/001315_gt.png,ad4490417b3463eae4dd84a78dda9a2759adad5f9abca3738e8c0e9e5d180541,0188e2c9bf6bce64e2601a95accf669e43287c9dd8b34e2d0649a1a3cd5eda2f
utmm,ego-centric-1,1315,1,vanilla,snapshot_02,858,652,1706739430.2528305,1706739437.1195138,6.8666832447052,1533,12.334682641206452,"[216, 82, 432, 191]",/home/intern/gs_floaterLab/results/campaigns/gain_attribution/cvpr_assets/fixed_work_v1/render40/utmm/ego-centric-1/vanilla/curve_evaluation/snapshot_02/images/001315_render.png,4d871afcdc7958633647d87e63c9f4b6ae4db3941ab536a41aa481fab8e440c8,/home/intern/gs_floaterLab/results/campaigns/gain_attribution/cvpr_assets/fixed_work_v1/render40/utmm/ego-centric-1/vanilla/curve_evaluation/snapshot_02/images/001315_gt.png,ad4490417b3463eae4dd84a78dda9a2759adad5f9abca3738e8c0e9e5d180541,b268634b86211be531d2124e8cd438fa143cd31b120589a82a58c6e5a027f016
utmm,ego-centric-1,1315,1,vanilla,snapshot_03,1087,652,1706739430.2528305,1706739444.7496684,14.496837854385376,1893,12.368774272379902,"[216, 82, 432, 191]",/home/intern/gs_floaterLab/results/campaigns/gain_attribution/cvpr_assets/fixed_work_v1/render40/utmm/ego-centric-1/vanilla/curve_evaluation/snapshot_03/images/001315_render.png,20f116babf008e093dd321ad6678e4eada956f9adb9a0330d49c737bb64e5554,/home/intern/gs_floaterLab/results/campaigns/gain_attribution/cvpr_assets/fixed_work_v1/render40/utmm/ego-centric-1/vanilla/curve_evaluation/snapshot_03/images/001315_gt.png,ad4490417b3463eae4dd84a78dda9a2759adad5f9abca3738e8c0e9e5d180541,b268634b86211be531d2124e8cd438fa143cd31b120589a82a58c6e5a027f016
utmm,ego-centric-1,1315,1,vanilla,snapshot_04,1305,652,1706739430.2528305,1706739452.0195165,21.766685962677002,2373,14.07958010632796,"[216, 82, 432, 191]",/home/intern/gs_floaterLab/results/campaigns/gain_attribution/cvpr_assets/fixed_work_v1/render40/utmm/ego-centric-1/vanilla/curve_evaluation/snapshot_04/images/001315_render.png,eb25854bd47a1f61af6fc6342756649dff09254b01b724185256832011ae7e18,/home/intern/gs_floaterLab/results/campaigns/gain_attribution/cvpr_assets/fixed_work_v1/render40/utmm/ego-centric-1/vanilla/curve_evaluation/snapshot_04/images/001315_gt.png,ad4490417b3463eae4dd84a78dda9a2759adad5f9abca3738e8c0e9e5d180541,b268634b86211be531d2124e8cd438fa143cd31b120589a82a58c6e5a027f016
utmm,ego-centric-1,1315,1,vanilla,final,1534,652,1706739430.2528305,1706739459.6447387,29.391908168792725,2560,16.36819832592046,"[216, 82, 432, 191]",/home/intern/gs_floaterLab/results/campaigns/gain_attribution/cvpr_assets/fixed_work_v1/render40/utmm/ego-centric-1/vanilla/curve_evaluation/final/images/001315_render.png,42fc4d1e4d0149e98be15cfc05263fc64aaf338b09cd96b9275a324181130b54,/home/intern/gs_floaterLab/results/campaigns/gain_attribution/cvpr_assets/fixed_work_v1/render40/utmm/ego-centric-1/vanilla/curve_evaluation/final/images/001315_gt.png,ad4490417b3463eae4dd84a78dda9a2759adad5f9abca3738e8c0e9e5d180541,b268634b86211be531d2124e8cd438fa143cd31b120589a82a58c6e5a027f016
utmm,ego-centric-1,1315,1,d3,snapshot_02,858,652,1706739430.2528305,1706739437.1195138,6.8666832447052,1521,11.953500529889332,"[216, 82, 432, 191]",/home/intern/gs_floaterLab/results/campaigns/gain_attribution/cvpr_assets/fixed_work_v1/render40/utmm/ego-centric-1/d3/curve_evaluation/snapshot_02/images/001315_render.png,f9d8a1f67743491bff6401013e3e3cb5d3b7a818be482a304b395f97f45f3e69,/home/intern/gs_floaterLab/results/campaigns/gain_attribution/cvpr_assets/fixed_work_v1/render40/utmm/ego-centric-1/d3/curve_evaluation/snapshot_02/images/001315_gt.png,ad4490417b3463eae4dd84a78dda9a2759adad5f9abca3738e8c0e9e5d180541,0188e2c9bf6bce64e2601a95accf669e43287c9dd8b34e2d0649a1a3cd5eda2f
utmm,ego-centric-1,1315,1,d3,snapshot_03,1087,652,1706739430.2528305,1706739444.7496684,14.496837854385376,1881,12.108216800172109,"[216, 82, 432, 191]",/home/intern/gs_floaterLab/results/campaigns/gain_attribution/cvpr_assets/fixed_work_v1/render40/utmm/ego-centric-1/d3/curve_evaluation/snapshot_03/images/001315_render.png,a131bbe142c19f9a955b7cacf7106335492d1e09a37069323093e7c02d19ff3a,/home/intern/gs_floaterLab/results/campaigns/gain_attribution/cvpr_assets/fixed_work_v1/render40/utmm/ego-centric-1/d3/curve_evaluation/snapshot_03/images/001315_gt.png,ad4490417b3463eae4dd84a78dda9a2759adad5f9abca3738e8c0e9e5d180541,0188e2c9bf6bce64e2601a95accf669e43287c9dd8b34e2d0649a1a3cd5eda2f
utmm,ego-centric-1,1315,1,d3,snapshot_04,1305,652,1706739430.2528305,1706739452.0195165,21.766685962677002,2361,12.822217435718313,"[216, 82, 432, 191]",/home/intern/gs_floaterLab/results/campaigns/gain_attribution/cvpr_assets/fixed_work_v1/render40/utmm/ego-centric-1/d3/curve_evaluation/snapshot_04/images/001315_render.png,2531920370dab3c1e1c1b31d9291197b9abdbc502a00e067b6140575260729e1,/home/intern/gs_floaterLab/results/campaigns/gain_attribution/cvpr_assets/fixed_work_v1/render40/utmm/ego-centric-1/d3/curve_evaluation/snapshot_04/images/001315_gt.png,ad4490417b3463eae4dd84a78dda9a2759adad5f9abca3738e8c0e9e5d180541,0188e2c9bf6bce64e2601a95accf669e43287c9dd8b34e2d0649a1a3cd5eda2f
utmm,ego-centric-1,1315,1,d3,final,1534,652,1706739430.2528305,1706739459.6447387,29.391908168792725,2560,14.231631520853423,"[216, 82, 432, 191]",/home/intern/gs_floaterLab/results/campaigns/gain_attribution/cvpr_assets/fixed_work_v1/render40/utmm/ego-centric-1/d3/curve_evaluation/final/images/001315_render.png,a1f733e0dc29f323d552558300bf1393ea5585fdc890a399c6f4661a943e84a5,/home/intern/gs_floaterLab/results/campaigns/gain_attribution/cvpr_assets/fixed_work_v1/render40/utmm/ego-centric-1/d3/curve_evaluation/final/images/001315_gt.png,ad4490417b3463eae4dd84a78dda9a2759adad5f9abca3738e8c0e9e5d180541,0188e2c9bf6bce64e2601a95accf669e43287c9dd8b34e2d0649a1a3cd5eda2f
utmm,ego-centric-1,1315,2,vanilla,snapshot_04,1305,1269,1706739450.8246143,1706739452.0195165,1.1949021816253662,2373,15.093435613641113,"[432, 82, 648, 191]",/home/intern/gs_floaterLab/results/campaigns/gain_attribution/cvpr_assets/fixed_work_v1/render40/utmm/ego-centric-1/vanilla/curve_evaluation/snapshot_04/images/001315_render.png,eb25854bd47a1f61af6fc6342756649dff09254b01b724185256832011ae7e18,/home/intern/gs_floaterLab/results/campaigns/gain_attribution/cvpr_assets/fixed_work_v1/render40/utmm/ego-centric-1/vanilla/curve_evaluation/snapshot_04/images/001315_gt.png,ad4490417b3463eae4dd84a78dda9a2759adad5f9abca3738e8c0e9e5d180541,b268634b86211be531d2124e8cd438fa143cd31b120589a82a58c6e5a027f016
utmm,ego-centric-1,1315,2,vanilla,final,1534,1269,1706739450.8246143,1706739459.6447387,8.820124387741089,2560,17.337624150244427,"[432, 82, 648, 191]",/home/intern/gs_floaterLab/results/campaigns/gain_attribution/cvpr_assets/fixed_work_v1/render40/utmm/ego-centric-1/vanilla/curve_evaluation/final/images/001315_render.png,42fc4d1e4d0149e98be15cfc05263fc64aaf338b09cd96b9275a324181130b54,/home/intern/gs_floaterLab/results/campaigns/gain_attribution/cvpr_assets/fixed_work_v1/render40/utmm/ego-centric-1/vanilla/curve_evaluation/final/images/001315_gt.png,ad4490417b3463eae4dd84a78dda9a2759adad5f9abca3738e8c0e9e5d180541,b268634b86211be531d2124e8cd438fa143cd31b120589a82a58c6e5a027f016
utmm,ego-centric-1,1315,2,d3,snapshot_04,1305,1269,1706739450.8246143,1706739452.0195165,1.1949021816253662,2361,13.933053116569594,"[432, 82, 648, 191]",/home/intern/gs_floaterLab/results/campaigns/gain_attribution/cvpr_assets/fixed_work_v1/render40/utmm/ego-centric-1/d3/curve_evaluation/snapshot_04/images/001315_render.png,2531920370dab3c1e1c1b31d9291197b9abdbc502a00e067b6140575260729e1,/home/intern/gs_floaterLab/results/campaigns/gain_attribution/cvpr_assets/fixed_work_v1/render40/utmm/ego-centric-1/d3/curve_evaluation/snapshot_04/images/001315_gt.png,ad4490417b3463eae4dd84a78dda9a2759adad5f9abca3738e8c0e9e5d180541,0188e2c9bf6bce64e2601a95accf669e43287c9dd8b34e2d0649a1a3cd5eda2f
utmm,ego-centric-1,1315,2,d3,final,1534,1269,1706739450.8246143,1706739459.6447387,8.820124387741089,2560,15.6773860095184,"[432, 82, 648, 191]",/home/intern/gs_floaterLab/results/campaigns/gain_attribution/cvpr_assets/fixed_work_v1/render40/utmm/ego-centric-1/d3/curve_evaluation/final/images/001315_render.png,a1f733e0dc29f323d552558300bf1393ea5585fdc890a399c6f4661a943e84a5,/home/intern/gs_floaterLab/results/campaigns/gain_attribution/cvpr_assets/fixed_work_v1/render40/utmm/ego-centric-1/d3/curve_evaluation/final/images/001315_gt.png,ad4490417b3463eae4dd84a78dda9a2759adad5f9abca3738e8c0e9e5d180541,0188e2c9bf6bce64e2601a95accf669e43287c9dd8b34e2d0649a1a3cd5eda2f
utmm,ego-centric-2,370,0,vanilla,snapshot_01,335,309,1706738240.8476946,1706738241.7115076,0.8638129234313965,247,6.542760333214535,"[54, 54, 270, 163]",/home/intern/gs_floaterLab/results/campaigns/gain_attribution/cvpr_assets/fixed_work_v1/render40/utmm/ego-centric-2/vanilla/curve_evaluation/snapshot_01/images/000370_render.png,7de62e318b6a17fc7745dcca41f72dbd61bda0a39812698961cf7ebfa46d7e85,/home/intern/gs_floaterLab/results/campaigns/gain_attribution/cvpr_assets/fixed_work_v1/render40/utmm/ego-centric-2/vanilla/curve_evaluation/snapshot_01/images/000370_gt.png,9c46ec13ad7984a9ea658db18e540d493a90e0e061f094d76ee5c5c95bc56308,d4349ee8cc361f31e5439544af0ab59731aa267c6175f1aa12952f0017225e8f
utmm,ego-centric-2,370,0,vanilla,snapshot_02,522,309,1706738240.8476946,1706738247.94658,7.0988852977752686,1373,16.028399247172164,"[54, 54, 270, 163]",/home/intern/gs_floaterLab/results/campaigns/gain_attribution/cvpr_assets/fixed_work_v1/render40/utmm/ego-centric-2/vanilla/curve_evaluation/snapshot_02/images/000370_render.png,0103a5848a7f873a13b265c2c0791cd935b5fe0295e06b41d08f93eb7b030b80,/home/intern/gs_floaterLab/results/campaigns/gain_attribution/cvpr_assets/fixed_work_v1/render40/utmm/ego-centric-2/vanilla/curve_evaluation/snapshot_02/images/000370_gt.png,9c46ec13ad7984a9ea658db18e540d493a90e0e061f094d76ee5c5c95bc56308,d4349ee8cc361f31e5439544af0ab59731aa267c6175f1aa12952f0017225e8f
utmm,ego-centric-2,370,0,vanilla,snapshot_03,723,309,1706738240.8476946,1706738254.6572795,13.809584856033325,1773,15.761938093717667,"[54, 54, 270, 163]",/home/intern/gs_floaterLab/results/campaigns/gain_attribution/cvpr_assets/fixed_work_v1/render40/utmm/ego-centric-2/vanilla/curve_evaluation/snapshot_03/images/000370_render.png,81e4f9ee92a5bf7c4f9eb0b8f897ee480e36a6351875c01795492cd9b3d26dd2,/home/intern/gs_floaterLab/results/campaigns/gain_attribution/cvpr_assets/fixed_work_v1/render40/utmm/ego-centric-2/vanilla/curve_evaluation/snapshot_03/images/000370_gt.png,9c46ec13ad7984a9ea658db18e540d493a90e0e061f094d76ee5c5c95bc56308,d4349ee8cc361f31e5439544af0ab59731aa267c6175f1aa12952f0017225e8f
utmm,ego-centric-2,370,0,vanilla,snapshot_04,921,309,1706738240.8476946,1706738261.2568235,20.40912890434265,2133,15.748625192541152,"[54, 54, 270, 163]",/home/intern/gs_floaterLab/results/campaigns/gain_attribution/cvpr_assets/fixed_work_v1/render40/utmm/ego-centric-2/vanilla/curve_evaluation/snapshot_04/images/000370_render.png,b26b375db865acad22ef7aeb34aba76dd88a3aba399829a01cf4171ddd8cd936,/home/intern/gs_floaterLab/results/campaigns/gain_attribution/cvpr_assets/fixed_work_v1/render40/utmm/ego-centric-2/vanilla/curve_evaluation/snapshot_04/images/000370_gt.png,9c46ec13ad7984a9ea658db18e540d493a90e0e061f094d76ee5c5c95bc56308,d4349ee8cc361f31e5439544af0ab59731aa267c6175f1aa12952f0017225e8f
utmm,ego-centric-2,370,0,vanilla,snapshot_05,1189,309,1706738240.8476946,1706738270.1928678,29.345173120498657,2493,13.87932706012192,"[54, 54, 270, 163]",/home/intern/gs_floaterLab/results/campaigns/gain_attribution/cvpr_assets/fixed_work_v1/render40/utmm/ego-centric-2/vanilla/curve_evaluation/snapshot_05/images/000370_render.png,fcff65516537ab4da43659a05deae4c694f92cbd132f2e96ac31a0b4b4c55756,/home/intern/gs_floaterLab/results/campaigns/gain_attribution/cvpr_assets/fixed_work_v1/render40/utmm/ego-centric-2/vanilla/curve_evaluation/snapshot_05/images/000370_gt.png,9c46ec13ad7984a9ea658db18e540d493a90e0e061f094d76ee5c5c95bc56308,d4349ee8cc361f31e5439544af0ab59731aa267c6175f1aa12952f0017225e8f
utmm,ego-centric-2,370,0,vanilla,final,1297,309,1706738240.8476946,1706738273.7899637,32.94226908683777,2560,13.843169991689063,"[54, 54, 270, 163]",/home/intern/gs_floaterLab/results/campaigns/gain_attribution/cvpr_assets/fixed_work_v1/render40/utmm/ego-centric-2/vanilla/curve_evaluation/final/images/000370_render.png,7df977e29d5148ed999d38b016769cdbe6f246d8f668f5ca8233b869275bda42,/home/intern/gs_floaterLab/results/campaigns/gain_attribution/cvpr_assets/fixed_work_v1/render40/utmm/ego-centric-2/vanilla/curve_evaluation/final/images/000370_gt.png,9c46ec13ad7984a9ea658db18e540d493a90e0e061f094d76ee5c5c95bc56308,d4349ee8cc361f31e5439544af0ab59731aa267c6175f1aa12952f0017225e8f
utmm,ego-centric-2,370,0,d3,snapshot_01,335,309,1706738240.8476946,1706738241.7115076,0.8638129234313965,241,6.682324886691462,"[54, 54, 270, 163]",/home/intern/gs_floaterLab/results/campaigns/gain_attribution/cvpr_assets/fixed_work_v1/render40/utmm/ego-centric-2/d3/curve_evaluation/snapshot_01/images/000370_render.png,52defab0bb0e6726f0df0517be56b88686cc7cfbdcb15ecc70cd4ebb53c2c79f,/home/intern/gs_floaterLab/results/campaigns/gain_attribution/cvpr_assets/fixed_work_v1/render40/utmm/ego-centric-2/d3/curve_evaluation/snapshot_01/images/000370_gt.png,9c46ec13ad7984a9ea658db18e540d493a90e0e061f094d76ee5c5c95bc56308,c2279fad42a54c66d6354af6d6e459e8fa9db1745f18f7264aee366ece46df95
utmm,ego-centric-2,370,0,d3,snapshot_02,522,309,1706738240.8476946,1706738247.94658,7.0988852977752686,1361,19.059229361963762,"[54, 54, 270, 163]",/home/intern/gs_floaterLab/results/campaigns/gain_attribution/cvpr_assets/fixed_work_v1/render40/utmm/ego-centric-2/d3/curve_evaluation/snapshot_02/images/000370_render.png,e6a67f51aba9a7a042d2ef0e7ef46dae00817cee919dcb13c2a659402a05c88e,/home/intern/gs_floaterLab/results/campaigns/gain_attribution/cvpr_assets/fixed_work_v1/render40/utmm/ego-centric-2/d3/curve_evaluation/snapshot_02/images/000370_gt.png,9c46ec13ad7984a9ea658db18e540d493a90e0e061f094d76ee5c5c95bc56308,c2279fad42a54c66d6354af6d6e459e8fa9db1745f18f7264aee366ece46df95
utmm,ego-centric-2,370,0,d3,snapshot_03,723,309,1706738240.8476946,1706738254.6572795,13.809584856033325,1761,22.301701254609977,"[54, 54, 270, 163]",/home/intern/gs_floaterLab/results/campaigns/gain_attribution/cvpr_assets/fixed_work_v1/render40/utmm/ego-centric-2/d3/curve_evaluation/snapshot_03/images/000370_render.png,5c1d01e4e813bced0ef1bb9da1ba2889495796ff16285c9baa61f95743f06625,/home/intern/gs_floaterLab/results/campaigns/gain_attribution/cvpr_assets/fixed_work_v1/render40/utmm/ego-centric-2/d3/curve_evaluation/snapshot_03/images/000370_gt.png,9c46ec13ad7984a9ea658db18e540d493a90e0e061f094d76ee5c5c95bc56308,c2279fad42a54c66d6354af6d6e459e8fa9db1745f18f7264aee366ece46df95
utmm,ego-centric-2,370,0,d3,snapshot_04,921,309,1706738240.8476946,1706738261.2568235,20.40912890434265,2121,20.265302546007696,"[54, 54, 270, 163]",/home/intern/gs_floaterLab/results/campaigns/gain_attribution/cvpr_assets/fixed_work_v1/render40/utmm/ego-centric-2/d3/curve_evaluation/snapshot_04/images/000370_render.png,2a60e4fa78b35e47e355eea3497e1bc722355cc200e9aff1bfd3e4c99e74d001,/home/intern/gs_floaterLab/results/campaigns/gain_attribution/cvpr_assets/fixed_work_v1/render40/utmm/ego-centric-2/d3/curve_evaluation/snapshot_04/images/000370_gt.png,9c46ec13ad7984a9ea658db18e540d493a90e0e061f094d76ee5c5c95bc56308,c2279fad42a54c66d6354af6d6e459e8fa9db1745f18f7264aee366ece46df95
utmm,ego-centric-2,370,0,d3,snapshot_05,1189,309,1706738240.8476946,1706738270.1928678,29.345173120498657,2481,17.42185244982545,"[54, 54, 270, 163]",/home/intern/gs_floaterLab/results/campaigns/gain_attribution/cvpr_assets/fixed_work_v1/render40/utmm/ego-centric-2/d3/curve_evaluation/snapshot_05/images/000370_render.png,cc29d7dfceb27a4a9d5ed5dcb93314e5eedeab5ac443530ceabf39904d8a40b3,/home/intern/gs_floaterLab/results/campaigns/gain_attribution/cvpr_assets/fixed_work_v1/render40/utmm/ego-centric-2/d3/curve_evaluation/snapshot_05/images/000370_gt.png,9c46ec13ad7984a9ea658db18e540d493a90e0e061f094d76ee5c5c95bc56308,c2279fad42a54c66d6354af6d6e459e8fa9db1745f18f7264aee366ece46df95
utmm,ego-centric-2,370,0,d3,final,1297,309,1706738240.8476946,1706738273.7899637,32.94226908683777,2560,15.855286235720998,"[54, 54, 270, 163]",/home/intern/gs_floaterLab/results/campaigns/gain_attribution/cvpr_assets/fixed_work_v1/render40/utmm/ego-centric-2/d3/curve_evaluation/final/images/000370_render.png,fa79581f09c7397539f73c2f44124335e062a9f26f450205edc31da0f5917f76,/home/intern/gs_floaterLab/results/campaigns/gain_attribution/cvpr_assets/fixed_work_v1/render40/utmm/ego-centric-2/d3/curve_evaluation/final/images/000370_gt.png,9c46ec13ad7984a9ea658db18e540d493a90e0e061f094d76ee5c5c95bc56308,c2279fad42a54c66d6354af6d6e459e8fa9db1745f18f7264aee366ece46df95
utmm,ego-centric-2,370,1,vanilla,snapshot_00,277,274,1706738239.6848657,1706738239.7845252,0.09965944290161133,4,9.954954385302917,"[216, 27, 432, 136]",/home/intern/gs_floaterLab/results/campaigns/gain_attribution/cvpr_assets/fixed_work_v1/render40/utmm/ego-centric-2/vanilla/curve_evaluation/snapshot_00/images/000370_render.png,03c080a24a0ef103c65b24fd456f32f61834c2f393dbe014421cb51ad13051ef,/home/intern/gs_floaterLab/results/campaigns/gain_attribution/cvpr_assets/fixed_work_v1/render40/utmm/ego-centric-2/vanilla/curve_evaluation/snapshot_00/images/000370_gt.png,9c46ec13ad7984a9ea658db18e540d493a90e0e061f094d76ee5c5c95bc56308,d4349ee8cc361f31e5439544af0ab59731aa267c6175f1aa12952f0017225e8f
utmm,ego-centric-2,370,1,vanilla,snapshot_01,335,274,1706738239.6848657,1706738241.7115076,2.026641845703125,247,11.650321314219063,"[216, 27, 432, 136]",/home/intern/gs_floaterLab/results/campaigns/gain_attribution/cvpr_assets/fixed_work_v1/render40/utmm/ego-centric-2/vanilla/curve_evaluation/snapshot_01/images/000370_render.png,7de62e318b6a17fc7745dcca41f72dbd61bda0a39812698961cf7ebfa46d7e85,/home/intern/gs_floaterLab/results/campaigns/gain_attribution/cvpr_assets/fixed_work_v1/render40/utmm/ego-centric-2/vanilla/curve_evaluation/snapshot_01/images/000370_gt.png,9c46ec13ad7984a9ea658db18e540d493a90e0e061f094d76ee5c5c95bc56308,d4349ee8cc361f31e5439544af0ab59731aa267c6175f1aa12952f0017225e8f
utmm,ego-centric-2,370,1,vanilla,snapshot_02,522,274,1706738239.6848657,1706738247.94658,8.261714220046997,1373,18.52692911841427,"[216, 27, 432, 136]",/home/intern/gs_floaterLab/results/campaigns/gain_attribution/cvpr_assets/fixed_work_v1/render40/utmm/ego-centric-2/vanilla/curve_evaluation/snapshot_02/images/000370_render.png,0103a5848a7f873a13b265c2c0791cd935b5fe0295e06b41d08f93eb7b030b80,/home/intern/gs_floaterLab/results/campaigns/gain_attribution/cvpr_assets/fixed_work_v1/render40/utmm/ego-centric-2/vanilla/curve_evaluation/snapshot_02/images/000370_gt.png,9c46ec13ad7984a9ea658db18e540d493a90e0e061f094d76ee5c5c95bc56308,d4349ee8cc361f31e5439544af0ab59731aa267c6175f1aa12952f0017225e8f
utmm,ego-centric-2,370,1,vanilla,snapshot_03,723,274,1706738239.6848657,1706738254.6572795,14.972413778305054,1773,18.550914192455426,"[216, 27, 432, 136]",/home/intern/gs_floaterLab/results/campaigns/gain_attribution/cvpr_assets/fixed_work_v1/render40/utmm/ego-centric-2/vanilla/curve_evaluation/snapshot_03/images/000370_render.png,81e4f9ee92a5bf7c4f9eb0b8f897ee480e36a6351875c01795492cd9b3d26dd2,/home/intern/gs_floaterLab/results/campaigns/gain_attribution/cvpr_assets/fixed_work_v1/render40/utmm/ego-centric-2/vanilla/curve_evaluation/snapshot_03/images/000370_gt.png,9c46ec13ad7984a9ea658db18e540d493a90e0e061f094d76ee5c5c95bc56308,d4349ee8cc361f31e5439544af0ab59731aa267c6175f1aa12952f0017225e8f
utmm,ego-centric-2,370,1,vanilla,snapshot_04,921,274,1706738239.6848657,1706738261.2568235,21.57195782661438,2133,16.154670536745307,"[216, 27, 432, 136]",/home/intern/gs_floaterLab/results/campaigns/gain_attribution/cvpr_assets/fixed_work_v1/render40/utmm/ego-centric-2/vanilla/curve_evaluation/snapshot_04/images/000370_render.png,b26b375db865acad22ef7aeb34aba76dd88a3aba399829a01cf4171ddd8cd936,/home/intern/gs_floaterLab/results/campaigns/gain_attribution/cvpr_assets/fixed_work_v1/render40/utmm/ego-centric-2/vanilla/curve_evaluation/snapshot_04/images/000370_gt.png,9c46ec13ad7984a9ea658db18e540d493a90e0e061f094d76ee5c5c95bc56308,d4349ee8cc361f31e5439544af0ab59731aa267c6175f1aa12952f0017225e8f
utmm,ego-centric-2,370,1,vanilla,snapshot_05,1189,274,1706738239.6848657,1706738270.1928678,30.508002042770386,2493,14.828892790068009,"[216, 27, 432, 136]",/home/intern/gs_floaterLab/results/campaigns/gain_attribution/cvpr_assets/fixed_work_v1/render40/utmm/ego-centric-2/vanilla/curve_evaluation/snapshot_05/images/000370_render.png,fcff65516537ab4da43659a05deae4c694f92cbd132f2e96ac31a0b4b4c55756,/home/intern/gs_floaterLab/results/campaigns/gain_attribution/cvpr_assets/fixed_work_v1/render40/utmm/ego-centric-2/vanilla/curve_evaluation/snapshot_05/images/000370_gt.png,9c46ec13ad7984a9ea658db18e540d493a90e0e061f094d76ee5c5c95bc56308,d4349ee8cc361f31e5439544af0ab59731aa267c6175f1aa12952f0017225e8f
utmm,ego-centric-2,370,1,vanilla,final,1297,274,1706738239.6848657,1706738273.7899637,34.1050980091095,2560,14.967037234455155,"[216, 27, 432, 136]",/home/intern/gs_floaterLab/results/campaigns/gain_attribution/cvpr_assets/fixed_work_v1/render40/utmm/ego-centric-2/vanilla/curve_evaluation/final/images/000370_render.png,7df977e29d5148ed999d38b016769cdbe6f246d8f668f5ca8233b869275bda42,/home/intern/gs_floaterLab/results/campaigns/gain_attribution/cvpr_assets/fixed_work_v1/render40/utmm/ego-centric-2/vanilla/curve_evaluation/final/images/000370_gt.png,9c46ec13ad7984a9ea658db18e540d493a90e0e061f094d76ee5c5c95bc56308,d4349ee8cc361f31e5439544af0ab59731aa267c6175f1aa12952f0017225e8f
utmm,ego-centric-2,370,1,d3,snapshot_00,277,274,1706738239.6848657,1706738239.7845252,0.09965944290161133,1,9.76330471414893,"[216, 27, 432, 136]",/home/intern/gs_floaterLab/results/campaigns/gain_attribution/cvpr_assets/fixed_work_v1/render40/utmm/ego-centric-2/d3/curve_evaluation/snapshot_00/images/000370_render.png,00417b33338daa1178981783f4017f12d1b8969e9ad71254713eb28604108c3d,/home/intern/gs_floaterLab/results/campaigns/gain_attribution/cvpr_assets/fixed_work_v1/render40/utmm/ego-centric-2/d3/curve_evaluation/snapshot_00/images/000370_gt.png,9c46ec13ad7984a9ea658db18e540d493a90e0e061f094d76ee5c5c95bc56308,c2279fad42a54c66d6354af6d6e459e8fa9db1745f18f7264aee366ece46df95
utmm,ego-centric-2,370,1,d3,snapshot_01,335,274,1706738239.6848657,1706738241.7115076,2.026641845703125,241,11.715476859064243,"[216, 27, 432, 136]",/home/intern/gs_floaterLab/results/campaigns/gain_attribution/cvpr_assets/fixed_work_v1/render40/utmm/ego-centric-2/d3/curve_evaluation/snapshot_01/images/000370_render.png,52defab0bb0e6726f0df0517be56b88686cc7cfbdcb15ecc70cd4ebb53c2c79f,/home/intern/gs_floaterLab/results/campaigns/gain_attribution/cvpr_assets/fixed_work_v1/render40/utmm/ego-centric-2/d3/curve_evaluation/snapshot_01/images/000370_gt.png,9c46ec13ad7984a9ea658db18e540d493a90e0e061f094d76ee5c5c95bc56308,c2279fad42a54c66d6354af6d6e459e8fa9db1745f18f7264aee366ece46df95
utmm,ego-centric-2,370,1,d3,snapshot_02,522,274,1706738239.6848657,1706738247.94658,8.261714220046997,1361,22.17584747669732,"[216, 27, 432, 136]",/home/intern/gs_floaterLab/results/campaigns/gain_attribution/cvpr_assets/fixed_work_v1/render40/utmm/ego-centric-2/d3/curve_evaluation/snapshot_02/images/000370_render.png,e6a67f51aba9a7a042d2ef0e7ef46dae00817cee919dcb13c2a659402a05c88e,/home/intern/gs_floaterLab/results/campaigns/gain_attribution/cvpr_assets/fixed_work_v1/render40/utmm/ego-centric-2/d3/curve_evaluation/snapshot_02/images/000370_gt.png,9c46ec13ad7984a9ea658db18e540d493a90e0e061f094d76ee5c5c95bc56308,c2279fad42a54c66d6354af6d6e459e8fa9db1745f18f7264aee366ece46df95
utmm,ego-centric-2,370,1,d3,snapshot_03,723,274,1706738239.6848657,1706738254.6572795,14.972413778305054,1761,22.287300023174666,"[216, 27, 432, 136]",/home/intern/gs_floaterLab/results/campaigns/gain_attribution/cvpr_assets/fixed_work_v1/render40/utmm/ego-centric-2/d3/curve_evaluation/snapshot_03/images/000370_render.png,5c1d01e4e813bced0ef1bb9da1ba2889495796ff16285c9baa61f95743f06625,/home/intern/gs_floaterLab/results/campaigns/gain_attribution/cvpr_assets/fixed_work_v1/render40/utmm/ego-centric-2/d3/curve_evaluation/snapshot_03/images/000370_gt.png,9c46ec13ad7984a9ea658db18e540d493a90e0e061f094d76ee5c5c95bc56308,c2279fad42a54c66d6354af6d6e459e8fa9db1745f18f7264aee366ece46df95
utmm,ego-centric-2,370,1,d3,snapshot_04,921,274,1706738239.6848657,1706738261.2568235,21.57195782661438,2121,19.800175872352266,"[216, 27, 432, 136]",/home/intern/gs_floaterLab/results/campaigns/gain_attribution/cvpr_assets/fixed_work_v1/render40/utmm/ego-centric-2/d3/curve_evaluation/snapshot_04/images/000370_render.png,2a60e4fa78b35e47e355eea3497e1bc722355cc200e9aff1bfd3e4c99e74d001,/home/intern/gs_floaterLab/results/campaigns/gain_attribution/cvpr_assets/fixed_work_v1/render40/utmm/ego-centric-2/d3/curve_evaluation/snapshot_04/images/000370_gt.png,9c46ec13ad7984a9ea658db18e540d493a90e0e061f094d76ee5c5c95bc56308,c2279fad42a54c66d6354af6d6e459e8fa9db1745f18f7264aee366ece46df95
utmm,ego-centric-2,370,1,d3,snapshot_05,1189,274,1706738239.6848657,1706738270.1928678,30.508002042770386,2481,17.17833463808885,"[216, 27, 432, 136]",/home/intern/gs_floaterLab/results/campaigns/gain_attribution/cvpr_assets/fixed_work_v1/render40/utmm/ego-centric-2/d3/curve_evaluation/snapshot_05/images/000370_render.png,cc29d7dfceb27a4a9d5ed5dcb93314e5eedeab5ac443530ceabf39904d8a40b3,/home/intern/gs_floaterLab/results/campaigns/gain_attribution/cvpr_assets/fixed_work_v1/render40/utmm/ego-centric-2/d3/curve_evaluation/snapshot_05/images/000370_gt.png,9c46ec13ad7984a9ea658db18e540d493a90e0e061f094d76ee5c5c95bc56308,c2279fad42a54c66d6354af6d6e459e8fa9db1745f18f7264aee366ece46df95
utmm,ego-centric-2,370,1,d3,final,1297,274,1706738239.6848657,1706738273.7899637,34.1050980091095,2560,17.060352026563738,"[216, 27, 432, 136]",/home/intern/gs_floaterLab/results/campaigns/gain_attribution/cvpr_assets/fixed_work_v1/render40/utmm/ego-centric-2/d3/curve_evaluation/final/images/000370_render.png,fa79581f09c7397539f73c2f44124335e062a9f26f450205edc31da0f5917f76,/home/intern/gs_floaterLab/results/campaigns/gain_attribution/cvpr_assets/fixed_work_v1/render40/utmm/ego-centric-2/d3/curve_evaluation/final/images/000370_gt.png,9c46ec13ad7984a9ea658db18e540d493a90e0e061f094d76ee5c5c95bc56308,c2279fad42a54c66d6354af6d6e459e8fa9db1745f18f7264aee366ece46df95
utmm,ego-centric-2,740,0,vanilla,snapshot_03,723,706,1706738254.0917747,1706738254.6572795,0.565504789352417,1773,12.676046575439754,"[432, 27, 648, 136]",/home/intern/gs_floaterLab/results/campaigns/gain_attribution/cvpr_assets/fixed_work_v1/render40/utmm/ego-centric-2/vanilla/curve_evaluation/snapshot_03/images/000740_render.png,1667e73c7adbae4c92b3981638286a00a260c13dab84e1ab0dd5ab680ea649ae,/home/intern/gs_floaterLab/results/campaigns/gain_attribution/cvpr_assets/fixed_work_v1/render40/utmm/ego-centric-2/vanilla/curve_evaluation/snapshot_03/images/000740_gt.png,dafa3d60748eb2e1610a64705ddc85b7972192583cb170fbc1b85bf2ccbf30fe,d4349ee8cc361f31e5439544af0ab59731aa267c6175f1aa12952f0017225e8f
utmm,ego-centric-2,740,0,vanilla,snapshot_04,921,706,1706738254.0917747,1706738261.2568235,7.165048837661743,2133,15.479783240026235,"[432, 27, 648, 136]",/home/intern/gs_floaterLab/results/campaigns/gain_attribution/cvpr_assets/fixed_work_v1/render40/utmm/ego-centric-2/vanilla/curve_evaluation/snapshot_04/images/000740_render.png,4c3dc65664e46f5fa1e0378c8b0e620837d38ee79ae863573bb6d75747f123f9,/home/intern/gs_floaterLab/results/campaigns/gain_attribution/cvpr_assets/fixed_work_v1/render40/utmm/ego-centric-2/vanilla/curve_evaluation/snapshot_04/images/000740_gt.png,dafa3d60748eb2e1610a64705ddc85b7972192583cb170fbc1b85bf2ccbf30fe,d4349ee8cc361f31e5439544af0ab59731aa267c6175f1aa12952f0017225e8f
utmm,ego-centric-2,740,0,vanilla,snapshot_05,1189,706,1706738254.0917747,1706738270.1928678,16.10109305381775,2493,15.685431144069028,"[432, 27, 648, 136]",/home/intern/gs_floaterLab/results/campaigns/gain_attribution/cvpr_assets/fixed_work_v1/render40/utmm/ego-centric-2/vanilla/curve_evaluation/snapshot_05/images/000740_render.png,4b5534bad3e91637b188c1837a554bf80a8c276e417e0682f50a43026eb02374,/home/intern/gs_floaterLab/results/campaigns/gain_attribution/cvpr_assets/fixed_work_v1/render40/utmm/ego-centric-2/vanilla/curve_evaluation/snapshot_05/images/000740_gt.png,dafa3d60748eb2e1610a64705ddc85b7972192583cb170fbc1b85bf2ccbf30fe,d4349ee8cc361f31e5439544af0ab59731aa267c6175f1aa12952f0017225e8f
utmm,ego-centric-2,740,0,vanilla,final,1297,706,1706738254.0917747,1706738273.7899637,19.69818902015686,2560,15.737107710371562,"[432, 27, 648, 136]",/home/intern/gs_floaterLab/results/campaigns/gain_attribution/cvpr_assets/fixed_work_v1/render40/utmm/ego-centric-2/vanilla/curve_evaluation/final/images/000740_render.png,da1289ba3fc9275ce0d3e9d45abf5c599460014f58100dafc04c655fa8034697,/home/intern/gs_floaterLab/results/campaigns/gain_attribution/cvpr_assets/fixed_work_v1/render40/utmm/ego-centric-2/vanilla/curve_evaluation/final/images/000740_gt.png,dafa3d60748eb2e1610a64705ddc85b7972192583cb170fbc1b85bf2ccbf30fe,d4349ee8cc361f31e5439544af0ab59731aa267c6175f1aa12952f0017225e8f
utmm,ego-centric-2,740,0,d3,snapshot_03,723,706,1706738254.0917747,1706738254.6572795,0.565504789352417,1761,12.725724529369751,"[432, 27, 648, 136]",/home/intern/gs_floaterLab/results/campaigns/gain_attribution/cvpr_assets/fixed_work_v1/render40/utmm/ego-centric-2/d3/curve_evaluation/snapshot_03/images/000740_render.png,196745539f5aee3bdcc2c6bbc287d4ff79f27b090e957d2441ad95873e889e20,/home/intern/gs_floaterLab/results/campaigns/gain_attribution/cvpr_assets/fixed_work_v1/render40/utmm/ego-centric-2/d3/curve_evaluation/snapshot_03/images/000740_gt.png,dafa3d60748eb2e1610a64705ddc85b7972192583cb170fbc1b85bf2ccbf30fe,c2279fad42a54c66d6354af6d6e459e8fa9db1745f18f7264aee366ece46df95
utmm,ego-centric-2,740,0,d3,snapshot_04,921,706,1706738254.0917747,1706738261.2568235,7.165048837661743,2121,17.18229218367045,"[432, 27, 648, 136]",/home/intern/gs_floaterLab/results/campaigns/gain_attribution/cvpr_assets/fixed_work_v1/render40/utmm/ego-centric-2/d3/curve_evaluation/snapshot_04/images/000740_render.png,80258273668829645fe0d72d1d5a53467e2b9a14397eab3207b0e619e7ce4f7e,/home/intern/gs_floaterLab/results/campaigns/gain_attribution/cvpr_assets/fixed_work_v1/render40/utmm/ego-centric-2/d3/curve_evaluation/snapshot_04/images/000740_gt.png,dafa3d60748eb2e1610a64705ddc85b7972192583cb170fbc1b85bf2ccbf30fe,c2279fad42a54c66d6354af6d6e459e8fa9db1745f18f7264aee366ece46df95
utmm,ego-centric-2,740,0,d3,snapshot_05,1189,706,1706738254.0917747,1706738270.1928678,16.10109305381775,2481,16.911071476390664,"[432, 27, 648, 136]",/home/intern/gs_floaterLab/results/campaigns/gain_attribution/cvpr_assets/fixed_work_v1/render40/utmm/ego-centric-2/d3/curve_evaluation/snapshot_05/images/000740_render.png,49548e43af725fd0914a1a259dbab84b5d36cf2f0c887fa07583cf536fa000cf,/home/intern/gs_floaterLab/results/campaigns/gain_attribution/cvpr_assets/fixed_work_v1/render40/utmm/ego-centric-2/d3/curve_evaluation/snapshot_05/images/000740_gt.png,dafa3d60748eb2e1610a64705ddc85b7972192583cb170fbc1b85bf2ccbf30fe,c2279fad42a54c66d6354af6d6e459e8fa9db1745f18f7264aee366ece46df95
utmm,ego-centric-2,740,0,d3,final,1297,706,1706738254.0917747,1706738273.7899637,19.69818902015686,2560,18.54378725481117,"[432, 27, 648, 136]",/home/intern/gs_floaterLab/results/campaigns/gain_attribution/cvpr_assets/fixed_work_v1/render40/utmm/ego-centric-2/d3/curve_evaluation/final/images/000740_render.png,2959d3bc4a70b1acb55f86c116d341b4ada7db68a1fd657e47a8279b4103b57d,/home/intern/gs_floaterLab/results/campaigns/gain_attribution/cvpr_assets/fixed_work_v1/render40/utmm/ego-centric-2/d3/curve_evaluation/final/images/000740_gt.png,dafa3d60748eb2e1610a64705ddc85b7972192583cb170fbc1b85bf2ccbf30fe,c2279fad42a54c66d6354af6d6e459e8fa9db1745f18f7264aee366ece46df95
utmm,ego-centric-2,1110,0,vanilla,snapshot_03,723,556,1706738249.0832345,1706738254.6572795,5.574044942855835,1773,12.890052750488776,"[324, 0, 540, 109]",/home/intern/gs_floaterLab/results/campaigns/gain_attribution/cvpr_assets/fixed_work_v1/render40/utmm/ego-centric-2/vanilla/curve_evaluation/snapshot_03/images/001110_render.png,08000342098cd16158ff5d92ed2f112a3b904c76d867732639cd4ebfc78e2a72,/home/intern/gs_floaterLab/results/campaigns/gain_attribution/cvpr_assets/fixed_work_v1/render40/utmm/ego-centric-2/vanilla/curve_evaluation/snapshot_03/images/001110_gt.png,e42b7c48d2d29f4c4ad0a1ba805ecb4ba18f069d5eb8054d7804e8e6aaa1a64e,d4349ee8cc361f31e5439544af0ab59731aa267c6175f1aa12952f0017225e8f
utmm,ego-centric-2,1110,0,vanilla,snapshot_04,921,556,1706738249.0832345,1706738261.2568235,12.173588991165161,2133,12.5403607749326,"[324, 0, 540, 109]",/home/intern/gs_floaterLab/results/campaigns/gain_attribution/cvpr_assets/fixed_work_v1/render40/utmm/ego-centric-2/vanilla/curve_evaluation/snapshot_04/images/001110_render.png,4f75161bb2f4dcec12dcf31afb68b1e577ab45ee741a53a20e525a4c4ef7d593,/home/intern/gs_floaterLab/results/campaigns/gain_attribution/cvpr_assets/fixed_work_v1/render40/utmm/ego-centric-2/vanilla/curve_evaluation/snapshot_04/images/001110_gt.png,e42b7c48d2d29f4c4ad0a1ba805ecb4ba18f069d5eb8054d7804e8e6aaa1a64e,d4349ee8cc361f31e5439544af0ab59731aa267c6175f1aa12952f0017225e8f
utmm,ego-centric-2,1110,0,vanilla,snapshot_05,1189,556,1706738249.0832345,1706738270.1928678,21.109633207321167,2493,13.351153234517064,"[324, 0, 540, 109]",/home/intern/gs_floaterLab/results/campaigns/gain_attribution/cvpr_assets/fixed_work_v1/render40/utmm/ego-centric-2/vanilla/curve_evaluation/snapshot_05/images/001110_render.png,82a7a654a0eb9bef12fd8ac39a7699d52ba65f12dc4833ae4dac5b57b6475405,/home/intern/gs_floaterLab/results/campaigns/gain_attribution/cvpr_assets/fixed_work_v1/render40/utmm/ego-centric-2/vanilla/curve_evaluation/snapshot_05/images/001110_gt.png,e42b7c48d2d29f4c4ad0a1ba805ecb4ba18f069d5eb8054d7804e8e6aaa1a64e,d4349ee8cc361f31e5439544af0ab59731aa267c6175f1aa12952f0017225e8f
utmm,ego-centric-2,1110,0,vanilla,final,1297,556,1706738249.0832345,1706738273.7899637,24.70672917366028,2560,14.05992616941268,"[324, 0, 540, 109]",/home/intern/gs_floaterLab/results/campaigns/gain_attribution/cvpr_assets/fixed_work_v1/render40/utmm/ego-centric-2/vanilla/curve_evaluation/final/images/001110_render.png,03e35809966af3ec2028b740c79162b89498d49aeb2f5adf2069172a069a47ce,/home/intern/gs_floaterLab/results/campaigns/gain_attribution/cvpr_assets/fixed_work_v1/render40/utmm/ego-centric-2/vanilla/curve_evaluation/final/images/001110_gt.png,e42b7c48d2d29f4c4ad0a1ba805ecb4ba18f069d5eb8054d7804e8e6aaa1a64e,d4349ee8cc361f31e5439544af0ab59731aa267c6175f1aa12952f0017225e8f
utmm,ego-centric-2,1110,0,d3,snapshot_03,723,556,1706738249.0832345,1706738254.6572795,5.574044942855835,1761,12.447910467011301,"[324, 0, 540, 109]",/home/intern/gs_floaterLab/results/campaigns/gain_attribution/cvpr_assets/fixed_work_v1/render40/utmm/ego-centric-2/d3/curve_evaluation/snapshot_03/images/001110_render.png,2bce7e48f929b1233a47cecca46b9df75a3028c1c978e66c55e73204055fe15b,/home/intern/gs_floaterLab/results/campaigns/gain_attribution/cvpr_assets/fixed_work_v1/render40/utmm/ego-centric-2/d3/curve_evaluation/snapshot_03/images/001110_gt.png,e42b7c48d2d29f4c4ad0a1ba805ecb4ba18f069d5eb8054d7804e8e6aaa1a64e,c2279fad42a54c66d6354af6d6e459e8fa9db1745f18f7264aee366ece46df95
utmm,ego-centric-2,1110,0,d3,snapshot_04,921,556,1706738249.0832345,1706738261.2568235,12.173588991165161,2121,12.320895959331516,"[324, 0, 540, 109]",/home/intern/gs_floaterLab/results/campaigns/gain_attribution/cvpr_assets/fixed_work_v1/render40/utmm/ego-centric-2/d3/curve_evaluation/snapshot_04/images/001110_render.png,d1e013176fe8ffdcb451a6b1b6597988cfc4bcb40f0ad0933576f4cea9df7a5f,/home/intern/gs_floaterLab/results/campaigns/gain_attribution/cvpr_assets/fixed_work_v1/render40/utmm/ego-centric-2/d3/curve_evaluation/snapshot_04/images/001110_gt.png,e42b7c48d2d29f4c4ad0a1ba805ecb4ba18f069d5eb8054d7804e8e6aaa1a64e,c2279fad42a54c66d6354af6d6e459e8fa9db1745f18f7264aee366ece46df95
utmm,ego-centric-2,1110,0,d3,snapshot_05,1189,556,1706738249.0832345,1706738270.1928678,21.109633207321167,2481,13.841078404325877,"[324, 0, 540, 109]",/home/intern/gs_floaterLab/results/campaigns/gain_attribution/cvpr_assets/fixed_work_v1/render40/utmm/ego-centric-2/d3/curve_evaluation/snapshot_05/images/001110_render.png,60fdac19174d114df6e92bece5bb5eb1cc41ab54af67dd4b519e034b133c556f,/home/intern/gs_floaterLab/results/campaigns/gain_attribution/cvpr_assets/fixed_work_v1/render40/utmm/ego-centric-2/d3/curve_evaluation/snapshot_05/images/001110_gt.png,e42b7c48d2d29f4c4ad0a1ba805ecb4ba18f069d5eb8054d7804e8e6aaa1a64e,c2279fad42a54c66d6354af6d6e459e8fa9db1745f18f7264aee366ece46df95
utmm,ego-centric-2,1110,0,d3,final,1297,556,1706738249.0832345,1706738273.7899637,24.70672917366028,2560,15.185579168189458,"[324, 0, 540, 109]",/home/intern/gs_floaterLab/results/campaigns/gain_attribution/cvpr_assets/fixed_work_v1/render40/utmm/ego-centric-2/d3/curve_evaluation/final/images/001110_render.png,a6352a22a478e81af0223cd1a6f175561a13bfdc2eec6089662d98c83541de3a,/home/intern/gs_floaterLab/results/campaigns/gain_attribution/cvpr_assets/fixed_work_v1/render40/utmm/ego-centric-2/d3/curve_evaluation/final/images/001110_gt.png,e42b7c48d2d29f4c4ad0a1ba805ecb4ba18f069d5eb8054d7804e8e6aaa1a64e,c2279fad42a54c66d6354af6d6e459e8fa9db1745f18f7264aee366ece46df95
utmm,ego-centric-2,1110,1,vanilla,snapshot_03,723,552,1706738248.9501536,1706738254.6572795,5.707125902175903,1773,14.456410235483187,"[162, 27, 378, 136]",/home/intern/gs_floaterLab/results/campaigns/gain_attribution/cvpr_assets/fixed_work_v1/render40/utmm/ego-centric-2/vanilla/curve_evaluation/snapshot_03/images/001110_render.png,08000342098cd16158ff5d92ed2f112a3b904c76d867732639cd4ebfc78e2a72,/home/intern/gs_floaterLab/results/campaigns/gain_attribution/cvpr_assets/fixed_work_v1/render40/utmm/ego-centric-2/vanilla/curve_evaluation/snapshot_03/images/001110_gt.png,e42b7c48d2d29f4c4ad0a1ba805ecb4ba18f069d5eb8054d7804e8e6aaa1a64e,d4349ee8cc361f31e5439544af0ab59731aa267c6175f1aa12952f0017225e8f
utmm,ego-centric-2,1110,1,vanilla,snapshot_04,921,552,1706738248.9501536,1706738261.2568235,12.30666995048523,2133,14.031007181080067,"[162, 27, 378, 136]",/home/intern/gs_floaterLab/results/campaigns/gain_attribution/cvpr_assets/fixed_work_v1/render40/utmm/ego-centric-2/vanilla/curve_evaluation/snapshot_04/images/001110_render.png,4f75161bb2f4dcec12dcf31afb68b1e577ab45ee741a53a20e525a4c4ef7d593,/home/intern/gs_floaterLab/results/campaigns/gain_attribution/cvpr_assets/fixed_work_v1/render40/utmm/ego-centric-2/vanilla/curve_evaluation/snapshot_04/images/001110_gt.png,e42b7c48d2d29f4c4ad0a1ba805ecb4ba18f069d5eb8054d7804e8e6aaa1a64e,d4349ee8cc361f31e5439544af0ab59731aa267c6175f1aa12952f0017225e8f
utmm,ego-centric-2,1110,1,vanilla,snapshot_05,1189,552,1706738248.9501536,1706738270.1928678,21.242714166641235,2493,15.16852444734619,"[162, 27, 378, 136]",/home/intern/gs_floaterLab/results/campaigns/gain_attribution/cvpr_assets/fixed_work_v1/render40/utmm/ego-centric-2/vanilla/curve_evaluation/snapshot_05/images/001110_render.png,82a7a654a0eb9bef12fd8ac39a7699d52ba65f12dc4833ae4dac5b57b6475405,/home/intern/gs_floaterLab/results/campaigns/gain_attribution/cvpr_assets/fixed_work_v1/render40/utmm/ego-centric-2/vanilla/curve_evaluation/snapshot_05/images/001110_gt.png,e42b7c48d2d29f4c4ad0a1ba805ecb4ba18f069d5eb8054d7804e8e6aaa1a64e,d4349ee8cc361f31e5439544af0ab59731aa267c6175f1aa12952f0017225e8f
utmm,ego-centric-2,1110,1,vanilla,final,1297,552,1706738248.9501536,1706738273.7899637,24.839810132980347,2560,16.549938705132586,"[162, 27, 378, 136]",/home/intern/gs_floaterLab/results/campaigns/gain_attribution/cvpr_assets/fixed_work_v1/render40/utmm/ego-centric-2/vanilla/curve_evaluation/final/images/001110_render.png,03e35809966af3ec2028b740c79162b89498d49aeb2f5adf2069172a069a47ce,/home/intern/gs_floaterLab/results/campaigns/gain_attribution/cvpr_assets/fixed_work_v1/render40/utmm/ego-centric-2/vanilla/curve_evaluation/final/images/001110_gt.png,e42b7c48d2d29f4c4ad0a1ba805ecb4ba18f069d5eb8054d7804e8e6aaa1a64e,d4349ee8cc361f31e5439544af0ab59731aa267c6175f1aa12952f0017225e8f
utmm,ego-centric-2,1110,1,d3,snapshot_03,723,552,1706738248.9501536,1706738254.6572795,5.707125902175903,1761,13.872772921422278,"[162, 27, 378, 136]",/home/intern/gs_floaterLab/results/campaigns/gain_attribution/cvpr_assets/fixed_work_v1/render40/utmm/ego-centric-2/d3/curve_evaluation/snapshot_03/images/001110_render.png,2bce7e48f929b1233a47cecca46b9df75a3028c1c978e66c55e73204055fe15b,/home/intern/gs_floaterLab/results/campaigns/gain_attribution/cvpr_assets/fixed_work_v1/render40/utmm/ego-centric-2/d3/curve_evaluation/snapshot_03/images/001110_gt.png,e42b7c48d2d29f4c4ad0a1ba805ecb4ba18f069d5eb8054d7804e8e6aaa1a64e,c2279fad42a54c66d6354af6d6e459e8fa9db1745f18f7264aee366ece46df95
utmm,ego-centric-2,1110,1,d3,snapshot_04,921,552,1706738248.9501536,1706738261.2568235,12.30666995048523,2121,13.720834059394246,"[162, 27, 378, 136]",/home/intern/gs_floaterLab/results/campaigns/gain_attribution/cvpr_assets/fixed_work_v1/render40/utmm/ego-centric-2/d3/curve_evaluation/snapshot_04/images/001110_render.png,d1e013176fe8ffdcb451a6b1b6597988cfc4bcb40f0ad0933576f4cea9df7a5f,/home/intern/gs_floaterLab/results/campaigns/gain_attribution/cvpr_assets/fixed_work_v1/render40/utmm/ego-centric-2/d3/curve_evaluation/snapshot_04/images/001110_gt.png,e42b7c48d2d29f4c4ad0a1ba805ecb4ba18f069d5eb8054d7804e8e6aaa1a64e,c2279fad42a54c66d6354af6d6e459e8fa9db1745f18f7264aee366ece46df95
utmm,ego-centric-2,1110,1,d3,snapshot_05,1189,552,1706738248.9501536,1706738270.1928678,21.242714166641235,2481,14.984733399844634,"[162, 27, 378, 136]",/home/intern/gs_floaterLab/results/campaigns/gain_attribution/cvpr_assets/fixed_work_v1/render40/utmm/ego-centric-2/d3/curve_evaluation/snapshot_05/images/001110_render.png,60fdac19174d114df6e92bece5bb5eb1cc41ab54af67dd4b519e034b133c556f,/home/intern/gs_floaterLab/results/campaigns/gain_attribution/cvpr_assets/fixed_work_v1/render40/utmm/ego-centric-2/d3/curve_evaluation/snapshot_05/images/001110_gt.png,e42b7c48d2d29f4c4ad0a1ba805ecb4ba18f069d5eb8054d7804e8e6aaa1a64e,c2279fad42a54c66d6354af6d6e459e8fa9db1745f18f7264aee366ece46df95
utmm,ego-centric-2,1110,1,d3,final,1297,552,1706738248.9501536,1706738273.7899637,24.839810132980347,2560,16.18025388511312,"[162, 27, 378, 136]",/home/intern/gs_floaterLab/results/campaigns/gain_attribution/cvpr_assets/fixed_work_v1/render40/utmm/ego-centric-2/d3/curve_evaluation/final/images/001110_render.png,a6352a22a478e81af0223cd1a6f175561a13bfdc2eec6089662d98c83541de3a,/home/intern/gs_floaterLab/results/campaigns/gain_attribution/cvpr_assets/fixed_work_v1/render40/utmm/ego-centric-2/d3/curve_evaluation/final/images/001110_gt.png,e42b7c48d2d29f4c4ad0a1ba805ecb4ba18f069d5eb8054d7804e8e6aaa1a64e,c2279fad42a54c66d6354af6d6e459e8fa9db1745f18f7264aee366ece46df95
utmm,ego-centric-2,1110,2,vanilla,snapshot_03,723,587,1706738250.1176164,1706738254.6572795,4.539663076400757,1773,14.43059920208999,"[0, 0, 216, 109]",/home/intern/gs_floaterLab/results/campaigns/gain_attribution/cvpr_assets/fixed_work_v1/render40/utmm/ego-centric-2/vanilla/curve_evaluation/snapshot_03/images/001110_render.png,08000342098cd16158ff5d92ed2f112a3b904c76d867732639cd4ebfc78e2a72,/home/intern/gs_floaterLab/results/campaigns/gain_attribution/cvpr_assets/fixed_work_v1/render40/utmm/ego-centric-2/vanilla/curve_evaluation/snapshot_03/images/001110_gt.png,e42b7c48d2d29f4c4ad0a1ba805ecb4ba18f069d5eb8054d7804e8e6aaa1a64e,d4349ee8cc361f31e5439544af0ab59731aa267c6175f1aa12952f0017225e8f
utmm,ego-centric-2,1110,2,vanilla,snapshot_04,921,587,1706738250.1176164,1706738261.2568235,11.139207124710083,2133,14.246166057134694,"[0, 0, 216, 109]",/home/intern/gs_floaterLab/results/campaigns/gain_attribution/cvpr_assets/fixed_work_v1/render40/utmm/ego-centric-2/vanilla/curve_evaluation/snapshot_04/images/001110_render.png,4f75161bb2f4dcec12dcf31afb68b1e577ab45ee741a53a20e525a4c4ef7d593,/home/intern/gs_floaterLab/results/campaigns/gain_attribution/cvpr_assets/fixed_work_v1/render40/utmm/ego-centric-2/vanilla/curve_evaluation/snapshot_04/images/001110_gt.png,e42b7c48d2d29f4c4ad0a1ba805ecb4ba18f069d5eb8054d7804e8e6aaa1a64e,d4349ee8cc361f31e5439544af0ab59731aa267c6175f1aa12952f0017225e8f
utmm,ego-centric-2,1110,2,vanilla,snapshot_05,1189,587,1706738250.1176164,1706738270.1928678,20.07525134086609,2493,14.973065744886613,"[0, 0, 216, 109]",/home/intern/gs_floaterLab/results/campaigns/gain_attribution/cvpr_assets/fixed_work_v1/render40/utmm/ego-centric-2/vanilla/curve_evaluation/snapshot_05/images/001110_render.png,82a7a654a0eb9bef12fd8ac39a7699d52ba65f12dc4833ae4dac5b57b6475405,/home/intern/gs_floaterLab/results/campaigns/gain_attribution/cvpr_assets/fixed_work_v1/render40/utmm/ego-centric-2/vanilla/curve_evaluation/snapshot_05/images/001110_gt.png,e42b7c48d2d29f4c4ad0a1ba805ecb4ba18f069d5eb8054d7804e8e6aaa1a64e,d4349ee8cc361f31e5439544af0ab59731aa267c6175f1aa12952f0017225e8f
utmm,ego-centric-2,1110,2,vanilla,final,1297,587,1706738250.1176164,1706738273.7899637,23.6723473072052,2560,16.27688600282845,"[0, 0, 216, 109]",/home/intern/gs_floaterLab/results/campaigns/gain_attribution/cvpr_assets/fixed_work_v1/render40/utmm/ego-centric-2/vanilla/curve_evaluation/final/images/001110_render.png,03e35809966af3ec2028b740c79162b89498d49aeb2f5adf2069172a069a47ce,/home/intern/gs_floaterLab/results/campaigns/gain_attribution/cvpr_assets/fixed_work_v1/render40/utmm/ego-centric-2/vanilla/curve_evaluation/final/images/001110_gt.png,e42b7c48d2d29f4c4ad0a1ba805ecb4ba18f069d5eb8054d7804e8e6aaa1a64e,d4349ee8cc361f31e5439544af0ab59731aa267c6175f1aa12952f0017225e8f
utmm,ego-centric-2,1110,2,d3,snapshot_03,723,587,1706738250.1176164,1706738254.6572795,4.539663076400757,1761,13.875709089529092,"[0, 0, 216, 109]",/home/intern/gs_floaterLab/results/campaigns/gain_attribution/cvpr_assets/fixed_work_v1/render40/utmm/ego-centric-2/d3/curve_evaluation/snapshot_03/images/001110_render.png,2bce7e48f929b1233a47cecca46b9df75a3028c1c978e66c55e73204055fe15b,/home/intern/gs_floaterLab/results/campaigns/gain_attribution/cvpr_assets/fixed_work_v1/render40/utmm/ego-centric-2/d3/curve_evaluation/snapshot_03/images/001110_gt.png,e42b7c48d2d29f4c4ad0a1ba805ecb4ba18f069d5eb8054d7804e8e6aaa1a64e,c2279fad42a54c66d6354af6d6e459e8fa9db1745f18f7264aee366ece46df95
utmm,ego-centric-2,1110,2,d3,snapshot_04,921,587,1706738250.1176164,1706738261.2568235,11.139207124710083,2121,14.07363068719149,"[0, 0, 216, 109]",/home/intern/gs_floaterLab/results/campaigns/gain_attribution/cvpr_assets/fixed_work_v1/render40/utmm/ego-centric-2/d3/curve_evaluation/snapshot_04/images/001110_render.png,d1e013176fe8ffdcb451a6b1b6597988cfc4bcb40f0ad0933576f4cea9df7a5f,/home/intern/gs_floaterLab/results/campaigns/gain_attribution/cvpr_assets/fixed_work_v1/render40/utmm/ego-centric-2/d3/curve_evaluation/snapshot_04/images/001110_gt.png,e42b7c48d2d29f4c4ad0a1ba805ecb4ba18f069d5eb8054d7804e8e6aaa1a64e,c2279fad42a54c66d6354af6d6e459e8fa9db1745f18f7264aee366ece46df95
utmm,ego-centric-2,1110,2,d3,snapshot_05,1189,587,1706738250.1176164,1706738270.1928678,20.07525134086609,2481,14.90559615452176,"[0, 0, 216, 109]",/home/intern/gs_floaterLab/results/campaigns/gain_attribution/cvpr_assets/fixed_work_v1/render40/utmm/ego-centric-2/d3/curve_evaluation/snapshot_05/images/001110_render.png,60fdac19174d114df6e92bece5bb5eb1cc41ab54af67dd4b519e034b133c556f,/home/intern/gs_floaterLab/results/campaigns/gain_attribution/cvpr_assets/fixed_work_v1/render40/utmm/ego-centric-2/d3/curve_evaluation/snapshot_05/images/001110_gt.png,e42b7c48d2d29f4c4ad0a1ba805ecb4ba18f069d5eb8054d7804e8e6aaa1a64e,c2279fad42a54c66d6354af6d6e459e8fa9db1745f18f7264aee366ece46df95
utmm,ego-centric-2,1110,2,d3,final,1297,587,1706738250.1176164,1706738273.7899637,23.6723473072052,2560,16.07158105845372,"[0, 0, 216, 109]",/home/intern/gs_floaterLab/results/campaigns/gain_attribution/cvpr_assets/fixed_work_v1/render40/utmm/ego-centric-2/d3/curve_evaluation/final/images/001110_render.png,a6352a22a478e81af0223cd1a6f175561a13bfdc2eec6089662d98c83541de3a,/home/intern/gs_floaterLab/results/campaigns/gain_attribution/cvpr_assets/fixed_work_v1/render40/utmm/ego-centric-2/d3/curve_evaluation/final/images/001110_gt.png,e42b7c48d2d29f4c4ad0a1ba805ecb4ba18f069d5eb8054d7804e8e6aaa1a64e,c2279fad42a54c66d6354af6d6e459e8fa9db1745f18f7264aee366ece46df95
utmm,ego-drive,400,0,vanilla,snapshot_01,357,317,1706738445.3785822,1706738446.7146056,1.3360233306884766,2813,11.126751759347435,"[270, 54, 486, 163]",/home/intern/gs_floaterLab/results/campaigns/gain_attribution/cvpr_assets/fixed_work_v1/render40/utmm/ego-drive/vanilla/curve_evaluation/snapshot_01/images/000400_render.png,e7525f465b0f9012932724024e159775c6e9e96d20045f8a32cc92c604fdb9c4,/home/intern/gs_floaterLab/results/campaigns/gain_attribution/cvpr_assets/fixed_work_v1/render40/utmm/ego-drive/vanilla/curve_evaluation/snapshot_01/images/000400_gt.png,3387c4866d6ae1b924ec22e359650686aaf95538ba5d3aa0567bd75c60cc2418,16a9fb7deea572b2d7dce8f5d35c363ddcfc142c59ab27c2fb35891db6032720
utmm,ego-drive,400,0,vanilla,snapshot_02,571,317,1706738445.3785822,1706738453.8371422,8.4585599899292,3293,14.60804843485629,"[270, 54, 486, 163]",/home/intern/gs_floaterLab/results/campaigns/gain_attribution/cvpr_assets/fixed_work_v1/render40/utmm/ego-drive/vanilla/curve_evaluation/snapshot_02/images/000400_render.png,ed8924ad1e57d1094a56fe48504ec975e4f921935d9df86ab249b0fac87bcab2,/home/intern/gs_floaterLab/results/campaigns/gain_attribution/cvpr_assets/fixed_work_v1/render40/utmm/ego-drive/vanilla/curve_evaluation/snapshot_02/images/000400_gt.png,3387c4866d6ae1b924ec22e359650686aaf95538ba5d3aa0567bd75c60cc2418,16a9fb7deea572b2d7dce8f5d35c363ddcfc142c59ab27c2fb35891db6032720
utmm,ego-drive,400,0,vanilla,snapshot_03,785,317,1706738445.3785822,1706738460.9866335,15.608051300048828,3573,16.46861084777877,"[270, 54, 486, 163]",/home/intern/gs_floaterLab/results/campaigns/gain_attribution/cvpr_assets/fixed_work_v1/render40/utmm/ego-drive/vanilla/curve_evaluation/snapshot_03/images/000400_render.png,d3a9a9af3b24979fe6974098cbf3eea5aa32fe73f415e804311721099972ff14,/home/intern/gs_floaterLab/results/campaigns/gain_attribution/cvpr_assets/fixed_work_v1/render40/utmm/ego-drive/vanilla/curve_evaluation/snapshot_03/images/000400_gt.png,3387c4866d6ae1b924ec22e359650686aaf95538ba5d3aa0567bd75c60cc2418,16a9fb7deea572b2d7dce8f5d35c363ddcfc142c59ab27c2fb35891db6032720
utmm,ego-drive,400,0,vanilla,snapshot_04,1044,317,1706738445.3785822,1706738469.6270268,24.24844455718994,4053,11.821230807474105,"[270, 54, 486, 163]",/home/intern/gs_floaterLab/results/campaigns/gain_attribution/cvpr_assets/fixed_work_v1/render40/utmm/ego-drive/vanilla/curve_evaluation/snapshot_04/images/000400_render.png,db9d426dfc96dacd746bacd93ff61fe08b27546c1fa02683fd0ea345798d386a,/home/intern/gs_floaterLab/results/campaigns/gain_attribution/cvpr_assets/fixed_work_v1/render40/utmm/ego-drive/vanilla/curve_evaluation/snapshot_04/images/000400_gt.png,3387c4866d6ae1b924ec22e359650686aaf95538ba5d3aa0567bd75c60cc2418,16a9fb7deea572b2d7dce8f5d35c363ddcfc142c59ab27c2fb35891db6032720
utmm,ego-drive,400,0,vanilla,snapshot_05,1222,317,1706738445.3785822,1706738475.5780826,30.19950032234192,4373,12.594359106339706,"[270, 54, 486, 163]",/home/intern/gs_floaterLab/results/campaigns/gain_attribution/cvpr_assets/fixed_work_v1/render40/utmm/ego-drive/vanilla/curve_evaluation/snapshot_05/images/000400_render.png,f2ca9e2a324a39f16e6717b02f8457fb8f4c7ad3a831586572ce72b789e2f35a,/home/intern/gs_floaterLab/results/campaigns/gain_attribution/cvpr_assets/fixed_work_v1/render40/utmm/ego-drive/vanilla/curve_evaluation/snapshot_05/images/000400_gt.png,3387c4866d6ae1b924ec22e359650686aaf95538ba5d3aa0567bd75c60cc2418,16a9fb7deea572b2d7dce8f5d35c363ddcfc142c59ab27c2fb35891db6032720
utmm,ego-drive,400,0,vanilla,final,1398,317,1706738445.3785822,1706738481.4314454,36.052863121032715,4560,12.978825068969208,"[270, 54, 486, 163]",/home/intern/gs_floaterLab/results/campaigns/gain_attribution/cvpr_assets/fixed_work_v1/render40/utmm/ego-drive/vanilla/curve_evaluation/final/images/000400_render.png,bf3ba20a6414071c9511e916fedaf7df8e96719fa0e22af0190b962ee164f018,/home/intern/gs_floaterLab/results/campaigns/gain_attribution/cvpr_assets/fixed_work_v1/render40/utmm/ego-drive/vanilla/curve_evaluation/final/images/000400_gt.png,3387c4866d6ae1b924ec22e359650686aaf95538ba5d3aa0567bd75c60cc2418,16a9fb7deea572b2d7dce8f5d35c363ddcfc142c59ab27c2fb35891db6032720
utmm,ego-drive,400,0,d3,snapshot_01,357,317,1706738445.3785822,1706738446.7146056,1.3360233306884766,2801,12.785012444592113,"[270, 54, 486, 163]",/home/intern/gs_floaterLab/results/campaigns/gain_attribution/cvpr_assets/fixed_work_v1/render40/utmm/ego-drive/d3/curve_evaluation/snapshot_01/images/000400_render.png,78c251cdc11baa2c716098528aa51095a79aaf09e9d0cab24ec608f6d66ccda0,/home/intern/gs_floaterLab/results/campaigns/gain_attribution/cvpr_assets/fixed_work_v1/render40/utmm/ego-drive/d3/curve_evaluation/snapshot_01/images/000400_gt.png,3387c4866d6ae1b924ec22e359650686aaf95538ba5d3aa0567bd75c60cc2418,47f951f69d53c055ff51fccebd91b956b21e5376bb9bd1519c7315a6df36257f
utmm,ego-drive,400,0,d3,snapshot_02,571,317,1706738445.3785822,1706738453.8371422,8.4585599899292,3281,14.239928061766083,"[270, 54, 486, 163]",/home/intern/gs_floaterLab/results/campaigns/gain_attribution/cvpr_assets/fixed_work_v1/render40/utmm/ego-drive/d3/curve_evaluation/snapshot_02/images/000400_render.png,a14d5119634d4794f3cfff728feeb0fc701ca81728b1d0feb0e72ed00b3b74ba,/home/intern/gs_floaterLab/results/campaigns/gain_attribution/cvpr_assets/fixed_work_v1/render40/utmm/ego-drive/d3/curve_evaluation/snapshot_02/images/000400_gt.png,3387c4866d6ae1b924ec22e359650686aaf95538ba5d3aa0567bd75c60cc2418,47f951f69d53c055ff51fccebd91b956b21e5376bb9bd1519c7315a6df36257f
utmm,ego-drive,400,0,d3,snapshot_03,785,317,1706738445.3785822,1706738460.9866335,15.608051300048828,3561,16.615371971933005,"[270, 54, 486, 163]",/home/intern/gs_floaterLab/results/campaigns/gain_attribution/cvpr_assets/fixed_work_v1/render40/utmm/ego-drive/d3/curve_evaluation/snapshot_03/images/000400_render.png,155d1fce749290476c3620bb4dea0410189bc662991b7a1a77b8fbc719c83a2d,/home/intern/gs_floaterLab/results/campaigns/gain_attribution/cvpr_assets/fixed_work_v1/render40/utmm/ego-drive/d3/curve_evaluation/snapshot_03/images/000400_gt.png,3387c4866d6ae1b924ec22e359650686aaf95538ba5d3aa0567bd75c60cc2418,47f951f69d53c055ff51fccebd91b956b21e5376bb9bd1519c7315a6df36257f
utmm,ego-drive,400,0,d3,snapshot_04,1044,317,1706738445.3785822,1706738469.6270268,24.24844455718994,4041,13.650019874349741,"[270, 54, 486, 163]",/home/intern/gs_floaterLab/results/campaigns/gain_attribution/cvpr_assets/fixed_work_v1/render40/utmm/ego-drive/d3/curve_evaluation/snapshot_04/images/000400_render.png,8e4ba7681bc793211192f2df576580c36154e55b9e18d680c0205cb34cc8f886,/home/intern/gs_floaterLab/results/campaigns/gain_attribution/cvpr_assets/fixed_work_v1/render40/utmm/ego-drive/d3/curve_evaluation/snapshot_04/images/000400_gt.png,3387c4866d6ae1b924ec22e359650686aaf95538ba5d3aa0567bd75c60cc2418,47f951f69d53c055ff51fccebd91b956b21e5376bb9bd1519c7315a6df36257f
utmm,ego-drive,400,0,d3,snapshot_05,1222,317,1706738445.3785822,1706738475.5780826,30.19950032234192,4361,17.33370249705097,"[270, 54, 486, 163]",/home/intern/gs_floaterLab/results/campaigns/gain_attribution/cvpr_assets/fixed_work_v1/render40/utmm/ego-drive/d3/curve_evaluation/snapshot_05/images/000400_render.png,c91c37348295d9f8221fe7e3b3456f342adaefe42aeba0422da157d7212c0f79,/home/intern/gs_floaterLab/results/campaigns/gain_attribution/cvpr_assets/fixed_work_v1/render40/utmm/ego-drive/d3/curve_evaluation/snapshot_05/images/000400_gt.png,3387c4866d6ae1b924ec22e359650686aaf95538ba5d3aa0567bd75c60cc2418,47f951f69d53c055ff51fccebd91b956b21e5376bb9bd1519c7315a6df36257f
utmm,ego-drive,400,0,d3,final,1398,317,1706738445.3785822,1706738481.4314454,36.052863121032715,4560,19.261846656267902,"[270, 54, 486, 163]",/home/intern/gs_floaterLab/results/campaigns/gain_attribution/cvpr_assets/fixed_work_v1/render40/utmm/ego-drive/d3/curve_evaluation/final/images/000400_render.png,fe09cff4f7a75545c67cf8554aaf8cc9033721681b29f743e1ba64aad0efbf83,/home/intern/gs_floaterLab/results/campaigns/gain_attribution/cvpr_assets/fixed_work_v1/render40/utmm/ego-drive/d3/curve_evaluation/final/images/000400_gt.png,3387c4866d6ae1b924ec22e359650686aaf95538ba5d3aa0567bd75c60cc2418,47f951f69d53c055ff51fccebd91b956b21e5376bb9bd1519c7315a6df36257f
utmm,ego-drive,400,1,vanilla,snapshot_01,357,329,1706738445.7789927,1706738446.7146056,0.9356129169464111,2813,11.398320560279753,"[162, 109, 378, 218]",/home/intern/gs_floaterLab/results/campaigns/gain_attribution/cvpr_assets/fixed_work_v1/render40/utmm/ego-drive/vanilla/curve_evaluation/snapshot_01/images/000400_render.png,e7525f465b0f9012932724024e159775c6e9e96d20045f8a32cc92c604fdb9c4,/home/intern/gs_floaterLab/results/campaigns/gain_attribution/cvpr_assets/fixed_work_v1/render40/utmm/ego-drive/vanilla/curve_evaluation/snapshot_01/images/000400_gt.png,3387c4866d6ae1b924ec22e359650686aaf95538ba5d3aa0567bd75c60cc2418,16a9fb7deea572b2d7dce8f5d35c363ddcfc142c59ab27c2fb35891db6032720
utmm,ego-drive,400,1,vanilla,snapshot_02,571,329,1706738445.7789927,1706738453.8371422,8.058149576187134,3293,14.614053681048203,"[162, 109, 378, 218]",/home/intern/gs_floaterLab/results/campaigns/gain_attribution/cvpr_assets/fixed_work_v1/render40/utmm/ego-drive/vanilla/curve_evaluation/snapshot_02/images/000400_render.png,ed8924ad1e57d1094a56fe48504ec975e4f921935d9df86ab249b0fac87bcab2,/home/intern/gs_floaterLab/results/campaigns/gain_attribution/cvpr_assets/fixed_work_v1/render40/utmm/ego-drive/vanilla/curve_evaluation/snapshot_02/images/000400_gt.png,3387c4866d6ae1b924ec22e359650686aaf95538ba5d3aa0567bd75c60cc2418,16a9fb7deea572b2d7dce8f5d35c363ddcfc142c59ab27c2fb35891db6032720
utmm,ego-drive,400,1,vanilla,snapshot_03,785,329,1706738445.7789927,1706738460.9866335,15.207640886306763,3573,16.670749342574698,"[162, 109, 378, 218]",/home/intern/gs_floaterLab/results/campaigns/gain_attribution/cvpr_assets/fixed_work_v1/render40/utmm/ego-drive/vanilla/curve_evaluation/snapshot_03/images/000400_render.png,d3a9a9af3b24979fe6974098cbf3eea5aa32fe73f415e804311721099972ff14,/home/intern/gs_floaterLab/results/campaigns/gain_attribution/cvpr_assets/fixed_work_v1/render40/utmm/ego-drive/vanilla/curve_evaluation/snapshot_03/images/000400_gt.png,3387c4866d6ae1b924ec22e359650686aaf95538ba5d3aa0567bd75c60cc2418,16a9fb7deea572b2d7dce8f5d35c363ddcfc142c59ab27c2fb35891db6032720
utmm,ego-drive,400,1,vanilla,snapshot_04,1044,329,1706738445.7789927,1706738469.6270268,23.848034143447876,4053,11.413215551274345,"[162, 109, 378, 218]",/home/intern/gs_floaterLab/results/campaigns/gain_attribution/cvpr_assets/fixed_work_v1/render40/utmm/ego-drive/vanilla/curve_evaluation/snapshot_04/images/000400_render.png,db9d426dfc96dacd746bacd93ff61fe08b27546c1fa02683fd0ea345798d386a,/home/intern/gs_floaterLab/results/campaigns/gain_attribution/cvpr_assets/fixed_work_v1/render40/utmm/ego-drive/vanilla/curve_evaluation/snapshot_04/images/000400_gt.png,3387c4866d6ae1b924ec22e359650686aaf95538ba5d3aa0567bd75c60cc2418,16a9fb7deea572b2d7dce8f5d35c363ddcfc142c59ab27c2fb35891db6032720
utmm,ego-drive,400,1,vanilla,snapshot_05,1222,329,1706738445.7789927,1706738475.5780826,29.799089908599854,4373,11.564307961424426,"[162, 109, 378, 218]",/home/intern/gs_floaterLab/results/campaigns/gain_attribution/cvpr_assets/fixed_work_v1/render40/utmm/ego-drive/vanilla/curve_evaluation/snapshot_05/images/000400_render.png,f2ca9e2a324a39f16e6717b02f8457fb8f4c7ad3a831586572ce72b789e2f35a,/home/intern/gs_floaterLab/results/campaigns/gain_attribution/cvpr_assets/fixed_work_v1/render40/utmm/ego-drive/vanilla/curve_evaluation/snapshot_05/images/000400_gt.png,3387c4866d6ae1b924ec22e359650686aaf95538ba5d3aa0567bd75c60cc2418,16a9fb7deea572b2d7dce8f5d35c363ddcfc142c59ab27c2fb35891db6032720
utmm,ego-drive,400,1,vanilla,final,1398,329,1706738445.7789927,1706738481.4314454,35.65245270729065,4560,12.719274853420679,"[162, 109, 378, 218]",/home/intern/gs_floaterLab/results/campaigns/gain_attribution/cvpr_assets/fixed_work_v1/render40/utmm/ego-drive/vanilla/curve_evaluation/final/images/000400_render.png,bf3ba20a6414071c9511e916fedaf7df8e96719fa0e22af0190b962ee164f018,/home/intern/gs_floaterLab/results/campaigns/gain_attribution/cvpr_assets/fixed_work_v1/render40/utmm/ego-drive/vanilla/curve_evaluation/final/images/000400_gt.png,3387c4866d6ae1b924ec22e359650686aaf95538ba5d3aa0567bd75c60cc2418,16a9fb7deea572b2d7dce8f5d35c363ddcfc142c59ab27c2fb35891db6032720
utmm,ego-drive,400,1,d3,snapshot_01,357,329,1706738445.7789927,1706738446.7146056,0.9356129169464111,2801,12.753825028604941,"[162, 109, 378, 218]",/home/intern/gs_floaterLab/results/campaigns/gain_attribution/cvpr_assets/fixed_work_v1/render40/utmm/ego-drive/d3/curve_evaluation/snapshot_01/images/000400_render.png,78c251cdc11baa2c716098528aa51095a79aaf09e9d0cab24ec608f6d66ccda0,/home/intern/gs_floaterLab/results/campaigns/gain_attribution/cvpr_assets/fixed_work_v1/render40/utmm/ego-drive/d3/curve_evaluation/snapshot_01/images/000400_gt.png,3387c4866d6ae1b924ec22e359650686aaf95538ba5d3aa0567bd75c60cc2418,47f951f69d53c055ff51fccebd91b956b21e5376bb9bd1519c7315a6df36257f
utmm,ego-drive,400,1,d3,snapshot_02,571,329,1706738445.7789927,1706738453.8371422,8.058149576187134,3281,13.896333181324243,"[162, 109, 378, 218]",/home/intern/gs_floaterLab/results/campaigns/gain_attribution/cvpr_assets/fixed_work_v1/render40/utmm/ego-drive/d3/curve_evaluation/snapshot_02/images/000400_render.png,a14d5119634d4794f3cfff728feeb0fc701ca81728b1d0feb0e72ed00b3b74ba,/home/intern/gs_floaterLab/results/campaigns/gain_attribution/cvpr_assets/fixed_work_v1/render40/utmm/ego-drive/d3/curve_evaluation/snapshot_02/images/000400_gt.png,3387c4866d6ae1b924ec22e359650686aaf95538ba5d3aa0567bd75c60cc2418,47f951f69d53c055ff51fccebd91b956b21e5376bb9bd1519c7315a6df36257f
utmm,ego-drive,400,1,d3,snapshot_03,785,329,1706738445.7789927,1706738460.9866335,15.207640886306763,3561,16.553297700771544,"[162, 109, 378, 218]",/home/intern/gs_floaterLab/results/campaigns/gain_attribution/cvpr_assets/fixed_work_v1/render40/utmm/ego-drive/d3/curve_evaluation/snapshot_03/images/000400_render.png,155d1fce749290476c3620bb4dea0410189bc662991b7a1a77b8fbc719c83a2d,/home/intern/gs_floaterLab/results/campaigns/gain_attribution/cvpr_assets/fixed_work_v1/render40/utmm/ego-drive/d3/curve_evaluation/snapshot_03/images/000400_gt.png,3387c4866d6ae1b924ec22e359650686aaf95538ba5d3aa0567bd75c60cc2418,47f951f69d53c055ff51fccebd91b956b21e5376bb9bd1519c7315a6df36257f
utmm,ego-drive,400,1,d3,snapshot_04,1044,329,1706738445.7789927,1706738469.6270268,23.848034143447876,4041,14.1917575732492,"[162, 109, 378, 218]",/home/intern/gs_floaterLab/results/campaigns/gain_attribution/cvpr_assets/fixed_work_v1/render40/utmm/ego-drive/d3/curve_evaluation/snapshot_04/images/000400_render.png,8e4ba7681bc793211192f2df576580c36154e55b9e18d680c0205cb34cc8f886,/home/intern/gs_floaterLab/results/campaigns/gain_attribution/cvpr_assets/fixed_work_v1/render40/utmm/ego-drive/d3/curve_evaluation/snapshot_04/images/000400_gt.png,3387c4866d6ae1b924ec22e359650686aaf95538ba5d3aa0567bd75c60cc2418,47f951f69d53c055ff51fccebd91b956b21e5376bb9bd1519c7315a6df36257f
utmm,ego-drive,400,1,d3,snapshot_05,1222,329,1706738445.7789927,1706738475.5780826,29.799089908599854,4361,14.995802053977659,"[162, 109, 378, 218]",/home/intern/gs_floaterLab/results/campaigns/gain_attribution/cvpr_assets/fixed_work_v1/render40/utmm/ego-drive/d3/curve_evaluation/snapshot_05/images/000400_render.png,c91c37348295d9f8221fe7e3b3456f342adaefe42aeba0422da157d7212c0f79,/home/intern/gs_floaterLab/results/campaigns/gain_attribution/cvpr_assets/fixed_work_v1/render40/utmm/ego-drive/d3/curve_evaluation/snapshot_05/images/000400_gt.png,3387c4866d6ae1b924ec22e359650686aaf95538ba5d3aa0567bd75c60cc2418,47f951f69d53c055ff51fccebd91b956b21e5376bb9bd1519c7315a6df36257f
utmm,ego-drive,400,1,d3,final,1398,329,1706738445.7789927,1706738481.4314454,35.65245270729065,4560,19.741547568325828,"[162, 109, 378, 218]",/home/intern/gs_floaterLab/results/campaigns/gain_attribution/cvpr_assets/fixed_work_v1/render40/utmm/ego-drive/d3/curve_evaluation/final/images/000400_render.png,fe09cff4f7a75545c67cf8554aaf8cc9033721681b29f743e1ba64aad0efbf83,/home/intern/gs_floaterLab/results/campaigns/gain_attribution/cvpr_assets/fixed_work_v1/render40/utmm/ego-drive/d3/curve_evaluation/final/images/000400_gt.png,3387c4866d6ae1b924ec22e359650686aaf95538ba5d3aa0567bd75c60cc2418,47f951f69d53c055ff51fccebd91b956b21e5376bb9bd1519c7315a6df36257f
utmm,ego-drive,400,2,vanilla,snapshot_01,357,344,1706738446.2800868,1706738446.7146056,0.43451881408691406,2813,12.092993033802045,"[162, 0, 378, 109]",/home/intern/gs_floaterLab/results/campaigns/gain_attribution/cvpr_assets/fixed_work_v1/render40/utmm/ego-drive/vanilla/curve_evaluation/snapshot_01/images/000400_render.png,e7525f465b0f9012932724024e159775c6e9e96d20045f8a32cc92c604fdb9c4,/home/intern/gs_floaterLab/results/campaigns/gain_attribution/cvpr_assets/fixed_work_v1/render40/utmm/ego-drive/vanilla/curve_evaluation/snapshot_01/images/000400_gt.png,3387c4866d6ae1b924ec22e359650686aaf95538ba5d3aa0567bd75c60cc2418,16a9fb7deea572b2d7dce8f5d35c363ddcfc142c59ab27c2fb35891db6032720
utmm,ego-drive,400,2,vanilla,snapshot_02,571,344,1706738446.2800868,1706738453.8371422,7.557055473327637,3293,15.038485974317759,"[162, 0, 378, 109]",/home/intern/gs_floaterLab/results/campaigns/gain_attribution/cvpr_assets/fixed_work_v1/render40/utmm/ego-drive/vanilla/curve_evaluation/snapshot_02/images/000400_render.png,ed8924ad1e57d1094a56fe48504ec975e4f921935d9df86ab249b0fac87bcab2,/home/intern/gs_floaterLab/results/campaigns/gain_attribution/cvpr_assets/fixed_work_v1/render40/utmm/ego-drive/vanilla/curve_evaluation/snapshot_02/images/000400_gt.png,3387c4866d6ae1b924ec22e359650686aaf95538ba5d3aa0567bd75c60cc2418,16a9fb7deea572b2d7dce8f5d35c363ddcfc142c59ab27c2fb35891db6032720
utmm,ego-drive,400,2,vanilla,snapshot_03,785,344,1706738446.2800868,1706738460.9866335,14.706546783447266,3573,16.794601255639698,"[162, 0, 378, 109]",/home/intern/gs_floaterLab/results/campaigns/gain_attribution/cvpr_assets/fixed_work_v1/render40/utmm/ego-drive/vanilla/curve_evaluation/snapshot_03/images/000400_render.png,d3a9a9af3b24979fe6974098cbf3eea5aa32fe73f415e804311721099972ff14,/home/intern/gs_floaterLab/results/campaigns/gain_attribution/cvpr_assets/fixed_work_v1/render40/utmm/ego-drive/vanilla/curve_evaluation/snapshot_03/images/000400_gt.png,3387c4866d6ae1b924ec22e359650686aaf95538ba5d3aa0567bd75c60cc2418,16a9fb7deea572b2d7dce8f5d35c363ddcfc142c59ab27c2fb35891db6032720
utmm,ego-drive,400,2,vanilla,snapshot_04,1044,344,1706738446.2800868,1706738469.6270268,23.34694004058838,4053,12.326043394195409,"[162, 0, 378, 109]",/home/intern/gs_floaterLab/results/campaigns/gain_attribution/cvpr_assets/fixed_work_v1/render40/utmm/ego-drive/vanilla/curve_evaluation/snapshot_04/images/000400_render.png,db9d426dfc96dacd746bacd93ff61fe08b27546c1fa02683fd0ea345798d386a,/home/intern/gs_floaterLab/results/campaigns/gain_attribution/cvpr_assets/fixed_work_v1/render40/utmm/ego-drive/vanilla/curve_evaluation/snapshot_04/images/000400_gt.png,3387c4866d6ae1b924ec22e359650686aaf95538ba5d3aa0567bd75c60cc2418,16a9fb7deea572b2d7dce8f5d35c363ddcfc142c59ab27c2fb35891db6032720
utmm,ego-drive,400,2,vanilla,snapshot_05,1222,344,1706738446.2800868,1706738475.5780826,29.297995805740356,4373,12.03861775176927,"[162, 0, 378, 109]",/home/intern/gs_floaterLab/results/campaigns/gain_attribution/cvpr_assets/fixed_work_v1/render40/utmm/ego-drive/vanilla/curve_evaluation/snapshot_05/images/000400_render.png,f2ca9e2a324a39f16e6717b02f8457fb8f4c7ad3a831586572ce72b789e2f35a,/home/intern/gs_floaterLab/results/campaigns/gain_attribution/cvpr_assets/fixed_work_v1/render40/utmm/ego-drive/vanilla/curve_evaluation/snapshot_05/images/000400_gt.png,3387c4866d6ae1b924ec22e359650686aaf95538ba5d3aa0567bd75c60cc2418,16a9fb7deea572b2d7dce8f5d35c363ddcfc142c59ab27c2fb35891db6032720
utmm,ego-drive,400,2,vanilla,final,1398,344,1706738446.2800868,1706738481.4314454,35.15135860443115,4560,12.35597335206589,"[162, 0, 378, 109]",/home/intern/gs_floaterLab/results/campaigns/gain_attribution/cvpr_assets/fixed_work_v1/render40/utmm/ego-drive/vanilla/curve_evaluation/final/images/000400_render.png,bf3ba20a6414071c9511e916fedaf7df8e96719fa0e22af0190b962ee164f018,/home/intern/gs_floaterLab/results/campaigns/gain_attribution/cvpr_assets/fixed_work_v1/render40/utmm/ego-drive/vanilla/curve_evaluation/final/images/000400_gt.png,3387c4866d6ae1b924ec22e359650686aaf95538ba5d3aa0567bd75c60cc2418,16a9fb7deea572b2d7dce8f5d35c363ddcfc142c59ab27c2fb35891db6032720
utmm,ego-drive,400,2,d3,snapshot_01,357,344,1706738446.2800868,1706738446.7146056,0.43451881408691406,2801,11.148021789953006,"[162, 0, 378, 109]",/home/intern/gs_floaterLab/results/campaigns/gain_attribution/cvpr_assets/fixed_work_v1/render40/utmm/ego-drive/d3/curve_evaluation/snapshot_01/images/000400_render.png,78c251cdc11baa2c716098528aa51095a79aaf09e9d0cab24ec608f6d66ccda0,/home/intern/gs_floaterLab/results/campaigns/gain_attribution/cvpr_assets/fixed_work_v1/render40/utmm/ego-drive/d3/curve_evaluation/snapshot_01/images/000400_gt.png,3387c4866d6ae1b924ec22e359650686aaf95538ba5d3aa0567bd75c60cc2418,47f951f69d53c055ff51fccebd91b956b21e5376bb9bd1519c7315a6df36257f
utmm,ego-drive,400,2,d3,snapshot_02,571,344,1706738446.2800868,1706738453.8371422,7.557055473327637,3281,14.663804340935663,"[162, 0, 378, 109]",/home/intern/gs_floaterLab/results/campaigns/gain_attribution/cvpr_assets/fixed_work_v1/render40/utmm/ego-drive/d3/curve_evaluation/snapshot_02/images/000400_render.png,a14d5119634d4794f3cfff728feeb0fc701ca81728b1d0feb0e72ed00b3b74ba,/home/intern/gs_floaterLab/results/campaigns/gain_attribution/cvpr_assets/fixed_work_v1/render40/utmm/ego-drive/d3/curve_evaluation/snapshot_02/images/000400_gt.png,3387c4866d6ae1b924ec22e359650686aaf95538ba5d3aa0567bd75c60cc2418,47f951f69d53c055ff51fccebd91b956b21e5376bb9bd1519c7315a6df36257f
utmm,ego-drive,400,2,d3,snapshot_03,785,344,1706738446.2800868,1706738460.9866335,14.706546783447266,3561,16.98979417777295,"[162, 0, 378, 109]",/home/intern/gs_floaterLab/results/campaigns/gain_attribution/cvpr_assets/fixed_work_v1/render40/utmm/ego-drive/d3/curve_evaluation/snapshot_03/images/000400_render.png,155d1fce749290476c3620bb4dea0410189bc662991b7a1a77b8fbc719c83a2d,/home/intern/gs_floaterLab/results/campaigns/gain_attribution/cvpr_assets/fixed_work_v1/render40/utmm/ego-drive/d3/curve_evaluation/snapshot_03/images/000400_gt.png,3387c4866d6ae1b924ec22e359650686aaf95538ba5d3aa0567bd75c60cc2418,47f951f69d53c055ff51fccebd91b956b21e5376bb9bd1519c7315a6df36257f
utmm,ego-drive,400,2,d3,snapshot_04,1044,344,1706738446.2800868,1706738469.6270268,23.34694004058838,4041,13.149902243511896,"[162, 0, 378, 109]",/home/intern/gs_floaterLab/results/campaigns/gain_attribution/cvpr_assets/fixed_work_v1/render40/utmm/ego-drive/d3/curve_evaluation/snapshot_04/images/000400_render.png,8e4ba7681bc793211192f2df576580c36154e55b9e18d680c0205cb34cc8f886,/home/intern/gs_floaterLab/results/campaigns/gain_attribution/cvpr_assets/fixed_work_v1/render40/utmm/ego-drive/d3/curve_evaluation/snapshot_04/images/000400_gt.png,3387c4866d6ae1b924ec22e359650686aaf95538ba5d3aa0567bd75c60cc2418,47f951f69d53c055ff51fccebd91b956b21e5376bb9bd1519c7315a6df36257f
utmm,ego-drive,400,2,d3,snapshot_05,1222,344,1706738446.2800868,1706738475.5780826,29.297995805740356,4361,16.06443764515323,"[162, 0, 378, 109]",/home/intern/gs_floaterLab/results/campaigns/gain_attribution/cvpr_assets/fixed_work_v1/render40/utmm/ego-drive/d3/curve_evaluation/snapshot_05/images/000400_render.png,c91c37348295d9f8221fe7e3b3456f342adaefe42aeba0422da157d7212c0f79,/home/intern/gs_floaterLab/results/campaigns/gain_attribution/cvpr_assets/fixed_work_v1/render40/utmm/ego-drive/d3/curve_evaluation/snapshot_05/images/000400_gt.png,3387c4866d6ae1b924ec22e359650686aaf95538ba5d3aa0567bd75c60cc2418,47f951f69d53c055ff51fccebd91b956b21e5376bb9bd1519c7315a6df36257f
utmm,ego-drive,400,2,d3,final,1398,344,1706738446.2800868,1706738481.4314454,35.15135860443115,4560,19.554191448169178,"[162, 0, 378, 109]",/home/intern/gs_floaterLab/results/campaigns/gain_attribution/cvpr_assets/fixed_work_v1/render40/utmm/ego-drive/d3/curve_evaluation/final/images/000400_render.png,fe09cff4f7a75545c67cf8554aaf8cc9033721681b29f743e1ba64aad0efbf83,/home/intern/gs_floaterLab/results/campaigns/gain_attribution/cvpr_assets/fixed_work_v1/render40/utmm/ego-drive/d3/curve_evaluation/final/images/000400_gt.png,3387c4866d6ae1b924ec22e359650686aaf95538ba5d3aa0567bd75c60cc2418,47f951f69d53c055ff51fccebd91b956b21e5376bb9bd1519c7315a6df36257f
utmm,ego-drive,800,0,vanilla,snapshot_03,785,621,1706738455.5015433,1706738460.9866335,5.485090255737305,3573,11.45384587954982,"[270, 109, 486, 218]",/home/intern/gs_floaterLab/results/campaigns/gain_attribution/cvpr_assets/fixed_work_v1/render40/utmm/ego-drive/vanilla/curve_evaluation/snapshot_03/images/000800_render.png,cd2396761e43410ca9a8cc4b7bf8537e186177007682f3f020849ceb700d24f1,/home/intern/gs_floaterLab/results/campaigns/gain_attribution/cvpr_assets/fixed_work_v1/render40/utmm/ego-drive/vanilla/curve_evaluation/snapshot_03/images/000800_gt.png,719d34cf3b06add65d3c5dd93f27739286f9d043a24c45b239f00a39bff3c8bb,16a9fb7deea572b2d7dce8f5d35c363ddcfc142c59ab27c2fb35891db6032720
utmm,ego-drive,800,0,vanilla,snapshot_04,1044,621,1706738455.5015433,1706738469.6270268,14.125483512878418,4053,13.381190854143155,"[270, 109, 486, 218]",/home/intern/gs_floaterLab/results/campaigns/gain_attribution/cvpr_assets/fixed_work_v1/render40/utmm/ego-drive/vanilla/curve_evaluation/snapshot_04/images/000800_render.png,5e333d7399d2b5649ea98145e5106393310cf10ec621d7883faf09c05fdf5b4a,/home/intern/gs_floaterLab/results/campaigns/gain_attribution/cvpr_assets/fixed_work_v1/render40/utmm/ego-drive/vanilla/curve_evaluation/snapshot_04/images/000800_gt.png,719d34cf3b06add65d3c5dd93f27739286f9d043a24c45b239f00a39bff3c8bb,16a9fb7deea572b2d7dce8f5d35c363ddcfc142c59ab27c2fb35891db6032720
utmm,ego-drive,800,0,vanilla,snapshot_05,1222,621,1706738455.5015433,1706738475.5780826,20.076539278030396,4373,16.260791118826493,"[270, 109, 486, 218]",/home/intern/gs_floaterLab/results/campaigns/gain_attribution/cvpr_assets/fixed_work_v1/render40/utmm/ego-drive/vanilla/curve_evaluation/snapshot_05/images/000800_render.png,a0cc8ebcfdbd3ba97e81c60e6d10ba1d714c757cee220b1b4d825f18cd86ecf1,/home/intern/gs_floaterLab/results/campaigns/gain_attribution/cvpr_assets/fixed_work_v1/render40/utmm/ego-drive/vanilla/curve_evaluation/snapshot_05/images/000800_gt.png,719d34cf3b06add65d3c5dd93f27739286f9d043a24c45b239f00a39bff3c8bb,16a9fb7deea572b2d7dce8f5d35c363ddcfc142c59ab27c2fb35891db6032720
utmm,ego-drive,800,0,vanilla,final,1398,621,1706738455.5015433,1706738481.4314454,25.92990207672119,4560,16.755696698000303,"[270, 109, 486, 218]",/home/intern/gs_floaterLab/results/campaigns/gain_attribution/cvpr_assets/fixed_work_v1/render40/utmm/ego-drive/vanilla/curve_evaluation/final/images/000800_render.png,606cbbaecfd501b01860f79c3b2734c6e65004d4861f1bd7f633239c2ebb30b9,/home/intern/gs_floaterLab/results/campaigns/gain_attribution/cvpr_assets/fixed_work_v1/render40/utmm/ego-drive/vanilla/curve_evaluation/final/images/000800_gt.png,719d34cf3b06add65d3c5dd93f27739286f9d043a24c45b239f00a39bff3c8bb,16a9fb7deea572b2d7dce8f5d35c363ddcfc142c59ab27c2fb35891db6032720
utmm,ego-drive,800,0,d3,snapshot_03,785,621,1706738455.5015433,1706738460.9866335,5.485090255737305,3561,11.308631948154558,"[270, 109, 486, 218]",/home/intern/gs_floaterLab/results/campaigns/gain_attribution/cvpr_assets/fixed_work_v1/render40/utmm/ego-drive/d3/curve_evaluation/snapshot_03/images/000800_render.png,22a6667801db799cd633b6d5eba65e2fb5a70bccf71f0a30d2bcda7b4694f624,/home/intern/gs_floaterLab/results/campaigns/gain_attribution/cvpr_assets/fixed_work_v1/render40/utmm/ego-drive/d3/curve_evaluation/snapshot_03/images/000800_gt.png,719d34cf3b06add65d3c5dd93f27739286f9d043a24c45b239f00a39bff3c8bb,47f951f69d53c055ff51fccebd91b956b21e5376bb9bd1519c7315a6df36257f
utmm,ego-drive,800,0,d3,snapshot_04,1044,621,1706738455.5015433,1706738469.6270268,14.125483512878418,4041,13.897560784519493,"[270, 109, 486, 218]",/home/intern/gs_floaterLab/results/campaigns/gain_attribution/cvpr_assets/fixed_work_v1/render40/utmm/ego-drive/d3/curve_evaluation/snapshot_04/images/000800_render.png,5da9f41e584a1fb8e8ee468837fe266a322c7691cb788bd5a9d9681a4f8c4c15,/home/intern/gs_floaterLab/results/campaigns/gain_attribution/cvpr_assets/fixed_work_v1/render40/utmm/ego-drive/d3/curve_evaluation/snapshot_04/images/000800_gt.png,719d34cf3b06add65d3c5dd93f27739286f9d043a24c45b239f00a39bff3c8bb,47f951f69d53c055ff51fccebd91b956b21e5376bb9bd1519c7315a6df36257f
utmm,ego-drive,800,0,d3,snapshot_05,1222,621,1706738455.5015433,1706738475.5780826,20.076539278030396,4361,21.149186653148703,"[270, 109, 486, 218]",/home/intern/gs_floaterLab/results/campaigns/gain_attribution/cvpr_assets/fixed_work_v1/render40/utmm/ego-drive/d3/curve_evaluation/snapshot_05/images/000800_render.png,f9a4baeb19b657932768bc89a86b1d1d118f80b02ec0085a91117d0a3e29b226,/home/intern/gs_floaterLab/results/campaigns/gain_attribution/cvpr_assets/fixed_work_v1/render40/utmm/ego-drive/d3/curve_evaluation/snapshot_05/images/000800_gt.png,719d34cf3b06add65d3c5dd93f27739286f9d043a24c45b239f00a39bff3c8bb,47f951f69d53c055ff51fccebd91b956b21e5376bb9bd1519c7315a6df36257f
utmm,ego-drive,800,0,d3,final,1398,621,1706738455.5015433,1706738481.4314454,25.92990207672119,4560,20.317667276050948,"[270, 109, 486, 218]",/home/intern/gs_floaterLab/results/campaigns/gain_attribution/cvpr_assets/fixed_work_v1/render40/utmm/ego-drive/d3/curve_evaluation/final/images/000800_render.png,313f17efc130b5b58a7e398e808a771603e7751eb4944c8a771f5516160a47cb,/home/intern/gs_floaterLab/results/campaigns/gain_attribution/cvpr_assets/fixed_work_v1/render40/utmm/ego-drive/d3/curve_evaluation/final/images/000800_gt.png,719d34cf3b06add65d3c5dd93f27739286f9d043a24c45b239f00a39bff3c8bb,47f951f69d53c055ff51fccebd91b956b21e5376bb9bd1519c7315a6df36257f
utmm,ego-drive,800,1,vanilla,snapshot_03,785,732,1706738459.2153633,1706738460.9866335,1.7712702751159668,3573,10.273707259352001,"[432, 82, 648, 191]",/home/intern/gs_floaterLab/results/campaigns/gain_attribution/cvpr_assets/fixed_work_v1/render40/utmm/ego-drive/vanilla/curve_evaluation/snapshot_03/images/000800_render.png,cd2396761e43410ca9a8cc4b7bf8537e186177007682f3f020849ceb700d24f1,/home/intern/gs_floaterLab/results/campaigns/gain_attribution/cvpr_assets/fixed_work_v1/render40/utmm/ego-drive/vanilla/curve_evaluation/snapshot_03/images/000800_gt.png,719d34cf3b06add65d3c5dd93f27739286f9d043a24c45b239f00a39bff3c8bb,16a9fb7deea572b2d7dce8f5d35c363ddcfc142c59ab27c2fb35891db6032720
utmm,ego-drive,800,1,vanilla,snapshot_04,1044,732,1706738459.2153633,1706738469.6270268,10.41166353225708,4053,13.18059643701282,"[432, 82, 648, 191]",/home/intern/gs_floaterLab/results/campaigns/gain_attribution/cvpr_assets/fixed_work_v1/render40/utmm/ego-drive/vanilla/curve_evaluation/snapshot_04/images/000800_render.png,5e333d7399d2b5649ea98145e5106393310cf10ec621d7883faf09c05fdf5b4a,/home/intern/gs_floaterLab/results/campaigns/gain_attribution/cvpr_assets/fixed_work_v1/render40/utmm/ego-drive/vanilla/curve_evaluation/snapshot_04/images/000800_gt.png,719d34cf3b06add65d3c5dd93f27739286f9d043a24c45b239f00a39bff3c8bb,16a9fb7deea572b2d7dce8f5d35c363ddcfc142c59ab27c2fb35891db6032720
utmm,ego-drive,800,1,vanilla,snapshot_05,1222,732,1706738459.2153633,1706738475.5780826,16.362719297409058,4373,15.683603221641604,"[432, 82, 648, 191]",/home/intern/gs_floaterLab/results/campaigns/gain_attribution/cvpr_assets/fixed_work_v1/render40/utmm/ego-drive/vanilla/curve_evaluation/snapshot_05/images/000800_render.png,a0cc8ebcfdbd3ba97e81c60e6d10ba1d714c757cee220b1b4d825f18cd86ecf1,/home/intern/gs_floaterLab/results/campaigns/gain_attribution/cvpr_assets/fixed_work_v1/render40/utmm/ego-drive/vanilla/curve_evaluation/snapshot_05/images/000800_gt.png,719d34cf3b06add65d3c5dd93f27739286f9d043a24c45b239f00a39bff3c8bb,16a9fb7deea572b2d7dce8f5d35c363ddcfc142c59ab27c2fb35891db6032720
utmm,ego-drive,800,1,vanilla,final,1398,732,1706738459.2153633,1706738481.4314454,22.216082096099854,4560,16.343131590777958,"[432, 82, 648, 191]",/home/intern/gs_floaterLab/results/campaigns/gain_attribution/cvpr_assets/fixed_work_v1/render40/utmm/ego-drive/vanilla/curve_evaluation/final/images/000800_render.png,606cbbaecfd501b01860f79c3b2734c6e65004d4861f1bd7f633239c2ebb30b9,/home/intern/gs_floaterLab/results/campaigns/gain_attribution/cvpr_assets/fixed_work_v1/render40/utmm/ego-drive/vanilla/curve_evaluation/final/images/000800_gt.png,719d34cf3b06add65d3c5dd93f27739286f9d043a24c45b239f00a39bff3c8bb,16a9fb7deea572b2d7dce8f5d35c363ddcfc142c59ab27c2fb35891db6032720
utmm,ego-drive,800,1,d3,snapshot_03,785,732,1706738459.2153633,1706738460.9866335,1.7712702751159668,3561,10.144266889858994,"[432, 82, 648, 191]",/home/intern/gs_floaterLab/results/campaigns/gain_attribution/cvpr_assets/fixed_work_v1/render40/utmm/ego-drive/d3/curve_evaluation/snapshot_03/images/000800_render.png,22a6667801db799cd633b6d5eba65e2fb5a70bccf71f0a30d2bcda7b4694f624,/home/intern/gs_floaterLab/results/campaigns/gain_attribution/cvpr_assets/fixed_work_v1/render40/utmm/ego-drive/d3/curve_evaluation/snapshot_03/images/000800_gt.png,719d34cf3b06add65d3c5dd93f27739286f9d043a24c45b239f00a39bff3c8bb,47f951f69d53c055ff51fccebd91b956b21e5376bb9bd1519c7315a6df36257f
utmm,ego-drive,800,1,d3,snapshot_04,1044,732,1706738459.2153633,1706738469.6270268,10.41166353225708,4041,14.431692463199015,"[432, 82, 648, 191]",/home/intern/gs_floaterLab/results/campaigns/gain_attribution/cvpr_assets/fixed_work_v1/render40/utmm/ego-drive/d3/curve_evaluation/snapshot_04/images/000800_render.png,5da9f41e584a1fb8e8ee468837fe266a322c7691cb788bd5a9d9681a4f8c4c15,/home/intern/gs_floaterLab/results/campaigns/gain_attribution/cvpr_assets/fixed_work_v1/render40/utmm/ego-drive/d3/curve_evaluation/snapshot_04/images/000800_gt.png,719d34cf3b06add65d3c5dd93f27739286f9d043a24c45b239f00a39bff3c8bb,47f951f69d53c055ff51fccebd91b956b21e5376bb9bd1519c7315a6df36257f
utmm,ego-drive,800,1,d3,snapshot_05,1222,732,1706738459.2153633,1706738475.5780826,16.362719297409058,4361,21.753753954406196,"[432, 82, 648, 191]",/home/intern/gs_floaterLab/results/campaigns/gain_attribution/cvpr_assets/fixed_work_v1/render40/utmm/ego-drive/d3/curve_evaluation/snapshot_05/images/000800_render.png,f9a4baeb19b657932768bc89a86b1d1d118f80b02ec0085a91117d0a3e29b226,/home/intern/gs_floaterLab/results/campaigns/gain_attribution/cvpr_assets/fixed_work_v1/render40/utmm/ego-drive/d3/curve_evaluation/snapshot_05/images/000800_gt.png,719d34cf3b06add65d3c5dd93f27739286f9d043a24c45b239f00a39bff3c8bb,47f951f69d53c055ff51fccebd91b956b21e5376bb9bd1519c7315a6df36257f
utmm,ego-drive,800,1,d3,final,1398,732,1706738459.2153633,1706738481.4314454,22.216082096099854,4560,21.076481064980335,"[432, 82, 648, 191]",/home/intern/gs_floaterLab/results/campaigns/gain_attribution/cvpr_assets/fixed_work_v1/render40/utmm/ego-drive/d3/curve_evaluation/final/images/000800_render.png,313f17efc130b5b58a7e398e808a771603e7751eb4944c8a771f5516160a47cb,/home/intern/gs_floaterLab/results/campaigns/gain_attribution/cvpr_assets/fixed_work_v1/render40/utmm/ego-drive/d3/curve_evaluation/final/images/000800_gt.png,719d34cf3b06add65d3c5dd93f27739286f9d043a24c45b239f00a39bff3c8bb,47f951f69d53c055ff51fccebd91b956b21e5376bb9bd1519c7315a6df36257f
utmm,ego-drive,800,2,vanilla,snapshot_03,785,702,1706738458.2167356,1706738460.9866335,2.769897937774658,3573,9.510230509046874,"[432, 0, 648, 109]",/home/intern/gs_floaterLab/results/campaigns/gain_attribution/cvpr_assets/fixed_work_v1/render40/utmm/ego-drive/vanilla/curve_evaluation/snapshot_03/images/000800_render.png,cd2396761e43410ca9a8cc4b7bf8537e186177007682f3f020849ceb700d24f1,/home/intern/gs_floaterLab/results/campaigns/gain_attribution/cvpr_assets/fixed_work_v1/render40/utmm/ego-drive/vanilla/curve_evaluation/snapshot_03/images/000800_gt.png,719d34cf3b06add65d3c5dd93f27739286f9d043a24c45b239f00a39bff3c8bb,16a9fb7deea572b2d7dce8f5d35c363ddcfc142c59ab27c2fb35891db6032720
utmm,ego-drive,800,2,vanilla,snapshot_04,1044,702,1706738458.2167356,1706738469.6270268,11.410291194915771,4053,12.564794777416967,"[432, 0, 648, 109]",/home/intern/gs_floaterLab/results/campaigns/gain_attribution/cvpr_assets/fixed_work_v1/render40/utmm/ego-drive/vanilla/curve_evaluation/snapshot_04/images/000800_render.png,5e333d7399d2b5649ea98145e5106393310cf10ec621d7883faf09c05fdf5b4a,/home/intern/gs_floaterLab/results/campaigns/gain_attribution/cvpr_assets/fixed_work_v1/render40/utmm/ego-drive/vanilla/curve_evaluation/snapshot_04/images/000800_gt.png,719d34cf3b06add65d3c5dd93f27739286f9d043a24c45b239f00a39bff3c8bb,16a9fb7deea572b2d7dce8f5d35c363ddcfc142c59ab27c2fb35891db6032720
utmm,ego-drive,800,2,vanilla,snapshot_05,1222,702,1706738458.2167356,1706738475.5780826,17.36134696006775,4373,14.254597149771364,"[432, 0, 648, 109]",/home/intern/gs_floaterLab/results/campaigns/gain_attribution/cvpr_assets/fixed_work_v1/render40/utmm/ego-drive/vanilla/curve_evaluation/snapshot_05/images/000800_render.png,a0cc8ebcfdbd3ba97e81c60e6d10ba1d714c757cee220b1b4d825f18cd86ecf1,/home/intern/gs_floaterLab/results/campaigns/gain_attribution/cvpr_assets/fixed_work_v1/render40/utmm/ego-drive/vanilla/curve_evaluation/snapshot_05/images/000800_gt.png,719d34cf3b06add65d3c5dd93f27739286f9d043a24c45b239f00a39bff3c8bb,16a9fb7deea572b2d7dce8f5d35c363ddcfc142c59ab27c2fb35891db6032720
utmm,ego-drive,800,2,vanilla,final,1398,702,1706738458.2167356,1706738481.4314454,23.214709758758545,4560,15.060796023056684,"[432, 0, 648, 109]",/home/intern/gs_floaterLab/results/campaigns/gain_attribution/cvpr_assets/fixed_work_v1/render40/utmm/ego-drive/vanilla/curve_evaluation/final/images/000800_render.png,606cbbaecfd501b01860f79c3b2734c6e65004d4861f1bd7f633239c2ebb30b9,/home/intern/gs_floaterLab/results/campaigns/gain_attribution/cvpr_assets/fixed_work_v1/render40/utmm/ego-drive/vanilla/curve_evaluation/final/images/000800_gt.png,719d34cf3b06add65d3c5dd93f27739286f9d043a24c45b239f00a39bff3c8bb,16a9fb7deea572b2d7dce8f5d35c363ddcfc142c59ab27c2fb35891db6032720
utmm,ego-drive,800,2,d3,snapshot_03,785,702,1706738458.2167356,1706738460.9866335,2.769897937774658,3561,9.45615666209709,"[432, 0, 648, 109]",/home/intern/gs_floaterLab/results/campaigns/gain_attribution/cvpr_assets/fixed_work_v1/render40/utmm/ego-drive/d3/curve_evaluation/snapshot_03/images/000800_render.png,22a6667801db799cd633b6d5eba65e2fb5a70bccf71f0a30d2bcda7b4694f624,/home/intern/gs_floaterLab/results/campaigns/gain_attribution/cvpr_assets/fixed_work_v1/render40/utmm/ego-drive/d3/curve_evaluation/snapshot_03/images/000800_gt.png,719d34cf3b06add65d3c5dd93f27739286f9d043a24c45b239f00a39bff3c8bb,47f951f69d53c055ff51fccebd91b956b21e5376bb9bd1519c7315a6df36257f
utmm,ego-drive,800,2,d3,snapshot_04,1044,702,1706738458.2167356,1706738469.6270268,11.410291194915771,4041,13.972823508723566,"[432, 0, 648, 109]",/home/intern/gs_floaterLab/results/campaigns/gain_attribution/cvpr_assets/fixed_work_v1/render40/utmm/ego-drive/d3/curve_evaluation/snapshot_04/images/000800_render.png,5da9f41e584a1fb8e8ee468837fe266a322c7691cb788bd5a9d9681a4f8c4c15,/home/intern/gs_floaterLab/results/campaigns/gain_attribution/cvpr_assets/fixed_work_v1/render40/utmm/ego-drive/d3/curve_evaluation/snapshot_04/images/000800_gt.png,719d34cf3b06add65d3c5dd93f27739286f9d043a24c45b239f00a39bff3c8bb,47f951f69d53c055ff51fccebd91b956b21e5376bb9bd1519c7315a6df36257f
utmm,ego-drive,800,2,d3,snapshot_05,1222,702,1706738458.2167356,1706738475.5780826,17.36134696006775,4361,21.039340878947506,"[432, 0, 648, 109]",/home/intern/gs_floaterLab/results/campaigns/gain_attribution/cvpr_assets/fixed_work_v1/render40/utmm/ego-drive/d3/curve_evaluation/snapshot_05/images/000800_render.png,f9a4baeb19b657932768bc89a86b1d1d118f80b02ec0085a91117d0a3e29b226,/home/intern/gs_floaterLab/results/campaigns/gain_attribution/cvpr_assets/fixed_work_v1/render40/utmm/ego-drive/d3/curve_evaluation/snapshot_05/images/000800_gt.png,719d34cf3b06add65d3c5dd93f27739286f9d043a24c45b239f00a39bff3c8bb,47f951f69d53c055ff51fccebd91b956b21e5376bb9bd1519c7315a6df36257f
utmm,ego-drive,800,2,d3,final,1398,702,1706738458.2167356,1706738481.4314454,23.214709758758545,4560,19.783501362567602,"[432, 0, 648, 109]",/home/intern/gs_floaterLab/results/campaigns/gain_attribution/cvpr_assets/fixed_work_v1/render40/utmm/ego-drive/d3/curve_evaluation/final/images/000800_render.png,313f17efc130b5b58a7e398e808a771603e7751eb4944c8a771f5516160a47cb,/home/intern/gs_floaterLab/results/campaigns/gain_attribution/cvpr_assets/fixed_work_v1/render40/utmm/ego-drive/d3/curve_evaluation/final/images/000800_gt.png,719d34cf3b06add65d3c5dd93f27739286f9d043a24c45b239f00a39bff3c8bb,47f951f69d53c055ff51fccebd91b956b21e5376bb9bd1519c7315a6df36257f
utmm,ego-drive,1200,0,vanilla,snapshot_05,1222,1109,1706738471.798755,1706738475.5780826,3.779327630996704,4373,14.202133113179167,"[216, 82, 432, 191]",/home/intern/gs_floaterLab/results/campaigns/gain_attribution/cvpr_assets/fixed_work_v1/render40/utmm/ego-drive/vanilla/curve_evaluation/snapshot_05/images/001200_render.png,842be219c393f4f038a8f480e4703f3e32e5a26793faf5b28631cf15067ae06a,/home/intern/gs_floaterLab/results/campaigns/gain_attribution/cvpr_assets/fixed_work_v1/render40/utmm/ego-drive/vanilla/curve_evaluation/snapshot_05/images/001200_gt.png,31efcf80bdcbf8aca1222f49951cc506e885bb40ab802ff21b07ebd12ee0f745,16a9fb7deea572b2d7dce8f5d35c363ddcfc142c59ab27c2fb35891db6032720
utmm,ego-drive,1200,0,vanilla,final,1398,1109,1706738471.798755,1706738481.4314454,9.6326904296875,4560,16.383284400454624,"[216, 82, 432, 191]",/home/intern/gs_floaterLab/results/campaigns/gain_attribution/cvpr_assets/fixed_work_v1/render40/utmm/ego-drive/vanilla/curve_evaluation/final/images/001200_render.png,55f6e7c5d813a4af056cad277fa15217b44f2a0351235586640cf7876fe29021,/home/intern/gs_floaterLab/results/campaigns/gain_attribution/cvpr_assets/fixed_work_v1/render40/utmm/ego-drive/vanilla/curve_evaluation/final/images/001200_gt.png,31efcf80bdcbf8aca1222f49951cc506e885bb40ab802ff21b07ebd12ee0f745,16a9fb7deea572b2d7dce8f5d35c363ddcfc142c59ab27c2fb35891db6032720
utmm,ego-drive,1200,0,d3,snapshot_05,1222,1109,1706738471.798755,1706738475.5780826,3.779327630996704,4361,15.199484637233272,"[216, 82, 432, 191]",/home/intern/gs_floaterLab/results/campaigns/gain_attribution/cvpr_assets/fixed_work_v1/render40/utmm/ego-drive/d3/curve_evaluation/snapshot_05/images/001200_render.png,3dc776b6c063b322fed9901e2d79b8aa8d2918532d0415bdad144f2f784f730a,/home/intern/gs_floaterLab/results/campaigns/gain_attribution/cvpr_assets/fixed_work_v1/render40/utmm/ego-drive/d3/curve_evaluation/snapshot_05/images/001200_gt.png,31efcf80bdcbf8aca1222f49951cc506e885bb40ab802ff21b07ebd12ee0f745,47f951f69d53c055ff51fccebd91b956b21e5376bb9bd1519c7315a6df36257f
utmm,ego-drive,1200,0,d3,final,1398,1109,1706738471.798755,1706738481.4314454,9.6326904296875,4560,18.356908357373733,"[216, 82, 432, 191]",/home/intern/gs_floaterLab/results/campaigns/gain_attribution/cvpr_assets/fixed_work_v1/render40/utmm/ego-drive/d3/curve_evaluation/final/images/001200_render.png,1f77bb8ed8b35deca2ba25c0791771370a8d0436fdcc4fcbeb841adde4f343b6,/home/intern/gs_floaterLab/results/campaigns/gain_attribution/cvpr_assets/fixed_work_v1/render40/utmm/ego-drive/d3/curve_evaluation/final/images/001200_gt.png,31efcf80bdcbf8aca1222f49951cc506e885bb40ab802ff21b07ebd12ee0f745,47f951f69d53c055ff51fccebd91b956b21e5376bb9bd1519c7315a6df36257f
utmm,ego-drive,1200,1,vanilla,snapshot_05,1222,1066,1706738470.3603096,1706738475.5780826,5.217772960662842,4373,13.257599281104632,"[54, 109, 270, 218]",/home/intern/gs_floaterLab/results/campaigns/gain_attribution/cvpr_assets/fixed_work_v1/render40/utmm/ego-drive/vanilla/curve_evaluation/snapshot_05/images/001200_render.png,842be219c393f4f038a8f480e4703f3e32e5a26793faf5b28631cf15067ae06a,/home/intern/gs_floaterLab/results/campaigns/gain_attribution/cvpr_assets/fixed_work_v1/render40/utmm/ego-drive/vanilla/curve_evaluation/snapshot_05/images/001200_gt.png,31efcf80bdcbf8aca1222f49951cc506e885bb40ab802ff21b07ebd12ee0f745,16a9fb7deea572b2d7dce8f5d35c363ddcfc142c59ab27c2fb35891db6032720
utmm,ego-drive,1200,1,vanilla,final,1398,1066,1706738470.3603096,1706738481.4314454,11.071135759353638,4560,15.36149030931095,"[54, 109, 270, 218]",/home/intern/gs_floaterLab/results/campaigns/gain_attribution/cvpr_assets/fixed_work_v1/render40/utmm/ego-drive/vanilla/curve_evaluation/final/images/001200_render.png,55f6e7c5d813a4af056cad277fa15217b44f2a0351235586640cf7876fe29021,/home/intern/gs_floaterLab/results/campaigns/gain_attribution/cvpr_assets/fixed_work_v1/render40/utmm/ego-drive/vanilla/curve_evaluation/final/images/001200_gt.png,31efcf80bdcbf8aca1222f49951cc506e885bb40ab802ff21b07ebd12ee0f745,16a9fb7deea572b2d7dce8f5d35c363ddcfc142c59ab27c2fb35891db6032720
utmm,ego-drive,1200,1,d3,snapshot_05,1222,1066,1706738470.3603096,1706738475.5780826,5.217772960662842,4361,14.285379263466718,"[54, 109, 270, 218]",/home/intern/gs_floaterLab/results/campaigns/gain_attribution/cvpr_assets/fixed_work_v1/render40/utmm/ego-drive/d3/curve_evaluation/snapshot_05/images/001200_render.png,3dc776b6c063b322fed9901e2d79b8aa8d2918532d0415bdad144f2f784f730a,/home/intern/gs_floaterLab/results/campaigns/gain_attribution/cvpr_assets/fixed_work_v1/render40/utmm/ego-drive/d3/curve_evaluation/snapshot_05/images/001200_gt.png,31efcf80bdcbf8aca1222f49951cc506e885bb40ab802ff21b07ebd12ee0f745,47f951f69d53c055ff51fccebd91b956b21e5376bb9bd1519c7315a6df36257f
utmm,ego-drive,1200,1,d3,final,1398,1066,1706738470.3603096,1706738481.4314454,11.071135759353638,4560,16.76913155954152,"[54, 109, 270, 218]",/home/intern/gs_floaterLab/results/campaigns/gain_attribution/cvpr_assets/fixed_work_v1/render40/utmm/ego-drive/d3/curve_evaluation/final/images/001200_render.png,1f77bb8ed8b35deca2ba25c0791771370a8d0436fdcc4fcbeb841adde4f343b6,/home/intern/gs_floaterLab/results/campaigns/gain_attribution/cvpr_assets/fixed_work_v1/render40/utmm/ego-drive/d3/curve_evaluation/final/images/001200_gt.png,31efcf80bdcbf8aca1222f49951cc506e885bb40ab802ff21b07ebd12ee0f745,47f951f69d53c055ff51fccebd91b956b21e5376bb9bd1519c7315a6df36257f
utmm,ego-drive,1200,2,vanilla,snapshot_05,1222,1118,1706738472.0998409,1706738475.5780826,3.4782416820526123,4373,13.933768568423648,"[108, 27, 324, 136]",/home/intern/gs_floaterLab/results/campaigns/gain_attribution/cvpr_assets/fixed_work_v1/render40/utmm/ego-drive/vanilla/curve_evaluation/snapshot_05/images/001200_render.png,842be219c393f4f038a8f480e4703f3e32e5a26793faf5b28631cf15067ae06a,/home/intern/gs_floaterLab/results/campaigns/gain_attribution/cvpr_assets/fixed_work_v1/render40/utmm/ego-drive/vanilla/curve_evaluation/snapshot_05/images/001200_gt.png,31efcf80bdcbf8aca1222f49951cc506e885bb40ab802ff21b07ebd12ee0f745,16a9fb7deea572b2d7dce8f5d35c363ddcfc142c59ab27c2fb35891db6032720
utmm,ego-drive,1200,2,vanilla,final,1398,1118,1706738472.0998409,1706738481.4314454,9.331604480743408,4560,15.437927916583972,"[108, 27, 324, 136]",/home/intern/gs_floaterLab/results/campaigns/gain_attribution/cvpr_assets/fixed_work_v1/render40/utmm/ego-drive/vanilla/curve_evaluation/final/images/001200_render.png,55f6e7c5d813a4af056cad277fa15217b44f2a0351235586640cf7876fe29021,/home/intern/gs_floaterLab/results/campaigns/gain_attribution/cvpr_assets/fixed_work_v1/render40/utmm/ego-drive/vanilla/curve_evaluation/final/images/001200_gt.png,31efcf80bdcbf8aca1222f49951cc506e885bb40ab802ff21b07ebd12ee0f745,16a9fb7deea572b2d7dce8f5d35c363ddcfc142c59ab27c2fb35891db6032720
utmm,ego-drive,1200,2,d3,snapshot_05,1222,1118,1706738472.0998409,1706738475.5780826,3.4782416820526123,4361,14.643185540176313,"[108, 27, 324, 136]",/home/intern/gs_floaterLab/results/campaigns/gain_attribution/cvpr_assets/fixed_work_v1/render40/utmm/ego-drive/d3/curve_evaluation/snapshot_05/images/001200_render.png,3dc776b6c063b322fed9901e2d79b8aa8d2918532d0415bdad144f2f784f730a,/home/intern/gs_floaterLab/results/campaigns/gain_attribution/cvpr_assets/fixed_work_v1/render40/utmm/ego-drive/d3/curve_evaluation/snapshot_05/images/001200_gt.png,31efcf80bdcbf8aca1222f49951cc506e885bb40ab802ff21b07ebd12ee0f745,47f951f69d53c055ff51fccebd91b956b21e5376bb9bd1519c7315a6df36257f
utmm,ego-drive,1200,2,d3,final,1398,1118,1706738472.0998409,1706738481.4314454,9.331604480743408,4560,16.89529310064398,"[108, 27, 324, 136]",/home/intern/gs_floaterLab/results/campaigns/gain_attribution/cvpr_assets/fixed_work_v1/render40/utmm/ego-drive/d3/curve_evaluation/final/images/001200_render.png,1f77bb8ed8b35deca2ba25c0791771370a8d0436fdcc4fcbeb841adde4f343b6,/home/intern/gs_floaterLab/results/campaigns/gain_attribution/cvpr_assets/fixed_work_v1/render40/utmm/ego-drive/d3/curve_evaluation/final/images/001200_gt.png,31efcf80bdcbf8aca1222f49951cc506e885bb40ab802ff21b07ebd12ee0f745,47f951f69d53c055ff51fccebd91b956b21e5376bb9bd1519c7315a6df36257f
utmm,fast-straight,285,1,vanilla,snapshot_02,240,232,1706737620.146098,1706737620.4123678,0.2662699222564697,288,10.20807437711701,"[54, 0, 270, 109]",/home/intern/gs_floaterLab/results/campaigns/gain_attribution/cvpr_assets/fixed_work_v1/render40/utmm/fast-straight/vanilla/curve_evaluation/snapshot_02/images/000285_render.png,f4ecffaa76886f59f1a9016b00ea202966c41e117f48eaf7b04a9a72ea900fdc,/home/intern/gs_floaterLab/results/campaigns/gain_attribution/cvpr_assets/fixed_work_v1/render40/utmm/fast-straight/vanilla/curve_evaluation/snapshot_02/images/000285_gt.png,7957f38ff16a52dcba934b7e8a8b3c208be36994f96ff3c18b7993b37c76ef5c,d1162a5b9181b0f19bce896e05c69417d94409d23a4e703217ef0f9fdfa7ec3f
utmm,fast-straight,285,1,vanilla,final,331,232,1706737620.146098,1706737623.4472716,3.301173686981201,1080,12.481250023262735,"[54, 0, 270, 109]",/home/intern/gs_floaterLab/results/campaigns/gain_attribution/cvpr_assets/fixed_work_v1/render40/utmm/fast-straight/vanilla/curve_evaluation/final/images/000285_render.png,09a28b4c61a3225dfe60f60ac4308a20b617b4fa33b38264820fda7f0bb8f656,/home/intern/gs_floaterLab/results/campaigns/gain_attribution/cvpr_assets/fixed_work_v1/render40/utmm/fast-straight/vanilla/curve_evaluation/final/images/000285_gt.png,7957f38ff16a52dcba934b7e8a8b3c208be36994f96ff3c18b7993b37c76ef5c,d1162a5b9181b0f19bce896e05c69417d94409d23a4e703217ef0f9fdfa7ec3f
utmm,fast-straight,285,1,d3,snapshot_02,240,232,1706737620.146098,1706737620.4123678,0.2662699222564697,281,10.421267794852687,"[54, 0, 270, 109]",/home/intern/gs_floaterLab/results/campaigns/gain_attribution/cvpr_assets/fixed_work_v1/render40/utmm/fast-straight/d3/curve_evaluation/snapshot_02/images/000285_render.png,5382d17ef6eb4434d4222ba795e354f5f5de7cf35575fc21b9fd4a401a90463c,/home/intern/gs_floaterLab/results/campaigns/gain_attribution/cvpr_assets/fixed_work_v1/render40/utmm/fast-straight/d3/curve_evaluation/snapshot_02/images/000285_gt.png,7957f38ff16a52dcba934b7e8a8b3c208be36994f96ff3c18b7993b37c76ef5c,af34af5af831d916aefd5479c26f713c6e8ce4c52656f69677d4a11b8c2583c1
utmm,fast-straight,285,1,d3,final,331,232,1706737620.146098,1706737623.4472716,3.301173686981201,1080,13.730718391648079,"[54, 0, 270, 109]",/home/intern/gs_floaterLab/results/campaigns/gain_attribution/cvpr_assets/fixed_work_v1/render40/utmm/fast-straight/d3/curve_evaluation/final/images/000285_render.png,b778358419f8bb259e8bc831283a70bbd443b3deb48162dba764313d9b4d552a,/home/intern/gs_floaterLab/results/campaigns/gain_attribution/cvpr_assets/fixed_work_v1/render40/utmm/fast-straight/d3/curve_evaluation/final/images/000285_gt.png,7957f38ff16a52dcba934b7e8a8b3c208be36994f96ff3c18b7993b37c76ef5c,af34af5af831d916aefd5479c26f713c6e8ce4c52656f69677d4a11b8c2583c1
utmm,fast-straight,285,2,vanilla,snapshot_02,240,221,1706737619.7789166,1706737620.4123678,0.6334512233734131,288,12.36888389242993,"[378, 109, 594, 218]",/home/intern/gs_floaterLab/results/campaigns/gain_attribution/cvpr_assets/fixed_work_v1/render40/utmm/fast-straight/vanilla/curve_evaluation/snapshot_02/images/000285_render.png,f4ecffaa76886f59f1a9016b00ea202966c41e117f48eaf7b04a9a72ea900fdc,/home/intern/gs_floaterLab/results/campaigns/gain_attribution/cvpr_assets/fixed_work_v1/render40/utmm/fast-straight/vanilla/curve_evaluation/snapshot_02/images/000285_gt.png,7957f38ff16a52dcba934b7e8a8b3c208be36994f96ff3c18b7993b37c76ef5c,d1162a5b9181b0f19bce896e05c69417d94409d23a4e703217ef0f9fdfa7ec3f
utmm,fast-straight,285,2,vanilla,final,331,221,1706737619.7789166,1706737623.4472716,3.6683549880981445,1080,15.9963931324018,"[378, 109, 594, 218]",/home/intern/gs_floaterLab/results/campaigns/gain_attribution/cvpr_assets/fixed_work_v1/render40/utmm/fast-straight/vanilla/curve_evaluation/final/images/000285_render.png,09a28b4c61a3225dfe60f60ac4308a20b617b4fa33b38264820fda7f0bb8f656,/home/intern/gs_floaterLab/results/campaigns/gain_attribution/cvpr_assets/fixed_work_v1/render40/utmm/fast-straight/vanilla/curve_evaluation/final/images/000285_gt.png,7957f38ff16a52dcba934b7e8a8b3c208be36994f96ff3c18b7993b37c76ef5c,d1162a5b9181b0f19bce896e05c69417d94409d23a4e703217ef0f9fdfa7ec3f
utmm,fast-straight,285,2,d3,snapshot_02,240,221,1706737619.7789166,1706737620.4123678,0.6334512233734131,281,12.944510681982525,"[378, 109, 594, 218]",/home/intern/gs_floaterLab/results/campaigns/gain_attribution/cvpr_assets/fixed_work_v1/render40/utmm/fast-straight/d3/curve_evaluation/snapshot_02/images/000285_render.png,5382d17ef6eb4434d4222ba795e354f5f5de7cf35575fc21b9fd4a401a90463c,/home/intern/gs_floaterLab/results/campaigns/gain_attribution/cvpr_assets/fixed_work_v1/render40/utmm/fast-straight/d3/curve_evaluation/snapshot_02/images/000285_gt.png,7957f38ff16a52dcba934b7e8a8b3c208be36994f96ff3c18b7993b37c76ef5c,af34af5af831d916aefd5479c26f713c6e8ce4c52656f69677d4a11b8c2583c1
utmm,fast-straight,285,2,d3,final,331,221,1706737619.7789166,1706737623.4472716,3.6683549880981445,1080,18.538344071476317,"[378, 109, 594, 218]",/home/intern/gs_floaterLab/results/campaigns/gain_attribution/cvpr_assets/fixed_work_v1/render40/utmm/fast-straight/d3/curve_evaluation/final/images/000285_render.png,b778358419f8bb259e8bc831283a70bbd443b3deb48162dba764313d9b4d552a,/home/intern/gs_floaterLab/results/campaigns/gain_attribution/cvpr_assets/fixed_work_v1/render40/utmm/fast-straight/d3/curve_evaluation/final/images/000285_gt.png,7957f38ff16a52dcba934b7e8a8b3c208be36994f96ff3c18b7993b37c76ef5c,af34af5af831d916aefd5479c26f713c6e8ce4c52656f69677d4a11b8c2583c1
utmm,slow-straight-2,510,1,vanilla,snapshot_02,434,353,1706737574.020564,1706737576.7182047,2.6976406574249268,452,9.468852870751071,"[108, 27, 324, 136]",/home/intern/gs_floaterLab/results/campaigns/gain_attribution/cvpr_assets/fixed_work_v1/render40/utmm/slow-straight-2/vanilla/curve_evaluation/snapshot_02/images/000510_render.png,a448c3a124c4a12d45b7e6eed75dd455748937975905a2690e306655c11e8c48,/home/intern/gs_floaterLab/results/campaigns/gain_attribution/cvpr_assets/fixed_work_v1/render40/utmm/slow-straight-2/vanilla/curve_evaluation/snapshot_02/images/000510_gt.png,774c251653ca906ea90603d065183ef80a02897319256f41fdf845966ace8862,d0c98cdd71745a4eb693b7645b3af9731a387836234d8c38ebdc5dce181c803e
utmm,slow-straight-2,510,1,vanilla,snapshot_03,511,353,1706737574.020564,1706737579.2941394,5.273575305938721,1531,13.258354758516175,"[108, 27, 324, 136]",/home/intern/gs_floaterLab/results/campaigns/gain_attribution/cvpr_assets/fixed_work_v1/render40/utmm/slow-straight-2/vanilla/curve_evaluation/snapshot_03/images/000510_render.png,0a9e74d24a72790b233d7b6e5e528cf9ed4bd7c52ee40b3a41a18a2dbb008e4d,/home/intern/gs_floaterLab/results/campaigns/gain_attribution/cvpr_assets/fixed_work_v1/render40/utmm/slow-straight-2/vanilla/curve_evaluation/snapshot_03/images/000510_gt.png,774c251653ca906ea90603d065183ef80a02897319256f41fdf845966ace8862,d0c98cdd71745a4eb693b7645b3af9731a387836234d8c38ebdc5dce181c803e
utmm,slow-straight-2,510,1,vanilla,final,596,353,1706737574.020564,1706737582.1276424,8.107078313827515,2080,14.156385984025533,"[108, 27, 324, 136]",/home/intern/gs_floaterLab/results/campaigns/gain_attribution/cvpr_assets/fixed_work_v1/render40/utmm/slow-straight-2/vanilla/curve_evaluation/final/images/000510_render.png,6e87c2c92259713c488d1fce5630d8461b4e8a3175403ef8c702852c5b3870f3,/home/intern/gs_floaterLab/results/campaigns/gain_attribution/cvpr_assets/fixed_work_v1/render40/utmm/slow-straight-2/vanilla/curve_evaluation/final/images/000510_gt.png,774c251653ca906ea90603d065183ef80a02897319256f41fdf845966ace8862,d0c98cdd71745a4eb693b7645b3af9731a387836234d8c38ebdc5dce181c803e
utmm,slow-straight-2,510,1,d3,snapshot_02,434,353,1706737574.020564,1706737576.7182047,2.6976406574249268,441,10.005135068057445,"[108, 27, 324, 136]",/home/intern/gs_floaterLab/results/campaigns/gain_attribution/cvpr_assets/fixed_work_v1/render40/utmm/slow-straight-2/d3/curve_evaluation/snapshot_02/images/000510_render.png,751233f06ca1adf1cbc76db75e719b0bf922e98114b886baef54f06ef9f532fd,/home/intern/gs_floaterLab/results/campaigns/gain_attribution/cvpr_assets/fixed_work_v1/render40/utmm/slow-straight-2/d3/curve_evaluation/snapshot_02/images/000510_gt.png,774c251653ca906ea90603d065183ef80a02897319256f41fdf845966ace8862,43859eb46def4eb7dc6083b3cf58e974c05767286286bd2d558178faf9dc0063
utmm,slow-straight-2,510,1,d3,snapshot_03,511,353,1706737574.020564,1706737579.2941394,5.273575305938721,1521,11.534262347217519,"[108, 27, 324, 136]",/home/intern/gs_floaterLab/results/campaigns/gain_attribution/cvpr_assets/fixed_work_v1/render40/utmm/slow-straight-2/d3/curve_evaluation/snapshot_03/images/000510_render.png,84bd664ca491b94b23001a63f51a74d1e8d3cbad746f364b3be1ff050e43e8ea,/home/intern/gs_floaterLab/results/campaigns/gain_attribution/cvpr_assets/fixed_work_v1/render40/utmm/slow-straight-2/d3/curve_evaluation/snapshot_03/images/000510_gt.png,774c251653ca906ea90603d065183ef80a02897319256f41fdf845966ace8862,43859eb46def4eb7dc6083b3cf58e974c05767286286bd2d558178faf9dc0063
utmm,slow-straight-2,510,1,d3,final,596,353,1706737574.020564,1706737582.1276424,8.107078313827515,2080,17.958369762621878,"[108, 27, 324, 136]",/home/intern/gs_floaterLab/results/campaigns/gain_attribution/cvpr_assets/fixed_work_v1/render40/utmm/slow-straight-2/d3/curve_evaluation/final/images/000510_render.png,6481a3072896fdc82c8808fa7cac5813c9e734fbe76da40d19a03f0808f1cb80,/home/intern/gs_floaterLab/results/campaigns/gain_attribution/cvpr_assets/fixed_work_v1/render40/utmm/slow-straight-2/d3/curve_evaluation/final/images/000510_gt.png,774c251653ca906ea90603d065183ef80a02897319256f41fdf845966ace8862,43859eb46def4eb7dc6083b3cf58e974c05767286286bd2d558178faf9dc0063
utmm,slow-straight-2,510,2,vanilla,snapshot_02,434,359,1706737574.2203865,1706737576.7182047,2.4978182315826416,452,12.303814742483937,"[432, 109, 648, 218]",/home/intern/gs_floaterLab/results/campaigns/gain_attribution/cvpr_assets/fixed_work_v1/render40/utmm/slow-straight-2/vanilla/curve_evaluation/snapshot_02/images/000510_render.png,a448c3a124c4a12d45b7e6eed75dd455748937975905a2690e306655c11e8c48,/home/intern/gs_floaterLab/results/campaigns/gain_attribution/cvpr_assets/fixed_work_v1/render40/utmm/slow-straight-2/vanilla/curve_evaluation/snapshot_02/images/000510_gt.png,774c251653ca906ea90603d065183ef80a02897319256f41fdf845966ace8862,d0c98cdd71745a4eb693b7645b3af9731a387836234d8c38ebdc5dce181c803e
utmm,slow-straight-2,510,2,vanilla,snapshot_03,511,359,1706737574.2203865,1706737579.2941394,5.0737528800964355,1531,13.136961933730412,"[432, 109, 648, 218]",/home/intern/gs_floaterLab/results/campaigns/gain_attribution/cvpr_assets/fixed_work_v1/render40/utmm/slow-straight-2/vanilla/curve_evaluation/snapshot_03/images/000510_render.png,0a9e74d24a72790b233d7b6e5e528cf9ed4bd7c52ee40b3a41a18a2dbb008e4d,/home/intern/gs_floaterLab/results/campaigns/gain_attribution/cvpr_assets/fixed_work_v1/render40/utmm/slow-straight-2/vanilla/curve_evaluation/snapshot_03/images/000510_gt.png,774c251653ca906ea90603d065183ef80a02897319256f41fdf845966ace8862,d0c98cdd71745a4eb693b7645b3af9731a387836234d8c38ebdc5dce181c803e
utmm,slow-straight-2,510,2,vanilla,final,596,359,1706737574.2203865,1706737582.1276424,7.9072558879852295,2080,15.988676170928997,"[432, 109, 648, 218]",/home/intern/gs_floaterLab/results/campaigns/gain_attribution/cvpr_assets/fixed_work_v1/render40/utmm/slow-straight-2/vanilla/curve_evaluation/final/images/000510_render.png,6e87c2c92259713c488d1fce5630d8461b4e8a3175403ef8c702852c5b3870f3,/home/intern/gs_floaterLab/results/campaigns/gain_attribution/cvpr_assets/fixed_work_v1/render40/utmm/slow-straight-2/vanilla/curve_evaluation/final/images/000510_gt.png,774c251653ca906ea90603d065183ef80a02897319256f41fdf845966ace8862,d0c98cdd71745a4eb693b7645b3af9731a387836234d8c38ebdc5dce181c803e
utmm,slow-straight-2,510,2,d3,snapshot_02,434,359,1706737574.2203865,1706737576.7182047,2.4978182315826416,441,12.408537157105226,"[432, 109, 648, 218]",/home/intern/gs_floaterLab/results/campaigns/gain_attribution/cvpr_assets/fixed_work_v1/render40/utmm/slow-straight-2/d3/curve_evaluation/snapshot_02/images/000510_render.png,751233f06ca1adf1cbc76db75e719b0bf922e98114b886baef54f06ef9f532fd,/home/intern/gs_floaterLab/results/campaigns/gain_attribution/cvpr_assets/fixed_work_v1/render40/utmm/slow-straight-2/d3/curve_evaluation/snapshot_02/images/000510_gt.png,774c251653ca906ea90603d065183ef80a02897319256f41fdf845966ace8862,43859eb46def4eb7dc6083b3cf58e974c05767286286bd2d558178faf9dc0063
utmm,slow-straight-2,510,2,d3,snapshot_03,511,359,1706737574.2203865,1706737579.2941394,5.0737528800964355,1521,13.778944580434299,"[432, 109, 648, 218]",/home/intern/gs_floaterLab/results/campaigns/gain_attribution/cvpr_assets/fixed_work_v1/render40/utmm/slow-straight-2/d3/curve_evaluation/snapshot_03/images/000510_render.png,84bd664ca491b94b23001a63f51a74d1e8d3cbad746f364b3be1ff050e43e8ea,/home/intern/gs_floaterLab/results/campaigns/gain_attribution/cvpr_assets/fixed_work_v1/render40/utmm/slow-straight-2/d3/curve_evaluation/snapshot_03/images/000510_gt.png,774c251653ca906ea90603d065183ef80a02897319256f41fdf845966ace8862,43859eb46def4eb7dc6083b3cf58e974c05767286286bd2d558178faf9dc0063
utmm,slow-straight-2,510,2,d3,final,596,359,1706737574.2203865,1706737582.1276424,7.9072558879852295,2080,22.262652957046733,"[432, 109, 648, 218]",/home/intern/gs_floaterLab/results/campaigns/gain_attribution/cvpr_assets/fixed_work_v1/render40/utmm/slow-straight-2/d3/curve_evaluation/final/images/000510_render.png,6481a3072896fdc82c8808fa7cac5813c9e734fbe76da40d19a03f0808f1cb80,/home/intern/gs_floaterLab/results/campaigns/gain_attribution/cvpr_assets/fixed_work_v1/render40/utmm/slow-straight-2/d3/curve_evaluation/final/images/000510_gt.png,774c251653ca906ea90603d065183ef80a02897319256f41fdf845966ace8862,43859eb46def4eb7dc6083b3cf58e974c05767286286bd2d558178faf9dc0063
utmm,square-1,460,0,vanilla,snapshot_01,491,362,1706737748.9001713,1706737753.217841,4.317669630050659,1533,11.660561018228663,"[270, 82, 486, 191]",/home/intern/gs_floaterLab/results/campaigns/gain_attribution/cvpr_assets/fixed_work_v1/render40/utmm/square-1/vanilla/curve_evaluation/snapshot_01/images/000460_render.png,a6e1d9a49a247b5ad1f8be5c4457b1330bd5da31bc12945398d3c2e984b9a320,/home/intern/gs_floaterLab/results/campaigns/gain_attribution/cvpr_assets/fixed_work_v1/render40/utmm/square-1/vanilla/curve_evaluation/snapshot_01/images/000460_gt.png,b5d44cb2aec98a2390c4baa9fc64ac76a38e722831c7501c2f69ad9501b9efb0,d6b5d949242654fcc9901f02d949c59dc4bce105ebcd342de207f5b474cfce21
utmm,square-1,460,0,vanilla,snapshot_02,651,362,1706737748.9001713,1706737758.5469968,9.646825551986694,1893,15.664536384665176,"[270, 82, 486, 191]",/home/intern/gs_floaterLab/results/campaigns/gain_attribution/cvpr_assets/fixed_work_v1/render40/utmm/square-1/vanilla/curve_evaluation/snapshot_02/images/000460_render.png,cb3dfa410ae268487d0af81fa7a917e18eb60bd3388464b9ef3c98057ab02bc1,/home/intern/gs_floaterLab/results/campaigns/gain_attribution/cvpr_assets/fixed_work_v1/render40/utmm/square-1/vanilla/curve_evaluation/snapshot_02/images/000460_gt.png,b5d44cb2aec98a2390c4baa9fc64ac76a38e722831c7501c2f69ad9501b9efb0,d6b5d949242654fcc9901f02d949c59dc4bce105ebcd342de207f5b474cfce21
utmm,square-1,460,0,vanilla,snapshot_03,899,362,1706737748.9001713,1706737766.7986233,17.898452043533325,2213,14.898857905679277,"[270, 82, 486, 191]",/home/intern/gs_floaterLab/results/campaigns/gain_attribution/cvpr_assets/fixed_work_v1/render40/utmm/square-1/vanilla/curve_evaluation/snapshot_03/images/000460_render.png,f25730de670e0fe63a088de7e69ea49148dd089c37555a369bb3c2571100b753,/home/intern/gs_floaterLab/results/campaigns/gain_attribution/cvpr_assets/fixed_work_v1/render40/utmm/square-1/vanilla/curve_evaluation/snapshot_03/images/000460_gt.png,b5d44cb2aec98a2390c4baa9fc64ac76a38e722831c7501c2f69ad9501b9efb0,d6b5d949242654fcc9901f02d949c59dc4bce105ebcd342de207f5b474cfce21
utmm,square-1,460,0,vanilla,snapshot_04,1140,362,1706737748.9001713,1706737774.853547,25.953375816345215,2613,15.373970441515446,"[270, 82, 486, 191]",/home/intern/gs_floaterLab/results/campaigns/gain_attribution/cvpr_assets/fixed_work_v1/render40/utmm/square-1/vanilla/curve_evaluation/snapshot_04/images/000460_render.png,da2e26ce89076d6fcf1021f7514d60ae45ffc64e00d3c5e8e56177c29c5f8ee6,/home/intern/gs_floaterLab/results/campaigns/gain_attribution/cvpr_assets/fixed_work_v1/render40/utmm/square-1/vanilla/curve_evaluation/snapshot_04/images/000460_gt.png,b5d44cb2aec98a2390c4baa9fc64ac76a38e722831c7501c2f69ad9501b9efb0,d6b5d949242654fcc9901f02d949c59dc4bce105ebcd342de207f5b474cfce21
utmm,square-1,460,0,vanilla,snapshot_05,1385,362,1706737748.9001713,1706737783.0234087,34.1232373714447,3053,15.946139688906209,"[270, 82, 486, 191]",/home/intern/gs_floaterLab/results/campaigns/gain_attribution/cvpr_assets/fixed_work_v1/render40/utmm/square-1/vanilla/curve_evaluation/snapshot_05/images/000460_render.png,b3151bea977ddf622062ea0507bc980004ac870ada7054861b36c055c87953ad,/home/intern/gs_floaterLab/results/campaigns/gain_attribution/cvpr_assets/fixed_work_v1/render40/utmm/square-1/vanilla/curve_evaluation/snapshot_05/images/000460_gt.png,b5d44cb2aec98a2390c4baa9fc64ac76a38e722831c7501c2f69ad9501b9efb0,d6b5d949242654fcc9901f02d949c59dc4bce105ebcd342de207f5b474cfce21
utmm,square-1,460,0,vanilla,final,1613,362,1706737748.9001713,1706737790.6253395,41.725168228149414,3600,16.76822996829546,"[270, 82, 486, 191]",/home/intern/gs_floaterLab/results/campaigns/gain_attribution/cvpr_assets/fixed_work_v1/render40/utmm/square-1/vanilla/curve_evaluation/final/images/000460_render.png,4031537fad0f0a32657f5a45a0834bbbb8bbf755858feeaf585329cb86d4f4a5,/home/intern/gs_floaterLab/results/campaigns/gain_attribution/cvpr_assets/fixed_work_v1/render40/utmm/square-1/vanilla/curve_evaluation/final/images/000460_gt.png,b5d44cb2aec98a2390c4baa9fc64ac76a38e722831c7501c2f69ad9501b9efb0,d6b5d949242654fcc9901f02d949c59dc4bce105ebcd342de207f5b474cfce21
utmm,square-1,460,0,d3,snapshot_01,491,362,1706737748.9001713,1706737753.217841,4.317669630050659,1521,12.260093963978155,"[270, 82, 486, 191]",/home/intern/gs_floaterLab/results/campaigns/gain_attribution/cvpr_assets/fixed_work_v1/render40/utmm/square-1/d3/curve_evaluation/snapshot_01/images/000460_render.png,457860a5fdb1c0afa6ade15c05dd96b2505ea1dcc1c4a3f8ee0846f72452e4d4,/home/intern/gs_floaterLab/results/campaigns/gain_attribution/cvpr_assets/fixed_work_v1/render40/utmm/square-1/d3/curve_evaluation/snapshot_01/images/000460_gt.png,b5d44cb2aec98a2390c4baa9fc64ac76a38e722831c7501c2f69ad9501b9efb0,03db1e7ae6f59d8a1a2cab78304771c5a7a1d01ff1f89ff2771f87648dd17d61
utmm,square-1,460,0,d3,snapshot_02,651,362,1706737748.9001713,1706737758.5469968,9.646825551986694,1881,18.413003099215913,"[270, 82, 486, 191]",/home/intern/gs_floaterLab/results/campaigns/gain_attribution/cvpr_assets/fixed_work_v1/render40/utmm/square-1/d3/curve_evaluation/snapshot_02/images/000460_render.png,e4004728904a2e085028bcca370072e4b058f9accae0aac98e18eb953c80898b,/home/intern/gs_floaterLab/results/campaigns/gain_attribution/cvpr_assets/fixed_work_v1/render40/utmm/square-1/d3/curve_evaluation/snapshot_02/images/000460_gt.png,b5d44cb2aec98a2390c4baa9fc64ac76a38e722831c7501c2f69ad9501b9efb0,03db1e7ae6f59d8a1a2cab78304771c5a7a1d01ff1f89ff2771f87648dd17d61
utmm,square-1,460,0,d3,snapshot_03,899,362,1706737748.9001713,1706737766.7986233,17.898452043533325,2201,19.06109151389915,"[270, 82, 486, 191]",/home/intern/gs_floaterLab/results/campaigns/gain_attribution/cvpr_assets/fixed_work_v1/render40/utmm/square-1/d3/curve_evaluation/snapshot_03/images/000460_render.png,c4342852934981cc66aa06a84fafcdd70d1aaf41546114d7b828acd68401b912,/home/intern/gs_floaterLab/results/campaigns/gain_attribution/cvpr_assets/fixed_work_v1/render40/utmm/square-1/d3/curve_evaluation/snapshot_03/images/000460_gt.png,b5d44cb2aec98a2390c4baa9fc64ac76a38e722831c7501c2f69ad9501b9efb0,03db1e7ae6f59d8a1a2cab78304771c5a7a1d01ff1f89ff2771f87648dd17d61
utmm,square-1,460,0,d3,snapshot_04,1140,362,1706737748.9001713,1706737774.853547,25.953375816345215,2601,20.876495519835878,"[270, 82, 486, 191]",/home/intern/gs_floaterLab/results/campaigns/gain_attribution/cvpr_assets/fixed_work_v1/render40/utmm/square-1/d3/curve_evaluation/snapshot_04/images/000460_render.png,2890b19d28a87c2c5ba74b88361d9947e9b9643255c82227a12f87994c94577f,/home/intern/gs_floaterLab/results/campaigns/gain_attribution/cvpr_assets/fixed_work_v1/render40/utmm/square-1/d3/curve_evaluation/snapshot_04/images/000460_gt.png,b5d44cb2aec98a2390c4baa9fc64ac76a38e722831c7501c2f69ad9501b9efb0,03db1e7ae6f59d8a1a2cab78304771c5a7a1d01ff1f89ff2771f87648dd17d61
utmm,square-1,460,0,d3,snapshot_05,1385,362,1706737748.9001713,1706737783.0234087,34.1232373714447,3041,20.936957923917117,"[270, 82, 486, 191]",/home/intern/gs_floaterLab/results/campaigns/gain_attribution/cvpr_assets/fixed_work_v1/render40/utmm/square-1/d3/curve_evaluation/snapshot_05/images/000460_render.png,09016f1ac2c650e605da2ed64c6becd28271d7ccacf6398a40aae07a70e18b45,/home/intern/gs_floaterLab/results/campaigns/gain_attribution/cvpr_assets/fixed_work_v1/render40/utmm/square-1/d3/curve_evaluation/snapshot_05/images/000460_gt.png,b5d44cb2aec98a2390c4baa9fc64ac76a38e722831c7501c2f69ad9501b9efb0,03db1e7ae6f59d8a1a2cab78304771c5a7a1d01ff1f89ff2771f87648dd17d61
utmm,square-1,460,0,d3,final,1613,362,1706737748.9001713,1706737790.6253395,41.725168228149414,3600,21.154775653694927,"[270, 82, 486, 191]",/home/intern/gs_floaterLab/results/campaigns/gain_attribution/cvpr_assets/fixed_work_v1/render40/utmm/square-1/d3/curve_evaluation/final/images/000460_render.png,a6e7e05c4e37c48b0e52da32e8b17198e78fc323996f8f1cc56e70d1a9a1d9cd,/home/intern/gs_floaterLab/results/campaigns/gain_attribution/cvpr_assets/fixed_work_v1/render40/utmm/square-1/d3/curve_evaluation/final/images/000460_gt.png,b5d44cb2aec98a2390c4baa9fc64ac76a38e722831c7501c2f69ad9501b9efb0,03db1e7ae6f59d8a1a2cab78304771c5a7a1d01ff1f89ff2771f87648dd17d61
utmm,square-1,920,0,vanilla,snapshot_03,899,866,1706737765.697957,1706737766.7986233,1.1006662845611572,2213,12.27267851430818,"[216, 82, 432, 191]",/home/intern/gs_floaterLab/results/campaigns/gain_attribution/cvpr_assets/fixed_work_v1/render40/utmm/square-1/vanilla/curve_evaluation/snapshot_03/images/000920_render.png,c080e0e6469a78157afef15a5cc569432676e98e56b5ae5a99ff88d553cee6f3,/home/intern/gs_floaterLab/results/campaigns/gain_attribution/cvpr_assets/fixed_work_v1/render40/utmm/square-1/vanilla/curve_evaluation/snapshot_03/images/000920_gt.png,708c4eae85097570771facbb2a7dab059ea9c58b10773e83034d43bbbc7cab47,d6b5d949242654fcc9901f02d949c59dc4bce105ebcd342de207f5b474cfce21
utmm,square-1,920,0,vanilla,snapshot_04,1140,866,1706737765.697957,1706737774.853547,9.155590057373047,2613,17.41500140364862,"[216, 82, 432, 191]",/home/intern/gs_floaterLab/results/campaigns/gain_attribution/cvpr_assets/fixed_work_v1/render40/utmm/square-1/vanilla/curve_evaluation/snapshot_04/images/000920_render.png,8a5b3bde8c03210144b5be1c1f43966a8277d2efced9657876f092754cad8300,/home/intern/gs_floaterLab/results/campaigns/gain_attribution/cvpr_assets/fixed_work_v1/render40/utmm/square-1/vanilla/curve_evaluation/snapshot_04/images/000920_gt.png,708c4eae85097570771facbb2a7dab059ea9c58b10773e83034d43bbbc7cab47,d6b5d949242654fcc9901f02d949c59dc4bce105ebcd342de207f5b474cfce21
utmm,square-1,920,0,vanilla,snapshot_05,1385,866,1706737765.697957,1706737783.0234087,17.325451612472534,3053,15.287774811608735,"[216, 82, 432, 191]",/home/intern/gs_floaterLab/results/campaigns/gain_attribution/cvpr_assets/fixed_work_v1/render40/utmm/square-1/vanilla/curve_evaluation/snapshot_05/images/000920_render.png,bcf8e5d6fd7441bdbe09af7114c54b176cea2042f5b5e7630a782cc00f41c80b,/home/intern/gs_floaterLab/results/campaigns/gain_attribution/cvpr_assets/fixed_work_v1/render40/utmm/square-1/vanilla/curve_evaluation/snapshot_05/images/000920_gt.png,708c4eae85097570771facbb2a7dab059ea9c58b10773e83034d43bbbc7cab47,d6b5d949242654fcc9901f02d949c59dc4bce105ebcd342de207f5b474cfce21
utmm,square-1,920,0,vanilla,final,1613,866,1706737765.697957,1706737790.6253395,24.927382469177246,3600,16.51254941783667,"[216, 82, 432, 191]",/home/intern/gs_floaterLab/results/campaigns/gain_attribution/cvpr_assets/fixed_work_v1/render40/utmm/square-1/vanilla/curve_evaluation/final/images/000920_render.png,f7e6ed69797cd01273be0474103a273b2241adc916379b6eb92873484cabd4cf,/home/intern/gs_floaterLab/results/campaigns/gain_attribution/cvpr_assets/fixed_work_v1/render40/utmm/square-1/vanilla/curve_evaluation/final/images/000920_gt.png,708c4eae85097570771facbb2a7dab059ea9c58b10773e83034d43bbbc7cab47,d6b5d949242654fcc9901f02d949c59dc4bce105ebcd342de207f5b474cfce21
utmm,square-1,920,0,d3,snapshot_03,899,866,1706737765.697957,1706737766.7986233,1.1006662845611572,2201,12.310489932630693,"[216, 82, 432, 191]",/home/intern/gs_floaterLab/results/campaigns/gain_attribution/cvpr_assets/fixed_work_v1/render40/utmm/square-1/d3/curve_evaluation/snapshot_03/images/000920_render.png,13f98c7f7a8f63ec6fec53ccb97889e9a0d1735cfec30a8e2ba41f40ef9c513e,/home/intern/gs_floaterLab/results/campaigns/gain_attribution/cvpr_assets/fixed_work_v1/render40/utmm/square-1/d3/curve_evaluation/snapshot_03/images/000920_gt.png,708c4eae85097570771facbb2a7dab059ea9c58b10773e83034d43bbbc7cab47,03db1e7ae6f59d8a1a2cab78304771c5a7a1d01ff1f89ff2771f87648dd17d61
utmm,square-1,920,0,d3,snapshot_04,1140,866,1706737765.697957,1706737774.853547,9.155590057373047,2601,19.564019115103072,"[216, 82, 432, 191]",/home/intern/gs_floaterLab/results/campaigns/gain_attribution/cvpr_assets/fixed_work_v1/render40/utmm/square-1/d3/curve_evaluation/snapshot_04/images/000920_render.png,37a055ec5a049f59fa41abe8323332d006d69f16013f28e5ee64e9153f669a25,/home/intern/gs_floaterLab/results/campaigns/gain_attribution/cvpr_assets/fixed_work_v1/render40/utmm/square-1/d3/curve_evaluation/snapshot_04/images/000920_gt.png,708c4eae85097570771facbb2a7dab059ea9c58b10773e83034d43bbbc7cab47,03db1e7ae6f59d8a1a2cab78304771c5a7a1d01ff1f89ff2771f87648dd17d61
utmm,square-1,920,0,d3,snapshot_05,1385,866,1706737765.697957,1706737783.0234087,17.325451612472534,3041,21.507923829993175,"[216, 82, 432, 191]",/home/intern/gs_floaterLab/results/campaigns/gain_attribution/cvpr_assets/fixed_work_v1/render40/utmm/square-1/d3/curve_evaluation/snapshot_05/images/000920_render.png,dfeaa2f9ce7e56fae72397071091982f9ef39242163d3ec6c7c023f3f44ec293,/home/intern/gs_floaterLab/results/campaigns/gain_attribution/cvpr_assets/fixed_work_v1/render40/utmm/square-1/d3/curve_evaluation/snapshot_05/images/000920_gt.png,708c4eae85097570771facbb2a7dab059ea9c58b10773e83034d43bbbc7cab47,03db1e7ae6f59d8a1a2cab78304771c5a7a1d01ff1f89ff2771f87648dd17d61
utmm,square-1,920,0,d3,final,1613,866,1706737765.697957,1706737790.6253395,24.927382469177246,3600,23.612044634714245,"[216, 82, 432, 191]",/home/intern/gs_floaterLab/results/campaigns/gain_attribution/cvpr_assets/fixed_work_v1/render40/utmm/square-1/d3/curve_evaluation/final/images/000920_render.png,2857331c6c2d953fd7ee6527a3914516fdf2ad0b7517f4f248493b220f4c0a0a,/home/intern/gs_floaterLab/results/campaigns/gain_attribution/cvpr_assets/fixed_work_v1/render40/utmm/square-1/d3/curve_evaluation/final/images/000920_gt.png,708c4eae85097570771facbb2a7dab059ea9c58b10773e83034d43bbbc7cab47,03db1e7ae6f59d8a1a2cab78304771c5a7a1d01ff1f89ff2771f87648dd17d61
utmm,square-1,920,2,vanilla,snapshot_03,899,866,1706737765.697957,1706737766.7986233,1.1006662845611572,2213,15.002164459331446,"[54, 82, 270, 191]",/home/intern/gs_floaterLab/results/campaigns/gain_attribution/cvpr_assets/fixed_work_v1/render40/utmm/square-1/vanilla/curve_evaluation/snapshot_03/images/000920_render.png,c080e0e6469a78157afef15a5cc569432676e98e56b5ae5a99ff88d553cee6f3,/home/intern/gs_floaterLab/results/campaigns/gain_attribution/cvpr_assets/fixed_work_v1/render40/utmm/square-1/vanilla/curve_evaluation/snapshot_03/images/000920_gt.png,708c4eae85097570771facbb2a7dab059ea9c58b10773e83034d43bbbc7cab47,d6b5d949242654fcc9901f02d949c59dc4bce105ebcd342de207f5b474cfce21
utmm,square-1,920,2,vanilla,snapshot_04,1140,866,1706737765.697957,1706737774.853547,9.155590057373047,2613,18.94032190692378,"[54, 82, 270, 191]",/home/intern/gs_floaterLab/results/campaigns/gain_attribution/cvpr_assets/fixed_work_v1/render40/utmm/square-1/vanilla/curve_evaluation/snapshot_04/images/000920_render.png,8a5b3bde8c03210144b5be1c1f43966a8277d2efced9657876f092754cad8300,/home/intern/gs_floaterLab/results/campaigns/gain_attribution/cvpr_assets/fixed_work_v1/render40/utmm/square-1/vanilla/curve_evaluation/snapshot_04/images/000920_gt.png,708c4eae85097570771facbb2a7dab059ea9c58b10773e83034d43bbbc7cab47,d6b5d949242654fcc9901f02d949c59dc4bce105ebcd342de207f5b474cfce21
utmm,square-1,920,2,vanilla,snapshot_05,1385,866,1706737765.697957,1706737783.0234087,17.325451612472534,3053,17.009958714322323,"[54, 82, 270, 191]",/home/intern/gs_floaterLab/results/campaigns/gain_attribution/cvpr_assets/fixed_work_v1/render40/utmm/square-1/vanilla/curve_evaluation/snapshot_05/images/000920_render.png,bcf8e5d6fd7441bdbe09af7114c54b176cea2042f5b5e7630a782cc00f41c80b,/home/intern/gs_floaterLab/results/campaigns/gain_attribution/cvpr_assets/fixed_work_v1/render40/utmm/square-1/vanilla/curve_evaluation/snapshot_05/images/000920_gt.png,708c4eae85097570771facbb2a7dab059ea9c58b10773e83034d43bbbc7cab47,d6b5d949242654fcc9901f02d949c59dc4bce105ebcd342de207f5b474cfce21
utmm,square-1,920,2,vanilla,final,1613,866,1706737765.697957,1706737790.6253395,24.927382469177246,3600,18.324376097964034,"[54, 82, 270, 191]",/home/intern/gs_floaterLab/results/campaigns/gain_attribution/cvpr_assets/fixed_work_v1/render40/utmm/square-1/vanilla/curve_evaluation/final/images/000920_render.png,f7e6ed69797cd01273be0474103a273b2241adc916379b6eb92873484cabd4cf,/home/intern/gs_floaterLab/results/campaigns/gain_attribution/cvpr_assets/fixed_work_v1/render40/utmm/square-1/vanilla/curve_evaluation/final/images/000920_gt.png,708c4eae85097570771facbb2a7dab059ea9c58b10773e83034d43bbbc7cab47,d6b5d949242654fcc9901f02d949c59dc4bce105ebcd342de207f5b474cfce21
utmm,square-1,920,2,d3,snapshot_03,899,866,1706737765.697957,1706737766.7986233,1.1006662845611572,2201,15.8516443093545,"[54, 82, 270, 191]",/home/intern/gs_floaterLab/results/campaigns/gain_attribution/cvpr_assets/fixed_work_v1/render40/utmm/square-1/d3/curve_evaluation/snapshot_03/images/000920_render.png,13f98c7f7a8f63ec6fec53ccb97889e9a0d1735cfec30a8e2ba41f40ef9c513e,/home/intern/gs_floaterLab/results/campaigns/gain_attribution/cvpr_assets/fixed_work_v1/render40/utmm/square-1/d3/curve_evaluation/snapshot_03/images/000920_gt.png,708c4eae85097570771facbb2a7dab059ea9c58b10773e83034d43bbbc7cab47,03db1e7ae6f59d8a1a2cab78304771c5a7a1d01ff1f89ff2771f87648dd17d61
utmm,square-1,920,2,d3,snapshot_04,1140,866,1706737765.697957,1706737774.853547,9.155590057373047,2601,20.376785649870047,"[54, 82, 270, 191]",/home/intern/gs_floaterLab/results/campaigns/gain_attribution/cvpr_assets/fixed_work_v1/render40/utmm/square-1/d3/curve_evaluation/snapshot_04/images/000920_render.png,37a055ec5a049f59fa41abe8323332d006d69f16013f28e5ee64e9153f669a25,/home/intern/gs_floaterLab/results/campaigns/gain_attribution/cvpr_assets/fixed_work_v1/render40/utmm/square-1/d3/curve_evaluation/snapshot_04/images/000920_gt.png,708c4eae85097570771facbb2a7dab059ea9c58b10773e83034d43bbbc7cab47,03db1e7ae6f59d8a1a2cab78304771c5a7a1d01ff1f89ff2771f87648dd17d61
utmm,square-1,920,2,d3,snapshot_05,1385,866,1706737765.697957,1706737783.0234087,17.325451612472534,3041,23.776382939562634,"[54, 82, 270, 191]",/home/intern/gs_floaterLab/results/campaigns/gain_attribution/cvpr_assets/fixed_work_v1/render40/utmm/square-1/d3/curve_evaluation/snapshot_05/images/000920_render.png,dfeaa2f9ce7e56fae72397071091982f9ef39242163d3ec6c7c023f3f44ec293,/home/intern/gs_floaterLab/results/campaigns/gain_attribution/cvpr_assets/fixed_work_v1/render40/utmm/square-1/d3/curve_evaluation/snapshot_05/images/000920_gt.png,708c4eae85097570771facbb2a7dab059ea9c58b10773e83034d43bbbc7cab47,03db1e7ae6f59d8a1a2cab78304771c5a7a1d01ff1f89ff2771f87648dd17d61
utmm,square-1,920,2,d3,final,1613,866,1706737765.697957,1706737790.6253395,24.927382469177246,3600,24.354274505585796,"[54, 82, 270, 191]",/home/intern/gs_floaterLab/results/campaigns/gain_attribution/cvpr_assets/fixed_work_v1/render40/utmm/square-1/d3/curve_evaluation/final/images/000920_render.png,2857331c6c2d953fd7ee6527a3914516fdf2ad0b7517f4f248493b220f4c0a0a,/home/intern/gs_floaterLab/results/campaigns/gain_attribution/cvpr_assets/fixed_work_v1/render40/utmm/square-1/d3/curve_evaluation/final/images/000920_gt.png,708c4eae85097570771facbb2a7dab059ea9c58b10773e83034d43bbbc7cab47,03db1e7ae6f59d8a1a2cab78304771c5a7a1d01ff1f89ff2771f87648dd17d61
utmm,square-1,1380,0,vanilla,snapshot_05,1385,1296,1706737780.0602996,1706737783.0234087,2.963109016418457,3053,13.54050325372288,"[378, 109, 594, 218]",/home/intern/gs_floaterLab/results/campaigns/gain_attribution/cvpr_assets/fixed_work_v1/render40/utmm/square-1/vanilla/curve_evaluation/snapshot_05/images/001380_render.png,783850b7913c0b0a0d9d4bf433857b69bfb3f2619ab0172dfe0737e48395ba1b,/home/intern/gs_floaterLab/results/campaigns/gain_attribution/cvpr_assets/fixed_work_v1/render40/utmm/square-1/vanilla/curve_evaluation/snapshot_05/images/001380_gt.png,2c5b6089241e697da181f9b06e4ad6cb295c4e141154d2062821db3f35467f78,d6b5d949242654fcc9901f02d949c59dc4bce105ebcd342de207f5b474cfce21
utmm,square-1,1380,0,vanilla,final,1613,1296,1706737780.0602996,1706737790.6253395,10.565039873123169,3600,15.774681568202348,"[378, 109, 594, 218]",/home/intern/gs_floaterLab/results/campaigns/gain_attribution/cvpr_assets/fixed_work_v1/render40/utmm/square-1/vanilla/curve_evaluation/final/images/001380_render.png,d7778f0c2720a2f92379a143d126a336c727b132a10824ee4fbf3da3c8d19572,/home/intern/gs_floaterLab/results/campaigns/gain_attribution/cvpr_assets/fixed_work_v1/render40/utmm/square-1/vanilla/curve_evaluation/final/images/001380_gt.png,2c5b6089241e697da181f9b06e4ad6cb295c4e141154d2062821db3f35467f78,d6b5d949242654fcc9901f02d949c59dc4bce105ebcd342de207f5b474cfce21
utmm,square-1,1380,0,d3,snapshot_05,1385,1296,1706737780.0602996,1706737783.0234087,2.963109016418457,3041,13.393112275088745,"[378, 109, 594, 218]",/home/intern/gs_floaterLab/results/campaigns/gain_attribution/cvpr_assets/fixed_work_v1/render40/utmm/square-1/d3/curve_evaluation/snapshot_05/images/001380_render.png,b82da8417e76a6fba85b766cecbe364de75442150d6e2d30588f5ab1a06a26d0,/home/intern/gs_floaterLab/results/campaigns/gain_attribution/cvpr_assets/fixed_work_v1/render40/utmm/square-1/d3/curve_evaluation/snapshot_05/images/001380_gt.png,2c5b6089241e697da181f9b06e4ad6cb295c4e141154d2062821db3f35467f78,03db1e7ae6f59d8a1a2cab78304771c5a7a1d01ff1f89ff2771f87648dd17d61
utmm,square-1,1380,0,d3,final,1613,1296,1706737780.0602996,1706737790.6253395,10.565039873123169,3600,17.855232020367882,"[378, 109, 594, 218]",/home/intern/gs_floaterLab/results/campaigns/gain_attribution/cvpr_assets/fixed_work_v1/render40/utmm/square-1/d3/curve_evaluation/final/images/001380_render.png,bbf20604d467d9ceb6cd3dcf90e0b2986070302ec05efbe0da8e8c8c26751486,/home/intern/gs_floaterLab/results/campaigns/gain_attribution/cvpr_assets/fixed_work_v1/render40/utmm/square-1/d3/curve_evaluation/final/images/001380_gt.png,2c5b6089241e697da181f9b06e4ad6cb295c4e141154d2062821db3f35467f78,03db1e7ae6f59d8a1a2cab78304771c5a7a1d01ff1f89ff2771f87648dd17d61
utmm,square-1,1380,1,vanilla,snapshot_05,1385,1308,1706737780.4597585,1706737783.0234087,2.563650131225586,3053,12.714158881450627,"[0, 54, 216, 163]",/home/intern/gs_floaterLab/results/campaigns/gain_attribution/cvpr_assets/fixed_work_v1/render40/utmm/square-1/vanilla/curve_evaluation/snapshot_05/images/001380_render.png,783850b7913c0b0a0d9d4bf433857b69bfb3f2619ab0172dfe0737e48395ba1b,/home/intern/gs_floaterLab/results/campaigns/gain_attribution/cvpr_assets/fixed_work_v1/render40/utmm/square-1/vanilla/curve_evaluation/snapshot_05/images/001380_gt.png,2c5b6089241e697da181f9b06e4ad6cb295c4e141154d2062821db3f35467f78,d6b5d949242654fcc9901f02d949c59dc4bce105ebcd342de207f5b474cfce21
utmm,square-1,1380,1,vanilla,final,1613,1308,1706737780.4597585,1706737790.6253395,10.165580987930298,3600,15.722532134530418,"[0, 54, 216, 163]",/home/intern/gs_floaterLab/results/campaigns/gain_attribution/cvpr_assets/fixed_work_v1/render40/utmm/square-1/vanilla/curve_evaluation/final/images/001380_render.png,d7778f0c2720a2f92379a143d126a336c727b132a10824ee4fbf3da3c8d19572,/home/intern/gs_floaterLab/results/campaigns/gain_attribution/cvpr_assets/fixed_work_v1/render40/utmm/square-1/vanilla/curve_evaluation/final/images/001380_gt.png,2c5b6089241e697da181f9b06e4ad6cb295c4e141154d2062821db3f35467f78,d6b5d949242654fcc9901f02d949c59dc4bce105ebcd342de207f5b474cfce21
utmm,square-1,1380,1,d3,snapshot_05,1385,1308,1706737780.4597585,1706737783.0234087,2.563650131225586,3041,14.420918449151268,"[0, 54, 216, 163]",/home/intern/gs_floaterLab/results/campaigns/gain_attribution/cvpr_assets/fixed_work_v1/render40/utmm/square-1/d3/curve_evaluation/snapshot_05/images/001380_render.png,b82da8417e76a6fba85b766cecbe364de75442150d6e2d30588f5ab1a06a26d0,/home/intern/gs_floaterLab/results/campaigns/gain_attribution/cvpr_assets/fixed_work_v1/render40/utmm/square-1/d3/curve_evaluation/snapshot_05/images/001380_gt.png,2c5b6089241e697da181f9b06e4ad6cb295c4e141154d2062821db3f35467f78,03db1e7ae6f59d8a1a2cab78304771c5a7a1d01ff1f89ff2771f87648dd17d61
utmm,square-1,1380,1,d3,final,1613,1308,1706737780.4597585,1706737790.6253395,10.165580987930298,3600,17.761690000754832,"[0, 54, 216, 163]",/home/intern/gs_floaterLab/results/campaigns/gain_attribution/cvpr_assets/fixed_work_v1/render40/utmm/square-1/d3/curve_evaluation/final/images/001380_render.png,bbf20604d467d9ceb6cd3dcf90e0b2986070302ec05efbe0da8e8c8c26751486,/home/intern/gs_floaterLab/results/campaigns/gain_attribution/cvpr_assets/fixed_work_v1/render40/utmm/square-1/d3/curve_evaluation/final/images/001380_gt.png,2c5b6089241e697da181f9b06e4ad6cb295c4e141154d2062821db3f35467f78,03db1e7ae6f59d8a1a2cab78304771c5a7a1d01ff1f89ff2771f87648dd17d61
utmm,square-1,1380,2,vanilla,snapshot_05,1385,1278,1706737779.4622884,1706737783.0234087,3.5611202716827393,3053,15.245537854768813,"[162, 136, 378, 245]",/home/intern/gs_floaterLab/results/campaigns/gain_attribution/cvpr_assets/fixed_work_v1/render40/utmm/square-1/vanilla/curve_evaluation/snapshot_05/images/001380_render.png,783850b7913c0b0a0d9d4bf433857b69bfb3f2619ab0172dfe0737e48395ba1b,/home/intern/gs_floaterLab/results/campaigns/gain_attribution/cvpr_assets/fixed_work_v1/render40/utmm/square-1/vanilla/curve_evaluation/snapshot_05/images/001380_gt.png,2c5b6089241e697da181f9b06e4ad6cb295c4e141154d2062821db3f35467f78,d6b5d949242654fcc9901f02d949c59dc4bce105ebcd342de207f5b474cfce21
utmm,square-1,1380,2,vanilla,final,1613,1278,1706737779.4622884,1706737790.6253395,11.163051128387451,3600,15.326541360690587,"[162, 136, 378, 245]",/home/intern/gs_floaterLab/results/campaigns/gain_attribution/cvpr_assets/fixed_work_v1/render40/utmm/square-1/vanilla/curve_evaluation/final/images/001380_render.png,d7778f0c2720a2f92379a143d126a336c727b132a10824ee4fbf3da3c8d19572,/home/intern/gs_floaterLab/results/campaigns/gain_attribution/cvpr_assets/fixed_work_v1/render40/utmm/square-1/vanilla/curve_evaluation/final/images/001380_gt.png,2c5b6089241e697da181f9b06e4ad6cb295c4e141154d2062821db3f35467f78,d6b5d949242654fcc9901f02d949c59dc4bce105ebcd342de207f5b474cfce21
utmm,square-1,1380,2,d3,snapshot_05,1385,1278,1706737779.4622884,1706737783.0234087,3.5611202716827393,3041,16.880529215137933,"[162, 136, 378, 245]",/home/intern/gs_floaterLab/results/campaigns/gain_attribution/cvpr_assets/fixed_work_v1/render40/utmm/square-1/d3/curve_evaluation/snapshot_05/images/001380_render.png,b82da8417e76a6fba85b766cecbe364de75442150d6e2d30588f5ab1a06a26d0,/home/intern/gs_floaterLab/results/campaigns/gain_attribution/cvpr_assets/fixed_work_v1/render40/utmm/square-1/d3/curve_evaluation/snapshot_05/images/001380_gt.png,2c5b6089241e697da181f9b06e4ad6cb295c4e141154d2062821db3f35467f78,03db1e7ae6f59d8a1a2cab78304771c5a7a1d01ff1f89ff2771f87648dd17d61
utmm,square-1,1380,2,d3,final,1613,1278,1706737779.4622884,1706737790.6253395,11.163051128387451,3600,17.952660951563036,"[162, 136, 378, 245]",/home/intern/gs_floaterLab/results/campaigns/gain_attribution/cvpr_assets/fixed_work_v1/render40/utmm/square-1/d3/curve_evaluation/final/images/001380_render.png,bbf20604d467d9ceb6cd3dcf90e0b2986070302ec05efbe0da8e8c8c26751486,/home/intern/gs_floaterLab/results/campaigns/gain_attribution/cvpr_assets/fixed_work_v1/render40/utmm/square-1/d3/curve_evaluation/final/images/001380_gt.png,2c5b6089241e697da181f9b06e4ad6cb295c4e141154d2062821db3f35467f78,03db1e7ae6f59d8a1a2cab78304771c5a7a1d01ff1f89ff2771f87648dd17d61
utmm,square-2,345,0,vanilla,snapshot_01,337,182,1706739538.70514,1706739543.8951044,5.189964294433594,1212,13.615220735240698,"[162, 109, 378, 218]",/home/intern/gs_floaterLab/results/campaigns/gain_attribution/cvpr_assets/fixed_work_v1/render40/utmm/square-2/vanilla/curve_evaluation/snapshot_01/images/000345_render.png,fe38ce32062bc9d74842831e9d011e1f0fa43f1586bca93bab4c48f20347b169,/home/intern/gs_floaterLab/results/campaigns/gain_attribution/cvpr_assets/fixed_work_v1/render40/utmm/square-2/vanilla/curve_evaluation/snapshot_01/images/000345_gt.png,ce4e221517c3d1d9f3997dcda5ce36ac4ef08c4c6591f49111a0380df14accd0,f33738374d5311a5e748a44fa2a03662d67af897bd3a1a1641ec576a4ad5cb30
utmm,square-2,345,0,vanilla,snapshot_02,488,182,1706739538.70514,1706739548.9366188,10.231478691101074,1573,18.954531287151017,"[162, 109, 378, 218]",/home/intern/gs_floaterLab/results/campaigns/gain_attribution/cvpr_assets/fixed_work_v1/render40/utmm/square-2/vanilla/curve_evaluation/snapshot_02/images/000345_render.png,f915f87311b0f4e1c772f9b5b83ed546294d7ab50fb586bce83cb2a41ccd6fa1,/home/intern/gs_floaterLab/results/campaigns/gain_attribution/cvpr_assets/fixed_work_v1/render40/utmm/square-2/vanilla/curve_evaluation/snapshot_02/images/000345_gt.png,ce4e221517c3d1d9f3997dcda5ce36ac4ef08c4c6591f49111a0380df14accd0,f33738374d5311a5e748a44fa2a03662d67af897bd3a1a1641ec576a4ad5cb30
utmm,square-2,345,0,vanilla,snapshot_03,682,182,1706739538.70514,1706739555.4152575,16.71011734008789,2133,19.945434996009077,"[162, 109, 378, 218]",/home/intern/gs_floaterLab/results/campaigns/gain_attribution/cvpr_assets/fixed_work_v1/render40/utmm/square-2/vanilla/curve_evaluation/snapshot_03/images/000345_render.png,58ebdff9d73633d0a52dba6282f6a62fc2cf05dfe68010c8628328f2dc509e01,/home/intern/gs_floaterLab/results/campaigns/gain_attribution/cvpr_assets/fixed_work_v1/render40/utmm/square-2/vanilla/curve_evaluation/snapshot_03/images/000345_gt.png,ce4e221517c3d1d9f3997dcda5ce36ac4ef08c4c6591f49111a0380df14accd0,f33738374d5311a5e748a44fa2a03662d67af897bd3a1a1641ec576a4ad5cb30
utmm,square-2,345,0,vanilla,snapshot_04,876,182,1706739538.70514,1706739561.8685045,23.16336441040039,2533,20.368698482101834,"[162, 109, 378, 218]",/home/intern/gs_floaterLab/results/campaigns/gain_attribution/cvpr_assets/fixed_work_v1/render40/utmm/square-2/vanilla/curve_evaluation/snapshot_04/images/000345_render.png,962d780e56ec339cc281cbf0cd2ae18a9270d39043385936b0bf2a0e02a6657e,/home/intern/gs_floaterLab/results/campaigns/gain_attribution/cvpr_assets/fixed_work_v1/render40/utmm/square-2/vanilla/curve_evaluation/snapshot_04/images/000345_gt.png,ce4e221517c3d1d9f3997dcda5ce36ac4ef08c4c6591f49111a0380df14accd0,f33738374d5311a5e748a44fa2a03662d67af897bd3a1a1641ec576a4ad5cb30
utmm,square-2,345,0,vanilla,snapshot_05,1051,182,1706739538.70514,1706739567.6976404,28.99250030517578,2893,20.040099573582584,"[162, 109, 378, 218]",/home/intern/gs_floaterLab/results/campaigns/gain_attribution/cvpr_assets/fixed_work_v1/render40/utmm/square-2/vanilla/curve_evaluation/snapshot_05/images/000345_render.png,7d7c3b8caa6b72620346e88108260d08aca4391450e62412d078d8fcc62202aa,/home/intern/gs_floaterLab/results/campaigns/gain_attribution/cvpr_assets/fixed_work_v1/render40/utmm/square-2/vanilla/curve_evaluation/snapshot_05/images/000345_gt.png,ce4e221517c3d1d9f3997dcda5ce36ac4ef08c4c6591f49111a0380df14accd0,f33738374d5311a5e748a44fa2a03662d67af897bd3a1a1641ec576a4ad5cb30
utmm,square-2,345,0,vanilla,final,1218,182,1706739538.70514,1706739573.2741005,34.568960428237915,3080,20.06893988447535,"[162, 109, 378, 218]",/home/intern/gs_floaterLab/results/campaigns/gain_attribution/cvpr_assets/fixed_work_v1/render40/utmm/square-2/vanilla/curve_evaluation/final/images/000345_render.png,34816d3b0fa7dcf8efb7e761454d7d663682e239f942b94b9ac8baade8bff425,/home/intern/gs_floaterLab/results/campaigns/gain_attribution/cvpr_assets/fixed_work_v1/render40/utmm/square-2/vanilla/curve_evaluation/final/images/000345_gt.png,ce4e221517c3d1d9f3997dcda5ce36ac4ef08c4c6591f49111a0380df14accd0,f33738374d5311a5e748a44fa2a03662d67af897bd3a1a1641ec576a4ad5cb30
utmm,square-2,345,0,d3,snapshot_01,337,182,1706739538.70514,1706739543.8951044,5.189964294433594,1201,15.161670796115667,"[162, 109, 378, 218]",/home/intern/gs_floaterLab/results/campaigns/gain_attribution/cvpr_assets/fixed_work_v1/render40/utmm/square-2/d3/curve_evaluation/snapshot_01/images/000345_render.png,9e71095b4a18c2e46497ec0d2ad47c95eee4e1d18df0400e65fbfff788b89963,/home/intern/gs_floaterLab/results/campaigns/gain_attribution/cvpr_assets/fixed_work_v1/render40/utmm/square-2/d3/curve_evaluation/snapshot_01/images/000345_gt.png,ce4e221517c3d1d9f3997dcda5ce36ac4ef08c4c6591f49111a0380df14accd0,e2e8b7521e1167066cbf7f3a04b8f76771d56789dfa215cf15ff3379137216b9
utmm,square-2,345,0,d3,snapshot_02,488,182,1706739538.70514,1706739548.9366188,10.231478691101074,1561,23.14221826162076,"[162, 109, 378, 218]",/home/intern/gs_floaterLab/results/campaigns/gain_attribution/cvpr_assets/fixed_work_v1/render40/utmm/square-2/d3/curve_evaluation/snapshot_02/images/000345_render.png,533f3323df96422d17b1cb0630e59eccd8b191ac258fd4e1870e94a2f8e2f81c,/home/intern/gs_floaterLab/results/campaigns/gain_attribution/cvpr_assets/fixed_work_v1/render40/utmm/square-2/d3/curve_evaluation/snapshot_02/images/000345_gt.png,ce4e221517c3d1d9f3997dcda5ce36ac4ef08c4c6591f49111a0380df14accd0,e2e8b7521e1167066cbf7f3a04b8f76771d56789dfa215cf15ff3379137216b9
utmm,square-2,345,0,d3,snapshot_03,682,182,1706739538.70514,1706739555.4152575,16.71011734008789,2121,25.914082499279218,"[162, 109, 378, 218]",/home/intern/gs_floaterLab/results/campaigns/gain_attribution/cvpr_assets/fixed_work_v1/render40/utmm/square-2/d3/curve_evaluation/snapshot_03/images/000345_render.png,a0bf8771d30e25bf822d58ad4d5c345cfd21e04e95110ad7148d750d38e95a9a,/home/intern/gs_floaterLab/results/campaigns/gain_attribution/cvpr_assets/fixed_work_v1/render40/utmm/square-2/d3/curve_evaluation/snapshot_03/images/000345_gt.png,ce4e221517c3d1d9f3997dcda5ce36ac4ef08c4c6591f49111a0380df14accd0,e2e8b7521e1167066cbf7f3a04b8f76771d56789dfa215cf15ff3379137216b9
utmm,square-2,345,0,d3,snapshot_04,876,182,1706739538.70514,1706739561.8685045,23.16336441040039,2521,24.296643098864934,"[162, 109, 378, 218]",/home/intern/gs_floaterLab/results/campaigns/gain_attribution/cvpr_assets/fixed_work_v1/render40/utmm/square-2/d3/curve_evaluation/snapshot_04/images/000345_render.png,2bc8ea4b3fe2d2b636889c3467b9931db4ffd62d324eaa5a0fcfc932609ac893,/home/intern/gs_floaterLab/results/campaigns/gain_attribution/cvpr_assets/fixed_work_v1/render40/utmm/square-2/d3/curve_evaluation/snapshot_04/images/000345_gt.png,ce4e221517c3d1d9f3997dcda5ce36ac4ef08c4c6591f49111a0380df14accd0,e2e8b7521e1167066cbf7f3a04b8f76771d56789dfa215cf15ff3379137216b9
utmm,square-2,345,0,d3,snapshot_05,1051,182,1706739538.70514,1706739567.6976404,28.99250030517578,2881,25.59980730838759,"[162, 109, 378, 218]",/home/intern/gs_floaterLab/results/campaigns/gain_attribution/cvpr_assets/fixed_work_v1/render40/utmm/square-2/d3/curve_evaluation/snapshot_05/images/000345_render.png,79b0fa0c440ee2cf3d98a4594788283adf38408cab4d4ac959aad8e7eb229907,/home/intern/gs_floaterLab/results/campaigns/gain_attribution/cvpr_assets/fixed_work_v1/render40/utmm/square-2/d3/curve_evaluation/snapshot_05/images/000345_gt.png,ce4e221517c3d1d9f3997dcda5ce36ac4ef08c4c6591f49111a0380df14accd0,e2e8b7521e1167066cbf7f3a04b8f76771d56789dfa215cf15ff3379137216b9
utmm,square-2,345,0,d3,final,1218,182,1706739538.70514,1706739573.2741005,34.568960428237915,3080,24.248267719123557,"[162, 109, 378, 218]",/home/intern/gs_floaterLab/results/campaigns/gain_attribution/cvpr_assets/fixed_work_v1/render40/utmm/square-2/d3/curve_evaluation/final/images/000345_render.png,3174b705f37449fef8cb29230ec29c2e449496759bc9ce8dfdf213003ed9f8d8,/home/intern/gs_floaterLab/results/campaigns/gain_attribution/cvpr_assets/fixed_work_v1/render40/utmm/square-2/d3/curve_evaluation/final/images/000345_gt.png,ce4e221517c3d1d9f3997dcda5ce36ac4ef08c4c6591f49111a0380df14accd0,e2e8b7521e1167066cbf7f3a04b8f76771d56789dfa215cf15ff3379137216b9
utmm,square-2,345,2,vanilla,snapshot_01,337,286,1706739542.1926806,1706739543.8951044,1.7024238109588623,1212,13.630157547037086,"[0, 27, 216, 136]",/home/intern/gs_floaterLab/results/campaigns/gain_attribution/cvpr_assets/fixed_work_v1/render40/utmm/square-2/vanilla/curve_evaluation/snapshot_01/images/000345_render.png,fe38ce32062bc9d74842831e9d011e1f0fa43f1586bca93bab4c48f20347b169,/home/intern/gs_floaterLab/results/campaigns/gain_attribution/cvpr_assets/fixed_work_v1/render40/utmm/square-2/vanilla/curve_evaluation/snapshot_01/images/000345_gt.png,ce4e221517c3d1d9f3997dcda5ce36ac4ef08c4c6591f49111a0380df14accd0,f33738374d5311a5e748a44fa2a03662d67af897bd3a1a1641ec576a4ad5cb30
utmm,square-2,345,2,vanilla,snapshot_02,488,286,1706739542.1926806,1706739548.9366188,6.743938207626343,1573,19.350707703835578,"[0, 27, 216, 136]",/home/intern/gs_floaterLab/results/campaigns/gain_attribution/cvpr_assets/fixed_work_v1/render40/utmm/square-2/vanilla/curve_evaluation/snapshot_02/images/000345_render.png,f915f87311b0f4e1c772f9b5b83ed546294d7ab50fb586bce83cb2a41ccd6fa1,/home/intern/gs_floaterLab/results/campaigns/gain_attribution/cvpr_assets/fixed_work_v1/render40/utmm/square-2/vanilla/curve_evaluation/snapshot_02/images/000345_gt.png,ce4e221517c3d1d9f3997dcda5ce36ac4ef08c4c6591f49111a0380df14accd0,f33738374d5311a5e748a44fa2a03662d67af897bd3a1a1641ec576a4ad5cb30
utmm,square-2,345,2,vanilla,snapshot_03,682,286,1706739542.1926806,1706739555.4152575,13.22257685661316,2133,19.989623125200083,"[0, 27, 216, 136]",/home/intern/gs_floaterLab/results/campaigns/gain_attribution/cvpr_assets/fixed_work_v1/render40/utmm/square-2/vanilla/curve_evaluation/snapshot_03/images/000345_render.png,58ebdff9d73633d0a52dba6282f6a62fc2cf05dfe68010c8628328f2dc509e01,/home/intern/gs_floaterLab/results/campaigns/gain_attribution/cvpr_assets/fixed_work_v1/render40/utmm/square-2/vanilla/curve_evaluation/snapshot_03/images/000345_gt.png,ce4e221517c3d1d9f3997dcda5ce36ac4ef08c4c6591f49111a0380df14accd0,f33738374d5311a5e748a44fa2a03662d67af897bd3a1a1641ec576a4ad5cb30
utmm,square-2,345,2,vanilla,snapshot_04,876,286,1706739542.1926806,1706739561.8685045,19.67582392692566,2533,20.264375691693935,"[0, 27, 216, 136]",/home/intern/gs_floaterLab/results/campaigns/gain_attribution/cvpr_assets/fixed_work_v1/render40/utmm/square-2/vanilla/curve_evaluation/snapshot_04/images/000345_render.png,962d780e56ec339cc281cbf0cd2ae18a9270d39043385936b0bf2a0e02a6657e,/home/intern/gs_floaterLab/results/campaigns/gain_attribution/cvpr_assets/fixed_work_v1/render40/utmm/square-2/vanilla/curve_evaluation/snapshot_04/images/000345_gt.png,ce4e221517c3d1d9f3997dcda5ce36ac4ef08c4c6591f49111a0380df14accd0,f33738374d5311a5e748a44fa2a03662d67af897bd3a1a1641ec576a4ad5cb30
utmm,square-2,345,2,vanilla,snapshot_05,1051,286,1706739542.1926806,1706739567.6976404,25.50495982170105,2893,19.919741355006032,"[0, 27, 216, 136]",/home/intern/gs_floaterLab/results/campaigns/gain_attribution/cvpr_assets/fixed_work_v1/render40/utmm/square-2/vanilla/curve_evaluation/snapshot_05/images/000345_render.png,7d7c3b8caa6b72620346e88108260d08aca4391450e62412d078d8fcc62202aa,/home/intern/gs_floaterLab/results/campaigns/gain_attribution/cvpr_assets/fixed_work_v1/render40/utmm/square-2/vanilla/curve_evaluation/snapshot_05/images/000345_gt.png,ce4e221517c3d1d9f3997dcda5ce36ac4ef08c4c6591f49111a0380df14accd0,f33738374d5311a5e748a44fa2a03662d67af897bd3a1a1641ec576a4ad5cb30
utmm,square-2,345,2,vanilla,final,1218,286,1706739542.1926806,1706739573.2741005,31.081419944763184,3080,19.608144411321252,"[0, 27, 216, 136]",/home/intern/gs_floaterLab/results/campaigns/gain_attribution/cvpr_assets/fixed_work_v1/render40/utmm/square-2/vanilla/curve_evaluation/final/images/000345_render.png,34816d3b0fa7dcf8efb7e761454d7d663682e239f942b94b9ac8baade8bff425,/home/intern/gs_floaterLab/results/campaigns/gain_attribution/cvpr_assets/fixed_work_v1/render40/utmm/square-2/vanilla/curve_evaluation/final/images/000345_gt.png,ce4e221517c3d1d9f3997dcda5ce36ac4ef08c4c6591f49111a0380df14accd0,f33738374d5311a5e748a44fa2a03662d67af897bd3a1a1641ec576a4ad5cb30
utmm,square-2,345,2,d3,snapshot_01,337,286,1706739542.1926806,1706739543.8951044,1.7024238109588623,1201,15.936397297462669,"[0, 27, 216, 136]",/home/intern/gs_floaterLab/results/campaigns/gain_attribution/cvpr_assets/fixed_work_v1/render40/utmm/square-2/d3/curve_evaluation/snapshot_01/images/000345_render.png,9e71095b4a18c2e46497ec0d2ad47c95eee4e1d18df0400e65fbfff788b89963,/home/intern/gs_floaterLab/results/campaigns/gain_attribution/cvpr_assets/fixed_work_v1/render40/utmm/square-2/d3/curve_evaluation/snapshot_01/images/000345_gt.png,ce4e221517c3d1d9f3997dcda5ce36ac4ef08c4c6591f49111a0380df14accd0,e2e8b7521e1167066cbf7f3a04b8f76771d56789dfa215cf15ff3379137216b9
utmm,square-2,345,2,d3,snapshot_02,488,286,1706739542.1926806,1706739548.9366188,6.743938207626343,1561,21.880692420947906,"[0, 27, 216, 136]",/home/intern/gs_floaterLab/results/campaigns/gain_attribution/cvpr_assets/fixed_work_v1/render40/utmm/square-2/d3/curve_evaluation/snapshot_02/images/000345_render.png,533f3323df96422d17b1cb0630e59eccd8b191ac258fd4e1870e94a2f8e2f81c,/home/intern/gs_floaterLab/results/campaigns/gain_attribution/cvpr_assets/fixed_work_v1/render40/utmm/square-2/d3/curve_evaluation/snapshot_02/images/000345_gt.png,ce4e221517c3d1d9f3997dcda5ce36ac4ef08c4c6591f49111a0380df14accd0,e2e8b7521e1167066cbf7f3a04b8f76771d56789dfa215cf15ff3379137216b9
utmm,square-2,345,2,d3,snapshot_03,682,286,1706739542.1926806,1706739555.4152575,13.22257685661316,2121,23.720949169674974,"[0, 27, 216, 136]",/home/intern/gs_floaterLab/results/campaigns/gain_attribution/cvpr_assets/fixed_work_v1/render40/utmm/square-2/d3/curve_evaluation/snapshot_03/images/000345_render.png,a0bf8771d30e25bf822d58ad4d5c345cfd21e04e95110ad7148d750d38e95a9a,/home/intern/gs_floaterLab/results/campaigns/gain_attribution/cvpr_assets/fixed_work_v1/render40/utmm/square-2/d3/curve_evaluation/snapshot_03/images/000345_gt.png,ce4e221517c3d1d9f3997dcda5ce36ac4ef08c4c6591f49111a0380df14accd0,e2e8b7521e1167066cbf7f3a04b8f76771d56789dfa215cf15ff3379137216b9
utmm,square-2,345,2,d3,snapshot_04,876,286,1706739542.1926806,1706739561.8685045,19.67582392692566,2521,21.66986219921752,"[0, 27, 216, 136]",/home/intern/gs_floaterLab/results/campaigns/gain_attribution/cvpr_assets/fixed_work_v1/render40/utmm/square-2/d3/curve_evaluation/snapshot_04/images/000345_render.png,2bc8ea4b3fe2d2b636889c3467b9931db4ffd62d324eaa5a0fcfc932609ac893,/home/intern/gs_floaterLab/results/campaigns/gain_attribution/cvpr_assets/fixed_work_v1/render40/utmm/square-2/d3/curve_evaluation/snapshot_04/images/000345_gt.png,ce4e221517c3d1d9f3997dcda5ce36ac4ef08c4c6591f49111a0380df14accd0,e2e8b7521e1167066cbf7f3a04b8f76771d56789dfa215cf15ff3379137216b9
utmm,square-2,345,2,d3,snapshot_05,1051,286,1706739542.1926806,1706739567.6976404,25.50495982170105,2881,23.380899075043086,"[0, 27, 216, 136]",/home/intern/gs_floaterLab/results/campaigns/gain_attribution/cvpr_assets/fixed_work_v1/render40/utmm/square-2/d3/curve_evaluation/snapshot_05/images/000345_render.png,79b0fa0c440ee2cf3d98a4594788283adf38408cab4d4ac959aad8e7eb229907,/home/intern/gs_floaterLab/results/campaigns/gain_attribution/cvpr_assets/fixed_work_v1/render40/utmm/square-2/d3/curve_evaluation/snapshot_05/images/000345_gt.png,ce4e221517c3d1d9f3997dcda5ce36ac4ef08c4c6591f49111a0380df14accd0,e2e8b7521e1167066cbf7f3a04b8f76771d56789dfa215cf15ff3379137216b9
utmm,square-2,345,2,d3,final,1218,286,1706739542.1926806,1706739573.2741005,31.081419944763184,3080,23.102017787118662,"[0, 27, 216, 136]",/home/intern/gs_floaterLab/results/campaigns/gain_attribution/cvpr_assets/fixed_work_v1/render40/utmm/square-2/d3/curve_evaluation/final/images/000345_render.png,3174b705f37449fef8cb29230ec29c2e449496759bc9ce8dfdf213003ed9f8d8,/home/intern/gs_floaterLab/results/campaigns/gain_attribution/cvpr_assets/fixed_work_v1/render40/utmm/square-2/d3/curve_evaluation/final/images/000345_gt.png,ce4e221517c3d1d9f3997dcda5ce36ac4ef08c4c6591f49111a0380df14accd0,e2e8b7521e1167066cbf7f3a04b8f76771d56789dfa215cf15ff3379137216b9
utmm,square-2,695,0,vanilla,snapshot_03,682,648,1706739554.2786698,1706739555.4152575,1.1365876197814941,2133,10.670520432962496,"[54, 82, 270, 191]",/home/intern/gs_floaterLab/results/campaigns/gain_attribution/cvpr_assets/fixed_work_v1/render40/utmm/square-2/vanilla/curve_evaluation/snapshot_03/images/000695_render.png,9039ee631f29dfa20455f165c7c6e75d6ed568279b084c4c9494e90444e55530,/home/intern/gs_floaterLab/results/campaigns/gain_attribution/cvpr_assets/fixed_work_v1/render40/utmm/square-2/vanilla/curve_evaluation/snapshot_03/images/000695_gt.png,a3cc0369feb617c64d46f22ead06d818e958015ab2b059e07ba3b388e65352ca,f33738374d5311a5e748a44fa2a03662d67af897bd3a1a1641ec576a4ad5cb30
utmm,square-2,695,0,vanilla,snapshot_04,876,648,1706739554.2786698,1706739561.8685045,7.589834690093994,2533,17.246240308145204,"[54, 82, 270, 191]",/home/intern/gs_floaterLab/results/campaigns/gain_attribution/cvpr_assets/fixed_work_v1/render40/utmm/square-2/vanilla/curve_evaluation/snapshot_04/images/000695_render.png,b886867111e10f893f98bae573afb35a71aec1e94640267d3c553c0f63ff325a,/home/intern/gs_floaterLab/results/campaigns/gain_attribution/cvpr_assets/fixed_work_v1/render40/utmm/square-2/vanilla/curve_evaluation/snapshot_04/images/000695_gt.png,a3cc0369feb617c64d46f22ead06d818e958015ab2b059e07ba3b388e65352ca,f33738374d5311a5e748a44fa2a03662d67af897bd3a1a1641ec576a4ad5cb30
utmm,square-2,695,0,vanilla,snapshot_05,1051,648,1706739554.2786698,1706739567.6976404,13.418970584869385,2893,15.844166076529213,"[54, 82, 270, 191]",/home/intern/gs_floaterLab/results/campaigns/gain_attribution/cvpr_assets/fixed_work_v1/render40/utmm/square-2/vanilla/curve_evaluation/snapshot_05/images/000695_render.png,3e8327f4217088057329b8ee8d9cebe76e1ce066b31bad6d87ef69a96223a835,/home/intern/gs_floaterLab/results/campaigns/gain_attribution/cvpr_assets/fixed_work_v1/render40/utmm/square-2/vanilla/curve_evaluation/snapshot_05/images/000695_gt.png,a3cc0369feb617c64d46f22ead06d818e958015ab2b059e07ba3b388e65352ca,f33738374d5311a5e748a44fa2a03662d67af897bd3a1a1641ec576a4ad5cb30
utmm,square-2,695,0,vanilla,final,1218,648,1706739554.2786698,1706739573.2741005,18.99543070793152,3080,15.5753032414092,"[54, 82, 270, 191]",/home/intern/gs_floaterLab/results/campaigns/gain_attribution/cvpr_assets/fixed_work_v1/render40/utmm/square-2/vanilla/curve_evaluation/final/images/000695_render.png,ea6697994c88a6a1a591b325c8dfdb42fd1cf43d426faf49dea11135cea021f9,/home/intern/gs_floaterLab/results/campaigns/gain_attribution/cvpr_assets/fixed_work_v1/render40/utmm/square-2/vanilla/curve_evaluation/final/images/000695_gt.png,a3cc0369feb617c64d46f22ead06d818e958015ab2b059e07ba3b388e65352ca,f33738374d5311a5e748a44fa2a03662d67af897bd3a1a1641ec576a4ad5cb30
utmm,square-2,695,0,d3,snapshot_03,682,648,1706739554.2786698,1706739555.4152575,1.1365876197814941,2121,12.920044667560592,"[54, 82, 270, 191]",/home/intern/gs_floaterLab/results/campaigns/gain_attribution/cvpr_assets/fixed_work_v1/render40/utmm/square-2/d3/curve_evaluation/snapshot_03/images/000695_render.png,e90d69f22f898bba6966f5224978d617139bd74b96a074d25efdd573d6fd49a3,/home/intern/gs_floaterLab/results/campaigns/gain_attribution/cvpr_assets/fixed_work_v1/render40/utmm/square-2/d3/curve_evaluation/snapshot_03/images/000695_gt.png,a3cc0369feb617c64d46f22ead06d818e958015ab2b059e07ba3b388e65352ca,e2e8b7521e1167066cbf7f3a04b8f76771d56789dfa215cf15ff3379137216b9
utmm,square-2,695,0,d3,snapshot_04,876,648,1706739554.2786698,1706739561.8685045,7.589834690093994,2521,19.155679228099988,"[54, 82, 270, 191]",/home/intern/gs_floaterLab/results/campaigns/gain_attribution/cvpr_assets/fixed_work_v1/render40/utmm/square-2/d3/curve_evaluation/snapshot_04/images/000695_render.png,77c2fd3ea5b045ddfe7be71f1461221563b517a4b7d0156e3a74d73233b00e54,/home/intern/gs_floaterLab/results/campaigns/gain_attribution/cvpr_assets/fixed_work_v1/render40/utmm/square-2/d3/curve_evaluation/snapshot_04/images/000695_gt.png,a3cc0369feb617c64d46f22ead06d818e958015ab2b059e07ba3b388e65352ca,e2e8b7521e1167066cbf7f3a04b8f76771d56789dfa215cf15ff3379137216b9
utmm,square-2,695,0,d3,snapshot_05,1051,648,1706739554.2786698,1706739567.6976404,13.418970584869385,2881,21.27456350827801,"[54, 82, 270, 191]",/home/intern/gs_floaterLab/results/campaigns/gain_attribution/cvpr_assets/fixed_work_v1/render40/utmm/square-2/d3/curve_evaluation/snapshot_05/images/000695_render.png,03d0f9c4ee2a812e1097a0ffa9040f03d57b487019f799cbab54f74b49e1d9c5,/home/intern/gs_floaterLab/results/campaigns/gain_attribution/cvpr_assets/fixed_work_v1/render40/utmm/square-2/d3/curve_evaluation/snapshot_05/images/000695_gt.png,a3cc0369feb617c64d46f22ead06d818e958015ab2b059e07ba3b388e65352ca,e2e8b7521e1167066cbf7f3a04b8f76771d56789dfa215cf15ff3379137216b9
utmm,square-2,695,0,d3,final,1218,648,1706739554.2786698,1706739573.2741005,18.99543070793152,3080,21.700044272392454,"[54, 82, 270, 191]",/home/intern/gs_floaterLab/results/campaigns/gain_attribution/cvpr_assets/fixed_work_v1/render40/utmm/square-2/d3/curve_evaluation/final/images/000695_render.png,f3f095e573f44460268593b02353df1f2e72dc9277d5cd5470cac2d65c52ed8b,/home/intern/gs_floaterLab/results/campaigns/gain_attribution/cvpr_assets/fixed_work_v1/render40/utmm/square-2/d3/curve_evaluation/final/images/000695_gt.png,a3cc0369feb617c64d46f22ead06d818e958015ab2b059e07ba3b388e65352ca,e2e8b7521e1167066cbf7f3a04b8f76771d56789dfa215cf15ff3379137216b9
utmm,square-2,695,1,vanilla,snapshot_03,682,624,1706739553.478778,1706739555.4152575,1.9364795684814453,2133,13.209345581180072,"[216, 82, 432, 191]",/home/intern/gs_floaterLab/results/campaigns/gain_attribution/cvpr_assets/fixed_work_v1/render40/utmm/square-2/vanilla/curve_evaluation/snapshot_03/images/000695_render.png,9039ee631f29dfa20455f165c7c6e75d6ed568279b084c4c9494e90444e55530,/home/intern/gs_floaterLab/results/campaigns/gain_attribution/cvpr_assets/fixed_work_v1/render40/utmm/square-2/vanilla/curve_evaluation/snapshot_03/images/000695_gt.png,a3cc0369feb617c64d46f22ead06d818e958015ab2b059e07ba3b388e65352ca,f33738374d5311a5e748a44fa2a03662d67af897bd3a1a1641ec576a4ad5cb30
utmm,square-2,695,1,vanilla,snapshot_04,876,624,1706739553.478778,1706739561.8685045,8.389726638793945,2533,18.759842637864494,"[216, 82, 432, 191]",/home/intern/gs_floaterLab/results/campaigns/gain_attribution/cvpr_assets/fixed_work_v1/render40/utmm/square-2/vanilla/curve_evaluation/snapshot_04/images/000695_render.png,b886867111e10f893f98bae573afb35a71aec1e94640267d3c553c0f63ff325a,/home/intern/gs_floaterLab/results/campaigns/gain_attribution/cvpr_assets/fixed_work_v1/render40/utmm/square-2/vanilla/curve_evaluation/snapshot_04/images/000695_gt.png,a3cc0369feb617c64d46f22ead06d818e958015ab2b059e07ba3b388e65352ca,f33738374d5311a5e748a44fa2a03662d67af897bd3a1a1641ec576a4ad5cb30
utmm,square-2,695,1,vanilla,snapshot_05,1051,624,1706739553.478778,1706739567.6976404,14.218862533569336,2893,17.130700931178623,"[216, 82, 432, 191]",/home/intern/gs_floaterLab/results/campaigns/gain_attribution/cvpr_assets/fixed_work_v1/render40/utmm/square-2/vanilla/curve_evaluation/snapshot_05/images/000695_render.png,3e8327f4217088057329b8ee8d9cebe76e1ce066b31bad6d87ef69a96223a835,/home/intern/gs_floaterLab/results/campaigns/gain_attribution/cvpr_assets/fixed_work_v1/render40/utmm/square-2/vanilla/curve_evaluation/snapshot_05/images/000695_gt.png,a3cc0369feb617c64d46f22ead06d818e958015ab2b059e07ba3b388e65352ca,f33738374d5311a5e748a44fa2a03662d67af897bd3a1a1641ec576a4ad5cb30
utmm,square-2,695,1,vanilla,final,1218,624,1706739553.478778,1706739573.2741005,19.79532265663147,3080,16.92373498497087,"[216, 82, 432, 191]",/home/intern/gs_floaterLab/results/campaigns/gain_attribution/cvpr_assets/fixed_work_v1/render40/utmm/square-2/vanilla/curve_evaluation/final/images/000695_render.png,ea6697994c88a6a1a591b325c8dfdb42fd1cf43d426faf49dea11135cea021f9,/home/intern/gs_floaterLab/results/campaigns/gain_attribution/cvpr_assets/fixed_work_v1/render40/utmm/square-2/vanilla/curve_evaluation/final/images/000695_gt.png,a3cc0369feb617c64d46f22ead06d818e958015ab2b059e07ba3b388e65352ca,f33738374d5311a5e748a44fa2a03662d67af897bd3a1a1641ec576a4ad5cb30
utmm,square-2,695,1,d3,snapshot_03,682,624,1706739553.478778,1706739555.4152575,1.9364795684814453,2121,15.92997220199287,"[216, 82, 432, 191]",/home/intern/gs_floaterLab/results/campaigns/gain_attribution/cvpr_assets/fixed_work_v1/render40/utmm/square-2/d3/curve_evaluation/snapshot_03/images/000695_render.png,e90d69f22f898bba6966f5224978d617139bd74b96a074d25efdd573d6fd49a3,/home/intern/gs_floaterLab/results/campaigns/gain_attribution/cvpr_assets/fixed_work_v1/render40/utmm/square-2/d3/curve_evaluation/snapshot_03/images/000695_gt.png,a3cc0369feb617c64d46f22ead06d818e958015ab2b059e07ba3b388e65352ca,e2e8b7521e1167066cbf7f3a04b8f76771d56789dfa215cf15ff3379137216b9
utmm,square-2,695,1,d3,snapshot_04,876,624,1706739553.478778,1706739561.8685045,8.389726638793945,2521,21.103412550418717,"[216, 82, 432, 191]",/home/intern/gs_floaterLab/results/campaigns/gain_attribution/cvpr_assets/fixed_work_v1/render40/utmm/square-2/d3/curve_evaluation/snapshot_04/images/000695_render.png,77c2fd3ea5b045ddfe7be71f1461221563b517a4b7d0156e3a74d73233b00e54,/home/intern/gs_floaterLab/results/campaigns/gain_attribution/cvpr_assets/fixed_work_v1/render40/utmm/square-2/d3/curve_evaluation/snapshot_04/images/000695_gt.png,a3cc0369feb617c64d46f22ead06d818e958015ab2b059e07ba3b388e65352ca,e2e8b7521e1167066cbf7f3a04b8f76771d56789dfa215cf15ff3379137216b9
utmm,square-2,695,1,d3,snapshot_05,1051,624,1706739553.478778,1706739567.6976404,14.218862533569336,2881,23.249362672633072,"[216, 82, 432, 191]",/home/intern/gs_floaterLab/results/campaigns/gain_attribution/cvpr_assets/fixed_work_v1/render40/utmm/square-2/d3/curve_evaluation/snapshot_05/images/000695_render.png,03d0f9c4ee2a812e1097a0ffa9040f03d57b487019f799cbab54f74b49e1d9c5,/home/intern/gs_floaterLab/results/campaigns/gain_attribution/cvpr_assets/fixed_work_v1/render40/utmm/square-2/d3/curve_evaluation/snapshot_05/images/000695_gt.png,a3cc0369feb617c64d46f22ead06d818e958015ab2b059e07ba3b388e65352ca,e2e8b7521e1167066cbf7f3a04b8f76771d56789dfa215cf15ff3379137216b9
utmm,square-2,695,1,d3,final,1218,624,1706739553.478778,1706739573.2741005,19.79532265663147,3080,23.944261090680904,"[216, 82, 432, 191]",/home/intern/gs_floaterLab/results/campaigns/gain_attribution/cvpr_assets/fixed_work_v1/render40/utmm/square-2/d3/curve_evaluation/final/images/000695_render.png,f3f095e573f44460268593b02353df1f2e72dc9277d5cd5470cac2d65c52ed8b,/home/intern/gs_floaterLab/results/campaigns/gain_attribution/cvpr_assets/fixed_work_v1/render40/utmm/square-2/d3/curve_evaluation/final/images/000695_gt.png,a3cc0369feb617c64d46f22ead06d818e958015ab2b059e07ba3b388e65352ca,e2e8b7521e1167066cbf7f3a04b8f76771d56789dfa215cf15ff3379137216b9
utmm,square-2,695,2,vanilla,snapshot_03,682,666,1706739554.8834474,1706739555.4152575,0.5318100452423096,2133,11.828400456338839,"[432, 82, 648, 191]",/home/intern/gs_floaterLab/results/campaigns/gain_attribution/cvpr_assets/fixed_work_v1/render40/utmm/square-2/vanilla/curve_evaluation/snapshot_03/images/000695_render.png,9039ee631f29dfa20455f165c7c6e75d6ed568279b084c4c9494e90444e55530,/home/intern/gs_floaterLab/results/campaigns/gain_attribution/cvpr_assets/fixed_work_v1/render40/utmm/square-2/vanilla/curve_evaluation/snapshot_03/images/000695_gt.png,a3cc0369feb617c64d46f22ead06d818e958015ab2b059e07ba3b388e65352ca,f33738374d5311a5e748a44fa2a03662d67af897bd3a1a1641ec576a4ad5cb30
utmm,square-2,695,2,vanilla,snapshot_04,876,666,1706739554.8834474,1706739561.8685045,6.98505711555481,2533,17.100936347838925,"[432, 82, 648, 191]",/home/intern/gs_floaterLab/results/campaigns/gain_attribution/cvpr_assets/fixed_work_v1/render40/utmm/square-2/vanilla/curve_evaluation/snapshot_04/images/000695_render.png,b886867111e10f893f98bae573afb35a71aec1e94640267d3c553c0f63ff325a,/home/intern/gs_floaterLab/results/campaigns/gain_attribution/cvpr_assets/fixed_work_v1/render40/utmm/square-2/vanilla/curve_evaluation/snapshot_04/images/000695_gt.png,a3cc0369feb617c64d46f22ead06d818e958015ab2b059e07ba3b388e65352ca,f33738374d5311a5e748a44fa2a03662d67af897bd3a1a1641ec576a4ad5cb30
utmm,square-2,695,2,vanilla,snapshot_05,1051,666,1706739554.8834474,1706739567.6976404,12.8141930103302,2893,16.579432211118725,"[432, 82, 648, 191]",/home/intern/gs_floaterLab/results/campaigns/gain_attribution/cvpr_assets/fixed_work_v1/render40/utmm/square-2/vanilla/curve_evaluation/snapshot_05/images/000695_render.png,3e8327f4217088057329b8ee8d9cebe76e1ce066b31bad6d87ef69a96223a835,/home/intern/gs_floaterLab/results/campaigns/gain_attribution/cvpr_assets/fixed_work_v1/render40/utmm/square-2/vanilla/curve_evaluation/snapshot_05/images/000695_gt.png,a3cc0369feb617c64d46f22ead06d818e958015ab2b059e07ba3b388e65352ca,f33738374d5311a5e748a44fa2a03662d67af897bd3a1a1641ec576a4ad5cb30
utmm,square-2,695,2,vanilla,final,1218,666,1706739554.8834474,1706739573.2741005,18.390653133392334,3080,16.725409971078495,"[432, 82, 648, 191]",/home/intern/gs_floaterLab/results/campaigns/gain_attribution/cvpr_assets/fixed_work_v1/render40/utmm/square-2/vanilla/curve_evaluation/final/images/000695_render.png,ea6697994c88a6a1a591b325c8dfdb42fd1cf43d426faf49dea11135cea021f9,/home/intern/gs_floaterLab/results/campaigns/gain_attribution/cvpr_assets/fixed_work_v1/render40/utmm/square-2/vanilla/curve_evaluation/final/images/000695_gt.png,a3cc0369feb617c64d46f22ead06d818e958015ab2b059e07ba3b388e65352ca,f33738374d5311a5e748a44fa2a03662d67af897bd3a1a1641ec576a4ad5cb30
utmm,square-2,695,2,d3,snapshot_03,682,666,1706739554.8834474,1706739555.4152575,0.5318100452423096,2121,13.26275172042733,"[432, 82, 648, 191]",/home/intern/gs_floaterLab/results/campaigns/gain_attribution/cvpr_assets/fixed_work_v1/render40/utmm/square-2/d3/curve_evaluation/snapshot_03/images/000695_render.png,e90d69f22f898bba6966f5224978d617139bd74b96a074d25efdd573d6fd49a3,/home/intern/gs_floaterLab/results/campaigns/gain_attribution/cvpr_assets/fixed_work_v1/render40/utmm/square-2/d3/curve_evaluation/snapshot_03/images/000695_gt.png,a3cc0369feb617c64d46f22ead06d818e958015ab2b059e07ba3b388e65352ca,e2e8b7521e1167066cbf7f3a04b8f76771d56789dfa215cf15ff3379137216b9
utmm,square-2,695,2,d3,snapshot_04,876,666,1706739554.8834474,1706739561.8685045,6.98505711555481,2521,19.017701932635095,"[432, 82, 648, 191]",/home/intern/gs_floaterLab/results/campaigns/gain_attribution/cvpr_assets/fixed_work_v1/render40/utmm/square-2/d3/curve_evaluation/snapshot_04/images/000695_render.png,77c2fd3ea5b045ddfe7be71f1461221563b517a4b7d0156e3a74d73233b00e54,/home/intern/gs_floaterLab/results/campaigns/gain_attribution/cvpr_assets/fixed_work_v1/render40/utmm/square-2/d3/curve_evaluation/snapshot_04/images/000695_gt.png,a3cc0369feb617c64d46f22ead06d818e958015ab2b059e07ba3b388e65352ca,e2e8b7521e1167066cbf7f3a04b8f76771d56789dfa215cf15ff3379137216b9
utmm,square-2,695,2,d3,snapshot_05,1051,666,1706739554.8834474,1706739567.6976404,12.8141930103302,2881,19.61726717863443,"[432, 82, 648, 191]",/home/intern/gs_floaterLab/results/campaigns/gain_attribution/cvpr_assets/fixed_work_v1/render40/utmm/square-2/d3/curve_evaluation/snapshot_05/images/000695_render.png,03d0f9c4ee2a812e1097a0ffa9040f03d57b487019f799cbab54f74b49e1d9c5,/home/intern/gs_floaterLab/results/campaigns/gain_attribution/cvpr_assets/fixed_work_v1/render40/utmm/square-2/d3/curve_evaluation/snapshot_05/images/000695_gt.png,a3cc0369feb617c64d46f22ead06d818e958015ab2b059e07ba3b388e65352ca,e2e8b7521e1167066cbf7f3a04b8f76771d56789dfa215cf15ff3379137216b9
utmm,square-2,695,2,d3,final,1218,666,1706739554.8834474,1706739573.2741005,18.390653133392334,3080,20.556425509211252,"[432, 82, 648, 191]",/home/intern/gs_floaterLab/results/campaigns/gain_attribution/cvpr_assets/fixed_work_v1/render40/utmm/square-2/d3/curve_evaluation/final/images/000695_render.png,f3f095e573f44460268593b02353df1f2e72dc9277d5cd5470cac2d65c52ed8b,/home/intern/gs_floaterLab/results/campaigns/gain_attribution/cvpr_assets/fixed_work_v1/render40/utmm/square-2/d3/curve_evaluation/final/images/000695_gt.png,a3cc0369feb617c64d46f22ead06d818e958015ab2b059e07ba3b388e65352ca,e2e8b7521e1167066cbf7f3a04b8f76771d56789dfa215cf15ff3379137216b9
utmm,square-2,1045,0,vanilla,snapshot_05,1051,964,1706739564.7982724,1706739567.6976404,2.8993680477142334,2893,12.233174496393938,"[216, 54, 432, 163]",/home/intern/gs_floaterLab/results/campaigns/gain_attribution/cvpr_assets/fixed_work_v1/render40/utmm/square-2/vanilla/curve_evaluation/snapshot_05/images/001045_render.png,14382dcb00405f998904122e0be1a9b6f435c7eb5ba271a9f6dde234279ed4a2,/home/intern/gs_floaterLab/results/campaigns/gain_attribution/cvpr_assets/fixed_work_v1/render40/utmm/square-2/vanilla/curve_evaluation/snapshot_05/images/001045_gt.png,ff6711c81abfc1180e26123389d8c6e8b6459a935a68444687fa719add1fff22,f33738374d5311a5e748a44fa2a03662d67af897bd3a1a1641ec576a4ad5cb30
utmm,square-2,1045,0,vanilla,final,1218,964,1706739564.7982724,1706739573.2741005,8.475828170776367,3080,15.598599411933138,"[216, 54, 432, 163]",/home/intern/gs_floaterLab/results/campaigns/gain_attribution/cvpr_assets/fixed_work_v1/render40/utmm/square-2/vanilla/curve_evaluation/final/images/001045_render.png,6388f1b2dcf14c9ed5155ac6076a814adad351638b138be2e7d9afdb86a7a162,/home/intern/gs_floaterLab/results/campaigns/gain_attribution/cvpr_assets/fixed_work_v1/render40/utmm/square-2/vanilla/curve_evaluation/final/images/001045_gt.png,ff6711c81abfc1180e26123389d8c6e8b6459a935a68444687fa719add1fff22,f33738374d5311a5e748a44fa2a03662d67af897bd3a1a1641ec576a4ad5cb30
utmm,square-2,1045,0,d3,snapshot_05,1051,964,1706739564.7982724,1706739567.6976404,2.8993680477142334,2881,12.836780344706513,"[216, 54, 432, 163]",/home/intern/gs_floaterLab/results/campaigns/gain_attribution/cvpr_assets/fixed_work_v1/render40/utmm/square-2/d3/curve_evaluation/snapshot_05/images/001045_render.png,7ef2a122ff0a17fca7509d9f08181188fb174f75a1b01b69495e1640be4e30a9,/home/intern/gs_floaterLab/results/campaigns/gain_attribution/cvpr_assets/fixed_work_v1/render40/utmm/square-2/d3/curve_evaluation/snapshot_05/images/001045_gt.png,ff6711c81abfc1180e26123389d8c6e8b6459a935a68444687fa719add1fff22,e2e8b7521e1167066cbf7f3a04b8f76771d56789dfa215cf15ff3379137216b9
utmm,square-2,1045,0,d3,final,1218,964,1706739564.7982724,1706739573.2741005,8.475828170776367,3080,19.057953482379418,"[216, 54, 432, 163]",/home/intern/gs_floaterLab/results/campaigns/gain_attribution/cvpr_assets/fixed_work_v1/render40/utmm/square-2/d3/curve_evaluation/final/images/001045_render.png,ea7b999412de6138d8fbffa62993c827c29fe5c748cebf2dc0559f29769eb112,/home/intern/gs_floaterLab/results/campaigns/gain_attribution/cvpr_assets/fixed_work_v1/render40/utmm/square-2/d3/curve_evaluation/final/images/001045_gt.png,ff6711c81abfc1180e26123389d8c6e8b6459a935a68444687fa719add1fff22,e2e8b7521e1167066cbf7f3a04b8f76771d56789dfa215cf15ff3379137216b9
utmm,square-2,1045,1,vanilla,snapshot_05,1051,929,1706739563.6319077,1706739567.6976404,4.065732717514038,2893,11.967661347625324,"[108, 109, 324, 218]",/home/intern/gs_floaterLab/results/campaigns/gain_attribution/cvpr_assets/fixed_work_v1/render40/utmm/square-2/vanilla/curve_evaluation/snapshot_05/images/001045_render.png,14382dcb00405f998904122e0be1a9b6f435c7eb5ba271a9f6dde234279ed4a2,/home/intern/gs_floaterLab/results/campaigns/gain_attribution/cvpr_assets/fixed_work_v1/render40/utmm/square-2/vanilla/curve_evaluation/snapshot_05/images/001045_gt.png,ff6711c81abfc1180e26123389d8c6e8b6459a935a68444687fa719add1fff22,f33738374d5311a5e748a44fa2a03662d67af897bd3a1a1641ec576a4ad5cb30
utmm,square-2,1045,1,vanilla,final,1218,929,1706739563.6319077,1706739573.2741005,9.642192840576172,3080,14.737496111130735,"[108, 109, 324, 218]",/home/intern/gs_floaterLab/results/campaigns/gain_attribution/cvpr_assets/fixed_work_v1/render40/utmm/square-2/vanilla/curve_evaluation/final/images/001045_render.png,6388f1b2dcf14c9ed5155ac6076a814adad351638b138be2e7d9afdb86a7a162,/home/intern/gs_floaterLab/results/campaigns/gain_attribution/cvpr_assets/fixed_work_v1/render40/utmm/square-2/vanilla/curve_evaluation/final/images/001045_gt.png,ff6711c81abfc1180e26123389d8c6e8b6459a935a68444687fa719add1fff22,f33738374d5311a5e748a44fa2a03662d67af897bd3a1a1641ec576a4ad5cb30
utmm,square-2,1045,1,d3,snapshot_05,1051,929,1706739563.6319077,1706739567.6976404,4.065732717514038,2881,12.899675850019083,"[108, 109, 324, 218]",/home/intern/gs_floaterLab/results/campaigns/gain_attribution/cvpr_assets/fixed_work_v1/render40/utmm/square-2/d3/curve_evaluation/snapshot_05/images/001045_render.png,7ef2a122ff0a17fca7509d9f08181188fb174f75a1b01b69495e1640be4e30a9,/home/intern/gs_floaterLab/results/campaigns/gain_attribution/cvpr_assets/fixed_work_v1/render40/utmm/square-2/d3/curve_evaluation/snapshot_05/images/001045_gt.png,ff6711c81abfc1180e26123389d8c6e8b6459a935a68444687fa719add1fff22,e2e8b7521e1167066cbf7f3a04b8f76771d56789dfa215cf15ff3379137216b9
utmm,square-2,1045,1,d3,final,1218,929,1706739563.6319077,1706739573.2741005,9.642192840576172,3080,18.328216328567322,"[108, 109, 324, 218]",/home/intern/gs_floaterLab/results/campaigns/gain_attribution/cvpr_assets/fixed_work_v1/render40/utmm/square-2/d3/curve_evaluation/final/images/001045_render.png,ea7b999412de6138d8fbffa62993c827c29fe5c748cebf2dc0559f29769eb112,/home/intern/gs_floaterLab/results/campaigns/gain_attribution/cvpr_assets/fixed_work_v1/render40/utmm/square-2/d3/curve_evaluation/final/images/001045_gt.png,ff6711c81abfc1180e26123389d8c6e8b6459a935a68444687fa719add1fff22,e2e8b7521e1167066cbf7f3a04b8f76771d56789dfa215cf15ff3379137216b9
utmm,square-2,1045,2,vanilla,snapshot_05,1051,994,1706739565.7984939,1706739567.6976404,1.899146556854248,2893,12.061369505268349,"[54, 27, 270, 136]",/home/intern/gs_floaterLab/results/campaigns/gain_attribution/cvpr_assets/fixed_work_v1/render40/utmm/square-2/vanilla/curve_evaluation/snapshot_05/images/001045_render.png,14382dcb00405f998904122e0be1a9b6f435c7eb5ba271a9f6dde234279ed4a2,/home/intern/gs_floaterLab/results/campaigns/gain_attribution/cvpr_assets/fixed_work_v1/render40/utmm/square-2/vanilla/curve_evaluation/snapshot_05/images/001045_gt.png,ff6711c81abfc1180e26123389d8c6e8b6459a935a68444687fa719add1fff22,f33738374d5311a5e748a44fa2a03662d67af897bd3a1a1641ec576a4ad5cb30
utmm,square-2,1045,2,vanilla,final,1218,994,1706739565.7984939,1706739573.2741005,7.475606679916382,3080,14.971315036937723,"[54, 27, 270, 136]",/home/intern/gs_floaterLab/results/campaigns/gain_attribution/cvpr_assets/fixed_work_v1/render40/utmm/square-2/vanilla/curve_evaluation/final/images/001045_render.png,6388f1b2dcf14c9ed5155ac6076a814adad351638b138be2e7d9afdb86a7a162,/home/intern/gs_floaterLab/results/campaigns/gain_attribution/cvpr_assets/fixed_work_v1/render40/utmm/square-2/vanilla/curve_evaluation/final/images/001045_gt.png,ff6711c81abfc1180e26123389d8c6e8b6459a935a68444687fa719add1fff22,f33738374d5311a5e748a44fa2a03662d67af897bd3a1a1641ec576a4ad5cb30
utmm,square-2,1045,2,d3,snapshot_05,1051,994,1706739565.7984939,1706739567.6976404,1.899146556854248,2881,13.122342060481953,"[54, 27, 270, 136]",/home/intern/gs_floaterLab/results/campaigns/gain_attribution/cvpr_assets/fixed_work_v1/render40/utmm/square-2/d3/curve_evaluation/snapshot_05/images/001045_render.png,7ef2a122ff0a17fca7509d9f08181188fb174f75a1b01b69495e1640be4e30a9,/home/intern/gs_floaterLab/results/campaigns/gain_attribution/cvpr_assets/fixed_work_v1/render40/utmm/square-2/d3/curve_evaluation/snapshot_05/images/001045_gt.png,ff6711c81abfc1180e26123389d8c6e8b6459a935a68444687fa719add1fff22,e2e8b7521e1167066cbf7f3a04b8f76771d56789dfa215cf15ff3379137216b9
utmm,square-2,1045,2,d3,final,1218,994,1706739565.7984939,1706739573.2741005,7.475606679916382,3080,18.519499317901563,"[54, 27, 270, 136]",/home/intern/gs_floaterLab/results/campaigns/gain_attribution/cvpr_assets/fixed_work_v1/render40/utmm/square-2/d3/curve_evaluation/final/images/001045_render.png,ea7b999412de6138d8fbffa62993c827c29fe5c748cebf2dc0559f29769eb112,/home/intern/gs_floaterLab/results/campaigns/gain_attribution/cvpr_assets/fixed_work_v1/render40/utmm/square-2/d3/curve_evaluation/final/images/001045_gt.png,ff6711c81abfc1180e26123389d8c6e8b6459a935a68444687fa719add1fff22,e2e8b7521e1167066cbf7f3a04b8f76771d56789dfa215cf15ff3379137216b9
aria,aria1253,370,0,vanilla,snapshot_01,342,309,3830.219947262,3831.869942475,1.6499952129997837,2053,16.441066212503756,"[155, 77, 309, 231]",/home/intern/gs_floaterLab/results/campaigns/gain_attribution/cvpr_assets/fixed_work_v1/render40/aria/aria1253/vanilla/curve_evaluation/snapshot_01/images/000370_render.png,107f92a6dadede1a33cc28953c7c700815b42823d595fe4c65e2f86f23ffef31,/home/intern/gs_floaterLab/results/campaigns/gain_attribution/cvpr_assets/fixed_work_v1/render40/aria/aria1253/vanilla/curve_evaluation/snapshot_01/images/000370_gt.png,1aff7b3f61f2c1fce72b7fdd2190f58139de70455316c5a90a5f11a00b4f4f50,0b3dc0e97c8eb80b75402091dcc9358e424e24a24147c01db364d9dc9d24edbc
aria,aria1253,370,0,vanilla,snapshot_02,521,309,3830.219947262,3840.81994735,10.600000087999888,2653,22.575272588943598,"[155, 77, 309, 231]",/home/intern/gs_floaterLab/results/campaigns/gain_attribution/cvpr_assets/fixed_work_v1/render40/aria/aria1253/vanilla/curve_evaluation/snapshot_02/images/000370_render.png,0cd1d5b2256d43dee79dae8404339c07c65339c169544859cb2083c5996d6b1c,/home/intern/gs_floaterLab/results/campaigns/gain_attribution/cvpr_assets/fixed_work_v1/render40/aria/aria1253/vanilla/curve_evaluation/snapshot_02/images/000370_gt.png,1aff7b3f61f2c1fce72b7fdd2190f58139de70455316c5a90a5f11a00b4f4f50,0b3dc0e97c8eb80b75402091dcc9358e424e24a24147c01db364d9dc9d24edbc
aria,aria1253,370,0,vanilla,snapshot_03,753,309,3830.219947262,3852.419946475,22.199999212999955,3213,14.366541140182667,"[155, 77, 309, 231]",/home/intern/gs_floaterLab/results/campaigns/gain_attribution/cvpr_assets/fixed_work_v1/render40/aria/aria1253/vanilla/curve_evaluation/snapshot_03/images/000370_render.png,0724b5df29967de232007952424f68bb9d5e2a7880852db0979424c8ccc4fb87,/home/intern/gs_floaterLab/results/campaigns/gain_attribution/cvpr_assets/fixed_work_v1/render40/aria/aria1253/vanilla/curve_evaluation/snapshot_03/images/000370_gt.png,1aff7b3f61f2c1fce72b7fdd2190f58139de70455316c5a90a5f11a00b4f4f50,0b3dc0e97c8eb80b75402091dcc9358e424e24a24147c01db364d9dc9d24edbc
aria,aria1253,370,0,vanilla,snapshot_04,913,309,3830.219947262,3860.419946725,30.19999946300004,3573,17.267228917856773,"[155, 77, 309, 231]",/home/intern/gs_floaterLab/results/campaigns/gain_attribution/cvpr_assets/fixed_work_v1/render40/aria/aria1253/vanilla/curve_evaluation/snapshot_04/images/000370_render.png,f1e1890d5df8e702de1b9f9e8ac2fe55ee03350ed23a8cab78ee68217db1905b,/home/intern/gs_floaterLab/results/campaigns/gain_attribution/cvpr_assets/fixed_work_v1/render40/aria/aria1253/vanilla/curve_evaluation/snapshot_04/images/000370_gt.png,1aff7b3f61f2c1fce72b7fdd2190f58139de70455316c5a90a5f11a00b4f4f50,0b3dc0e97c8eb80b75402091dcc9358e424e24a24147c01db364d9dc9d24edbc
aria,aria1253,370,0,vanilla,snapshot_05,1111,309,3830.219947262,3870.319946925,40.099999662999835,4253,22.620846013460355,"[155, 77, 309, 231]",/home/intern/gs_floaterLab/results/campaigns/gain_attribution/cvpr_assets/fixed_work_v1/render40/aria/aria1253/vanilla/curve_evaluation/snapshot_05/images/000370_render.png,1b8d7d787d61e2941c9564a74e880b536f77fb974c537036185465f17657e23b,/home/intern/gs_floaterLab/results/campaigns/gain_attribution/cvpr_assets/fixed_work_v1/render40/aria/aria1253/vanilla/curve_evaluation/snapshot_05/images/000370_gt.png,1aff7b3f61f2c1fce72b7fdd2190f58139de70455316c5a90a5f11a00b4f4f50,0b3dc0e97c8eb80b75402091dcc9358e424e24a24147c01db364d9dc9d24edbc
aria,aria1253,370,0,vanilla,final,1302,309,3830.219947262,3879.86993855,49.64999128799991,4760,22.43443495185773,"[155, 77, 309, 231]",/home/intern/gs_floaterLab/results/campaigns/gain_attribution/cvpr_assets/fixed_work_v1/render40/aria/aria1253/vanilla/curve_evaluation/final/images/000370_render.png,f663f156880904c1c37fa6a778c93733ab5aa4aee1faf85358ecf464a0309a93,/home/intern/gs_floaterLab/results/campaigns/gain_attribution/cvpr_assets/fixed_work_v1/render40/aria/aria1253/vanilla/curve_evaluation/final/images/000370_gt.png,1aff7b3f61f2c1fce72b7fdd2190f58139de70455316c5a90a5f11a00b4f4f50,0b3dc0e97c8eb80b75402091dcc9358e424e24a24147c01db364d9dc9d24edbc
aria,aria1253,370,0,d3,snapshot_01,342,309,3830.219947262,3831.869942475,1.6499952129997837,2041,17.75070048371839,"[155, 77, 309, 231]",/home/intern/gs_floaterLab/results/campaigns/gain_attribution/cvpr_assets/fixed_work_v1/render40/aria/aria1253/d3/curve_evaluation/snapshot_01/images/000370_render.png,00377fd279eeff8228ac27a5ddfc9e0d34042d23c407c1c9192d812b2b73347b,/home/intern/gs_floaterLab/results/campaigns/gain_attribution/cvpr_assets/fixed_work_v1/render40/aria/aria1253/d3/curve_evaluation/snapshot_01/images/000370_gt.png,1aff7b3f61f2c1fce72b7fdd2190f58139de70455316c5a90a5f11a00b4f4f50,81702343f8dbb0a662a0d3ce920d48caf0ea17c255014883874d1e6c4c938ffb
aria,aria1253,370,0,d3,snapshot_02,521,309,3830.219947262,3840.81994735,10.600000087999888,2641,26.34231052479042,"[155, 77, 309, 231]",/home/intern/gs_floaterLab/results/campaigns/gain_attribution/cvpr_assets/fixed_work_v1/render40/aria/aria1253/d3/curve_evaluation/snapshot_02/images/000370_render.png,f74b8d9bd550e3fda5f27d0c60f1fdf605686905c453e35edb002dd79d914757,/home/intern/gs_floaterLab/results/campaigns/gain_attribution/cvpr_assets/fixed_work_v1/render40/aria/aria1253/d3/curve_evaluation/snapshot_02/images/000370_gt.png,1aff7b3f61f2c1fce72b7fdd2190f58139de70455316c5a90a5f11a00b4f4f50,81702343f8dbb0a662a0d3ce920d48caf0ea17c255014883874d1e6c4c938ffb
aria,aria1253,370,0,d3,snapshot_03,753,309,3830.219947262,3852.419946475,22.199999212999955,3201,24.151880644595135,"[155, 77, 309, 231]",/home/intern/gs_floaterLab/results/campaigns/gain_attribution/cvpr_assets/fixed_work_v1/render40/aria/aria1253/d3/curve_evaluation/snapshot_03/images/000370_render.png,0855e2d5db2e9a148319521d6ca2ea31529c675a0bc316162138985aa77094bf,/home/intern/gs_floaterLab/results/campaigns/gain_attribution/cvpr_assets/fixed_work_v1/render40/aria/aria1253/d3/curve_evaluation/snapshot_03/images/000370_gt.png,1aff7b3f61f2c1fce72b7fdd2190f58139de70455316c5a90a5f11a00b4f4f50,81702343f8dbb0a662a0d3ce920d48caf0ea17c255014883874d1e6c4c938ffb
aria,aria1253,370,0,d3,snapshot_04,913,309,3830.219947262,3860.419946725,30.19999946300004,3561,19.141759160606163,"[155, 77, 309, 231]",/home/intern/gs_floaterLab/results/campaigns/gain_attribution/cvpr_assets/fixed_work_v1/render40/aria/aria1253/d3/curve_evaluation/snapshot_04/images/000370_render.png,b4a08bd380ea928081216326726e3c2f6d600a60250456bbd228a2609e80294c,/home/intern/gs_floaterLab/results/campaigns/gain_attribution/cvpr_assets/fixed_work_v1/render40/aria/aria1253/d3/curve_evaluation/snapshot_04/images/000370_gt.png,1aff7b3f61f2c1fce72b7fdd2190f58139de70455316c5a90a5f11a00b4f4f50,81702343f8dbb0a662a0d3ce920d48caf0ea17c255014883874d1e6c4c938ffb
aria,aria1253,370,0,d3,snapshot_05,1111,309,3830.219947262,3870.319946925,40.099999662999835,4241,30.96110242138171,"[155, 77, 309, 231]",/home/intern/gs_floaterLab/results/campaigns/gain_attribution/cvpr_assets/fixed_work_v1/render40/aria/aria1253/d3/curve_evaluation/snapshot_05/images/000370_render.png,1b750dd032910efa9304c2c9552572b02424bf9e8505963e001dc438065f6aac,/home/intern/gs_floaterLab/results/campaigns/gain_attribution/cvpr_assets/fixed_work_v1/render40/aria/aria1253/d3/curve_evaluation/snapshot_05/images/000370_gt.png,1aff7b3f61f2c1fce72b7fdd2190f58139de70455316c5a90a5f11a00b4f4f50,81702343f8dbb0a662a0d3ce920d48caf0ea17c255014883874d1e6c4c938ffb
aria,aria1253,370,0,d3,final,1302,309,3830.219947262,3879.86993855,49.64999128799991,4760,30.8349882474434,"[155, 77, 309, 231]",/home/intern/gs_floaterLab/results/campaigns/gain_attribution/cvpr_assets/fixed_work_v1/render40/aria/aria1253/d3/curve_evaluation/final/images/000370_render.png,d1e97371aed73fb44bb89c4ee2d9c53c584a002feb4d046111af7e63e6d38b46,/home/intern/gs_floaterLab/results/campaigns/gain_attribution/cvpr_assets/fixed_work_v1/render40/aria/aria1253/d3/curve_evaluation/final/images/000370_gt.png,1aff7b3f61f2c1fce72b7fdd2190f58139de70455316c5a90a5f11a00b4f4f50,81702343f8dbb0a662a0d3ce920d48caf0ea17c255014883874d1e6c4c938ffb
aria,aria1253,370,1,vanilla,snapshot_01,342,333,3831.419944925,3831.869942475,0.44999754999980723,2053,13.683870803549611,"[232, 193, 386, 347]",/home/intern/gs_floaterLab/results/campaigns/gain_attribution/cvpr_assets/fixed_work_v1/render40/aria/aria1253/vanilla/curve_evaluation/snapshot_01/images/000370_render.png,107f92a6dadede1a33cc28953c7c700815b42823d595fe4c65e2f86f23ffef31,/home/intern/gs_floaterLab/results/campaigns/gain_attribution/cvpr_assets/fixed_work_v1/render40/aria/aria1253/vanilla/curve_evaluation/snapshot_01/images/000370_gt.png,1aff7b3f61f2c1fce72b7fdd2190f58139de70455316c5a90a5f11a00b4f4f50,0b3dc0e97c8eb80b75402091dcc9358e424e24a24147c01db364d9dc9d24edbc
aria,aria1253,370,1,vanilla,snapshot_02,521,333,3831.419944925,3840.81994735,9.400002424999911,2653,22.4412508816833,"[232, 193, 386, 347]",/home/intern/gs_floaterLab/results/campaigns/gain_attribution/cvpr_assets/fixed_work_v1/render40/aria/aria1253/vanilla/curve_evaluation/snapshot_02/images/000370_render.png,0cd1d5b2256d43dee79dae8404339c07c65339c169544859cb2083c5996d6b1c,/home/intern/gs_floaterLab/results/campaigns/gain_attribution/cvpr_assets/fixed_work_v1/render40/aria/aria1253/vanilla/curve_evaluation/snapshot_02/images/000370_gt.png,1aff7b3f61f2c1fce72b7fdd2190f58139de70455316c5a90a5f11a00b4f4f50,0b3dc0e97c8eb80b75402091dcc9358e424e24a24147c01db364d9dc9d24edbc
aria,aria1253,370,1,vanilla,snapshot_03,753,333,3831.419944925,3852.419946475,21.00000154999998,3213,18.03891709934939,"[232, 193, 386, 347]",/home/intern/gs_floaterLab/results/campaigns/gain_attribution/cvpr_assets/fixed_work_v1/render40/aria/aria1253/vanilla/curve_evaluation/snapshot_03/images/000370_render.png,0724b5df29967de232007952424f68bb9d5e2a7880852db0979424c8ccc4fb87,/home/intern/gs_floaterLab/results/campaigns/gain_attribution/cvpr_assets/fixed_work_v1/render40/aria/aria1253/vanilla/curve_evaluation/snapshot_03/images/000370_gt.png,1aff7b3f61f2c1fce72b7fdd2190f58139de70455316c5a90a5f11a00b4f4f50,0b3dc0e97c8eb80b75402091dcc9358e424e24a24147c01db364d9dc9d24edbc
aria,aria1253,370,1,vanilla,snapshot_04,913,333,3831.419944925,3860.419946725,29.000001800000064,3573,16.809722018826413,"[232, 193, 386, 347]",/home/intern/gs_floaterLab/results/campaigns/gain_attribution/cvpr_assets/fixed_work_v1/render40/aria/aria1253/vanilla/curve_evaluation/snapshot_04/images/000370_render.png,f1e1890d5df8e702de1b9f9e8ac2fe55ee03350ed23a8cab78ee68217db1905b,/home/intern/gs_floaterLab/results/campaigns/gain_attribution/cvpr_assets/fixed_work_v1/render40/aria/aria1253/vanilla/curve_evaluation/snapshot_04/images/000370_gt.png,1aff7b3f61f2c1fce72b7fdd2190f58139de70455316c5a90a5f11a00b4f4f50,0b3dc0e97c8eb80b75402091dcc9358e424e24a24147c01db364d9dc9d24edbc
aria,aria1253,370,1,vanilla,snapshot_05,1111,333,3831.419944925,3870.319946925,38.90000199999986,4253,23.930339655147325,"[232, 193, 386, 347]",/home/intern/gs_floaterLab/results/campaigns/gain_attribution/cvpr_assets/fixed_work_v1/render40/aria/aria1253/vanilla/curve_evaluation/snapshot_05/images/000370_render.png,1b8d7d787d61e2941c9564a74e880b536f77fb974c537036185465f17657e23b,/home/intern/gs_floaterLab/results/campaigns/gain_attribution/cvpr_assets/fixed_work_v1/render40/aria/aria1253/vanilla/curve_evaluation/snapshot_05/images/000370_gt.png,1aff7b3f61f2c1fce72b7fdd2190f58139de70455316c5a90a5f11a00b4f4f50,0b3dc0e97c8eb80b75402091dcc9358e424e24a24147c01db364d9dc9d24edbc
aria,aria1253,370,1,vanilla,final,1302,333,3831.419944925,3879.86993855,48.449993624999934,4760,21.827687938059434,"[232, 193, 386, 347]",/home/intern/gs_floaterLab/results/campaigns/gain_attribution/cvpr_assets/fixed_work_v1/render40/aria/aria1253/vanilla/curve_evaluation/final/images/000370_render.png,f663f156880904c1c37fa6a778c93733ab5aa4aee1faf85358ecf464a0309a93,/home/intern/gs_floaterLab/results/campaigns/gain_attribution/cvpr_assets/fixed_work_v1/render40/aria/aria1253/vanilla/curve_evaluation/final/images/000370_gt.png,1aff7b3f61f2c1fce72b7fdd2190f58139de70455316c5a90a5f11a00b4f4f50,0b3dc0e97c8eb80b75402091dcc9358e424e24a24147c01db364d9dc9d24edbc
aria,aria1253,370,1,d3,snapshot_01,342,333,3831.419944925,3831.869942475,0.44999754999980723,2041,8.919683992879525,"[232, 193, 386, 347]",/home/intern/gs_floaterLab/results/campaigns/gain_attribution/cvpr_assets/fixed_work_v1/render40/aria/aria1253/d3/curve_evaluation/snapshot_01/images/000370_render.png,00377fd279eeff8228ac27a5ddfc9e0d34042d23c407c1c9192d812b2b73347b,/home/intern/gs_floaterLab/results/campaigns/gain_attribution/cvpr_assets/fixed_work_v1/render40/aria/aria1253/d3/curve_evaluation/snapshot_01/images/000370_gt.png,1aff7b3f61f2c1fce72b7fdd2190f58139de70455316c5a90a5f11a00b4f4f50,81702343f8dbb0a662a0d3ce920d48caf0ea17c255014883874d1e6c4c938ffb
aria,aria1253,370,1,d3,snapshot_02,521,333,3831.419944925,3840.81994735,9.400002424999911,2641,24.48813516617595,"[232, 193, 386, 347]",/home/intern/gs_floaterLab/results/campaigns/gain_attribution/cvpr_assets/fixed_work_v1/render40/aria/aria1253/d3/curve_evaluation/snapshot_02/images/000370_render.png,f74b8d9bd550e3fda5f27d0c60f1fdf605686905c453e35edb002dd79d914757,/home/intern/gs_floaterLab/results/campaigns/gain_attribution/cvpr_assets/fixed_work_v1/render40/aria/aria1253/d3/curve_evaluation/snapshot_02/images/000370_gt.png,1aff7b3f61f2c1fce72b7fdd2190f58139de70455316c5a90a5f11a00b4f4f50,81702343f8dbb0a662a0d3ce920d48caf0ea17c255014883874d1e6c4c938ffb
aria,aria1253,370,1,d3,snapshot_03,753,333,3831.419944925,3852.419946475,21.00000154999998,3201,21.780219049393143,"[232, 193, 386, 347]",/home/intern/gs_floaterLab/results/campaigns/gain_attribution/cvpr_assets/fixed_work_v1/render40/aria/aria1253/d3/curve_evaluation/snapshot_03/images/000370_render.png,0855e2d5db2e9a148319521d6ca2ea31529c675a0bc316162138985aa77094bf,/home/intern/gs_floaterLab/results/campaigns/gain_attribution/cvpr_assets/fixed_work_v1/render40/aria/aria1253/d3/curve_evaluation/snapshot_03/images/000370_gt.png,1aff7b3f61f2c1fce72b7fdd2190f58139de70455316c5a90a5f11a00b4f4f50,81702343f8dbb0a662a0d3ce920d48caf0ea17c255014883874d1e6c4c938ffb
aria,aria1253,370,1,d3,snapshot_04,913,333,3831.419944925,3860.419946725,29.000001800000064,3561,17.08277597107655,"[232, 193, 386, 347]",/home/intern/gs_floaterLab/results/campaigns/gain_attribution/cvpr_assets/fixed_work_v1/render40/aria/aria1253/d3/curve_evaluation/snapshot_04/images/000370_render.png,b4a08bd380ea928081216326726e3c2f6d600a60250456bbd228a2609e80294c,/home/intern/gs_floaterLab/results/campaigns/gain_attribution/cvpr_assets/fixed_work_v1/render40/aria/aria1253/d3/curve_evaluation/snapshot_04/images/000370_gt.png,1aff7b3f61f2c1fce72b7fdd2190f58139de70455316c5a90a5f11a00b4f4f50,81702343f8dbb0a662a0d3ce920d48caf0ea17c255014883874d1e6c4c938ffb
aria,aria1253,370,1,d3,snapshot_05,1111,333,3831.419944925,3870.319946925,38.90000199999986,4241,29.324028470723004,"[232, 193, 386, 347]",/home/intern/gs_floaterLab/results/campaigns/gain_attribution/cvpr_assets/fixed_work_v1/render40/aria/aria1253/d3/curve_evaluation/snapshot_05/images/000370_render.png,1b750dd032910efa9304c2c9552572b02424bf9e8505963e001dc438065f6aac,/home/intern/gs_floaterLab/results/campaigns/gain_attribution/cvpr_assets/fixed_work_v1/render40/aria/aria1253/d3/curve_evaluation/snapshot_05/images/000370_gt.png,1aff7b3f61f2c1fce72b7fdd2190f58139de70455316c5a90a5f11a00b4f4f50,81702343f8dbb0a662a0d3ce920d48caf0ea17c255014883874d1e6c4c938ffb
aria,aria1253,370,1,d3,final,1302,333,3831.419944925,3879.86993855,48.449993624999934,4760,28.798648829804968,"[232, 193, 386, 347]",/home/intern/gs_floaterLab/results/campaigns/gain_attribution/cvpr_assets/fixed_work_v1/render40/aria/aria1253/d3/curve_evaluation/final/images/000370_render.png,d1e97371aed73fb44bb89c4ee2d9c53c584a002feb4d046111af7e63e6d38b46,/home/intern/gs_floaterLab/results/campaigns/gain_attribution/cvpr_assets/fixed_work_v1/render40/aria/aria1253/d3/curve_evaluation/final/images/000370_gt.png,1aff7b3f61f2c1fce72b7fdd2190f58139de70455316c5a90a5f11a00b4f4f50,81702343f8dbb0a662a0d3ce920d48caf0ea17c255014883874d1e6c4c938ffb
aria,aria1253,370,2,vanilla,snapshot_01,342,317,3830.61993885,3831.869942475,1.250003624999863,2053,19.09008975321636,"[232, 0, 386, 154]",/home/intern/gs_floaterLab/results/campaigns/gain_attribution/cvpr_assets/fixed_work_v1/render40/aria/aria1253/vanilla/curve_evaluation/snapshot_01/images/000370_render.png,107f92a6dadede1a33cc28953c7c700815b42823d595fe4c65e2f86f23ffef31,/home/intern/gs_floaterLab/results/campaigns/gain_attribution/cvpr_assets/fixed_work_v1/render40/aria/aria1253/vanilla/curve_evaluation/snapshot_01/images/000370_gt.png,1aff7b3f61f2c1fce72b7fdd2190f58139de70455316c5a90a5f11a00b4f4f50,0b3dc0e97c8eb80b75402091dcc9358e424e24a24147c01db364d9dc9d24edbc
aria,aria1253,370,2,vanilla,snapshot_02,521,317,3830.61993885,3840.81994735,10.200008499999967,2653,25.593311571150366,"[232, 0, 386, 154]",/home/intern/gs_floaterLab/results/campaigns/gain_attribution/cvpr_assets/fixed_work_v1/render40/aria/aria1253/vanilla/curve_evaluation/snapshot_02/images/000370_render.png,0cd1d5b2256d43dee79dae8404339c07c65339c169544859cb2083c5996d6b1c,/home/intern/gs_floaterLab/results/campaigns/gain_attribution/cvpr_assets/fixed_work_v1/render40/aria/aria1253/vanilla/curve_evaluation/snapshot_02/images/000370_gt.png,1aff7b3f61f2c1fce72b7fdd2190f58139de70455316c5a90a5f11a00b4f4f50,0b3dc0e97c8eb80b75402091dcc9358e424e24a24147c01db364d9dc9d24edbc
aria,aria1253,370,2,vanilla,snapshot_03,753,317,3830.61993885,3852.419946475,21.800007625000035,3213,19.976484727489964,"[232, 0, 386, 154]",/home/intern/gs_floaterLab/results/campaigns/gain_attribution/cvpr_assets/fixed_work_v1/render40/aria/aria1253/vanilla/curve_evaluation/snapshot_03/images/000370_render.png,0724b5df29967de232007952424f68bb9d5e2a7880852db0979424c8ccc4fb87,/home/intern/gs_floaterLab/results/campaigns/gain_attribution/cvpr_assets/fixed_work_v1/render40/aria/aria1253/vanilla/curve_evaluation/snapshot_03/images/000370_gt.png,1aff7b3f61f2c1fce72b7fdd2190f58139de70455316c5a90a5f11a00b4f4f50,0b3dc0e97c8eb80b75402091dcc9358e424e24a24147c01db364d9dc9d24edbc
aria,aria1253,370,2,vanilla,snapshot_04,913,317,3830.61993885,3860.419946725,29.80000787500012,3573,20.59524572115837,"[232, 0, 386, 154]",/home/intern/gs_floaterLab/results/campaigns/gain_attribution/cvpr_assets/fixed_work_v1/render40/aria/aria1253/vanilla/curve_evaluation/snapshot_04/images/000370_render.png,f1e1890d5df8e702de1b9f9e8ac2fe55ee03350ed23a8cab78ee68217db1905b,/home/intern/gs_floaterLab/results/campaigns/gain_attribution/cvpr_assets/fixed_work_v1/render40/aria/aria1253/vanilla/curve_evaluation/snapshot_04/images/000370_gt.png,1aff7b3f61f2c1fce72b7fdd2190f58139de70455316c5a90a5f11a00b4f4f50,0b3dc0e97c8eb80b75402091dcc9358e424e24a24147c01db364d9dc9d24edbc
aria,aria1253,370,2,vanilla,snapshot_05,1111,317,3830.61993885,3870.319946925,39.700008074999914,4253,24.188350377828666,"[232, 0, 386, 154]",/home/intern/gs_floaterLab/results/campaigns/gain_attribution/cvpr_assets/fixed_work_v1/render40/aria/aria1253/vanilla/curve_evaluation/snapshot_05/images/000370_render.png,1b8d7d787d61e2941c9564a74e880b536f77fb974c537036185465f17657e23b,/home/intern/gs_floaterLab/results/campaigns/gain_attribution/cvpr_assets/fixed_work_v1/render40/aria/aria1253/vanilla/curve_evaluation/snapshot_05/images/000370_gt.png,1aff7b3f61f2c1fce72b7fdd2190f58139de70455316c5a90a5f11a00b4f4f50,0b3dc0e97c8eb80b75402091dcc9358e424e24a24147c01db364d9dc9d24edbc
aria,aria1253,370,2,vanilla,final,1302,317,3830.61993885,3879.86993855,49.24999969999999,4760,24.7027004853918,"[232, 0, 386, 154]",/home/intern/gs_floaterLab/results/campaigns/gain_attribution/cvpr_assets/fixed_work_v1/render40/aria/aria1253/vanilla/curve_evaluation/final/images/000370_render.png,f663f156880904c1c37fa6a778c93733ab5aa4aee1faf85358ecf464a0309a93,/home/intern/gs_floaterLab/results/campaigns/gain_attribution/cvpr_assets/fixed_work_v1/render40/aria/aria1253/vanilla/curve_evaluation/final/images/000370_gt.png,1aff7b3f61f2c1fce72b7fdd2190f58139de70455316c5a90a5f11a00b4f4f50,0b3dc0e97c8eb80b75402091dcc9358e424e24a24147c01db364d9dc9d24edbc
aria,aria1253,370,2,d3,snapshot_01,342,317,3830.61993885,3831.869942475,1.250003624999863,2041,16.517946370605053,"[232, 0, 386, 154]",/home/intern/gs_floaterLab/results/campaigns/gain_attribution/cvpr_assets/fixed_work_v1/render40/aria/aria1253/d3/curve_evaluation/snapshot_01/images/000370_render.png,00377fd279eeff8228ac27a5ddfc9e0d34042d23c407c1c9192d812b2b73347b,/home/intern/gs_floaterLab/results/campaigns/gain_attribution/cvpr_assets/fixed_work_v1/render40/aria/aria1253/d3/curve_evaluation/snapshot_01/images/000370_gt.png,1aff7b3f61f2c1fce72b7fdd2190f58139de70455316c5a90a5f11a00b4f4f50,81702343f8dbb0a662a0d3ce920d48caf0ea17c255014883874d1e6c4c938ffb
aria,aria1253,370,2,d3,snapshot_02,521,317,3830.61993885,3840.81994735,10.200008499999967,2641,29.92297950815066,"[232, 0, 386, 154]",/home/intern/gs_floaterLab/results/campaigns/gain_attribution/cvpr_assets/fixed_work_v1/render40/aria/aria1253/d3/curve_evaluation/snapshot_02/images/000370_render.png,f74b8d9bd550e3fda5f27d0c60f1fdf605686905c453e35edb002dd79d914757,/home/intern/gs_floaterLab/results/campaigns/gain_attribution/cvpr_assets/fixed_work_v1/render40/aria/aria1253/d3/curve_evaluation/snapshot_02/images/000370_gt.png,1aff7b3f61f2c1fce72b7fdd2190f58139de70455316c5a90a5f11a00b4f4f50,81702343f8dbb0a662a0d3ce920d48caf0ea17c255014883874d1e6c4c938ffb
aria,aria1253,370,2,d3,snapshot_03,753,317,3830.61993885,3852.419946475,21.800007625000035,3201,26.46895420574428,"[232, 0, 386, 154]",/home/intern/gs_floaterLab/results/campaigns/gain_attribution/cvpr_assets/fixed_work_v1/render40/aria/aria1253/d3/curve_evaluation/snapshot_03/images/000370_render.png,0855e2d5db2e9a148319521d6ca2ea31529c675a0bc316162138985aa77094bf,/home/intern/gs_floaterLab/results/campaigns/gain_attribution/cvpr_assets/fixed_work_v1/render40/aria/aria1253/d3/curve_evaluation/snapshot_03/images/000370_gt.png,1aff7b3f61f2c1fce72b7fdd2190f58139de70455316c5a90a5f11a00b4f4f50,81702343f8dbb0a662a0d3ce920d48caf0ea17c255014883874d1e6c4c938ffb
aria,aria1253,370,2,d3,snapshot_04,913,317,3830.61993885,3860.419946725,29.80000787500012,3561,21.859410916951386,"[232, 0, 386, 154]",/home/intern/gs_floaterLab/results/campaigns/gain_attribution/cvpr_assets/fixed_work_v1/render40/aria/aria1253/d3/curve_evaluation/snapshot_04/images/000370_render.png,b4a08bd380ea928081216326726e3c2f6d600a60250456bbd228a2609e80294c,/home/intern/gs_floaterLab/results/campaigns/gain_attribution/cvpr_assets/fixed_work_v1/render40/aria/aria1253/d3/curve_evaluation/snapshot_04/images/000370_gt.png,1aff7b3f61f2c1fce72b7fdd2190f58139de70455316c5a90a5f11a00b4f4f50,81702343f8dbb0a662a0d3ce920d48caf0ea17c255014883874d1e6c4c938ffb
aria,aria1253,370,2,d3,snapshot_05,1111,317,3830.61993885,3870.319946925,39.700008074999914,4241,31.868445405859145,"[232, 0, 386, 154]",/home/intern/gs_floaterLab/results/campaigns/gain_attribution/cvpr_assets/fixed_work_v1/render40/aria/aria1253/d3/curve_evaluation/snapshot_05/images/000370_render.png,1b750dd032910efa9304c2c9552572b02424bf9e8505963e001dc438065f6aac,/home/intern/gs_floaterLab/results/campaigns/gain_attribution/cvpr_assets/fixed_work_v1/render40/aria/aria1253/d3/curve_evaluation/snapshot_05/images/000370_gt.png,1aff7b3f61f2c1fce72b7fdd2190f58139de70455316c5a90a5f11a00b4f4f50,81702343f8dbb0a662a0d3ce920d48caf0ea17c255014883874d1e6c4c938ffb
aria,aria1253,370,2,d3,final,1302,317,3830.61993885,3879.86993855,49.24999969999999,4760,30.72866303885258,"[232, 0, 386, 154]",/home/intern/gs_floaterLab/results/campaigns/gain_attribution/cvpr_assets/fixed_work_v1/render40/aria/aria1253/d3/curve_evaluation/final/images/000370_render.png,d1e97371aed73fb44bb89c4ee2d9c53c584a002feb4d046111af7e63e6d38b46,/home/intern/gs_floaterLab/results/campaigns/gain_attribution/cvpr_assets/fixed_work_v1/render40/aria/aria1253/d3/curve_evaluation/final/images/000370_gt.png,1aff7b3f61f2c1fce72b7fdd2190f58139de70455316c5a90a5f11a00b4f4f50,81702343f8dbb0a662a0d3ce920d48caf0ea17c255014883874d1e6c4c938ffb
aria,aria1253,745,0,vanilla,snapshot_03,753,707,3850.119940925,3852.419946475,2.300005550000151,3213,10.601828142023296,"[193, 271, 347, 425]",/home/intern/gs_floaterLab/results/campaigns/gain_attribution/cvpr_assets/fixed_work_v1/render40/aria/aria1253/vanilla/curve_evaluation/snapshot_03/images/000745_render.png,db18816cd6d64b9ad215e5976140e53ab2ef4e4f71b8bd7b5aa7c69a2e5c0939,/home/intern/gs_floaterLab/results/campaigns/gain_attribution/cvpr_assets/fixed_work_v1/render40/aria/aria1253/vanilla/curve_evaluation/snapshot_03/images/000745_gt.png,870a52e0f4ebc9dcd51ee607bfca6038a72529d5e81a41ef44db8fa382f2ede2,0b3dc0e97c8eb80b75402091dcc9358e424e24a24147c01db364d9dc9d24edbc
aria,aria1253,745,0,vanilla,snapshot_04,913,707,3850.119940925,3860.419946725,10.300005800000235,3573,18.06263261320603,"[193, 271, 347, 425]",/home/intern/gs_floaterLab/results/campaigns/gain_attribution/cvpr_assets/fixed_work_v1/render40/aria/aria1253/vanilla/curve_evaluation/snapshot_04/images/000745_render.png,28d3a47338c26efde30f408bd9756134f191bd8630fd137af7ddb06a01efc656,/home/intern/gs_floaterLab/results/campaigns/gain_attribution/cvpr_assets/fixed_work_v1/render40/aria/aria1253/vanilla/curve_evaluation/snapshot_04/images/000745_gt.png,870a52e0f4ebc9dcd51ee607bfca6038a72529d5e81a41ef44db8fa382f2ede2,0b3dc0e97c8eb80b75402091dcc9358e424e24a24147c01db364d9dc9d24edbc
aria,aria1253,745,0,vanilla,snapshot_05,1111,707,3850.119940925,3870.319946925,20.20000600000003,4253,19.222990746987524,"[193, 271, 347, 425]",/home/intern/gs_floaterLab/results/campaigns/gain_attribution/cvpr_assets/fixed_work_v1/render40/aria/aria1253/vanilla/curve_evaluation/snapshot_05/images/000745_render.png,4f1cb300ba2fa47fd5299e5eb36456a50906054b2ba321c6df66f32425082754,/home/intern/gs_floaterLab/results/campaigns/gain_attribution/cvpr_assets/fixed_work_v1/render40/aria/aria1253/vanilla/curve_evaluation/snapshot_05/images/000745_gt.png,870a52e0f4ebc9dcd51ee607bfca6038a72529d5e81a41ef44db8fa382f2ede2,0b3dc0e97c8eb80b75402091dcc9358e424e24a24147c01db364d9dc9d24edbc
aria,aria1253,745,0,vanilla,final,1302,707,3850.119940925,3879.86993855,29.749997625000105,4760,17.49706818012917,"[193, 271, 347, 425]",/home/intern/gs_floaterLab/results/campaigns/gain_attribution/cvpr_assets/fixed_work_v1/render40/aria/aria1253/vanilla/curve_evaluation/final/images/000745_render.png,021eacccd7e1f0dcea03183457cfb6950cdb1feba84f5838a6106771fea501ab,/home/intern/gs_floaterLab/results/campaigns/gain_attribution/cvpr_assets/fixed_work_v1/render40/aria/aria1253/vanilla/curve_evaluation/final/images/000745_gt.png,870a52e0f4ebc9dcd51ee607bfca6038a72529d5e81a41ef44db8fa382f2ede2,0b3dc0e97c8eb80b75402091dcc9358e424e24a24147c01db364d9dc9d24edbc
aria,aria1253,745,0,d3,snapshot_03,753,707,3850.119940925,3852.419946475,2.300005550000151,3201,13.583461919291365,"[193, 271, 347, 425]",/home/intern/gs_floaterLab/results/campaigns/gain_attribution/cvpr_assets/fixed_work_v1/render40/aria/aria1253/d3/curve_evaluation/snapshot_03/images/000745_render.png,b471a1a2b97a9441674e087b5c168f6cc8346d18f7ed3dc99693c4b8bf1929da,/home/intern/gs_floaterLab/results/campaigns/gain_attribution/cvpr_assets/fixed_work_v1/render40/aria/aria1253/d3/curve_evaluation/snapshot_03/images/000745_gt.png,870a52e0f4ebc9dcd51ee607bfca6038a72529d5e81a41ef44db8fa382f2ede2,81702343f8dbb0a662a0d3ce920d48caf0ea17c255014883874d1e6c4c938ffb
aria,aria1253,745,0,d3,snapshot_04,913,707,3850.119940925,3860.419946725,10.300005800000235,3561,17.03594371841808,"[193, 271, 347, 425]",/home/intern/gs_floaterLab/results/campaigns/gain_attribution/cvpr_assets/fixed_work_v1/render40/aria/aria1253/d3/curve_evaluation/snapshot_04/images/000745_render.png,6cad0fc3fbbc25e46091cadd17638adc3203aeb886da3768cf6c3d977270e3f6,/home/intern/gs_floaterLab/results/campaigns/gain_attribution/cvpr_assets/fixed_work_v1/render40/aria/aria1253/d3/curve_evaluation/snapshot_04/images/000745_gt.png,870a52e0f4ebc9dcd51ee607bfca6038a72529d5e81a41ef44db8fa382f2ede2,81702343f8dbb0a662a0d3ce920d48caf0ea17c255014883874d1e6c4c938ffb
aria,aria1253,745,0,d3,snapshot_05,1111,707,3850.119940925,3870.319946925,20.20000600000003,4241,22.980677321753923,"[193, 271, 347, 425]",/home/intern/gs_floaterLab/results/campaigns/gain_attribution/cvpr_assets/fixed_work_v1/render40/aria/aria1253/d3/curve_evaluation/snapshot_05/images/000745_render.png,a2ac839f155d03693d23638a317cbf932c2b012be9ee9812c8c25e58681f654e,/home/intern/gs_floaterLab/results/campaigns/gain_attribution/cvpr_assets/fixed_work_v1/render40/aria/aria1253/d3/curve_evaluation/snapshot_05/images/000745_gt.png,870a52e0f4ebc9dcd51ee607bfca6038a72529d5e81a41ef44db8fa382f2ede2,81702343f8dbb0a662a0d3ce920d48caf0ea17c255014883874d1e6c4c938ffb
aria,aria1253,745,0,d3,final,1302,707,3850.119940925,3879.86993855,29.749997625000105,4760,28.929818038417054,"[193, 271, 347, 425]",/home/intern/gs_floaterLab/results/campaigns/gain_attribution/cvpr_assets/fixed_work_v1/render40/aria/aria1253/d3/curve_evaluation/final/images/000745_render.png,a482f262c26a026fb17f65f213e9e91ecdf16d95105a47ed19a2e4ad9914ba9b,/home/intern/gs_floaterLab/results/campaigns/gain_attribution/cvpr_assets/fixed_work_v1/render40/aria/aria1253/d3/curve_evaluation/final/images/000745_gt.png,870a52e0f4ebc9dcd51ee607bfca6038a72529d5e81a41ef44db8fa382f2ede2,81702343f8dbb0a662a0d3ce920d48caf0ea17c255014883874d1e6c4c938ffb
aria,aria1253,745,1,vanilla,snapshot_03,753,681,3848.819948887,3852.419946475,3.599997587999951,3213,8.83216167626731,"[116, 77, 270, 231]",/home/intern/gs_floaterLab/results/campaigns/gain_attribution/cvpr_assets/fixed_work_v1/render40/aria/aria1253/vanilla/curve_evaluation/snapshot_03/images/000745_render.png,db18816cd6d64b9ad215e5976140e53ab2ef4e4f71b8bd7b5aa7c69a2e5c0939,/home/intern/gs_floaterLab/results/campaigns/gain_attribution/cvpr_assets/fixed_work_v1/render40/aria/aria1253/vanilla/curve_evaluation/snapshot_03/images/000745_gt.png,870a52e0f4ebc9dcd51ee607bfca6038a72529d5e81a41ef44db8fa382f2ede2,0b3dc0e97c8eb80b75402091dcc9358e424e24a24147c01db364d9dc9d24edbc
aria,aria1253,745,1,vanilla,snapshot_04,913,681,3848.819948887,3860.419946725,11.599997838000036,3573,17.818660446966796,"[116, 77, 270, 231]",/home/intern/gs_floaterLab/results/campaigns/gain_attribution/cvpr_assets/fixed_work_v1/render40/aria/aria1253/vanilla/curve_evaluation/snapshot_04/images/000745_render.png,28d3a47338c26efde30f408bd9756134f191bd8630fd137af7ddb06a01efc656,/home/intern/gs_floaterLab/results/campaigns/gain_attribution/cvpr_assets/fixed_work_v1/render40/aria/aria1253/vanilla/curve_evaluation/snapshot_04/images/000745_gt.png,870a52e0f4ebc9dcd51ee607bfca6038a72529d5e81a41ef44db8fa382f2ede2,0b3dc0e97c8eb80b75402091dcc9358e424e24a24147c01db364d9dc9d24edbc
aria,aria1253,745,1,vanilla,snapshot_05,1111,681,3848.819948887,3870.319946925,21.49999803799983,4253,17.471696393410408,"[116, 77, 270, 231]",/home/intern/gs_floaterLab/results/campaigns/gain_attribution/cvpr_assets/fixed_work_v1/render40/aria/aria1253/vanilla/curve_evaluation/snapshot_05/images/000745_render.png,4f1cb300ba2fa47fd5299e5eb36456a50906054b2ba321c6df66f32425082754,/home/intern/gs_floaterLab/results/campaigns/gain_attribution/cvpr_assets/fixed_work_v1/render40/aria/aria1253/vanilla/curve_evaluation/snapshot_05/images/000745_gt.png,870a52e0f4ebc9dcd51ee607bfca6038a72529d5e81a41ef44db8fa382f2ede2,0b3dc0e97c8eb80b75402091dcc9358e424e24a24147c01db364d9dc9d24edbc
aria,aria1253,745,1,vanilla,final,1302,681,3848.819948887,3879.86993855,31.049989662999906,4760,17.891348089992533,"[116, 77, 270, 231]",/home/intern/gs_floaterLab/results/campaigns/gain_attribution/cvpr_assets/fixed_work_v1/render40/aria/aria1253/vanilla/curve_evaluation/final/images/000745_render.png,021eacccd7e1f0dcea03183457cfb6950cdb1feba84f5838a6106771fea501ab,/home/intern/gs_floaterLab/results/campaigns/gain_attribution/cvpr_assets/fixed_work_v1/render40/aria/aria1253/vanilla/curve_evaluation/final/images/000745_gt.png,870a52e0f4ebc9dcd51ee607bfca6038a72529d5e81a41ef44db8fa382f2ede2,0b3dc0e97c8eb80b75402091dcc9358e424e24a24147c01db364d9dc9d24edbc
aria,aria1253,745,1,d3,snapshot_03,753,681,3848.819948887,3852.419946475,3.599997587999951,3201,16.84040729399674,"[116, 77, 270, 231]",/home/intern/gs_floaterLab/results/campaigns/gain_attribution/cvpr_assets/fixed_work_v1/render40/aria/aria1253/d3/curve_evaluation/snapshot_03/images/000745_render.png,b471a1a2b97a9441674e087b5c168f6cc8346d18f7ed3dc99693c4b8bf1929da,/home/intern/gs_floaterLab/results/campaigns/gain_attribution/cvpr_assets/fixed_work_v1/render40/aria/aria1253/d3/curve_evaluation/snapshot_03/images/000745_gt.png,870a52e0f4ebc9dcd51ee607bfca6038a72529d5e81a41ef44db8fa382f2ede2,81702343f8dbb0a662a0d3ce920d48caf0ea17c255014883874d1e6c4c938ffb
aria,aria1253,745,1,d3,snapshot_04,913,681,3848.819948887,3860.419946725,11.599997838000036,3561,17.868076754259302,"[116, 77, 270, 231]",/home/intern/gs_floaterLab/results/campaigns/gain_attribution/cvpr_assets/fixed_work_v1/render40/aria/aria1253/d3/curve_evaluation/snapshot_04/images/000745_render.png,6cad0fc3fbbc25e46091cadd17638adc3203aeb886da3768cf6c3d977270e3f6,/home/intern/gs_floaterLab/results/campaigns/gain_attribution/cvpr_assets/fixed_work_v1/render40/aria/aria1253/d3/curve_evaluation/snapshot_04/images/000745_gt.png,870a52e0f4ebc9dcd51ee607bfca6038a72529d5e81a41ef44db8fa382f2ede2,81702343f8dbb0a662a0d3ce920d48caf0ea17c255014883874d1e6c4c938ffb
aria,aria1253,745,1,d3,snapshot_05,1111,681,3848.819948887,3870.319946925,21.49999803799983,4241,21.032148360992508,"[116, 77, 270, 231]",/home/intern/gs_floaterLab/results/campaigns/gain_attribution/cvpr_assets/fixed_work_v1/render40/aria/aria1253/d3/curve_evaluation/snapshot_05/images/000745_render.png,a2ac839f155d03693d23638a317cbf932c2b012be9ee9812c8c25e58681f654e,/home/intern/gs_floaterLab/results/campaigns/gain_attribution/cvpr_assets/fixed_work_v1/render40/aria/aria1253/d3/curve_evaluation/snapshot_05/images/000745_gt.png,870a52e0f4ebc9dcd51ee607bfca6038a72529d5e81a41ef44db8fa382f2ede2,81702343f8dbb0a662a0d3ce920d48caf0ea17c255014883874d1e6c4c938ffb
aria,aria1253,745,1,d3,final,1302,681,3848.819948887,3879.86993855,31.049989662999906,4760,23.328632411590505,"[116, 77, 270, 231]",/home/intern/gs_floaterLab/results/campaigns/gain_attribution/cvpr_assets/fixed_work_v1/render40/aria/aria1253/d3/curve_evaluation/final/images/000745_render.png,a482f262c26a026fb17f65f213e9e91ecdf16d95105a47ed19a2e4ad9914ba9b,/home/intern/gs_floaterLab/results/campaigns/gain_attribution/cvpr_assets/fixed_work_v1/render40/aria/aria1253/d3/curve_evaluation/final/images/000745_gt.png,870a52e0f4ebc9dcd51ee607bfca6038a72529d5e81a41ef44db8fa382f2ede2,81702343f8dbb0a662a0d3ce920d48caf0ea17c255014883874d1e6c4c938ffb
aria,aria1253,745,2,vanilla,snapshot_03,753,718,3850.669945637,3852.419946475,1.750000837999778,3213,8.469911522981167,"[232, 155, 386, 309]",/home/intern/gs_floaterLab/results/campaigns/gain_attribution/cvpr_assets/fixed_work_v1/render40/aria/aria1253/vanilla/curve_evaluation/snapshot_03/images/000745_render.png,db18816cd6d64b9ad215e5976140e53ab2ef4e4f71b8bd7b5aa7c69a2e5c0939,/home/intern/gs_floaterLab/results/campaigns/gain_attribution/cvpr_assets/fixed_work_v1/render40/aria/aria1253/vanilla/curve_evaluation/snapshot_03/images/000745_gt.png,870a52e0f4ebc9dcd51ee607bfca6038a72529d5e81a41ef44db8fa382f2ede2,0b3dc0e97c8eb80b75402091dcc9358e424e24a24147c01db364d9dc9d24edbc
aria,aria1253,745,2,vanilla,snapshot_04,913,718,3850.669945637,3860.419946725,9.750001087999863,3573,18.356064978992524,"[232, 155, 386, 309]",/home/intern/gs_floaterLab/results/campaigns/gain_attribution/cvpr_assets/fixed_work_v1/render40/aria/aria1253/vanilla/curve_evaluation/snapshot_04/images/000745_render.png,28d3a47338c26efde30f408bd9756134f191bd8630fd137af7ddb06a01efc656,/home/intern/gs_floaterLab/results/campaigns/gain_attribution/cvpr_assets/fixed_work_v1/render40/aria/aria1253/vanilla/curve_evaluation/snapshot_04/images/000745_gt.png,870a52e0f4ebc9dcd51ee607bfca6038a72529d5e81a41ef44db8fa382f2ede2,0b3dc0e97c8eb80b75402091dcc9358e424e24a24147c01db364d9dc9d24edbc
aria,aria1253,745,2,vanilla,snapshot_05,1111,718,3850.669945637,3870.319946925,19.650001287999658,4253,17.932579244242483,"[232, 155, 386, 309]",/home/intern/gs_floaterLab/results/campaigns/gain_attribution/cvpr_assets/fixed_work_v1/render40/aria/aria1253/vanilla/curve_evaluation/snapshot_05/images/000745_render.png,4f1cb300ba2fa47fd5299e5eb36456a50906054b2ba321c6df66f32425082754,/home/intern/gs_floaterLab/results/campaigns/gain_attribution/cvpr_assets/fixed_work_v1/render40/aria/aria1253/vanilla/curve_evaluation/snapshot_05/images/000745_gt.png,870a52e0f4ebc9dcd51ee607bfca6038a72529d5e81a41ef44db8fa382f2ede2,0b3dc0e97c8eb80b75402091dcc9358e424e24a24147c01db364d9dc9d24edbc
aria,aria1253,745,2,vanilla,final,1302,718,3850.669945637,3879.86993855,29.199992912999733,4760,17.969017552261022,"[232, 155, 386, 309]",/home/intern/gs_floaterLab/results/campaigns/gain_attribution/cvpr_assets/fixed_work_v1/render40/aria/aria1253/vanilla/curve_evaluation/final/images/000745_render.png,021eacccd7e1f0dcea03183457cfb6950cdb1feba84f5838a6106771fea501ab,/home/intern/gs_floaterLab/results/campaigns/gain_attribution/cvpr_assets/fixed_work_v1/render40/aria/aria1253/vanilla/curve_evaluation/final/images/000745_gt.png,870a52e0f4ebc9dcd51ee607bfca6038a72529d5e81a41ef44db8fa382f2ede2,0b3dc0e97c8eb80b75402091dcc9358e424e24a24147c01db364d9dc9d24edbc
aria,aria1253,745,2,d3,snapshot_03,753,718,3850.669945637,3852.419946475,1.750000837999778,3201,14.767328500590162,"[232, 155, 386, 309]",/home/intern/gs_floaterLab/results/campaigns/gain_attribution/cvpr_assets/fixed_work_v1/render40/aria/aria1253/d3/curve_evaluation/snapshot_03/images/000745_render.png,b471a1a2b97a9441674e087b5c168f6cc8346d18f7ed3dc99693c4b8bf1929da,/home/intern/gs_floaterLab/results/campaigns/gain_attribution/cvpr_assets/fixed_work_v1/render40/aria/aria1253/d3/curve_evaluation/snapshot_03/images/000745_gt.png,870a52e0f4ebc9dcd51ee607bfca6038a72529d5e81a41ef44db8fa382f2ede2,81702343f8dbb0a662a0d3ce920d48caf0ea17c255014883874d1e6c4c938ffb
aria,aria1253,745,2,d3,snapshot_04,913,718,3850.669945637,3860.419946725,9.750001087999863,3561,18.57978735829038,"[232, 155, 386, 309]",/home/intern/gs_floaterLab/results/campaigns/gain_attribution/cvpr_assets/fixed_work_v1/render40/aria/aria1253/d3/curve_evaluation/snapshot_04/images/000745_render.png,6cad0fc3fbbc25e46091cadd17638adc3203aeb886da3768cf6c3d977270e3f6,/home/intern/gs_floaterLab/results/campaigns/gain_attribution/cvpr_assets/fixed_work_v1/render40/aria/aria1253/d3/curve_evaluation/snapshot_04/images/000745_gt.png,870a52e0f4ebc9dcd51ee607bfca6038a72529d5e81a41ef44db8fa382f2ede2,81702343f8dbb0a662a0d3ce920d48caf0ea17c255014883874d1e6c4c938ffb
aria,aria1253,745,2,d3,snapshot_05,1111,718,3850.669945637,3870.319946925,19.650001287999658,4241,23.741316403182743,"[232, 155, 386, 309]",/home/intern/gs_floaterLab/results/campaigns/gain_attribution/cvpr_assets/fixed_work_v1/render40/aria/aria1253/d3/curve_evaluation/snapshot_05/images/000745_render.png,a2ac839f155d03693d23638a317cbf932c2b012be9ee9812c8c25e58681f654e,/home/intern/gs_floaterLab/results/campaigns/gain_attribution/cvpr_assets/fixed_work_v1/render40/aria/aria1253/d3/curve_evaluation/snapshot_05/images/000745_gt.png,870a52e0f4ebc9dcd51ee607bfca6038a72529d5e81a41ef44db8fa382f2ede2,81702343f8dbb0a662a0d3ce920d48caf0ea17c255014883874d1e6c4c938ffb
aria,aria1253,745,2,d3,final,1302,718,3850.669945637,3879.86993855,29.199992912999733,4760,27.743903620173683,"[232, 155, 386, 309]",/home/intern/gs_floaterLab/results/campaigns/gain_attribution/cvpr_assets/fixed_work_v1/render40/aria/aria1253/d3/curve_evaluation/final/images/000745_render.png,a482f262c26a026fb17f65f213e9e91ecdf16d95105a47ed19a2e4ad9914ba9b,/home/intern/gs_floaterLab/results/campaigns/gain_attribution/cvpr_assets/fixed_work_v1/render40/aria/aria1253/d3/curve_evaluation/final/images/000745_gt.png,870a52e0f4ebc9dcd51ee607bfca6038a72529d5e81a41ef44db8fa382f2ede2,81702343f8dbb0a662a0d3ce920d48caf0ea17c255014883874d1e6c4c938ffb
aria,aria1253,1115,1,vanilla,snapshot_05,1111,1094,3869.469941137,3870.319946925,0.8500057879996348,4253,15.528736607089993,"[116, 77, 270, 231]",/home/intern/gs_floaterLab/results/campaigns/gain_attribution/cvpr_assets/fixed_work_v1/render40/aria/aria1253/vanilla/curve_evaluation/snapshot_05/images/001115_render.png,d515d0a70590330d95131b052d18db3f94fe33bad79a7d3afb8c5a1844a06926,/home/intern/gs_floaterLab/results/campaigns/gain_attribution/cvpr_assets/fixed_work_v1/render40/aria/aria1253/vanilla/curve_evaluation/snapshot_05/images/001115_gt.png,bfc005ebfd2481ae785de53574d55a76eb812c2f7ac6d0888011a3333f590861,0b3dc0e97c8eb80b75402091dcc9358e424e24a24147c01db364d9dc9d24edbc
aria,aria1253,1115,1,vanilla,final,1302,1094,3869.469941137,3879.86993855,10.39999741299971,4760,19.05599050327411,"[116, 77, 270, 231]",/home/intern/gs_floaterLab/results/campaigns/gain_attribution/cvpr_assets/fixed_work_v1/render40/aria/aria1253/vanilla/curve_evaluation/final/images/001115_render.png,ee76be67685eb44c35f718a65ca3781968ffa936c6fe1b526b899223de016bf2,/home/intern/gs_floaterLab/results/campaigns/gain_attribution/cvpr_assets/fixed_work_v1/render40/aria/aria1253/vanilla/curve_evaluation/final/images/001115_gt.png,bfc005ebfd2481ae785de53574d55a76eb812c2f7ac6d0888011a3333f590861,0b3dc0e97c8eb80b75402091dcc9358e424e24a24147c01db364d9dc9d24edbc
aria,aria1253,1115,1,d3,snapshot_05,1111,1094,3869.469941137,3870.319946925,0.8500057879996348,4241,16.401449942526018,"[116, 77, 270, 231]",/home/intern/gs_floaterLab/results/campaigns/gain_attribution/cvpr_assets/fixed_work_v1/render40/aria/aria1253/d3/curve_evaluation/snapshot_05/images/001115_render.png,543f9c26eea0760b14b921745769f27ad838e74c3e38b60f75bd4135a712c506,/home/intern/gs_floaterLab/results/campaigns/gain_attribution/cvpr_assets/fixed_work_v1/render40/aria/aria1253/d3/curve_evaluation/snapshot_05/images/001115_gt.png,bfc005ebfd2481ae785de53574d55a76eb812c2f7ac6d0888011a3333f590861,81702343f8dbb0a662a0d3ce920d48caf0ea17c255014883874d1e6c4c938ffb
aria,aria1253,1115,1,d3,final,1302,1094,3869.469941137,3879.86993855,10.39999741299971,4760,20.02859739415733,"[116, 77, 270, 231]",/home/intern/gs_floaterLab/results/campaigns/gain_attribution/cvpr_assets/fixed_work_v1/render40/aria/aria1253/d3/curve_evaluation/final/images/001115_render.png,af1b006c4f424ac49ce25a2fda194baa8ca6a81386407a6fb76940f67c1ac98f,/home/intern/gs_floaterLab/results/campaigns/gain_attribution/cvpr_assets/fixed_work_v1/render40/aria/aria1253/d3/curve_evaluation/final/images/001115_gt.png,bfc005ebfd2481ae785de53574d55a76eb812c2f7ac6d0888011a3333f590861,81702343f8dbb0a662a0d3ce920d48caf0ea17c255014883874d1e6c4c938ffb
aria,aria301_12F,625,0,vanilla,snapshot_02,891,607,3700.119179737,3714.319173037,14.199993299999733,5333,29.386370275952093,"[0, 193, 154, 347]",/home/intern/gs_floaterLab/results/campaigns/gain_attribution/cvpr_assets/fixed_work_12f_v1/render40/aria/aria301_12F/vanilla/curve_evaluation/snapshot_02/images/000625_render.png,079c52d574e8b7f0b484af783e42958c2a6ea2d561624c6dbfbea060cb06e13b,/home/intern/gs_floaterLab/results/campaigns/gain_attribution/cvpr_assets/fixed_work_12f_v1/render40/aria/aria301_12F/vanilla/curve_evaluation/snapshot_02/images/000625_gt.png,7982359d2ec415543fc75027c709bf34756c1c2afd07d94ad39a5562638481a0,66957ca43ad513ca4ce6c99107a385c81bbbeebb71aff591622c89d69f430471
aria,aria301_12F,625,0,vanilla,snapshot_03,1217,607,3700.119179737,3730.619171487,30.499991749999936,6853,28.440066355477892,"[0, 193, 154, 347]",/home/intern/gs_floaterLab/results/campaigns/gain_attribution/cvpr_assets/fixed_work_12f_v1/render40/aria/aria301_12F/vanilla/curve_evaluation/snapshot_03/images/000625_render.png,918cfa78339f2cf5be11ebf91f64422cf998449bcb85ced5de446dec3f615c3f,/home/intern/gs_floaterLab/results/campaigns/gain_attribution/cvpr_assets/fixed_work_12f_v1/render40/aria/aria301_12F/vanilla/curve_evaluation/snapshot_03/images/000625_gt.png,7982359d2ec415543fc75027c709bf34756c1c2afd07d94ad39a5562638481a0,66957ca43ad513ca4ce6c99107a385c81bbbeebb71aff591622c89d69f430471
aria,aria301_12F,625,0,vanilla,snapshot_04,1539,607,3700.119179737,3746.719180112,46.60000037499958,8413,27.8772088648962,"[0, 193, 154, 347]",/home/intern/gs_floaterLab/results/campaigns/gain_attribution/cvpr_assets/fixed_work_12f_v1/render40/aria/aria301_12F/vanilla/curve_evaluation/snapshot_04/images/000625_render.png,a0682c83fd25a0d783cc21efa7b71edbe30dd7880c624b8e6bc9af27cb04a0ea,/home/intern/gs_floaterLab/results/campaigns/gain_attribution/cvpr_assets/fixed_work_12f_v1/render40/aria/aria301_12F/vanilla/curve_evaluation/snapshot_04/images/000625_gt.png,7982359d2ec415543fc75027c709bf34756c1c2afd07d94ad39a5562638481a0,66957ca43ad513ca4ce6c99107a385c81bbbeebb71aff591622c89d69f430471
aria,aria301_12F,625,0,vanilla,snapshot_05,1864,607,3700.119179737,3762.969178037,62.8499982999997,10173,28.12635416885601,"[0, 193, 154, 347]",/home/intern/gs_floaterLab/results/campaigns/gain_attribution/cvpr_assets/fixed_work_12f_v1/render40/aria/aria301_12F/vanilla/curve_evaluation/snapshot_05/images/000625_render.png,eda0e8fcd1c30fcf56d133da8239bc415c53dba9e04bda067f00d835f2346a04,/home/intern/gs_floaterLab/results/campaigns/gain_attribution/cvpr_assets/fixed_work_12f_v1/render40/aria/aria301_12F/vanilla/curve_evaluation/snapshot_05/images/000625_gt.png,7982359d2ec415543fc75027c709bf34756c1c2afd07d94ad39a5562638481a0,66957ca43ad513ca4ce6c99107a385c81bbbeebb71aff591622c89d69f430471
aria,aria301_12F,625,0,vanilla,final,2192,607,3700.119179737,3779.369169575,79.24998983799969,11480,29.39762014388359,"[0, 193, 154, 347]",/home/intern/gs_floaterLab/results/campaigns/gain_attribution/cvpr_assets/fixed_work_12f_v1/render40/aria/aria301_12F/vanilla/curve_evaluation/final/images/000625_render.png,31d51288ee645c3ac9d64329f2ffc86cb19825e22ceacb64e3cbd6d9b926655a,/home/intern/gs_floaterLab/results/campaigns/gain_attribution/cvpr_assets/fixed_work_12f_v1/render40/aria/aria301_12F/vanilla/curve_evaluation/final/images/000625_gt.png,7982359d2ec415543fc75027c709bf34756c1c2afd07d94ad39a5562638481a0,66957ca43ad513ca4ce6c99107a385c81bbbeebb71aff591622c89d69f430471
aria,aria301_12F,625,0,d3,snapshot_02,891,607,3700.119179737,3714.319173037,14.199993299999733,5321,29.95166686338346,"[0, 193, 154, 347]",/home/intern/gs_floaterLab/results/campaigns/gain_attribution/cvpr_assets/fixed_work_12f_v1/render40/aria/aria301_12F/d3/curve_evaluation/snapshot_02/images/000625_render.png,95a08d3fcad6e1bbfcb099b291706be222211b5d35a6baf17ea08492e357da90,/home/intern/gs_floaterLab/results/campaigns/gain_attribution/cvpr_assets/fixed_work_12f_v1/render40/aria/aria301_12F/d3/curve_evaluation/snapshot_02/images/000625_gt.png,7982359d2ec415543fc75027c709bf34756c1c2afd07d94ad39a5562638481a0,ebc915e52275d7a012aa34f7443cef69e926419ee1ff9f7cbfb93fe5eb2e4154
aria,aria301_12F,625,0,d3,snapshot_03,1217,607,3700.119179737,3730.619171487,30.499991749999936,6841,31.743903464917235,"[0, 193, 154, 347]",/home/intern/gs_floaterLab/results/campaigns/gain_attribution/cvpr_assets/fixed_work_12f_v1/render40/aria/aria301_12F/d3/curve_evaluation/snapshot_03/images/000625_render.png,51559a8f71d9a1aecb4f98f96ed54e695215a5809139a3a0056b15215578239d,/home/intern/gs_floaterLab/results/campaigns/gain_attribution/cvpr_assets/fixed_work_12f_v1/render40/aria/aria301_12F/d3/curve_evaluation/snapshot_03/images/000625_gt.png,7982359d2ec415543fc75027c709bf34756c1c2afd07d94ad39a5562638481a0,ebc915e52275d7a012aa34f7443cef69e926419ee1ff9f7cbfb93fe5eb2e4154
aria,aria301_12F,625,0,d3,snapshot_04,1539,607,3700.119179737,3746.719180112,46.60000037499958,8401,30.942558932774773,"[0, 193, 154, 347]",/home/intern/gs_floaterLab/results/campaigns/gain_attribution/cvpr_assets/fixed_work_12f_v1/render40/aria/aria301_12F/d3/curve_evaluation/snapshot_04/images/000625_render.png,a8bca5b69e59988912466f936cb4016c5f6c7c69b282cfcc3214e0fc5c18cd32,/home/intern/gs_floaterLab/results/campaigns/gain_attribution/cvpr_assets/fixed_work_12f_v1/render40/aria/aria301_12F/d3/curve_evaluation/snapshot_04/images/000625_gt.png,7982359d2ec415543fc75027c709bf34756c1c2afd07d94ad39a5562638481a0,ebc915e52275d7a012aa34f7443cef69e926419ee1ff9f7cbfb93fe5eb2e4154
aria,aria301_12F,625,0,d3,snapshot_05,1864,607,3700.119179737,3762.969178037,62.8499982999997,10161,31.895981597991366,"[0, 193, 154, 347]",/home/intern/gs_floaterLab/results/campaigns/gain_attribution/cvpr_assets/fixed_work_12f_v1/render40/aria/aria301_12F/d3/curve_evaluation/snapshot_05/images/000625_render.png,8e34ff933b70efde8bc3b4e6bb1f645d28eb026be0a4daf186ae657173988632,/home/intern/gs_floaterLab/results/campaigns/gain_attribution/cvpr_assets/fixed_work_12f_v1/render40/aria/aria301_12F/d3/curve_evaluation/snapshot_05/images/000625_gt.png,7982359d2ec415543fc75027c709bf34756c1c2afd07d94ad39a5562638481a0,ebc915e52275d7a012aa34f7443cef69e926419ee1ff9f7cbfb93fe5eb2e4154
aria,aria301_12F,625,0,d3,final,2192,607,3700.119179737,3779.369169575,79.24998983799969,11480,30.358130692240938,"[0, 193, 154, 347]",/home/intern/gs_floaterLab/results/campaigns/gain_attribution/cvpr_assets/fixed_work_12f_v1/render40/aria/aria301_12F/d3/curve_evaluation/final/images/000625_render.png,b90e4bec33702a06af1c215088d049c0fad772f310f15135e7b209b41155d078,/home/intern/gs_floaterLab/results/campaigns/gain_attribution/cvpr_assets/fixed_work_12f_v1/render40/aria/aria301_12F/d3/curve_evaluation/final/images/000625_gt.png,7982359d2ec415543fc75027c709bf34756c1c2afd07d94ad39a5562638481a0,ebc915e52275d7a012aa34f7443cef69e926419ee1ff9f7cbfb93fe5eb2e4154
aria,aria301_12F,625,1,vanilla,snapshot_02,891,611,3700.319175537,3714.319173037,13.999997500000063,5333,24.01517298965019,"[193, 155, 347, 309]",/home/intern/gs_floaterLab/results/campaigns/gain_attribution/cvpr_assets/fixed_work_12f_v1/render40/aria/aria301_12F/vanilla/curve_evaluation/snapshot_02/images/000625_render.png,079c52d574e8b7f0b484af783e42958c2a6ea2d561624c6dbfbea060cb06e13b,/home/intern/gs_floaterLab/results/campaigns/gain_attribution/cvpr_assets/fixed_work_12f_v1/render40/aria/aria301_12F/vanilla/curve_evaluation/snapshot_02/images/000625_gt.png,7982359d2ec415543fc75027c709bf34756c1c2afd07d94ad39a5562638481a0,66957ca43ad513ca4ce6c99107a385c81bbbeebb71aff591622c89d69f430471
aria,aria301_12F,625,1,vanilla,snapshot_03,1217,611,3700.319175537,3730.619171487,30.299995950000266,6853,24.852589102885375,"[193, 155, 347, 309]",/home/intern/gs_floaterLab/results/campaigns/gain_attribution/cvpr_assets/fixed_work_12f_v1/render40/aria/aria301_12F/vanilla/curve_evaluation/snapshot_03/images/000625_render.png,918cfa78339f2cf5be11ebf91f64422cf998449bcb85ced5de446dec3f615c3f,/home/intern/gs_floaterLab/results/campaigns/gain_attribution/cvpr_assets/fixed_work_12f_v1/render40/aria/aria301_12F/vanilla/curve_evaluation/snapshot_03/images/000625_gt.png,7982359d2ec415543fc75027c709bf34756c1c2afd07d94ad39a5562638481a0,66957ca43ad513ca4ce6c99107a385c81bbbeebb71aff591622c89d69f430471
aria,aria301_12F,625,1,vanilla,snapshot_04,1539,611,3700.319175537,3746.719180112,46.40000457499991,8413,25.91130502507303,"[193, 155, 347, 309]",/home/intern/gs_floaterLab/results/campaigns/gain_attribution/cvpr_assets/fixed_work_12f_v1/render40/aria/aria301_12F/vanilla/curve_evaluation/snapshot_04/images/000625_render.png,a0682c83fd25a0d783cc21efa7b71edbe30dd7880c624b8e6bc9af27cb04a0ea,/home/intern/gs_floaterLab/results/campaigns/gain_attribution/cvpr_assets/fixed_work_12f_v1/render40/aria/aria301_12F/vanilla/curve_evaluation/snapshot_04/images/000625_gt.png,7982359d2ec415543fc75027c709bf34756c1c2afd07d94ad39a5562638481a0,66957ca43ad513ca4ce6c99107a385c81bbbeebb71aff591622c89d69f430471
aria,aria301_12F,625,1,vanilla,snapshot_05,1864,611,3700.319175537,3762.969178037,62.65000250000003,10173,26.416154962968083,"[193, 155, 347, 309]",/home/intern/gs_floaterLab/results/campaigns/gain_attribution/cvpr_assets/fixed_work_12f_v1/render40/aria/aria301_12F/vanilla/curve_evaluation/snapshot_05/images/000625_render.png,eda0e8fcd1c30fcf56d133da8239bc415c53dba9e04bda067f00d835f2346a04,/home/intern/gs_floaterLab/results/campaigns/gain_attribution/cvpr_assets/fixed_work_12f_v1/render40/aria/aria301_12F/vanilla/curve_evaluation/snapshot_05/images/000625_gt.png,7982359d2ec415543fc75027c709bf34756c1c2afd07d94ad39a5562638481a0,66957ca43ad513ca4ce6c99107a385c81bbbeebb71aff591622c89d69f430471
aria,aria301_12F,625,1,vanilla,final,2192,611,3700.319175537,3779.369169575,79.04999403800002,11480,27.00041073919739,"[193, 155, 347, 309]",/home/intern/gs_floaterLab/results/campaigns/gain_attribution/cvpr_assets/fixed_work_12f_v1/render40/aria/aria301_12F/vanilla/curve_evaluation/final/images/000625_render.png,31d51288ee645c3ac9d64329f2ffc86cb19825e22ceacb64e3cbd6d9b926655a,/home/intern/gs_floaterLab/results/campaigns/gain_attribution/cvpr_assets/fixed_work_12f_v1/render40/aria/aria301_12F/vanilla/curve_evaluation/final/images/000625_gt.png,7982359d2ec415543fc75027c709bf34756c1c2afd07d94ad39a5562638481a0,66957ca43ad513ca4ce6c99107a385c81bbbeebb71aff591622c89d69f430471
aria,aria301_12F,625,1,d3,snapshot_02,891,611,3700.319175537,3714.319173037,13.999997500000063,5321,25.957376477873694,"[193, 155, 347, 309]",/home/intern/gs_floaterLab/results/campaigns/gain_attribution/cvpr_assets/fixed_work_12f_v1/render40/aria/aria301_12F/d3/curve_evaluation/snapshot_02/images/000625_render.png,95a08d3fcad6e1bbfcb099b291706be222211b5d35a6baf17ea08492e357da90,/home/intern/gs_floaterLab/results/campaigns/gain_attribution/cvpr_assets/fixed_work_12f_v1/render40/aria/aria301_12F/d3/curve_evaluation/snapshot_02/images/000625_gt.png,7982359d2ec415543fc75027c709bf34756c1c2afd07d94ad39a5562638481a0,ebc915e52275d7a012aa34f7443cef69e926419ee1ff9f7cbfb93fe5eb2e4154
aria,aria301_12F,625,1,d3,snapshot_03,1217,611,3700.319175537,3730.619171487,30.299995950000266,6841,26.52376360560909,"[193, 155, 347, 309]",/home/intern/gs_floaterLab/results/campaigns/gain_attribution/cvpr_assets/fixed_work_12f_v1/render40/aria/aria301_12F/d3/curve_evaluation/snapshot_03/images/000625_render.png,51559a8f71d9a1aecb4f98f96ed54e695215a5809139a3a0056b15215578239d,/home/intern/gs_floaterLab/results/campaigns/gain_attribution/cvpr_assets/fixed_work_12f_v1/render40/aria/aria301_12F/d3/curve_evaluation/snapshot_03/images/000625_gt.png,7982359d2ec415543fc75027c709bf34756c1c2afd07d94ad39a5562638481a0,ebc915e52275d7a012aa34f7443cef69e926419ee1ff9f7cbfb93fe5eb2e4154
aria,aria301_12F,625,1,d3,snapshot_04,1539,611,3700.319175537,3746.719180112,46.40000457499991,8401,28.62414484380954,"[193, 155, 347, 309]",/home/intern/gs_floaterLab/results/campaigns/gain_attribution/cvpr_assets/fixed_work_12f_v1/render40/aria/aria301_12F/d3/curve_evaluation/snapshot_04/images/000625_render.png,a8bca5b69e59988912466f936cb4016c5f6c7c69b282cfcc3214e0fc5c18cd32,/home/intern/gs_floaterLab/results/campaigns/gain_attribution/cvpr_assets/fixed_work_12f_v1/render40/aria/aria301_12F/d3/curve_evaluation/snapshot_04/images/000625_gt.png,7982359d2ec415543fc75027c709bf34756c1c2afd07d94ad39a5562638481a0,ebc915e52275d7a012aa34f7443cef69e926419ee1ff9f7cbfb93fe5eb2e4154
aria,aria301_12F,625,1,d3,snapshot_05,1864,611,3700.319175537,3762.969178037,62.65000250000003,10161,28.957761487223443,"[193, 155, 347, 309]",/home/intern/gs_floaterLab/results/campaigns/gain_attribution/cvpr_assets/fixed_work_12f_v1/render40/aria/aria301_12F/d3/curve_evaluation/snapshot_05/images/000625_render.png,8e34ff933b70efde8bc3b4e6bb1f645d28eb026be0a4daf186ae657173988632,/home/intern/gs_floaterLab/results/campaigns/gain_attribution/cvpr_assets/fixed_work_12f_v1/render40/aria/aria301_12F/d3/curve_evaluation/snapshot_05/images/000625_gt.png,7982359d2ec415543fc75027c709bf34756c1c2afd07d94ad39a5562638481a0,ebc915e52275d7a012aa34f7443cef69e926419ee1ff9f7cbfb93fe5eb2e4154
aria,aria301_12F,625,1,d3,final,2192,611,3700.319175537,3779.369169575,79.04999403800002,11480,29.93241494010213,"[193, 155, 347, 309]",/home/intern/gs_floaterLab/results/campaigns/gain_attribution/cvpr_assets/fixed_work_12f_v1/render40/aria/aria301_12F/d3/curve_evaluation/final/images/000625_render.png,b90e4bec33702a06af1c215088d049c0fad772f310f15135e7b209b41155d078,/home/intern/gs_floaterLab/results/campaigns/gain_attribution/cvpr_assets/fixed_work_12f_v1/render40/aria/aria301_12F/d3/curve_evaluation/final/images/000625_gt.png,7982359d2ec415543fc75027c709bf34756c1c2afd07d94ad39a5562638481a0,ebc915e52275d7a012aa34f7443cef69e926419ee1ff9f7cbfb93fe5eb2e4154
aria,aria301_12F,625,2,vanilla,snapshot_02,891,613,3700.419174112,3714.319173037,13.89999892500009,5333,27.39922506900825,"[193, 271, 347, 425]",/home/intern/gs_floaterLab/results/campaigns/gain_attribution/cvpr_assets/fixed_work_12f_v1/render40/aria/aria301_12F/vanilla/curve_evaluation/snapshot_02/images/000625_render.png,079c52d574e8b7f0b484af783e42958c2a6ea2d561624c6dbfbea060cb06e13b,/home/intern/gs_floaterLab/results/campaigns/gain_attribution/cvpr_assets/fixed_work_12f_v1/render40/aria/aria301_12F/vanilla/curve_evaluation/snapshot_02/images/000625_gt.png,7982359d2ec415543fc75027c709bf34756c1c2afd07d94ad39a5562638481a0,66957ca43ad513ca4ce6c99107a385c81bbbeebb71aff591622c89d69f430471
aria,aria301_12F,625,2,vanilla,snapshot_03,1217,613,3700.419174112,3730.619171487,30.199997375000294,6853,27.146431048308983,"[193, 271, 347, 425]",/home/intern/gs_floaterLab/results/campaigns/gain_attribution/cvpr_assets/fixed_work_12f_v1/render40/aria/aria301_12F/vanilla/curve_evaluation/snapshot_03/images/000625_render.png,918cfa78339f2cf5be11ebf91f64422cf998449bcb85ced5de446dec3f615c3f,/home/intern/gs_floaterLab/results/campaigns/gain_attribution/cvpr_assets/fixed_work_12f_v1/render40/aria/aria301_12F/vanilla/curve_evaluation/snapshot_03/images/000625_gt.png,7982359d2ec415543fc75027c709bf34756c1c2afd07d94ad39a5562638481a0,66957ca43ad513ca4ce6c99107a385c81bbbeebb71aff591622c89d69f430471
aria,aria301_12F,625,2,vanilla,snapshot_04,1539,613,3700.419174112,3746.719180112,46.30000599999994,8413,27.864263748375883,"[193, 271, 347, 425]",/home/intern/gs_floaterLab/results/campaigns/gain_attribution/cvpr_assets/fixed_work_12f_v1/render40/aria/aria301_12F/vanilla/curve_evaluation/snapshot_04/images/000625_render.png,a0682c83fd25a0d783cc21efa7b71edbe30dd7880c624b8e6bc9af27cb04a0ea,/home/intern/gs_floaterLab/results/campaigns/gain_attribution/cvpr_assets/fixed_work_12f_v1/render40/aria/aria301_12F/vanilla/curve_evaluation/snapshot_04/images/000625_gt.png,7982359d2ec415543fc75027c709bf34756c1c2afd07d94ad39a5562638481a0,66957ca43ad513ca4ce6c99107a385c81bbbeebb71aff591622c89d69f430471
aria,aria301_12F,625,2,vanilla,snapshot_05,1864,613,3700.419174112,3762.969178037,62.550003925000055,10173,28.623495242542614,"[193, 271, 347, 425]",/home/intern/gs_floaterLab/results/campaigns/gain_attribution/cvpr_assets/fixed_work_12f_v1/render40/aria/aria301_12F/vanilla/curve_evaluation/snapshot_05/images/000625_render.png,eda0e8fcd1c30fcf56d133da8239bc415c53dba9e04bda067f00d835f2346a04,/home/intern/gs_floaterLab/results/campaigns/gain_attribution/cvpr_assets/fixed_work_12f_v1/render40/aria/aria301_12F/vanilla/curve_evaluation/snapshot_05/images/000625_gt.png,7982359d2ec415543fc75027c709bf34756c1c2afd07d94ad39a5562638481a0,66957ca43ad513ca4ce6c99107a385c81bbbeebb71aff591622c89d69f430471
aria,aria301_12F,625,2,vanilla,final,2192,613,3700.419174112,3779.369169575,78.94999546300005,11480,29.29812239695088,"[193, 271, 347, 425]",/home/intern/gs_floaterLab/results/campaigns/gain_attribution/cvpr_assets/fixed_work_12f_v1/render40/aria/aria301_12F/vanilla/curve_evaluation/final/images/000625_render.png,31d51288ee645c3ac9d64329f2ffc86cb19825e22ceacb64e3cbd6d9b926655a,/home/intern/gs_floaterLab/results/campaigns/gain_attribution/cvpr_assets/fixed_work_12f_v1/render40/aria/aria301_12F/vanilla/curve_evaluation/final/images/000625_gt.png,7982359d2ec415543fc75027c709bf34756c1c2afd07d94ad39a5562638481a0,66957ca43ad513ca4ce6c99107a385c81bbbeebb71aff591622c89d69f430471
aria,aria301_12F,625,2,d3,snapshot_02,891,613,3700.419174112,3714.319173037,13.89999892500009,5321,29.19467944951533,"[193, 271, 347, 425]",/home/intern/gs_floaterLab/results/campaigns/gain_attribution/cvpr_assets/fixed_work_12f_v1/render40/aria/aria301_12F/d3/curve_evaluation/snapshot_02/images/000625_render.png,95a08d3fcad6e1bbfcb099b291706be222211b5d35a6baf17ea08492e357da90,/home/intern/gs_floaterLab/results/campaigns/gain_attribution/cvpr_assets/fixed_work_12f_v1/render40/aria/aria301_12F/d3/curve_evaluation/snapshot_02/images/000625_gt.png,7982359d2ec415543fc75027c709bf34756c1c2afd07d94ad39a5562638481a0,ebc915e52275d7a012aa34f7443cef69e926419ee1ff9f7cbfb93fe5eb2e4154
aria,aria301_12F,625,2,d3,snapshot_03,1217,613,3700.419174112,3730.619171487,30.199997375000294,6841,28.380486358549284,"[193, 271, 347, 425]",/home/intern/gs_floaterLab/results/campaigns/gain_attribution/cvpr_assets/fixed_work_12f_v1/render40/aria/aria301_12F/d3/curve_evaluation/snapshot_03/images/000625_render.png,51559a8f71d9a1aecb4f98f96ed54e695215a5809139a3a0056b15215578239d,/home/intern/gs_floaterLab/results/campaigns/gain_attribution/cvpr_assets/fixed_work_12f_v1/render40/aria/aria301_12F/d3/curve_evaluation/snapshot_03/images/000625_gt.png,7982359d2ec415543fc75027c709bf34756c1c2afd07d94ad39a5562638481a0,ebc915e52275d7a012aa34f7443cef69e926419ee1ff9f7cbfb93fe5eb2e4154
aria,aria301_12F,625,2,d3,snapshot_04,1539,613,3700.419174112,3746.719180112,46.30000599999994,8401,30.843171696814128,"[193, 271, 347, 425]",/home/intern/gs_floaterLab/results/campaigns/gain_attribution/cvpr_assets/fixed_work_12f_v1/render40/aria/aria301_12F/d3/curve_evaluation/snapshot_04/images/000625_render.png,a8bca5b69e59988912466f936cb4016c5f6c7c69b282cfcc3214e0fc5c18cd32,/home/intern/gs_floaterLab/results/campaigns/gain_attribution/cvpr_assets/fixed_work_12f_v1/render40/aria/aria301_12F/d3/curve_evaluation/snapshot_04/images/000625_gt.png,7982359d2ec415543fc75027c709bf34756c1c2afd07d94ad39a5562638481a0,ebc915e52275d7a012aa34f7443cef69e926419ee1ff9f7cbfb93fe5eb2e4154
aria,aria301_12F,625,2,d3,snapshot_05,1864,613,3700.419174112,3762.969178037,62.550003925000055,10161,30.395081465697324,"[193, 271, 347, 425]",/home/intern/gs_floaterLab/results/campaigns/gain_attribution/cvpr_assets/fixed_work_12f_v1/render40/aria/aria301_12F/d3/curve_evaluation/snapshot_05/images/000625_render.png,8e34ff933b70efde8bc3b4e6bb1f645d28eb026be0a4daf186ae657173988632,/home/intern/gs_floaterLab/results/campaigns/gain_attribution/cvpr_assets/fixed_work_12f_v1/render40/aria/aria301_12F/d3/curve_evaluation/snapshot_05/images/000625_gt.png,7982359d2ec415543fc75027c709bf34756c1c2afd07d94ad39a5562638481a0,ebc915e52275d7a012aa34f7443cef69e926419ee1ff9f7cbfb93fe5eb2e4154
aria,aria301_12F,625,2,d3,final,2192,613,3700.419174112,3779.369169575,78.94999546300005,11480,31.223498159707425,"[193, 271, 347, 425]",/home/intern/gs_floaterLab/results/campaigns/gain_attribution/cvpr_assets/fixed_work_12f_v1/render40/aria/aria301_12F/d3/curve_evaluation/final/images/000625_render.png,b90e4bec33702a06af1c215088d049c0fad772f310f15135e7b209b41155d078,/home/intern/gs_floaterLab/results/campaigns/gain_attribution/cvpr_assets/fixed_work_12f_v1/render40/aria/aria301_12F/d3/curve_evaluation/final/images/000625_gt.png,7982359d2ec415543fc75027c709bf34756c1c2afd07d94ad39a5562638481a0,ebc915e52275d7a012aa34f7443cef69e926419ee1ff9f7cbfb93fe5eb2e4154
aria,aria301_12F,1250,0,vanilla,snapshot_04,1539,1226,3731.06917465,3746.719180112,15.650005461999626,8413,17.116460801093815,"[155, 193, 309, 347]",/home/intern/gs_floaterLab/results/campaigns/gain_attribution/cvpr_assets/fixed_work_12f_v1/render40/aria/aria301_12F/vanilla/curve_evaluation/snapshot_04/images/001250_render.png,7009e5df99e264338b969dadcf78f5935bd61ed4e062b365539f3fbd59680216,/home/intern/gs_floaterLab/results/campaigns/gain_attribution/cvpr_assets/fixed_work_12f_v1/render40/aria/aria301_12F/vanilla/curve_evaluation/snapshot_04/images/001250_gt.png,380ec2f73e1958d1e810e86c03471b461832124d571af0788048431026b74a0c,66957ca43ad513ca4ce6c99107a385c81bbbeebb71aff591622c89d69f430471
aria,aria301_12F,1250,0,vanilla,snapshot_05,1864,1226,3731.06917465,3762.969178037,31.900003386999742,10173,18.500482412247223,"[155, 193, 309, 347]",/home/intern/gs_floaterLab/results/campaigns/gain_attribution/cvpr_assets/fixed_work_12f_v1/render40/aria/aria301_12F/vanilla/curve_evaluation/snapshot_05/images/001250_render.png,913231d7d35faec85816a11bfae1e4bda527a3b34a9265c56209f4978466ced6,/home/intern/gs_floaterLab/results/campaigns/gain_attribution/cvpr_assets/fixed_work_12f_v1/render40/aria/aria301_12F/vanilla/curve_evaluation/snapshot_05/images/001250_gt.png,380ec2f73e1958d1e810e86c03471b461832124d571af0788048431026b74a0c,66957ca43ad513ca4ce6c99107a385c81bbbeebb71aff591622c89d69f430471
aria,aria301_12F,1250,0,vanilla,final,2192,1226,3731.06917465,3779.369169575,48.29999492499974,11480,18.40411973336195,"[155, 193, 309, 347]",/home/intern/gs_floaterLab/results/campaigns/gain_attribution/cvpr_assets/fixed_work_12f_v1/render40/aria/aria301_12F/vanilla/curve_evaluation/final/images/001250_render.png,653e4b904519bf3fc4fb6bb5fb24f9e547573cd2e8cd7413c89e2d1952b12efe,/home/intern/gs_floaterLab/results/campaigns/gain_attribution/cvpr_assets/fixed_work_12f_v1/render40/aria/aria301_12F/vanilla/curve_evaluation/final/images/001250_gt.png,380ec2f73e1958d1e810e86c03471b461832124d571af0788048431026b74a0c,66957ca43ad513ca4ce6c99107a385c81bbbeebb71aff591622c89d69f430471
aria,aria301_12F,1250,0,d3,snapshot_04,1539,1226,3731.06917465,3746.719180112,15.650005461999626,8401,19.485605573722008,"[155, 193, 309, 347]",/home/intern/gs_floaterLab/results/campaigns/gain_attribution/cvpr_assets/fixed_work_12f_v1/render40/aria/aria301_12F/d3/curve_evaluation/snapshot_04/images/001250_render.png,d1fa29bc152e176c582a587834e73ac8cd686fb2cf906faf41807815ba2eb99b,/home/intern/gs_floaterLab/results/campaigns/gain_attribution/cvpr_assets/fixed_work_12f_v1/render40/aria/aria301_12F/d3/curve_evaluation/snapshot_04/images/001250_gt.png,380ec2f73e1958d1e810e86c03471b461832124d571af0788048431026b74a0c,ebc915e52275d7a012aa34f7443cef69e926419ee1ff9f7cbfb93fe5eb2e4154
aria,aria301_12F,1250,0,d3,snapshot_05,1864,1226,3731.06917465,3762.969178037,31.900003386999742,10161,21.585302220514045,"[155, 193, 309, 347]",/home/intern/gs_floaterLab/results/campaigns/gain_attribution/cvpr_assets/fixed_work_12f_v1/render40/aria/aria301_12F/d3/curve_evaluation/snapshot_05/images/001250_render.png,6cc7c75de1ed7f9a362fa25451f8903ab8774f136fe669c50168c2d4eaafcafa,/home/intern/gs_floaterLab/results/campaigns/gain_attribution/cvpr_assets/fixed_work_12f_v1/render40/aria/aria301_12F/d3/curve_evaluation/snapshot_05/images/001250_gt.png,380ec2f73e1958d1e810e86c03471b461832124d571af0788048431026b74a0c,ebc915e52275d7a012aa34f7443cef69e926419ee1ff9f7cbfb93fe5eb2e4154
aria,aria301_12F,1250,0,d3,final,2192,1226,3731.06917465,3779.369169575,48.29999492499974,11480,21.696915740329587,"[155, 193, 309, 347]",/home/intern/gs_floaterLab/results/campaigns/gain_attribution/cvpr_assets/fixed_work_12f_v1/render40/aria/aria301_12F/d3/curve_evaluation/final/images/001250_render.png,8427cbd1a32ff52b1ec641c3b1cd3ea4c1023f01a6d92ac2ddad9b54baad4bcf,/home/intern/gs_floaterLab/results/campaigns/gain_attribution/cvpr_assets/fixed_work_12f_v1/render40/aria/aria301_12F/d3/curve_evaluation/final/images/001250_gt.png,380ec2f73e1958d1e810e86c03471b461832124d571af0788048431026b74a0c,ebc915e52275d7a012aa34f7443cef69e926419ee1ff9f7cbfb93fe5eb2e4154
aria,aria301_12F,1250,1,vanilla,snapshot_04,1539,1237,3731.61917845,3746.719180112,15.100001661999613,8413,20.65098984992303,"[155, 310, 309, 464]",/home/intern/gs_floaterLab/results/campaigns/gain_attribution/cvpr_assets/fixed_work_12f_v1/render40/aria/aria301_12F/vanilla/curve_evaluation/snapshot_04/images/001250_render.png,7009e5df99e264338b969dadcf78f5935bd61ed4e062b365539f3fbd59680216,/home/intern/gs_floaterLab/results/campaigns/gain_attribution/cvpr_assets/fixed_work_12f_v1/render40/aria/aria301_12F/vanilla/curve_evaluation/snapshot_04/images/001250_gt.png,380ec2f73e1958d1e810e86c03471b461832124d571af0788048431026b74a0c,66957ca43ad513ca4ce6c99107a385c81bbbeebb71aff591622c89d69f430471
aria,aria301_12F,1250,1,vanilla,snapshot_05,1864,1237,3731.61917845,3762.969178037,31.34999958699973,10173,21.880244735778845,"[155, 310, 309, 464]",/home/intern/gs_floaterLab/results/campaigns/gain_attribution/cvpr_assets/fixed_work_12f_v1/render40/aria/aria301_12F/vanilla/curve_evaluation/snapshot_05/images/001250_render.png,913231d7d35faec85816a11bfae1e4bda527a3b34a9265c56209f4978466ced6,/home/intern/gs_floaterLab/results/campaigns/gain_attribution/cvpr_assets/fixed_work_12f_v1/render40/aria/aria301_12F/vanilla/curve_evaluation/snapshot_05/images/001250_gt.png,380ec2f73e1958d1e810e86c03471b461832124d571af0788048431026b74a0c,66957ca43ad513ca4ce6c99107a385c81bbbeebb71aff591622c89d69f430471
aria,aria301_12F,1250,1,vanilla,final,2192,1237,3731.61917845,3779.369169575,47.749991124999724,11480,21.963095001487936,"[155, 310, 309, 464]",/home/intern/gs_floaterLab/results/campaigns/gain_attribution/cvpr_assets/fixed_work_12f_v1/render40/aria/aria301_12F/vanilla/curve_evaluation/final/images/001250_render.png,653e4b904519bf3fc4fb6bb5fb24f9e547573cd2e8cd7413c89e2d1952b12efe,/home/intern/gs_floaterLab/results/campaigns/gain_attribution/cvpr_assets/fixed_work_12f_v1/render40/aria/aria301_12F/vanilla/curve_evaluation/final/images/001250_gt.png,380ec2f73e1958d1e810e86c03471b461832124d571af0788048431026b74a0c,66957ca43ad513ca4ce6c99107a385c81bbbeebb71aff591622c89d69f430471
aria,aria301_12F,1250,1,d3,snapshot_04,1539,1237,3731.61917845,3746.719180112,15.100001661999613,8401,23.321660682983143,"[155, 310, 309, 464]",/home/intern/gs_floaterLab/results/campaigns/gain_attribution/cvpr_assets/fixed_work_12f_v1/render40/aria/aria301_12F/d3/curve_evaluation/snapshot_04/images/001250_render.png,d1fa29bc152e176c582a587834e73ac8cd686fb2cf906faf41807815ba2eb99b,/home/intern/gs_floaterLab/results/campaigns/gain_attribution/cvpr_assets/fixed_work_12f_v1/render40/aria/aria301_12F/d3/curve_evaluation/snapshot_04/images/001250_gt.png,380ec2f73e1958d1e810e86c03471b461832124d571af0788048431026b74a0c,ebc915e52275d7a012aa34f7443cef69e926419ee1ff9f7cbfb93fe5eb2e4154
aria,aria301_12F,1250,1,d3,snapshot_05,1864,1237,3731.61917845,3762.969178037,31.34999958699973,10161,25.11045116083097,"[155, 310, 309, 464]",/home/intern/gs_floaterLab/results/campaigns/gain_attribution/cvpr_assets/fixed_work_12f_v1/render40/aria/aria301_12F/d3/curve_evaluation/snapshot_05/images/001250_render.png,6cc7c75de1ed7f9a362fa25451f8903ab8774f136fe669c50168c2d4eaafcafa,/home/intern/gs_floaterLab/results/campaigns/gain_attribution/cvpr_assets/fixed_work_12f_v1/render40/aria/aria301_12F/d3/curve_evaluation/snapshot_05/images/001250_gt.png,380ec2f73e1958d1e810e86c03471b461832124d571af0788048431026b74a0c,ebc915e52275d7a012aa34f7443cef69e926419ee1ff9f7cbfb93fe5eb2e4154
aria,aria301_12F,1250,1,d3,final,2192,1237,3731.61917845,3779.369169575,47.749991124999724,11480,25.343187925317796,"[155, 310, 309, 464]",/home/intern/gs_floaterLab/results/campaigns/gain_attribution/cvpr_assets/fixed_work_12f_v1/render40/aria/aria301_12F/d3/curve_evaluation/final/images/001250_render.png,8427cbd1a32ff52b1ec641c3b1cd3ea4c1023f01a6d92ac2ddad9b54baad4bcf,/home/intern/gs_floaterLab/results/campaigns/gain_attribution/cvpr_assets/fixed_work_12f_v1/render40/aria/aria301_12F/d3/curve_evaluation/final/images/001250_gt.png,380ec2f73e1958d1e810e86c03471b461832124d571af0788048431026b74a0c,ebc915e52275d7a012aa34f7443cef69e926419ee1ff9f7cbfb93fe5eb2e4154
aria,aria301_12F,1880,0,vanilla,snapshot_05,1864,1818,3760.66917695,3762.969178037,2.300001087000055,10173,20.543256934435696,"[193, 155, 347, 309]",/home/intern/gs_floaterLab/results/campaigns/gain_attribution/cvpr_assets/fixed_work_12f_v1/render40/aria/aria301_12F/vanilla/curve_evaluation/snapshot_05/images/001880_render.png,04c1775b616ec8a7a6b9951c969b9afc2840055bec0fd2ade2701a02a5578e78,/home/intern/gs_floaterLab/results/campaigns/gain_attribution/cvpr_assets/fixed_work_12f_v1/render40/aria/aria301_12F/vanilla/curve_evaluation/snapshot_05/images/001880_gt.png,73d3fb3fff59995a546b4e7b806d2ccdf0b4720351183949fb751ace9029e85d,66957ca43ad513ca4ce6c99107a385c81bbbeebb71aff591622c89d69f430471
aria,aria301_12F,1880,0,vanilla,final,2192,1818,3760.66917695,3779.369169575,18.69999262500005,11480,12.568826580922233,"[193, 155, 347, 309]",/home/intern/gs_floaterLab/results/campaigns/gain_attribution/cvpr_assets/fixed_work_12f_v1/render40/aria/aria301_12F/vanilla/curve_evaluation/final/images/001880_render.png,43566bf9224551c2d4974346912a607c48b24ca269f3ef478c1907daecd55603,/home/intern/gs_floaterLab/results/campaigns/gain_attribution/cvpr_assets/fixed_work_12f_v1/render40/aria/aria301_12F/vanilla/curve_evaluation/final/images/001880_gt.png,73d3fb3fff59995a546b4e7b806d2ccdf0b4720351183949fb751ace9029e85d,66957ca43ad513ca4ce6c99107a385c81bbbeebb71aff591622c89d69f430471
aria,aria301_12F,1880,0,d3,snapshot_05,1864,1818,3760.66917695,3762.969178037,2.300001087000055,10161,20.962804588575665,"[193, 155, 347, 309]",/home/intern/gs_floaterLab/results/campaigns/gain_attribution/cvpr_assets/fixed_work_12f_v1/render40/aria/aria301_12F/d3/curve_evaluation/snapshot_05/images/001880_render.png,04305375c49daeb81f72cba2e774661d1b222f8fd6cdc3ca184c4f5a19810d6a,/home/intern/gs_floaterLab/results/campaigns/gain_attribution/cvpr_assets/fixed_work_12f_v1/render40/aria/aria301_12F/d3/curve_evaluation/snapshot_05/images/001880_gt.png,73d3fb3fff59995a546b4e7b806d2ccdf0b4720351183949fb751ace9029e85d,ebc915e52275d7a012aa34f7443cef69e926419ee1ff9f7cbfb93fe5eb2e4154
aria,aria301_12F,1880,0,d3,final,2192,1818,3760.66917695,3779.369169575,18.69999262500005,11480,15.342774126794286,"[193, 155, 347, 309]",/home/intern/gs_floaterLab/results/campaigns/gain_attribution/cvpr_assets/fixed_work_12f_v1/render40/aria/aria301_12F/d3/curve_evaluation/final/images/001880_render.png,90e91c3d48382f9fabd77e3c3b1099f2b8d309c0af3b06cdb0abccf14e6e1ae6,/home/intern/gs_floaterLab/results/campaigns/gain_attribution/cvpr_assets/fixed_work_12f_v1/render40/aria/aria301_12F/d3/curve_evaluation/final/images/001880_gt.png,73d3fb3fff59995a546b4e7b806d2ccdf0b4720351183949fb751ace9029e85d,ebc915e52275d7a012aa34f7443cef69e926419ee1ff9f7cbfb93fe5eb2e4154
aria,aria301_12F,1880,1,vanilla,snapshot_05,1864,1861,3762.81917695,3762.969178037,0.15000108699996417,10173,17.7627071966395,"[116, 77, 270, 231]",/home/intern/gs_floaterLab/results/campaigns/gain_attribution/cvpr_assets/fixed_work_12f_v1/render40/aria/aria301_12F/vanilla/curve_evaluation/snapshot_05/images/001880_render.png,04c1775b616ec8a7a6b9951c969b9afc2840055bec0fd2ade2701a02a5578e78,/home/intern/gs_floaterLab/results/campaigns/gain_attribution/cvpr_assets/fixed_work_12f_v1/render40/aria/aria301_12F/vanilla/curve_evaluation/snapshot_05/images/001880_gt.png,73d3fb3fff59995a546b4e7b806d2ccdf0b4720351183949fb751ace9029e85d,66957ca43ad513ca4ce6c99107a385c81bbbeebb71aff591622c89d69f430471
aria,aria301_12F,1880,1,vanilla,final,2192,1861,3762.81917695,3779.369169575,16.54999262499996,11480,15.708492210470062,"[116, 77, 270, 231]",/home/intern/gs_floaterLab/results/campaigns/gain_attribution/cvpr_assets/fixed_work_12f_v1/render40/aria/aria301_12F/vanilla/curve_evaluation/final/images/001880_render.png,43566bf9224551c2d4974346912a607c48b24ca269f3ef478c1907daecd55603,/home/intern/gs_floaterLab/results/campaigns/gain_attribution/cvpr_assets/fixed_work_12f_v1/render40/aria/aria301_12F/vanilla/curve_evaluation/final/images/001880_gt.png,73d3fb3fff59995a546b4e7b806d2ccdf0b4720351183949fb751ace9029e85d,66957ca43ad513ca4ce6c99107a385c81bbbeebb71aff591622c89d69f430471
aria,aria301_12F,1880,1,d3,snapshot_05,1864,1861,3762.81917695,3762.969178037,0.15000108699996417,10161,16.835014977761034,"[116, 77, 270, 231]",/home/intern/gs_floaterLab/results/campaigns/gain_attribution/cvpr_assets/fixed_work_12f_v1/render40/aria/aria301_12F/d3/curve_evaluation/snapshot_05/images/001880_render.png,04305375c49daeb81f72cba2e774661d1b222f8fd6cdc3ca184c4f5a19810d6a,/home/intern/gs_floaterLab/results/campaigns/gain_attribution/cvpr_assets/fixed_work_12f_v1/render40/aria/aria301_12F/d3/curve_evaluation/snapshot_05/images/001880_gt.png,73d3fb3fff59995a546b4e7b806d2ccdf0b4720351183949fb751ace9029e85d,ebc915e52275d7a012aa34f7443cef69e926419ee1ff9f7cbfb93fe5eb2e4154
aria,aria301_12F,1880,1,d3,final,2192,1861,3762.81917695,3779.369169575,16.54999262499996,11480,19.126186635154024,"[116, 77, 270, 231]",/home/intern/gs_floaterLab/results/campaigns/gain_attribution/cvpr_assets/fixed_work_12f_v1/render40/aria/aria301_12F/d3/curve_evaluation/final/images/001880_render.png,90e91c3d48382f9fabd77e3c3b1099f2b8d309c0af3b06cdb0abccf14e6e1ae6,/home/intern/gs_floaterLab/results/campaigns/gain_attribution/cvpr_assets/fixed_work_12f_v1/render40/aria/aria301_12F/d3/curve_evaluation/final/images/001880_gt.png,73d3fb3fff59995a546b4e7b806d2ccdf0b4720351183949fb751ace9029e85d,ebc915e52275d7a012aa34f7443cef69e926419ee1ff9f7cbfb93fe5eb2e4154
aria,aria301_305,765,0,vanilla,snapshot_01,677,657,1449.20068435,1450.200690687,1.0000063369998315,1973,11.314629547186678,"[193, 77, 347, 231]",/home/intern/gs_floaterLab/results/campaigns/gain_attribution/cvpr_assets/fixed_work_v1/render40/aria/aria301_305/vanilla/curve_evaluation/snapshot_01/images/000765_render.png,9fb3604362b969ae378849fb964821697b5c179737f44322e2c2f9c2ac9807f8,/home/intern/gs_floaterLab/results/campaigns/gain_attribution/cvpr_assets/fixed_work_v1/render40/aria/aria301_305/vanilla/curve_evaluation/snapshot_01/images/000765_gt.png,f420221c8afa273281474404fdc44ca67a13548524b0d419ab23f5b3b80e7aaa,62b78953759a34a078168820fc35f5af3cad956f727323def0bf6b19eb0a79eb
aria,aria301_305,765,0,vanilla,final,2687,657,1449.20068435,1550.70068635,101.500002,5840,18.069225858017035,"[193, 77, 347, 231]",/home/intern/gs_floaterLab/results/campaigns/gain_attribution/cvpr_assets/fixed_work_v1/render40/aria/aria301_305/vanilla/curve_evaluation/final/images/000765_render.png,5e242ae0a3880123fa2cb2aa44e78bf7095e5a32934a476e765fd1b512fc5348,/home/intern/gs_floaterLab/results/campaigns/gain_attribution/cvpr_assets/fixed_work_v1/render40/aria/aria301_305/vanilla/curve_evaluation/final/images/000765_gt.png,f420221c8afa273281474404fdc44ca67a13548524b0d419ab23f5b3b80e7aaa,62b78953759a34a078168820fc35f5af3cad956f727323def0bf6b19eb0a79eb
aria,aria301_305,765,0,d3,snapshot_01,677,657,1449.20068435,1450.200690687,1.0000063369998315,1961,13.073276491827455,"[193, 77, 347, 231]",/home/intern/gs_floaterLab/results/campaigns/gain_attribution/cvpr_assets/fixed_work_v1/render40/aria/aria301_305/d3/curve_evaluation/snapshot_01/images/000765_render.png,4f83dcba0313ced7f486ffdf235e5ad3c541b17bd27c3c328fb2436563cf6173,/home/intern/gs_floaterLab/results/campaigns/gain_attribution/cvpr_assets/fixed_work_v1/render40/aria/aria301_305/d3/curve_evaluation/snapshot_01/images/000765_gt.png,f420221c8afa273281474404fdc44ca67a13548524b0d419ab23f5b3b80e7aaa,574bc8f9765827f5e0a397b0fd9ec2dab852e08715ad0fa88e6a76f86fd002a9
aria,aria301_305,765,0,d3,final,2687,657,1449.20068435,1550.70068635,101.500002,5840,27.641473078217203,"[193, 77, 347, 231]",/home/intern/gs_floaterLab/results/campaigns/gain_attribution/cvpr_assets/fixed_work_v1/render40/aria/aria301_305/d3/curve_evaluation/final/images/000765_render.png,665c5bc38bcc4c8d2f41091927c38589bd797e35cbff2f3a3461f65802c3742a,/home/intern/gs_floaterLab/results/campaigns/gain_attribution/cvpr_assets/fixed_work_v1/render40/aria/aria301_305/d3/curve_evaluation/final/images/000765_gt.png,f420221c8afa273281474404fdc44ca67a13548524b0d419ab23f5b3b80e7aaa,574bc8f9765827f5e0a397b0fd9ec2dab852e08715ad0fa88e6a76f86fd002a9
