scenario,algorithm,sampler,admission,beta,kappa,seed,steps,batch_size,initial_views,final_views,target_final_views,mean_count,count_std,count_min,count_max,jain_index,oracle_jain_index,jain_regret,fairness_rmse_updates,fairness_nrmse,cohort_mid_first_ratio,admission_tracking_rmse,admission_tracking_nrmse,admission_max_lag,admission_max_overshoot,admission_rate_ratio,admission_pool_rate_cv,budget_violation,entropy_ratio,shuffle_kl_norm,duplicate_rate,temporal_w1,cohort_entropy,gradient_ratio_iid,gradient_ratio_smooth_order,gradient_ratio_abrupt_regime,gradient_ratio_mean,gradient_ratio_worst
short_stream,ercb_beta_0,softmax,token,0.0,816,8876616,6000,32,32,39,39,153.84615384615384,42.09484922601513,8,178,0.9303485271652466,0.9410586721850347,0.010710145019788064,6.59448098694503,0.04286412641514269,1.005952380952381,0.0,0.0,-0.0,0.0,1.0,0.459279326771846,0.0,1.0,0.0,0.0,0.015092044697680955,0.9921355609551813,1.0466704318124216,0.9183544161846341,0.882533712248255,0.9491861867484369,1.0466704318124216
short_stream,ercb_beta_0,softmax,token,0.0,816,8876617,6000,32,32,39,39,153.84615384615384,41.98750636005079,6,178,0.9306787067536872,0.9410586721850347,0.010379965431347449,6.456958083517942,0.041970227542866625,1.0098231827111985,0.0,0.0,-0.0,0.0,1.0,0.459279326771846,0.0,1.0,0.0,0.0,0.015009063059315281,0.992892390167397,0.9294782019128804,0.8879725034238819,0.8605792090220441,0.8926766381196022,0.9294782019128804
short_stream,ercb_beta_0,softmax,token,0.0,816,8876618,6000,32,32,39,39,153.84615384615384,41.94901573463359,9,178,0.9307969530051478,0.9410586721850347,0.010261719179886941,6.8049755552604525,0.04423234110919294,1.001908396946565,0.0,0.0,-0.0,0.0,1.0,0.459279326771846,0.0,1.0,0.0,0.0,0.014493314886229966,0.9922081867005175,1.0044546339236688,0.9975459564249463,0.8595384049997593,0.9538463317827914,1.0044546339236688
short_stream,ercb_beta_0,softmax,token,0.0,816,8876619,6000,32,32,39,39,153.84615384615384,42.02291100470867,7,181,0.9305698716837204,0.9410586721850347,0.010488800501314288,6.850042111044057,0.04452527372178637,1.001923076923077,0.0,0.0,-0.0,0.0,1.0,0.459279326771846,0.0,1.0,0.0,0.0,0.014951237524124953,0.9932244534734999,0.988319613377529,0.9411707002934446,1.1222963884530948,1.017262234041356,1.1222963884530948
short_stream,ercb_beta_0,softmax,token,0.0,816,8876620,6000,32,32,39,39,153.84615384615384,41.731460469283945,9,179,0.9314638233422972,0.9410586721850347,0.009594848842737536,6.1226774769850065,0.03979740360040254,1.0,0.0,0.0,-0.0,0.0,1.0,0.459279326771846,0.0,1.0,0.0,0.0,0.014574917966338577,0.9925255856390167,1.002412146470699,0.83862453033764,0.8811493371699011,0.9073953379927467,1.002412146470699
short_stream,ercb_beta_0,softmax,token,0.0,816,8876621,6000,32,32,39,39,153.84615384615384,41.54487130032956,7,181,0.9320337675833995,0.9410586721850347,0.009024904601635186,5.931229820154264,0.03855299383100272,1.0117878192534382,0.0,0.0,-0.0,0.0,1.0,0.459279326771846,0.0,1.0,0.0,0.0,0.014895094328309183,0.9925251203815287,0.9681330379781943,0.9143910368313507,0.8317794298832385,0.9047678348975944,0.9681330379781943
short_stream,ercb_beta_0,softmax,token,0.0,816,8876622,6000,32,32,39,39,153.84615384615384,42.4182704113956,7,177,0.9293500358186993,0.9410586721850347,0.011708636366335345,6.644836051690527,0.043191434335988425,0.9863281250000001,0.0,0.0,-0.0,0.0,1.0,0.459279326771846,0.0,1.0,0.0,0.0,0.015563232488834126,0.9921608658015516,1.0438146126548362,1.2082257220344599,1.0316673859399181,1.094569240209738,1.2082257220344599
short_stream,ercb_beta_0,softmax,token,0.0,816,8876623,6000,32,32,39,39,153.84615384615384,42.04243183916328,8,180,0.9305098356440478,0.9410586721850347,0.010548836540986928,7.3169981234425325,0.04756048780237646,0.9883495145631068,0.0,0.0,-0.0,0.0,1.0,0.459279326771846,0.0,1.0,0.0,0.0,0.01569177041022823,0.9923431493866736,1.0414154504190893,1.1029537057868022,1.047663265800752,1.0640108073355479,1.1029537057868022
short_stream,ercb_beta_0,softmax,token,0.0,816,8876624,6000,32,32,39,39,153.84615384615384,42.95766458672494,6,179,0.9276726132027294,0.9410586721850347,0.013386058982305271,7.146812091899652,0.04645427859734774,0.972972972972973,0.0,0.0,-0.0,0.0,1.0,0.459279326771846,0.0,1.0,0.0,0.0,0.015482932834250375,0.9925313498003415,0.9571074848407947,1.0694011706120246,0.9907050987683912,1.005737918073737,1.0694011706120246
short_stream,ercb_beta_0,softmax,token,0.0,816,8876625,6000,32,32,39,39,153.84615384615384,41.743747243450116,9,186,0.9314262277827678,0.9410586721850347,0.009632444402266849,6.935601207001748,0.045081407845511366,0.9766990291262135,0.0,0.0,-0.0,0.0,1.0,0.459279326771846,0.0,1.0,0.0,0.0,0.014609076459714822,0.992723691354793,1.0449860427752602,0.9657381126237489,0.8564010728162997,0.9557084094051028,1.0449860427752602
short_stream,ercb_beta_0,softmax,token,0.0,816,8876626,6000,32,32,39,39,153.84615384615384,42.67860718027389,7,181,0.9285423231912266,0.9410586721850347,0.012516348993808046,7.662763778033923,0.0498079645572205,0.9942418426103646,0.0,0.0,-0.0,0.0,1.0,0.459279326771846,0.0,1.0,0.0,0.0,0.015971622959872953,0.9920401839805895,1.0389535209506884,1.1402779884222185,1.1432403536631814,1.1074906210120294,1.1432403536631814
short_stream,ercb_beta_0,softmax,token,0.0,816,8876627,6000,32,32,39,39,153.84615384615384,41.95023820203052,6,177,0.9307931986940972,0.9410586721850347,0.010265473490937538,6.385078759829887,0.04150301193889427,1.0019607843137255,0.0,0.0,-0.0,0.0,1.0,0.459279326771846,0.0,1.0,0.0,0.0,0.015567444690647109,0.9919979738213676,0.9616776072031684,0.8752095121220826,1.0121749835354092,0.9496873676202201,1.0121749835354092
short_stream,ercb_beta_0,softmax,token,0.0,816,8876628,6000,32,32,39,39,153.84615384615384,42.61246865891603,4,181,0.9287478574947863,0.9410586721850347,0.012310814690248417,7.507261442028935,0.04879719937318808,1.0118343195266273,0.0,0.0,-0.0,0.0,1.0,0.459279326771846,0.0,1.0,0.0,0.0,0.015284262515591068,0.9921320414078173,1.0153803146465958,1.0917768065761682,0.9759279676806923,1.0276950296344856,1.0917768065761682
short_stream,ercb_beta_0,softmax,token,0.0,816,8876629,6000,32,32,39,39,153.84615384615384,42.38985029796665,8,179,0.9294379967265194,0.9410586721850347,0.011620675458515306,7.759196363356724,0.05043477636181871,1.007843137254902,0.0,0.0,-0.0,0.0,1.0,0.459279326771846,0.0,1.0,0.0,0.0,0.01582470245432931,0.9926108619731824,0.9098594917863444,1.0905282580846136,1.0418254327105483,1.0140710608605021,1.0905282580846136
short_stream,ercb_beta_0,softmax,token,0.0,816,8876630,6000,32,32,39,39,153.84615384615384,42.35535776452546,7,178,0.9295446950651867,0.9410586721850347,0.011513977119848029,6.660253325435479,0.043291646615330616,1.0,0.0,0.0,-0.0,0.0,1.0,0.459279326771846,0.0,1.0,0.0,0.0,0.015724954882689192,0.9926421654031782,1.057989788267015,1.0375912299450158,1.1407873964211408,1.0787894715443906,1.1407873964211408
short_stream,ercb_beta_0,softmax,token,0.0,816,8876631,6000,32,32,39,39,153.84615384615384,42.53899475717181,6,181,0.9289759201700026,0.9410586721850347,0.012082752015032061,7.1108440120777905,0.04622048607850564,1.001930501930502,0.0,0.0,-0.0,0.0,1.0,0.459279326771846,0.0,1.0,0.0,0.0,0.015888584194599174,0.9923496096406741,0.9672534412226306,1.0015706863645542,0.9104508054091484,0.9597583109987777,1.0015706863645542
short_stream,ercb_beta_0,softmax,token,0.0,816,8876632,6000,32,32,39,39,153.84615384615384,42.6852153961091,7,179,0.92852177476414,0.9410586721850347,0.0125368974208947,6.59448098694503,0.04286412641514269,0.9923224568138197,0.0,0.0,-0.0,0.0,1.0,0.459279326771846,0.0,1.0,0.0,0.0,0.014587578719636528,0.9926888292934515,0.9572227832031321,1.067113591171586,0.9505679132232869,0.9916347625326685,1.067113591171586
short_stream,ercb_beta_0,softmax,token,0.0,816,8876633,6000,32,32,39,39,153.84615384615384,42.31235405552285,6,179,0.9296776342803132,0.9410586721850347,0.011381037904721447,7.132446625933829,0.04636090306856989,1.0019493177387915,0.0,0.0,-0.0,0.0,1.0,0.459279326771846,0.0,1.0,0.0,0.0,0.015587074630406188,0.9924228533107203,1.081582738166564,0.9742637308335781,0.9548928696382019,1.0035797795461148,1.081582738166564
short_stream,ercb_beta_0,softmax,token,0.0,816,8876634,6000,32,32,39,39,153.84615384615384,42.77042979319099,5,179,0.928256594876333,0.9410586721850347,0.012802077308701643,7.146812091899652,0.04645427859734774,1.005736137667304,0.0,0.0,-0.0,0.0,1.0,0.459279326771846,0.0,1.0,0.0,0.0,0.01491836616592298,0.9922018046144836,1.0757278846889615,1.009430129849366,1.1613094735066218,1.0821558293483164,1.1613094735066218
short_stream,ercb_beta_0,softmax,token,0.0,816,8876635,6000,32,32,39,39,153.84615384615384,42.02291100470867,7,178,0.9305698716837204,0.9410586721850347,0.010488800501314288,5.5884496267542065,0.036324922573902345,1.0236686390532543,0.0,0.0,-0.0,0.0,1.0,0.459279326771846,0.0,1.0,0.0,0.0,0.014152034423444954,0.9927599065175027,1.052447323198417,0.8745584867190008,0.8427503733385454,0.9232520610853211,1.052447323198417
short_stream,ercb_beta_0,softmax,token,0.0,816,8876636,6000,32,32,39,39,153.84615384615384,41.84313714616462,8,178,0.9311218155633908,0.9410586721850347,0.009936856621643897,6.740615508682975,0.04381400080643934,1.024,0.0,0.0,-0.0,0.0,1.0,0.459279326771846,0.0,1.0,0.0,0.0,0.016035408026920085,0.9920890143168569,0.9658240925441713,1.080612209313699,1.173576861002554,1.073337720953475,1.173576861002554
short_stream,ercb_beta_0,softmax,token,0.0,816,8876637,6000,32,32,39,39,153.84615384615384,41.89519185529189,8,177,0.9309621726795186,0.9410586721850347,0.010096499505516054,6.181029704274863,0.04017669307778661,0.9807692307692307,0.0,0.0,-0.0,0.0,1.0,0.459279326771846,0.0,1.0,0.0,0.0,0.015765920780914346,0.9926358969003823,0.9580461498081487,1.0009170782612027,1.0591028714832944,1.0060220331842153,1.0591028714832944
short_stream,ercb_beta_0,softmax,token,0.0,816,8876638,6000,32,32,39,39,153.84615384615384,41.88968324218002,8,177,0.930979073452387,0.9410586721850347,0.010079598732647743,6.946683399753457,0.04515344209839747,0.9802761341222879,0.0,0.0,-0.0,0.0,1.0,0.459279326771846,0.0,1.0,0.0,0.0,0.015157432439767912,0.9927005920384003,0.9237844853735301,0.9896642375563847,0.9373870948053789,0.9502786059117646,0.9896642375563847
short_stream,ercb_beta_0,softmax,token,0.0,816,8876639,6000,32,32,39,39,153.84615384615384,42.097894740917354,8,178,0.9303391504856138,0.9410586721850347,0.01071952169942092,6.496547406517419,0.04222755814236323,1.029126213592233,0.0,0.0,-0.0,0.0,1.0,0.459279326771846,0.0,1.0,0.0,0.0,0.015566431698567479,0.9926659217282634,0.9787045695157736,0.9374481712298042,1.0440095960129216,0.9867207789194997,1.0440095960129216
short_stream,ercb_beta_0,softmax,token,0.0,816,8876640,6000,32,32,39,39,153.84615384615384,42.52934942049052,7,176,0.9290058383371911,0.9410586721850347,0.012052833847843614,6.78988689909958,0.04413426484414727,0.9863813229571984,0.0,0.0,-0.0,0.0,1.0,0.459279326771846,0.0,1.0,0.0,0.0,0.01626284052084343,0.9920368561844303,0.8906406984382077,1.094302789937896,1.1480023115944937,1.0443152666568658,1.1480023115944937
short_stream,ercb_beta_0,softmax,token,0.0,816,8876641,6000,32,32,39,39,153.84615384615384,42.52814359959312,6,178,0.9290095782435867,0.9410586721850347,0.012049093941448041,7.092791573681854,0.04610314522893205,0.9769230769230769,0.0,0.0,-0.0,0.0,1.0,0.459279326771846,0.0,1.0,0.0,0.0,0.015123417139589958,0.9924743544344543,1.0508964706481758,0.9764574813497675,0.8646132163490294,0.9639890561156577,1.0508964706481758
short_stream,ercb_beta_0,softmax,token,0.0,816,8876642,6000,32,32,39,39,153.84615384615384,42.05401804732872,7,178,0.930474192910562,0.9410586721850347,0.010584479274472702,6.275716324421889,0.04079215610874228,0.978515625,0.0,0.0,-0.0,0.0,1.0,0.459279326771846,0.0,1.0,0.0,0.0,0.015096996681247886,0.9925751120679606,1.011330997395367,1.0036825455470828,0.9509611950586994,0.9886582460003831,1.011330997395367
short_stream,ercb_beta_0,softmax,token,0.0,816,8876643,6000,32,32,39,39,153.84615384615384,41.95451655741102,7,181,0.9307800588439153,0.9410586721850347,0.010278613341119347,6.496547406517419,0.04222755814236323,0.9941860465116279,0.0,0.0,-0.0,0.0,1.0,0.459279326771846,0.0,1.0,0.0,0.0,0.015458494499604817,0.9925412160184665,1.1046875060254782,1.0178048821660324,0.9729597465647449,1.0318173782520852,1.1046875060254782
short_stream,ercb_beta_0,softmax,token,0.0,816,8876644,6000,32,32,39,39,153.84615384615384,42.3293184820618,7,179,0.9296252030069037,0.9410586721850347,0.01143346917813104,7.128850736304753,0.046337529785980894,0.9980430528375733,0.0,0.0,-0.0,0.0,1.0,0.459279326771846,0.0,1.0,0.0,0.0,0.015405700181537236,0.992475785703789,0.9954449072072827,1.0289425837547301,1.0109956593284621,1.0117943834301582,1.0289425837547301
short_stream,ercb_beta_0,softmax,token,0.0,816,8876645,6000,32,32,39,39,153.84615384615384,41.154828648708246,7,176,0.9332191487859286,0.9410586721850347,0.007839523399106096,5.139091010116128,0.033404091565754836,0.984344422700587,0.0,0.0,-0.0,0.0,1.0,0.459279326771846,0.0,1.0,0.0,0.0,0.015110064927611584,0.9923662096190835,1.077044676463854,1.0273041716740168,0.9710992118306371,1.025149353322836,1.077044676463854
short_stream,ercb_beta_0,softmax,token,0.0,816,8876646,6000,32,32,39,39,153.84615384615384,42.149026488461736,8,177,0.9301816505236226,0.9410586721850347,0.010877021661412134,6.468860320501119,0.04204759208325728,1.031496062992126,0.0,0.0,-0.0,0.0,1.0,0.459279326771846,0.0,1.0,0.0,0.0,0.015483968943770157,0.9927989488036129,1.0178922490476237,1.0055320482603405,1.0766437070844885,1.033356001464151,1.0766437070844885
short_stream,ercb_beta_0,softmax,token,0.0,816,8876647,6000,32,32,39,39,153.84615384615384,41.80696694579864,8,177,0.9312326587018337,0.9410586721850347,0.009826013483201002,6.308317667561756,0.041004064839151415,1.0058365758754864,0.0,0.0,-0.0,0.0,1.0,0.459279326771846,0.0,1.0,0.0,0.0,0.015639253907471076,0.9925626141463523,0.9603521583841204,1.1097360809914176,0.9814028437342854,1.0171636943699411,1.1097360809914176
short_stream,ercb_beta_0p006,softmax,token,0.006,816,8877625,6000,32,32,39,39,153.84615384615384,39.538062454336306,9,178,0.938044358867005,0.9410586721850347,0.0030143133180297044,4.546060565661952,0.029549393676802687,0.9941060903732809,0.0,0.0,-0.0,0.0,1.0,0.459279326771846,0.0,0.9969197912851,0.0030802087149000242,0.0,0.015802835377358798,0.9928838416353696,0.9004244594546449,1.2321213971382747,1.2675275629433256,1.1333578065120817,1.2675275629433256
short_stream,ercb_beta_0p006,softmax,token,0.006,816,8877626,6000,32,32,39,39,153.84615384615384,39.73020452846634,8,177,0.9374784672914545,0.9410586721850347,0.003580204893580241,4.0064051282018465,0.026041633333312005,0.9785575048732944,0.0,0.0,-0.0,0.0,1.0,0.459279326771846,0.0,0.9975077700095064,0.0024922299904936366,0.0,0.014454542925926394,0.9929436604559444,0.9527648853733008,0.961308278898699,0.888520108503266,0.9341977575917553,0.961308278898699
short_stream,ercb_beta_0p006,softmax,token,0.006,816,8877627,6000,32,32,39,39,153.84615384615384,39.82431834144744,9,179,0.9372005351415056,0.9410586721850347,0.0038581370435291085,5.228129047119374,0.033982838806275936,0.9580152671755726,0.0,0.0,-0.0,0.0,1.0,0.459279326771846,0.0,0.9978940933209005,0.0021059066790994345,0.0,0.014149815677186187,0.9938952320909078,0.9564437160157104,0.8490265200081275,0.7466715635827972,0.8507139332022117,0.9564437160157104
short_stream,ercb_beta_0p006,softmax,token,0.006,816,8877628,6000,32,32,39,39,153.84615384615384,40.041349436479784,8,177,0.9365577351161855,0.9410586721850347,0.004500937068849242,4.835764198615911,0.03143246729100342,0.9883495145631068,0.0,0.0,-0.0,0.0,1.0,0.459279326771846,0.0,0.9980533587342871,0.0019466412657128391,0.0,0.015141632904703963,0.9927891216694698,1.0545314412837277,0.9377189039513056,0.9789947469297348,0.9904150307215893,1.0545314412837277
short_stream,ercb_beta_0p006,softmax,token,0.006,816,8877629,6000,32,32,39,39,153.84615384615384,40.1685796724182,9,178,0.9361796940751995,0.9410586721850347,0.004878978109835175,5.163977794943222,0.033565855667130946,1.031496062992126,0.0,0.0,-0.0,0.0,1.0,0.459279326771846,0.0,0.9983668384740523,0.0016331615259477746,0.0,0.015149148718280415,0.9930051804650251,0.9876655562059127,0.9644495601289277,0.9325130274369439,0.9615427145905948,0.9876655562059127
short_stream,ercb_beta_0p006,softmax,token,0.006,816,8877630,6000,32,32,39,39,153.84615384615384,39.63586724655571,9,178,0.9377565643350235,0.9410586721850347,0.003302107850011171,4.057282152074029,0.026372333988481187,1.0058823529411764,0.0,0.0,-0.0,0.0,1.0,0.459279326771846,0.0,0.9970102217675131,0.002989778232486873,0.0,0.01589644323619204,0.9926468108854335,0.9569921878467084,1.090444508696816,1.3096530034716434,1.1190299000050559,1.3096530034716434
short_stream,ercb_beta_0p006,softmax,token,0.006,816,8877631,6000,32,32,39,39,153.84615384615384,39.74181964627242,8,176,0.9374441927753988,0.9410586721850347,0.0036144794096358845,4.402796314232057,0.02861817604250837,0.998062015503876,0.0,0.0,-0.0,0.0,1.0,0.459279326771846,0.0,0.9969549157432241,0.003045084256775903,0.0,0.015649337166516196,0.9921731719719551,1.013805761790732,1.1919511426794187,1.5617199638500665,1.2558256227734057,1.5617199638500665
short_stream,ercb_beta_0p006,softmax,token,0.006,816,8877632,6000,32,32,39,39,153.84615384615384,39.74762593235454,7,177,0.9374270564571694,0.9410586721850347,0.0036316157278653005,4.414428557263045,0.02869378562220979,0.9844660194174758,0.0,0.0,-0.0,0.0,1.0,0.459279326771846,0.0,0.9974840803294615,0.002515919670538534,0.0,0.01511835418410275,0.993037684329167,0.9904513024221354,0.9451907298030638,0.9904881251323263,0.9753767191191752,0.9904881251323263
short_stream,ercb_beta_0p006,softmax,token,0.006,816,8877633,6000,32,32,39,39,153.84615384615384,39.59962345167935,9,175,0.937863275478111,0.9410586721850347,0.0031953967069237033,4.414428557263045,0.02869378562220979,0.9826589595375722,0.0,0.0,-0.0,0.0,1.0,0.459279326771846,0.0,0.9973500726816464,0.002649927318353541,0.0,0.015374378588949465,0.9924665019951022,0.9206928544194762,1.0196879862959767,1.0445010770503054,0.9949606392552527,1.0445010770503054
short_stream,ercb_beta_0p006,softmax,token,0.006,816,8877634,6000,32,32,39,39,153.84615384615384,39.834618664943434,8,177,0.9371700868428661,0.9410586721850347,0.0038885853421686267,4.437601569801833,0.028844410203711916,0.9707602339181286,0.0,0.0,-0.0,0.0,1.0,0.459279326771846,0.0,0.9973174051917078,0.0026825948082922304,0.0,0.015561088310202127,0.9934626846575826,1.0035642165748082,0.9991947266045418,1.011923220762091,1.0048940546471468,1.011923220762091
short_stream,ercb_beta_0p006,softmax,token,0.006,816,8877635,6000,32,32,39,39,153.84615384615384,39.73923880236907,9,176,0.9374518091179376,0.9410586721850347,0.0036068630670971213,4.766334935560941,0.03098117708114612,0.970703125,0.0,0.0,-0.0,0.0,1.0,0.459279326771846,0.0,0.9975868406683703,0.0024131593316296506,0.0,0.014956229359345817,0.993321339885393,0.9833527538212989,0.9780737065745705,0.900841477045898,0.9540893124805891,0.9833527538212989
short_stream,ercb_beta_0p006,softmax,token,0.006,816,8877636,6000,32,32,39,39,153.84615384615384,40.02341523731305,8,177,0.9366109513235483,0.9410586721850347,0.004447720861486371,4.706787243316417,0.030594117081556713,1.0199600798403194,0.0,0.0,-0.0,0.0,1.0,0.459279326771846,0.0,0.9970612378722729,0.002938762127727174,0.0,0.014637595695846961,0.9929109648405964,0.8931282625297989,0.9490816139915057,0.872661685699733,0.9049571874070126,0.9490816139915057
short_stream,ercb_beta_0p006,softmax,token,0.006,816,8877637,6000,32,32,39,39,153.84615384615384,39.71277548206813,8,176,0.937529883765045,0.9410586721850347,0.0035287884199897146,3.9807227793648035,0.025874698065871223,0.97265625,0.0,0.0,-0.0,0.0,1.0,0.459279326771846,0.0,0.9970893828292727,0.0029106171707272703,0.0,0.016234129722634705,0.9933631665422057,0.9384991388719327,1.054003569533417,1.1127085041049563,1.035070404170102,1.1127085041049563
short_stream,ercb_beta_0p006,softmax,token,0.006,816,8877638,6000,32,32,39,39,153.84615384615384,39.71664926446898,8,178,0.9375184573946299,0.9410586721850347,0.003540214790404783,4.08248290463863,0.0265361388801511,1.0099403578528827,0.0,0.0,-0.0,0.0,1.0,0.459279326771846,0.0,0.9974294984692952,0.0025705015307048358,0.0,0.01503419088793848,0.9933276083881889,0.9944163668032475,0.9516270931117247,1.0748519323194503,1.0069651307448075,1.0748519323194503
short_stream,ercb_beta_0p006,softmax,token,0.006,816,8877639,6000,32,32,39,39,153.84615384615384,39.72181372000907,9,179,0.9375032226673279,0.9410586721850347,0.00355544951770681,5.159010042186836,0.03353356527421443,0.9923076923076922,0.0,0.0,-0.0,0.0,1.0,0.459279326771846,0.0,0.9969610104437465,0.0030389895562534315,0.0,0.014917501737236962,0.9924693254497879,1.0229641640136413,0.9845661235002428,0.9586695392434397,0.9887332755857745,1.0229641640136413
short_stream,ercb_beta_0p006,softmax,token,0.006,816,8877640,6000,32,32,39,39,153.84615384615384,39.94582129651679,8,181,0.9368409909154529,0.9410586721850347,0.0042176812695817745,4.7339472335733115,0.030770657018226524,0.98635477582846,0.0,0.0,-0.0,0.0,1.0,0.459279326771846,0.0,0.9982041614857501,0.0017958385142498993,0.0,0.01579324332959441,0.9926087736951559,0.9778612681497169,1.1329210457304228,0.9596774436504875,1.0234865858435425,1.1329210457304228
short_stream,ercb_beta_0p006,softmax,token,0.006,816,8877641,6000,32,32,39,39,153.84615384615384,40.294135516250655,8,178,0.9358057529282532,0.9410586721850347,0.0052529192567815075,4.69041575982343,0.030487702438852293,0.988394584139265,0.0,0.0,-0.0,0.0,1.0,0.459279326771846,0.0,0.9981275240647836,0.0018724759352164964,0.0,0.01516268609378612,0.9931575918894866,1.0422083827915714,0.9694628509935538,1.0287988128111534,1.013490015532093,1.0422083827915714
short_stream,ercb_beta_0p006,softmax,token,0.006,816,8877642,6000,32,32,39,39,153.84615384615384,40.037507070078526,8,176,0.9365691380801051,0.9410586721850347,0.004489534104929582,3.9288544686584457,0.025537554046279897,1.0198807157057654,0.0,0.0,-0.0,0.0,1.0,0.459279326771846,0.0,0.9974627893864956,0.0025372106135044164,0.0,0.015665942076624917,0.9931165394933168,0.9268932689406625,1.0924757579587991,0.9502630842746572,0.9898773703913729,1.0924757579587991
short_stream,ercb_beta_0p006,softmax,token,0.006,816,8877643,6000,32,32,39,39,153.84615384615384,39.505623398180866,9,176,0.9381396940038489,0.9410586721850347,0.002918978181185805,4.278748918514886,0.02781186797034676,0.9676806083650189,0.0,0.0,-0.0,0.0,1.0,0.459279326771846,0.0,0.9971516811253542,0.002848318874645797,0.0,0.014018618358377581,0.9927727951973454,1.0205779349422008,1.0149935657814593,0.7962646366538978,0.9439453791258526,1.0205779349422008
short_stream,ercb_beta_0p006,softmax,token,0.006,816,8877644,6000,32,32,39,39,153.84615384615384,39.99072870857692,9,178,0.9367078963851193,0.9410586721850347,0.004350775799915385,5.002563445438851,0.03251666239535253,1.0137254901960784,0.0,0.0,-0.0,0.0,1.0,0.459279326771846,0.0,0.9983748386933393,0.001625161306660713,0.0,0.015093123820926816,0.9931081045445262,0.8972635686056788,0.9414951373146703,0.9241037959799739,0.9209541673001077,0.9414951373146703
short_stream,ercb_beta_0p006,softmax,token,0.006,816,8877645,6000,32,32,39,39,153.84615384615384,39.77535537821769,8,176,0.9373451915832026,0.9410586721850347,0.0037134806018320754,3.9157800414902435,0.025452570269686583,0.99609375,0.0,0.0,-0.0,0.0,1.0,0.459279326771846,0.0,0.9974854891931552,0.002514510806844881,0.0,0.015781303135558526,0.9927746099690894,1.0510531082324808,1.11192306255097,1.0234077682359943,1.0621279796731484,1.11192306255097
short_stream,ercb_beta_0p006,softmax,token,0.006,816,8877646,6000,32,32,39,39,153.84615384615384,39.63522032656442,9,175,0.9377584696782051,0.9410586721850347,0.003300202506829608,4.06359699192975,0.026413380447543378,0.9631782945736433,0.0,0.0,-0.0,0.0,1.0,0.459279326771846,0.0,0.997259295431944,0.002740704568055961,0.0,0.014663449711291056,0.993217488878028,1.1092126900139554,0.9210449531860738,1.1761625651559382,1.0688067361186557,1.1761625651559382
short_stream,ercb_beta_0p006,softmax,token,0.006,816,8877647,6000,32,32,39,39,153.84615384615384,39.93619170982661,8,178,0.9368695160928419,0.9410586721850347,0.004189156092192836,4.971714866919534,0.03231614663497697,0.996116504854369,0.0,0.0,-0.0,0.0,1.0,0.459279326771846,0.0,0.9976433773333574,0.002356622666642604,0.0,0.014912985186595723,0.9926198403474287,0.9717015610960401,0.9757687429365445,0.9295369460575235,0.9590024166967027,0.9757687429365445
short_stream,ercb_beta_0p006,softmax,token,0.006,816,8877648,6000,32,32,39,39,153.84615384615384,40.00611393117016,8,176,0.9366622726798719,0.9410586721850347,0.004396399505162796,4.437601569801833,0.028844410203711916,0.9864864864864866,0.0,0.0,-0.0,0.0,1.0,0.459279326771846,0.0,0.9977023603443734,0.0022976396556265172,0.0,0.015243968571151302,0.9931047376643847,0.9854605934263393,1.0305273337026464,1.0610177165801362,1.0256685479030405,1.0610177165801362
short_stream,ercb_beta_0p006,softmax,token,0.006,816,8877649,6000,32,32,39,39,153.84615384615384,40.02405588280209,8,174,0.9366090506405782,0.9410586721850347,0.004449621544456495,4.951042366292225,0.03218177538089947,0.990328820116054,0.0,0.0,-0.0,0.0,1.0,0.459279326771846,0.0,0.9975774865429282,0.00242251345707183,0.0,0.014547527984294015,0.9925133576365803,0.9366969998594363,0.9415343611815712,0.8968287198239208,0.9250200269549761,0.9415343611815712
short_stream,ercb_beta_0p006,softmax,token,0.006,816,8877650,6000,32,32,39,39,153.84615384615384,39.84234216002925,8,176,0.937147251917208,0.9410586721850347,0.0039114202678266485,3.8297084310253524,0.024893104801664793,1.0019493177387915,0.0,0.0,-0.0,0.0,1.0,0.459279326771846,0.0,0.9973644725245555,0.0026355274754444407,0.0,0.016469846533082828,0.9929174250945968,0.973271084462556,1.050051538053309,1.1596007367583179,1.0609744530913943,1.1596007367583179
short_stream,ercb_beta_0p006,softmax,token,0.006,816,8877651,6000,32,32,39,39,153.84615384615384,40.211325398888626,8,176,0.9360524825905939,0.9410586721850347,0.005006189594440769,4.350066312491905,0.028275431031197385,0.9920948616600792,0.0,0.0,-0.0,0.0,1.0,0.459279326771846,0.0,0.9981837344742621,0.0018162655257378515,0.0,0.015003532739100383,0.9932968483836486,0.9436838270096193,0.8875988609822901,1.0342091686101713,0.9551639522006936,1.0342091686101713
short_stream,ercb_beta_0p006,softmax,token,0.006,816,8877652,6000,32,32,39,39,153.84615384615384,39.79662301195691,9,176,0.9372823747486131,0.9410586721850347,0.003776297436421605,4.893742734218662,0.031809327772421306,0.9745098039215686,0.0,0.0,-0.0,0.0,1.0,0.459279326771846,0.0,0.9976876184864035,0.0023123815135964324,0.0,0.015438038268700617,0.9929847910200814,0.9503596368557709,0.9551032659279238,1.0056222821948235,0.9703617283261727,1.0056222821948235
short_stream,ercb_beta_0p006,softmax,token,0.006,816,8877653,6000,32,32,39,39,153.84615384615384,39.28954872549765,9,175,0.9387732111676461,0.9410586721850347,0.002285461017388579,4.012800032715822,0.026083200212652848,1.0,0.0,0.0,-0.0,0.0,1.0,0.459279326771846,0.0,0.9972634070608891,0.0027365929391108814,0.0,0.014469049299812775,0.9937440211005931,0.9478297485184255,0.9110700392732796,0.8100026189788406,0.8896341355901819,0.9478297485184255
short_stream,ercb_beta_0p006,softmax,token,0.006,816,8877654,6000,32,32,39,39,153.84615384615384,39.534171172990405,9,178,0.9380557980603508,0.9410586721850347,0.0030028741246839186,4.181767507547435,0.02718148879905833,0.9980582524271846,0.0,0.0,-0.0,0.0,1.0,0.459279326771846,0.0,0.9969172534389389,0.0030827465610610586,0.0,0.015398634177192573,0.992095787161124,1.0345374656400728,1.1463126380251405,0.9094863837590814,1.030112162474765,1.1463126380251405
short_stream,ercb_beta_0p006,softmax,token,0.006,816,8877655,6000,32,32,39,39,153.84615384615384,39.53871096399426,9,176,0.9380424523619049,0.9410586721850347,0.0030162198231298287,4.044622894532241,0.026290048814459566,0.9921414538310414,0.0,0.0,-0.0,0.0,1.0,0.459279326771846,0.0,0.9971775821463037,0.0028224178536963057,0.0,0.015332010727857236,0.9927144076461053,1.0010354295178052,1.287948916561953,0.8141547607061819,1.03437970226198,1.287948916561953
short_stream,ercb_beta_0p006,softmax,token,0.006,816,8877656,6000,32,32,39,39,153.84615384615384,39.47380725957498,9,175,0.9382331412405225,0.9410586721850347,0.002825530944512211,3.727926487665214,0.024231522169823893,0.990138067061144,0.0,0.0,-0.0,0.0,1.0,0.459279326771846,0.0,0.9967928297025536,0.0032071702974464265,0.0,0.015277397438596317,0.9931191711967989,1.0450276949078978,0.9434820426014925,1.0152874490319141,1.0012657288471016,1.0450276949078978
short_stream,ercb_beta_inf,least_count,token,inf,816,8878634,6000,32,32,39,39,153.84615384615384,38.50243979051828,9,169,0.9410586721850347,0.9410586721850347,0.0,0.0,0.0,1.0,0.0,0.0,-0.0,0.0,1.0,0.459279326771846,0.0,0.7385307594287365,0.26146924057126353,0.0,0.015973445267374056,0.9927031492426286,0.9626846057531167,1.2317435483035528,1.183715257275799,1.1260478037774895,1.2317435483035528
short_stream,ercb_beta_inf,least_count,token,inf,816,8878635,6000,32,32,39,39,153.84615384615384,38.50243979051828,9,169,0.9410586721850347,0.9410586721850347,0.0,0.0,0.0,0.9960552268244577,0.0,0.0,-0.0,0.0,1.0,0.459279326771846,0.0,0.7385307594287365,0.26146924057126353,0.0,0.015350361901416032,0.9927519014109298,1.045680455967091,1.2549495205273649,0.9697072332868226,1.0901124032604261,1.2549495205273649
short_stream,ercb_beta_inf,least_count,token,inf,816,8878636,6000,32,32,39,39,153.84615384615384,38.50243979051828,9,169,0.9410586721850347,0.9410586721850347,0.0,0.0,0.0,0.9980276134122288,0.0,0.0,-0.0,0.0,1.0,0.459279326771846,0.0,0.7385307594287365,0.26146924057126353,0.0,0.015986192979889614,0.992272576504094,0.9859174179084316,1.2716080706239397,0.9952133525788293,1.0842462803704003,1.2716080706239397
short_stream,ercb_beta_inf,least_count,token,inf,816,8878637,6000,32,32,39,39,153.84615384615384,38.50243979051828,9,169,0.9410586721850347,0.9410586721850347,0.0,0.0,0.0,1.0,0.0,0.0,-0.0,0.0,1.0,0.459279326771846,0.0,0.7385307594287365,0.26146924057126353,0.0,0.017178449661799666,0.9926677828398156,0.9720618916680701,1.4432453723640477,1.5984317447373348,1.337913002923151,1.5984317447373348
short_stream,ercb_beta_inf,least_count,token,inf,816,8878638,6000,32,32,39,39,153.84615384615384,38.50243979051828,9,169,0.9410586721850347,0.9410586721850347,0.0,0.0,0.0,1.0,0.0,0.0,-0.0,0.0,1.0,0.459279326771846,0.0,0.7385307594287365,0.26146924057126353,0.0,0.015841802845094642,0.9929177767688471,0.9854518021865003,1.2379028268476835,1.2229935345320118,1.1487827211887318,1.2379028268476835
short_stream,ercb_beta_inf,least_count,token,inf,816,8878639,6000,32,32,39,39,153.84615384615384,38.50243979051828,9,169,0.9410586721850347,0.9410586721850347,0.0,0.0,0.0,1.0019801980198018,0.0,0.0,-0.0,0.0,1.0,0.459279326771846,0.0,0.7385307594287365,0.26146924057126353,0.0,0.016371547661334494,0.9931274143943846,0.9602567619320038,1.2837102958228133,1.48562130557994,1.2431961211115856,1.48562130557994
short_stream,ercb_beta_inf,least_count,token,inf,816,8878640,6000,32,32,39,39,153.84615384615384,38.50243979051828,9,169,0.9410586721850347,0.9410586721850347,0.0,0.0,0.0,0.9980237154150199,0.0,0.0,-0.0,0.0,1.0,0.459279326771846,0.0,0.7385307594287365,0.26146924057126353,0.0,0.015322259374803342,0.9931413435853282,0.9653723675229144,1.203391910880698,0.9350097625540953,1.0345913469859027,1.203391910880698
short_stream,ercb_beta_inf,least_count,token,inf,816,8878641,6000,32,32,39,39,153.84615384615384,38.50243979051828,9,169,0.9410586721850347,0.9410586721850347,0.0,0.0,0.0,1.0,0.0,0.0,-0.0,0.0,1.0,0.459279326771846,0.0,0.7385307594287365,0.26146924057126353,0.0,0.015779792847209304,0.9925011723052394,0.9935438048972313,1.345617490343198,1.0893511207761433,1.1428374720055243,1.345617490343198
short_stream,ercb_beta_inf,least_count,token,inf,816,8878642,6000,32,32,39,39,153.84615384615384,38.50243979051828,9,169,0.9410586721850347,0.9410586721850347,0.0,0.0,0.0,1.0,0.0,0.0,-0.0,0.0,1.0,0.459279326771846,0.0,0.7385307594287365,0.26146924057126353,0.0,0.015904010738203536,0.9923602927905377,1.0287119651915888,1.256411543794651,1.0888318208898753,1.1246517766253719,1.256411543794651
short_stream,ercb_beta_inf,least_count,token,inf,816,8878643,6000,32,32,39,39,153.84615384615384,38.50243979051828,9,169,0.9410586721850347,0.9410586721850347,0.0,0.0,0.0,1.0,0.0,0.0,-0.0,0.0,1.0,0.459279326771846,0.0,0.7385307594287365,0.26146924057126353,0.0,0.016515885020152266,0.9927692365659984,1.0126168827524678,1.3212648069650288,1.2726017472311573,1.2021611456495511,1.3212648069650288
short_stream,ercb_beta_inf,least_count,token,inf,816,8878644,6000,32,32,39,39,153.84615384615384,38.50243979051828,9,169,0.9410586721850347,0.9410586721850347,0.0,0.0,0.0,0.9980276134122288,0.0,0.0,-0.0,0.0,1.0,0.459279326771846,0.0,0.7385307594287365,0.26146924057126353,0.0,0.015872294014334487,0.9927910572802772,1.0411148771766583,1.3175780773824166,1.2467258272824802,1.2018062606138518,1.3175780773824166
short_stream,ercb_beta_inf,least_count,token,inf,816,8878645,6000,32,32,39,39,153.84615384615384,38.50243979051828,9,169,0.9410586721850347,0.9410586721850347,0.0,0.0,0.0,0.9960552268244577,0.0,0.0,-0.0,0.0,1.0,0.459279326771846,0.0,0.7385307594287365,0.26146924057126353,0.0,0.015755257407365594,0.9931204497989122,0.970726695764083,1.1254223871199562,1.2261627771145869,1.1074372866662088,1.2261627771145869
short_stream,ercb_beta_inf,least_count,token,inf,816,8878646,6000,32,32,39,39,153.84615384615384,38.50243979051828,9,169,0.9410586721850347,0.9410586721850347,0.0,0.0,0.0,1.0,0.0,0.0,-0.0,0.0,1.0,0.459279326771846,0.0,0.7385307594287365,0.26146924057126353,0.0,0.016229797231777632,0.9925887359244623,1.0113668626993804,1.2391957910627562,1.0830972545653368,1.1112199694424911,1.2391957910627562
short_stream,ercb_beta_inf,least_count,token,inf,816,8878647,6000,32,32,39,39,153.84615384615384,38.50243979051828,9,169,0.9410586721850347,0.9410586721850347,0.0,0.0,0.0,1.0,0.0,0.0,-0.0,0.0,1.0,0.459279326771846,0.0,0.7385307594287365,0.26146924057126353,0.0,0.015298893208163017,0.9932596672090914,1.0840267144653637,1.258197417984263,1.4107791979628441,1.2510011101374903,1.4107791979628441
short_stream,ercb_beta_inf,least_count,token,inf,816,8878648,6000,32,32,39,39,153.84615384615384,38.50243979051828,9,169,0.9410586721850347,0.9410586721850347,0.0,0.0,0.0,0.9980276134122288,0.0,0.0,-0.0,0.0,1.0,0.459279326771846,0.0,0.7385307594287365,0.26146924057126353,0.0,0.015294065922649643,0.993170167979062,1.0102603792050564,1.3063067895198834,1.1050752343546935,1.140547467693211,1.3063067895198834
short_stream,ercb_beta_inf,least_count,token,inf,816,8878649,6000,32,32,39,39,153.84615384615384,38.50243979051828,9,169,0.9410586721850347,0.9410586721850347,0.0,0.0,0.0,1.0019762845849802,0.0,0.0,-0.0,0.0,1.0,0.459279326771846,0.0,0.7385307594287365,0.26146924057126353,0.0,0.01621469575438622,0.9929497372075351,0.9436038141555254,1.3421996987036888,1.1460292201434492,1.1439442443342211,1.3421996987036888
short_stream,ercb_beta_inf,least_count,token,inf,816,8878650,6000,32,32,39,39,153.84615384615384,38.50243979051828,9,169,0.9410586721850347,0.9410586721850347,0.0,0.0,0.0,0.9980276134122288,0.0,0.0,-0.0,0.0,1.0,0.459279326771846,0.0,0.7385307594287365,0.26146924057126353,0.0,0.016591713364422285,0.9922028523814103,0.9672431481857563,1.4713578009950399,2.098403333590812,1.5123347609238695,2.098403333590812
short_stream,ercb_beta_inf,least_count,token,inf,816,8878651,6000,32,32,39,39,153.84615384615384,38.50243979051828,9,169,0.9410586721850347,0.9410586721850347,0.0,0.0,0.0,1.0,0.0,0.0,-0.0,0.0,1.0,0.459279326771846,0.0,0.7385307594287365,0.26146924057126353,0.0,0.016238917288109254,0.9931262139602368,1.019539836282256,1.332203386768565,1.320971160688488,1.2242381279131032,1.332203386768565
short_stream,ercb_beta_inf,least_count,token,inf,816,8878652,6000,32,32,39,39,153.84615384615384,38.50243979051828,9,169,0.9410586721850347,0.9410586721850347,0.0,0.0,0.0,1.0019762845849802,0.0,0.0,-0.0,0.0,1.0,0.459279326771846,0.0,0.7385307594287365,0.26146924057126353,0.0,0.01596396300901071,0.9925617653864561,1.0500096027270092,1.2675550594111469,1.3365916392673634,1.2180521004685063,1.3365916392673634
short_stream,ercb_beta_inf,least_count,token,inf,816,8878653,6000,32,32,39,39,153.84615384615384,38.50243979051828,9,169,0.9410586721850347,0.9410586721850347,0.0,0.0,0.0,0.9980276134122288,0.0,0.0,-0.0,0.0,1.0,0.459279326771846,0.0,0.7385307594287365,0.26146924057126353,0.0,0.016457170689235294,0.9926042881359454,1.1134738893738665,1.2809275161755802,1.1893276969701083,1.1945763675065184,1.2809275161755802
short_stream,ercb_beta_inf,least_count,token,inf,816,8878654,6000,32,32,39,39,153.84615384615384,38.50243979051828,9,169,0.9410586721850347,0.9410586721850347,0.0,0.0,0.0,1.0,0.0,0.0,-0.0,0.0,1.0,0.459279326771846,0.0,0.7385307594287365,0.26146924057126353,0.0,0.01670296288133307,0.9928194981716022,0.999310494070671,1.2206856705377065,1.1273414764311407,1.1157792136798395,1.2206856705377065
short_stream,ercb_beta_inf,least_count,token,inf,816,8878655,6000,32,32,39,39,153.84615384615384,38.50243979051828,9,169,0.9410586721850347,0.9410586721850347,0.0,0.0,0.0,1.0019762845849802,0.0,0.0,-0.0,0.0,1.0,0.459279326771846,0.0,0.7385307594287365,0.26146924057126353,0.0,0.015815829632317067,0.9926718458126336,1.0039062956962985,1.1752711055418468,1.0341023949335733,1.0710932653905727,1.1752711055418468
short_stream,ercb_beta_inf,least_count,token,inf,816,8878656,6000,32,32,39,39,153.84615384615384,38.50243979051828,9,169,0.9410586721850347,0.9410586721850347,0.0,0.0,0.0,1.005952380952381,0.0,0.0,-0.0,0.0,1.0,0.459279326771846,0.0,0.7385307594287365,0.26146924057126353,0.0,0.01617075195281312,0.9930591606250204,1.0886512774818962,1.2387912687879994,0.9408049473828816,1.0894158312175923,1.2387912687879994
short_stream,ercb_beta_inf,least_count,token,inf,816,8878657,6000,32,32,39,39,153.84615384615384,38.50243979051828,9,169,0.9410586721850347,0.9410586721850347,0.0,0.0,0.0,1.0,0.0,0.0,-0.0,0.0,1.0,0.459279326771846,0.0,0.7385307594287365,0.26146924057126353,0.0,0.016207117985721272,0.9928545129001641,1.008906577800981,1.3152077440500776,1.351098090282057,1.2250708040443719,1.351098090282057
short_stream,ercb_beta_inf,least_count,token,inf,816,8878658,6000,32,32,39,39,153.84615384615384,38.50243979051828,9,169,0.9410586721850347,0.9410586721850347,0.0,0.0,0.0,0.9980276134122288,0.0,0.0,-0.0,0.0,1.0,0.459279326771846,0.0,0.7385307594287365,0.26146924057126353,0.0,0.016541374615087867,0.9926956412217022,0.9968657708829798,1.3782594374739687,1.4624635107588437,1.279196239705264,1.4624635107588437
short_stream,ercb_beta_inf,least_count,token,inf,816,8878659,6000,32,32,39,39,153.84615384615384,38.50243979051828,9,169,0.9410586721850347,0.9410586721850347,0.0,0.0,0.0,1.0,0.0,0.0,-0.0,0.0,1.0,0.459279326771846,0.0,0.7385307594287365,0.26146924057126353,0.0,0.015628496715772752,0.9929937303103425,0.9637205900582811,1.2049814092486875,1.0973375932894887,1.0886798641988191,1.2049814092486875
short_stream,ercb_beta_inf,least_count,token,inf,816,8878660,6000,32,32,39,39,153.84615384615384,38.50243979051828,9,169,0.9410586721850347,0.9410586721850347,0.0,0.0,0.0,1.0,0.0,0.0,-0.0,0.0,1.0,0.459279326771846,0.0,0.7385307594287365,0.26146924057126353,0.0,0.016061394149836577,0.9928709211273697,1.0021588101655057,1.3963190734540143,1.4392015325493148,1.2792264720562783,1.4392015325493148
short_stream,ercb_beta_inf,least_count,token,inf,816,8878661,6000,32,32,39,39,153.84615384615384,38.50243979051828,9,169,0.9410586721850347,0.9410586721850347,0.0,0.0,0.0,0.9960552268244577,0.0,0.0,-0.0,0.0,1.0,0.459279326771846,0.0,0.7385307594287365,0.26146924057126353,0.0,0.01608064169589666,0.9931627807971977,1.0731464247877782,1.1653412655363096,1.2441244574542436,1.1608707159261105,1.2441244574542436
short_stream,ercb_beta_inf,least_count,token,inf,816,8878662,6000,32,32,39,39,153.84615384615384,38.50243979051828,9,169,0.9410586721850347,0.9410586721850347,0.0,0.0,0.0,0.9980237154150199,0.0,0.0,-0.0,0.0,1.0,0.459279326771846,0.0,0.7385307594287365,0.26146924057126353,0.0,0.016087022429680395,0.9929060140238983,0.9809238884607545,1.2361218127480897,1.2283299056246382,1.1484585356111607,1.2361218127480897
short_stream,ercb_beta_inf,least_count,token,inf,816,8878663,6000,32,32,39,39,153.84615384615384,38.50243979051828,9,169,0.9410586721850347,0.9410586721850347,0.0,0.0,0.0,0.9980276134122288,0.0,0.0,-0.0,0.0,1.0,0.459279326771846,0.0,0.7385307594287365,0.26146924057126353,0.0,0.016942407871421726,0.9925840904422062,0.9638237875693154,1.384330724856254,1.398984617459503,1.2490463766283575,1.398984617459503
short_stream,ercb_beta_inf,least_count,token,inf,816,8878664,6000,32,32,39,39,153.84615384615384,38.50243979051828,9,169,0.9410586721850347,0.9410586721850347,0.0,0.0,0.0,0.9980276134122288,0.0,0.0,-0.0,0.0,1.0,0.459279326771846,0.0,0.7385307594287365,0.26146924057126353,0.0,0.016238282050672567,0.9930809813392987,1.131207186790685,1.3192118655152882,1.2790315105214702,1.2431501876091477,1.3192118655152882
short_stream,ercb_beta_inf,least_count,token,inf,816,8878665,6000,32,32,39,39,153.84615384615384,38.50243979051828,9,169,0.9410586721850347,0.9410586721850347,0.0,0.0,0.0,0.9960552268244577,0.0,0.0,-0.0,0.0,1.0,0.459279326771846,0.0,0.7385307594287365,0.26146924057126353,0.0,0.015260263171763237,0.992950511468178,1.006775843288213,1.0351518808685354,0.7812920206796258,0.9410732482787912,1.0351518808685354
short_stream,active_bonus3,active_bonus,token,,816,8879643,6000,32,32,39,39,153.84615384615384,40.66028015942583,7,188,0.9347103278169326,0.9410586721850347,0.006348344368102055,10.775089981181786,0.07003808487768161,1.0591966173361522,0.0,0.0,-0.0,0.0,1.0,0.459279326771846,0.0,0.958550480949423,0.04144951905057698,0.0,0.02210343901535489,0.9921648542751149,0.9185281096672717,1.7088928753840416,2.94180742299263,1.8564094693479811,2.94180742299263
short_stream,active_bonus3,active_bonus,token,,816,8879644,6000,32,32,39,39,153.84615384615384,40.54218345197079,9,187,0.9350644493171691,0.9410586721850347,0.005994222867865551,10.710646512603649,0.06961920233192372,1.0502092050209204,0.0,0.0,-0.0,0.0,1.0,0.459279326771846,0.0,0.9590200978744529,0.04097990212554714,0.0,0.022340087016877064,0.9914421910315634,1.0528046283091728,1.6698535728030703,2.7171552666130947,1.8132711559084462,2.7171552666130947
short_stream,active_bonus3,active_bonus,token,,816,8879645,6000,32,32,39,39,153.84615384615384,40.43198686844585,9,187,0.9353941938211601,0.9410586721850347,0.0056644783638746254,10.616870947597919,0.06900966115938648,1.0459290187891441,0.0,0.0,-0.0,0.0,1.0,0.459279326771846,0.0,0.9567758653237717,0.04322413467622833,0.0,0.022506793461585448,0.9918763614854285,0.8843226135927742,1.8542871825383875,2.7969996052993586,1.8452031338101733,2.7969996052993586
short_stream,active_bonus3,active_bonus,token,,816,8879646,6000,32,32,39,39,153.84615384615384,40.19346704253576,9,187,0.9361056413938426,0.9410586721850347,0.004953030791192137,10.674676479815112,0.06938539711879824,1.0548523206751055,0.0,0.0,-0.0,0.0,1.0,0.459279326771846,0.0,0.9566765552858558,0.04332344471414415,0.0,0.02250129814512115,0.9919489090627982,0.8655159269826137,1.7863277621976412,2.84767494194054,1.8331728770402649,2.84767494194054
short_stream,active_bonus3,active_bonus,token,,816,8879647,6000,32,32,39,39,153.84615384615384,40.46368328136083,9,188,0.9352994158431616,0.9410586721850347,0.005759256341873131,11.34991245871583,0.0737744309816529,1.0434782608695652,0.0,0.0,-0.0,0.0,1.0,0.459279326771846,0.0,0.9539245747734724,0.04607542522652759,0.0,0.02336289525941617,0.9909303622605848,0.8760116524932974,2.020581053197145,3.3945193283498956,2.0970373446801127,3.3945193283498956
short_stream,active_bonus3,active_bonus,token,,816,8879648,6000,32,32,39,39,153.84615384615384,40.308768824927654,9,186,0.9357621142983515,0.9410586721850347,0.005296557886683151,10.41202460668704,0.06767815994346577,1.0185185185185186,0.0,0.0,-0.0,0.0,1.0,0.459279326771846,0.0,0.960853461652511,0.039146538347489095,0.0,0.02183748079591554,0.9910804545718318,0.8960749770280034,2.0232667469790124,3.9069041012359613,2.2754152750809924,3.9069041012359613
short_stream,active_bonus3,active_bonus,token,,816,8879649,6000,32,32,39,39,153.84615384615384,40.54724276030999,9,188,0.9350492942403769,0.9410586721850347,0.006009377944657834,10.703462176515718,0.06957250414735217,1.0634249471458774,0.0,0.0,-0.0,0.0,1.0,0.459279326771846,0.0,0.9573431065969973,0.042656893403002716,0.0,0.022143401544108276,0.9921496464820578,0.9651490515454917,1.6093169117503396,2.6102645898131414,1.728243517702991,2.6102645898131414
short_stream,active_bonus3,active_bonus,token,,816,8879650,6000,32,32,39,39,153.84615384615384,40.54028604856419,7,188,0.9350701325976202,0.9410586721850347,0.005988539587414521,10.566031688435618,0.06867920597483153,1.0542797494780796,0.0,0.0,-0.0,0.0,1.0,0.459279326771846,0.0,0.9607856505650463,0.03921434943495373,0.0,0.022751815578204635,0.9913678605106074,0.8898727701456256,1.84323061132269,3.066429304440224,1.9331775619695133,3.066429304440224
short_stream,active_bonus3,active_bonus,token,,816,8879651,6000,32,32,39,39,153.84615384615384,40.42247309802985,8,187,0.9354226309603376,0.9410586721850347,0.005636041224697075,10.616870947597919,0.06900966115938648,1.0732217573221756,0.0,0.0,-0.0,0.0,1.0,0.459279326771846,0.0,0.9557389659148755,0.044261034085124516,0.0,0.02239592145857972,0.9923972004588116,0.966949365937724,1.621336871218888,2.8017351090880567,1.7966737820815561,2.8017351090880567
short_stream,active_bonus3,active_bonus,token,,816,8879652,6000,32,32,39,39,153.84615384615384,40.67667287249944,8,187,0.9346611129103337,0.9410586721850347,0.006397559274700981,10.732170664850946,0.06975910932153115,1.0390143737166324,0.0,0.0,-0.0,0.0,1.0,0.459279326771846,0.0,0.9572161224745296,0.04278387752547046,0.0,0.0212772736518496,0.991946973451992,0.877604102898764,1.5939759308084962,2.4732299037457173,1.6482699791509925,2.4732299037457173
short_stream,active_bonus3,active_bonus,token,,816,8879653,6000,32,32,39,39,153.84615384615384,40.71132801563766,8,187,0.9345570215293901,0.9410586721850347,0.006501650655644564,10.68428032924287,0.06944782214007866,1.04989604989605,0.0,0.0,-0.0,0.0,1.0,0.459279326771846,0.0,0.9548015304421384,0.04519846955786159,0.0,0.022652470628414422,0.992039022630425,0.9212230442661403,1.7085114435372828,2.698367354479119,1.7760339474275142,2.698367354479119
short_stream,active_bonus3,active_bonus,token,,816,8879654,6000,32,32,39,39,153.84615384615384,40.68108516663863,9,188,0.9346478636286457,0.9410586721850347,0.0064108085563889805,11.077813354536568,0.0720057868044877,1.053941908713693,0.0,0.0,-0.0,0.0,1.0,0.459279326771846,0.0,0.9586465724040434,0.04135342759595659,0.0,0.022761426438418077,0.9916243928616072,0.981294392404073,1.7214651180870617,3.0070475070728633,1.903269005854666,3.0070475070728633
short_stream,active_bonus3,active_bonus,token,,816,8879655,6000,32,32,39,39,153.84615384615384,40.5194087470079,9,187,0.9351326532425257,0.9410586721850347,0.005926018942508993,11.061599086884968,0.0719003940647523,1.0459290187891441,0.0,0.0,-0.0,0.0,1.0,0.459279326771846,0.0,0.9574850917088983,0.04251490829110176,0.0,0.02275788455712811,0.9915823353696054,1.0397886003385002,1.7279021823289316,2.9003254668710854,1.8893387498461724,2.9003254668710854
short_stream,active_bonus3,active_bonus,token,,816,8879656,6000,32,32,39,39,153.84615384615384,40.68612720259281,8,187,0.9346327220523787,0.9410586721850347,0.006425950132656011,10.876933957126536,0.07070007072132248,1.032719836400818,0.0,0.0,-0.0,0.0,1.0,0.459279326771846,0.0,0.9563379121589963,0.043662087841003706,0.0,0.022035171060824657,0.992443129172426,0.9784139190763627,1.6802978719552732,2.6288948558849072,1.7625355489721812,2.6288948558849072
short_stream,active_bonus3,active_bonus,token,,816,8879657,6000,32,32,39,39,153.84615384615384,40.62053191936596,9,188,0.9348296008184122,0.9410586721850347,0.006229071366622541,11.471257280252395,0.07456317232164057,1.0366598778004072,0.0,0.0,-0.0,0.0,1.0,0.459279326771846,0.0,0.9544139493725339,0.04558605062746611,0.0,0.022389271222986323,0.9921378837371088,0.919884283008557,1.8639114022962227,2.99413358749184,1.9259764242655397,2.99413358749184
short_stream,active_bonus3,active_bonus,token,,816,8879658,6000,32,32,39,39,153.84615384615384,40.56115260432963,7,188,0.9350076203121055,0.9410586721850347,0.006051051872929203,10.722609709131401,0.06969696310935411,1.0436590436590436,0.0,0.0,-0.0,0.0,1.0,0.459279326771846,0.0,0.9563841240067792,0.04361587599322086,0.0,0.023095041280084338,0.9911351626526621,0.9216308105856297,1.9459433652781966,3.2230775743379447,2.0302172500672566,3.2230775743379447
short_stream,active_bonus3,active_bonus,token,,816,8879659,6000,32,32,39,39,153.84615384615384,40.588957991652435,8,188,0.9349242835986856,0.9410586721850347,0.006134388586349071,11.395005653625356,0.07406753674856481,1.0912951167728238,0.0,0.0,-0.0,0.0,1.0,0.459279326771846,0.0,0.9546565835170013,0.04534341648299869,0.0,0.02361611403037891,0.9913671644179325,0.9076034036041046,1.8154310874990014,3.1728187691212466,1.9652844200747843,3.1728187691212466
short_stream,active_bonus3,active_bonus,token,,816,8879660,6000,32,32,39,39,153.84615384615384,40.34691769216557,9,188,0.9356482935490481,0.9410586721850347,0.00541037863598659,10.722609709131401,0.06969696310935411,1.065126050420168,0.0,0.0,-0.0,0.0,1.0,0.459279326771846,0.0,0.9568775327942558,0.04312246720574414,0.0,0.022726589272865114,0.991215218250958,1.0134073752909616,1.9027621914241997,3.009378740870575,1.9751827691952453,3.009378740870575
short_stream,active_bonus3,active_bonus,token,,816,8879661,6000,32,32,39,39,153.84615384615384,40.65018905026747,8,188,0.9347406164894788,0.9410586721850347,0.00631805569555588,11.096314934617038,0.07212604707501075,1.0822784810126582,0.0,0.0,-0.0,0.0,1.0,0.459279326771846,0.0,0.9581487447129395,0.04185125528706044,0.0,0.022481923660656024,0.9915464255413381,0.9170056615323511,1.7671152389839697,3.118420777710773,1.9341805594090313,3.118420777710773
short_stream,active_bonus3,active_bonus,token,,816,8879662,6000,32,32,39,39,153.84615384615384,40.19219114202215,8,187,0.9361094386822575,0.9410586721850347,0.004949233502777206,10.210602835112638,0.06636891842823216,1.0291666666666666,0.0,0.0,-0.0,0.0,1.0,0.459279326771846,0.0,0.9588597045285704,0.041140295471429576,0.0,0.021436741032103485,0.991959279622396,0.9320565598048973,1.6596714062318656,2.62776428140299,1.7398307491465843,2.62776428140299
short_stream,active_bonus3,active_bonus,token,,816,8879663,6000,32,32,39,39,153.84615384615384,40.7390309046896,8,188,0.9344737651162812,0.9410586721850347,0.006584907068753476,11.199816848319326,0.07279880951407562,1.0720338983050846,0.0,0.0,-0.0,0.0,1.0,0.459279326771846,0.0,0.9570884413949982,0.0429115586050019,0.0,0.023115872531694406,0.991480611724252,0.936293722203645,2.2317726880503925,3.7565696716379136,2.308212027297317,3.7565696716379136
short_stream,active_bonus3,active_bonus,token,,816,8879664,6000,32,32,39,39,153.84615384615384,40.44720424653534,9,188,0.9353486979946124,0.9410586721850347,0.005709974190422296,11.215831301997717,0.07290290346298517,1.0736842105263158,0.0,0.0,-0.0,0.0,1.0,0.459279326771846,0.0,0.9578418239096717,0.042158176090328375,0.0,0.0231881446074744,0.9920178980088228,0.9501229895932773,1.9178131518162633,3.162567140283189,2.010167760564243,3.162567140283189
short_stream,active_bonus3,active_bonus,token,,816,8879665,6000,32,32,39,39,153.84615384615384,40.8553034322404,9,188,0.9341238719870418,0.9410586721850347,0.006934800197992863,11.222687643729461,0.0729474696842415,1.0673684210526315,0.0,0.0,-0.0,0.0,1.0,0.459279326771846,0.0,0.9583743302888784,0.04162566971112155,0.0,0.022598637818400723,0.9914856797928995,0.9962680009459595,1.6806403264471896,2.8032540506598176,1.8267207926843223,2.8032540506598176
short_stream,active_bonus3,active_bonus,token,,816,8879666,6000,32,32,39,39,153.84615384615384,40.720774299687314,8,188,0.9345286369946556,0.9410586721850347,0.006530035190379091,10.729781224619872,0.06974357796002917,1.0677966101694916,0.0,0.0,-0.0,0.0,1.0,0.459279326771846,0.0,0.9547582162861481,0.04524178371385186,0.0,0.022419223761075704,0.9918960157537132,0.9294860130050058,1.853562651420305,2.9269219104898467,1.903323524971719,2.9269219104898467
short_stream,active_bonus3,active_bonus,token,,816,8879667,6000,32,32,39,39,153.84615384615384,40.68675741315403,9,188,0.9346308293898403,0.9410586721850347,0.006427842795194372,11.170014806133015,0.0726050962398646,1.0366598778004072,0.0,0.0,-0.0,0.0,1.0,0.459279326771846,0.0,0.95822518824455,0.04177481175544991,0.0,0.022930598383782305,0.9920166975746749,0.9443944464962876,1.848387368032124,2.9131362827494027,1.901972699092605,2.9131362827494027
short_stream,active_bonus3,active_bonus,token,,816,8879668,6000,32,32,39,39,153.84615384615384,40.54661038129117,9,188,0.9350511885981104,0.9410586721850347,0.006007483586924267,11.279661751611581,0.07331780138547528,1.0289256198347108,0.0,0.0,-0.0,0.0,1.0,0.459279326771846,0.0,0.9578901691142963,0.0421098308857038,0.0,0.02263458520802199,0.9913107124775001,0.8674765794613033,2.003308145512096,3.4605833303820384,2.110456018451812,3.4605833303820384
short_stream,active_bonus3,active_bonus,token,,816,8879669,6000,32,32,39,39,153.84615384615384,40.84651600592743,8,188,0.9341503412217659,0.9410586721850347,0.006908330963268816,11.531450861637445,0.0749544306006434,1.0432098765432098,0.0,0.0,-0.0,0.0,1.0,0.459279326771846,0.0,0.954265438418625,0.045734561581374976,0.0,0.023043119783799814,0.9916871133048349,1.0490055646142835,1.8838216787191906,3.188062467961661,2.0402965704317118,3.188062467961661
short_stream,active_bonus3,active_bonus,token,,816,8879670,6000,32,32,39,39,153.84615384615384,40.986263153139284,8,188,0.9337289023954504,0.9410586721850347,0.007329769789584328,11.010484513897163,0.07156814934033157,1.0829787234042554,0.0,0.0,-0.0,0.0,1.0,0.459279326771846,0.0,0.9591366283682616,0.04086337163173836,0.0,0.022773417142190836,0.9919147821781167,0.9667217232051508,1.7459489282496246,2.7862999852904156,1.8329902122483972,2.7862999852904156
short_stream,active_bonus3,active_bonus,token,,816,8879671,6000,32,32,39,39,153.84615384615384,40.752875287290586,8,187,0.9344321424722458,0.9410586721850347,0.006626529712788876,11.340872303988993,0.07371566997592846,1.1079913606911447,0.0,0.0,-0.0,0.0,1.0,0.459279326771846,0.0,0.9576880543980532,0.04231194560194679,0.0,0.023036220495707405,0.9921439214047165,0.9855271743011859,1.7007041937401945,2.703675856089937,1.7966357413771057,2.703675856089937
short_stream,active_bonus3,active_bonus,token,,816,8879672,6000,32,32,39,39,153.84615384615384,40.648296688405516,8,188,0.9347462958341162,0.9410586721850347,0.006312376350918525,10.758419481670611,0.06992972663085897,1.0204498977505112,0.0,0.0,-0.0,0.0,1.0,0.459279326771846,0.0,0.9550198355453743,0.0449801644546257,0.0,0.022447333317729627,0.9909130271055163,0.8746978919530362,1.7088161119474248,2.6765410921560373,1.7533516986854993,2.6765410921560373
short_stream,active_bonus3,active_bonus,token,,816,8879673,6000,32,32,39,39,153.84615384615384,40.568737781783405,9,188,0.9349848906441672,0.9410586721850347,0.006073781540867462,11.133225855461568,0.07236596806050019,1.028688524590164,0.0,0.0,-0.0,0.0,1.0,0.459279326771846,0.0,0.9575212379396271,0.04247876206037298,0.0,0.022724234473758962,0.9920888616496362,0.949699122532207,1.792438187603061,3.115103729179505,1.9524136797715912,3.115103729179505
short_stream,active_bonus3,active_bonus,token,,816,8879674,6000,32,32,39,39,153.84615384615384,40.65081981797867,9,188,0.9347387233899359,0.9410586721850347,0.006319948795098784,11.211258078035119,0.07287317750722827,1.0184804928131417,0.0,0.0,-0.0,0.0,1.0,0.459279326771846,0.0,0.9564024446797696,0.04359755532023034,0.0,0.023202595183861734,0.9916066351201457,0.8424749048485497,1.963450530224384,3.311682313445146,2.03920258283936,3.311682313445146
short_stream,gate_r2_uniform,softmax,gate_r2,0.0,816,8880652,6000,32,32,39,39,153.84615384615384,41.330772332698515,9,176,0.9326854485680713,0.9410586721850347,0.008373223616963354,6.143581182306436,0.03993327768499184,0.9767441860465116,0.0,0.0,-0.0,0.0,1.0,0.459279326771846,0.0,1.0,0.0,0.0,0.015149424164914592,0.9925683783076777,0.998071251460028,1.0211130444256644,0.8984129194280547,0.9725324051045824,1.0211130444256644
short_stream,gate_r2_uniform,softmax,gate_r2,0.0,816,8880653,6000,32,32,39,39,153.84615384615384,42.1709211159918,7,178,0.9301141668634116,0.9410586721850347,0.010944505321623055,6.89853198802061,0.04484045792213397,1.0078740157480315,0.0,0.0,-0.0,0.0,1.0,0.459279326771846,0.0,1.0,0.0,0.0,0.01504412564222821,0.9928282384548343,0.9804407427773929,0.9926942540462714,0.920163912437684,0.9644329697537829,0.9926942540462714
short_stream,gate_r2_uniform,softmax,gate_r2,0.0,816,8880654,6000,32,32,39,39,153.84615384615384,42.64374692582451,5,177,0.9286506844852033,0.9410586721850347,0.012407987699831424,6.782329983125268,0.044085144890314246,0.9923076923076922,0.0,0.0,-0.0,0.0,1.0,0.459279326771846,0.0,1.0,0.0,0.0,0.015891644892897617,0.9921488722214149,1.01048126856645,1.2393374861314113,1.1855765253338397,1.1451317600105668,1.2393374861314113
short_stream,gate_r2_uniform,softmax,gate_r2,0.0,816,8880655,6000,32,32,39,39,153.84615384615384,42.01009552753649,6,177,0.930609274545091,0.9410586721850347,0.01044939763994368,6.360938489054776,0.041346100178856045,0.9808061420345491,0.0,0.0,-0.0,0.0,1.0,0.459279326771846,0.0,1.0,0.0,0.0,0.014808198038768566,0.9927004002871965,0.9784925620647451,1.195537214663985,0.8465856931711494,1.0068718232999598,1.195537214663985
short_stream,gate_r2_uniform,softmax,gate_r2,0.0,816,8880656,6000,32,32,39,39,153.84615384615384,42.11129238987522,6,179,0.9302978953405565,0.9410586721850347,0.010760776844478182,6.193462227137125,0.040257504476391315,0.9750957854406129,0.0,0.0,-0.0,0.0,1.0,0.459279326771846,0.0,1.0,0.0,0.0,0.015229338339685717,0.9929438522071475,1.0223617614741065,0.9545276981839108,1.0430179664010661,1.0066358086863612,1.0430179664010661
short_stream,gate_r2_uniform,softmax,gate_r2,0.0,816,8880657,6000,32,32,39,39,153.84615384615384,41.80390023611063,8,177,0.9312420534011443,0.9410586721850347,0.009816618783890396,6.547655677553216,0.042559761904095904,1.0298210735586482,0.0,0.0,-0.0,0.0,1.0,0.459279326771846,0.0,1.0,0.0,0.0,0.014846286533789886,0.9930614406542523,0.980330081846412,0.9231203142100948,1.000630522384953,0.9680269728138199,1.000630522384953
short_stream,gate_r2_uniform,softmax,gate_r2,0.0,816,8880658,6000,32,32,39,39,153.84615384615384,41.77383456708122,8,177,0.931334131486684,0.9410586721850347,0.009724540698350714,6.135228246856481,0.039878983604567125,1.0439121756487026,0.0,0.0,-0.0,0.0,1.0,0.459279326771846,0.0,1.0,0.0,0.0,0.01501713310680999,0.9931547293508156,0.9236472655646871,0.8023080825401456,1.0373482338963054,0.9211011940003795,1.0373482338963054
short_stream,gate_r2_uniform,softmax,gate_r2,0.0,816,8880659,6000,32,32,39,39,153.84615384615384,41.50473464591255,5,178,0.9321561237219751,0.9410586721850347,0.0089025484630596,5.683985600588051,0.03694590640382234,1.0039525691699607,0.0,0.0,-0.0,0.0,1.0,0.459279326771846,0.0,1.0,0.0,0.0,0.01544813229277079,0.9928975790751079,0.9546358088135166,0.9095210686240629,1.062154860778019,0.975437246071866,1.062154860778019
short_stream,gate_r2_uniform,softmax,gate_r2,0.0,816,8880660,6000,32,32,39,39,153.84615384615384,42.25171121495218,8,179,0.9298649371178836,0.9410586721850347,0.011193735067151045,6.578909581537907,0.042762912279996394,0.9980544747081711,0.0,0.0,-0.0,0.0,1.0,0.459279326771846,0.0,1.0,0.0,0.0,0.014870389537209388,0.9926798509192066,0.9338403240765328,0.9789409452457879,1.0195923464605552,0.9774578719276253,1.0195923464605552
short_stream,gate_r2_uniform,softmax,gate_r2,0.0,816,8880661,6000,32,32,39,39,153.84615384615384,42.058285845764374,8,178,0.9304610620654746,0.9410586721850347,0.010597610119560064,6.2961119463543245,0.04092472765130311,0.9980842911877394,0.0,0.0,-0.0,0.0,1.0,0.459279326771846,0.0,1.0,0.0,0.0,0.014599264393945694,0.992851803028715,0.9261709537379215,0.8915711703236083,0.8060206613710628,0.8745875951441976,0.9261709537379215
short_stream,gate_r2_uniform,softmax,gate_r2,0.0,816,8880662,6000,32,32,39,39,153.84615384615384,43.13636009366318,5,180,0.9271135755850203,0.9410586721850347,0.013945096600014417,7.682814655166492,0.049938295258582205,1.0038684719535782,0.0,0.0,-0.0,0.0,1.0,0.459279326771846,0.0,1.0,0.0,0.0,0.015433161094019423,0.9919099058606727,1.0711283187455907,1.1525668573523256,1.0511040805747756,1.0915997522242307,1.1525668573523256
short_stream,gate_r2_uniform,softmax,gate_r2,0.0,816,8880663,6000,32,32,39,39,153.84615384615384,42.13990036955259,8,178,0.9302097716055948,0.9410586721850347,0.01084890057943988,6.694812381277971,0.04351628047830681,1.001926782273603,0.0,0.0,-0.0,0.0,1.0,0.459279326771846,0.0,1.0,0.0,0.0,0.015191067551967386,0.9925202831480681,0.980132119740339,1.0034603274219085,0.8818552635461183,0.9551492369027885,1.0034603274219085
short_stream,gate_r2_uniform,softmax,gate_r2,0.0,816,8880664,6000,32,32,39,39,153.84615384615384,42.1137278681274,6,178,0.9302903947981882,0.9410586721850347,0.010768277386846492,6.72538245981366,0.04371498598878879,0.9825242718446602,0.0,0.0,-0.0,0.0,1.0,0.459279326771846,0.0,1.0,0.0,0.0,0.015905732363180974,0.9929786751845059,0.9990441497570606,0.9547156077062702,1.1097025089162338,1.0211540887931883,1.1097025089162338
short_stream,gate_r2_uniform,softmax,gate_r2,0.0,816,8880665,6000,32,32,39,39,153.84615384615384,41.79715268276761,6,177,0.9312627224068796,0.9410586721850347,0.009795949778155122,6.160253075054461,0.040041644987854,1.0,0.0,0.0,-0.0,0.0,1.0,0.459279326771846,0.0,1.0,0.0,0.0,0.014916437277939867,0.992942420937813,1.0253316897568048,0.9104199152841301,0.9178909604125294,0.9512141884844881,1.0253316897568048
short_stream,gate_r2_uniform,softmax,gate_r2,0.0,816,8880666,6000,32,32,39,39,153.84615384615384,42.924823050596835,7,180,0.927775176571079,0.9410586721850347,0.013283495613955698,7.662763778033923,0.0498079645572205,1.0118343195266273,0.0,0.0,-0.0,0.0,1.0,0.459279326771846,0.0,1.0,0.0,0.0,0.015291647665871747,0.9929289960883413,1.094803269872051,0.9359708737726872,1.0579716021967962,1.0295819152805115,1.094803269872051
short_stream,gate_r2_uniform,softmax,gate_r2,0.0,816,8880667,6000,32,32,39,39,153.84615384615384,42.15328466779337,8,178,0.930168527933891,0.9410586721850347,0.010890144251143652,6.7747646377889685,0.044035970145628295,1.0216962524654831,0.0,0.0,-0.0,0.0,1.0,0.459279326771846,0.0,1.0,0.0,0.0,0.015200023286245114,0.9927258187168044,0.9876461982153147,0.975731093689511,0.9279301132200274,0.9637691350416177,0.9876461982153147
short_stream,gate_r2_uniform,softmax,gate_r2,0.0,816,8880668,6000,32,32,39,39,153.84615384615384,41.777517240084556,6,179,0.9313228556407664,0.9410586721850347,0.00973581654426825,5.857276867938915,0.03807229964160295,0.9752380952380952,0.0,0.0,-0.0,0.0,1.0,0.459279326771846,0.0,1.0,0.0,0.0,0.015343028003445804,0.9927493832906854,1.027633786441254,1.0318583659858693,0.9680504271193003,1.0091808598488077,1.0318583659858693
short_stream,gate_r2_uniform,softmax,gate_r2,0.0,816,8880669,6000,32,32,39,39,153.84615384615384,41.94412550875605,8,178,0.930811970552212,0.9410586721850347,0.010246701632822708,6.344793949090093,0.041241160669085605,0.9808061420345491,0.0,0.0,-0.0,0.0,1.0,0.459279326771846,0.0,1.0,0.0,0.0,0.01524822610296177,0.9927207897321394,1.0213628043673841,0.9413441518609396,1.0523804467956843,1.005029134341336,1.0523804467956843
short_stream,gate_r2_uniform,softmax,gate_r2,0.0,816,8880670,6000,32,32,39,39,153.84615384615384,42.34869807676317,7,178,0.9295652887926961,0.9410586721850347,0.01149338339233863,6.752017742108176,0.043888115323703146,1.0098231827111985,0.0,0.0,-0.0,0.0,1.0,0.459279326771846,0.0,1.0,0.0,0.0,0.01551744675727973,0.9924212693741635,0.9887019734928926,1.0262380482694393,0.9287778697622123,0.9812392971748479,1.0262380482694393
short_stream,gate_r2_uniform,softmax,gate_r2,0.0,816,8880671,6000,32,32,39,39,153.84615384615384,41.55104272907923,7,181,0.932014946413024,0.9410586721850347,0.009043725772010736,6.4051261522034855,0.04163331998932266,0.9903846153846153,0.0,0.0,-0.0,0.0,1.0,0.459279326771846,0.0,1.0,0.0,0.0,0.015028387356982989,0.99234670801802,0.9237921204267312,0.975841576662832,1.0242370591472814,0.9746235854122816,1.0242370591472814
short_stream,gate_r2_uniform,softmax,gate_r2,0.0,816,8880672,6000,32,32,39,39,153.84615384615384,42.545021982172145,7,177,0.9289572222940444,0.9410586721850347,0.012101449890990268,7.609036463142748,0.04945873701042786,1.003875968992248,0.0,0.0,-0.0,0.0,1.0,0.459279326771846,0.0,1.0,0.0,0.0,0.015141238234065893,0.9920164276555038,1.0862971556503582,0.9017341533691351,0.9592168977871282,0.9824160689355406,1.0862971556503582
short_stream,gate_r2_uniform,softmax,gate_r2,0.0,816,8880673,6000,32,32,39,39,153.84615384615384,41.35682032955633,7,178,0.9326062941909664,0.9410586721850347,0.008452377994068283,6.110100926607787,0.039715656022950616,0.9886148007590133,0.0,0.0,-0.0,0.0,1.0,0.459279326771846,0.0,1.0,0.0,0.0,0.015931105216002994,0.9921306101384822,0.9950137889714437,1.2100466486199848,1.4921418079142965,1.2324007485019084,1.4921418079142965
short_stream,gate_r2_uniform,softmax,gate_r2,0.0,816,8880674,6000,32,32,39,39,153.84615384615384,42.32204884620349,5,177,0.9296476728284747,0.9410586721850347,0.011410999356559981,6.456958083517942,0.041970227542866625,0.9884393063583815,0.0,0.0,-0.0,0.0,1.0,0.459279326771846,0.0,1.0,0.0,0.0,0.01561744421412563,0.9923183062106791,0.9980717816354702,1.1651918955208111,1.2005828075382816,1.1212821615648545,1.2005828075382816
short_stream,gate_r2_uniform,softmax,gate_r2,0.0,816,8880675,6000,32,32,39,39,153.84615384615384,41.43857886728784,4,182,0.932357610734171,0.9410586721850347,0.00870106145086369,5.593035962878415,0.0363547337587097,0.9692307692307692,0.0,0.0,-0.0,0.0,1.0,0.459279326771846,0.0,1.0,0.0,0.0,0.015514264061082968,0.9925479497787506,0.9385986522442716,1.0166118318027833,1.0401306256513303,0.9984470365661284,1.0401306256513303
short_stream,gate_r2_uniform,softmax,gate_r2,0.0,816,8880676,6000,32,32,39,39,153.84615384615384,42.20495684920194,6,180,0.9300092117412423,0.9410586721850347,0.011049460443792403,6.496547406517419,0.04222755814236323,0.9751908396946566,0.0,0.0,-0.0,0.0,1.0,0.459279326771846,0.0,1.0,0.0,0.0,0.016048850224645885,0.9919539380474638,1.0520474267636273,1.070591812003696,1.026310945935086,1.0496500615674698,1.070591812003696
short_stream,gate_r2_uniform,softmax,gate_r2,0.0,816,8880677,6000,32,32,39,39,153.84615384615384,41.9704037733664,8,180,0.9307312569339479,0.9410586721850347,0.010327415251086824,6.5162518721684215,0.04235563716909474,1.0,0.0,0.0,-0.0,0.0,1.0,0.459279326771846,0.0,1.0,0.0,0.0,0.015329108507043335,0.9922788059229056,0.9592242938761295,1.1825426532848389,1.489896332992643,1.2105544267178703,1.489896332992643
short_stream,gate_r2_uniform,softmax,gate_r2,0.0,816,8880678,6000,32,32,39,39,153.84615384615384,42.39408428829426,8,179,0.929424895110528,0.9410586721850347,0.011633777074506746,7.027418828034614,0.04567822238222499,0.9980732177263969,0.0,0.0,-0.0,0.0,1.0,0.459279326771846,0.0,1.0,0.0,0.0,0.015381792765956793,0.9925392413236765,1.0203421236669399,0.9533070735531483,1.0342216558700752,1.0026236176967211,1.0342216558700752
short_stream,gate_r2_uniform,softmax,gate_r2,0.0,816,8880679,6000,32,32,39,39,153.84615384615384,41.500409921694015,8,177,0.9321693024530501,0.9410586721850347,0.00888936973198462,5.896543968226707,0.038327535793473595,1.001953125,0.0,0.0,-0.0,0.0,1.0,0.459279326771846,0.0,1.0,0.0,0.0,0.015200429409452378,0.9929610346949963,0.9446171253132832,1.0110310283339017,1.1891627258944715,1.048270293180552,1.1891627258944715
short_stream,gate_r2_uniform,softmax,gate_r2,0.0,816,8880680,6000,32,32,39,39,153.84615384615384,42.29477658331749,5,179,0.9297319443344693,0.9410586721850347,0.011326727850565432,6.7444183950270675,0.04383871956767594,0.9709864603481625,0.0,0.0,-0.0,0.0,1.0,0.459279326771846,0.0,1.0,0.0,0.0,0.013994061730374293,0.9922303590890463,1.0063700815970407,0.9314199776586558,0.7625061735683338,0.9000987442746767,1.0063700815970407
short_stream,gate_r2_uniform,softmax,gate_r2,0.0,816,8880681,6000,32,32,39,39,153.84615384615384,41.587435517225735,9,179,0.9319039169785438,0.9410586721850347,0.009154755206490894,6.5280460028544995,0.04243229901855425,1.0057581573896353,0.0,0.0,-0.0,0.0,1.0,0.459279326771846,0.0,1.0,0.0,0.0,0.015013925491368126,0.9921048791186072,0.9088271544825318,0.987306505173953,1.1142252491694087,1.0034529696086312,1.1142252491694087
short_stream,gate_r2_uniform,softmax,gate_r2,0.0,816,8880682,6000,32,32,39,39,153.84615384615384,42.72604349690488,9,179,0.9283947683098016,0.9410586721850347,0.012663903875233085,7.060180864974625,0.045891175622335065,1.025793650793651,0.0,0.0,-0.0,0.0,1.0,0.459279326771846,0.0,1.0,0.0,0.0,0.01499524752688852,0.9926777235571955,1.0116052201507926,1.001842861925582,0.9259474385824931,0.9797985068862891,1.0116052201507926
short_stream,gate_r2_uniform,softmax,gate_r2,0.0,816,8880683,6000,32,32,39,39,153.84615384615384,41.50411685575699,8,178,0.9321580063750287,0.9410586721850347,0.008900665810006037,5.688494911571457,0.03697521692521447,0.9786407766990292,0.0,0.0,-0.0,0.0,1.0,0.459279326771846,0.0,1.0,0.0,0.0,0.014649627916889812,0.992867163488994,1.0165665837598925,0.9795826491976505,1.0657310720682118,1.0206267683419183,1.0657310720682118
short_stream,gate_r2_active_bonus3,active_bonus,gate_r2,,816,8881661,6000,32,32,39,39,153.84615384615384,40.473820890975844,9,188,0.9352690909465017,0.9410586721850347,0.005789581238533015,10.698669938900744,0.06954135460285484,1.0451745379876796,0.0,0.0,-0.0,0.0,1.0,0.459279326771846,0.0,0.9572559194666604,0.042744080533339515,0.0,0.022385127943930622,0.9911757497913435,0.9450158801472397,1.6457558088326818,2.8778226465787093,1.8228647785195438,2.8778226465787093
short_stream,gate_r2_active_bonus3,active_bonus,gate_r2,,816,8881662,6000,32,32,39,39,153.84615384615384,40.5820084308801,7,187,0.9349451163843054,0.9410586721850347,0.006113555800729253,10.54903082193105,0.06856870034255183,1.0351966873706004,0.0,0.0,-0.0,0.0,1.0,0.459279326771846,0.0,0.9565099271305495,0.04349007286945052,0.0,0.022092546567456874,0.9923816091633447,0.9502349982216848,1.7121964463354102,2.5923743968231827,1.7516019471267592,2.5923743968231827
short_stream,gate_r2_active_bonus3,active_bonus,gate_r2,,816,8881663,6000,32,32,39,39,153.84615384615384,40.51308016794428,8,187,0.9351516005431361,0.9410586721850347,0.005907071641898631,10.6434041209592,0.06918212678623481,1.0459290187891441,0.0,0.0,-0.0,0.0,1.0,0.459279326771846,0.0,0.9567796770413112,0.04322032295868885,0.0,0.022305699634136367,0.9920397578070843,0.9131943690828789,1.6432338111365432,2.8042513204203914,1.7868931668799377,2.8042513204203914
short_stream,gate_r2_active_bonus3,active_bonus,gate_r2,,816,8881664,6000,32,32,39,39,153.84615384615384,40.67289052512299,9,188,0.9346724697364738,0.9410586721850347,0.006386202448560918,10.94508436673157,0.07114304838375521,1.0228690228690227,0.0,0.0,-0.0,0.0,1.0,0.459279326771846,0.0,0.9560025138854434,0.04399748611455656,0.0,0.02198633571575206,0.9923830795166637,0.9120723581926907,1.7156097738818026,2.954516449199686,1.8607328604247264,2.954516449199686
short_stream,gate_r2_active_bonus3,active_bonus,gate_r2,,816,8881665,6000,32,32,39,39,153.84615384615384,40.60916813342957,8,187,0.9348636844099639,0.9410586721850347,0.0061949877750707705,11.03374776508824,0.07171936047307356,1.0618336886993602,0.0,0.0,-0.0,0.0,1.0,0.459279326771846,0.0,0.9571325499850021,0.04286745001499793,0.0,0.02270508122849184,0.9924838371501706,0.874992190693401,1.769308345042112,3.14003653920933,1.9281123583149478,3.14003653920933
short_stream,gate_r2_active_bonus3,active_bonus,gate_r2,,816,8881666,6000,32,32,39,39,153.84615384615384,40.871617925814576,8,188,0.9340747188162658,0.9410586721850347,0.0069839533687688915,11.31597463991865,0.07355383515947123,1.0611814345991561,0.0,0.0,-0.0,0.0,1.0,0.459279326771846,0.0,0.9557960313714946,0.044203968628505425,0.0,0.023144198244906856,0.9921239154621824,0.8919000629457324,1.826872093647796,3.0363255395486206,1.9183658987140497,3.0363255395486206
short_stream,gate_r2_active_bonus3,active_bonus,gate_r2,,816,8881667,6000,32,32,39,39,153.84615384615384,40.86032397021211,8,188,0.9341087473835225,0.9410586721850347,0.006949924801512242,11.531450861637445,0.0749544306006434,1.0644490644490643,0.0,0.0,-0.0,0.0,1.0,0.459279326771846,0.0,0.9559680890010076,0.04403191099899244,0.0,0.022997984149635078,0.9919804042439989,1.0487963670574127,1.8406716779507812,3.2122483272090236,2.0339054574057394,3.2122483272090236
short_stream,gate_r2_active_bonus3,active_bonus,gate_r2,,816,8881668,6000,32,32,39,39,153.84615384615384,40.46811879805206,9,188,0.9352861484589057,0.9410586721850347,0.00577252372612902,10.497863030404245,0.0682361096976276,1.045643153526971,0.0,0.0,-0.0,0.0,1.0,0.459279326771846,0.0,0.9575675099843441,0.04243249001565582,0.0,0.0220127832899509,0.9920981844423069,0.8561521317013682,1.5943217386441448,2.7070145602490667,1.719162810198193,2.7070145602490667
short_stream,gate_r2_active_bonus3,active_bonus,gate_r2,,816,8881669,6000,32,32,39,39,153.84615384615384,40.76734393311572,8,188,0.9343886318541494,0.9410586721850347,0.006670040330885252,10.83205120618128,0.07040833284017832,1.039337474120083,0.0,0.0,-0.0,0.0,1.0,0.459279326771846,0.0,0.9569670557116622,0.04303294428833778,0.0,0.022065759598203397,0.9918595697558146,0.832127994152509,1.7051094225991998,2.812532376013926,1.7832565975885448,2.812532376013926
short_stream,gate_r2_active_bonus3,active_bonus,gate_r2,,816,8881670,6000,32,32,39,39,153.84615384615384,40.83647091757529,8,188,0.9341805936126024,0.9410586721850347,0.006878078572432278,11.08012774155744,0.07202083032012337,1.0102669404517453,0.0,0.0,-0.0,0.0,1.0,0.459279326771846,0.0,0.9609492909374634,0.039050709062536604,0.0,0.021915479428465306,0.992121052923512,0.9275031214498669,1.5577029812045076,2.659253544214446,1.714819882289607,2.659253544214446
short_stream,gate_r2_active_bonus3,active_bonus,gate_r2,,816,8881671,6000,32,32,39,39,153.84615384615384,40.43325520203316,9,187,0.9353904023332378,0.9410586721850347,0.005668269851796914,10.6434041209592,0.06918212678623481,1.0329896907216496,0.0,0.0,-0.0,0.0,1.0,0.459279326771846,0.0,0.9553005667715911,0.04469943322840891,0.0,0.022485678256817843,0.9918577868122289,0.9795658937681236,1.8489580367155043,2.8808672061557807,1.903130378879803,2.8808672061557807
short_stream,gate_r2_active_bonus3,active_bonus,gate_r2,,816,8881672,6000,32,32,39,39,153.84615384615384,40.1449543156045,9,187,0.9362499600143246,0.9410586721850347,0.0048087121707101055,10.602370320369705,0.06891540708240308,1.0434782608695652,0.0,0.0,-0.0,0.0,1.0,0.459279326771846,0.0,0.9562006964232829,0.04379930357671713,0.0,0.022272109210079185,0.9913311019224429,0.9707261042840877,1.874195206621983,3.2819141161522336,2.042278475686101,3.2819141161522336
short_stream,gate_r2_active_bonus3,active_bonus,gate_r2,,816,8881673,6000,32,32,39,39,153.84615384615384,40.434523495835904,8,187,0.9353866108760519,0.9410586721850347,0.00567206130898279,10.402169398982512,0.06761410109338632,1.0569620253164558,0.0,0.0,-0.0,0.0,1.0,0.459279326771846,0.0,0.9580540415730879,0.041945958426912046,0.0,0.02207186315325383,0.9920130998593454,0.9833192703843143,1.6024023979112074,2.6253874438492537,1.7370363707149252,2.6253874438492537
short_stream,gate_r2_active_bonus3,active_bonus,gate_r2,,816,8881674,6000,32,32,39,39,153.84615384615384,40.55230143744948,9,187,0.9350341396548291,0.9410586721850347,0.0060245325302056285,11.135528725660043,0.07238093671679029,1.0729166666666665,0.0,0.0,-0.0,0.0,1.0,0.459279326771846,0.0,0.9591208085710174,0.040879191428982595,0.0,0.023018323214063493,0.9915512627747981,0.9306120068357755,1.787406539724544,2.807089937177006,1.8417028279124417,2.807089937177006
short_stream,gate_r2_active_bonus3,active_bonus,gate_r2,,816,8881675,6000,32,32,39,39,153.84615384615384,40.64577340220642,8,187,0.9347538684009882,0.9410586721850347,0.00630480378404652,11.426465007345998,0.07427202254774899,1.060796645702306,0.0,0.0,-0.0,0.0,1.0,0.459279326771846,0.0,0.9553282108875346,0.044671789112465395,0.0,0.02329893120384794,0.9917561022508583,0.9758970423624707,1.8960364741074451,2.9240454788498838,1.9319929984399333,2.9240454788498838
short_stream,gate_r2_active_bonus3,active_bonus,gate_r2,,816,8881676,6000,32,32,39,39,153.84615384615384,40.371695124906296,9,188,0.9355743249090582,0.9410586721850347,0.005484347275976464,10.636174365259585,0.06913513337418731,1.024742268041237,0.0,0.0,-0.0,0.0,1.0,0.459279326771846,0.0,0.9564768512741432,0.04352314872585685,0.0,0.02223840884755046,0.9915376852581058,0.9113167572940086,1.9549049011360542,2.977140463138984,1.9477873738563491,2.977140463138984
short_stream,gate_r2_active_bonus3,active_bonus,gate_r2,,816,8881677,6000,32,32,39,39,153.84615384615384,40.55609503122138,7,187,0.935022774038033,0.9410586721850347,0.006035898147001673,10.855696838349616,0.0705620294492725,1.0391752577319588,0.0,0.0,-0.0,0.0,1.0,0.459279326771846,0.0,0.9571070539354972,0.0428929460645028,0.0,0.022657083849451167,0.9920876612154893,0.9182158632800875,1.8518291442190151,3.188024279100862,1.9860230955333218,3.188024279100862
short_stream,gate_r2_active_bonus3,active_bonus,gate_r2,,816,8881678,6000,32,32,39,39,153.84615384615384,40.97875525980503,8,187,0.9337515710370182,0.9410586721850347,0.0073071011480164705,11.20439474217423,0.0728285658241325,1.0415800415800416,0.0,0.0,-0.0,0.0,1.0,0.459279326771846,0.0,0.9608543269524394,0.03914567304756055,0.0,0.022340253740317964,0.9913818287855348,0.8782520757048711,1.5897018376631236,2.8441954476908036,1.7707164536862663,2.8441954476908036
short_stream,gate_r2_active_bonus3,active_bonus,gate_r2,,816,8881679,6000,32,32,39,39,153.84615384615384,40.69998958075748,7,187,0.9345910852471682,0.9410586721850347,0.006467586937866532,10.660254482939216,0.0692916541391049,1.0788912579957355,0.0,0.0,-0.0,0.0,1.0,0.459279326771846,0.0,0.9607167281281268,0.03928327187187324,0.0,0.022966047300751635,0.9919076258314407,0.8953347083077827,1.7116742827755766,2.9740941939934027,1.8603677283589206,2.9740941939934027
short_stream,gate_r2_active_bonus3,active_bonus,gate_r2,,816,8881680,6000,32,32,39,39,153.84615384615384,40.483322594421814,9,187,0.9352406631417446,0.9410586721850347,0.005818009043290107,10.956791594772717,0.07121914536602267,1.0576131687242798,0.0,0.0,-0.0,0.0,1.0,0.459279326771846,0.0,0.9576293833645461,0.0423706166354539,0.0,0.022446117914002056,0.9926625939321048,0.9077990550844354,1.6857692341768378,2.6081313574732525,1.7338998822448417,2.6081313574732525
short_stream,gate_r2_active_bonus3,active_bonus,gate_r2,,816,8881681,6000,32,32,39,39,153.84615384615384,40.50928254593739,8,188,0.9351629692920536,0.9410586721850347,0.005895702892981136,10.732170664850946,0.06975910932153115,1.0454545454545454,0.0,0.0,-0.0,0.0,1.0,0.459279326771846,0.0,0.9567018028596255,0.043298197140374486,0.0,0.022299902396978415,0.9918029188083531,0.9471872345473864,1.6995585942937996,2.7556972788639738,1.8008143692350533,2.7556972788639738
short_stream,gate_r2_active_bonus3,active_bonus,gate_r2,,816,8881682,6000,32,32,39,39,153.84615384615384,40.607905294247665,9,188,0.9348674716291094,0.9410586721850347,0.006191200555925258,11.284207253207171,0.07334734714584662,1.0285714285714285,0.0,0.0,-0.0,0.0,1.0,0.459279326771846,0.0,0.9525408640375125,0.04745913596248753,0.0,0.02294002829556755,0.9912431548008114,0.9745365955156142,2.0171821434471355,3.4290575162325556,2.140258751731768,3.4290575162325556
short_stream,gate_r2_active_bonus3,active_bonus,gate_r2,,816,8881683,6000,32,32,39,39,153.84615384615384,40.82202677259527,9,188,0.9342240848574421,0.9410586721850347,0.006834587327592567,11.061599086884968,0.0719003940647523,1.0101626016260161,0.0,0.0,-0.0,0.0,1.0,0.459279326771846,0.0,0.9588773551018139,0.0411226448981861,0.0,0.02231024068826758,0.9908454694288276,0.9524526301559397,1.9173854652270677,2.916172758627487,1.9286702846701649,2.916172758627487
short_stream,gate_r2_active_bonus3,active_bonus,gate_r2,,816,8881684,6000,32,32,39,39,153.84615384615384,40.559256088319344,8,187,0.935013302901767,0.9410586721850347,0.00604536928326771,10.772710060670994,0.07002261539436146,1.0357894736842104,0.0,0.0,-0.0,0.0,1.0,0.459279326771846,0.0,0.9557916449021729,0.04420835509782705,0.0,0.022033400205382102,0.9918967509303718,0.9686977470425617,1.6361311391111726,2.636343839723044,1.7470575752922592,2.636343839723044
short_stream,gate_r2_active_bonus3,active_bonus,gate_r2,,816,8881685,6000,32,32,39,39,153.84615384615384,40.336112509593534,8,188,0.9356805399500503,0.9410586721850347,0.005378132234984401,10.83678446015687,0.07043909899101966,1.0938166311300639,0.0,0.0,-0.0,0.0,1.0,0.459279326771846,0.0,0.9578443410582684,0.04215565894173157,0.0,0.023473643160524967,0.9913150062855058,0.964898710482714,1.8471206398096536,3.1251239338855026,1.9790477613926234,3.1251239338855026
short_stream,gate_r2_active_bonus3,active_bonus,gate_r2,,816,8881686,6000,32,32,39,39,153.84615384615384,40.449739919634524,9,188,0.9353411157871239,0.9410586721850347,0.005717556397910828,11.238669507895153,0.0730513518013185,1.0494845360824743,0.0,0.0,-0.0,0.0,1.0,0.459279326771846,0.0,0.9566214468012711,0.04337855319872885,0.0,0.023074204543405228,0.9905832901684551,0.8593040694035624,2.138201379974694,3.8644795865969024,2.287328345325053,3.8644795865969024
short_stream,gate_r2_active_bonus3,active_bonus,gate_r2,,816,8881687,6000,32,32,39,39,153.84615384615384,40.42754738753271,9,187,0.9354074642709427,0.9410586721850347,0.005651207914092016,10.556320260199453,0.06861608169129645,1.024340770791075,0.0,0.0,-0.0,0.0,1.0,0.459279326771846,0.0,0.9593864112210304,0.04061358877896955,0.0,0.02226330088496728,0.9910089865895465,0.8929169227652327,1.9143895764175913,3.146354662857333,1.9845537206800525,3.146354662857333
short_stream,gate_r2_active_bonus3,active_bonus,gate_r2,,816,8881688,6000,32,32,39,39,153.84615384615384,40.53016506355353,8,187,0.9351004445935064,0.9410586721850347,0.005958227591528309,10.208091310579476,0.0663525935187666,1.0327868852459017,0.0,0.0,-0.0,0.0,1.0,0.459279326771846,0.0,0.9579946033273896,0.04200539667261034,0.0,0.021667621060033986,0.9921376529019212,0.9380055930495603,1.8474532400701966,2.9531109008207643,1.9128565779801736,2.9531109008207643
short_stream,gate_r2_active_bonus3,active_bonus,gate_r2,,816,8881689,6000,32,32,39,39,153.84615384615384,40.661541371983944,9,188,0.9347065418708805,0.9410586721850347,0.0063521303141541585,10.869859527788119,0.07065408693062278,1.0548523206751055,0.0,0.0,-0.0,0.0,1.0,0.459279326771846,0.0,0.955565210267531,0.04443478973246898,0.0,0.021892223234145934,0.9918395638132809,0.9175392069611684,1.691000150182456,2.641742524966171,1.750093960703265,2.641742524966171
short_stream,gate_r2_active_bonus3,active_bonus,gate_r2,,816,8881690,6000,32,32,39,39,153.84615384615384,40.51371307033659,8,187,0.9351497057785239,0.9410586721850347,0.0059089664065108405,10.779848245922954,0.07006901359849921,1.0464135021097047,0.0,0.0,-0.0,0.0,1.0,0.459279326771846,0.0,0.9572976567155176,0.042702343284482414,0.0,0.022599910435213415,0.9920466833185727,0.9480576661881807,1.7093367862584636,2.830098468449001,1.8291643069652153,2.830098468449001
short_stream,gate_r2_active_bonus3,active_bonus,gate_r2,,816,8881691,6000,32,32,39,39,153.84615384615384,40.448472102954774,9,187,0.9353449068755022,0.9410586721850347,0.0057137653095324925,10.35770492348818,0.06732508200267318,1.018181818181818,0.0,0.0,-0.0,0.0,1.0,0.459279326771846,0.0,0.958844332243974,0.041155667756025964,0.0,0.02146877844521139,0.9916823151553579,0.9074667927126209,1.68923310037228,2.538291690929191,1.7116638613380306,2.538291690929191
short_stream,gate_r2_active_bonus3,active_bonus,gate_r2,,816,8881692,6000,32,32,39,39,153.84615384615384,41.046276861384875,8,187,0.93354759287865,0.9410586721850347,0.007511079306384727,10.994170949725808,0.07146211117321775,1.061965811965812,0.0,0.0,-0.0,0.0,1.0,0.459279326771846,0.0,0.9595161452192877,0.040483854780712224,0.0,0.021992536913287463,0.9924017677731005,0.90220292947842,1.6497415257803065,2.9923917498567834,1.8481120683718366,2.9923917498567834
base_stream,ercb_beta_0,softmax,token,0.0,816,9876619,12000,32,32,46,46,260.8695652173913,91.54010969197962,11,331,0.8903661492287303,0.922030276861873,0.03166412763314275,27.099655059572736,0.10388201106169549,0.9960063897763578,0.0,0.0,-0.0,0.0,1.0,0.12222473716038361,0.0,1.0,0.0,0.0,0.021061384520930572,0.9887397020740059,1.0132653320395446,0.9638341607026157,0.8972006259154669,0.9581000395525424,1.0132653320395446
base_stream,ercb_beta_0,softmax,token,0.0,816,9876620,12000,32,32,46,46,260.8695652173913,90.04892599983638,15,322,0.8935317238510423,0.922030276861873,0.028498553010830707,23.531662296463093,0.09020470546977519,0.996,0.0,0.0,-0.0,0.0,1.0,0.12222473716038361,0.0,1.0,0.0,0.0,0.020334278753377354,0.9891199590541306,0.9642572619412688,0.9168383744531037,0.9179173607968901,0.9330043323970876,0.9642572619412688
base_stream,ercb_beta_0,softmax,token,0.0,816,9876621,12000,32,32,46,46,260.8695652173913,91.17222324324067,11,323,0.8911498570966941,0.922030276861873,0.030880419765178857,25.266406637031434,0.09685455877528716,0.9819182389937107,0.0,0.0,-0.0,0.0,1.0,0.12222473716038361,0.0,1.0,0.0,0.0,0.020592502227936783,0.9885810281494898,0.995243524207522,0.9398989086272789,1.0003134593091059,0.9784852973813022,1.0003134593091059
base_stream,ercb_beta_0,softmax,token,0.0,816,9876622,12000,32,32,46,46,260.8695652173913,92.67676616481332,12,325,0.8879336038768365,0.922030276861873,0.03409667298503649,26.867630435477395,0.10299258333599667,1.0008012820512822,0.0,0.0,-0.0,0.0,1.0,0.12222473716038361,0.0,1.0,0.0,0.0,0.02189771952450827,0.9888783754891156,0.9842665115940945,1.0799799474846186,1.108714180003414,1.057653546360709,1.108714180003414
base_stream,ercb_beta_0,softmax,token,0.0,816,9876623,12000,32,32,46,46,260.8695652173913,90.30133339466502,12,322,0.8929979805098726,0.922030276861873,0.029032296352000442,23.81906434113138,0.09130641330767028,1.0024193548387097,0.0,0.0,-0.0,0.0,1.0,0.12222473716038361,0.0,1.0,0.0,0.0,0.021603656856420468,0.9890494257903581,1.0277086441010888,1.0257632571284276,1.1058041480078284,1.0530920164124484,1.1058041480078284
base_stream,ercb_beta_0,softmax,token,0.0,816,9876624,12000,32,32,46,46,260.8695652173913,91.02164307738362,12,326,0.8914701241245856,0.922030276861873,0.030560152737287405,26.068471711845795,0.09992914156207555,0.9968051118210862,0.0,0.0,-0.0,0.0,1.0,0.12222473716038361,0.0,1.0,0.0,0.0,0.02085919139453994,0.988978607729452,1.0235367789457535,0.9421862892810263,0.8363696581855595,0.9340309088041131,1.0235367789457535
base_stream,ercb_beta_0,softmax,token,0.0,816,9876625,12000,32,32,46,46,260.8695652173913,92.64978676050737,13,323,0.8879915350726933,0.922030276861873,0.03403874178917965,27.620880570290673,0.10588004218611424,0.988985051140834,0.0,0.0,-0.0,0.0,1.0,0.12222473716038361,0.0,1.0,0.0,0.0,0.021662230410644343,0.9892641823492544,1.0193128300912042,1.0350754748920594,1.0394401072424309,1.0312761374085648,1.0394401072424309
base_stream,ercb_beta_0,softmax,token,0.0,816,9876626,12000,32,32,46,46,260.8695652173913,91.6452538432017,15,327,0.8901418349527197,0.922030276861873,0.0318884419091533,27.218919251458004,0.10433919046392234,0.9920127795527156,0.0,0.0,-0.0,0.0,1.0,0.12222473716038361,0.0,1.0,0.0,0.0,0.021756551616054002,0.9887438542578325,0.9983598043097486,1.073027771243914,1.0257652116142446,1.0323842623893025,1.073027771243914
base_stream,ercb_beta_0,softmax,token,0.0,816,9876627,12000,32,32,46,46,260.8695652173913,90.8566976535391,15,329,0.8918206004761876,0.922030276861873,0.03020967638568539,25.89191581068937,0.09925234394097592,1.0144810941271118,0.0,0.0,-0.0,0.0,1.0,0.12222473716038361,0.0,1.0,0.0,0.0,0.02106606153247572,0.988826952523283,1.0334609194399036,0.9882115179162685,0.9580971381071824,0.9932565251544516,1.0334609194399036
base_stream,ercb_beta_0,softmax,token,0.0,816,9876628,12000,32,32,46,46,260.8695652173913,91.16864656888501,13,322,0.8911574677473403,0.922030276861873,0.030872809114532718,25.42508176208477,0.09746281342132494,1.0160642570281124,0.0,0.0,-0.0,0.0,1.0,0.12222473716038361,0.0,1.0,0.0,0.0,0.021869332599039018,0.9887049233531913,0.9753294038233621,1.0646555634670924,1.048100842474209,1.0293619365882212,1.0646555634670924
base_stream,ercb_beta_0,softmax,token,0.0,816,9876629,12000,32,32,46,46,260.8695652173913,90.53094803427653,10,328,0.8925116930188182,0.922030276861873,0.029518583843054835,24.643545764075572,0.09446692542895636,1.007177033492823,0.0,0.0,-0.0,0.0,1.0,0.12222473716038361,0.0,1.0,0.0,0.0,0.020644792304785754,0.988759643842006,1.0482236679052728,0.9734825169955178,0.9421284020432491,0.9879448623146799,1.0482236679052728
base_stream,ercb_beta_0,softmax,token,0.0,816,9876630,12000,32,32,46,46,260.8695652173913,92.12694660692556,12,326,0.8891123524601405,0.922030276861873,0.03291792440173247,27.10927965620372,0.10391890534878093,0.9896743447180302,0.0,0.0,-0.0,0.0,1.0,0.12222473716038361,0.0,1.0,0.0,0.0,0.021212986924260817,0.9890781525414559,0.9705643799034791,0.9724867053450263,0.9858966225554161,0.9763159026013072,0.9858966225554161
base_stream,ercb_beta_0,softmax,token,0.0,816,9876631,12000,32,32,46,46,260.8695652173913,92.44213435527541,15,325,0.8884371021698966,0.922030276861873,0.033593174691976424,26.68577214139791,0.10229545987535865,1.0015910898965792,0.0,0.0,-0.0,0.0,1.0,0.12222473716038361,0.0,1.0,0.0,0.0,0.0205922070563516,0.9887161138494681,1.0260566951669843,0.9251369501276759,0.9008581500880788,0.9506839317942464,1.0260566951669843
base_stream,ercb_beta_0,softmax,token,0.0,816,9876632,12000,32,32,46,46,260.8695652173913,90.77291510798949,16,329,0.8919984837016887,0.922030276861873,0.03003179316018434,25.239720249259292,0.09675226095549395,0.9920318725099602,0.0,0.0,-0.0,0.0,1.0,0.12222473716038361,0.0,1.0,0.0,0.0,0.021793677329435317,0.9884097979455451,1.001797054352008,0.9811181231886168,0.9602895401511073,0.9810682392305775,1.001797054352008
base_stream,ercb_beta_0,softmax,token,0.0,816,9876633,12000,32,32,46,46,260.8695652173913,91.9561825463988,11,323,0.8894776572107286,0.922030276861873,0.03255261965114442,26.142585614447086,0.1002132448553805,1.0203915171288744,0.0,0.0,-0.0,0.0,1.0,0.12222473716038361,0.0,1.0,0.0,0.0,0.021239938448395057,0.9882334756375126,0.9941461874297568,0.9910838090885734,1.0030470787111732,0.9960923584098346,1.0030470787111732
base_stream,ercb_beta_0,softmax,token,0.0,816,9876634,12000,32,32,46,46,260.8695652173913,91.68723032221439,12,325,0.8900522421108241,0.922030276861873,0.03197803475104888,26.294320762244954,0.10079489625527233,1.0113821138211383,0.0,0.0,-0.0,0.0,1.0,0.12222473716038361,0.0,1.0,0.0,0.0,0.021384954953664877,0.9884487164903479,0.9925376278973227,0.9910782746929147,0.9423204979529718,0.9753121335144032,0.9925376278973227
base_stream,ercb_beta_0,softmax,token,0.0,816,9876635,12000,32,32,46,46,260.8695652173913,92.01384789344911,14,328,0.8893543396193228,0.922030276861873,0.032675937242550246,26.40652093377859,0.10122499691281793,0.9827450980392157,0.0,0.0,-0.0,0.0,1.0,0.12222473716038361,0.0,1.0,0.0,0.0,0.021928974006875497,0.9885690791236389,0.9392039078178788,1.034387710743681,1.064808880222318,1.0128001662612924,1.064808880222318
base_stream,ercb_beta_0,softmax,token,0.0,816,9876636,12000,32,32,46,46,260.8695652173913,91.41843803552128,13,323,0.8906255427249401,0.922030276861873,0.0314047341369329,26.15838048437283,0.10027379185676251,1.011290322580645,0.0,0.0,-0.0,0.0,1.0,0.12222473716038361,0.0,1.0,0.0,0.0,0.021766519584359535,0.9884877631203628,1.0086901925303937,1.0905447732309206,1.0807520408194817,1.0599956688602654,1.0905447732309206
base_stream,ercb_beta_0,softmax,token,0.0,816,9876637,12000,32,32,46,46,260.8695652173913,91.06820394284814,11,325,0.8913711263796382,0.922030276861873,0.030659150482234776,26.431206851980367,0.10131962626592474,0.984920634920635,0.0,0.0,-0.0,0.0,1.0,0.12222473716038361,0.0,1.0,0.0,0.0,0.02161154935681773,0.9890010456650697,0.9955764680293505,1.0296005509202717,1.037675042892457,1.020950687280693,1.037675042892457
base_stream,ercb_beta_0,softmax,token,0.0,816,9876638,12000,32,32,46,46,260.8695652173913,90.55519784271195,12,324,0.8924602946274213,0.922030276861873,0.02956998223445173,24.78077796441708,0.09499298219693214,0.9742990654205608,0.0,0.0,-0.0,0.0,1.0,0.12222473716038361,0.0,1.0,0.0,0.0,0.021660161149173695,0.9886171244326452,0.9721775827720939,1.0251542525103503,1.080306826834328,1.025879554038924,1.080306826834328
base_stream,ercb_beta_0,softmax,token,0.0,816,9876639,12000,32,32,46,46,260.8695652173913,91.90344855516959,13,326,0.889590391316728,0.922030276861873,0.032439885545144986,26.697174577748534,0.10233916921470271,0.9968127490039841,0.0,0.0,-0.0,0.0,1.0,0.12222473716038361,0.0,1.0,0.0,0.0,0.021204357508912145,0.988740246948594,1.0076198320296774,0.9767792273455106,0.9644347323344494,0.9829445972365458,1.0076198320296774
base_stream,ercb_beta_0,softmax,token,0.0,816,9876640,12000,32,32,46,46,260.8695652173913,90.98724437491994,14,327,0.8915432442679155,0.922030276861873,0.030487032593957464,25.397706161401064,0.09735787361870407,1.0031847133757963,0.0,0.0,-0.0,0.0,1.0,0.12222473716038361,0.0,1.0,0.0,0.0,0.020940021999975623,0.9888164581775909,0.9868521274792541,0.9733693583861732,0.8866905886996926,0.9489706915217067,0.9868521274792541
base_stream,ercb_beta_0,softmax,token,0.0,816,9876641,12000,32,32,46,46,260.8695652173913,90.81768854130168,11,321,0.8919034344079597,0.922030276861873,0.030126842453913283,23.906520849559744,0.09164166325664569,1.0064777327935224,0.0,0.0,-0.0,0.0,1.0,0.12222473716038361,0.0,1.0,0.0,0.0,0.02150514737599708,0.9890826181491245,1.008141844040568,0.9907759428393295,0.9876437787375882,0.9955205218724953,1.008141844040568
base_stream,ercb_beta_0,softmax,token,0.0,816,9876642,12000,32,32,46,46,260.8695652173913,91.72634363803165,11,322,0.889968739600808,0.922030276861873,0.032061537261064976,26.4887178608751,0.10154008513335454,1.0224719101123596,0.0,0.0,-0.0,0.0,1.0,0.12222473716038361,0.0,1.0,0.0,0.0,0.021454236114907307,0.9886608466877227,1.0060974725865932,1.0027420668590319,1.053510642852612,1.0207833940994124,1.053510642852612
base_stream,ercb_beta_0,softmax,token,0.0,816,9876643,12000,32,32,46,46,260.8695652173913,91.58545752599453,12,330,0.8902694219878792,0.922030276861873,0.03176085487399383,25.817082312500666,0.09896548219791922,0.9794466403162055,0.0,0.0,-0.0,0.0,1.0,0.12222473716038361,0.0,1.0,0.0,0.0,0.020951822028275554,0.9883534697022391,1.0665550113628484,0.9702878160405565,0.9961578295654399,1.011000218989615,1.0665550113628484
base_stream,ercb_beta_0,softmax,token,0.0,816,9876644,12000,32,32,46,46,260.8695652173913,91.40369336454917,14,325,0.8906569639156764,0.922030276861873,0.03137331294619661,26.43202931885941,0.10132277905562774,0.9741379310344828,0.0,0.0,-0.0,0.0,1.0,0.12222473716038361,0.0,1.0,0.0,0.0,0.020817811446177198,0.9887129712400652,1.0131400799788606,0.9420924955375868,0.9288261246255275,0.961352900047325,1.0131400799788606
base_stream,ercb_beta_0,softmax,token,0.0,816,9876645,12000,32,32,46,46,260.8695652173913,90.79877625483826,12,329,0.891943586451149,0.922030276861873,0.030086690410723982,25.97155634786708,0.0995576326668238,1.0289621882542237,0.0,0.0,-0.0,0.0,1.0,0.12222473716038361,0.0,1.0,0.0,0.0,0.02147626023934325,0.989065101447497,0.9841358573469249,1.0053878983574873,1.0152711845485873,1.0015983134176665,1.0152711845485873
base_stream,ercb_beta_0,softmax,token,0.0,816,9876646,12000,32,32,46,46,260.8695652173913,92.02471518107943,11,327,0.8893310950516581,0.922030276861873,0.03269918181021492,27.161353619339053,0.10411852220746637,1.0218446601941749,0.0,0.0,-0.0,0.0,1.0,0.12222473716038361,0.0,1.0,0.0,0.0,0.021064204298080532,0.9886147954975395,1.0105722724507784,0.9694647356777498,0.9231082274024459,0.9677150785103247,1.0105722724507784
base_stream,ercb_beta_0,softmax,token,0.0,816,9876647,12000,32,32,46,46,260.8695652173913,91.50899425873801,13,327,0.8904325031014877,0.922030276861873,0.031597773760385306,26.333975409526857,0.10094690573651961,1.0007974481658692,0.0,0.0,-0.0,0.0,1.0,0.12222473716038361,0.0,1.0,0.0,0.0,0.020865265753304385,0.9891303536309664,1.0562197468941874,0.9864528513322197,0.9304142865274122,0.9910289615846065,1.0562197468941874
base_stream,ercb_beta_0,softmax,token,0.0,816,9876648,12000,32,32,46,46,260.8695652173913,90.97075705379943,14,328,0.8915782852542313,0.922030276861873,0.03045199160764167,25.769884681964317,0.09878455794752988,0.988950276243094,0.0,0.0,-0.0,0.0,1.0,0.12222473716038361,0.0,1.0,0.0,0.0,0.021329869372865684,0.9884239423853606,0.9584955897974261,1.004379103609662,1.0960999536343838,1.0196582156804908,1.0960999536343838
base_stream,ercb_beta_0,softmax,token,0.0,816,9876649,12000,32,32,46,46,260.8695652173913,91.39917436018779,12,323,0.8906665934340801,0.922030276861873,0.03136368342779294,25.39599420655018,0.09735131112510903,1.0225624496373893,0.0,0.0,-0.0,0.0,1.0,0.12222473716038361,0.0,1.0,0.0,0.0,0.021382081628752,0.9884915430980382,0.9948787237179543,1.0066016937554143,0.9960589764214506,0.9991797979649397,1.0066016937554143
base_stream,ercb_beta_0,softmax,token,0.0,816,9876650,12000,32,32,46,46,260.8695652173913,91.20035485620612,14,329,0.8910899911782091,0.922030276861873,0.030940285683663915,26.370273118567166,0.10108604695450747,0.9943955164131305,0.0,0.0,-0.0,0.0,1.0,0.12222473716038361,0.0,1.0,0.0,0.0,0.0212954535056259,0.9884957718190306,0.9955672993430341,1.0332339200914327,1.022309199107498,1.017036806180655,1.0332339200914327
base_stream,ercb_beta_0p006,softmax,token,0.006,816,9877628,12000,32,32,46,46,260.8695652173913,78.80427286353256,17,312,0.9163767988667474,0.922030276861873,0.005653477995125611,10.838738896641306,0.04154849910379167,1.0173410404624277,0.0,0.0,-0.0,0.0,1.0,0.12222473716038361,0.0,0.9878867102261871,0.0121132897738129,0.0,0.025288302249497862,0.9875301961294587,0.9922274646330524,1.3438668352846108,1.460532841191452,1.2655423803697052,1.460532841191452
base_stream,ercb_beta_0p006,softmax,token,0.006,816,9877629,12000,32,32,46,46,260.8695652173913,78.82220187552879,18,315,0.9163419273903384,0.922030276861873,0.005688349471534626,12.523022277250877,0.04800491872946169,1.0115511551155116,0.0,0.0,-0.0,0.0,1.0,0.12222473716038361,0.0,0.9887899815937601,0.011210018406239865,0.0,0.02566903056405232,0.9875509123835495,0.9861732770375272,1.2781911640618526,1.4437339851553115,1.2360328087515637,1.4437339851553115
base_stream,ercb_beta_0p006,softmax,token,0.006,816,9877630,12000,32,32,46,46,260.8695652173913,79.38968520659513,18,322,0.9152354672048251,0.922030276861873,0.006794809657047929,13.351436985029641,0.051180508442613626,0.9829268292682927,0.0,0.0,-0.0,0.0,1.0,0.12222473716038361,0.0,0.9878848556030161,0.012115144396983876,0.0,0.024662255876689135,0.9881465473343266,0.9878555381165439,1.242474516191895,1.3569619948029799,1.1957640163704728,1.3569619948029799
base_stream,ercb_beta_0p006,softmax,token,0.006,816,9877631,12000,32,32,46,46,260.8695652173913,78.60761349774566,18,316,0.9167589494899943,0.922030276861873,0.005271327371878742,10.004346881318096,0.038349996378386035,0.9991652754590985,0.0,0.0,-0.0,0.0,1.0,0.12222473716038361,0.0,0.9889517199680904,0.011048280031909594,0.0,0.02513599956174242,0.9876042601652998,0.9524993646774214,1.3026850557590577,1.3765452909444043,1.2105765704602944,1.3765452909444043
base_stream,ercb_beta_0p006,softmax,token,0.006,816,9877632,12000,32,32,46,46,260.8695652173913,78.82468403269652,18,316,0.9163370992412423,0.922030276861873,0.005693177620630707,12.110003051735514,0.04642167836498614,1.0016433853738702,0.0,0.0,-0.0,0.0,1.0,0.12222473716038361,0.0,0.9879663105041155,0.012033689495884407,0.0,0.02491730481889245,0.9875263004264089,1.0251026945967314,1.2978326066523578,1.4855149779616874,1.2694834264035921,1.4855149779616874
base_stream,ercb_beta_0p006,softmax,token,0.006,816,9877633,12000,32,32,46,46,260.8695652173913,78.82137447243615,17,311,0.9163435367846767,0.922030276861873,0.005686740077196273,11.420804814403215,0.04377975178854566,1.0116472545757071,0.0,0.0,-0.0,0.0,1.0,0.12222473716038361,0.0,0.9877222910449597,0.0122777089550403,0.0,0.02522086099352247,0.9877911178055738,0.9845660741804484,1.3288858241218702,1.3855147855408028,1.2329888946143737,1.3855147855408028
base_stream,ercb_beta_0p006,softmax,token,0.006,816,9877634,12000,32,32,46,46,260.8695652173913,79.29515822042522,18,314,0.9154201377936162,0.922030276861873,0.006610139068256804,12.514339601120545,0.047971635137628754,0.9942481511914544,0.0,0.0,-0.0,0.0,1.0,0.12222473716038361,0.0,0.9892826608429073,0.010717339157092698,0.0,0.02491124141137445,0.9881485628455902,0.9977609675940193,1.32290017914451,1.416194602718519,1.2456185831523494,1.416194602718519
base_stream,ercb_beta_0p006,softmax,token,0.006,816,9877635,12000,32,32,46,46,260.8695652173913,78.62033388259658,18,313,0.9167342503527899,0.922030276861873,0.005296026509083118,11.861519808772949,0.04546915926696297,0.9925311203319502,0.0,0.0,-0.0,0.0,1.0,0.12222473716038361,0.0,0.9883372849023183,0.011662715097681646,0.0,0.024544502768094324,0.9882621186171792,1.025263872146957,1.2512811803926231,1.3688156825283249,1.215120245022635,1.3688156825283249
base_stream,ercb_beta_0p006,softmax,token,0.006,816,9877636,12000,32,32,46,46,260.8695652173913,79.23948529770841,18,313,0.9155288338685447,0.922030276861873,0.006501442993328332,13.414787428026225,0.05142335180743386,1.0240464344941957,0.0,0.0,-0.0,0.0,1.0,0.12222473716038361,0.0,0.9894684954481945,0.010531504551805532,0.0,0.024996247288313303,0.9877249913671576,0.9946121408803262,1.3033178714456408,1.4322391496386475,1.2433897206548714,1.4322391496386475
base_stream,ercb_beta_0p006,softmax,token,0.006,816,9877637,12000,32,32,46,46,260.8695652173913,78.84536563692035,18,315,0.9162968666439611,0.922030276861873,0.00573341021791185,11.367382781640979,0.04357496732962375,1.0091590341382182,0.0,0.0,-0.0,0.0,1.0,0.12222473716038361,0.0,0.989426560835697,0.010573439164303004,0.0,0.02553003645989432,0.9882016363917081,0.9981920193964334,1.347920328673348,1.522533739003917,1.2895486956912328,1.522533739003917
base_stream,ercb_beta_0p006,softmax,token,0.006,816,9877638,12000,32,32,46,46,260.8695652173913,79.19585208056976,18,313,0.9156139882316643,0.922030276861873,0.006416288630208711,11.674945302916283,0.04475395699451242,0.9959016393442623,0.0,0.0,-0.0,0.0,1.0,0.12222473716038361,0.0,0.9886247359011499,0.011375264098850183,0.0,0.02492227570025777,0.9887108541616061,0.993477884818307,1.2365688526106444,1.3213722408900792,1.1838063261063436,1.3213722408900792
base_stream,ercb_beta_0p006,softmax,token,0.006,816,9877639,12000,32,32,46,46,260.8695652173913,78.87899612853694,18,312,0.9162314291660337,0.922030276861873,0.005798847695839271,11.650713730702622,0.044661069301026715,1.0008278145695364,0.0,0.0,-0.0,0.0,1.0,0.12222473716038361,0.0,0.9891992953444261,0.01080070465557391,0.0,0.02474506596821287,0.9882878986590046,1.0004977459238416,1.2157539677620812,1.337654903458355,1.1846355390480925,1.337654903458355
base_stream,ercb_beta_0p006,softmax,token,0.006,816,9877640,12000,32,32,46,46,260.8695652173913,78.68003688457951,18,314,0.9166182895902716,0.922030276861873,0.005411987271601415,11.528791934901976,0.04419370241712424,1.0258980785296574,0.0,0.0,-0.0,0.0,1.0,0.12222473716038361,0.0,0.988892067089718,0.011107932910281997,0.0,0.025148626512754357,0.9888909245342801,0.9571067651621931,1.2581612793476644,1.3099828501888593,1.175083631566239,1.3099828501888593
base_stream,ercb_beta_0p006,softmax,token,0.006,816,9877641,12000,32,32,46,46,260.8695652173913,78.76923055622456,18,312,0.9164449400261885,0.922030276861873,0.005585336835684518,10.93657604793081,0.041923541517068105,1.0090834021469859,0.0,0.0,-0.0,0.0,1.0,0.12222473716038361,0.0,0.9891678783896382,0.010832121610361818,0.0,0.025648278930417552,0.9877139771769045,1.000101799915153,1.3363982601954272,1.5597892931677226,1.2987631177594343,1.5597892931677226
base_stream,ercb_beta_0p006,softmax,token,0.006,816,9877642,12000,32,32,46,46,260.8695652173913,79.1439548889436,17,317,0.9157152300637856,0.922030276861873,0.006315046798087365,11.765831148231547,0.045102352734887594,0.9966832504145937,0.0,0.0,-0.0,0.0,1.0,0.12222473716038361,0.0,0.9891377404525288,0.010862259547471165,0.0,0.024861526587338208,0.9885816441253202,0.9966306488416752,1.3143951803576488,1.3819537626567728,1.2309931972853656,1.3819537626567728
base_stream,ercb_beta_0p006,softmax,token,0.006,816,9877643,12000,32,32,46,46,260.8695652173913,78.68887792125781,18,314,0.916601112713013,0.922030276861873,0.005429164148859966,11.057163721552529,0.04238579426595136,0.9958540630182421,0.0,0.0,-0.0,0.0,1.0,0.12222473716038361,0.0,0.9875243867041298,0.01247561329587026,0.0,0.0255153044935272,0.9882497654721442,0.9221877854186503,1.3315376335571554,1.4916835303635867,1.2484696497797974,1.4916835303635867
base_stream,ercb_beta_0p006,softmax,token,0.006,816,9877644,12000,32,32,46,46,260.8695652173913,78.9608072003067,18,316,0.9160721655187689,0.922030276861873,0.005958111343104089,13.45362404707371,0.05157222551378255,0.998324958123953,0.0,0.0,-0.0,0.0,1.0,0.12222473716038361,0.0,0.9883049453248192,0.011695054675180797,0.0,0.025500740304091538,0.9882300747489946,0.9152292285944751,1.3248142231320563,1.3349506186572206,1.1916646901279173,1.3349506186572206
base_stream,ercb_beta_0p006,softmax,token,0.006,816,9877645,12000,32,32,46,46,260.8695652173913,79.01612622850344,18,311,0.9159644124417787,0.922030276861873,0.006065864420094269,12.047009370902336,0.04618020258845895,1.011676396997498,0.0,0.0,-0.0,0.0,1.0,0.12222473716038361,0.0,0.9886844072423256,0.011315592757674369,0.0,0.0255515405290596,0.9889230307814539,1.0182598752355199,1.28252927308781,1.4538504892399482,1.251546545854426,1.4538504892399482
base_stream,ercb_beta_0p006,softmax,token,0.006,816,9877646,12000,32,32,46,46,260.8695652173913,78.72561284107142,18,315,0.9165297282145657,0.922030276861873,0.005500548647307313,11.300250093423289,0.043317625358122606,0.9908864954432477,0.0,0.0,-0.0,0.0,1.0,0.12222473716038361,0.0,0.9884962457666177,0.01150375423338234,0.0,0.02553652785688753,0.9878223497978001,0.9884247589917601,1.3778372450890006,1.5348377932717985,1.3003665991175197,1.5348377932717985
base_stream,ercb_beta_0p006,softmax,token,0.006,816,9877647,12000,32,32,46,46,260.8695652173913,79.0417084988657,18,315,0.9159145651176583,0.922030276861873,0.006115711744214658,12.075847256259982,0.04629074781566326,1.0016420361247949,0.0,0.0,-0.0,0.0,1.0,0.12222473716038361,0.0,0.9886784295618305,0.01132157043816954,0.0,0.024041714681111187,0.9887738771788274,0.9996587158844352,1.1695808329952948,1.2237219917732736,1.1309871802176679,1.2237219917732736
base_stream,ercb_beta_0p006,softmax,token,0.006,816,9877648,12000,32,32,46,46,260.8695652173913,79.10796384239215,18,320,0.9157854161121607,0.922030276861873,0.006244860749712311,12.958126541991357,0.049672818410966865,1.0210084033613445,0.0,0.0,-0.0,0.0,1.0,0.12222473716038361,0.0,0.98780557324078,0.012194426759219959,0.0,0.02484514035921715,0.9881923848695272,1.0137435226209992,1.2383451271490387,1.3834052090711078,1.211831286280382,1.3834052090711078
base_stream,ercb_beta_0p006,softmax,token,0.006,816,9877649,12000,32,32,46,46,260.8695652173913,79.02355419241955,18,313,0.9159499400790638,0.922030276861873,0.00608033678280917,12.142272547126245,0.04654537809731727,1.0430379746835443,0.0,0.0,-0.0,0.0,1.0,0.12222473716038361,0.0,0.9883669380371802,0.011633061962819744,0.0,0.025426515133741143,0.9884809312286316,0.9748960837006537,1.2674397210777555,1.4039156523269969,1.2154171523684687,1.4039156523269969
base_stream,ercb_beta_0p006,softmax,token,0.006,816,9877650,12000,32,32,46,46,260.8695652173913,79.12884613789912,18,319,0.9157446961784219,0.922030276861873,0.006285580683451086,12.39565141140406,0.04751666374371556,0.9983498349834984,0.0,0.0,-0.0,0.0,1.0,0.12222473716038361,0.0,0.9891310097319849,0.010868990268015124,0.0,0.024566392950063288,0.9883598652104901,1.0231460810948283,1.2374098398119666,1.3552067080555597,1.2052542096541181,1.3552067080555597
base_stream,ercb_beta_0p006,softmax,token,0.006,816,9877651,12000,32,32,46,46,260.8695652173913,78.75929446756335,18,316,0.9164642574739124,0.922030276861873,0.005566019387960641,11.717693792981917,0.04491782620643068,1.0008305647840532,0.0,0.0,-0.0,0.0,1.0,0.12222473716038361,0.0,0.9880113886119395,0.011988611388060531,0.0,0.024566741668488268,0.9883042349161063,1.0054297578353477,1.2255345220947813,1.3128133237742325,1.1812592012347871,1.3128133237742325
base_stream,ercb_beta_0p006,softmax,token,0.006,816,9877652,12000,32,32,46,46,260.8695652173913,78.50522239500519,18,314,0.916957664879686,0.922030276861873,0.005072611982187003,11.03354568734741,0.04229525846816507,0.995850622406639,0.0,0.0,-0.0,0.0,1.0,0.12222473716038361,0.0,0.9884009359949887,0.011599064005011317,0.0,0.025157230370133603,0.9882301157355402,0.9793644714216122,1.297284513619172,1.4675831898072682,1.2480773916160175,1.4675831898072682
base_stream,ercb_beta_0p006,softmax,token,0.006,816,9877653,12000,32,32,46,46,260.8695652173913,78.67727385687748,18,313,0.916623657496441,0.922030276861873,0.005406619365431964,11.841342462083757,0.045391812771321066,0.9926470588235294,0.0,0.0,-0.0,0.0,1.0,0.12222473716038361,0.0,0.9871360767957174,0.012863923204282684,0.0,0.0249358405376067,0.987715973094063,0.9600291594297579,1.2795255824425151,1.3964198831441348,1.2119915416721359,1.3964198831441348
base_stream,ercb_beta_0p006,softmax,token,0.006,816,9877654,12000,32,32,46,46,260.8695652173913,78.68887792125783,18,318,0.916601112713013,0.922030276861873,0.005429164148859966,11.980055890121497,0.045923547578799066,0.9975165562913907,0.0,0.0,-0.0,0.0,1.0,0.12222473716038361,0.0,0.9876492167334784,0.012350783266521578,0.0,0.025457960928959817,0.9879587744525605,0.942014567844814,1.358755964953981,1.5401563780724319,1.280308970290409,1.5401563780724319
base_stream,ercb_beta_0p006,softmax,token,0.006,816,9877655,12000,32,32,46,46,260.8695652173913,78.92225362470505,16,318,0.9161472323930117,0.922030276861873,0.005883044468861343,11.721403685046688,0.044932047459345634,0.975767366720517,0.0,0.0,-0.0,0.0,1.0,0.12222473716038361,0.0,0.9884371901190028,0.011562809880997258,0.0,0.025808057452657143,0.9873627763691446,0.9703535438303154,1.380954936573584,1.5068466069335882,1.2860516957791626,1.5068466069335882
base_stream,ercb_beta_0p006,softmax,token,0.006,816,9877656,12000,32,32,46,46,260.8695652173913,78.98475601291467,18,314,0.9160255230155866,0.922030276861873,0.006004753846286404,12.765442481133602,0.04893419617767881,0.9942244224422442,0.0,0.0,-0.0,0.0,1.0,0.12222473716038361,0.0,0.9881003436208672,0.011899656379132822,0.0,0.024243152156215343,0.9882672019990165,0.9955422334684978,1.2454635489674049,1.3730071242442137,1.204670968893372,1.3730071242442137
base_stream,ercb_beta_0p006,softmax,token,0.006,816,9877657,12000,32,32,46,46,260.8695652173913,78.50466856670045,18,315,0.9169587392510149,0.922030276861873,0.005071537610858101,10.717722016239799,0.04108460106225256,0.9917491749174917,0.0,0.0,-0.0,0.0,1.0,0.12222473716038361,0.0,0.9877023937163537,0.012297606283646243,0.0,0.02606617243344415,0.9875554153401765,0.9808056523473491,1.3696926938999396,1.5354089656512961,1.2953024372995283,1.5354089656512961
base_stream,ercb_beta_0p006,softmax,token,0.006,816,9877658,12000,32,32,46,46,260.8695652173913,78.65046745090423,18,313,0.9166757294491678,0.922030276861873,0.005354547412705246,10.984178344921549,0.04210601698886594,0.999168744804655,0.0,0.0,-0.0,0.0,1.0,0.12222473716038361,0.0,0.9874058747146656,0.012594125285334407,0.0,0.025031697596005074,0.9880039923743443,0.9915106527267493,1.2841546659686933,1.3646249116823999,1.213430076792614,1.3646249116823999
base_stream,ercb_beta_0p006,softmax,token,0.006,816,9877659,12000,32,32,46,46,260.8695652173913,78.96493682411867,18,315,0.9160641233690019,0.922030276861873,0.005966153492871107,10.928622173389272,0.04189305166465887,0.9983471074380166,0.0,0.0,-0.0,0.0,1.0,0.12222473716038361,0.0,0.9876234557550476,0.012376544244952409,0.0,0.025146258059915026,0.9884227938947806,1.0142061782692589,1.3061161462864677,1.4704328974063419,1.263585073987356,1.4704328974063419
base_stream,ercb_beta_inf,least_count,token,inf,816,9878637,12000,32,32,46,46,260.8695652173913,75.86017133821369,18,298,0.922030276861873,0.922030276861873,0.0,0.0,0.0,1.0016835016835017,0.0,0.0,-0.0,0.0,1.0,0.12222473716038361,0.0,0.6336286484937428,0.3663713515062572,0.0,0.029433009269371774,0.9864650632680431,0.9949517383496245,1.8196334640171665,1.9176591608585651,1.5774147877417855,1.9176591608585651
base_stream,ercb_beta_inf,least_count,token,inf,816,9878638,12000,32,32,46,46,260.8695652173913,75.86017133821369,18,298,0.922030276861873,0.922030276861873,0.0,0.0,0.0,1.0016835016835017,0.0,0.0,-0.0,0.0,1.0,0.12222473716038361,0.0,0.6336286484937428,0.3663713515062572,0.0,0.02932274223332291,0.9870511314744578,1.0146234332540383,1.7526560215854532,2.0346091136863125,1.6006295228419347,2.0346091136863125
base_stream,ercb_beta_inf,least_count,token,inf,816,9878639,12000,32,32,46,46,260.8695652173913,75.86017133821369,18,298,0.922030276861873,0.922030276861873,0.0,0.0,0.0,1.0008410428931875,0.0,0.0,-0.0,0.0,1.0,0.12222473716038361,0.0,0.6336286484937428,0.3663713515062572,0.0,0.028729383985724343,0.9867773295744834,1.0247753400040163,1.7438774637168553,1.947560305055217,1.572071036258696,1.947560305055217
base_stream,ercb_beta_inf,least_count,token,inf,816,9878640,12000,32,32,46,46,260.8695652173913,75.86017133821369,18,298,0.922030276861873,0.922030276861873,0.0,0.0,0.0,0.9991589571068125,0.0,0.0,-0.0,0.0,1.0,0.12222473716038361,0.0,0.6336286484937428,0.3663713515062572,0.0,0.02932384326864441,0.9862649354429015,1.003443584614028,1.7883464516445395,2.0044431901143356,1.598744408790968,2.0044431901143356
base_stream,ercb_beta_inf,least_count,token,inf,816,9878641,12000,32,32,46,46,260.8695652173913,75.86017133821369,18,298,0.922030276861873,0.922030276861873,0.0,0.0,0.0,0.9983193277310924,0.0,0.0,-0.0,0.0,1.0,0.12222473716038361,0.0,0.6336286484937428,0.3663713515062572,0.0,0.02892939452095482,0.9862783960919722,0.9516458527911287,1.8012065463008646,2.054874287016638,1.6025755620362103,2.054874287016638
base_stream,ercb_beta_inf,least_count,token,inf,816,9878642,12000,32,32,46,46,260.8695652173913,75.86017133821369,18,298,0.922030276861873,0.922030276861873,0.0,0.0,0.0,1.0,0.0,0.0,-0.0,0.0,1.0,0.12222473716038361,0.0,0.6336286484937428,0.3663713515062572,0.0,0.02918720071937174,0.9872449759200439,0.9909014959154973,1.7902749121760235,2.0164396810792087,1.5992053630569096,2.0164396810792087
base_stream,ercb_beta_inf,least_count,token,inf,816,9878643,12000,32,32,46,46,260.8695652173913,75.86017133821369,18,298,0.922030276861873,0.922030276861873,0.0,0.0,0.0,1.0008417508417509,0.0,0.0,-0.0,0.0,1.0,0.12222473716038361,0.0,0.6336286484937428,0.3663713515062572,0.0,0.02884832469107062,0.9868548246135402,1.011270303898423,1.7574733744336621,1.968506486732997,1.5790833883550277,1.968506486732997
base_stream,ercb_beta_inf,least_count,token,inf,816,9878644,12000,32,32,46,46,260.8695652173913,75.86017133821369,18,298,0.922030276861873,0.922030276861873,0.0,0.0,0.0,0.9991596638655462,0.0,0.0,-0.0,0.0,1.0,0.12222473716038361,0.0,0.6336286484937428,0.3663713515062572,0.0,0.029392201776631936,0.98623112167238,0.9916139748865392,1.796551824652017,1.8989353334650851,1.562367044334547,1.8989353334650851
base_stream,ercb_beta_inf,least_count,token,inf,816,9878645,12000,32,32,46,46,260.8695652173913,75.86017133821369,18,298,0.922030276861873,0.922030276861873,0.0,0.0,0.0,0.9983193277310924,0.0,0.0,-0.0,0.0,1.0,0.12222473716038361,0.0,0.6336286484937428,0.3663713515062572,0.0,0.029219989434119385,0.9872235990659898,0.9995350235067724,1.7496053150880522,1.8836722526739713,1.5442708637562654,1.8836722526739713
base_stream,ercb_beta_inf,least_count,token,inf,816,9878646,12000,32,32,46,46,260.8695652173913,75.86017133821369,18,298,0.922030276861873,0.922030276861873,0.0,0.0,0.0,1.0,0.0,0.0,-0.0,0.0,1.0,0.12222473716038361,0.0,0.6336286484937428,0.3663713515062572,0.0,0.029506542010641318,0.9868059032512491,0.9883629983620774,1.8592128927161111,2.024506915539919,1.624027602206036,2.024506915539919
base_stream,ercb_beta_inf,least_count,token,inf,816,9878647,12000,32,32,46,46,260.8695652173913,75.86017133821369,18,298,0.922030276861873,0.922030276861873,0.0,0.0,0.0,1.0008417508417509,0.0,0.0,-0.0,0.0,1.0,0.12222473716038361,0.0,0.6336286484937428,0.3663713515062572,0.0,0.02917126875978583,0.9861199909671645,1.012924490546502,1.7632954611350582,1.9785754965440914,1.5849318160752173,1.9785754965440914
base_stream,ercb_beta_inf,least_count,token,inf,816,9878648,12000,32,32,46,46,260.8695652173913,75.86017133821369,18,298,0.922030276861873,0.922030276861873,0.0,0.0,0.0,1.0008417508417509,0.0,0.0,-0.0,0.0,1.0,0.12222473716038361,0.0,0.6336286484937428,0.3663713515062572,0.0,0.02912939304364459,0.9861827059964706,0.9829338933232175,1.7770333038747455,1.9357573133194843,1.5652415035058158,1.9357573133194843
base_stream,ercb_beta_inf,least_count,token,inf,816,9878649,12000,32,32,46,46,260.8695652173913,75.86017133821369,18,298,0.922030276861873,0.922030276861873,0.0,0.0,0.0,1.0008417508417509,0.0,0.0,-0.0,0.0,1.0,0.12222473716038361,0.0,0.6336286484937428,0.3663713515062572,0.0,0.02960731027343797,0.9863054936961374,0.9597340996420208,1.810997497032251,2.0060025184862296,1.5922447050535002,2.0060025184862296
base_stream,ercb_beta_inf,least_count,token,inf,816,9878650,12000,32,32,46,46,260.8695652173913,75.86017133821369,18,298,0.922030276861873,0.922030276861873,0.0,0.0,0.0,0.9991589571068125,0.0,0.0,-0.0,0.0,1.0,0.12222473716038361,0.0,0.6336286484937428,0.3663713515062572,0.0,0.028932339735778866,0.9864389698023767,0.9950485590758101,1.750405759366944,1.9257140588797281,1.5570561257741609,1.9257140588797281
base_stream,ercb_beta_inf,least_count,token,inf,816,9878651,12000,32,32,46,46,260.8695652173913,75.86017133821369,18,298,0.922030276861873,0.922030276861873,0.0,0.0,0.0,0.9983193277310924,0.0,0.0,-0.0,0.0,1.0,0.12222473716038361,0.0,0.6336286484937428,0.3663713515062572,0.0,0.029118448761528328,0.9868700141784005,1.0269033366862614,1.7733475093112208,1.9696395183598807,1.5899634547857875,1.9696395183598807
base_stream,ercb_beta_inf,least_count,token,inf,816,9878652,12000,32,32,46,46,260.8695652173913,75.86017133821369,18,298,0.922030276861873,0.922030276861873,0.0,0.0,0.0,1.0008410428931875,0.0,0.0,-0.0,0.0,1.0,0.12222473716038361,0.0,0.6336286484937428,0.3663713515062572,0.0,0.029034572354512043,0.9865968532842851,1.024780081582624,1.7655865572028466,1.9685927114562598,1.58631978341391,1.9685927114562598
base_stream,ercb_beta_inf,least_count,token,inf,816,9878653,12000,32,32,46,46,260.8695652173913,75.86017133821369,18,298,0.922030276861873,0.922030276861873,0.0,0.0,0.0,1.0008410428931875,0.0,0.0,-0.0,0.0,1.0,0.12222473716038361,0.0,0.6336286484937428,0.3663713515062572,0.0,0.028768123104655995,0.986248559997592,1.0049193428498393,1.7533516884085598,1.9075802278338103,1.5552837530307364,1.9075802278338103
base_stream,ercb_beta_inf,least_count,token,inf,816,9878654,12000,32,32,46,46,260.8695652173913,75.86017133821369,18,298,0.922030276861873,0.922030276861873,0.0,0.0,0.0,1.0,0.0,0.0,-0.0,0.0,1.0,0.12222473716038361,0.0,0.6336286484937428,0.3663713515062572,0.0,0.02885121355752788,0.9869462859880475,1.0245591156821565,1.7919792956629514,2.0167055148630544,1.611081308736054,2.0167055148630544
base_stream,ercb_beta_inf,least_count,token,inf,816,9878655,12000,32,32,46,46,260.8695652173913,75.86017133821369,18,298,0.922030276861873,0.922030276861873,0.0,0.0,0.0,1.0008417508417509,0.0,0.0,-0.0,0.0,1.0,0.12222473716038361,0.0,0.6336286484937428,0.3663713515062572,0.0,0.028898315046854122,0.9858952867355038,0.9908612480758167,1.7501086383958735,2.025318792743457,1.588762893071716,2.025318792743457
base_stream,ercb_beta_inf,least_count,token,inf,816,9878656,12000,32,32,46,46,260.8695652173913,75.86017133821369,18,298,0.922030276861873,0.922030276861873,0.0,0.0,0.0,0.9991589571068125,0.0,0.0,-0.0,0.0,1.0,0.12222473716038361,0.0,0.6336286484937428,0.3663713515062572,0.0,0.029112757548143825,0.9863927459437543,0.9910416071986877,1.7889218134602263,1.9306891980300354,1.5702175395629832,1.9306891980300354
base_stream,ercb_beta_inf,least_count,token,inf,816,9878657,12000,32,32,46,46,260.8695652173913,75.86017133821369,18,298,0.922030276861873,0.922030276861873,0.0,0.0,0.0,1.0008417508417509,0.0,0.0,-0.0,0.0,1.0,0.12222473716038361,0.0,0.6336286484937428,0.3663713515062572,0.0,0.02890150548389268,0.9863236140137551,1.0226526009180794,1.7711518825296377,1.9142519468754393,1.5693521434410522,1.9142519468754393
base_stream,ercb_beta_inf,least_count,token,inf,816,9878658,12000,32,32,46,46,260.8695652173913,75.86017133821369,18,298,0.922030276861873,0.922030276861873,0.0,0.0,0.0,1.0,0.0,0.0,-0.0,0.0,1.0,0.12222473716038361,0.0,0.6336286484937428,0.3663713515062572,0.0,0.029097752040931808,0.9868334673535878,1.0378590059425443,1.75003529234723,1.9916533380689,1.5931825454528914,1.9916533380689
base_stream,ercb_beta_inf,least_count,token,inf,816,9878659,12000,32,32,46,46,260.8695652173913,75.86017133821369,18,298,0.922030276861873,0.922030276861873,0.0,0.0,0.0,0.9991589571068125,0.0,0.0,-0.0,0.0,1.0,0.12222473716038361,0.0,0.6336286484937428,0.3663713515062572,0.0,0.0293931991906244,0.986164859914486,0.9987770933485226,1.8185222237959395,2.0369708003415794,1.6180900391620139,2.0369708003415794
base_stream,ercb_beta_inf,least_count,token,inf,816,9878660,12000,32,32,46,46,260.8695652173913,75.86017133821369,18,298,0.922030276861873,0.922030276861873,0.0,0.0,0.0,1.0008417508417509,0.0,0.0,-0.0,0.0,1.0,0.12222473716038361,0.0,0.6336286484937428,0.3663713515062572,0.0,0.029469563336592265,0.9860273473497947,1.034166854803406,1.8593775076991663,1.9060581600055249,1.5998675075026991,1.9060581600055249
base_stream,ercb_beta_inf,least_count,token,inf,816,9878661,12000,32,32,46,46,260.8695652173913,75.86017133821369,18,298,0.922030276861873,0.922030276861873,0.0,0.0,0.0,1.0,0.0,0.0,-0.0,0.0,1.0,0.12222473716038361,0.0,0.6336286484937428,0.3663713515062572,0.0,0.0295995697777191,0.9868727882192372,0.9746771947177477,1.8343728609890713,1.9630618716270072,1.5907039757779422,1.9630618716270072
base_stream,ercb_beta_inf,least_count,token,inf,816,9878662,12000,32,32,46,46,260.8695652173913,75.86017133821369,18,298,0.922030276861873,0.922030276861873,0.0,0.0,0.0,0.9991589571068125,0.0,0.0,-0.0,0.0,1.0,0.12222473716038361,0.0,0.6336286484937428,0.3663713515062572,0.0,0.029230792123975745,0.9866327181166921,1.0073594960141417,1.8027215131018155,1.9754857265672836,1.5951889118944136,1.9754857265672836
base_stream,ercb_beta_inf,least_count,token,inf,816,9878663,12000,32,32,46,46,260.8695652173913,75.86017133821369,18,298,0.922030276861873,0.922030276861873,0.0,0.0,0.0,1.0,0.0,0.0,-0.0,0.0,1.0,0.12222473716038361,0.0,0.6336286484937428,0.3663713515062572,0.0,0.028896951858753985,0.9871469372953344,1.0669727784759138,1.7316413658708723,2.0256452857489298,1.6080864766985716,2.0256452857489298
base_stream,ercb_beta_inf,least_count,token,inf,816,9878664,12000,32,32,46,46,260.8695652173913,75.86017133821369,18,298,0.922030276861873,0.922030276861873,0.0,0.0,0.0,0.9991589571068125,0.0,0.0,-0.0,0.0,1.0,0.12222473716038361,0.0,0.6336286484937428,0.3663713515062572,0.0,0.02915678439214095,0.9872375849955446,1.0785652940675825,1.7617638560710933,1.9683416052616514,1.6028902518001091,1.9683416052616514
base_stream,ercb_beta_inf,least_count,token,inf,816,9878665,12000,32,32,46,46,260.8695652173913,75.86017133821369,18,298,0.922030276861873,0.922030276861873,0.0,0.0,0.0,1.0025252525252526,0.0,0.0,-0.0,0.0,1.0,0.12222473716038361,0.0,0.6336286484937428,0.3663713515062572,0.0,0.028976097927281216,0.9868916794262674,1.0099566531571074,1.7361511255537052,1.952963723862899,1.5663571675245704,1.952963723862899
base_stream,ercb_beta_inf,least_count,token,inf,816,9878666,12000,32,32,46,46,260.8695652173913,75.86017133821369,18,298,0.922030276861873,0.922030276861873,0.0,0.0,0.0,1.0008417508417509,0.0,0.0,-0.0,0.0,1.0,0.12222473716038361,0.0,0.6336286484937428,0.3663713515062572,0.0,0.029150792591590213,0.9864328804837016,1.0254199567819913,1.7866564033654155,1.932434174178832,1.5815035114420795,1.932434174178832
base_stream,ercb_beta_inf,least_count,token,inf,816,9878667,12000,32,32,46,46,260.8695652173913,75.86017133821369,18,298,0.922030276861873,0.922030276861873,0.0,0.0,0.0,0.9983193277310924,0.0,0.0,-0.0,0.0,1.0,0.12222473716038361,0.0,0.6336286484937428,0.3663713515062572,0.0,0.029210734473539095,0.986533577423873,1.0509882121445018,1.8033528845401754,1.922920886577417,1.5924206610873648,1.922920886577417
base_stream,ercb_beta_inf,least_count,token,inf,816,9878668,12000,32,32,46,46,260.8695652173913,75.86017133821369,18,298,0.922030276861873,0.922030276861873,0.0,0.0,0.0,1.0,0.0,0.0,-0.0,0.0,1.0,0.12222473716038361,0.0,0.6336286484937428,0.3663713515062572,0.0,0.02898454190375242,0.9867423745476452,0.9868939171366504,1.7549576658701547,1.856062036519334,1.5326378731753796,1.856062036519334
base_stream,active_bonus3,active_bonus,token,,816,9879646,12000,32,32,46,46,260.8695652173913,82.4511999795748,17,368,0.9091770513206201,0.922030276861873,0.0128532255412529,26.19824089680367,0.10042659010441407,1.1346153846153846,0.0,0.0,-0.0,0.0,1.0,0.12222473716038361,0.0,0.9572641121297611,0.042735887870238895,0.0,0.03800164404277809,0.9845944191443972,0.976493057243387,3.1953208337357486,4.11599565752265,2.7626031828339292,4.11599565752265
base_stream,active_bonus3,active_bonus,token,,816,9879647,12000,32,32,46,46,260.8695652173913,82.49021251445852,16,365,0.9090988981418322,0.922030276861873,0.012931378720040798,24.790425921942212,0.09502996603411182,1.068875326939843,0.0,0.0,-0.0,0.0,1.0,0.12222473716038361,0.0,0.9591803343455131,0.04081966565448687,0.0,0.03673173746101949,0.9848294040667676,1.007234850643506,2.929891483525039,3.7914715753506134,2.5761993031730532,3.7914715753506134
base_stream,active_bonus3,active_bonus,token,,816,9879648,12000,32,32,46,46,260.8695652173913,82.64976096013518,14,362,0.9087790326501587,0.922030276861873,0.013251244211714308,24.654129207021725,0.09450749529358328,1.121683440073193,0.0,0.0,-0.0,0.0,1.0,0.12222473716038361,0.0,0.957139025058315,0.04286097494168493,0.0,0.0368655615800019,0.9850963991050404,0.9824500573017161,2.964936386705471,3.7897054619954575,2.579030635334215,3.7897054619954575
base_stream,active_bonus3,active_bonus,token,,816,9879649,12000,32,32,46,46,260.8695652173913,82.66422618711985,16,364,0.9087500130948353,0.922030276861873,0.013280263767037725,24.8648520921645,0.09531526635329725,1.1040925266903914,0.0,0.0,-0.0,0.0,1.0,0.12222473716038361,0.0,0.959160029038698,0.04083997096130197,0.0,0.03676870958239987,0.9857180259542873,0.9460916846684467,2.9214182933375596,3.694206719050163,2.5205722323520567,3.694206719050163
base_stream,active_bonus3,active_bonus,token,,816,9879650,12000,32,32,46,46,260.8695652173913,83.2971654342222,17,365,0.9074770894174735,0.922030276861873,0.014553187444399485,25.893594977707618,0.0992587807478792,1.1380255941499087,0.0,0.0,-0.0,0.0,1.0,0.12222473716038361,0.0,0.9579236877946683,0.042076312205331756,0.0,0.03727236263186487,0.9852377718221605,1.0029334040964173,3.0358845155969165,3.9181368689527956,2.652318262882043,3.9181368689527956
base_stream,active_bonus3,active_bonus,token,,816,9879651,12000,32,32,46,46,260.8695652173913,82.82081462164915,16,368,0.9084356654567566,0.922030276861873,0.013594611405116419,25.732740099792682,0.09864217038253861,1.094306049822064,0.0,0.0,-0.0,0.0,1.0,0.12222473716038361,0.0,0.9586713221449957,0.04132867785500432,0.0,0.037254224566298975,0.984678779827466,0.9163095874037992,3.1025159426367948,4.046226748043367,2.6883507593613203,4.046226748043367
base_stream,active_bonus3,active_bonus,token,,816,9879652,12000,32,32,46,46,260.8695652173913,83.04074659745744,17,364,0.9079935209617871,0.922030276861873,0.014036755900085907,25.785064770471127,0.09884274828680599,1.1024955436720143,0.0,0.0,-0.0,0.0,1.0,0.12222473716038361,0.0,0.9584062848607209,0.04159371513927916,0.0,0.03733234240934466,0.9846869096874352,1.0026254026969579,3.103945560148396,4.1048632649004695,2.737144742581941,4.1048632649004695
base_stream,active_bonus3,active_bonus,token,,816,9879653,12000,32,32,46,46,260.8695652173913,82.43722478495833,16,369,0.9092050418753324,0.922030276861873,0.012825234986540646,24.779900691101844,0.0949896193158904,1.0971223021582734,0.0,0.0,-0.0,0.0,1.0,0.12222473716038361,0.0,0.9599021603868606,0.04009783961313941,0.0,0.037083415552514744,0.9854931864031485,0.9739560004586693,3.0084100153889284,3.8596729381157875,2.6140129846544617,3.8596729381157875
base_stream,active_bonus3,active_bonus,token,,816,9879654,12000,32,32,46,46,260.8695652173913,82.52104045152527,17,364,0.9090371243943824,0.922030276861873,0.012993152467490554,25.557267323473344,0.09796952473998115,1.1362372567191845,0.0,0.0,-0.0,0.0,1.0,0.12222473716038361,0.0,0.9580520826066008,0.041947917393399224,0.0,0.03760149310643886,0.9858837969735635,0.9818657586827213,3.0873871532376174,3.889513678643025,2.6529221968544547,3.889513678643025
base_stream,active_bonus3,active_bonus,token,,816,9879655,12000,32,32,46,46,260.8695652173913,82.79141120536708,16,366,0.9084947209012106,0.922030276861873,0.01353555596066236,26.01003150960096,0.09970512078680367,1.1214868540344516,0.0,0.0,-0.0,0.0,1.0,0.12222473716038361,0.0,0.95671332206408,0.04328667793591997,0.0,0.037351919095294145,0.9856850846403721,0.9634415369512171,3.0929590735249697,4.00011841001566,2.685506340163949,4.00011841001566
base_stream,active_bonus3,active_bonus,token,,816,9879656,12000,32,32,46,46,260.8695652173913,82.5637062846814,17,369,0.9089516053713889,0.922030276861873,0.01307867149048414,26.098475717608657,0.10004415691749985,1.138347260909935,0.0,0.0,-0.0,0.0,1.0,0.12222473716038361,0.0,0.9580206290135082,0.04197937098649187,0.0,0.038284272447565756,0.9842864599353638,0.9903939861052865,3.2371555632185762,4.175958871372889,2.8011694735655843,4.175958871372889
base_stream,active_bonus3,active_bonus,token,,816,9879657,12000,32,32,46,46,260.8695652173913,82.8342002188584,17,366,0.9084087766822367,0.922030276861873,0.013621500179636259,25.986618630096665,0.09961537141537055,1.1144144144144144,0.0,0.0,-0.0,0.0,1.0,0.12222473716038361,0.0,0.9584348210962791,0.041565178903720884,0.0,0.03814237588302894,0.9848225224662371,0.999902655323487,3.1911971511144586,4.081988079135833,2.757695961857926,4.081988079135833
base_stream,active_bonus3,active_bonus,token,,816,9879658,12000,32,32,46,46,260.8695652173913,82.67895181800509,16,369,0.908720467815355,0.922030276861873,0.013309809046518017,25.752163269198924,0.09871662586526254,1.1005385996409336,0.0,0.0,-0.0,0.0,1.0,0.12222473716038361,0.0,0.9576464402192894,0.04235355978071066,0.0,0.03756583070132969,0.9846662895646133,0.9862110460634727,3.19280208712547,4.181272428937733,2.7867618540422257,4.181272428937733
base_stream,active_bonus3,active_bonus,token,,816,9879659,12000,32,32,46,46,260.8695652173913,82.64055449739584,15,359,0.9087975006049184,0.922030276861873,0.013232776256954626,24.87097138013118,0.09533872362383619,1.0978456014362656,0.0,0.0,-0.0,0.0,1.0,0.12222473716038361,0.0,0.959616362120764,0.04038363787923607,0.0,0.03648000397328226,0.9848405804048654,0.9690554587588197,2.8998786441782087,3.834583594435929,2.5678392324576524,3.834583594435929
base_stream,active_bonus3,active_bonus,token,,816,9879660,12000,32,32,46,46,260.8695652173913,82.60740273587764,17,370,0.9088639914574863,0.922030276861873,0.01316628540438669,26.440252580520845,0.10135430155866323,1.1146496815286624,0.0,0.0,-0.0,0.0,1.0,0.12222473716038361,0.0,0.956854897950818,0.04314510204918195,0.0,0.03798292934412599,0.9852208943280545,0.9811693100218504,3.181116889121772,4.200012550641433,2.787432916595018,4.200012550641433
base_stream,active_bonus3,active_bonus,token,,816,9879661,12000,32,32,46,46,260.8695652173913,82.72705479746719,17,366,0.9086239314582566,0.922030276861873,0.013406345403616404,26.16087353946397,0.10028334856794521,1.0990990990990992,0.0,0.0,-0.0,0.0,1.0,0.12222473716038361,0.0,0.9572724880463418,0.042727511953658176,0.0,0.03738451185825734,0.9850619105763779,0.9418452108062787,3.159624751723474,4.284614535842748,2.7953614994575005,4.284614535842748
base_stream,active_bonus3,active_bonus,token,,816,9879662,12000,32,32,46,46,260.8695652173913,82.739404600976,17,365,0.9085991412779038,0.922030276861873,0.013431135583969245,26.267023465538124,0.10069025661789614,1.145658263305322,0.0,0.0,-0.0,0.0,1.0,0.12222473716038361,0.0,0.9563104894670803,0.04368951053291974,0.0,0.03839772362094669,0.9844851312820081,1.0090968075345708,3.252867255030606,4.202097035072389,2.8213536992125214,4.202097035072389
base_stream,active_bonus3,active_bonus,token,,816,9879663,12000,32,32,46,46,260.8695652173913,82.4496180009745,17,365,0.9091802199761542,0.922030276861873,0.01285005688571883,25.598063785474427,0.09812591117765197,1.1168478260869565,0.0,0.0,-0.0,0.0,1.0,0.12222473716038361,0.0,0.959092123903419,0.04090787609658096,0.0,0.03743647544051453,0.984513314997766,0.9561657875081226,3.042168279388347,4.039097315795237,2.679143794230569,4.039097315795237
base_stream,active_bonus3,active_bonus,token,,816,9879664,12000,32,32,46,46,260.8695652173913,82.79403693494405,14,365,0.9084894477815029,0.922030276861873,0.013540829080370131,25.944757366038495,0.09945490323648089,1.1285323609845033,0.0,0.0,-0.0,0.0,1.0,0.12222473716038361,0.0,0.9595130304498479,0.04048696955015211,0.0,0.037641658974067,0.9854448044795227,1.0067071464677064,3.0394805736415655,3.966347581884551,2.6708451006646072,3.966347581884551
base_stream,active_bonus3,active_bonus,token,,816,9879665,12000,32,32,46,46,260.8695652173913,82.18314877935273,17,364,0.9097133965632999,0.922030276861873,0.01231688029857314,24.616184142533758,0.09436203921304608,1.068122270742358,0.0,0.0,-0.0,0.0,1.0,0.12222473716038361,0.0,0.9589078966431596,0.04109210335684042,0.0,0.03641112817297629,0.9848861259086679,0.9632136457154103,2.903266324932525,3.765688463690008,2.5440561447793146,3.765688463690008
base_stream,active_bonus3,active_bonus,token,,816,9879666,12000,32,32,46,46,260.8695652173913,82.3055306651493,17,367,0.9094686601141807,0.922030276861873,0.012561616747692295,24.39796855406649,0.09352554612392154,1.1098109810981098,0.0,0.0,-0.0,0.0,1.0,0.12222473716038361,0.0,0.9600691997247028,0.03993080027529713,0.0,0.03680596675619506,0.9859623585301078,1.0021634157518644,2.9403554763381075,3.786775202951363,2.5764313650137782,3.786775202951363
base_stream,active_bonus3,active_bonus,token,,816,9879667,12000,32,32,46,46,260.8695652173913,82.31794370811691,17,363,0.9094438238192079,0.922030276861873,0.012586453042665147,25.316260456044073,0.09704566508150228,1.1012544802867383,0.0,0.0,-0.0,0.0,1.0,0.12222473716038361,0.0,0.9593987406838699,0.04060125931613008,0.0,0.03767313769647601,0.9850583762076275,0.99276140016137,2.9856810350372167,3.972284451357393,2.65024229551866,3.972284451357393
base_stream,active_bonus3,active_bonus,token,,816,9879668,12000,32,32,46,46,260.8695652173913,81.75323652565481,18,362,0.9105712772431545,0.922030276861873,0.011458999618718546,23.54828526942959,0.09026842686614676,1.0621761658031088,0.0,0.0,-0.0,0.0,1.0,0.12222473716038361,0.0,0.9593656625752099,0.0406343374247901,0.0,0.0358241493859629,0.9853790484080103,0.9936955276370963,2.815732029912014,3.523490455849218,2.44430600446611,3.523490455849218
base_stream,active_bonus3,active_bonus,token,,816,9879669,12000,32,32,46,46,260.8695652173913,82.28703968311757,15,360,0.909505652855537,0.922030276861873,0.012524624006336027,24.31496229288353,0.09320735545605352,1.096136567834681,0.0,0.0,-0.0,0.0,1.0,0.12222473716038361,0.0,0.9584007108901633,0.04159928910983666,0.0,0.0367639608142835,0.986004357305322,1.0170010368176376,2.929577058981031,3.6392049903728516,2.528594362057173,3.6392049903728516
base_stream,active_bonus3,active_bonus,token,,816,9879670,12000,32,32,46,46,260.8695652173913,82.83603728887572,17,362,0.9084050861903578,0.922030276861873,0.013625190671515242,24.984342923205883,0.09577331453895588,1.1085972850678734,0.0,0.0,-0.0,0.0,1.0,0.12222473716038361,0.0,0.9592606675315376,0.0407393324684624,0.0,0.036434295132318585,0.9861236748135687,1.0258850492079126,2.892121023072464,3.5165215820515217,2.478175884777299,3.5165215820515217
base_stream,active_bonus3,active_bonus,token,,816,9879671,12000,32,32,46,46,260.8695652173913,82.5231479240172,16,365,0.9090329008550389,0.922030276861873,0.01299737600683415,24.959096973631286,0.09567653839891993,1.0748239436619718,0.0,0.0,-0.0,0.0,1.0,0.12222473716038361,0.0,0.9577059931539801,0.04229400684601993,0.0,0.03716476767984448,0.9848433152574955,0.9967243193869274,2.9428268615355484,3.7413950194933943,2.5603154001386232,3.7413950194933943
base_stream,active_bonus3,active_bonus,token,,816,9879672,12000,32,32,46,46,260.8695652173913,82.46016395170093,14,366,0.9091590960231108,0.922030276861873,0.012871180838762153,25.31282541390397,0.09703249741996521,1.0747330960854093,0.0,0.0,-0.0,0.0,1.0,0.12222473716038361,0.0,0.9593834132455134,0.04061658675448666,0.0,0.036759153441453044,0.9851388019994405,0.903727470838712,3.0148680103789562,4.163354677526973,2.6939833862482137,4.163354677526973
base_stream,active_bonus3,active_bonus,token,,816,9879673,12000,32,32,46,46,260.8695652173913,82.29126655961055,17,369,0.9094971971064852,0.922030276861873,0.012533079755387755,25.15517061551466,0.09642815402613952,1.09000900090009,0.0,0.0,-0.0,0.0,1.0,0.12222473716038361,0.0,0.9583073921140881,0.04169260788591189,0.0,0.0372940005120968,0.9848652333485528,0.9842113660138005,3.0844151322688336,4.052016123686241,2.706880873989625,4.052016123686241
base_stream,active_bonus3,active_bonus,token,,816,9879674,12000,32,32,46,46,260.8695652173913,83.27210731290941,16,371,0.9075276011285106,0.922030276861873,0.014502675733362391,26.662952639913325,0.10220798511966774,1.093189964157706,0.0,0.0,-0.0,0.0,1.0,0.12222473716038361,0.0,0.958436444343209,0.04156355565679109,0.0,0.037641327225535835,0.9848654647993019,0.9712805617366262,3.119784431243387,4.280736252936222,2.7906004153054114,4.280736252936222
base_stream,active_bonus3,active_bonus,token,,816,9879675,12000,32,32,46,46,260.8695652173913,82.172038165867,18,365,0.9097356037941736,0.922030276861873,0.01229467306769938,23.389890049372596,0.08966124518926162,1.100271002710027,0.0,0.0,-0.0,0.0,1.0,0.12222473716038361,0.0,0.9604284619454361,0.039571538054563885,0.0,0.035689618448456764,0.9854439516170171,0.9947998143576859,2.847229775765831,3.655542045253925,2.499190545125814,3.655542045253925
base_stream,active_bonus3,active_bonus,token,,816,9879676,12000,32,32,46,46,260.8695652173913,82.15616325438116,18,367,0.9097673302905491,0.922030276861873,0.012262946571323874,25.41396398079983,0.09742019525973268,1.092224231464738,0.0,0.0,-0.0,0.0,1.0,0.12222473716038361,0.0,0.957514005107422,0.042485994892577976,0.0,0.03793745497419481,0.9848991432503448,0.9488041652524551,3.152915833818132,4.161731828088234,2.754483942386274,4.161731828088234
base_stream,active_bonus3,active_bonus,token,,816,9879677,12000,32,32,46,46,260.8695652173913,83.13702902716176,17,358,0.9077997244525237,0.922030276861873,0.01423055240934934,25.29564320623991,0.09696663229058632,1.1406533575317603,0.0,0.0,-0.0,0.0,1.0,0.12222473716038361,0.0,0.9586289709955428,0.0413710290044572,0.0,0.03728345723973242,0.9851472202532208,0.9743971676572748,3.0628893868776106,3.9336670425104594,2.656984532348448,3.9336670425104594
base_stream,gate_r2_uniform,softmax,gate_r2,0.0,816,9880655,12000,32,32,46,46,260.8695652173913,90.67371238237833,15,321,0.8922089857787092,0.922030276861873,0.02982129108316378,24.85698222265509,0.09528509852017784,0.9952418715305313,0.0,0.0,-0.0,0.0,1.0,0.12222473716038361,0.0,1.0,0.0,0.0,0.02118057622744233,0.9887245125091441,1.0217631710017725,0.9986511533508977,0.9592079275884988,0.9932074173137231,1.0217631710017725
base_stream,gate_r2_uniform,softmax,gate_r2,0.0,816,9880656,12000,32,32,46,46,260.8695652173913,92.64016611638729,15,328,0.888012190631353,0.922030276861873,0.03401808623052005,27.550743697055978,0.10561118417204791,0.9746434231378764,0.0,0.0,-0.0,0.0,1.0,0.12222473716038361,0.0,1.0,0.0,0.0,0.021092893398699363,0.9889004502920942,1.0247542380378345,1.0045806877174872,0.972299886301805,1.0005449373523756,1.0247542380378345
base_stream,gate_r2_uniform,softmax,gate_r2,0.0,816,9880657,12000,32,32,46,46,260.8695652173913,92.61927884006893,9,336,0.8880570316146084,0.922030276861873,0.03397324524726464,27.33289147751732,0.10477608399714973,0.9762658227848101,0.0,0.0,-0.0,0.0,1.0,0.12222473716038361,0.0,1.0,0.0,0.0,0.021349737932061824,0.988768719058164,1.0455486555755693,1.0141177846784613,1.1016603346796172,1.0537755916445493,1.1016603346796172
base_stream,gate_r2_uniform,softmax,gate_r2,0.0,816,9880658,12000,32,32,46,46,260.8695652173913,91.0841962848355,14,330,0.8913371168448132,0.922030276861873,0.030693160017059795,26.2073670359409,0.10046157363777346,1.0334148329258355,0.0,0.0,-0.0,0.0,1.0,0.12222473716038361,0.0,1.0,0.0,0.0,0.020779413729091176,0.9890501255376198,1.021658462254193,0.9573949182154935,0.8552822797348848,0.9447785534015237,1.021658462254193
base_stream,gate_r2_uniform,softmax,gate_r2,0.0,816,9880659,12000,32,32,46,46,260.8695652173913,91.39560656733431,15,324,0.8906741958325355,0.922030276861873,0.03135608102933751,26.291013508504154,0.10078221844926592,0.992862807295797,0.0,0.0,-0.0,0.0,1.0,0.12222473716038361,0.0,1.0,0.0,0.0,0.020498998477639935,0.9884780218683165,1.0141886617510563,0.9406659274017306,0.9167174130865088,0.9571906674130984,1.0141886617510563
base_stream,gate_r2_uniform,softmax,gate_r2,0.0,816,9880660,12000,32,32,46,46,260.8695652173913,91.2339583745029,15,328,0.891018467025993,0.922030276861873,0.031011809835880033,25.46694362092366,0.09762328388020737,1.0072522159548751,0.0,0.0,-0.0,0.0,1.0,0.12222473716038361,0.0,1.0,0.0,0.0,0.021378812993713914,0.9890557733881502,1.0149308224774927,1.0335825081906198,1.0793831304855825,1.0426321537178982,1.0793831304855825
base_stream,gate_r2_uniform,softmax,gate_r2,0.0,816,9880661,12000,32,32,46,46,260.8695652173913,90.98963359388857,8,324,0.8915381660926193,0.922030276861873,0.030492110769253733,24.918999212230222,0.09552283031354918,0.9952456418383518,0.0,0.0,-0.0,0.0,1.0,0.12222473716038361,0.0,1.0,0.0,0.0,0.02086825162401639,0.9890657032651492,1.0341604191079463,0.9878512680272212,0.9504239498132566,0.9908118789828081,1.0341604191079463
base_stream,gate_r2_uniform,softmax,gate_r2,0.0,816,9880662,12000,32,32,46,46,260.8695652173913,90.83061366120916,13,338,0.8918759907875156,0.922030276861873,0.03015428607435744,26.201559860634916,0.10043931279910051,0.9806918744971842,0.0,0.0,-0.0,0.0,1.0,0.12222473716038361,0.0,1.0,0.0,0.0,0.021772313162942283,0.9886454256721149,0.9765559813818353,1.0449081571623884,1.0286197977242584,1.0166946454228274,1.0449081571623884
base_stream,gate_r2_uniform,softmax,gate_r2,0.0,816,9880663,12000,32,32,46,46,260.8695652173913,90.86028660762446,13,322,0.8918129784948219,0.922030276861873,0.030217298367051115,24.755324416305307,0.09489541026250367,1.004,0.0,0.0,-0.0,0.0,1.0,0.12222473716038361,0.0,1.0,0.0,0.0,0.021161501797710352,0.9887051352098353,0.9761164646679558,0.9731636796766832,0.9322553980677764,0.960511847470805,0.9761164646679558
base_stream,gate_r2_uniform,softmax,gate_r2,0.0,816,9880664,12000,32,32,46,46,260.8695652173913,90.97864266711223,16,325,0.8915615261779923,0.922030276861873,0.030468750683880663,25.796022612191507,0.0988847533467341,1.0032051282051282,0.0,0.0,-0.0,0.0,1.0,0.12222473716038361,0.0,1.0,0.0,0.0,0.021225305155841596,0.9882662174546205,1.0086543009868223,0.9691866542773726,0.9330217168562173,0.9702875573734707,1.0086543009868223
base_stream,gate_r2_uniform,softmax,gate_r2,0.0,816,9880665,12000,32,32,46,46,260.8695652173913,90.72164994848904,13,326,0.8921072815506192,0.922030276861873,0.029922995311253753,24.934697319895076,0.09558300639293112,0.9881235154394299,0.0,0.0,-0.0,0.0,1.0,0.12222473716038361,0.0,1.0,0.0,0.0,0.020569697962325904,0.9890767584419502,0.9660157336353136,0.9274402189617922,0.9477967534011519,0.9470842353327525,0.9660157336353136
base_stream,gate_r2_uniform,softmax,gate_r2,0.0,816,9880666,12000,32,32,46,46,260.8695652173913,91.9888009950484,7,326,0.8894079078146492,0.922030276861873,0.03262236904722382,26.20238953590501,0.1004424932209692,1.0,0.0,0.0,-0.0,0.0,1.0,0.12222473716038361,0.0,1.0,0.0,0.0,0.02143873230302825,0.9884692190894545,1.0140512931152459,1.0429316740907522,1.0292060331621273,1.028729666789375,1.0429316740907522
base_stream,gate_r2_uniform,softmax,gate_r2,0.0,816,9880667,12000,32,32,46,46,260.8695652173913,91.42985163159886,11,333,0.8906012181643462,0.922030276861873,0.03142905869752677,25.76397889875809,0.098761919111906,1.0233118971061093,0.0,0.0,-0.0,0.0,1.0,0.12222473716038361,0.0,1.0,0.0,0.0,0.020973063514888857,0.9885484927531,0.9836590721641143,0.9742967539717339,0.9090559347509605,0.9556705869622696,0.9836590721641143
base_stream,gate_r2_uniform,softmax,gate_r2,0.0,816,9880668,12000,32,32,46,46,260.8695652173913,91.0462397322162,16,323,0.8914178302682014,0.922030276861873,0.03061244659367157,24.773758908062028,0.09496607581423777,0.9912490055688147,0.0,0.0,-0.0,0.0,1.0,0.12222473716038361,0.0,1.0,0.0,0.0,0.021377612906193843,0.988443147016233,1.0174429308827087,0.9938967642049311,1.0569588951452806,1.022766196744307,1.0569588951452806
base_stream,gate_r2_uniform,softmax,gate_r2,0.0,816,9880669,12000,32,32,46,46,260.8695652173913,91.61369953936597,14,327,0.8902091679971584,0.922030276861873,0.031821108864714565,27.00322041985878,0.10351234494279199,0.994435612082671,0.0,0.0,-0.0,0.0,1.0,0.12222473716038361,0.0,1.0,0.0,0.0,0.021039308300766484,0.9884952875250909,1.001364589288985,0.974976377185548,0.9499800885371052,0.9754403516705462,1.001364589288985
base_stream,gate_r2_uniform,softmax,gate_r2,0.0,816,9880670,12000,32,32,46,46,260.8695652173913,91.5754876770483,11,322,0.8902906900497229,0.922030276861873,0.031739586812150056,25.694695781510003,0.09849633382912168,0.9960380348652932,0.0,0.0,-0.0,0.0,1.0,0.12222473716038361,0.0,1.0,0.0,0.0,0.02246245184997478,0.9878569968367219,1.01407702329713,1.1475997910758995,1.0954348177761961,1.0857038773830752,1.1475997910758995
base_stream,gate_r2_uniform,softmax,gate_r2,0.0,816,9880671,12000,32,32,46,46,260.8695652173913,92.5833604863282,15,328,0.8881341283844263,0.922030276861873,0.03389614847744671,27.44401415688817,0.10520205426807132,0.996,0.0,0.0,-0.0,0.0,1.0,0.12222473716038361,0.0,1.0,0.0,0.0,0.021776431022587976,0.9888682906985357,1.0057244842432704,1.026380369637687,1.0468020950298378,1.0263023163035985,1.0468020950298378
base_stream,gate_r2_uniform,softmax,gate_r2,0.0,816,9880672,12000,32,32,46,46,260.8695652173913,91.52847233313277,14,330,0.8903909674585103,0.922030276861873,0.03163930940336268,26.356254929580633,0.10103231056339242,1.0210016155088852,0.0,0.0,-0.0,0.0,1.0,0.12222473716038361,0.0,1.0,0.0,0.0,0.02114613108471033,0.988693923321115,1.0145700194869172,0.9999355128318983,1.017690327291684,1.0107319532034997,1.017690327291684
base_stream,gate_r2_uniform,softmax,gate_r2,0.0,816,9880673,12000,32,32,46,46,260.8695652173913,90.07330557979891,12,326,0.8934802079118517,0.922030276861873,0.028550068950021323,24.939927826679853,0.09560305666893944,0.9976133651551312,0.0,0.0,-0.0,0.0,1.0,0.12222473716038361,0.0,1.0,0.0,0.0,0.02051709216748242,0.9892036039925112,1.0076158410324543,0.923223545629188,1.0360369041609567,0.988958763607533,1.0360369041609567
base_stream,gate_r2_uniform,softmax,gate_r2,0.0,816,9880674,12000,32,32,46,46,260.8695652173913,92.39979500627838,15,324,0.8885278833007478,0.922030276861873,0.033502393561125166,27.359125335624945,0.10487664711989562,0.9678935003915426,0.0,0.0,-0.0,0.0,1.0,0.12222473716038361,0.0,1.0,0.0,0.0,0.021054159267564296,0.9889095309441759,0.9662324587346743,0.992600306440847,1.03782872889464,0.9988871646900538,1.03782872889464
base_stream,gate_r2_uniform,softmax,gate_r2,0.0,816,9880675,12000,32,32,46,46,260.8695652173913,90.86650712557554,12,326,0.8917997673690763,0.922030276861873,0.03023050949279671,26.071807195412877,0.09994192758241602,1.0016038492381716,0.0,0.0,-0.0,0.0,1.0,0.12222473716038361,0.0,1.0,0.0,0.0,0.02054301132670727,0.9891261089534552,1.0349350559653223,0.9100723995790424,0.8407145712229853,0.92857400892245,1.0349350559653223
base_stream,gate_r2_uniform,softmax,gate_r2,0.0,816,9880676,12000,32,32,46,46,260.8695652173913,91.58616961653301,10,325,0.8902679028794874,0.922030276861873,0.03176237398238557,26.014210163577573,0.09972113896038069,0.9855072463768116,0.0,0.0,-0.0,0.0,1.0,0.12222473716038361,0.0,1.0,0.0,0.0,0.020965211849518422,0.9888277661975813,1.0064095332641512,0.949326651611602,0.9941529773417399,0.9832963874058311,1.0064095332641512
base_stream,gate_r2_uniform,softmax,gate_r2,0.0,816,9880677,12000,32,32,46,46,260.8695652173913,90.30277782227776,11,322,0.8929949236463295,0.922030276861873,0.029035353215543513,25.24747081607771,0.09678197146163121,0.9863672814755413,0.0,0.0,-0.0,0.0,1.0,0.12222473716038361,0.0,1.0,0.0,0.0,0.020973725209093422,0.9889321879707033,0.9609685283943157,0.9449606573644725,0.9182625641249617,0.9413972499612501,0.9609685283943157
base_stream,gate_r2_uniform,softmax,gate_r2,0.0,816,9880678,12000,32,32,46,46,260.8695652173913,91.30803305192246,11,325,0.8908607486655153,0.922030276861873,0.031169528196357654,24.536574297584202,0.09405686814073944,1.0,0.0,0.0,-0.0,0.0,1.0,0.12222473716038361,0.0,1.0,0.0,0.0,0.021695861638597956,0.9886889360705491,1.017837412432946,1.010372251049735,1.095227246042408,1.041145636508363,1.095227246042408
base_stream,gate_r2_uniform,softmax,gate_r2,0.0,816,9880679,12000,32,32,46,46,260.8695652173913,90.84042594994524,14,327,0.8918551550924967,0.922030276861873,0.030175121769376312,25.366016293629862,0.0972363957922478,1.0153970826580228,0.0,0.0,-0.0,0.0,1.0,0.12222473716038361,0.0,1.0,0.0,0.0,0.021563968442753993,0.9893662733889331,0.9856192544974578,1.0069442745770887,1.0322900255005478,1.0082845181916982,1.0322900255005478
base_stream,gate_r2_uniform,softmax,gate_r2,0.0,816,9880680,12000,32,32,46,46,260.8695652173913,89.81444850735616,16,327,0.8940267835523906,0.922030276861873,0.028003493309482375,24.014488380432198,0.09205553879165676,1.0056089743589745,0.0,0.0,-0.0,0.0,1.0,0.12222473716038361,0.0,1.0,0.0,0.0,0.021238451939610003,0.9885419760835489,0.9789036003403881,0.9872027239869757,1.0037848225180148,0.9899637156151263,1.0037848225180148
base_stream,gate_r2_uniform,softmax,gate_r2,0.0,816,9880681,12000,32,32,46,46,260.8695652173913,92.69318456622555,11,332,0.8878983451104006,0.922030276861873,0.034131931751472444,26.9701928867375,0.10338573939916042,1.007137192704203,0.0,0.0,-0.0,0.0,1.0,0.12222473716038361,0.0,1.0,0.0,0.0,0.021878444723013445,0.9883271092352052,1.0328066624334558,1.0563242402750836,1.0621005672472874,1.0504104899852755,1.0621005672472874
base_stream,gate_r2_uniform,softmax,gate_r2,0.0,816,9880682,12000,32,32,46,46,260.8695652173913,91.37062811658711,14,324,0.8907274162558496,0.922030276861873,0.031302860606023386,26.492000433272715,0.1015526683275454,1.0096930533117932,0.0,0.0,-0.0,0.0,1.0,0.12222473716038361,0.0,1.0,0.0,0.0,0.021114347412890047,0.9892414487855602,0.9802033238475042,0.9789131705363271,0.9725292657699681,0.9772152533845998,0.9802033238475042
base_stream,gate_r2_uniform,softmax,gate_r2,0.0,816,9880683,12000,32,32,46,46,260.8695652173913,91.78628501689275,13,326,0.8898407328451436,0.922030276861873,0.032189544016729355,27.271581003579215,0.10454106051372032,1.0155355682747342,0.0,0.0,-0.0,0.0,1.0,0.12222473716038361,0.0,1.0,0.0,0.0,0.020878750797546242,0.988721895180228,0.9783493070642515,0.989799863094566,0.843147699208573,0.9370989564557969,0.989799863094566
base_stream,gate_r2_uniform,softmax,gate_r2,0.0,816,9880684,12000,32,32,46,46,260.8695652173913,91.05053749468937,13,327,0.8914086921657755,0.922030276861873,0.030621584696097548,25.63964321802911,0.09828529900244493,0.9698412698412698,0.0,0.0,-0.0,0.0,1.0,0.12222473716038361,0.0,1.0,0.0,0.0,0.020493479723453258,0.9889926683978364,1.0340390043460252,0.8409269356053009,0.821174411892079,0.8987134506144683,1.0340390043460252
base_stream,gate_r2_uniform,softmax,gate_r2,0.0,816,9880685,12000,32,32,46,46,260.8695652173913,90.1970327998539,15,323,0.8932186394285266,0.922030276861873,0.02881163743334636,24.625013793860628,0.09439588620979907,0.9723101265822784,0.0,0.0,-0.0,0.0,1.0,0.12222473716038361,0.0,1.0,0.0,0.0,0.021451336081165014,0.9890586435602566,1.0287527520990378,1.0732706218158856,1.0035971375994022,1.0352068371714418,1.0732706218158856
base_stream,gate_r2_uniform,softmax,gate_r2,0.0,816,9880686,12000,32,32,46,46,260.8695652173913,91.92307953928044,13,329,0.8895484286472943,0.922030276861873,0.03248184821457867,26.13343685279704,0.10017817460238865,0.9864217252396166,0.0,0.0,-0.0,0.0,1.0,0.12222473716038361,0.0,1.0,0.0,0.0,0.020062436125140568,0.9887015830453216,0.9839177069367366,0.9179300137687462,0.9708108677367981,0.9575528628140937,0.9839177069367366
base_stream,gate_r2_active_bonus3,active_bonus,gate_r2,,816,9881664,12000,32,32,46,46,260.8695652173913,82.37866141381944,18,365,0.9093223040620716,0.922030276861873,0.012707972799801404,24.78077796441708,0.09499298219693214,1.0794066317626527,0.0,0.0,-0.0,0.0,1.0,0.12222473716038361,0.0,0.959552441085104,0.04044755891489603,0.0,0.036033425000313986,0.9850627830329844,0.9860193557955781,2.8860361415965525,3.6537323079063984,2.50859593509951,3.6537323079063984
base_stream,gate_r2_active_bonus3,active_bonus,gate_r2,,816,9881665,12000,32,32,46,46,260.8695652173913,83.0886401212721,16,366,0.9078971389866188,0.922030276861873,0.014133137875254165,25.947270946386972,0.09946453862781672,1.0822898032200359,0.0,0.0,-0.0,0.0,1.0,0.12222473716038361,0.0,0.9577537631715644,0.042246236828435674,0.0,0.03691933196437709,0.9853931090763942,1.0003191319007365,3.029547923849493,3.9601306939822165,2.6633325832441486,3.9601306939822165
base_stream,gate_r2_active_bonus3,active_bonus,gate_r2,,816,9881666,12000,32,32,46,46,260.8695652173913,83.1997618871102,15,370,0.9076733799870728,0.922030276861873,0.01435689687480024,25.72851573136566,0.09862597697023504,1.0868794326241136,0.0,0.0,-0.0,0.0,1.0,0.12222473716038361,0.0,0.9596246298416721,0.040375370158327935,0.0,0.036692608274449756,0.9852011288660769,0.9898816006150033,3.0108860480041892,3.7430622740035275,2.5812766408742402,3.7430622740035275
base_stream,gate_r2_active_bonus3,active_bonus,gate_r2,,816,9881667,12000,32,32,46,46,260.8695652173913,82.18129711475196,18,364,0.9097170976931546,0.922030276861873,0.012313179168718436,24.422904431487368,0.0936211336540349,1.1129032258064515,0.0,0.0,-0.0,0.0,1.0,0.12222473716038361,0.0,0.9581928121678472,0.041807187832152794,0.0,0.03642964138248634,0.9851650859293098,0.9865996395144607,2.8342765914533965,3.6085956679911138,2.4764906329863234,3.6085956679911138
base_stream,gate_r2_active_bonus3,active_bonus,gate_r2,,816,9881668,12000,32,32,46,46,260.8695652173913,82.7990255917387,15,365,0.9084794290226977,0.922030276861873,0.013550847839175262,24.616184142533758,0.09436203921304608,1.1078610603290677,0.0,0.0,-0.0,0.0,1.0,0.12222473716038361,0.0,0.9610837662419623,0.038916233758037606,0.0,0.035613711352790386,0.9861612667634269,0.9887566269563975,2.7514336475655337,3.4058204905883147,2.382003588370082,3.4058204905883147
base_stream,gate_r2_active_bonus3,active_bonus,gate_r2,,816,9881669,12000,32,32,46,46,260.8695652173913,83.30473359264406,14,364,0.9074618317772464,0.922030276861873,0.014568445084626624,25.219902423698425,0.09667629262417729,1.0802854594112399,0.0,0.0,-0.0,0.0,1.0,0.12222473716038361,0.0,0.9612277204760709,0.03877227952392916,0.0,0.03581232348440186,0.9849304891696067,1.0194089508179303,2.906830135110095,3.9547702139072474,2.627003099945091,3.9547702139072474
base_stream,gate_r2_active_bonus3,active_bonus,gate_r2,,816,9881670,12000,32,32,46,46,260.8695652173913,83.50490969571325,18,366,0.9070579539987574,0.922030276861873,0.014972322863115561,25.72429066922512,0.09860978089869629,1.0970614425645593,0.0,0.0,-0.0,0.0,1.0,0.12222473716038361,0.0,0.9579801735813852,0.04201982641861478,0.0,0.03676903148439052,0.9848605381293852,0.917107374235068,2.9604302529392545,3.827943722614323,2.568493783262882,3.827943722614323
base_stream,gate_r2_active_bonus3,active_bonus,gate_r2,,816,9881671,12000,32,32,46,46,260.8695652173913,82.50734056820068,15,364,0.9090645783567834,0.922030276861873,0.012965698505089551,24.845610232515664,0.09524150589131004,1.0857400722021662,0.0,0.0,-0.0,0.0,1.0,0.12222473716038361,0.0,0.9607962366317243,0.03920376336827564,0.0,0.036762344259893436,0.9855466444743489,0.9575734997692952,2.976014835021311,3.8189215144362008,2.584169949742269,3.8189215144362008
base_stream,gate_r2_active_bonus3,active_bonus,gate_r2,,816,9881672,12000,32,32,46,46,260.8695652173913,83.19349072980988,18,365,0.9076860128510186,0.922030276861873,0.014344264010854424,24.708738112870815,0.09471682943267146,1.0917186108637578,0.0,0.0,-0.0,0.0,1.0,0.12222473716038361,0.0,0.9607470350097427,0.03925296499025733,0.0,0.035198857259265005,0.9858133260887809,0.9481213148837244,2.7942390601193945,3.6655130004691614,2.4692911251574268,3.6655130004691614
base_stream,gate_r2_active_bonus3,active_bonus,gate_r2,,816,9881673,12000,32,32,46,46,260.8695652173913,82.92705246326886,18,365,0.9082221808140184,0.922030276861873,0.013808096047854601,26.40240437008984,0.10120921675201106,1.1310282074613285,0.0,0.0,-0.0,0.0,1.0,0.12222473716038361,0.0,0.958546438821792,0.04145356117820793,0.0,0.03797603036389503,0.9857835487767108,0.9892159794144794,3.085310311138501,4.128775445461109,2.7344339120046968,4.128775445461109
base_stream,gate_r2_active_bonus3,active_bonus,gate_r2,,816,9881674,12000,32,32,46,46,260.8695652173913,82.72941979617025,15,364,0.9086191842977278,0.922030276861873,0.013411092564145188,25.327421125522537,0.09708844764783639,1.1149321266968326,0.0,0.0,-0.0,0.0,1.0,0.12222473716038361,0.0,0.9580529476003109,0.04194705239968914,0.0,0.03742632534467842,0.984555972533696,0.9848666308916305,3.075615292659039,4.04239122462887,2.700957716059847,4.04239122462887
base_stream,gate_r2_active_bonus3,active_bonus,gate_r2,,816,9881675,12000,32,32,46,46,260.8695652173913,82.43406026100688,17,368,0.9092113795987059,0.922030276861873,0.012818897263167095,25.117982472289864,0.09628559947711114,1.0880281690140845,0.0,0.0,-0.0,0.0,1.0,0.12222473716038361,0.0,0.958374591533338,0.04162540846666192,0.0,0.03666119187105814,0.9856758135240878,1.0312663305454666,2.924414195096504,3.7051435610074344,2.553608028883135,3.7051435610074344
base_stream,gate_r2_active_bonus3,active_bonus,gate_r2,,816,9881676,12000,32,32,46,46,260.8695652173913,83.24443020815583,17,370,0.9075833810087723,0.922030276861873,0.01444689585310066,25.50191808642943,0.09775735266464615,1.0776014109347443,0.0,0.0,-0.0,0.0,1.0,0.12222473716038361,0.0,0.958341498650595,0.04165850134940499,0.0,0.036177420598182776,0.9849844333330848,0.9188588906373076,2.909329574233145,3.7907743733138175,2.5396542793947567,3.7907743733138175
base_stream,gate_r2_active_bonus3,active_bonus,gate_r2,,816,9881677,12000,32,32,46,46,260.8695652173913,82.63608241683694,18,364,0.9088064710252048,0.922030276861873,0.013223805836668157,24.441589644452876,0.09369276030373602,1.0664335664335665,0.0,0.0,-0.0,0.0,1.0,0.12222473716038361,0.0,0.9605908519721169,0.03940914802788304,0.0,0.03608405118505766,0.984929403058016,0.9511134339735633,2.938034220061557,3.757532275444393,2.548893309826504,3.757532275444393
base_stream,gate_r2_active_bonus3,active_bonus,gate_r2,,816,9881678,12000,32,32,46,46,260.8695652173913,83.00539759705839,16,366,0.9080646355362771,0.922030276861873,0.013965641325595857,25.074671093252302,0.09611957252413382,1.1233000906618313,0.0,0.0,-0.0,0.0,1.0,0.12222473716038361,0.0,0.9570889532862779,0.0429110467137221,0.0,0.03710324892174272,0.9853750707318694,0.9719082483867644,3.064073962084539,3.934154409439007,2.65671220663677,3.934154409439007
base_stream,gate_r2_active_bonus3,active_bonus,gate_r2,,816,9881679,12000,32,32,46,46,260.8695652173913,82.63897614365654,16,366,0.9088006666153867,0.922030276861873,0.013229610246486279,24.121972664303208,0.09246756187982896,1.0831858407079646,0.0,0.0,-0.0,0.0,1.0,0.12222473716038361,0.0,0.9590569209810528,0.04094307901894723,0.0,0.03606939235174996,0.9850442941468023,0.9916736491694614,2.8864459004914087,3.628328135637188,2.502149228432686,3.628328135637188
base_stream,gate_r2_active_bonus3,active_bonus,gate_r2,,816,9881680,12000,32,32,46,46,260.8695652173913,82.23867933078591,15,358,0.9096023766697299,0.922030276861873,0.012427900192143126,23.879225098489854,0.09153702954421111,1.0721282279608193,0.0,0.0,-0.0,0.0,1.0,0.12222473716038361,0.0,0.9610899168834426,0.038910083116557435,0.0,0.03620986152922691,0.9858857377459992,1.0183679900252771,2.8464065118782576,3.616602778107787,2.4937924266704403,3.616602778107787
base_stream,gate_r2_active_bonus3,active_bonus,gate_r2,,816,9881681,12000,32,32,46,46,260.8695652173913,82.34091610510752,17,362,0.9093978538311693,0.922030276861873,0.012632423030703666,24.127379360026,0.09248828754676633,1.0863757791629565,0.0,0.0,-0.0,0.0,1.0,0.12222473716038361,0.0,0.9584499257566397,0.0415500742433603,0.0,0.03627258848725148,0.9853069429403674,0.9726979201163928,2.9554530720763106,3.7975212041063515,2.575224065433018,3.7975212041063515
base_stream,gate_r2_active_bonus3,active_bonus,gate_r2,,816,9881682,12000,32,32,46,46,260.8695652173913,82.55370022930586,17,369,0.9089716639445911,0.922030276861873,0.013058612917281942,25.1093261731486,0.09625241699706963,1.0793650793650793,0.0,0.0,-0.0,0.0,1.0,0.12222473716038361,0.0,0.9569712864740202,0.04302871352597983,0.0,0.036410421666191364,0.984520803851874,0.9712211356147225,2.9642023689908448,3.9302918615565416,2.621905122054036,3.9302918615565416
base_stream,gate_r2_active_bonus3,active_bonus,gate_r2,,816,9881683,12000,32,32,46,46,260.8695652173913,82.47387167161861,17,368,0.9091316363515881,0.922030276861873,0.012898640510284887,25.36944413368519,0.09724953584579323,1.1171088746569076,0.0,0.0,-0.0,0.0,1.0,0.12222473716038361,0.0,0.9563103256066019,0.043689674393398055,0.0,0.03770964111808108,0.9850294945429485,0.9453437372421878,3.0893611191855683,3.9672927786871615,2.667332545038306,3.9672927786871615
base_stream,gate_r2_active_bonus3,active_bonus,gate_r2,,816,9881684,12000,32,32,46,46,260.8695652173913,83.20446494490236,14,367,0.9076639055698745,0.922030276861873,0.01436637129199847,25.317977802344327,0.09705224824231992,1.095067264573991,0.0,0.0,-0.0,0.0,1.0,0.12222473716038361,0.0,0.9579165579412823,0.042083442058717675,0.0,0.03672179478703802,0.9856456338911722,0.9569337737432247,2.97134970118181,3.757250339588641,2.561844604837892,3.757250339588641
base_stream,gate_r2_active_bonus3,active_bonus,gate_r2,,816,9881685,12000,32,32,46,46,260.8695652173913,83.07189361334322,16,366,0.9079308440173045,0.922030276861873,0.014099432844568494,25.042572447386647,0.09599652771498214,1.0914742451154529,0.0,0.0,-0.0,0.0,1.0,0.12222473716038361,0.0,0.9597843225677344,0.040215677432265666,0.0,0.0365274775817928,0.9853163921610156,0.9392324803384602,2.9341167978910767,3.8217876851361363,2.5650456544552243,3.8217876851361363
base_stream,gate_r2_active_bonus3,active_bonus,gate_r2,,816,9881686,12000,32,32,46,46,260.8695652173913,82.39502113906288,15,367,0.9092895521190753,0.922030276861873,0.012740724742797749,24.705218600266555,0.09470333796768846,1.1032315978456015,0.0,0.0,-0.0,0.0,1.0,0.12222473716038361,0.0,0.9599283043787159,0.04007169562128406,0.0,0.0361782183746164,0.9856545364388911,0.9642013316800069,2.9634566084376037,3.798066034321626,2.5752413248130788,3.798066034321626
base_stream,gate_r2_active_bonus3,active_bonus,gate_r2,,816,9881687,12000,32,32,46,46,260.8695652173913,82.31979229905035,18,368,0.9094401249126116,0.922030276861873,0.012590151949261386,25.36773027155632,0.09724296604096588,1.1072386058981234,0.0,0.0,-0.0,0.0,1.0,0.12222473716038361,0.0,0.9593464337207553,0.0406535662792446,0.0,0.037422928534019836,0.9851493728823009,0.9847165061480384,3.0178506163947367,3.966800008535218,2.656455710359331,3.966800008535218
base_stream,gate_r2_active_bonus3,active_bonus,gate_r2,,816,9881688,12000,32,32,46,46,260.8695652173913,82.67868888330982,17,362,0.9087209953927845,0.922030276861873,0.013309281469088496,25.02172968684897,0.09591663046625439,1.0884718498659518,0.0,0.0,-0.0,0.0,1.0,0.12222473716038361,0.0,0.9603189794673496,0.039681020532650456,0.0,0.037027824383595954,0.9855895726492352,0.9310117398560258,2.9220495918392766,3.7150178165963204,2.5226930494305413,3.7150178165963204
base_stream,gate_r2_active_bonus3,active_bonus,gate_r2,,816,9881689,12000,32,32,46,46,260.8695652173913,82.76803854241557,14,364,0.9085416543634984,0.922030276861873,0.01348862249837457,25.33085418838148,0.097101607722129,1.1010009099181073,0.0,0.0,-0.0,0.0,1.0,0.12222473716038361,0.0,0.955772702501376,0.04422729749862402,0.0,0.03789551491352118,0.9846010729317655,0.9680971670593758,3.2257830793910567,4.053493902153508,2.7491247162013135,4.053493902153508
base_stream,gate_r2_active_bonus3,active_bonus,gate_r2,,816,9881690,12000,32,32,46,46,260.8695652173913,83.87143595632652,12,367,0.9063168699782965,0.922030276861873,0.015713406883576475,25.721755298816095,0.09860006197879503,1.130832570905764,0.0,0.0,-0.0,0.0,1.0,0.12222473716038361,0.0,0.9607455803147433,0.03925441968525662,0.0,0.0370513262899067,0.9851741469872864,0.9439580849150928,3.0858872529681713,3.9039852050768906,2.6446101809867186,3.9039852050768906
base_stream,gate_r2_active_bonus3,active_bonus,gate_r2,,816,9881691,12000,32,32,46,46,260.8695652173913,82.73283578605455,16,369,0.9086123273756465,0.922030276861873,0.013417949486226544,25.465236320709163,0.09761673922938512,1.1046511627906976,0.0,0.0,-0.0,0.0,1.0,0.12222473716038361,0.0,0.9580790274215583,0.04192097257844177,0.0,0.037221003661796016,0.9848377065951718,0.9925610039477442,3.0789364159661496,3.870929874393643,2.647475764769179,3.870929874393643
base_stream,gate_r2_active_bonus3,active_bonus,gate_r2,,816,9881692,12000,32,32,46,46,260.8695652173913,83.25356989229329,18,369,0.90756496236555,0.922030276861873,0.014465314496323045,26.47968868856804,0.10150547330617748,1.0918822479928636,0.0,0.0,-0.0,0.0,1.0,0.12222473716038361,0.0,0.9576678245748531,0.042332175425146834,0.0,0.03713834014391928,0.9848612770648533,0.9799131034520835,3.0678990266592265,3.976754430293939,2.6748555201350825,3.976754430293939
base_stream,gate_r2_active_bonus3,active_bonus,gate_r2,,816,9881693,12000,32,32,46,46,260.8695652173913,82.89086819575331,17,368,0.9082949124585363,0.922030276861873,0.01373536440333667,25.94391945180487,0.09945169123191866,1.0922803904170364,0.0,0.0,-0.0,0.0,1.0,0.12222473716038361,0.0,0.9559315832190657,0.044068416780934296,0.0,0.03706190065823015,0.9848007538528359,0.9576702447991001,3.056341581211537,3.9567813854194016,2.6569310704766793,3.9567813854194016
base_stream,gate_r2_active_bonus3,active_bonus,gate_r2,,816,9881694,12000,32,32,46,46,260.8695652173913,82.48652292967837,16,361,0.9091062904347119,0.922030276861873,0.012923986427161083,24.918126805164565,0.09551948608646417,1.0851063829787233,0.0,0.0,-0.0,0.0,1.0,0.12222473716038361,0.0,0.9590493613117896,0.04095063868821042,0.0,0.03644283340975041,0.9849910479322465,1.0356853251616436,2.925848974465863,3.766759469061017,2.5760979228961745,3.766759469061017
base_stream,gate_r2_active_bonus3,active_bonus,gate_r2,,816,9881695,12000,32,32,46,46,260.8695652173913,83.05959324632975,17,363,0.9079555977429838,0.922030276861873,0.014074679118889155,24.994782064158564,0.09581333124594116,1.116152450090744,0.0,0.0,-0.0,0.0,1.0,0.12222473716038361,0.0,0.9562103711824167,0.04378962881758325,0.0,0.03732378400755209,0.9853779622964189,0.9842642896813926,3.04330324407813,3.8448954738739824,2.6241543358778348,3.8448954738739824
long_stream,ercb_beta_0,softmax,token,0.0,816,10876622,18000,32,32,54,54,333.3333333333333,142.78357100222752,2,451,0.8449626005470288,0.8997174887085455,0.054754888161516746,53.71150645742424,0.16113451937227274,0.997229916897507,0.0,0.0,-0.0,0.0,1.0,0.0981602797144488,0.0,1.0,0.0,0.0,0.025703589714997654,0.9852230075161869,0.976677867559153,1.010907660615614,1.0704572589053996,1.0193475956933888,1.0704572589053996
long_stream,ercb_beta_0,softmax,token,0.0,816,10876623,18000,32,32,54,54,333.3333333333333,143.9951130858009,1,454,0.8427359253268552,0.8997174887085455,0.05698156338169036,54.97069926586143,0.16491209779758428,0.9867216117216117,0.0,0.0,-0.0,0.0,1.0,0.0981602797144488,0.0,1.0,0.0,0.0,0.02603456800946318,0.9848998480603538,0.9936704879569208,1.0698598894101081,1.0057196563255342,1.0230833445641876,1.0698598894101081
long_stream,ercb_beta_0,softmax,token,0.0,816,10876624,18000,32,32,54,54,333.3333333333333,145.3742297199427,0,455,0.8401928074454525,0.8997174887085455,0.05952468126309296,57.54997827975264,0.17264993483925792,0.9995393827729158,0.0,0.0,-0.0,0.0,1.0,0.0981602797144488,0.0,1.0,0.0,0.0,0.026029066373119535,0.9849643630444804,1.002273998552038,1.0281657488351006,1.0415617468744063,1.0240004980871815,1.0415617468744063
long_stream,ercb_beta_0,softmax,token,0.0,816,10876625,18000,32,32,54,54,333.3333333333333,145.0120046116234,1,447,0.8408616140787142,0.8997174887085455,0.05885587462983133,57.366592420379355,0.17209977726113806,0.9958696649839376,0.0,0.0,-0.0,0.0,1.0,0.0981602797144488,0.0,1.0,0.0,0.0,0.02544456496829961,0.9851289347592421,0.9594634959718558,0.9908521669356078,0.9405405682841937,0.9636187437305525,0.9908521669356078
long_stream,ercb_beta_0,softmax,token,0.0,816,10876626,18000,32,32,54,54,333.3333333333333,143.85203303188806,1,456,0.8429992564746558,0.8997174887085455,0.05671823223388972,54.957559382976,0.164872678148928,0.998133457769482,0.0,0.0,-0.0,0.0,1.0,0.0981602797144488,0.0,1.0,0.0,0.0,0.024752092583272173,0.9855891424834718,1.0167233875031747,1.0031675887780112,0.9230159136031941,0.9809689632947934,1.0167233875031747
long_stream,ercb_beta_0,softmax,token,0.0,816,10876627,18000,32,32,54,54,333.3333333333333,142.94559959804445,2,448,0.8446652211629182,0.8997174887085455,0.05505226754562731,54.78442601080469,0.16435327803241406,0.9883828996282528,0.0,0.0,-0.0,0.0,1.0,0.0981602797144488,0.0,1.0,0.0,0.0,0.02597215006333129,0.98501648809336,0.9903556897316365,1.0773798168592383,1.0827349170456364,1.050156807878837,1.0827349170456364
long_stream,ercb_beta_0,softmax,token,0.0,816,10876628,18000,32,32,54,54,333.3333333333333,144.04101782067085,1,452,0.8426514195446255,0.8997174887085455,0.057066069163919986,55.068307750633835,0.1652049232519015,1.006941230911615,0.0,0.0,-0.0,0.0,1.0,0.0981602797144488,0.0,1.0,0.0,0.0,0.025343005768092886,0.9851342253235317,1.016685898236847,0.9885972674208301,0.9802495283502287,0.995177564669302,1.016685898236847
long_stream,ercb_beta_0,softmax,token,0.0,816,10876629,18000,32,32,54,54,333.3333333333333,144.00090020294755,1,462,0.8427252724039216,0.8997174887085455,0.05699221630462392,55.47538660089282,0.16642615980267847,0.9902912621359222,0.0,0.0,-0.0,0.0,1.0,0.0981602797144488,0.0,1.0,0.0,0.0,0.02508770693579582,0.985812261493117,0.9972735751234627,0.9661249209061293,1.0357701043137175,0.9997228667811031,1.0357701043137175
long_stream,ercb_beta_0,softmax,token,0.0,816,10876630,18000,32,32,54,54,333.3333333333333,143.05437971469297,1,446,0.844465499784239,0.8997174887085455,0.055251988924306494,53.937549622310975,0.16181264886693295,1.0127358490566036,0.0,0.0,-0.0,0.0,1.0,0.0981602797144488,0.0,1.0,0.0,0.0,0.02505925934468183,0.9853627995101574,0.9904606858268492,1.0084410503964223,1.0058985240927982,1.0016000867720232,1.0084410503964223
long_stream,ercb_beta_0,softmax,token,0.0,816,10876631,18000,32,32,54,54,333.3333333333333,142.48872599976826,1,447,0.8455034155519644,0.8997174887085455,0.05421407315658111,53.91625879976246,0.1617487763992874,1.0074314909428703,0.0,0.0,-0.0,0.0,1.0,0.0981602797144488,0.0,1.0,0.0,0.0,0.025663820223108095,0.9853280802488525,0.9670513049202142,1.0610762349229699,0.9949958455873127,1.0077077951434987,1.0610762349229699
long_stream,ercb_beta_0,softmax,token,0.0,816,10876632,18000,32,32,54,54,333.3333333333333,144.79026977743436,1,456,0.8412707226010745,0.8997174887085455,0.058446766107471015,56.38820470301949,0.16916461410905848,1.0032392410920872,0.0,0.0,-0.0,0.0,1.0,0.0981602797144488,0.0,1.0,0.0,0.0,0.025255850551681214,0.9848149850364838,1.0084775150057763,1.028156235077884,0.9608982052739243,0.9991773184525282,1.028156235077884
long_stream,ercb_beta_0,softmax,token,0.0,816,10876633,18000,32,32,54,54,333.3333333333333,143.8714704171748,1,451,0.842963488722413,0.8997174887085455,0.05675399998613251,54.20263762886384,0.16260791288659154,1.0130657956136258,0.0,0.0,-0.0,0.0,1.0,0.0981602797144488,0.0,1.0,0.0,0.0,0.025866260087780226,0.9851645115567237,1.0200630241691437,1.048069693846951,1.118467517985181,1.062200078667092,1.118467517985181
long_stream,ercb_beta_0,softmax,token,0.0,816,10876634,18000,32,32,54,54,333.3333333333333,143.59897864075035,2,457,0.8434647507646008,0.8997174887085455,0.0562527379439447,55.641710972974224,0.1669251329189227,0.9880294659300184,0.0,0.0,-0.0,0.0,1.0,0.0981602797144488,0.0,1.0,0.0,0.0,0.025852117806150075,0.9852465401854952,0.9690133916775687,1.0202083898195509,1.0566050964822218,1.015275625993114,1.0566050964822218
long_stream,ercb_beta_0,softmax,token,0.0,816,10876635,18000,32,32,54,54,333.3333333333333,143.36537109647375,1,446,0.843894200421497,0.8997174887085455,0.05582328828704852,54.785778095062966,0.1643573342851889,0.9894301470588236,0.0,0.0,-0.0,0.0,1.0,0.0981602797144488,0.0,1.0,0.0,0.0,0.02499373606350358,0.985623227669407,0.9892371940012281,0.9849715290986109,0.9643402721918333,0.9795163317638907,0.9892371940012281
long_stream,ercb_beta_0,softmax,token,0.0,816,10876636,18000,32,32,54,54,333.3333333333333,143.63069928736607,0,447,0.8434064173107481,0.8997174887085455,0.05631107139779745,54.356504943103445,0.16306951482931034,0.98308957952468,0.0,0.0,-0.0,0.0,1.0,0.0981602797144488,0.0,1.0,0.0,0.0,0.025570230276827168,0.9854484866342449,1.0580775726681741,1.02686334098223,0.9737444158670179,1.0195617765058074,1.0580775726681741
long_stream,ercb_beta_0,softmax,token,0.0,816,10876637,18000,32,32,54,54,333.3333333333333,143.76098991806583,1,448,0.8431667657387616,0.8997174887085455,0.05655072296978392,55.23853995442219,0.16571561986326658,1.0079180251513742,0.0,0.0,-0.0,0.0,1.0,0.0981602797144488,0.0,1.0,0.0,0.0,0.02585806345091873,0.9858450814254158,1.0106586340327013,1.0026147105079983,1.0717614909106645,1.0283449451504547,1.0717614909106645
long_stream,ercb_beta_0,softmax,token,0.0,816,10876638,18000,32,32,54,54,333.3333333333333,142.2713890708464,0,447,0.8459017891104806,0.8997174887085455,0.05381569959806487,53.17580903631525,0.15952742710894577,0.981132075471698,0.0,0.0,-0.0,0.0,1.0,0.0981602797144488,0.0,1.0,0.0,0.0,0.02527474656671368,0.9850637070604772,0.9660775077017099,1.001528871588381,1.0095187020824299,0.9923750271241736,1.0095187020824299
long_stream,ercb_beta_0,softmax,token,0.0,816,10876639,18000,32,32,54,54,333.3333333333333,143.75442022189557,0,452,0.8431788517253126,0.8997174887085455,0.056538636983232915,54.7482453633938,0.16424473609018142,0.9890009165902842,0.0,0.0,-0.0,0.0,1.0,0.0981602797144488,0.0,1.0,0.0,0.0,0.025301691142458924,0.9854234221476481,1.0100912543574596,0.9580694699891058,0.9989098374937354,0.9890235206134337,1.0100912543574596
long_stream,ercb_beta_0,softmax,token,0.0,816,10876640,18000,32,32,54,54,333.3333333333333,144.86801144745772,1,448,0.8411273124692638,0.8997174887085455,0.058590176239281755,55.6333899207488,0.1669001697622464,1.0126286248830683,0.0,0.0,-0.0,0.0,1.0,0.0981602797144488,0.0,1.0,0.0,0.0,0.02514638302584045,0.9854956776698615,1.0176642945466496,1.0161261614050119,1.0149732125651965,1.016254556172286,1.0176642945466496
long_stream,ercb_beta_0,softmax,token,0.0,816,10876641,18000,32,32,54,54,333.3333333333333,143.2977992128953,0,450,0.8440183714665522,0.8997174887085455,0.05569911724199328,53.751485767578764,0.1612544573027363,1.0,0.0,0.0,-0.0,0.0,1.0,0.0981602797144488,0.0,1.0,0.0,0.0,0.02420025494016735,0.9847331872969509,1.0186199847584938,0.9162129399132831,0.9463005699817041,0.9603778315511603,1.0186199847584938
long_stream,ercb_beta_0,softmax,token,0.0,816,10876642,18000,32,32,54,54,333.3333333333333,141.29375756177598,0,445,0.8476908618359967,0.8997174887085455,0.052026626872548776,52.187340596341166,0.1565620217890235,0.988388295401765,0.0,0.0,-0.0,0.0,1.0,0.0981602797144488,0.0,1.0,0.0,0.0,0.0253678495299037,0.9852027925054379,1.0026174341203826,1.0134557753708016,0.9844582778398326,1.0001771624436722,1.0134557753708016
long_stream,ercb_beta_0,softmax,token,0.0,816,10876643,18000,32,32,54,54,333.3333333333333,143.38035404449917,0,458,0.8438666645663763,0.8997174887085455,0.05585082414216924,55.45635587926245,0.16636906763778736,0.9682251475261008,0.0,0.0,-0.0,0.0,1.0,0.0981602797144488,0.0,1.0,0.0,0.0,0.0258733938096733,0.9848387982546762,0.9938037092212426,1.0437238053113316,1.107749954226957,1.0484258229198438,1.107749954226957
long_stream,ercb_beta_0,softmax,token,0.0,816,10876644,18000,32,32,54,54,333.3333333333333,144.88539532257133,2,455,0.8410952405784716,0.8997174887085455,0.058622248130073884,57.66538213084429,0.17299614639253288,1.006038086391082,0.0,0.0,-0.0,0.0,1.0,0.0981602797144488,0.0,1.0,0.0,0.0,0.025063953252820917,0.9852267606639862,1.018432222946624,1.006535323459486,1.0464289647274718,1.0237988370445272,1.0464289647274718
long_stream,ercb_beta_0,softmax,token,0.0,816,10876645,18000,32,32,54,54,333.3333333333333,144.04178920381764,2,457,0.8426499994241892,0.8997174887085455,0.05706748928435634,53.807613394939374,0.16142284018481812,0.9884845693228926,0.0,0.0,-0.0,0.0,1.0,0.0981602797144488,0.0,1.0,0.0,0.0,0.024978840621880914,0.9850381988793143,1.0205566511126594,0.9838623399134808,0.9481624910736792,0.9841938273666063,1.0205566511126594
long_stream,ercb_beta_0,softmax,token,0.0,816,10876646,18000,32,32,54,54,333.3333333333333,143.64617023165715,1,448,0.8433779648952356,0.8997174887085455,0.056339523813309866,55.005386941576845,0.16501616082473056,0.9822404371584699,0.0,0.0,-0.0,0.0,1.0,0.0981602797144488,0.0,1.0,0.0,0.0,0.024757603736995315,0.9852190099186023,1.019529080396487,0.9615056072265935,0.9000590741841218,0.9603645872690674,1.019529080396487
long_stream,ercb_beta_0,softmax,token,0.0,816,10876647,18000,32,32,54,54,333.3333333333333,143.64617023165715,2,453,0.8433779648952356,0.8997174887085455,0.056339523813309866,55.32295752786206,0.1659688725835862,0.9995389580451821,0.0,0.0,-0.0,0.0,1.0,0.0981602797144488,0.0,1.0,0.0,0.0,0.024858611768863424,0.9852819025316386,0.9749616255222504,0.9999334382065954,0.9590543632740883,0.9779831423343114,0.9999334382065954
long_stream,ercb_beta_0,softmax,token,0.0,816,10876648,18000,32,32,54,54,333.3333333333333,143.05282629543223,2,453,0.8444683522817957,0.8997174887085455,0.05524913642674978,55.6357199408198,0.1669071598224594,1.0,0.0,0.0,-0.0,0.0,1.0,0.0981602797144488,0.0,1.0,0.0,0.0,0.025464541040091358,0.9851718355548524,1.0153207141188203,1.0222386565224792,1.0179009676200215,1.0184867794204404,1.0222386565224792
long_stream,ercb_beta_0,softmax,token,0.0,816,10876649,18000,32,32,54,54,333.3333333333333,143.522743068051,1,452,0.8436049263153277,0.8997174887085455,0.056112562393217824,54.55951558381673,0.16367854675145022,0.988431281813975,0.0,0.0,-0.0,0.0,1.0,0.0981602797144488,0.0,1.0,0.0,0.0,0.02491941397891258,0.985736249137394,0.9957913117567673,0.937193320196578,0.872906128076705,0.9352969200100167,0.9957913117567673
long_stream,ercb_beta_0,softmax,token,0.0,816,10876650,18000,32,32,54,54,333.3333333333333,144.03098946381618,1,455,0.8426698815458947,0.8997174887085455,0.05704760716265078,55.595430134605955,0.16678629040381787,0.9922125515345853,0.0,0.0,-0.0,0.0,1.0,0.0981602797144488,0.0,1.0,0.0,0.0,0.024889119684517357,0.9852954178902823,0.9728110092527993,1.000250960719376,0.9768533770805653,0.9833051156842468,1.000250960719376
long_stream,ercb_beta_0,softmax,token,0.0,816,10876651,18000,32,32,54,54,333.3333333333333,143.51654956833374,1,450,0.8436163131773712,0.8997174887085455,0.05610117553117433,55.931174637194026,0.1677935239115821,0.9898989898989898,0.0,0.0,-0.0,0.0,1.0,0.0981602797144488,0.0,1.0,0.0,0.0,0.02500039510928846,0.9854186070326606,0.9934634324185988,0.9697409901508137,1.0235004052524914,0.9955682759406347,1.0235004052524914
long_stream,ercb_beta_0,softmax,token,0.0,816,10876652,18000,32,32,54,54,333.3333333333333,144.7525346800404,1,450,0.8413403224408741,0.8997174887085455,0.05837716626767142,55.888115744597094,0.16766434723379128,0.9840836743974534,0.0,0.0,-0.0,0.0,1.0,0.0981602797144488,0.0,1.0,0.0,0.0,0.025793643346304726,0.9849493317065064,1.0161475202840389,0.9999816512249541,1.0586470419102123,1.0249254044730685,1.0586470419102123
long_stream,ercb_beta_0,softmax,token,0.0,816,10876653,18000,32,32,54,54,333.3333333333333,144.91121164098814,2,458,0.8410476089016479,0.8997174887085455,0.05866987980689764,57.312011539176204,0.17193603461752863,0.9913439635535307,0.0,0.0,-0.0,0.0,1.0,0.0981602797144488,0.0,1.0,0.0,0.0,0.026097535822408858,0.9850255521060114,0.9950509059512759,0.9953532121721956,1.0081492895926059,0.9995178025720257,1.0081492895926059
long_stream,ercb_beta_0p006,softmax,token,0.006,816,10877631,18000,32,32,54,54,333.3333333333333,115.97030271199223,2,417,0.8920272389437683,0.8997174887085455,0.007690249764777168,19.393584277051808,0.058180752831155425,0.9857703631010795,0.0,0.0,-0.0,0.0,1.0,0.0981602797144488,0.0,0.9768258245584944,0.023174175441505622,0.0,0.03797366020286075,0.980956983002235,1.02898893765176,1.731935963500181,2.8077113091991364,1.8562120701170255,2.8077113091991364
long_stream,ercb_beta_0p006,softmax,token,0.006,816,10877632,18000,32,32,54,54,333.3333333333333,116.14598094161025,2,421,0.8917353079919994,0.8997174887085455,0.007982180716546106,20.03422996699325,0.06010268990097976,1.0014836795252227,0.0,0.0,-0.0,0.0,1.0,0.0981602797144488,0.0,0.9750711176604848,0.024928882339515127,0.0,0.03756590274001793,0.9815785587701564,1.0237175034331045,1.660838052780108,2.5438051447898773,1.7427869003343635,2.5438051447898773
long_stream,ercb_beta_0p006,softmax,token,0.006,816,10877633,18000,32,32,54,54,333.3333333333333,116.15267730209428,2,417,0.8917241754449481,0.8997174887085455,0.007993313263597424,19.672315572906,0.05901694671871801,1.0019792182088076,0.0,0.0,-0.0,0.0,1.0,0.0981602797144488,0.0,0.97632971429688,0.02367028570312005,0.0,0.03786899863525492,0.9813490182343847,0.9567616355342607,1.7167541786862404,2.651923596694817,1.775146470305106,2.651923596694817
long_stream,ercb_beta_0p006,softmax,token,0.006,816,10877634,18000,32,32,54,54,333.3333333333333,115.88915521435254,2,415,0.892161999965503,0.8997174887085455,0.00755548874304246,20.186170550193058,0.060558511650579176,1.0234882558720642,0.0,0.0,-0.0,0.0,1.0,0.0981602797144488,0.0,0.9757124495512165,0.02428755044878353,0.0,0.03834691876561679,0.9806504489109944,1.031510679413712,1.7526688162593391,2.8032670429833444,1.862482179552132,2.8032670429833444
long_stream,ercb_beta_0p006,softmax,token,0.006,816,10877635,18000,32,32,54,54,333.3333333333333,116.02633800612304,2,417,0.8919341502855527,0.8997174887085455,0.007783338422992836,19.862490239607887,0.059587470718823664,0.9970355731225297,0.0,0.0,-0.0,0.0,1.0,0.0981602797144488,0.0,0.9756571350818516,0.024342864918148424,0.0,0.03710622302145742,0.9819461862830838,0.9922023878417154,1.6739363309758746,2.564195028626807,1.7434445824814657,2.564195028626807
long_stream,ercb_beta_0p006,softmax,token,0.006,816,10877636,18000,32,32,54,54,333.3333333333333,116.57472567699513,2,416,0.8910217970662216,0.8997174887085455,0.008695691642323866,20.54263858417414,0.06162791575252242,0.9990224828934506,0.0,0.0,-0.0,0.0,1.0,0.0981602797144488,0.0,0.9767795718408497,0.023220428159150257,0.0,0.0371147650310998,0.9812526011717767,1.02563183371761,1.7413112933876365,2.563966007881927,1.7769697116623913,2.563966007881927
long_stream,ercb_beta_0p006,softmax,token,0.006,816,10877637,18000,32,32,54,54,333.3333333333333,116.23778310954756,2,421,0.8915826572907835,0.8997174887085455,0.008134831417762056,21.206218514947537,0.06361865554484261,0.9896957801766436,0.0,0.0,-0.0,0.0,1.0,0.0981602797144488,0.0,0.9760277103692472,0.02397228963075283,0.0,0.03758933470159954,0.9816889615844361,1.0501018885762259,1.6910436279240164,2.520427360371203,1.753857625623815,2.520427360371203
long_stream,ercb_beta_0p006,softmax,token,0.006,816,10877638,18000,32,32,54,54,333.3333333333333,115.74445031092323,2,422,0.8924021771043512,0.8997174887085455,0.007315311604194297,18.892483318132793,0.056677449954398385,1.001496259351621,0.0,0.0,-0.0,0.0,1.0,0.0981602797144488,0.0,0.975473605470184,0.024526394529815927,0.0,0.03828066409911837,0.9806033063669594,0.9924807488525107,1.759297299309676,2.730301631113022,1.8273598930917363,2.730301631113022
long_stream,ercb_beta_0p006,softmax,token,0.006,816,10877639,18000,32,32,54,54,333.3333333333333,116.48923014914615,2,424,0.8911641961119694,0.8997174887085455,0.008553292596576112,20.38699658188105,0.06116098974564315,1.0034313725490196,0.0,0.0,-0.0,0.0,1.0,0.0981602797144488,0.0,0.9768322106607689,0.02316778933923111,0.0,0.037439709337504415,0.9813154742393395,1.0147011857347543,1.7091003347833151,2.538724016358183,1.7541751789587507,2.538724016358183
long_stream,ercb_beta_0p006,softmax,token,0.006,816,10877640,18000,32,32,54,54,333.3333333333333,116.20782787428418,2,416,0.8916324750380058,0.8997174887085455,0.008085013670539709,19.349610006597224,0.05804883001979168,1.0249128051818635,0.0,0.0,-0.0,0.0,1.0,0.0981602797144488,0.0,0.9755356713774482,0.02446432862255176,0.0,0.03788430413855413,0.9817139911970129,0.9837971876463324,1.710819823424372,2.59099690820561,1.761871306425438,2.59099690820561
long_stream,ercb_beta_0p006,softmax,token,0.006,816,10877641,18000,32,32,54,54,333.3333333333333,115.91168413287126,2,418,0.8921245917414837,0.8997174887085455,0.00759289696706178,19.320877213426318,0.057962631640278955,0.9900990099009901,0.0,0.0,-0.0,0.0,1.0,0.0981602797144488,0.0,0.9758580551048607,0.024141944895139305,0.0,0.03780214211723452,0.9812612199360756,1.0106676976187619,1.6805946763898374,2.6316490464983717,1.774303806835657,2.6316490464983717
long_stream,ercb_beta_0p006,softmax,token,0.006,816,10877642,18000,32,32,54,54,333.3333333333333,116.68253860288958,2,419,0.8908421427723008,0.8997174887085455,0.008875345936244727,20.81132170505062,0.06243396511515186,1.004952947003467,0.0,0.0,-0.0,0.0,1.0,0.0981602797144488,0.0,0.9769696753110235,0.023030324688976513,0.0,0.03751369867317124,0.9804343717318337,1.0588121456624995,1.7124538586070477,2.632078492699249,1.8011148323229318,2.632078492699249
long_stream,ercb_beta_0p006,softmax,token,0.006,816,10877643,18000,32,32,54,54,333.3333333333333,116.29894429634538,1,421,0.8914809191881462,0.8997174887085455,0.008236569520399306,19.71557008315265,0.05914671024945795,1.0064356435643564,0.0,0.0,-0.0,0.0,1.0,0.0981602797144488,0.0,0.976558982438936,0.02344101756106397,0.0,0.03765730500566592,0.9813485285009084,0.9888164839131163,1.7148130405589364,2.7663632106484526,1.823330911706835,2.7663632106484526
long_stream,ercb_beta_0p006,softmax,token,0.006,816,10877644,18000,32,32,54,54,333.3333333333333,115.80219405584744,1,419,0.8923063561361231,0.8997174887085455,0.00741113257242243,18.857162898818917,0.056571488696456756,1.006445215666832,0.0,0.0,-0.0,0.0,1.0,0.0981602797144488,0.0,0.974876534139832,0.02512346586016804,0.0,0.038243290983951655,0.9811641255732592,0.9936287912816297,1.7652699754604348,2.695773964137767,1.8182242436266105,2.695773964137767
long_stream,ercb_beta_0p006,softmax,token,0.006,816,10877645,18000,32,32,54,54,333.3333333333333,116.40558087677438,2,417,0.8913034629813448,0.8997174887085455,0.008414025727200736,21.038764926431153,0.06311629477929347,1.0109561752988048,0.0,0.0,-0.0,0.0,1.0,0.0981602797144488,0.0,0.9773227627066091,0.022677237293390832,0.0,0.03763077110268784,0.9813619627361515,1.0063048027737287,1.738323233834044,2.449235803898882,1.7312879468355515,2.449235803898882
long_stream,ercb_beta_0p006,softmax,token,0.006,816,10877646,18000,32,32,54,54,333.3333333333333,116.03591398068674,2,421,0.8919182396388088,0.8997174887085455,0.0077992490697367245,20.209092196519055,0.06062727658955717,1.003919647231749,0.0,0.0,-0.0,0.0,1.0,0.0981602797144488,0.0,0.9759984582825497,0.024001541717450288,0.0,0.0376353751326152,0.9813502300206761,0.971993721432351,1.7781173163621529,2.6095260495288923,1.7865456957744652,2.6095260495288923
long_stream,ercb_beta_0p006,softmax,token,0.006,816,10877647,18000,32,32,54,54,333.3333333333333,116.3841022616889,2,424,0.8913392133990864,0.8997174887085455,0.008378275309459116,20.13565108071861,0.06040695324215583,0.9876847290640394,0.0,0.0,-0.0,0.0,1.0,0.0981602797144488,0.0,0.9770781806952125,0.02292181930478751,0.0,0.03718605634556295,0.9812520447445635,1.032739217188816,1.6072848531270023,2.4979326863955853,1.7126522522371346,2.4979326863955853
long_stream,ercb_beta_0p006,softmax,token,0.006,816,10877648,18000,32,32,54,54,333.3333333333333,116.11520460620453,2,419,0.8917864682699402,0.8997174887085455,0.007931020438605274,20.853989759489405,0.06256196927846822,0.9915674603174603,0.0,0.0,-0.0,0.0,1.0,0.0981602797144488,0.0,0.9752933631790576,0.024706636820942374,0.0,0.036894643826354545,0.9811962268042977,0.969268084418286,1.6557124076119891,2.5842229835048567,1.7364011585117105,2.5842229835048567
long_stream,ercb_beta_0p006,softmax,token,0.006,816,10877649,18000,32,32,54,54,333.3333333333333,115.93325027151839,2,421,0.8920887782963126,0.8997174887085455,0.0076287104122328975,19.491688637106993,0.058475065911320984,0.9891732283464567,0.0,0.0,-0.0,0.0,1.0,0.0981602797144488,0.0,0.9756503612308652,0.024349638769134773,0.0,0.038475619820568796,0.9812958566656862,1.0098043516925403,1.7986181712786276,2.863984897190066,1.8908024733870779,2.863984897190066
long_stream,ercb_beta_0p006,softmax,token,0.006,816,10877650,18000,32,32,54,54,333.3333333333333,115.47390277557186,2,420,0.8928507653516761,0.8997174887085455,0.006866723356869442,18.20154653583855,0.05460463960751565,1.0074701195219125,0.0,0.0,-0.0,0.0,1.0,0.0981602797144488,0.0,0.9739779754786079,0.026022024521392087,0.0,0.038451934390780616,0.9809719178312463,0.9973173066884445,1.8051521403968553,2.8141480854238634,1.8722058441697211,2.8141480854238634
long_stream,ercb_beta_0p006,softmax,token,0.006,816,10877651,18000,32,32,54,54,333.3333333333333,115.8637450085548,2,417,0.8922041874711335,0.8997174887085455,0.007513301237412007,18.91109805457181,0.056733294163715434,0.9970443349753695,0.0,0.0,-0.0,0.0,1.0,0.0981602797144488,0.0,0.9758375348849161,0.02416246511508388,0.0,0.03788701581013458,0.9812269731049783,0.9995262625701973,1.7393662761659323,2.5738437353699135,1.7709120913686809,2.5738437353699135
long_stream,ercb_beta_0p006,softmax,token,0.006,816,10877652,18000,32,32,54,54,333.3333333333333,116.40685355921084,2,418,0.8913013445280782,0.8997174887085455,0.008416144180467322,21.23850451595107,0.06371551354785322,1.0029225523623964,0.0,0.0,-0.0,0.0,1.0,0.0981602797144488,0.0,0.9757980595449404,0.024201940455059617,0.0,0.03795592929061181,0.981416371742058,1.0053383776757887,1.768166180741943,2.479575914907557,1.751026824441763,2.479575914907557
long_stream,ercb_beta_0p006,softmax,token,0.006,816,10877653,18000,32,32,54,54,333.3333333333333,115.77148628672363,1,420,0.8923573165268739,0.8997174887085455,0.00736017218167162,18.781393471751258,0.056344180415253776,0.9818627450980393,0.0,0.0,-0.0,0.0,1.0,0.0981602797144488,0.0,0.9745203431034921,0.025479656896507913,0.0,0.03789962852843798,0.9806903520773472,1.0068720981945856,1.7165735891934681,2.665625148920568,1.7963569454362072,2.665625148920568
long_stream,ercb_beta_0p006,softmax,token,0.006,816,10877654,18000,32,32,54,54,333.3333333333333,115.95050029438647,2,415,0.8920601296103897,0.8997174887085455,0.0076573590981557915,19.35822152835174,0.058074664585055225,0.9955089820359281,0.0,0.0,-0.0,0.0,1.0,0.0981602797144488,0.0,0.9759089628679434,0.02409103713205658,0.0,0.03741713926513615,0.9821239288654856,1.032670805105066,1.6539109673664778,2.6734158111509805,1.7866658612075081,2.6734158111509805
long_stream,ercb_beta_0p006,softmax,token,0.006,816,10877655,18000,32,32,54,54,333.3333333333333,116.13928419502737,2,420,0.891746440817018,0.8997174887085455,0.007971047891527472,19.785890970120136,0.05935767291036041,1.016983016983017,0.0,0.0,-0.0,0.0,1.0,0.0981602797144488,0.0,0.9755607647585391,0.02443923524146089,0.0,0.03764236789575619,0.9811445383540093,0.9824009570011366,1.7403229371430233,2.5550010812601234,1.7592416584680943,2.5550010812601234
long_stream,ercb_beta_0p006,softmax,token,0.006,816,10877656,18000,32,32,54,54,333.3333333333333,116.75885246793764,2,420,0.890714920454704,0.8997174887085455,0.009002568253841492,20.343349081502087,0.061030047244506266,1.010468594217348,0.0,0.0,-0.0,0.0,1.0,0.0981602797144488,0.0,0.9779583536906212,0.022041646309378788,0.0,0.03746669312652915,0.9815480043508008,0.9962663362555271,1.6696512655233342,2.530886983397466,1.7322681950587757,2.530886983397466
long_stream,ercb_beta_0p006,softmax,token,0.006,816,10877657,18000,32,32,54,54,333.3333333333333,116.03990373685795,1,416,0.8919116103701968,0.8997174887085455,0.007805878338348671,18.959020134079832,0.0568770604022395,1.0,0.0,0.0,-0.0,0.0,1.0,0.0981602797144488,0.0,0.9755625336131859,0.0244374663868141,0.0,0.03751677231140481,0.981492107653025,1.0305121979783687,1.6704347204567631,2.564781755364412,1.7552428912665146,2.564781755364412
long_stream,ercb_beta_0p006,softmax,token,0.006,816,10877658,18000,32,32,54,54,333.3333333333333,116.18918162172382,2,425,0.8916634814465635,0.8997174887085455,0.008054007261982021,21.426013956731992,0.06427804187019598,1.0004904364884748,0.0,0.0,-0.0,0.0,1.0,0.0981602797144488,0.0,0.9758283198823942,0.024171680117605815,0.0,0.03742090121783796,0.9827257885760686,0.9960506579586301,1.6441019996776058,2.5160325066388545,1.7187283880916968,2.5160325066388545
long_stream,ercb_beta_0p006,softmax,token,0.006,816,10877659,18000,32,32,54,54,333.3333333333333,115.89219128138012,1,415,0.8921569589581034,0.8997174887085455,0.00756052975044208,19.05061484377672,0.05715184453133017,0.9985163204747776,0.0,0.0,-0.0,0.0,1.0,0.0981602797144488,0.0,0.9751397438968131,0.024860256103186883,0.0,0.037828699013815324,0.9815086908669189,1.0157629001153414,1.7307742480844235,2.8006648906186156,1.8490673462727933,2.8006648906186156
long_stream,ercb_beta_0p006,softmax,token,0.006,816,10877660,18000,32,32,54,54,333.3333333333333,116.49654262871687,2,417,0.8911520189494565,0.8997174887085455,0.008565469759089006,19.962928605756183,0.05988878581726855,0.9941031941031941,0.0,0.0,-0.0,0.0,1.0,0.0981602797144488,0.0,0.9766637431236576,0.023336256876342457,0.0,0.03792157647111093,0.9810156857154274,1.000176587898714,1.6976971745848424,2.5511091338930387,1.7496609654588653,2.5511091338930387
long_stream,ercb_beta_0p006,softmax,token,0.006,816,10877661,18000,32,32,54,54,333.3333333333333,116.21420197523513,2,418,0.8916218750510825,0.8997174887085455,0.00809561365746303,19.834500432514236,0.05950350129754271,0.9926470588235294,0.0,0.0,-0.0,0.0,1.0,0.0981602797144488,0.0,0.9760927879750968,0.02390721202490315,0.0,0.037110154136951796,0.9819413877514879,0.9978628067534553,1.7518658537366099,2.719542734328276,1.8230904649394468,2.719542734328276
long_stream,ercb_beta_0p006,softmax,token,0.006,816,10877662,18000,32,32,54,54,333.3333333333333,115.94091726520148,1,412,0.892076045319842,0.8997174887085455,0.007641443388703539,19.22190108916081,0.05766570326748243,0.9891785538612886,0.0,0.0,-0.0,0.0,1.0,0.0981602797144488,0.0,0.9741129001308851,0.025887099869114836,0.0,0.03763796485013774,0.9812006997056951,1.0172633949309955,1.7189068398823424,2.6182598429298696,1.7848100259144026,2.6182598429298696
long_stream,ercb_beta_inf,least_count,token,inf,816,10878640,18000,32,32,54,54,333.3333333333333,111.28541883123972,2,393,0.8997174887085455,0.8997174887085455,0.0,0.0,0.0,0.9984725050916496,0.0,0.0,-0.0,0.0,1.0,0.0981602797144488,0.0,0.5586150198537924,0.44138498014620764,0.0,0.046303603571018696,0.9756284704165229,0.9810569056554468,2.392010331255041,4.322145254953632,2.5650708306213734,4.322145254953632
long_stream,ercb_beta_inf,least_count,token,inf,816,10878641,18000,32,32,54,54,333.3333333333333,111.28541883123972,2,393,0.8997174887085455,0.8997174887085455,0.0,0.0,0.0,1.0010204081632652,0.0,0.0,-0.0,0.0,1.0,0.0981602797144488,0.0,0.5586150198537924,0.44138498014620764,0.0,0.04603392375046101,0.9765399970617887,1.0072873592363454,2.400441467531733,4.250051884560172,2.5525935704427503,4.250051884560172
long_stream,ercb_beta_inf,least_count,token,inf,816,10878642,18000,32,32,54,54,333.3333333333333,111.28541883123972,2,393,0.8997174887085455,0.8997174887085455,0.0,0.0,0.0,1.0,0.0,0.0,-0.0,0.0,1.0,0.0981602797144488,0.0,0.5586150198537924,0.44138498014620764,0.0,0.04640497434159833,0.9765141002721675,0.9899562200574722,2.382481306232749,4.327976833949819,2.56680478674668,4.327976833949819
long_stream,ercb_beta_inf,least_count,token,inf,816,10878643,18000,32,32,54,54,333.3333333333333,111.28541883123972,2,393,0.8997174887085455,0.8997174887085455,0.0,0.0,0.0,0.998981151299032,0.0,0.0,-0.0,0.0,1.0,0.0981602797144488,0.0,0.5586150198537924,0.44138498014620764,0.0,0.046456688159837875,0.9764511678743248,1.0317927147646442,2.3750438024045506,4.263205439706592,2.556680652291929,4.263205439706592
long_stream,ercb_beta_inf,least_count,token,inf,816,10878644,18000,32,32,54,54,333.3333333333333,111.28541883123972,2,393,0.8997174887085455,0.8997174887085455,0.0,0.0,0.0,1.0,0.0,0.0,-0.0,0.0,1.0,0.0981602797144488,0.0,0.5586150198537924,0.44138498014620764,0.0,0.04640838065695629,0.9760025061939743,1.0016512166245017,2.4212105398339387,4.286228412663252,2.5696967230405643,4.286228412663252
long_stream,ercb_beta_inf,least_count,token,inf,816,10878645,18000,32,32,54,54,333.3333333333333,111.28541883123972,2,393,0.8997174887085455,0.8997174887085455,0.0,0.0,0.0,1.0005099439061702,0.0,0.0,-0.0,0.0,1.0,0.0981602797144488,0.0,0.5586150198537924,0.44138498014620764,0.0,0.046280942373449395,0.9765558515478306,0.9822259826287546,2.441990716709271,4.299412147241145,2.574542948859724,4.299412147241145
long_stream,ercb_beta_inf,least_count,token,inf,816,10878646,18000,32,32,54,54,333.3333333333333,111.28541883123972,2,393,0.8997174887085455,0.8997174887085455,0.0,0.0,0.0,1.0,0.0,0.0,-0.0,0.0,1.0,0.0981602797144488,0.0,0.5586150198537924,0.44138498014620764,0.0,0.04597392160694724,0.9763644598579118,0.9882186788362586,2.4017785231899813,4.227539215109531,2.5391788057119236,4.227539215109531
long_stream,ercb_beta_inf,least_count,token,inf,816,10878647,18000,32,32,54,54,333.3333333333333,111.28541883123972,2,393,0.8997174887085455,0.8997174887085455,0.0,0.0,0.0,1.0,0.0,0.0,-0.0,0.0,1.0,0.0981602797144488,0.0,0.5586150198537924,0.44138498014620764,0.0,0.04632030727233609,0.9771835491684577,0.9789952568091153,2.3820860816568628,4.3030850524575035,2.554722130307827,4.3030850524575035
long_stream,ercb_beta_inf,least_count,token,inf,816,10878648,18000,32,32,54,54,333.3333333333333,111.28541883123972,2,393,0.8997174887085455,0.8997174887085455,0.0,0.0,0.0,1.0005096839959227,0.0,0.0,-0.0,0.0,1.0,0.0981602797144488,0.0,0.5586150198537924,0.44138498014620764,0.0,0.046603838347734794,0.9768933921608252,0.9729304359513001,2.4745078539270464,4.3579395493066055,2.601792613061651,4.3579395493066055
long_stream,ercb_beta_inf,least_count,token,inf,816,10878649,18000,32,32,54,54,333.3333333333333,111.28541883123972,2,393,0.8997174887085455,0.8997174887085455,0.0,0.0,0.0,1.0,0.0,0.0,-0.0,0.0,1.0,0.0981602797144488,0.0,0.5586150198537924,0.44138498014620764,0.0,0.04632448599711979,0.9763999500547813,0.9750653318380985,2.486705187266543,4.346810397067568,2.6028603053907364,4.346810397067568
long_stream,ercb_beta_inf,least_count,token,inf,816,10878650,18000,32,32,54,54,333.3333333333333,111.28541883123972,2,393,0.8997174887085455,0.8997174887085455,0.0,0.0,0.0,1.0005096839959227,0.0,0.0,-0.0,0.0,1.0,0.0981602797144488,0.0,0.5586150198537924,0.44138498014620764,0.0,0.0461289061001928,0.976455172835366,0.9680622476032235,2.4242968340141093,4.280324796578531,2.5575612927319544,4.280324796578531
long_stream,ercb_beta_inf,least_count,token,inf,816,10878651,18000,32,32,54,54,333.3333333333333,111.28541883123972,2,393,0.8997174887085455,0.8997174887085455,0.0,0.0,0.0,1.001019367991845,0.0,0.0,-0.0,0.0,1.0,0.0981602797144488,0.0,0.5586150198537924,0.44138498014620764,0.0,0.04602192589881882,0.9764249366827525,0.9976941599477517,2.434819745978996,4.386706833971245,2.606406913299331,4.386706833971245
long_stream,ercb_beta_inf,least_count,token,inf,816,10878652,18000,32,32,54,54,333.3333333333333,111.28541883123972,2,393,0.8997174887085455,0.8997174887085455,0.0,0.0,0.0,1.001529831718511,0.0,0.0,-0.0,0.0,1.0,0.0981602797144488,0.0,0.5586150198537924,0.44138498014620764,0.0,0.04671185278199851,0.9763880332993861,1.0013711194074326,2.468088038818508,4.332570870358643,2.6006766761948614,4.332570870358643
long_stream,ercb_beta_inf,least_count,token,inf,816,10878653,18000,32,32,54,54,333.3333333333333,111.28541883123972,2,393,0.8997174887085455,0.8997174887085455,0.0,0.0,0.0,0.9984725050916496,0.0,0.0,-0.0,0.0,1.0,0.0981602797144488,0.0,0.5586150198537924,0.44138498014620764,0.0,0.04636486271108149,0.9765224863829761,1.0198207556673908,2.4466336814117846,4.357228940464862,2.6078944591813458,4.357228940464862
long_stream,ercb_beta_inf,least_count,token,inf,816,10878654,18000,32,32,54,54,333.3333333333333,111.28541883123972,2,393,0.8997174887085455,0.8997174887085455,0.0,0.0,0.0,0.9989816700610997,0.0,0.0,-0.0,0.0,1.0,0.0981602797144488,0.0,0.5586150198537924,0.44138498014620764,0.0,0.04580603084213336,0.9773570094759445,0.997736704564157,2.335499220856104,4.316861116487521,2.550032347302594,4.316861116487521
long_stream,ercb_beta_inf,least_count,token,inf,816,10878655,18000,32,32,54,54,333.3333333333333,111.28541883123972,2,393,0.8997174887085455,0.8997174887085455,0.0,0.0,0.0,0.998981151299032,0.0,0.0,-0.0,0.0,1.0,0.0981602797144488,0.0,0.5586150198537924,0.44138498014620764,0.0,0.046330342533135165,0.9773142271006603,1.022980522854362,2.332727626861447,4.287459315702127,2.5477224884726453,4.287459315702127
long_stream,ercb_beta_inf,least_count,token,inf,816,10878656,18000,32,32,54,54,333.3333333333333,111.28541883123972,2,393,0.8997174887085455,0.8997174887085455,0.0,0.0,0.0,1.0010198878123406,0.0,0.0,-0.0,0.0,1.0,0.0981602797144488,0.0,0.5586150198537924,0.44138498014620764,0.0,0.046470696033315134,0.9766637072479483,0.9728136202388811,2.4440723533586546,4.36209715187004,2.592994375155859,4.36209715187004
long_stream,ercb_beta_inf,least_count,token,inf,816,10878657,18000,32,32,54,54,333.3333333333333,111.28541883123972,2,393,0.8997174887085455,0.8997174887085455,0.0,0.0,0.0,1.0010198878123406,0.0,0.0,-0.0,0.0,1.0,0.0981602797144488,0.0,0.5586150198537924,0.44138498014620764,0.0,0.0461930884516101,0.9770411644423476,0.9936830553310809,2.432327728876592,4.3888084082849925,2.6049397308308886,4.3888084082849925
long_stream,ercb_beta_inf,least_count,token,inf,816,10878658,18000,32,32,54,54,333.3333333333333,111.28541883123972,2,393,0.8997174887085455,0.8997174887085455,0.0,0.0,0.0,1.0010198878123406,0.0,0.0,-0.0,0.0,1.0,0.0981602797144488,0.0,0.5586150198537924,0.44138498014620764,0.0,0.046041248909180245,0.9766767721799718,1.0149367818505386,2.4077449555461694,4.301507679512072,2.57472980563626,4.301507679512072
long_stream,ercb_beta_inf,least_count,token,inf,816,10878659,18000,32,32,54,54,333.3333333333333,111.28541883123972,2,393,0.8997174887085455,0.8997174887085455,0.0,0.0,0.0,1.0010198878123406,0.0,0.0,-0.0,0.0,1.0,0.0981602797144488,0.0,0.5586150198537924,0.44138498014620764,0.0,0.04622309319837811,0.9765806555144124,0.9894448726265506,2.403854056837418,4.322671216285697,2.571990048583222,4.322671216285697
long_stream,ercb_beta_inf,least_count,token,inf,816,10878660,18000,32,32,54,54,333.3333333333333,111.28541883123972,2,393,0.8997174887085455,0.8997174887085455,0.0,0.0,0.0,1.0,0.0,0.0,-0.0,0.0,1.0,0.0981602797144488,0.0,0.5586150198537924,0.44138498014620764,0.0,0.046180546074033525,0.9773738673405754,0.9903787210023041,2.3227951260854995,4.250388412100449,2.5211874197294173,4.250388412100449
long_stream,ercb_beta_inf,least_count,token,inf,816,10878661,18000,32,32,54,54,333.3333333333333,111.28541883123972,2,393,0.8997174887085455,0.8997174887085455,0.0,0.0,0.0,1.0005096839959227,0.0,0.0,-0.0,0.0,1.0,0.0981602797144488,0.0,0.5586150198537924,0.44138498014620764,0.0,0.04612025228790333,0.9771956555927424,0.9993670897068123,2.433011778908169,4.3150396979808585,2.5824728555319467,4.3150396979808585
long_stream,ercb_beta_inf,least_count,token,inf,816,10878662,18000,32,32,54,54,333.3333333333333,111.28541883123972,2,393,0.8997174887085455,0.8997174887085455,0.0,0.0,0.0,0.9994908350305499,0.0,0.0,-0.0,0.0,1.0,0.0981602797144488,0.0,0.5586150198537924,0.44138498014620764,0.0,0.046044791456310706,0.9767322639236142,0.966833487727947,2.442962653256919,4.328903986732068,2.579566709238978,4.328903986732068
long_stream,ercb_beta_inf,least_count,token,inf,816,10878663,18000,32,32,54,54,333.3333333333333,111.28541883123972,2,393,0.8997174887085455,0.8997174887085455,0.0,0.0,0.0,0.9994908350305499,0.0,0.0,-0.0,0.0,1.0,0.0981602797144488,0.0,0.5586150198537924,0.44138498014620764,0.0,0.046146134981061716,0.9764961807430427,1.0061488333117337,2.433289219523628,4.332307199335808,2.5905817507237234,4.332307199335808
long_stream,ercb_beta_inf,least_count,token,inf,816,10878664,18000,32,32,54,54,333.3333333333333,111.28541883123972,2,393,0.8997174887085455,0.8997174887085455,0.0,0.0,0.0,1.001019367991845,0.0,0.0,-0.0,0.0,1.0,0.0981602797144488,0.0,0.5586150198537924,0.44138498014620764,0.0,0.046291779350916745,0.977326618382974,0.9797997384923817,2.3794945580709155,4.298587695058303,2.5526273305405334,4.298587695058303
long_stream,ercb_beta_inf,least_count,token,inf,816,10878665,18000,32,32,54,54,333.3333333333333,111.28541883123972,2,393,0.8997174887085455,0.8997174887085455,0.0,0.0,0.0,1.0,0.0,0.0,-0.0,0.0,1.0,0.0981602797144488,0.0,0.5586150198537924,0.44138498014620764,0.0,0.04632611306917964,0.9759886670616104,0.9953777784912956,2.4265350673538206,4.341716493471773,2.587876446438963,4.341716493471773
long_stream,ercb_beta_inf,least_count,token,inf,816,10878666,18000,32,32,54,54,333.3333333333333,111.28541883123972,2,393,0.8997174887085455,0.8997174887085455,0.0,0.0,0.0,1.0,0.0,0.0,-0.0,0.0,1.0,0.0981602797144488,0.0,0.5586150198537924,0.44138498014620764,0.0,0.04632838646553288,0.9769340815342747,0.9681546688121211,2.3623825499707287,4.327658968530561,2.5527320624378036,4.327658968530561
long_stream,ercb_beta_inf,least_count,token,inf,816,10878667,18000,32,32,54,54,333.3333333333333,111.28541883123972,2,393,0.8997174887085455,0.8997174887085455,0.0,0.0,0.0,1.0,0.0,0.0,-0.0,0.0,1.0,0.0981602797144488,0.0,0.5586150198537924,0.44138498014620764,0.0,0.04641537604982585,0.9764537145675536,1.0043677000816078,2.440706635055052,4.231532424734803,2.5588689199571544,4.231532424734803
long_stream,ercb_beta_inf,least_count,token,inf,816,10878668,18000,32,32,54,54,333.3333333333333,111.28541883123972,2,393,0.8997174887085455,0.8997174887085455,0.0,0.0,0.0,1.0010198878123406,0.0,0.0,-0.0,0.0,1.0,0.0981602797144488,0.0,0.5586150198537924,0.44138498014620764,0.0,0.04661686004688259,0.9764920585595049,0.9970676980647031,2.4419653509471124,4.312559948180426,2.5838643323974138,4.312559948180426
long_stream,ercb_beta_inf,least_count,token,inf,816,10878669,18000,32,32,54,54,333.3333333333333,111.28541883123972,2,393,0.8997174887085455,0.8997174887085455,0.0,0.0,0.0,0.9994908350305499,0.0,0.0,-0.0,0.0,1.0,0.0981602797144488,0.0,0.5586150198537924,0.44138498014620764,0.0,0.0460709068182584,0.977564727690944,1.015683736246166,2.352740223581118,4.285607793344527,2.551343917723937,4.285607793344527
long_stream,ercb_beta_inf,least_count,token,inf,816,10878670,18000,32,32,54,54,333.3333333333333,111.28541883123972,2,393,0.8997174887085455,0.8997174887085455,0.0,0.0,0.0,1.0010198878123406,0.0,0.0,-0.0,0.0,1.0,0.0981602797144488,0.0,0.5586150198537924,0.44138498014620764,0.0,0.046309709209401195,0.9773382970076651,1.0189294324051819,2.4352216421609527,4.321387962939154,2.591846345835096,4.321387962939154
long_stream,ercb_beta_inf,least_count,token,inf,816,10878671,18000,32,32,54,54,333.3333333333333,111.28541883123972,2,393,0.8997174887085455,0.8997174887085455,0.0,0.0,0.0,1.0,0.0,0.0,-0.0,0.0,1.0,0.0981602797144488,0.0,0.5586150198537924,0.44138498014620764,0.0,0.046038992130297586,0.977784648150771,1.024469556550037,2.3589673463637517,4.340039625836843,2.5744921762502107,4.340039625836843
long_stream,active_bonus3,active_bonus,token,,816,10879649,18000,32,32,54,54,333.3333333333333,121.9339529781959,2,473,0.8819812120362212,0.8997174887085455,0.017736276672324358,29.119167672272606,0.08735750301681783,1.1702014846235418,0.0,0.0,-0.0,0.0,1.0,0.0981602797144488,0.0,0.9599681146976858,0.040031885302314156,0.0,0.04637689111537359,0.9793713850961348,1.0069717747435811,2.6482204374706644,3.9478668473325804,2.534353019848942,3.9478668473325804
long_stream,active_bonus3,active_bonus,token,,816,10879650,18000,32,32,54,54,333.3333333333333,121.95840213717074,1,466,0.8819394672027291,0.8997174887085455,0.01777802150581642,28.511206373790795,0.08553361912137239,1.1423319327731092,0.0,0.0,-0.0,0.0,1.0,0.0981602797144488,0.0,0.960707410979056,0.03929258902094403,0.0,0.04618409992511252,0.9786963834967771,0.9837657733944174,2.6313632002915646,4.091416851929132,2.5688486085383713,4.091416851929132
long_stream,active_bonus3,active_bonus,token,,816,10879651,18000,32,32,54,54,333.3333333333333,121.38155329983829,1,484,0.8829232056940306,0.8997174887085455,0.01679428301451491,28.816147736475298,0.0864484432094259,1.1558028616852147,0.0,0.0,-0.0,0.0,1.0,0.0981602797144488,0.0,0.9596445686402512,0.040355431359748846,0.0,0.04733398121560354,0.9787544750982978,0.9574084290135888,2.6131336936758798,4.195381068499192,2.5886410637295536,4.195381068499192
long_stream,active_bonus3,active_bonus,token,,816,10879652,18000,32,32,54,54,333.3333333333333,121.67884261752634,1,478,0.8824165270732744,0.8997174887085455,0.01730096163527106,28.305214805494504,0.08491564441648351,1.141514360313316,0.0,0.0,-0.0,0.0,1.0,0.0981602797144488,0.0,0.9598607548804418,0.040139245119558256,0.0,0.04590138158679696,0.9789737500424206,0.9311844533387182,2.619310805770745,4.158662637244261,2.569719298784575,4.158662637244261
long_stream,active_bonus3,active_bonus,token,,816,10879653,18000,32,32,54,54,333.3333333333333,121.35790349516071,1,483,0.882963484456458,0.8997174887085455,0.016754004252087507,29.022979401386987,0.08706893820416096,1.1381683430386447,0.0,0.0,-0.0,0.0,1.0,0.0981602797144488,0.0,0.9594214052638933,0.0405785947361067,0.0,0.04709115199534587,0.9792243032011643,1.0045036752307583,2.6502831408221845,4.1769699709097665,2.6105855956542365,4.1769699709097665
long_stream,active_bonus3,active_bonus,token,,816,10879654,18000,32,32,54,54,333.3333333333333,121.44363118564742,1,472,0.8828174589511952,0.8997174887085455,0.016900029757350277,28.384267943117127,0.08515280382935139,1.1586206896551725,0.0,0.0,-0.0,0.0,1.0,0.0981602797144488,0.0,0.9600839265313688,0.03991607346863122,0.0,0.047408516913486985,0.9789827480497539,0.9398670776705307,2.618421654422073,4.216896358362984,2.591728363485196,4.216896358362984
long_stream,active_bonus3,active_bonus,token,,816,10879655,18000,32,32,54,54,333.3333333333333,121.35485157174394,1,461,0.8829686819838187,0.8997174887085455,0.016748806724726784,27.52036283137216,0.08256108849411649,1.1543307086614174,0.0,0.0,-0.0,0.0,1.0,0.0981602797144488,0.0,0.9597485913241616,0.040251408675838374,0.0,0.04718351157304815,0.978287683058215,0.9192379200307047,2.7426721151783853,4.172815004337768,2.611575013182286,4.172815004337768
long_stream,active_bonus3,active_bonus,token,,816,10879656,18000,32,32,54,54,333.3333333333333,122.29775443866801,1,471,0.8813595970658952,0.8997174887085455,0.018357891642650337,29.809270245891504,0.08942781073767452,1.166842105263158,0.0,0.0,-0.0,0.0,1.0,0.0981602797144488,0.0,0.9614833482952772,0.038516651704722855,0.0,0.045634279884118015,0.9796632251522079,0.9391755582228247,2.585680343924123,3.8864758678235147,2.470443923323488,3.8864758678235147
long_stream,active_bonus3,active_bonus,token,,816,10879657,18000,32,32,54,54,333.3333333333333,122.35785403661036,2,477,0.8812568132167372,0.8997174887085455,0.018460675491808298,31.139471200819493,0.09341841360245848,1.1877705627705626,0.0,0.0,-0.0,0.0,1.0,0.0981602797144488,0.0,0.9593945241643359,0.04060547583566405,0.0,0.04792960408667357,0.97860958737923,0.9319119056165166,2.6786148900912816,4.342394265191375,2.6509736869663914,4.342394265191375
long_stream,active_bonus3,active_bonus,token,,816,10879658,18000,32,32,54,54,333.3333333333333,120.86172080338571,2,465,0.883807584483167,0.8997174887085455,0.015909904225378524,28.154994294151503,0.08446498288245452,1.167110164981373,0.0,0.0,-0.0,0.0,1.0,0.0981602797144488,0.0,0.960664089619727,0.03933591038027292,0.0,0.04697462185316567,0.9784929108261927,1.000343022423879,2.635404853612335,4.415182837300719,2.6836435711123108,4.415182837300719
long_stream,active_bonus3,active_bonus,token,,816,10879659,18000,32,32,54,54,333.3333333333333,122.20323084775472,2,475,0.8815211999971792,0.8997174887085455,0.01819628871136636,29.359205761787273,0.08807761728536183,1.1520127118644068,0.0,0.0,-0.0,0.0,1.0,0.0981602797144488,0.0,0.9594192466606295,0.040580753339370515,0.0,0.046936119958793494,0.9789992119444396,0.9512724290209439,2.6822802618043986,4.231594344324399,2.621715678383247,4.231594344324399
long_stream,active_bonus3,active_bonus,token,,816,10879660,18000,32,32,54,54,333.3333333333333,121.833219334192,2,477,0.8821531594315405,0.8997174887085455,0.01756432927700502,29.64231210055428,0.08892693630166285,1.163243812532912,0.0,0.0,-0.0,0.0,1.0,0.0981602797144488,0.0,0.95949365524069,0.040506344759309997,0.0,0.04765976148251089,0.977827725436238,0.963392973774351,2.77917449176812,4.417587288214471,2.720051584585647,4.417587288214471
long_stream,active_bonus3,active_bonus,token,,816,10879661,18000,32,32,54,54,333.3333333333333,122.10332600802577,1,475,0.8816919315489652,0.8997174887085455,0.01802555715958032,30.177254127350068,0.09053176238205021,1.195710455764075,0.0,0.0,-0.0,0.0,1.0,0.0981602797144488,0.0,0.9609241840967107,0.039075815903289374,0.0,0.046828779019651844,0.9788643832385477,1.0215277914344687,2.6479738753622355,4.108481464616298,2.592661043804334,4.108481464616298
long_stream,active_bonus3,active_bonus,token,,816,10879662,18000,32,32,54,54,333.3333333333333,121.48571017933664,2,476,0.8827457630410238,0.8997174887085455,0.016971725667521698,28.7691964897643,0.08630758946929291,1.1514028586553733,0.0,0.0,-0.0,0.0,1.0,0.0981602797144488,0.0,0.9582732924016387,0.04172670759836129,0.0,0.047061592082709165,0.9778710365177031,0.9521651995535937,2.700491678274874,4.47372119180681,2.708792689878426,4.47372119180681
long_stream,active_bonus3,active_bonus,token,,816,10879663,18000,32,32,54,54,333.3333333333333,121.55702822589532,2,469,0.8826242183259266,0.8997174887085455,0.017093270382618875,28.121429814552723,0.08436428944365817,1.1713379164463247,0.0,0.0,-0.0,0.0,1.0,0.0981602797144488,0.0,0.9598198477350943,0.040180152264905664,0.0,0.04620725737958445,0.9784430105830652,1.0003186072168282,2.60896040702671,4.135066557860889,2.581448524034809,4.135066557860889
long_stream,active_bonus3,active_bonus,token,,816,10879664,18000,32,32,54,54,333.3333333333333,122.05068770953473,2,478,0.881781857749775,0.8997174887085455,0.017935630958770488,28.340521963880363,0.08502156589164109,1.1462388216728039,0.0,0.0,-0.0,0.0,1.0,0.0981602797144488,0.0,0.9617680072282109,0.03823199277178915,0.0,0.04583518448291624,0.9800007883352141,0.9497878232552661,2.5692272605382365,4.129930940144119,2.5496486746458737,4.129930940144119
long_stream,active_bonus3,active_bonus,token,,816,10879665,18000,32,32,54,54,333.3333333333333,122.163066492352,2,473,0.881589847376227,0.8997174887085455,0.018127641332318478,30.265491900843113,0.09079647570252934,1.1828877005347593,0.0,0.0,-0.0,0.0,1.0,0.0981602797144488,0.0,0.961389176979606,0.03861082302039401,0.0,0.04789691545585765,0.9786659689349091,0.9987037438765457,2.816160386079658,4.422347265328898,2.7457371317617003,4.422347265328898
long_stream,active_bonus3,active_bonus,token,,816,10879666,18000,32,32,54,54,333.3333333333333,122.23550432880995,1,474,0.8814660307966602,0.8997174887085455,0.018251457911885316,30.039480194743224,0.09011844058422967,1.177384780278671,0.0,0.0,-0.0,0.0,1.0,0.0981602797144488,0.0,0.9602292219274156,0.0397707780725844,0.0,0.04718174942663458,0.9783048891528257,0.9529771952981045,2.6771466024245494,4.224900595999369,2.6183414645740073,4.224900595999369
long_stream,active_bonus3,active_bonus,token,,816,10879667,18000,32,32,54,54,333.3333333333333,122.51016586692201,1,476,0.8809962070176633,0.8997174887085455,0.018721281690882163,28.650512244144114,0.08595153673243235,1.1680085882984432,0.0,0.0,-0.0,0.0,1.0,0.0981602797144488,0.0,0.9611654831306194,0.03883451686938052,0.0,0.04651581986799567,0.9800768233829417,0.9556099204328531,2.5235469823586687,3.9262071210629736,2.4684546746181653,3.9262071210629736
long_stream,active_bonus3,active_bonus,token,,816,10879668,18000,32,32,54,54,333.3333333333333,122.5808878825491,2,475,0.8808751435826484,0.8997174887085455,0.01884234512589711,30.55838370750022,0.09167515112250066,1.184549356223176,0.0,0.0,-0.0,0.0,1.0,0.0981602797144488,0.0,0.960966113825308,0.03903388617469194,0.0,0.04696134186467859,0.9788972264942555,0.9660507269954444,2.679247495434348,4.080293949529803,2.5751973906531984,4.080293949529803
long_stream,active_bonus3,active_bonus,token,,816,10879669,18000,32,32,54,54,333.3333333333333,122.20747385764369,2,474,0.8815139473136744,0.8997174887085455,0.018203541394871126,28.5371752346018,0.08561152570380541,1.1662198391420913,0.0,0.0,-0.0,0.0,1.0,0.0981602797144488,0.0,0.9611482532788476,0.03885174672115239,0.0,0.04613267376935247,0.9784654650044883,0.9563719081055219,2.6219078462355405,4.081432443084752,2.5532373991419384,4.081432443084752
long_stream,active_bonus3,active_bonus,token,,816,10879670,18000,32,32,54,54,333.3333333333333,121.75902126437802,2,469,0.8822797638548803,0.8997174887085455,0.017437724853665237,28.791716915859027,0.08637515074757708,1.164021164021164,0.0,0.0,-0.0,0.0,1.0,0.0981602797144488,0.0,0.9591856287696165,0.04081437123038348,0.0,0.04742031154604522,0.9782775630414997,0.9945533265613354,2.751120742977289,4.263796371632506,2.669823480390377,4.263796371632506
long_stream,active_bonus3,active_bonus,token,,816,10879671,18000,32,32,54,54,333.3333333333333,123.27626307216258,1,470,0.8796828450116118,0.8997174887085455,0.02003464369693375,30.309514457784815,0.09092854337335445,1.1695447409733124,0.0,0.0,-0.0,0.0,1.0,0.0981602797144488,0.0,0.9618778285574653,0.03812217144253474,0.0,0.04562256948914204,0.9790686998277499,0.9718217859446114,2.6270245932696845,3.908250681648792,2.5023656869543625,3.908250681648792
long_stream,active_bonus3,active_bonus,token,,816,10879672,18000,32,32,54,54,333.3333333333333,122.30169133623502,1,476,0.8813528648962442,0.8997174887085455,0.018364623812301306,29.239749707597753,0.08771924912279326,1.1323606044815009,0.0,0.0,-0.0,0.0,1.0,0.0981602797144488,0.0,0.9595214214517395,0.04047857854826054,0.0,0.0462959331673008,0.9781300488570854,0.9278292165634549,2.6963646974122626,4.358120030517017,2.6607713148309116,4.358120030517017
long_stream,active_bonus3,active_bonus,token,,816,10879673,18000,32,32,54,54,333.3333333333333,122.05797044088578,1,475,0.8817694172973768,0.8997174887085455,0.01794807141116872,30.9539682132703,0.09286190463981091,1.1486910994764399,0.0,0.0,-0.0,0.0,1.0,0.0981602797144488,0.0,0.9607090661533196,0.03929093384668039,0.0,0.04745865320864266,0.978666225413257,0.9490969875697447,2.7078270545521295,4.177742809078959,2.6115556170669443,4.177742809078959
long_stream,active_bonus3,active_bonus,token,,816,10879674,18000,32,32,54,54,333.3333333333333,122.56094477926149,1,475,0.8809092863107871,0.8997174887085455,0.018808202397758378,29.762019047399622,0.08928605714219887,1.1848060344827587,0.0,0.0,-0.0,0.0,1.0,0.0981602797144488,0.0,0.9605705593663201,0.039429440633679945,0.0,0.046434426192984025,0.979407601001764,0.97928022259589,2.645803994103083,4.020882670308023,2.5486556290023317,4.020882670308023
long_stream,active_bonus3,active_bonus,token,,816,10879675,18000,32,32,54,54,333.3333333333333,122.56865045383373,2,483,0.8808960944884386,0.8997174887085455,0.01882139422010687,30.77878056930348,0.09233634170791044,1.1754385964912282,0.0,0.0,-0.0,0.0,1.0,0.0981602797144488,0.0,0.9600698702466884,0.03993012975331155,0.0,0.04744193865970014,0.9789963151647533,0.9612196854958537,2.829576053376993,4.236587465853961,2.6757944015756023,4.236587465853961
long_stream,active_bonus3,active_bonus,token,,816,10879676,18000,32,32,54,54,333.3333333333333,121.73879140739542,1,473,0.8823142750508874,0.8997174887085455,0.017403213657658068,30.53292090939318,0.09159876272817954,1.1859350026638253,0.0,0.0,-0.0,0.0,1.0,0.0981602797144488,0.0,0.9580765036211623,0.041923496378837764,0.0,0.04789724619853002,0.9790646758604131,0.9797942571335228,2.806196367711113,4.470002571721182,2.751997732188606,4.470002571721182
long_stream,active_bonus3,active_bonus,token,,816,10879677,18000,32,32,54,54,333.3333333333333,121.69543038987855,2,480,0.8823882367059388,0.8997174887085455,0.01732925200260671,29.864508850622155,0.08959352655186648,1.172984516817939,0.0,0.0,-0.0,0.0,1.0,0.0981602797144488,0.0,0.9578295864397969,0.04217041356020311,0.0,0.04743995129041942,0.9784758972443106,0.9780051167410776,2.703040506812267,4.294925205957724,2.658656943170356,4.294925205957724
long_stream,active_bonus3,active_bonus,token,,816,10879678,18000,32,32,54,54,333.3333333333333,121.5683011802495,2,476,0.8826050027816768,0.8997174887085455,0.01711248592686876,27.909907971237793,0.08372972391371339,1.1587301587301588,0.0,0.0,-0.0,0.0,1.0,0.0981602797144488,0.0,0.9606247851417895,0.039375214858210494,0.0,0.04628889517435379,0.9791652210914864,0.9704828409244286,2.6060348760798133,4.076123900074237,2.5508805390261595,4.076123900074237
long_stream,active_bonus3,active_bonus,token,,816,10879679,18000,32,32,54,54,333.3333333333333,121.55489538719779,1,470,0.8826278537932845,0.8997174887085455,0.017089634915261054,28.941191969105084,0.08682357590731525,1.1681697612732096,0.0,0.0,-0.0,0.0,1.0,0.0981602797144488,0.0,0.961079335424944,0.038920664575056066,0.0,0.04696257533336021,0.9788970119209242,0.9896204890822581,2.6732747149867087,4.204229436809476,2.6223748802928144,4.204229436809476
long_stream,active_bonus3,active_bonus,token,,816,10879680,18000,32,32,54,54,333.3333333333333,122.73956167430288,2,478,0.880603389442446,0.8997174887085455,0.019114099266099527,29.40521495698793,0.0882156448709638,1.1439114391143912,0.0,0.0,-0.0,0.0,1.0,0.0981602797144488,0.0,0.960951197496762,0.03904880250323793,0.0,0.045857541440793084,0.979782223828316,0.9833084182602984,2.518317623564898,3.9988056214789167,2.5001438877680378,3.9988056214789167
long_stream,gate_r2_uniform,softmax,gate_r2,0.0,816,10880658,18000,32,32,54,54,333.3333333333333,144.02276054692035,1,448,0.8426850304588505,0.8997174887085455,0.05703245824969505,55.32563534136708,0.16597690602410126,0.9912361623616236,0.0,0.0,-0.0,0.0,1.0,0.0981602797144488,0.0,1.0,0.0,0.0,0.02520283443466605,0.9850205808528397,0.9932530692492426,0.9975583194586679,0.9643407318377584,0.9850507068485563,0.9975583194586679
long_stream,gate_r2_uniform,softmax,gate_r2,0.0,816,10880659,18000,32,32,54,54,333.3333333333333,144.3116483581691,0,456,0.8421530147112903,0.8997174887085455,0.05756447399725517,56.43350725181575,0.16930052175544724,1.0027739251040222,0.0,0.0,-0.0,0.0,1.0,0.0981602797144488,0.0,1.0,0.0,0.0,0.024986413753944083,0.9857980578148654,1.0012141426996257,0.9239362008597781,0.9634647672037878,0.9628717035877306,1.0012141426996257
long_stream,gate_r2_uniform,softmax,gate_r2,0.0,816,10880660,18000,32,32,54,54,333.3333333333333,143.0445411077988,1,450,0.8444835659275652,0.8997174887085455,0.05523392278098027,56.048590030833466,0.1681457700925004,0.9894350022967388,0.0,0.0,-0.0,0.0,1.0,0.0981602797144488,0.0,1.0,0.0,0.0,0.025241277812987038,0.9856116986533527,0.9889231405698207,1.0194276696824198,1.0675540479752623,1.0253016194091675,1.0675540479752623
long_stream,gate_r2_uniform,softmax,gate_r2,0.0,816,10880661,18000,32,32,54,54,333.3333333333333,142.14585623381515,2,448,0.8461317816404633,0.8997174887085455,0.05358570706808219,53.3572862878164,0.1600718588634492,1.0135324311712552,0.0,0.0,-0.0,0.0,1.0,0.0981602797144488,0.0,1.0,0.0,0.0,0.025011529880221317,0.9851515068240965,0.9313535098416502,0.999780156655128,0.9227860217738487,0.9513065627568756,0.999780156655128
long_stream,gate_r2_uniform,softmax,gate_r2,0.0,816,10880662,18000,32,32,54,54,333.3333333333333,143.6613817022257,1,449,0.8433499885585518,0.8997174887085455,0.0563675001499937,55.66932794703089,0.16700798384109267,1.0032482598607888,0.0,0.0,-0.0,0.0,1.0,0.0981602797144488,0.0,1.0,0.0,0.0,0.02578808795660741,0.9857065192094238,1.0346914843225286,0.9984207308684712,1.0530556571508418,1.028722624113947,1.0530556571508418
long_stream,gate_r2_uniform,softmax,gate_r2,0.0,816,10880663,18000,32,32,54,54,333.3333333333333,143.0990333067744,2,458,0.8443834987199146,0.8997174887085455,0.05533398998863093,54.711025363232736,0.1641330760896982,0.9917733089579525,0.0,0.0,-0.0,0.0,1.0,0.0981602797144488,0.0,1.0,0.0,0.0,0.024832373604992942,0.985097959158319,1.037527296824747,1.0001230234358471,0.9734829774638445,1.0037110992414797,1.037527296824747
long_stream,gate_r2_uniform,softmax,gate_r2,0.0,816,10880664,18000,32,32,54,54,333.3333333333333,143.64449429317068,1,448,0.8433810471475307,0.8997174887085455,0.056336441561014805,54.78070760702098,0.16434212282106295,1.0101149425287357,0.0,0.0,-0.0,0.0,1.0,0.0981602797144488,0.0,1.0,0.0,0.0,0.025528694228606895,0.9848293202784212,1.0263378508161618,0.9877502350268577,0.9957871479836826,1.0032917446089007,1.0263378508161618
long_stream,gate_r2_uniform,softmax,gate_r2,0.0,816,10880665,18000,32,32,54,54,333.3333333333333,145.32607015489916,1,454,0.8402817632808633,0.8997174887085455,0.05943572542768216,57.123971746965815,0.17137191524089745,0.9881224303334857,0.0,0.0,-0.0,0.0,1.0,0.0981602797144488,0.0,1.0,0.0,0.0,0.025746161040560458,0.984727113369401,1.00167459367465,1.030322697140561,1.0763992486151672,1.0361321798101262,1.0763992486151672
long_stream,gate_r2_uniform,softmax,gate_r2,0.0,816,10880666,18000,32,32,54,54,333.3333333333333,143.09372737759966,1,457,0.8443932429400984,0.8997174887085455,0.05532424576844708,55.55477777233326,0.16666433331699979,1.0097357440890127,0.0,0.0,-0.0,0.0,1.0,0.0981602797144488,0.0,1.0,0.0,0.0,0.025107132505428523,0.9847081293046925,0.9751251376515377,0.9433817167937091,0.9405912017060786,0.9530326853837751,0.9751251376515377
long_stream,gate_r2_uniform,softmax,gate_r2,0.0,816,10880667,18000,32,32,54,54,333.3333333333333,143.00012950007087,1,445,0.84456511090266,0.8997174887085455,0.055152377805885555,53.396490382657035,0.1601894711479711,1.013621418506341,0.0,0.0,-0.0,0.0,1.0,0.0981602797144488,0.0,1.0,0.0,0.0,0.025105452137633027,0.985710969686299,1.0165809854329573,0.9243596934909372,0.9171808651012334,0.9527071813417093,1.0165809854329573
long_stream,gate_r2_uniform,softmax,gate_r2,0.0,816,10880668,18000,32,32,54,54,333.3333333333333,143.49241817627185,1,453,0.8436606774257775,0.8997174887085455,0.05605681128276796,55.41259383529665,0.16623778150588994,0.9944649446494465,0.0,0.0,-0.0,0.0,1.0,0.0981602797144488,0.0,1.0,0.0,0.0,0.02463468095491233,0.9855549144209541,0.9700351873633992,0.926766953917537,0.9615351031226926,0.9527790814678764,0.9700351873633992
long_stream,gate_r2_uniform,softmax,gate_r2,0.0,816,10880669,18000,32,32,54,54,333.3333333333333,143.0468713653235,1,456,0.8444792870342873,0.8997174887085455,0.05523820167425819,54.557479033754106,0.16367243710126234,0.9811840293712712,0.0,0.0,-0.0,0.0,1.0,0.0981602797144488,0.0,1.0,0.0,0.0,0.02533948381047641,0.984924249525473,0.9854339983953654,1.0280219906281187,0.9850477508900795,0.9995012466378546,1.0280219906281187
long_stream,gate_r2_uniform,softmax,gate_r2,0.0,816,10880670,18000,32,32,54,54,333.3333333333333,143.0305587653937,1,453,0.8445092401978517,0.8997174887085455,0.055208248510693836,54.857053295782265,0.1645711598873468,1.015270708005553,0.0,0.0,-0.0,0.0,1.0,0.0981602797144488,0.0,1.0,0.0,0.0,0.025100753129547477,0.9854646905753391,1.0020982356397063,0.9744160546602193,0.9973820103258677,0.9912987668752645,1.0020982356397063
long_stream,gate_r2_uniform,softmax,gate_r2,0.0,816,10880671,18000,32,32,54,54,333.3333333333333,143.49641884807517,1,453,0.843653322602063,0.8997174887085455,0.05606416610648246,55.10024534461745,0.16530073603385234,1.0,0.0,0.0,-0.0,0.0,1.0,0.0981602797144488,0.0,1.0,0.0,0.0,0.02490768474913594,0.9850080234355111,1.0014580507922661,0.9527655269361233,1.0174633218721054,0.9905622998668315,1.0174633218721054
long_stream,gate_r2_uniform,softmax,gate_r2,0.0,816,10880672,18000,32,32,54,54,333.3333333333333,143.71551116058473,1,449,0.8432504268252577,0.8997174887085455,0.05646706188328776,55.308227236099334,0.16592468170829802,0.9995423340961098,0.0,0.0,-0.0,0.0,1.0,0.0981602797144488,0.0,1.0,0.0,0.0,0.02498491449172141,0.9852314209270912,0.9939466341941385,0.993271534027005,1.004936377845301,0.9973848486888149,1.004936377845301
long_stream,gate_r2_uniform,softmax,gate_r2,0.0,816,10880673,18000,32,32,54,54,333.3333333333333,144.16412971435125,1,452,0.8424247342641378,0.8997174887085455,0.057292754444407734,55.22076903967685,0.16566230711903057,0.9895025102692835,0.0,0.0,-0.0,0.0,1.0,0.0981602797144488,0.0,1.0,0.0,0.0,0.02584763165927684,0.9847763952866414,0.9991641559546675,1.0213164109523125,1.0731682581554995,1.0312162750208265,1.0731682581554995
long_stream,gate_r2_uniform,softmax,gate_r2,0.0,816,10880674,18000,32,32,54,54,333.3333333333333,145.58566270476356,0,460,0.8398021426151998,0.8997174887085455,0.0599153460933457,58.87746220376313,0.1766323866112894,0.9853008727606799,0.0,0.0,-0.0,0.0,1.0,0.0981602797144488,0.0,1.0,0.0,0.0,0.025553677101495188,0.9844537085897243,1.0146204265527163,1.0358445948047972,1.0428446609494315,1.0311032274356482,1.0428446609494315
long_stream,gate_r2_uniform,softmax,gate_r2,0.0,816,10880675,18000,32,32,54,54,333.3333333333333,143.53745155881793,0,460,0.8435778837499062,0.8997174887085455,0.056139604958639344,55.96758321001873,0.1679027496300562,1.022801302931596,0.0,0.0,-0.0,0.0,1.0,0.0981602797144488,0.0,1.0,0.0,0.0,0.025176737427166227,0.9851898179167476,0.9408873295366138,1.024051197127241,0.9442000358529448,0.9697128541722666,1.024051197127241
long_stream,gate_r2_uniform,softmax,gate_r2,0.0,816,10880676,18000,32,32,54,54,333.3333333333333,144.4126033281029,0,455,0.8419670033131401,0.8997174887085455,0.05775048539540539,56.159165341481454,0.16847749602444437,0.9926773455377574,0.0,0.0,-0.0,0.0,1.0,0.0981602797144488,0.0,1.0,0.0,0.0,0.02497769951169876,0.9852044312494533,1.0029017171936647,1.0034497200323413,0.9332861262553132,0.9798791878271064,1.0034497200323413
long_stream,gate_r2_uniform,softmax,gate_r2,0.0,816,10880677,18000,32,32,54,54,333.3333333333333,143.39830568759893,2,451,0.843833671382478,0.8997174887085455,0.05588381732606751,54.758053694816844,0.16427416108445053,0.991743119266055,0.0,0.0,-0.0,0.0,1.0,0.0981602797144488,0.0,1.0,0.0,0.0,0.024635350451822375,0.985458926383013,0.9860767884881705,0.9216775537921802,0.8669942486547577,0.9249161969783696,0.9860767884881705
long_stream,gate_r2_uniform,softmax,gate_r2,0.0,816,10880678,18000,32,32,54,54,333.3333333333333,142.33645585958178,2,452,0.845782547615443,0.8997174887085455,0.053934941093102484,53.81002247275612,0.16143006741826835,0.9884419787332409,0.0,0.0,-0.0,0.0,1.0,0.0981602797144488,0.0,1.0,0.0,0.0,0.024607467819070385,0.9860931929611793,1.015560383067422,0.939816028725717,0.9752132275795199,0.9768632131242195,1.015560383067422
long_stream,gate_r2_uniform,softmax,gate_r2,0.0,816,10880679,18000,32,32,54,54,333.3333333333333,142.97772424272821,1,465,0.8446062459758031,0.8997174887085455,0.05511124273274237,54.65718074880379,0.1639715422464114,1.010166358595194,0.0,0.0,-0.0,0.0,1.0,0.0981602797144488,0.0,1.0,0.0,0.0,0.025580387660863752,0.9857031086311733,0.9577798196934691,1.013205134021278,1.0952281457977042,1.0220710331708172,1.0952281457977042
long_stream,gate_r2_uniform,softmax,gate_r2,0.0,816,10880680,18000,32,32,54,54,333.3333333333333,144.63542929520213,1,451,0.8415562731848754,0.8997174887085455,0.05816121552367015,57.14439151379146,0.17143317454137438,0.992265696087352,0.0,0.0,-0.0,0.0,1.0,0.0981602797144488,0.0,1.0,0.0,0.0,0.025619120686137687,0.9846558936471278,1.0175688092594712,1.0471325946846495,1.0927651834240935,1.0524888624560713,1.0927651834240935
long_stream,gate_r2_uniform,softmax,gate_r2,0.0,816,10880681,18000,32,32,54,54,333.3333333333333,142.33814719936518,1,450,0.8457794477849601,0.8997174887085455,0.05393804092358545,53.612118585812844,0.16083635575743854,0.9990808823529412,0.0,0.0,-0.0,0.0,1.0,0.0981602797144488,0.0,1.0,0.0,0.0,0.026146570718249985,0.9841205811566803,0.9686482759518785,1.0654349136232137,0.9664968395592762,1.0001933430447896,1.0654349136232137
long_stream,gate_r2_uniform,softmax,gate_r2,0.0,816,10880682,18000,32,32,54,54,333.3333333333333,144.55500042595605,1,459,0.8417045527238121,0.8997174887085455,0.05801293598473345,56.660457176124225,0.1699813715283727,1.0031919744642042,0.0,0.0,-0.0,0.0,1.0,0.0981602797144488,0.0,1.0,0.0,0.0,0.024789411902237518,0.985375877282849,1.001375486808005,0.9721089264341642,1.0289485784737082,1.0008109972386257,1.0289485784737082
long_stream,gate_r2_uniform,softmax,gate_r2,0.0,816,10880683,18000,32,32,54,54,333.3333333333333,144.73986883243205,1,451,0.8413636822562008,0.8997174887085455,0.05835380645234467,55.87519160626688,0.16762557481880067,0.9908466819221968,0.0,0.0,-0.0,0.0,1.0,0.0981602797144488,0.0,1.0,0.0,0.0,0.02577424827074656,0.9846234135290143,1.0054594171241251,1.0260578101578461,1.020761687422045,1.0174263049013386,1.0260578101578461
long_stream,gate_r2_uniform,softmax,gate_r2,0.0,816,10880684,18000,32,32,54,54,333.3333333333333,143.353228593388,2,454,0.8439165152774207,0.8997174887085455,0.05580097343112478,55.036351623268054,0.16510905486980418,1.0186567164179106,0.0,0.0,-0.0,0.0,1.0,0.0981602797144488,0.0,1.0,0.0,0.0,0.0254971698750655,0.9856841151360627,1.0442400246573844,1.0294192311742654,1.0395050551296379,1.037721436987096,1.0442400246573844
long_stream,gate_r2_uniform,softmax,gate_r2,0.0,816,10880685,18000,32,32,54,54,333.3333333333333,143.91123807557366,1,450,0.8428903045699827,0.8997174887085455,0.0568271841385628,56.15982483881094,0.16847947451643283,0.9875633348687242,0.0,0.0,-0.0,0.0,1.0,0.0981602797144488,0.0,1.0,0.0,0.0,0.025508825559505094,0.9849673016407084,0.9593780392302245,1.0821930376646194,1.0450186708616886,1.0288632492521774,1.0821930376646194
long_stream,gate_r2_uniform,softmax,gate_r2,0.0,816,10880686,18000,32,32,54,54,333.3333333333333,144.26351916878696,1,464,0.8422416767571899,0.8997174887085455,0.05747581195135565,56.43350725181575,0.16930052175544724,1.0267731329262564,0.0,0.0,-0.0,0.0,1.0,0.0981602797144488,0.0,1.0,0.0,0.0,0.025144581113638678,0.9859788321236532,0.9384210134243862,0.9192165714674189,0.9365145992868841,0.9313840613928964,0.9384210134243862
long_stream,gate_r2_uniform,softmax,gate_r2,0.0,816,10880687,18000,32,32,54,54,333.3333333333333,144.70468010553233,1,455,0.8414285774387755,0.8997174887085455,0.05828891126976998,56.307028704074604,0.1689210861122238,1.0045724737082762,0.0,0.0,-0.0,0.0,1.0,0.0981602797144488,0.0,1.0,0.0,0.0,0.025991750579368658,0.9850271939043328,0.9752042271675594,1.0065718491741988,1.025008551869895,1.0022615427372177,1.025008551869895
long_stream,gate_r2_uniform,softmax,gate_r2,0.0,816,10880688,18000,32,32,54,54,333.3333333333333,145.12306399640173,1,449,0.8406566200728065,0.8997174887085455,0.059060868635739006,57.104517561449775,0.17131355268434934,0.98900595510765,0.0,0.0,-0.0,0.0,1.0,0.0981602797144488,0.0,1.0,0.0,0.0,0.02494729581678929,0.9846526021206041,1.0162384583118989,0.9586696823998021,0.9432974068023107,0.9727351825046706,1.0162384583118989
long_stream,gate_r2_uniform,softmax,gate_r2,0.0,816,10880689,18000,32,32,54,54,333.3333333333333,144.03651800331235,0,456,0.8426597036759064,0.8997174887085455,0.05705778503263914,55.70624009197879,0.16711872027593638,1.0009124087591241,0.0,0.0,-0.0,0.0,1.0,0.0981602797144488,0.0,1.0,0.0,0.0,0.025551736444602558,0.9851378197312354,1.017990778891455,0.9915665834370085,1.0385663883194682,1.0160412502159772,1.0385663883194682
long_stream,gate_r2_active_bonus3,active_bonus,gate_r2,,816,10881667,18000,32,32,54,54,333.3333333333333,121.70775561885026,2,466,0.8823672147637682,0.8997174887085455,0.017350273944777284,29.354790132169292,0.08806437039650789,1.17467018469657,0.0,0.0,-0.0,0.0,1.0,0.0981602797144488,0.0,0.9614732116611677,0.03852678833883232,0.0,0.04689019861239487,0.9791024782975553,0.9642711690362863,2.6932982508354986,4.161230039863315,2.6062664865783667,4.161230039863315
long_stream,gate_r2_active_bonus3,active_bonus,gate_r2,,816,10881668,18000,32,32,54,54,333.3333333333333,122.17974009175535,2,476,0.8815613509398766,0.8997174887085455,0.018156137768668867,30.05242333237285,0.09015726999711855,1.1846895074946466,0.0,0.0,-0.0,0.0,1.0,0.0981602797144488,0.0,0.9605268890958001,0.03947311090419997,0.0,0.046975140251621604,0.9783644625183044,0.9773428697792123,2.6851136175572883,4.101129956309072,2.5878621478818578,4.101129956309072
long_stream,gate_r2_active_bonus3,active_bonus,gate_r2,,816,10881669,18000,32,32,54,54,333.3333333333333,121.49958085585376,2,476,0.8827221267247655,0.8997174887085455,0.016995361983780044,29.664793948382652,0.08899438184514796,1.177479892761394,0.0,0.0,-0.0,0.0,1.0,0.0981602797144488,0.0,0.9606032125975065,0.03939678740249357,0.0,0.047531583665982924,0.9796367062289973,0.9394614226756668,2.6359224877874734,4.242516698959408,2.605966869807516,4.242516698959408
long_stream,gate_r2_active_bonus3,active_bonus,gate_r2,,816,10881670,18000,32,32,54,54,333.3333333333333,121.80266371836409,2,476,0.882205301524539,0.8997174887085455,0.01751218718400649,28.41752198126282,0.08525256594378847,1.1410459587955626,0.0,0.0,-0.0,0.0,1.0,0.0981602797144488,0.0,0.9596938407625585,0.040306159237441484,0.0,0.04747571390099535,0.9783763503628014,0.9687203693656082,2.7398608647334326,4.363321002473824,2.6906340788576215,4.363321002473824
long_stream,gate_r2_active_bonus3,active_bonus,gate_r2,,816,10881671,18000,32,32,54,54,333.3333333333333,122.03005094374637,2,480,0.8818171076046144,0.8997174887085455,0.017900381103931107,29.684139673370158,0.08905241902011048,1.1640916355887054,0.0,0.0,-0.0,0.0,1.0,0.0981602797144488,0.0,0.9611429578590235,0.03885704214097647,0.0,0.04648107357738885,0.97844214505203,0.9830984894900403,2.6723785048662334,4.355737137167098,2.6704047105077904,4.355737137167098
long_stream,gate_r2_active_bonus3,active_bonus,gate_r2,,816,10881672,18000,32,32,54,54,333.3333333333333,121.64002752505564,2,466,0.8824827180467716,0.8997174887085455,0.017234770661773924,29.05868901735602,0.08717606705206807,1.1914666666666667,0.0,0.0,-0.0,0.0,1.0,0.0981602797144488,0.0,0.960247483431594,0.03975251656840593,0.0,0.04721324301160827,0.9790182810857386,0.9695150276149205,2.6724915158046905,4.156676352023647,2.5995609651477527,4.156676352023647
long_stream,gate_r2_active_bonus3,active_bonus,gate_r2,,816,10881673,18000,32,32,54,54,333.3333333333333,121.88990174804535,2,470,0.8820564145641627,0.8997174887085455,0.017661074144382782,28.47090782873972,0.08541272348621916,1.1659619450317125,0.0,0.0,-0.0,0.0,1.0,0.0981602797144488,0.0,0.9606300577500526,0.039369942249947394,0.0,0.0466775234451119,0.9785270547110052,0.9556182537468432,2.6394835810895114,4.1522193880272145,2.5824404076211898,4.1522193880272145
long_stream,gate_r2_active_bonus3,active_bonus,gate_r2,,816,10881674,18000,32,32,54,54,333.3333333333333,122.34332384273728,1,485,0.8812816655518454,0.8997174887085455,0.018435823156700115,29.647309540040272,0.08894192862012082,1.14750656167979,0.0,0.0,-0.0,0.0,1.0,0.0981602797144488,0.0,0.9607294323835823,0.03927056761641762,0.0,0.04679430671448593,0.9793283598600613,0.9536039932591134,2.6705760142516892,4.308876018417526,2.6443520086427763,4.308876018417526
long_stream,gate_r2_active_bonus3,active_bonus,gate_r2,,816,10881675,18000,32,32,54,54,333.3333333333333,120.98836797471559,2,466,0.8835923093303519,0.8997174887085455,0.016125179378193577,27.33062317187376,0.08199186951562129,1.1501312335958005,0.0,0.0,-0.0,0.0,1.0,0.0981602797144488,0.0,0.9592900258502198,0.04070997414978013,0.0,0.04702751699215959,0.9793454440020893,0.9702921949821637,2.62316168378029,4.208966981477894,2.600806953413449,4.208966981477894
long_stream,gate_r2_active_bonus3,active_bonus,gate_r2,,816,10881676,18000,32,32,54,54,333.3333333333333,122.24883548638728,1,474,0.8814432399032881,0.8997174887085455,0.01827424880525741,29.552840309695622,0.08865852092908687,1.151673640167364,0.0,0.0,-0.0,0.0,1.0,0.0981602797144488,0.0,0.9597265479844145,0.04027345201558555,0.0,0.04686631685535569,0.9779857758213688,0.949297759925619,2.747018816318162,4.373683184230876,2.6899999201582188,4.373683184230876
long_stream,gate_r2_active_bonus3,active_bonus,gate_r2,,816,10881677,18000,32,32,54,54,333.3333333333333,121.20994947549418,1,455,0.8832153750132482,0.8997174887085455,0.016502113695297305,27.33265581816143,0.0819979674544843,1.1643543223052293,0.0,0.0,-0.0,0.0,1.0,0.0981602797144488,0.0,0.9608113319230304,0.039188668076969586,0.0,0.04579764807909179,0.9796445152602855,0.9906134181569731,2.4993619677801333,3.808903009014265,2.4329594649837905,3.808903009014265
long_stream,gate_r2_active_bonus3,active_bonus,gate_r2,,816,10881678,18000,32,32,54,54,333.3333333333333,121.77255666017513,1,472,0.882256671404385,0.8997174887085455,0.017460817304160492,30.07090386501974,0.09021271159505923,1.1530773277222515,0.0,0.0,-0.0,0.0,1.0,0.0981602797144488,0.0,0.9594379977856675,0.04056200221433248,0.0,0.04832523227765019,0.978197951819683,0.9652516430950724,2.8286895637644953,4.428958171614515,2.7409664594913608,4.428958171614515
long_stream,gate_r2_active_bonus3,active_bonus,gate_r2,,816,10881679,18000,32,32,54,54,333.3333333333333,121.50552494678007,1,467,0.8827119972624159,0.8997174887085455,0.017005491446129617,28.91366458960192,0.08674099376880577,1.1916038751345532,0.0,0.0,-0.0,0.0,1.0,0.0981602797144488,0.0,0.9597740840173732,0.040225915982626835,0.0,0.048026566610822906,0.9785240698653992,0.9699025846602941,2.725567196198187,4.257929775524843,2.651133185461108,4.257929775524843
long_stream,gate_r2_active_bonus3,active_bonus,gate_r2,,816,10881680,18000,32,32,54,54,333.3333333333333,121.42060353565603,0,476,0.88285668881656,0.8997174887085455,0.016860799891985523,28.860456093518792,0.08658136828055638,1.1697002141327622,0.0,0.0,-0.0,0.0,1.0,0.0981602797144488,0.0,0.9592575065127683,0.040742493487231655,0.0,0.04771323778533382,0.9784202136193441,0.9440168077833275,2.763317719707976,4.314670928538242,2.6740018186765155,4.314670928538242
long_stream,gate_r2_active_bonus3,active_bonus,gate_r2,,816,10881681,18000,32,32,54,54,333.3333333333333,122.27776515725111,0,475,0.8813937773599319,0.8997174887085455,0.018323711348613658,29.105809525731253,0.08731742857719377,1.1460732984293194,0.0,0.0,-0.0,0.0,1.0,0.0981602797144488,0.0,0.9597991496209953,0.04020085037900466,0.0,0.046666745563803104,0.978533952353048,0.996015502286279,2.695817366730269,4.2687759358333786,2.653536268283309,4.2687759358333786
long_stream,gate_r2_active_bonus3,active_bonus,gate_r2,,816,10881682,18000,32,32,54,54,333.3333333333333,122.1491195523218,1,477,0.8816136821741534,0.8997174887085455,0.01810380653439214,27.485349632930713,0.08245604889879214,1.136864184583115,0.0,0.0,-0.0,0.0,1.0,0.0981602797144488,0.0,0.9610597764651639,0.03894022353483602,0.0,0.04533956162633253,0.9791005029391545,0.9898414993817543,2.4959619179108032,3.8589786319029162,2.448260683065158,3.8589786319029162
long_stream,gate_r2_active_bonus3,active_bonus,gate_r2,,816,10881683,18000,32,32,54,54,333.3333333333333,122.0356657035299,1,486,0.8818075172915105,0.8997174887085455,0.017909971417034987,30.862298707022482,0.09258689612106745,1.168991416309013,0.0,0.0,-0.0,0.0,1.0,0.0981602797144488,0.0,0.9611841286463987,0.03881587135360131,0.0,0.047560744636415526,0.9792629169330662,0.9395152978253102,2.6841065085400624,4.36743830519696,2.6636867038541108,4.36743830519696
long_stream,gate_r2_active_bonus3,active_bonus,gate_r2,,816,10881684,18000,32,32,54,54,333.3333333333333,122.14214548510151,2,475,0.881625600056424,0.8997174887085455,0.018091888652121524,30.14655560449344,0.09043966681348033,1.1939978563772777,0.0,0.0,-0.0,0.0,1.0,0.0981602797144488,0.0,0.9601460028379758,0.0398539971620242,0.0,0.047765374841124315,0.978693827851096,0.9907058679918872,2.747151675231445,4.400089160416681,2.712648901213338,4.400089160416681
long_stream,gate_r2_active_bonus3,active_bonus,gate_r2,,816,10881685,18000,32,32,54,54,333.3333333333333,122.1095440198707,2,478,0.8816813074746003,0.8997174887085455,0.018036181233945237,28.296053906272277,0.08488816171881684,1.1572559366754618,0.0,0.0,-0.0,0.0,1.0,0.0981602797144488,0.0,0.9597176057542235,0.040282394245776544,0.0,0.0459752202860882,0.979460621725615,0.9434919940655934,2.5910452473899364,4.0386659600040264,2.5244010671531854,4.0386659600040264
long_stream,gate_r2_active_bonus3,active_bonus,gate_r2,,816,10881686,18000,32,32,54,54,333.3333333333333,121.70577757976939,1,474,0.8823705885882424,0.8997174887085455,0.017346900120303155,28.405137772097707,0.08521541331629312,1.1675588865096358,0.0,0.0,-0.0,0.0,1.0,0.0981602797144488,0.0,0.959459887259226,0.04054011274077391,0.0,0.04721929659569525,0.9790007482813445,0.952516343794185,2.6774287840819624,4.3484114570783445,2.6594521949848304,4.3484114570783445
long_stream,gate_r2_active_bonus3,active_bonus,gate_r2,,816,10881687,18000,32,32,54,54,333.3333333333333,121.89430758744324,2,472,0.8820488937342775,0.8997174887085455,0.01766859497426798,29.687258770949757,0.08906177631284928,1.1475667189952905,0.0,0.0,-0.0,0.0,1.0,0.0981602797144488,0.0,0.9604392668016031,0.03956073319839694,0.0,0.04645585981411009,0.9793105969470719,0.9208090710908597,2.69053860734304,4.150877732066042,2.5874084701666473,4.150877732066042
long_stream,gate_r2_active_bonus3,active_bonus,gate_r2,,816,10881688,18000,32,32,54,54,333.3333333333333,122.11015063822045,1,472,0.8816802709932481,0.8997174887085455,0.018037217715297427,28.791073719573674,0.08637322115872102,1.157142857142857,0.0,0.0,-0.0,0.0,1.0,0.0981602797144488,0.0,0.9601397027443844,0.03986029725561562,0.0,0.046772569471587824,0.9786561096486757,0.9931110460689285,2.692212059084962,4.27113127929924,2.652151461484377,4.27113127929924
long_stream,gate_r2_active_bonus3,active_bonus,gate_r2,,816,10881689,18000,32,32,54,54,333.3333333333333,122.59342620282764,2,475,0.8808536764043083,0.8997174887085455,0.01886381230423717,29.885584286544375,0.08965675285963313,1.1665779670037253,0.0,0.0,-0.0,0.0,1.0,0.0981602797144488,0.0,0.9590710457637571,0.040928954236242904,0.0,0.0467126284481701,0.978465827575655,1.004140290560381,2.7279048778574233,4.208149611165032,2.646731593194279,4.208149611165032
long_stream,gate_r2_active_bonus3,active_bonus,gate_r2,,816,10881690,18000,32,32,54,54,333.3333333333333,122.53102403820778,1,489,0.8809605053659304,0.8997174887085455,0.018756983342615108,31.249888888691356,0.09374966666607407,1.1548117154811717,0.0,0.0,-0.0,0.0,1.0,0.0981602797144488,0.0,0.9591737742660666,0.040826225733933394,0.0,0.046601811240621425,0.9791943837262986,0.9801971729764686,2.685866166747006,4.351611058374967,2.6725581326994807,4.351611058374967
long_stream,gate_r2_active_bonus3,active_bonus,gate_r2,,816,10881691,18000,32,32,54,54,333.3333333333333,122.68870574962683,1,473,0.8806905083286901,0.8997174887085455,0.019026980379855396,30.684173746713768,0.09205252124014131,1.2008639308855293,0.0,0.0,-0.0,0.0,1.0,0.0981602797144488,0.0,0.9616080081815553,0.038391991818444694,0.0,0.047049004892207744,0.9798549392075521,0.935341213388986,2.6518021303759256,4.211123844793915,2.599422396186276,4.211123844793915
long_stream,gate_r2_active_bonus3,active_bonus,gate_r2,,816,10881692,18000,32,32,54,54,333.3333333333333,122.76928075172671,2,472,0.8805524703606038,0.8997174887085455,0.01916501834794171,29.938207967349953,0.08981462390204986,1.1683430386447855,0.0,0.0,-0.0,0.0,1.0,0.0981602797144488,0.0,0.9607772829150851,0.03922271708491492,0.0,0.04660055404052532,0.9794637329864054,0.9853929541262795,2.6828495074887786,4.209794707488282,2.6260123897011134,4.209794707488282
long_stream,gate_r2_active_bonus3,active_bonus,gate_r2,,816,10881693,18000,32,32,54,54,333.3333333333333,122.10984732942228,0,466,0.8816807892336196,0.8997174887085455,0.01803669947492592,29.577894648738134,0.0887336839462144,1.1500000000000001,0.0,0.0,-0.0,0.0,1.0,0.0981602797144488,0.0,0.9605431133242691,0.03945688667573091,0.0,0.04707245139660779,0.9788834025982136,0.9515806933037357,2.7113742201383126,4.169322476673377,2.6107591300384754,4.169322476673377
long_stream,gate_r2_active_bonus3,active_bonus,gate_r2,,816,10881694,18000,32,32,54,54,333.3333333333333,121.65890386194053,2,474,0.8824505298232981,0.8997174887085455,0.01726695888524743,29.22961461207401,0.08768884383622204,1.1740053050397878,0.0,0.0,-0.0,0.0,1.0,0.0981602797144488,0.0,0.9598407968408021,0.04015920315919782,0.0,0.04682331374679195,0.9795986795461944,0.9945135240617161,2.634203907348099,4.1230434363046555,2.583920289238157,4.1230434363046555
long_stream,gate_r2_active_bonus3,active_bonus,gate_r2,,816,10881695,18000,32,32,54,54,333.3333333333333,121.16976153773314,1,466,0.8832837663926426,0.8997174887085455,0.0164337223159029,28.101667276225868,0.0843050018286776,1.1512118018967334,0.0,0.0,-0.0,0.0,1.0,0.0981602797144488,0.0,0.961001788186978,0.03899821181302197,0.0,0.04651580904353662,0.9784205932481009,0.9013286909429353,2.640147244588923,4.269081917643589,2.603519284391816,4.269081917643589
long_stream,gate_r2_active_bonus3,active_bonus,gate_r2,,816,10881696,18000,32,32,54,54,333.3333333333333,122.31880022665726,1,476,0.881323607046006,0.8997174887085455,0.018393881662539524,29.49199514745955,0.08847598544237865,1.1855836471221086,0.0,0.0,-0.0,0.0,1.0,0.0981602797144488,0.0,0.9601236767047353,0.03987632329526473,0.0,0.04693190058525188,0.9788284412067628,0.9412796203765977,2.6468062637169436,4.164605984422185,2.5842306228385756,4.164605984422185
long_stream,gate_r2_active_bonus3,active_bonus,gate_r2,,816,10881697,18000,32,32,54,54,333.3333333333333,122.44620890037419,2,470,0.8811056583724275,0.8997174887085455,0.018611830336118018,30.578980919482486,0.09173694275844746,1.1748547279450607,0.0,0.0,-0.0,0.0,1.0,0.0981602797144488,0.0,0.9605770829421939,0.03942291705780605,0.0,0.046619630634234584,0.9793549230579288,0.9873414111716301,2.6841307830043033,4.249641850337021,2.640371348170985,4.249641850337021
long_stream,gate_r2_active_bonus3,active_bonus,gate_r2,,816,10881698,18000,32,32,54,54,333.3333333333333,121.20139346467013,1,472,0.8832299365487614,0.8997174887085455,0.016487552159784147,28.004629246952355,0.08401388774085707,1.1660497091485986,0.0,0.0,-0.0,0.0,1.0,0.0981602797144488,0.0,0.9595723086888477,0.04042769131115232,0.0,0.04692527604420945,0.9798203451065877,0.9892606590450232,2.597970423988403,4.120509710919538,2.5692469313176547,4.120509710919538
