uid,left_uid,right_uid,interval_frames,alpha_uid,beta_time,endpoint_fraction,endpoint_rotation_deg,endpoint_rotation_deg_per_second,gyro_endpoint_disagreement_deg,gyro_curvature_deg,original_translation_error_m,final_endpoint_linear_translation_error_m,causal_accel_shape_norm_m,causal_accel_plus_025_translation_error_m,causal_accel_plus_050_translation_error_m,causal_accel_plus_100_translation_error_m,causal_accel_minus_100_translation_error_m,original_rotation_error_deg,final_endpoint_slerp_rotation_error_deg,final_endpoint_imu_right_rotation_error_deg,final_endpoint_imu_left_rotation_error_deg,final_endpoint_imu_shape_right_rotation_error_deg,final_endpoint_imu_shape_left_rotation_error_deg,imu_right_improvement_deg,imu_left_improvement_deg,imu_shape_right_improvement_deg,imu_shape_left_improvement_deg
1,0,91,91,0.01098901098901099,0.011062888217858068,0.01098901098901099,0.005411111221711826,0.0017895668740582,0.25057558898958493,0.001622328542334015,0.0011791917042672168,0.0011736270893083832,0.00024856212975612194,0.0011374131410799323,0.0010975641772277486,0.0010245451366480036,0.0013619323325679466,0.0,0.0,0.0,0.0,0.0,0.0,0.0,0.0,0.0,0.0
2,0,91,91,0.02197802197802198,0.02209778469414725,0.02197802197802198,0.005411111221711826,0.0017895668740582,0.25057558898958493,0.0028698267347229407,0.0011850094898279838,0.0011784126836438301,0.0004781295353048631,0.0011002152937382445,0.0010223873413413534,0.0008947671131378966,0.0015700644892084274,0.0,0.0,0.0,0.0,0.0,0.0,0.0,0.0,0.0,0.0
3,0,91,91,0.03296703296703297,0.03309049643314248,0.03296703296703297,0.005411111221711826,0.0017895668740582,0.25057558898958493,0.003204805167734822,0.0015245538248472772,0.0015201101199202524,0.0006934072474509576,0.0014442650270241964,0.001381173513019321,0.001315835470978252,0.001969449914230721,0.0,0.0,0.0,0.0,0.0,0.0,0.0,0.0,0.0,0.0
4,0,91,91,0.04395604395604396,0.044082498522351445,0.04395604395604396,0.005411111221711826,0.0017895668740582,0.25057558898958493,0.004431942863884956,0.0012073781855994785,0.0011972462525549309,0.000893304599161553,0.0010137341684637333,0.0008350454981140986,0.0005795139672357761,0.002043446584001646,0.0,0.0,0.0,0.0,0.0,0.0,0.0,0.0,0.0,0.0
6,0,91,91,0.06593406593406594,0.06606602960091189,0.06593406593406594,0.005411111221711826,0.0017895668740582,0.25057558898958493,0.0058476068360951506,0.0015860877200225396,0.0015847940511431807,0.0012426457528060843,0.0014728643896008424,0.00141986119852368,0.0015127529950469125,0.0024148009899623594,0.0,0.0004966585569287645,0.0,0.0,0.0,0.0,0.0004966585569287645,0.0004966585569287645,0.0004966585569287645,0.0004966585569287645
7,0,91,91,0.07692307692307693,0.07705755859026335,0.07692307692307693,0.005411111221711826,0.0017895668740582,0.25057558898958493,0.005849304132269303,0.000961822143281906,0.0009576236556541746,0.0013970664334565055,0.0008093918692584467,0.0007931600646605487,0.0011441159254125834,0.002108267454288916,0.0,0.0,0.0,0.0,0.0,0.0,0.0,0.0,0.0,0.0
8,0,91,91,0.08791208791208792,0.08804837792982857,0.08791208791208792,0.005411111221711826,0.0017895668740582,0.25057558898958493,0.004736943474087255,0.0012660209292597727,0.0012602362089769203,0.001535200994435385,0.0010629058179198164,0.0009753634316890466,0.001215845261982949,0.002537916955337972,0.0,0.0,0.0,0.0,0.0,0.0,0.0,0.0,0.0,0.0
9,0,91,91,0.0989010989010989,0.09903911841941754,0.0989010989010989,0.005411111221711826,0.0017895668740582,0.25057558898958493,0.004600558482038776,0.0011589355547813633,0.0011571661590989955,0.001660950702409164,0.001017587590903495,0.0010357036471232294,0.0014770277881980013,0.0024540103147360007,0.0,0.0,0.0,0.0,0.0,0.0,0.0,0.0,0.0,0.0
11,0,91,91,0.12087912087912088,0.1210194166489517,0.12087912087912088,0.005411111221711826,0.0017895668740582,0.25057558898958493,0.004634467851376501,0.0011204550051032694,0.0011140908551697027,0.0018688622394006827,0.0008965788021075695,0.0008881826597319594,0.001438276917205089,0.002725342269527339,0.0,0.0,0.0,0.0,0.0,0.0,0.0,0.0,0.0,0.0
12,0,91,91,0.13186813186813187,0.13200905323887316,0.13186813186813187,0.005411111221711826,0.0017895668740582,0.25057558898958493,0.004024606561326537,0.0015064036319864583,0.0014998927284385676,0.001953359863305732,0.0012471837995000528,0.001148318249204247,0.0015085837988775812,0.0031454583509936433,0.0,0.0,0.0,0.0,0.0,0.0,0.0,0.0,0.0,0.0
13,0,91,91,0.14285714285714285,0.14299853212884212,0.14285714285714285,0.005411111221711826,0.0017895668740582,0.25057558898958493,0.003590204574589123,0.0016199693765307688,0.0016115569282647187,0.002028192084625624,0.0013238068872487106,0.0011810266551073299,0.001490680618147142,0.0033546384485889833,0.0,0.0,0.0,0.0,0.0,0.0,0.0,0.0,0.0,0.0
14,0,91,91,0.15384615384615385,0.15398745906897732,0.15384615384615385,0.005411111221711826,0.0017895668740582,0.25057558898958493,0.0036186696193378047,0.0015004456941773053,0.0014977236718587907,0.002087532757401519,0.00128797022975831,0.0012692995985838732,0.001774768201024388,0.0031730834249089433,0.0,0.0,0.0,0.0,0.0,0.0,0.0,0.0,0.0,0.0
16,0,91,91,0.17582417582417584,0.17596452444948524,0.17582417582417584,0.005411111221711826,0.0017895668740582,0.25057558898958493,0.003157869472167865,0.0014334434578651735,0.001427334102248648,0.0021783073251483796,0.0011786288509326504,0.0011474753330484105,0.0017178913045970633,0.0032631909789304255,0.0,0.0,0.0,0.0,0.0,0.0,0.0,0.0,0.0,0.0
17,0,91,91,0.18681318681318682,0.18695282058981044,0.18681318681318682,0.005411111221711826,0.0017895668740582,0.25057558898958493,0.003795474727705194,0.0011370650779282732,0.0011450376218477473,0.00220524775705549,0.0011074533358975272,0.0013296159218687464,0.0021620358098164926,0.0027636335647034938,0.0,0.002692800456351794,0.0,0.0,0.0,0.0,0.002692800456351794,0.002692800456351794,0.002692800456351794,0.002692800456351794
18,0,91,91,0.1978021978021978,0.19794032823037314,0.1978021978021978,0.005411111221711826,0.0017895668740582,0.25057558898958493,0.0035995175909912373,0.0015228572805791706,0.0015191108990058324,0.002224993707626336,0.0012782635599257698,0.0012520566221730217,0.0018142479909676187,0.0033537869370682317,0.0,0.0,0.0,0.0,0.0,0.0,0.0,0.0,0.0,0.0
19,0,91,91,0.2087912087912088,0.20892807242086459,0.2087912087912088,0.005411111221711826,0.0017895668740582,0.25057558898958493,0.003970996591816563,0.0009320007000738626,0.0009432969350736056,0.0022376801838339395,0.0009441636852092772,0.0012410344071129306,0.0021714773305055854,0.0026526141866511357,0.0,0.002379033792817624,0.0,0.0,0.0,0.0,0.002379033792817624,0.002379033792817624,0.002379033792817624,0.002379033792817624
21,0,91,91,0.23076923076923078,0.23090206265229873,0.23076923076923078,0.005411111221711826,0.0017895668740582,0.25057558898958493,0.005083000039829596,0.001556990685118805,0.0015479837095832287,0.002232514388325198,0.0012600139050047913,0.0011722052507236091,0.0016780853831497337,0.0034642041542193684,0.0,0.0,0.0,0.0,0.0,0.0,0.0,0.0,0.0,0.0
22,0,91,91,0.24175824175824176,0.24188846639319392,0.24175824175824176,0.005411111221711826,0.0017895668740582,0.25057558898958493,0.004264070914607119,0.0016143342758047653,0.0016069205527606174,0.002219626708079667,0.001331653423101473,0.0012475453358015563,0.0017233789302798814,0.0034778730306301753,0.0,0.0,0.0,0.0,0.0,0.0,0.0,0.0,0.0,0.0
23,0,91,91,0.25274725274725274,0.2528747912841129,0.25274725274725274,0.005411111221711826,0.0017895668740582,0.25057558898958493,0.0034299556916946,0.0015698657132216178,0.001566369610936098,0.0021946372229886997,0.0013295727812973712,0.0012934849328657754,0.0018138204034072718,0.0033573616636186554,0.0,0.0,0.001898520775047319,0.001880248005777921,0.0018840089784285285,0.001894772834274537,-0.001898520775047319,-0.001880248005777921,-0.0018840089784285285,-0.001894772834274537
24,0,91,91,0.26373626373626374,0.26386048537522183,0.26373626373626374,0.005411111221711826,0.0017895668740582,0.25057558898958493,0.0030856248932542383,0.0010765810235924354,0.0010786803642637037,0.002163522633050005,0.0009500634894380712,0.0011096478452789003,0.001908932967017095,0.0028347290338925227,0.0,0.0,0.0029261357663422183,0.002924888954684971,0.0029252996339982403,0.002925716235166259,-0.0029261357663422183,-0.002924888954684971,-0.0029252996339982403,-0.002925716235166259
26,0,91,91,0.2857142857142857,0.28583124275762967,0.2857142857142857,0.005411111221711826,0.0017895668740582,0.25057558898958493,0.004464660203969659,0.001274153923994619,0.0012800374158433805,0.0020781086851569363,0.0011682752516299479,0.0012829976104914373,0.001956518686004541,0.002838316841021491,0.0,0.0,0.005902076764302246,0.005904986786591107,0.005903795317739126,0.00590326339389499,-0.005902076764302246,-0.005904986786591107,-0.005903795317739126,-0.00590326339389499
27,0,91,91,0.2967032967032967,0.2968163060489286,0.2967032967032967,0.005411111221711826,0.0017895668740582,0.25057558898958493,0.0047166967539435355,0.0015160321416787528,0.001508819534677919,0.0020253717358344795,0.0012673441667117374,0.0011944602767497614,0.0016143675495443265,0.003192927443713484,0.0,0.0,0.0036127258075569226,0.003597609261628625,0.0036002653736489486,0.0036100707866872942,-0.0036127258075569226,-0.003597609261628625,-0.0036002653736489486,-0.0036100707866872942
28,0,91,91,0.3076923076923077,0.30780073854041756,0.3076923076923077,0.005411111221711826,0.0017895668740582,0.25057558898958493,0.0045715701946041545,0.001236506139976989,0.0012357521941268501,0.001966836187899364,0.0010827310527131125,0.0011398338495462877,0.0017331235587682364,0.002791248247380572,0.0,0.0,0.006164123928972456,0.0061665798021597416,0.006165171566259566,0.006165527911548402,-0.006164123928972456,-0.0061665798021597416,-0.006165171566259566,-0.006165527911548402
29,0,91,91,0.31868131868131866,0.3187852498818827,0.31868131868131866,0.005411111221711826,0.0017895668740582,0.25057558898958493,0.005524481039993165,0.0014708293106048017,0.0014517722071023852,0.0018986799484415472,0.0011763771268107725,0.0010271370995926935,0.0013225638567162584,0.0031284938325021835,0.0,0.0,0.007191444948099757,0.007189932893877882,0.00718895976403532,0.007192412775697229,-0.007191444948099757,-0.007189932893877882,-0.00718895976403532,-0.007192412775697229
31,0,91,91,0.34065934065934067,0.34075277441526436,0.34065934065934067,0.005411111221711826,0.0017895668740582,0.25057558898958493,0.005125962836005326,0.0012202686977157622,0.0012095040181217026,0.0017445859722747465,0.0010057552562644585,0.0009562840076120058,0.001364438572869056,0.0026839484345703335,0.0,0.0,0.005016525771098921,0.005014643128695103,0.005013646440235712,0.0050175163670827215,-0.005016525771098921,-0.005014643128695103,-0.005013646440235712,-0.0050175163670827215
32,0,91,91,0.3516483516483517,0.35174004550589827,0.3516483516483517,0.005411111221711826,0.0017895668740582,0.25057558898958493,0.004390218655663535,0.001346995856942776,0.0013468625038939959,0.0016577572992292784,0.0011883456536818196,0.0011633799269892156,0.001505519014159515,0.0026188789016565986,0.0,0.0,0.006338196815733201,0.006336755284024657,0.006335673661136193,0.0063392740985832195,-0.006338196815733201,-0.006336755284024657,-0.006335673661136193,-0.0063392740985832195
33,0,91,91,0.3626373626373626,0.36273236299501227,0.3626373626373626,0.005411111221711826,0.0017895668740582,0.25057558898958493,0.004428158726855846,0.0014972797746570644,0.0015021866816514941,0.0015685148388066986,0.00137013131389269,0.001349148902444096,0.0016213198938252469,0.0026029776887622983,0.0,0.0,0.0073536702307138505,0.007353064653746526,0.007352251125484647,0.007354480925931043,-0.0073536702307138505,-0.007353064653746526,-0.007352251125484647,-0.007354480925931043
34,0,91,91,0.37362637362637363,0.3737241285342925,0.37362637362637363,0.005411111221711826,0.0017895668740582,0.25057558898958493,0.003910638402108671,0.0014551932056918878,0.001449030461174187,0.0014740943316721418,0.0012831004854837098,0.0012027991137919592,0.0013646762252342427,0.002592053535211023,0.0,0.0,0.001127204983037772,0.0011048728266289964,0.0011047045799711425,0.0011273524141143289,-0.001127204983037772,-0.0011048728266289964,-0.0011047045799711425,-0.0011273524141143289
36,0,91,91,0.3956043956043956,0.39570679226311417,0.3956043956043956,0.005411111221711826,0.0017895668740582,0.25057558898958493,0.005461633860115197,0.0011742859845590623,0.0011618480531756072,0.0012580008366914906,0.0010177711160852742,0.0009437103788147314,0.001092480680466106,0.0021747444263878427,0.0,0.0,0.007504168467866491,0.007502998074790407,0.00750150237157034,0.007505659852222085,-0.007504168467866491,-0.007502998074790407,-0.00750150237157034,-0.007505659852222085
37,0,91,91,0.4065934065934066,0.4066977693026319,0.4065934065934066,0.005411111221711826,0.0017895668740582,0.25057558898958493,0.004850603750860818,0.0012726895274510436,0.0012496042758481716,0.0011474092332285884,0.0011087719425280963,0.0010017885512191545,0.0010225927555352096,0.0021970155256371,0.0,0.0,0.007134146590637474,0.007137800342615973,0.007134908773345513,0.007137034485505432,-0.007134146590637474,-0.007137800342615973,-0.007134908773345513,-0.007137034485505432
38,0,91,91,0.4175824175824176,0.41768819439231586,0.4175824175824176,0.005411111221711826,0.0017895668740582,0.25057558898958493,0.004815111397449494,0.001164625319113238,0.0011445588595410687,0.0010311870998807183,0.0010346234312293692,0.0009578400228368546,0.001005105120003278,0.0019568243752322878,0.0,0.0,0.00764831219383926,0.007651166169010908,0.0076484611555438725,0.007651013353809393,-0.00764831219383926,-0.007651166169010908,-0.0076484611555438725,-0.007651013353809393
39,0,91,91,0.42857142857142855,0.4286784617820473,0.42857142857142855,0.005411111221711826,0.0017895668740582,0.25057558898958493,0.004192987815919097,0.0012675170293817654,0.0012740626205575828,0.0009104945616590684,0.0011959181465511855,0.0011651034503765804,0.0012340311397170739,0.0018298542781805351,0.0,0.0,0.003045838889365134,0.0030383773324728254,0.0030363988911024627,0.0030478025929587126,-0.003045838889365134,-0.0030383773324728254,-0.0030363988911024627,-0.0030478025929587126
41,0,91,91,0.45054945054945056,0.45065805036179524,0.45054945054945056,0.005411111221711826,0.0017895668740582,0.25057558898958493,0.005223054748271338,0.0012128415733567227,0.0011878075090460763,0.0006624744859125241,0.0011321995166432345,0.0010712730111752885,0.0010216179663285394,0.0016661365442152954,0.0,0.0,0.0,0.0,0.0,0.0,0.0,0.0,0.0,0.0
42,0,91,91,0.46153846153846156,0.4616470561519067,0.46153846153846156,0.005411111221711826,0.0017895668740582,0.25057558898958493,0.005581590253811788,0.0014552544964455242,0.0014749297845583432,0.0005420557214211455,0.0014470740175907216,0.0014515539349221798,0.001497719668400569,0.0016062427911080937,0.0,0.0,0.0,0.0,0.0,0.0,0.0,0.0,0.0,0.0
43,0,91,91,0.4725274725274725,0.4726361407919944,0.4725274725274725,0.005411111221711826,0.0017895668740582,0.25057558898958493,0.005845584718089571,0.0012774444854581624,0.0013088164726698704,0.000423552487288204,0.0012888113825737296,0.0013086748010723486,0.0013722585074394855,0.0013188740783679623,0.0,0.0,0.0,0.0,0.0,0.0,0.0,0.0,0.0,0.0
44,0,91,91,0.4835164835164835,0.48362467348224836,0.4835164835164835,0.005411111221711826,0.0017895668740582,0.25057558898958493,0.006370316824613075,0.0012493223491035126,0.0012562228392126958,0.0003180331513862146,0.0012659784451076802,0.0012873382036813717,0.0013432220635605891,0.0012327438187492014,0.0,0.004323516826699102,0.0,0.0,0.0,0.0,0.004323516826699102,0.004323516826699102,0.004323516826699102,0.004323516826699102
46,0,91,91,0.5054945054945055,0.5056008715130175,0.4945054945054945,0.005411111221711826,0.0017895668740582,0.25057558898958493,0.006456591725715372,0.0012044840661177075,0.0012024703370723947,0.00022189172662635833,0.0012543100879490881,0.0013045919746125243,0.001406327324660933,0.0010110781689193805,0.0,0.0035198974168210947,0.0,0.0,0.0,0.0,0.0035198974168210947,0.0035198974168210947,0.0035198974168210947,0.0035198974168210947
47,0,91,91,0.5164835164835165,0.516588615703509,0.48351648351648346,0.005411111221711826,0.0017895668740582,0.25057558898958493,0.007448650701213392,0.0015815150964434885,0.001569589782753806,0.00028481743533972383,0.001651668453717985,0.0017219080937058895,0.0018626071651848095,0.0013020431988634313,0.0,0.0,0.004868947372409137,0.00485291339428434,0.004853029050372747,0.004868821764214589,-0.004868947372409137,-0.00485291339428434,-0.004853029050372747,-0.004868821764214589
48,0,91,91,0.5274725274725275,0.5275758867941429,0.4725274725274725,0.005411111221711826,0.0017895668740582,0.25057558898958493,0.0076580505480090405,0.001113293929952991,0.001139577902846136,0.0003792023647378374,0.0011962003872390877,0.0012807582373615864,0.0014536702402471904,0.0008082564249083093,0.0,0.0,0.005539566862531153,0.005529882484050234,0.005529134111462838,0.0055403044845329956,-0.005539566862531153,-0.005529882484050234,-0.005529134111462838,-0.0055403044845329956
49,0,91,91,0.5384615384615384,0.5385630790348006,0.46153846153846156,0.005411111221711826,0.0017895668740582,0.25057558898958493,0.006840512673790679,0.0011068692605864482,0.0011475624985645748,0.0004951448518664815,0.0011977360518674932,0.0012940748791690163,0.0014988943384796533,0.0008330496568607321,0.0,0.0030030669723594234,0.0,0.0,0.0,0.0,0.0030030669723594234,0.0030030669723594234,0.0030030669723594234,0.0030030669723594234
51,0,91,91,0.5604395604395604,0.5605360442165435,0.43956043956043955,0.005411111221711826,0.0017895668740582,0.25057558898958493,0.007304819766475229,0.0011703618293457362,0.0011826461229904979,0.0007409232608434962,0.0013153251110770217,0.001469365303073892,0.0017952174284456026,0.0007839786761781683,0.0,0.003860416258006006,0.0025684380686113173,0.0025552308460736043,0.0025549098977239214,0.0025687374629200063,0.0012919781893946888,0.0013051854119324018,0.0013055063602820847,0.0012916787950859997
52,0,91,91,0.5714285714285714,0.571521896007605,0.4285714285714286,0.005411111221711826,0.0017895668740582,0.25057558898958493,0.00616461690824379,0.0015446801708083589,0.001536201065656349,0.0008601978931441637,0.0017305027935057248,0.0019224295977993318,0.0023184918577786916,0.0009362424879967311,0.0,0.0,0.0026836760882162102,0.0026571402882231442,0.0026586319425108895,0.00268218096873692,-0.0026836760882162102,-0.0026571402882231442,-0.0026586319425108895,-0.00268218096873692
53,0,91,91,0.5824175824175825,0.5825078266486426,0.41758241758241754,0.005411111221711826,0.0017895668740582,0.25057558898958493,0.007042833305039468,0.0012189827992653986,0.0012185355961599274,0.0009786733926433206,0.0014245327319733461,0.0016408513476867676,0.0020923116474942374,0.0007139140834202234,0.0,0.0,0.0,0.0,0.0,0.0,0.0,0.0,0.0,0.0
54,0,91,91,0.5934065934065934,0.5934930476398941,0.4065934065934066,0.005411111221711826,0.0017895668740582,0.25057558898958493,0.0076606666340913255,0.0013501833777636748,0.0013607372932357416,0.0010941256935899024,0.0015616031150863581,0.0017899308097457862,0.002276678495188084,0.0009257145367087756,0.0,0.0,0.003417592667324077,0.0033827541898653005,0.003384309626815639,0.003416036594810479,-0.003417592667324077,-0.0033827541898653005,-0.003384309626815639,-0.003416036594810479
56,0,91,91,0.6153846153846154,0.6154628588225869,0.3846153846153846,0.005411111221711826,0.0017895668740582,0.25057558898958493,0.006394105726436928,0.0017701407170183105,0.0017529972246493341,0.0013200486102961074,0.002052909505594778,0.002348040195560924,0.002960481637954508,0.000993680760866264,0.0,0.0,0.0032845598730175387,0.003244368165402684,0.0032474191696493996,0.003281529628307238,-0.0032845598730175387,-0.003244368165402684,-0.0032474191696493996,-0.003281529628307238
57,0,91,91,0.6263736263736264,0.6264475278640046,0.37362637362637363,0.005411111221711826,0.0017895668740582,0.25057558898958493,0.00509689938652545,0.001540713714638633,0.001538217635096371,0.0014295731662793277,0.0018272394986678794,0.0021352446113330316,0.0027868584587041503,0.0010336229039606668,0.0,0.0,0.001547279071132893,0.0014907327946985592,0.0014961909975083566,0.0015419776059747668,-0.001547279071132893,-0.0014907327946985592,-0.0014961909975083566,-0.0015419776059747668
58,0,91,91,0.6373626373626373,0.6374314084056598,0.3626373626373627,0.005411111221711826,0.0017895668740582,0.25057558898958493,0.004511329283854449,0.0010649301565081458,0.0010645591085092644,0.0015317269677754901,0.0013712824155991629,0.00170880897890865,0.002424680136938176,0.0010399296695641448,0.0,0.0,0.004543795859554211,0.004541741178265091,0.0045417442276803185,0.004543784790352564,-0.004543795859554211,-0.004541741178265091,-0.0045417442276803185,-0.004543784790352564
59,0,91,91,0.6483516483516484,0.6484153677972913,0.3516483516483516,0.005411111221711826,0.0017895668740582,0.25057558898958493,0.0051383324071111285,0.001237903835588629,0.0012504039763413766,0.0016328236314013882,0.001538103196140515,0.0018794629829284074,0.0026201932768142627,0.0012375883915878695,0.0,0.0,0.006258800254129646,0.006251739557406151,0.006252469757128644,0.006258065085618451,-0.006258800254129646,-0.006251739557406151,-0.006252469757128644,-0.006258065085618451
61,0,91,91,0.6703296703296703,0.670382024980934,0.3296703296703297,0.005411111221711826,0.0017895668740582,0.25057558898958493,0.003960775295581132,0.0011418762771520149,0.0011587770980575668,0.0018169400724682636,0.0014745755732971657,0.001859441774773926,0.0026947730161734885,0.001395888143738705,0.0,0.0,0.0008211545041773969,0.000738101019907224,0.0007490325092663677,0.0008111586547445225,-0.0008211545041773969,-0.000738101019907224,-0.0007490325092663677,-0.0008111586547445225
62,0,91,91,0.6813186813186813,0.6813737905202143,0.31868131868131866,0.005411111221711826,0.0017895668740582,0.25057558898958493,0.004452037369802236,0.0012972856524232895,0.0013132896074978216,0.0019037780449633925,0.0016383255105947535,0.0020342854393885783,0.0028992878187713207,0.001486193783078153,0.0,0.0,0.0,0.0,0.0,0.0,0.0,0.0,0.0,0.0
63,0,91,91,0.6923076923076923,0.6923656349094708,0.3076923076923077,0.005411111221711826,0.0017895668740582,0.25057558898958493,0.0037322261599149914,0.0013078242657604084,0.0013228873548491386,0.001982983657123845,0.0016601841408591608,0.002072087468245808,0.0029736847065923145,0.0015628359654304735,0.0,0.0,0.0,0.0,0.0,0.0,0.0,0.0,0.0,0.0
64,0,91,91,0.7032967032967034,0.7033568484989172,0.29670329670329665,0.005411111221711826,0.0017895668740582,0.25057558898958493,0.004450693931048048,0.001474653393832581,0.0015164371977464783,0.0020546228603141444,0.0017852198794547985,0.002174189916112423,0.003064365921323803,0.0018444015182069685,0.0,0.0,0.0,0.0,0.0,0.0,0.0,0.0,0.0,0.0
66,0,91,91,0.7252747252747253,0.7253384871780476,0.27472527472527475,0.005411111221711826,0.0017895668740582,0.25057558898958493,0.006881416016632805,0.0013126623779035262,0.0013124415010664127,0.002181757882826161,0.00174781499844264,0.002231958882149941,0.0032588697602834228,0.0015316879058036369,0.0,0.0,0.004908740823442342,0.004873095413141391,0.004876912308951741,0.004904939333263364,-0.004908740823442342,-0.004873095413141391,-0.004876912308951741,-0.004904939333263364
67,0,91,91,0.7362637362637363,0.7363290699676841,0.2637362637362637,0.005411111221711826,0.0017895668740582,0.25057558898958493,0.006548255414044692,0.0015593454229905406,0.001566949943881403,0.002231383166918653,0.0019798503940438566,0.0024556955984182303,0.0034812151635289293,0.0016438974897587683,0.0,0.0,0.004271941906102557,0.004247082909110262,0.004250451025759141,0.004268582720790017,-0.004271941906102557,-0.004247082909110262,-0.004250451025759141,-0.004268582720790017
68,0,91,91,0.7472527472527473,0.7473189431075343,0.25274725274725274,0.005411111221711826,0.0017895668740582,0.25057558898958493,0.007018312478634059,0.0013700484779082223,0.0013898818638492696,0.002275078905028534,0.0017694577423689234,0.0022431956168050184,0.0032825009262360877,0.001825163384770845,0.0,0.0,0.0026134818774504907,0.002565216307314965,0.0025687817305862647,0.0026099604821320944,-0.0026134818774504907,-0.002565216307314965,-0.0025687817305862647,-0.0026099604821320944
69,0,91,91,0.7582417582417582,0.7583087373974083,0.2417582417582418,0.005411111221711826,0.0017895668740582,0.25057558898958493,0.007906348718982522,0.0015466297222448166,0.0016147081373567623,0.0023089190416529155,0.0018254723780035476,0.0022223914373013147,0.003186147748285229,0.00230104406810777,0.0,0.0,0.0,0.0,0.0,0.0,0.0,0.0,0.0,0.0
71,0,91,91,0.7802197802197802,0.7802872220774887,0.21978021978021978,0.005411111221711826,0.0017895668740582,0.25057558898958493,0.006855258094474343,0.001143712793178972,0.0011881345892625086,0.0023476459355997407,0.0015196976602186358,0.001999953295338167,0.0030736408595110347,0.0020473819016448114,0.0,0.0,0.0,0.0,0.0,0.0,0.0,0.0,0.0,0.0
72,0,91,91,0.7912087912087912,0.7912757547677427,0.20879120879120883,0.005411111221711826,0.0017895668740582,0.25057558898958493,0.007432568347406753,0.0012543140403790435,0.001318817488713459,0.0023519893534769023,0.0015592558750269143,0.0019951781363022406,0.003025573472698905,0.0022486041054000784,0.0,0.0,0.0,0.0,0.0,0.0,0.0,0.0,0.0,0.0
73,0,91,91,0.8021978021978022,0.8022643663079728,0.19780219780219777,0.005411111221711826,0.0017895668740582,0.25057558898958493,0.008312305237835924,0.0015604129452174277,0.0015883210767073735,0.0023428127071642656,0.00194327249673893,0.0024091126698782845,0.0034521217885757163,0.001982466907099779,0.0,0.0,0.00184266032221844,0.0017702600751973007,0.001772774579421434,0.0018402226952479095,-0.00184266032221844,-0.0017702600751973007,-0.001772774579421434,-0.0018402226952479095
74,0,91,91,0.8131868131868132,0.8132522681984168,0.18681318681318682,0.005411111221711826,0.0017895668740582,0.25057558898958493,0.00844675563061653,0.0012115772252518013,0.0012084133383294096,0.002325792414639447,0.001662184801334251,0.002175766772731768,0.0032717973506767757,0.0017463681036914641,0.0,0.0,0.0011577623965632914,0.001089754354345594,0.0010913077553321132,0.001156262973015196,-0.0011577623965632914,-0.001089754354345594,-0.0010913077553321132,-0.001156262973015196
76,0,91,91,0.8351648351648352,0.8352273623295184,0.1648351648351648,0.005411111221711826,0.0017895668740582,0.25057558898958493,0.009335923051947014,0.0014983111622678183,0.00148817502235267,0.0022490692931613947,0.001953900579963828,0.0024541409290156527,0.0035113865356414453,0.001508861374067095,0.0,0.0017371665054929457,0.0,0.0,0.0,0.0,0.0017371665054929457,0.0017371665054929457,0.0017371665054929457,0.0017371665054929457
77,0,91,91,0.8461538461538461,0.8462146334201525,0.15384615384615385,0.005411111221711826,0.0017895668740582,0.25057558898958493,0.009940931491663084,0.0013076621273246305,0.0012889478992617026,0.0021936480191061866,0.0017579000831321285,0.002252100490492991,0.003292412309414271,0.001484643030075828,0.0,0.0,0.006797233835115644,0.0067752382466543404,0.006775184022449244,0.0067972825215061585,-0.006797233835115644,-0.0067752382466543404,-0.006775184022449244,-0.0067972825215061585
78,0,91,91,0.8571428571428571,0.8572011948610001,0.1428571428571429,0.005411111221711826,0.0017895668740582,0.25057558898958493,0.008828737923184926,0.0009660803762925164,0.0010310062628418122,0.002124124485722048,0.0012631451880822282,0.001679806043193255,0.002639344200262945,0.001980983200620651,0.0,0.0,0.007353166958021748,0.007342424473413451,0.007342004522247974,0.0073535821084381,-0.007353166958021748,-0.007342424473413451,-0.007342004522247974,-0.0073535821084381
79,0,91,91,0.8681318681318682,0.8681878351518241,0.13186813186813184,0.005411111221711826,0.0017895668740582,0.25057558898958493,0.0075535387374552005,0.0012621459586612763,0.001274624481431445,0.0020392221854461158,0.0016436478311319936,0.002080852554797378,0.003024251287419148,0.0015351818249656536,0.0,0.0,0.004415759228639226,0.004382817721925042,0.004383205053034885,0.004415369470440494,-0.004415759228639226,-0.004382817721925042,-0.004383205053034885,-0.004415369470440494
81,0,91,91,0.8901098901098901,0.8901596964338995,0.10989010989010994,0.005411111221711826,0.0017895668740582,0.25057558898958493,0.00559378041976298,0.0013177781454413854,0.0013905374502641457,0.0018383754513729502,0.0015470296345044979,0.0018634685876058232,0.0026264621191804186,0.0018259309456103688,0.0,0.0,0.0,0.0,0.0,0.0,0.0,0.0,0.0,0.0
82,0,91,91,0.9010989010989011,0.9011449174251509,0.09890109890109888,0.005411111221711826,0.0017895668740582,0.25057558898958493,0.005973085857449688,0.001023128828650761,0.0010656084946049195,0.0017170632689806865,0.0012931585518548697,0.00163286979400221,0.002399976679710593,0.0014934221359827091,0.0,0.0,0.003411670944631936,0.003395575755046417,0.0033947478852518528,0.0034124915048098997,-0.003411670944631936,-0.003395575755046417,-0.0033947478852518528,-0.0034124915048098997
83,0,91,91,0.9120879120879121,0.9121302172663786,0.08791208791208793,0.005411111221711826,0.0017895668740582,0.25057558898958493,0.004064880080740587,0.0014043619693620692,0.0014015727937596867,0.0015838012291637979,0.001699520878630413,0.0020293011566789357,0.002741916664444199,0.0012013370693630197,0.0,0.0,0.0,0.0,0.0,0.0,0.0,0.0,0.0,0.0
84,0,91,91,0.9230769230769231,0.92311480745782,0.07692307692307687,0.005411111221711826,0.0017895668740582,0.25057558898958493,0.002348787628904698,0.0010084505304333087,0.0010309280549776721,0.0014348784540252726,0.0012601179555556867,0.0015544071454174128,0.002201097172782514,0.001143183509452083,0.0,0.0,0.0,0.0,0.0,0.0,0.0,0.0,0.0,0.0
86,0,91,91,0.945054945054945,0.9450833570408929,0.05494505494505497,0.005411111221711826,0.0017895668740582,0.25057558898958493,0.0025787203732006527,0.0012376793385899699,0.001221880509550528,0.0010946064087940365,0.0014591877745919128,0.0016959888492074806,0.0021954470622600336,0.0008000242918216631,0.0,0.0,0.0,0.0,0.0,0.0,0.0,0.0,0.0,0.0
87,0,91,91,0.9560439560439561,0.9560673952825005,0.04395604395604391,0.005411111221711826,0.0017895668740582,0.25057558898958493,0.0026128082200135524,0.001485314504715962,0.0014697447015167874,0.000904667163394847,0.0016601294546446095,0.001846131974969071,0.002240414849609157,0.0010147438152261796,0.0,0.0,0.0,0.0,0.0,0.0,0.0,0.0,0.0,0.0
88,0,91,91,0.967032967032967,0.9670508027242982,0.03296703296703296,0.005411111221711826,0.0017895668740582,0.25057558898958493,0.001784700215907506,0.0014024006470932302,0.0013154847449438972,0.0006983638571308843,0.0015673284053876583,0.0017341490983536765,0.0020716357435967333,0.0007856237328905502,0.0,0.0,0.0,0.0,0.0,0.0,0.0,0.0,0.0,0.0
89,0,91,91,0.978021978021978,0.9780341313161196,0.02197802197802201,0.005411111221711826,0.0017895668740582,0.25057558898958493,0.0010765290103576836,0.0010138098012490019,0.0010493777141620177,0.00048064327808502576,0.0010868173392199604,0.0011676518272352458,0.0013470412935642456,0.0008385322302609985,0.0,0.0,0.0,0.0,0.0,0.0,0.0,0.0,0.0,0.0
92,91,122,31,0.03225806451612903,0.0322705942019827,0.03225806451612903,1.1001808292314412,1.068154064597843,0.09845203662923034,0.03616226516000601,0.0006767610049312975,0.007129359119180258,0.0033787428147805175,0.001010678538514034,0.0017354897391468438,0.0033576472887704907,0.003531858096903861,0.013988227454926254,0.024453610521859858,0.007265392512429892,0.007287921070712602,0.00727703669376423,0.007276176997398142,0.017188218009429965,0.017165689451147256,0.017176573828095627,0.017177433524461716
93,91,122,31,0.06451612903225806,0.06454141988207117,0.06451612903225806,1.1001808292314412,1.068154064597843,0.09845203662923034,0.07147192777057876,0.001176121933533803,0.013302050509338532,0.006052290117169861,0.0009248972720260764,0.0022150359100615645,0.005171519428019315,0.007020138441332999,0.0,0.059817394180393516,0.0,0.0,0.0,0.0,0.059817394180393516,0.059817394180393516,0.059817394180393516,0.059817394180393516
94,91,122,31,0.0967741935483871,0.09681039373731355,0.0967741935483871,1.1001808292314412,1.068154064597843,0.09845203662923034,0.10641799878145855,0.0009395650132484559,0.020390134689942347,0.008024191067656141,0.0011741714891198003,0.003150084164571579,0.007152419116548957,0.008909755899572748,0.0,0.09957308440849376,0.0,0.0,0.0,0.0,0.09957308440849376,0.09957308440849376,0.09957308440849376,0.09957308440849376
96,91,122,31,0.16129032258064516,0.1613462581448465,0.16129032258064516,1.1001808292314412,1.068154064597843,0.09845203662923034,0.17746726044397504,0.0009042970099871769,0.03473551618204814,0.009855369911450262,0.0020320735299728205,0.004425147691501443,0.009322567733553288,0.010439438165001643,0.0,0.17086752377210576,0.0,0.0,0.0,0.0,0.17086752377210576,0.17086752377210576,0.17086752377210576,0.17086752377210576
97,91,122,31,0.1935483870967742,0.19361314869713706,0.1935483870967742,1.1001808292314412,1.068154064597843,0.09845203662923034,0.21311201181403408,0.000716285557550302,0.04200617874282258,0.009722595193011082,0.0022101524901950104,0.004590489104743692,0.009428496385170173,0.01005918985252131,0.0,0.2059434122154703,0.0,0.0,0.0,0.0,0.2059434122154703,0.2059434122154703,0.2059434122154703,0.2059434122154703
98,91,122,31,0.22580645161290322,0.2258784189026873,0.22580645161290322,1.1001808292314412,1.068154064597843,0.09845203662923034,0.24931887017428464,0.0006002105405922647,0.04945133295698283,0.008889282851582313,0.0024033622175011764,0.004590148789082518,0.0090160054307055,0.008801752705594258,0.013988227454926254,0.23999952131525434,0.00841225405671077,0.008403227294524137,0.008406404386413208,0.008407568923926155,0.23158726725854356,0.2315962940207302,0.23159311692884113,0.23159195239132818
99,91,122,31,0.25806451612903225,0.25814368910823754,0.25806451612903225,1.1001808292314412,1.068154064597843,0.09845203662923034,0.28532965876454974,0.0013166315236224926,0.05546174062406605,0.007368846069087082,0.0014443833259463247,0.003037507920036516,0.006623393114901358,0.008258176891013567,0.0,0.2757589701835177,0.0,0.0,0.0,0.0,0.2757589701835177,0.2757589701835177,0.2757589701835177,0.2757589701835177
101,91,122,31,0.3225806451612903,0.32267006291343436,0.3225806451612903,1.1001808292314412,1.068154064597843,0.09845203662923034,0.3564362152307587,0.0003799217741093066,0.07035079910295343,0.002581446588254811,0.0007969432423391527,0.001399599878386416,0.00266558667627267,0.002551678223481,0.0,0.35089721500926563,0.0,0.0,0.0,0.0,0.35089721500926563,0.35089721500926563,0.35089721500926563,0.35089721500926563
102,91,122,31,0.3548387096774194,0.35493162946929246,0.3548387096774194,1.1001808292314412,1.068154064597843,0.09845203662923034,0.4290128514231157,0.0005433220704552224,0.07776488039411425,0.0023065864334617316,0.0009436039700357569,0.001466499455904927,0.0025819010290113755,0.0021365548836706537,0.08275547663535456,0.43310408153594215,0.019517565399851052,0.01925377266008161,0.01933752717645213,0.01943057449131068,0.4135865161360911,0.41385030887586055,0.41376655435949,0.41367350704463146
103,91,122,31,0.3870967741935484,0.38719319602515057,0.3870967741935484,1.1001808292314412,1.068154064597843,0.09845203662923034,0.5585822788363927,0.0013710557990238997,0.08349627925428377,0.005341779445378529,0.0026841618463215792,0.004012042071793794,0.006676861013169594,0.004030921768656288,0.20700697453527578,0.5645306835067851,0.024003131339959433,0.023659026910406875,0.02375995441954569,0.02389896939257132,0.5405275521668257,0.5408716565963783,0.5407707290872394,0.5406317141142138
104,91,122,31,0.41935483870967744,0.41945244779995106,0.41935483870967744,1.1001808292314412,1.068154064597843,0.09845203662923034,0.6674833354421639,0.001906104222801835,0.08983291882197847,0.00847187265036792,0.0040157304462290514,0.006131111400135008,0.010365043839539411,0.006586166201129151,0.27730607477910185,0.6690169035077944,0.013269735611064776,0.012884567388731906,0.012986251153308393,0.013163425568735197,0.6557471678967296,0.6561323361190625,0.656030652354486,0.6558534779390592
106,91,122,31,0.4838709677419355,0.4839697939590233,0.4838709677419355,1.1001808292314412,1.068154064597843,0.09845203662923034,0.7014245787125732,0.009505686676755972,0.09621661930443492,0.01345700674060405,0.012858694424394215,0.01621636038713128,0.022937482957428364,0.004095130621154973,0.33659107089461476,0.6830108021933808,0.03235261881193781,0.031998738707519084,0.03208314907532307,0.03226598126391382,0.650658183381443,0.6510120634858617,0.6509276531180578,0.6507448209294671
107,91,122,31,0.5161290322580645,0.5162274253870834,0.4838709677419355,1.1001808292314412,1.068154064597843,0.09845203662923034,0.6555450602253635,0.014667314034805156,0.09813367627684354,0.015312260719154428,0.01849197728884754,0.02231780708645753,0.029971179313913483,0.0009587852664431306,0.39391283646065955,0.6439328133747013,0.03355213256667834,0.0331551524074907,0.03325241838362945,0.03345303036001005,0.610380680808023,0.6107776609672106,0.6106803949910719,0.6104797830146913
108,91,122,31,0.5483870967741935,0.5484832049902976,0.4516129032258065,1.1001808292314412,1.068154064597843,0.09845203662923034,0.6376679773138222,0.021213270419478278,0.09857419262545998,0.01671415878332617,0.0253886932244831,0.029564996759397687,0.03791908196137664,0.004568929267859588,0.46033932955397533,0.6303333410737487,0.02938442818615451,0.02902640341924957,0.029100528837183715,0.02930825813298949,0.6009489128875942,0.6013069376544992,0.601232812236565,0.6010250829407592
109,91,122,31,0.5806451612903226,0.5807389845935117,0.4193548387096774,1.1001808292314412,1.068154064597843,0.09845203662923034,0.5743947597565283,0.028726918343348413,0.09808174700728152,0.017708283541120574,0.0331506903628816,0.03757523943785967,0.04642578004843777,0.011058265408749103,0.48071636502098847,0.5655902973487412,0.023540044936115497,0.023263978099416716,0.02329735534947679,0.023504187777406562,0.5420502524126257,0.5423263192493245,0.5422929419992645,0.5420861095713346
111,91,122,31,0.6451612903225806,0.645246608672142,0.3548387096774194,1.1001808292314412,1.068154064597843,0.09845203662923034,0.4682971630149691,0.04767741547390585,0.09318383487705456,0.01845634833320738,0.0522896556651279,0.05690219531888408,0.06612792235390262,0.029234284073540683,0.5068698554879,0.4643042762968082,0.020477741988184486,0.020419501911210988,0.020377842417743645,0.020516326144133543,0.44382653430862373,0.4438847743855972,0.44392643387906455,0.44378795015267464
112,91,122,31,0.6774193548387096,0.677498684625664,0.32258064516129037,1.1001808292314412,1.068154064597843,0.09845203662923034,0.4262814378769359,0.05747172408336335,0.0904342318501287,0.018326021022950768,0.06205004487519655,0.06662880345413888,0.0757873165748274,0.03916588921092756,0.5408600366696645,0.42074754851919244,0.005130584496681779,0.004998794902753565,0.0048584131699913255,0.005255192002106162,0.41561696402251064,0.41574875361643887,0.41588913534920113,0.41549235651708627
113,91,122,31,0.7096774193548387,0.709750760579186,0.29032258064516125,1.1001808292314412,1.068154064597843,0.09845203662923034,0.39550814265192386,0.06973152763697811,0.08520133784538307,0.017895629292216997,0.07420268819854851,0.07867416106108749,0.08761785243103973,0.05185162412186084,0.5711264614379596,0.3920623677850257,0.01612040646334056,0.016081276043712556,0.016052983265870572,0.016146213494801994,0.3759419613216851,0.3759810917413131,0.3760093845191551,0.3759161542902237
114,91,122,31,0.7419354838709677,0.7420009847078619,0.25806451612903225,1.1001808292314412,1.068154064597843,0.09845203662923034,0.369467305542207,0.08324172587009011,0.0786972011371308,0.017152865596640813,0.08752769484823614,0.09181387370562637,0.10038675352317357,0.06610076523833071,0.6205508204716464,0.3706369232138588,0.014640830413540869,0.01454368534713542,0.014538095291871125,0.014644049365254276,0.35599609280031796,0.3560932378667234,0.3560988279219877,0.35599287384860456
116,91,122,31,0.8064516129032258,0.8064991181841561,0.19354838709677424,1.1001808292314412,1.068154064597843,0.09845203662923034,0.2574270442049583,0.11061145422145109,0.06539596008999468,0.014654094955923909,0.11427372972122452,0.11793608275751291,0.1252609942355493,0.09596330512776481,0.7423044208092652,0.2542979739301534,0.011652447311727009,0.011462682579372892,0.01151697923283826,0.011597438545772332,0.2426455266184264,0.24283529135078052,0.24278099469731515,0.24270053538438108
117,91,122,31,0.8387096774193549,0.8387474904879859,0.16129032258064513,1.1001808292314412,1.068154064597843,0.09845203662923034,0.20784896566781147,0.1263735418821216,0.0566493703168718,0.01290346923751318,0.12959913119417027,0.1328247340088833,0.1392759763936717,0.11347134269048287,0.7963531379673713,0.2000255440114161,0.01784740114200129,0.01778203520580217,0.017801565137995128,0.017827501507800703,0.1821781428694148,0.1822435088056139,0.18222397887342096,0.18219804250361538
118,91,122,31,0.8709677419354839,0.8709937794888639,0.12903225806451613,1.1001808292314412,1.068154064597843,0.09845203662923034,0.16280657039548893,0.14268975312378712,0.04737738546782211,0.010907651231466746,0.14541662604428626,0.1481435004332073,0.15359725330348104,0.13178227794910646,0.8734609778691421,0.1630912211213604,0.029969367303541983,0.029787914991079512,0.029845752494742094,0.02991153799575963,0.1331218538178184,0.13330330613028088,0.13324546862661832,0.13317968312560077
119,91,122,31,0.9032258064516129,0.9032402999678477,0.09677419354838712,1.1001808292314412,1.068154064597843,0.09845203662923034,0.15087058898345074,0.15996400843754527,0.03713655785584619,0.00867974418269201,0.16213339353536527,0.16430279318400157,0.16864163388754577,0.15128662607351331,0.9470871261961538,0.15381565378191506,0.017509380842064017,0.01735121026635677,0.01739595939748697,0.017464771946831034,0.13630627293985104,0.13646444351555828,0.13641969438442808,0.13635088183508404
121,91,122,31,0.967741935483871,0.9677305631885461,0.032258064516129004,1.1001808292314412,1.068154064597843,0.09845203662923034,0.08651463725562002,0.1981652816048563,0.012969830069936916,0.003404944963868806,0.1990158363975277,0.1998663969924882,0.20156753529546687,0.19476312197741302,1.0660614839753544,0.08730810361712875,0.004462475816913482,0.004300508622256756,0.004321760369648219,0.004442009766682353,0.08284562780021526,0.083007594994872,0.08298634324748053,0.0828660938504464
123,122,131,9,0.1111111111111111,0.11112634526672571,0.1111111111111111,0.7764180366087641,2.595900071519274,0.023859214424547845,0.08266145568754928,0.2406411331260694,0.002744229455792341,0.0002755800112089216,0.2405840794628256,0.24052703200013612,0.24041295569407578,0.24086940969645942,1.158511860007541,0.08673384176321704,0.020146429989047157,0.02014842743828998,0.020147452816048753,0.020147486571710928,0.06658741177416988,0.06658541432492705,0.06658638894716828,0.0665863551915061
124,122,131,9,0.2222222222222222,0.2222447191729554,0.2222222222222222,0.7764180366087641,2.595900071519274,0.023859214424547845,0.11901974123315906,0.2638849008306829,0.004705577146769812,0.0003018514129431639,0.2638112223737876,0.2637375449259531,0.2635901930608509,0.26417962473198614,1.2780177761268714,0.11480905434217423,0.031357168503630434,0.03140335005525068,0.03138327124568825,0.03137718582065493,0.0834518858385438,0.08340570428692354,0.08342578309648598,0.08343186852151929
126,122,131,9,0.4444444444444444,0.4444766841691172,0.4444444444444444,0.7764180366087641,2.595900071519274,0.023859214424547845,0.14491412499725678,0.3096056580050658,0.009412581520892875,0.0004725505436812429,0.30971864154581696,0.30983162893130317,0.3100576152196683,0.3091537623737164,1.5133607481351103,0.15880803582209427,0.026955098860581804,0.02698608400781695,0.02698044659088498,0.02696045628489297,0.13185293696151246,0.1318219518142773,0.1318275892312093,0.1318475795372013
127,122,131,9,0.5555555555555556,0.5555894781229996,0.4444444444444444,0.7764180366087641,2.595900071519274,0.023859214424547845,0.13958733793788097,0.33356915407966287,0.010672880472685602,0.0011359494926128095,0.33378620447739765,0.3340033552871716,0.33443795736037524,0.3327019605382016,1.631468682974899,0.14837964308086143,0.025583804636877622,0.025563645304863162,0.025586745565692202,0.02556052276974298,0.12279583844398381,0.12281599777599828,0.12279289751516922,0.12281912031111845
128,122,131,9,0.6666666666666666,0.6666950978524357,0.33333333333333337,0.7764180366087641,2.595900071519274,0.023859214424547845,0.10056943184911203,0.3605505989618376,0.008955780331101625,0.0012693638947586787,0.360795650156085,0.36104081395591764,0.36153147845590416,0.35957152484361493,1.6845243861906705,0.09876085539803901,0.01634832495922945,0.01637243285129125,0.016350481688283354,0.01637018506069614,0.08241253043880956,0.08238842254674776,0.08241037370975565,0.08239067033734288
129,122,131,9,0.7777777777777778,0.7778007175818719,0.2222222222222222,0.7764180366087641,2.595900071519274,0.023859214424547845,0.05236075359110561,0.3877875227210699,0.006948768050306394,0.0008322956206574565,0.38796498344717223,0.3881424745807715,0.3884975479037487,0.38707798472796606,1.7128078418196597,0.05979070696317152,0.015480097976284761,0.01549684185495915,0.015485539705668891,0.015491279120328029,0.04431060898688676,0.04429386510821237,0.04430516725750263,0.04429942784284349
132,131,138,7,0.14285714285714285,0.1428672477828841,0.14285714285714285,0.5722888794495982,2.460692168904679,0.03536647349766406,0.07857788073873394,0.47578206042964694,0.0015352019267967701,0.00012470800247544174,0.4757696438493629,0.47575722898809397,0.4757324044231401,0.4758317439382434,1.9167828268897324,0.10737548221845497,0.032296918256433015,0.03232040905375412,0.032308355918686374,0.032309017667356214,0.07507856396202195,0.07505507316470085,0.0750671262997686,0.07506646455109875
133,131,138,7,0.2857142857142857,0.2857355207031622,0.2857142857142857,0.5722888794495982,2.460692168904679,0.03536647349766406,0.23876353162305292,0.5063713870833587,0.00295488441432423,0.00030963666654945817,0.5062976694357568,0.5062239528902116,0.5060765231072177,0.5066662686847128,1.9615425786825247,0.25893200182815407,0.022717869607094703,0.02274702864634549,0.022730006456810888,0.022734906751163835,0.23621413222105936,0.2361849731818086,0.23620199537134318,0.23619709507699024
134,131,138,7,0.42857142857142855,0.42859456738689405,0.42857142857142855,0.5722888794495982,2.460692168904679,0.03536647349766406,0.31509942616235687,0.5357335526160296,0.0030341911364269443,0.000771734426655282,0.5355726191349884,0.535411706803637,0.5350899456663225,0.5363774976563119,2.030279499261026,0.3186293129917985,0.007003907536794903,0.006940434310290203,0.00693313333480734,0.007010396501289726,0.31162540545500356,0.3116888786815083,0.31169617965699115,0.31161891649050877
136,131,138,7,0.7142857142857143,0.7143065099299933,0.2857142857142857,0.5722888794495982,2.460692168904679,0.03536647349766406,0.23718836689134007,0.5938317402849812,0.0024472656799206364,0.0009891929750326079,0.5936532605006781,0.5934748300889646,0.5931181175615295,0.59454615225862,2.1105344606777527,0.2162415099641816,0.03536013143457969,0.035251530145089804,0.03528014932493194,0.03533135775296293,0.1808813785296019,0.1809899798190918,0.18096136063924967,0.18091015221121867
137,131,138,7,0.8571428571428571,0.8571573555145728,0.1428571428571429,0.5722888794495982,2.460692168904679,0.03536647349766406,0.12352041157776172,0.62130217165722,0.000518499829591608,0.0004346137294836789,0.6212240788971863,0.6211459953251524,0.6209898557589467,0.6216146345080895,2.2581944412161623,0.10540419571446734,0.024718870622824726,0.024724176235918303,0.024722833479918986,0.02472005524739928,0.08068532509164261,0.08068001947854904,0.08068136223454836,0.08068414046706807
139,138,144,6,0.16666666666666666,0.16668142005775355,0.16666666666666666,0.6155854243861946,3.0885854303221825,0.041782325626787596,0.053706026363645416,0.6795064483233616,0.000727371240108016,0.00041495745552825274,0.6795698411445575,0.6796332438875841,0.6797600791280232,0.6792529763124354,2.546297491958184,0.020102862350128255,0.03858753552080438,0.038621593971826566,0.038603669493892885,0.03860545644403984,-0.018484673170676123,-0.01851873162169831,-0.01850080714376463,-0.018502594093911588
141,138,144,6,0.5,0.5000239244179787,0.5,0.6155854243861946,3.0885854303221825,0.041782325626787596,0.03722395282301955,0.7400746306699714,0.0007932677545735159,0.0010764502968095377,0.7400792332999714,0.7400839337572515,0.7400936281461566,0.7400571984586937,2.6941352990895195,0.07683844700494008,0.04327293386632526,0.04332977394477741,0.043304290576697255,0.0432984902180075,0.03356551313861482,0.03350867306016267,0.033534156428242826,0.03353995678693258
142,138,144,6,0.6666666666666666,0.6666862049413493,0.33333333333333337,0.6155854243861946,3.0885854303221825,0.041782325626787596,0.07576141291954044,0.770158723809487,0.0007671056870814092,0.0012571925384812276,0.7701256697719675,0.7700927425902807,0.7700272688594362,0.7702922081903403,2.793477363512788,0.11410775901453879,0.04901245989809853,0.04908011869738236,0.04905699107438579,0.04903562753693197,0.06509529911644027,0.06502764031715644,0.06505076794015299,0.06507213147760682
143,138,144,6,0.8333333333333334,0.8333484854647198,0.16666666666666663,0.6155854243861946,3.0885854303221825,0.041782325626787596,0.08841346884431397,0.8006518026132807,0.0012946459854295783,0.0006682076484711456,0.800602694805758,0.800553618844653,0.8004555624851233,0.8008485521903248,2.9132593139043776,0.12402240477277492,0.03746142701493561,0.037504029239814496,0.03749034706261874,0.03747513488374361,0.0865609777578393,0.08651837553296042,0.08653205771015618,0.0865472698890313
146,144,150,6,0.3333333333333333,0.3333540715252262,0.3333333333333333,0.737850933497593,3.7026898493003713,0.03494587345312825,0.035491611091978466,0.8892629165458785,0.00147988522836002,0.0004517987378908347,0.8892737191106606,0.8892845358901685,0.8893062120912865,0.8892198484443603,3.2379123269385386,0.06515864567609184,0.06437584140772117,0.06440479414674107,0.064392020596124,0.06438828732857792,0.000782804268370671,0.0007538515293507714,0.0007666250799678309,0.0007703583475139192
147,144,150,6,0.5,0.5000257233341748,0.5,0.737850933497593,3.7026898493003713,0.03494587345312825,0.14390871796614743,0.9184289548628779,0.0019081526124225285,0.00045959729277406683,0.9184941649282863,0.9185593847366704,0.9186898535740657,0.9181682120725162,3.451817705731937,0.1823695494529981,0.043526758685536175,0.043521874086090165,0.04353013679897211,0.04351817775240807,0.13884279076746192,0.13884767536690795,0.138839412654026,0.13885137170059003
148,144,150,6,0.6666666666666666,0.6666842143674991,0.33333333333333337,0.737850933497593,3.7026898493003713,0.03494587345312825,0.18742969323743677,0.9473575771502366,0.0014469004869662034,0.0006466117777329191,0.9474483071076792,0.9475390559558993,0.9477206103029642,0.9469948463368175,3.5859947134914116,0.1733316851159017,0.034102076943955666,0.03412435115236716,0.03410910822881387,0.034117450474546764,0.13922960817194602,0.13920733396353452,0.13922257688708783,0.13921423464135493
149,144,150,6,0.8333333333333334,0.833347491137414,0.16666666666666663,0.737850933497593,3.7026898493003713,0.03494587345312825,0.09012750176155741,0.976096053813083,0.0004505996851908865,0.0004222798357294175,0.9761475364645545,0.9761990278176867,0.9763020366234266,0.9758902102513453,3.6324057930110767,0.0629586451128272,0.046855392977962686,0.04684884905856873,0.04685049158094017,0.046853866748818085,0.016103252134864514,0.01610979605425847,0.016108153531887028,0.016104778364009115
151,150,156,6,0.16666666666666666,0.16656363186322398,0.16666666666666666,0.5618727235001151,2.818009859853647,0.027330697858337624,0.04412191225057629,1.0362170214176751,0.0013297907940718514,0.0003923305417370236,1.0362746114479044,1.0363322075607313,1.0364474180301217,1.0359867221430201,3.849673255923043,0.07271013322989446,0.03934683009298212,0.039368166396930034,0.0393563681414721,0.039358587296187186,0.03336330313691234,0.03334196683296443,0.03335376508842236,0.033351545933707274
152,150,156,6,0.3333333333333333,0.3332587975180769,0.3333333333333333,0.5618727235001151,2.818009859853647,0.027330697858337624,0.1336319313944991,1.0668838975134785,0.0019038566684084896,0.0007238323050752926,1.066949046973211,1.0670142231442783,1.067144655600836,1.0666235668857527,3.9714316311439024,0.1478232475502646,0.020169901339038517,0.020203490085523062,0.020183335361615044,0.02019009294062868,0.1276533462112261,0.12761975746474155,0.12763991218864956,0.12763315460963592
153,150,156,6,0.5,0.4999539631729299,0.5,0.5618727235001151,2.818009859853647,0.027330697858337624,0.15337949306218313,1.0968060025497606,0.0017498289577978156,0.0006573239885435396,1.0968247383408265,1.096843498432212,1.096881091510951,1.096731302413571,4.0369173429916785,0.14165438127416044,0.024826262352114003,0.024824647197338356,0.024813494158975175,0.024837421572328277,0.11682811892204643,0.11682973407682208,0.11684088711518527,0.11681695970183216
154,150,156,6,0.6666666666666666,0.6666395627338462,0.33333333333333337,0.5618727235001151,2.818009859853647,0.027330697858337624,0.10733955174456046,1.1257311704269626,0.001067675822220326,0.0005466294144094846,1.1256773987182997,1.1256236410319396,1.1255161677341647,1.1259463974444572,4.022045811891832,0.10817299812386047,0.05608075540451474,0.05606459299774577,0.05605763570757793,0.05608769813022531,0.05209224271934573,0.0521084051261147,0.05211536241628254,0.05208529999363516
157,156,162,6,0.16666666666666666,0.16668201282620057,0.16666666666666666,0.7491644528961933,3.7574853919791584,0.05973772175250746,0.04318857403073923,1.2139617667813312,0.0015381385098729148,0.0005546404046833886,1.2139842270682457,1.2140067027769523,1.2140517004563165,1.213872079868709,4.404955552796546,0.053578105391748475,0.017815270188372374,0.017729025574657203,0.017775213201974047,0.017769262408534,0.0357628352033761,0.035849079817091276,0.03580289218977443,0.035808842983214476
158,156,162,6,0.3333333333333333,0.3333532634106501,0.3333333333333333,0.7491644528961933,3.7574853919791584,0.05973772175250746,0.09413695057984935,1.247834997449678,0.0024525391945227314,0.00127827329224346,1.24786424715237,1.2478935780065104,1.2479524831462325,1.2477188102673007,4.583022832974548,0.12974305644475195,0.0550110080637767,0.055083187057240614,0.05504007236224947,0.05505445768398317,0.07473204838097525,0.07465986938751135,0.07470298408250248,0.07468859876076878
159,156,162,6,0.5,0.5000257097997386,0.5,0.7491644528961933,3.7574853919791584,0.05973772175250746,0.11333685475677463,1.2776405726261353,0.002127059810609653,0.0010337963619935326,1.2776698215565634,1.2776991220957254,1.2777578779860426,1.2775240930625613,4.6947126807548845,0.13588612867765948,0.02463685032371299,0.024631219489197154,0.024635579856555893,0.02463275363915473,0.11124927835394649,0.11125490918846233,0.11125054882110358,0.11125337503850474
161,156,162,6,0.8333333333333334,0.8333490780944136,0.16666666666666663,0.7491644528961933,3.7574853919791584,0.05973772175250746,0.03528230281523129,1.3356069762649039,0.000633056632223658,0.00018419891479752668,1.3355893252293114,1.3355716755482088,1.3355363802496885,1.3356775939510999,4.8808412870638875,0.06509860996893115,0.038494405567016055,0.038491698440191055,0.03849447962558291,0.03849182975132291,0.02660420440191509,0.02660691152874009,0.026604130343348235,0.026606780217608234
163,162,185,23,0.043478260869565216,0.04348684869501073,0.043478260869565216,1.0695164916853215,1.3997636934370352,0.16325086435644187,0.10895346830446596,0.5039775847040501,0.004806382558297725,0.0001588790684808336,0.5039384715323798,0.5038993584556088,0.5038211325868533,0.5041340383392824,0.1857188103923218,0.15703736067266552,0.06920364266589793,0.06920915045247093,0.06921093558640519,0.06920175392701103,0.08783371800676759,0.08782821022019459,0.08782642508626033,0.0878356067456545
164,162,185,23,0.08695652173913043,0.086970889048999,0.08695652173913043,1.0695164916853215,1.3997636934370352,0.16325086435644187,0.1967484024670514,0.5127011521964993,0.0035628892775815117,0.0004596295102102922,0.5126848284951864,0.5126685300289753,0.5126360088114822,0.5127666993045111,0.24507805444026473,0.2211060421089923,0.09838710903281211,0.09838176790324774,0.09840069026656428,0.09836817498686762,0.12271893307618018,0.12272427420574455,0.122705351842428,0.12273786712212467
166,162,185,23,0.17391304347826086,0.17393678549173583,0.17391304347826086,1.0695164916853215,1.3997636934370352,0.16325086435644187,0.3959030096798606,0.530078016677245,0.002700027537225886,0.0009762050752540992,0.5302337199226257,0.5303894897559083,0.5307012289516186,0.5294558707493032,0.4919002455533297,0.4772676540895484,0.09667613794708815,0.09668243173837422,0.09671251468779493,0.09664603793505352,0.38059151614246023,0.3805852223511742,0.38055513940175345,0.38062161615449486
167,162,185,23,0.21739130434782608,0.21741832954259302,0.21739130434782608,1.0695164916853215,1.3997636934370352,0.16325086435644187,0.5128679476536171,0.5384947843563195,0.004724017405742395,0.0018724719822251375,0.5387719831697676,0.5390494459577201,0.5396051618279362,0.537388637011626,0.6090750152361052,0.593015890915364,0.08260284347562233,0.08253382462398272,0.08254441797328638,0.08259212457335649,0.5104130474397417,0.5104820662913813,0.5104714729420776,0.5104237663420075
168,162,185,23,0.2608695652173913,0.26089706525242773,0.2608695652173913,1.0695164916853215,1.3997636934370352,0.16325086435644187,0.6096827810359488,0.5464904547697749,0.007575225613638839,0.0023690691351272277,0.5468686480860536,0.5472472210304329,0.5480055026556496,0.5449814935804823,0.7022270288766082,0.6843090533107412,0.07464748989282984,0.07459410329215149,0.07460162056036489,0.07463987126421262,0.6096615634179113,0.6097149500185897,0.6097074327503763,0.6096691820465285
169,162,185,23,0.30434782608695654,0.30437580096226247,0.30434782608695654,1.0695164916853215,1.3997636934370352,0.16325086435644187,0.6774472729980461,0.557258227670354,0.006110895951471045,0.0025098189311581714,0.5577409209812089,0.558223902181296,0.559190725264874,0.5553303483265497,0.7529864696716132,0.7342905340015843,0.05994159175706586,0.05995485837624521,0.05996603177705244,0.05993038935217443,0.6743489422445185,0.674335675625339,0.6743245022245319,0.6743601446494099
171,162,185,23,0.391304347826087,0.39132890385145247,0.391304347826087,1.0695164916853215,1.3997636934370352,0.16325086435644187,0.6203203415946351,0.579342801335811,0.006558619842457511,0.00308516441917346,0.5799329553515333,0.5805235341705266,0.5817059610420019,0.5769864593614286,0.6569947113785096,0.6394020770868821,0.03453451406622657,0.03467991516577105,0.03470406185589818,0.03451059457504787,0.6048675630206556,0.6047221619211111,0.604698015230984,0.6048914825118342
172,162,185,23,0.43478260869565216,0.43480295899291643,0.43478260869565216,1.0695164916853215,1.3997636934370352,0.16325086435644187,0.5480386654282273,0.5880123792374543,0.007421537595656071,0.002867489885383689,0.5885597494302431,0.5891074833802145,0.5902040385000504,0.5858265564206696,0.5715387056502317,0.5526558773622571,0.019913625967959224,0.019746283601257904,0.019690832929553218,0.01996932131083859,0.5327422513942979,0.5329095937609992,0.5329650444327039,0.5326865560514185
173,162,185,23,0.4782608695652174,0.478276702096489,0.4782608695652174,1.0695164916853215,1.3997636934370352,0.16325086435644187,0.4666596048263896,0.5999381222330729,0.007201976906050418,0.0025861128378585024,0.6004228192194605,0.600907820857572,0.6018787351425959,0.5980023956134791,0.528248530025446,0.5060183987928266,0.050383816447385286,0.05029142863532118,0.0502695990571184,0.05040580460010317,0.45563458234544135,0.45572697015750546,0.4557487997357082,0.45561259419272343
174,162,185,23,0.5217391304347826,0.5217473248211477,0.4782608695652174,1.0695164916853215,1.3997636934370352,0.16325086435644187,0.4539824878264658,0.6102193909313236,0.006244790182304759,0.002951024611933677,0.6107084106364761,0.6111979295972366,0.6121784604936962,0.6082683287310623,0.5380087900484953,0.5213383755386292,0.0973412903404981,0.09755898859477957,0.09759965589868803,0.09730056112430119,0.42399708519813106,0.4237793869438496,0.42373871963994114,0.424037814414328
176,162,185,23,0.6086956521739131,0.608687634156791,0.3913043478260869,1.0695164916853215,1.3997636934370352,0.16325086435644187,0.44621165690961395,0.631346152369423,0.007891749497793846,0.0034625447674265617,0.6319039492957202,0.6324624390518495,0.6335814897227411,0.6291219297851527,0.5437598720114692,0.5266960663533694,0.09532117954236902,0.09542245661430118,0.09543858290808803,0.09530508032890046,0.4313748868110004,0.43127360973906825,0.43125748344528136,0.43139098602446896
177,162,185,23,0.6521739130434783,0.6521557605783186,0.34782608695652173,1.0695164916853215,1.3997636934370352,0.16325086435644187,0.391499685028215,0.6411629369885202,0.007843187651727986,0.0028662844027211574,0.6416806139353518,0.6421986731389592,0.6432359346214055,0.6390960703366684,0.42743215564916165,0.41228472188491644,0.0963112229946477,0.09645920206187449,0.09647305577455541,0.09629759827849085,0.3159734988902687,0.31582551982304197,0.31581166611036104,0.31598712360642556
178,162,185,23,0.6956521739130435,0.6956223268103893,0.30434782608695654,1.0695164916853215,1.3997636934370352,0.16325086435644187,0.27183147623381165,0.6531977773359559,0.006076310510566815,0.0028366891093490124,0.6536347487686531,0.6540721971844741,0.6549485211414479,0.6514546806172341,0.35113482745554275,0.335807666205961,0.10761289040743728,0.10770387375270496,0.10771496038867076,0.10760195525597652,0.2281947757985237,0.22810379245325602,0.22809270581729021,0.22820571094998446
179,162,185,23,0.7391304347826086,0.7390882689666771,0.26086956521739135,1.0695164916853215,1.3997636934370352,0.16325086435644187,0.20419070495389158,0.6639990547942881,0.0058542740500709565,0.0032049045974725746,0.6643208931984292,0.664643541636338,0.6652912638963634,0.6627198250735776,0.30208933114500935,0.2856053087702856,0.10025924628607713,0.10028416661060283,0.1002825977925638,0.10026091620722975,0.18534606248420848,0.1853211421596828,0.18532271097772182,0.18534439256305585
181,162,185,23,0.8260869565217391,0.8260164088245564,0.17391304347826086,1.0695164916853215,1.3997636934370352,0.16325086435644187,0.1261093106440055,0.6838957293059348,0.005242436010102496,0.002131333603418134,0.6839696435214743,0.6840439647988682,0.6841938280078813,0.6836041456922073,0.29956055369657447,0.2590587964071219,0.13432611461319308,0.13433305158791806,0.13431623763703612,0.13434295913447553,0.12473268179392885,0.12472574481920387,0.1247425587700858,0.1247158372726464
182,162,185,23,0.8695652173913043,0.8695135547699828,0.13043478260869568,1.0695164916853215,1.3997636934370352,0.16325086435644187,0.18682930818822047,0.6943281915540371,0.005548571101744802,0.0015691769642481779,0.6943495073378224,0.6943710440991886,0.6944147804722096,0.694245138598624,0.34203073137504336,0.30237804789385314,0.15783265360243057,0.15789062044255095,0.15789460122567603,0.15782868028600577,0.14454539429142257,0.1444874274513022,0.1444834466681771,0.14454936760784737
183,162,185,23,0.9130434782608695,0.9130107007154092,0.08695652173913049,1.0695164916853215,1.3997636934370352,0.16325086435644187,0.19360500661425595,0.7058064091159452,0.004350400335814196,0.001484876848754815,0.7058348808174233,0.705863546597609,0.7059214602993682,0.7056944635645156,0.34751384987681794,0.31626899014244275,0.16527018157696174,0.16530940663063687,0.1653169109697566,0.1652626939806614,0.150998808565481,0.15095958351180588,0.15095207917268616,0.15100629616178135
184,162,185,23,0.9565217391304348,0.9565053503577047,0.04347826086956519,1.0695164916853215,1.3997636934370352,0.16325086435644187,0.1616125275113998,0.7186378416968808,0.0019692575130874817,0.0007314135489456487,0.718667221573253,0.7186966467708124,0.7187556331072185,0.7185207755143224,0.26395309516592225,0.23454423898723942,0.08307668555192978,0.08308832415868124,0.0830911874422385,0.0830738428536159,0.15146755343530965,0.1514559148285582,0.1514530515450009,0.1514703961336235
186,185,200,15,0.06666666666666667,0.0666797749019394,0.06666666666666667,6.902818055014211,13.850963852088551,0.15900375894187635,0.2612909723779663,0.8100294630440242,0.0018787331976591005,0.0007002924967627821,0.8100737608485206,0.8101180940655129,0.8102068667137291,0.8098526260671531,0.35760439381052,0.27904116148392777,0.030318525600643055,0.029885595980947404,0.030098166674797207,0.03011013821051603,0.24872263588328472,0.24915556550298038,0.24894299480913057,0.24893102327341174
187,185,200,15,0.13333333333333333,0.13336002820662599,0.13333333333333333,6.902818055014211,13.850963852088551,0.15900375894187635,0.5408651538472812,0.8232106649210837,0.003528513990359204,0.0011435340732755715,0.8232699302066128,0.8233292904930333,0.8234482959863348,0.8229745541978687,0.6738133836924257,0.5924176846557146,0.053899426163103135,0.05365597842256843,0.05376900038062835,0.0537851034363064,0.5385182584926115,0.5387617062331462,0.5386486842750863,0.5386325812194083
188,185,200,15,0.2,0.20003549748384075,0.2,6.902818055014211,13.850963852088551,0.15900375894187635,0.8369147985446053,0.8353676664798111,0.004870791254642039,0.001251335805025566,0.8354352513173632,0.8355029478210408,0.8356386757181724,0.835098444332417,0.952580531447647,0.8638128290292482,0.06082000453137255,0.06010399845895619,0.06039348641391696,0.060476695321464394,0.8029928244978756,0.803708830570292,0.8034193426153312,0.8033361337077838
189,185,200,15,0.26666666666666666,0.2667114451638027,0.26666666666666666,6.902818055014211,13.850963852088551,0.15900375894187635,1.0654225944827955,0.8480575442770546,0.007355623433553004,0.0012531010397653594,0.8481048729790411,0.8481523147519787,0.8482475374347743,0.8478693605566424,1.1208112689121545,1.028468948858248,0.08970079758756518,0.08814040555624367,0.08881031745766262,0.08905933137774331,0.9387681512706827,0.9403285433020042,0.9396586314005853,0.9394096174805046
191,185,200,15,0.4,0.4000547292742774,0.4,6.902818055014211,13.850963852088551,0.15900375894187635,1.2192031257959723,0.8735939951832702,0.010061905668545207,0.000615721409514438,0.8736488526203455,0.8737037337327408,0.8738135669656449,0.8733748022773611,1.2205082473399904,1.125493653847901,0.10085971510639789,0.10044193959835508,0.10059045014459077,0.1007018452473426,1.024633938741503,1.0250517142495459,1.0249032037033103,1.0247918086005585
192,185,200,15,0.4666666666666667,0.4667225441075373,0.4666666666666667,6.902818055014211,13.850963852088551,0.15900375894187635,1.216101756317568,0.8831183961474448,0.010292325612941284,0.0002533810332910757,0.8831717366780928,0.8832250785304984,0.883331766199625,0.882905047247221,1.2214722987134101,1.1183889358693042,0.104284487594831,0.10510184859557095,0.10473851072457076,0.104596456620324,1.0141044482744732,1.0132870872737332,1.0136504251447334,1.0137924792489803
193,185,200,15,0.5333333333333333,0.5333903589407972,0.4666666666666667,6.902818055014211,13.850963852088551,0.15900375894187635,1.2190611066541344,0.8949159886501156,0.010219002420483705,0.0006955466405401066,0.8950377498603709,0.8951595282863047,0.8954031367571089,0.8944291161064782,1.2256967610679916,1.1139003024394463,0.11478514510957269,0.1147722083721352,0.11474854825237316,0.11475201244288852,0.9991151573298735,0.9991280940673111,0.9991517541870731,0.9991482899965578
194,185,200,15,0.6,0.6000538681493325,0.4,6.902818055014211,13.850963852088551,0.15900375894187635,1.1533425932646857,0.9044562888655435,0.01075747148174476,0.0008895042751742002,0.9046550277907407,0.9048537777165611,0.9052513105410892,0.9036614433161431,1.0957097071192836,0.9758444152210433,0.1853188117326843,0.18471458794116963,0.18490769676853314,0.18510323990901384,0.790525603488359,0.7911298272798737,0.7909367184525101,0.7907411753120295
196,185,200,15,0.7333333333333333,0.7333775377471727,0.2666666666666667,6.902818055014211,13.850963852088551,0.15900375894187635,0.8162015078208991,0.9302049374351898,0.007934016233113737,0.0012247297933209462,0.9303748362410957,0.930544804771844,0.930884950855081,0.9295260402244133,0.7382449480691735,0.6118368118971867,0.20996786509865337,0.21022828796174559,0.21011040003059914,0.2100907298732925,0.40186894679853336,0.40160852393544116,0.40172641186658764,0.4017460820238943
197,185,200,15,0.8,0.8000376981364777,0.19999999999999996,6.902818055014211,13.850963852088551,0.15900375894187635,0.5348314963220673,0.9422476644312423,0.006017678879069118,0.0012656722150753239,0.9423237695167632,0.9423999746960958,0.942552685239054,0.9419442455120275,0.44451146570817696,0.3191834034054,0.23146321050844196,0.2318102339543292,0.2316760277340844,0.23160303346195626,0.08772019289695807,0.08737316945107082,0.08750737567131561,0.08758036994344376
198,185,200,15,0.8666666666666667,0.8666925960955638,0.1333333333333333,6.902818055014211,13.850963852088551,0.15900375894187635,0.26345775423575374,0.9533742940937106,0.0029928970320461257,0.0013495043953694003,0.9533923494242059,0.9534105237974866,0.9534472296451288,0.9533032633341904,0.2653815322894052,0.16447200503505516,0.1479058827898116,0.147962011715189,0.14797192987709704,0.14790436295635115,0.016566122245243564,0.016509993319866162,0.016500075157958122,0.01656764207870401
199,185,200,15,0.9333333333333333,0.9333484508601442,0.06666666666666665,6.902818055014211,13.850963852088551,0.15900375894187635,0.09618783285932873,0.9642786489219727,0.00261560010272249,0.0007958764088168712,0.9642606033428937,0.9642425984828843,0.9642067109291941,0.9643512383831898,0.14838031031398954,0.09177906594165385,0.08475931230193413,0.08487101517710778,0.08481124769056392,0.08482332653320533,0.007019753639719711,0.006908050764546064,0.006967818251089927,0.006955739408448514
201,200,218,18,0.05555555555555555,0.0554092217725049,0.05555555555555555,1.2357733295017002,2.0613943097877874,0.43582869349002934,0.3856895884347836,0.997965039414295,0.004275483674215057,0.0008143328858970098,0.9978229476476007,0.9976808771863745,0.9973968002167425,0.9985336193538266,0.3511699939733853,0.44083683097706944,0.10364182528322524,0.10361649230036503,0.10361600233371832,0.10364225916516717,0.3371950056938442,0.3372203386767044,0.3372208286433511,0.33719457181190227
202,200,218,18,0.1111111111111111,0.11081446648311201,0.1111111111111111,1.2357733295017002,2.0613943097877874,0.43582869349002934,0.7271746644603327,1.0084674571983034,0.004434213133893552,0.0013161946600318785,1.0082908996544966,1.0081144185905604,1.0077616860630034,1.009174451369159,0.6623634664403517,0.759513498831314,0.091390238995634,0.09132919270265986,0.0913189096618953,0.0914004983882242,0.66812325983568,0.6681843061286542,0.6681945891694188,0.6681130004430899
203,200,218,18,0.16666666666666666,0.16621971119371912,0.16666666666666666,1.2357733295017002,2.0613943097877874,0.43582869349002934,1.0223894972947507,1.0205690082632706,0.0045322736051034785,0.0014782328269150086,1.0203984016508794,1.0202279003744208,1.0198872140405861,1.0212524870158526,0.996910133661361,1.0933726909279087,0.1072454097859493,0.10716687277226822,0.10715378088220366,0.10725850839256403,0.9861272811419594,0.9862058181556405,0.986218910045705,0.9861141825353447
204,200,218,18,0.2222222222222222,0.22162177425480797,0.2222222222222222,1.2357733295017002,2.0613943097877874,0.43582869349002934,1.2752693917264302,1.029878492144118,0.0036276686088630486,0.0013298660629644386,1.0296796360334932,1.0294808488801819,1.0290834816053316,1.030674605361277,1.21612266783293,1.3160758817819447,0.10077986682510018,0.10063998800978581,0.10062077864910786,0.1007990036144925,1.2152960149568446,1.2154358937721588,1.215455103132837,1.2152768781674521
206,200,218,18,0.3333333333333333,0.33242232102127767,0.3333333333333333,1.2357733295017002,2.0613943097877874,0.43582869349002934,1.636519630798483,1.0519457354988428,0.0014569445805376665,0.0015856844109533928,1.0516414100442355,1.0513371459740386,1.0507288022001668,1.053163650096939,1.5692054308009047,1.6663218745799702,0.04780965889045055,0.04813995259154925,0.04813222037375079,0.047817715936189865,1.6185122156895195,1.6181819219884208,1.6181896542062193,1.6185041586437803
207,200,218,18,0.3888888888888889,0.3878212024328483,0.3888888888888889,1.2357733295017002,2.0613943097877874,0.43582869349002934,1.7337701823958889,1.0655113320618435,0.004246060749303737,0.0016958642230682176,1.0651647767090908,1.0648182773720989,1.064125446964264,1.0668981125386057,1.706329607793953,1.7986589350473865,0.09040691489736206,0.09060165474655894,0.09060537676197784,0.09040354594515364,1.7082520201500244,1.7080572803008276,1.7080535582854086,1.708255389102233
208,200,218,18,0.4444444444444444,0.4432165044887109,0.4444444444444444,1.2357733295017002,2.0613943097877874,0.43582869349002934,1.7960054626888244,1.0766711409830214,0.00570678358989696,0.0014281316046322455,1.0763233646721089,1.0759755944246514,1.0752800721436357,1.0780623067438637,1.7796059756434233,1.8665795903715858,0.09740851351490126,0.09746849964069663,0.09747896971357267,0.09739846857881387,1.7691710768566846,1.7691110907308891,1.769100620658013,1.769181121792772
209,200,218,18,0.5,0.4986122042507633,0.5,1.2357733295017002,2.0613943097877874,0.43582869349002934,1.8051481600853156,1.085405071647184,0.003933942424491571,0.0012159248389788423,1.0851051692416618,1.0848052691067063,1.0842054756560335,1.086604703937342,1.7171958523778803,1.7977679743817214,0.07982659357875356,0.0794014143800796,0.07938071861947506,0.07984780001418779,1.7179413808029678,1.7183665600016418,1.7183872557622464,1.7179201743675336
211,200,218,18,0.6111111111111112,0.6093968427696418,0.38888888888888884,1.2357733295017002,2.0613943097877874,0.43582869349002934,1.631866553353983,1.1100711014146172,0.002838945326897254,0.0013240746005028583,1.1099177911524727,1.1097645584467004,1.1094583258327966,1.1106851173843586,1.6738206666875521,1.748572878592524,0.14457823403766523,0.14426647033929385,0.14425136056761192,0.14459319424240982,1.603994644554859,1.6043064082532301,1.6043215180249122,1.6039796843501142
212,200,218,18,0.6666666666666666,0.6651878624843354,0.33333333333333337,1.2357733295017002,2.0613943097877874,0.43582869349002934,1.6064213803762328,1.1208024964569956,0.002626660225983871,0.0013988252245160043,1.1206934293278898,1.1205844607177897,1.1203668191695662,1.1212397495880857,1.6825186781750756,1.7619868483763106,0.18298311289872934,0.18279583179343237,0.18279354533704098,0.18298509885762865,1.5790037354775812,1.5791910165828782,1.5791933030392695,1.5790017495186819
213,200,218,18,0.7222222222222222,0.7209832569671164,0.2777777777777778,1.2357733295017002,2.0613943097877874,0.43582869349002934,1.5928648323098482,1.131996862121663,0.003586220459439385,0.001347032790148594,1.1319469967518432,1.131897229376373,1.131797988660166,1.132197303285104,1.5927632523833466,1.673907772989742,0.08950702599952015,0.08941385227236519,0.08941397962771247,0.08950643898240083,1.584400746990222,1.584493920717377,1.5844937933620296,1.5844013340073413
214,200,218,18,0.7777777777777778,0.7767798445684669,0.2222222222222222,1.2357733295017002,2.0613943097877874,0.43582869349002934,1.4497748453018169,1.144037666147596,0.003425139542409402,0.0015137372773590292,1.144050546112984,1.1440635511122024,1.1440899361950356,1.1439873967082004,1.3608117995532987,1.4274718734128602,0.17192955289669543,0.17200315688753826,0.17200062719585138,0.17193232376305007,1.2555423205161649,1.255468716525322,1.2554712462170088,1.25553954964981
216,200,218,18,0.8888888888888888,0.8883837578382918,0.11111111111111116,1.2357733295017002,2.0613943097877874,0.43582869349002934,0.843283565107878,1.167180978665329,0.0037332661813455435,0.0009399459901245819,1.167289865207939,1.1673987888949906,1.1676167476608317,1.1667458041472365,0.8106371204136039,0.8532762575230944,0.024159970029122537,0.024418412576392563,0.024425168558639857,0.0241534713865631,0.8291162874939719,0.8288578449467019,0.8288510889644546,0.8291227861365313
217,200,218,18,0.9444444444444444,0.9441910835067664,0.05555555555555558,1.2357733295017002,2.0613943097877874,0.43582869349002934,0.45273865143370734,1.1810098135277938,0.0038890786512908895,0.0007342703852540956,1.181144630189452,1.1812794599907024,1.1815491589939862,1.1804706783671117,0.39734496278303105,0.42575098984535165,0.047084842376306626,0.046917971054127545,0.04691488203439738,0.04708796882323634,0.37866614746904503,0.3788330187912241,0.3788361078109543,0.3786630210221153
219,218,231,13,0.07692307692307693,0.07689934612157985,0.07692307692307693,5.985991717594753,13.75762223716753,0.19367282822855222,0.1867381767277648,1.2066987874010113,0.0047607688845391315,0.0003479398196541291,1.2066609599591953,1.206623137602204,1.206547508144608,1.2068501480069573,0.13797400654912054,0.15308719881461494,0.12261055086784277,0.12258381258370211,0.12260508037103335,0.12258406639279908,0.03047664794677217,0.030503386230912824,0.03048211844358159,0.030503132421815862
221,218,231,13,0.23076923076923078,0.23070844956894876,0.23076923076923078,5.985991717594753,13.75762223716753,0.19367282822855222,0.17842781482838083,1.2289305102881591,0.007445486027087764,0.0005919593178915939,1.229027185730193,1.229123871386697,1.2293172733334732,1.2285439107129437,0.2765922436875881,0.24793000584941374,0.2560033054225252,0.25466592716409275,0.25534878274736017,0.2553208309510113,-0.008073299573111453,-0.006735921314679011,-0.0074187768979464275,-0.007390825101597581
222,218,231,13,0.3076923076923077,0.30761711097850525,0.3076923076923077,5.985991717594753,13.75762223716753,0.19367282822855222,0.23392288204351824,1.2392489542245366,0.00809941295877834,0.0014970678748263432,1.239525128944146,1.2398013551262652,1.2403539617404984,1.238144770659841,0.42550860254123946,0.39533585741535854,0.24351032287432886,0.24237816192502873,0.24293832261649206,0.24293746188822,0.15182553454102968,0.1529576954903298,0.15239753479886647,0.15239839552713855
223,218,231,13,0.38461538461538464,0.3845334438016896,0.38461538461538464,5.985991717594753,13.75762223716753,0.19367282822855222,0.34268586600008843,1.2514815816467764,0.008593223240527607,0.0024977536046997045,1.2518615002922988,1.2522416150542541,1.2530024322134383,1.2499638718041337,0.6338293503313146,0.586609140672745,0.29486079791126096,0.29404537211603865,0.2944540481133586,0.2944328169646331,0.2917483427614841,0.2925637685567064,0.29215509255938643,0.292176323708112
224,218,231,13,0.46153846153846156,0.46145087254110645,0.46153846153846156,5.985991717594753,13.75762223716753,0.19367282822855222,0.5395431482072774,1.2621422234388104,0.007884854135528595,0.0031166392506868715,1.2625879457922442,1.2630339915112028,1.2639270516760406,1.260362574538009,0.8251328538187762,0.7778037924933646,0.2565246021623512,0.25553168989201247,0.25605960426040636,0.2559921465012774,0.5212791903310134,0.5222721026013522,0.5217441882329583,0.5218116459920872
226,218,231,13,0.6153846153846154,0.6153016208053121,0.3846153846153846,5.985991717594753,13.75762223716753,0.19367282822855222,0.6762202846171799,1.2868577877156602,0.005069399473787375,0.0030367932283715342,1.2872891186960485,1.2877207527978238,1.288584929146892,1.2851355011089725,0.8253569171454248,0.7725230514235041,0.11920631068003794,0.11978688584626918,0.11943173672502937,0.1195358384854047,0.6533167407434661,0.6527361655772349,0.6530913146984747,0.6529872129380994
227,218,231,13,0.6923076923076923,0.6922332964557522,0.3076923076923077,5.985991717594753,13.75762223716753,0.19367282822855222,0.6413075167267681,1.2994023839236728,0.005750773623752834,0.0024566807134691043,1.299710635020538,1.300019103180593,1.3006366900723998,1.2981715532589735,0.7847654422307758,0.732909429459342,0.10227926382888025,0.10313342527533725,0.1027411950132944,0.1026559653933205,0.6306301656304618,0.6297760041840048,0.6301682344460476,0.6302534640660216
228,218,231,13,0.7692307692307693,0.7691682598548897,0.23076923076923073,5.985991717594753,13.75762223716753,0.19367282822855222,0.5657113920699492,1.3108361623466032,0.004934743654181149,0.001338539338363718,1.3110224168756595,1.311208730350117,1.3115815340347483,1.3100917341870824,0.6806110853885735,0.6246812748670172,0.1279147662811095,0.12751144202008638,0.12804600337907213,0.1273609597882347,0.49676650858590765,0.49716983284693084,0.49663527148794506,0.4973203150787825
229,218,231,13,0.8461538461538461,0.8461087028351901,0.15384615384615385,5.985991717594753,13.75762223716753,0.19367282822855222,0.44020873822101586,1.3227926348179075,0.003429625556486736,0.0006226230896125102,1.3228957274071604,1.3229988302765718,1.3232050668462572,1.3223803673105632,0.560373717772943,0.49351448890125627,0.18488757799642686,0.18416865353960624,0.18482693402062875,0.1842212118066502,0.3086269109048294,0.30934583536165006,0.3086875548806275,0.3092932770946061
232,231,252,21,0.047619047619047616,0.047396567231932064,0.047619047619047616,1.516795862131844,2.147177003634273,0.12377818056300381,0.24353030466304404,1.355845632224417,0.0026375282093192166,0.0004911550592425168,1.3557999495887503,1.3557542765345976,1.355662959174704,1.3560284585628455,0.3614744378335448,0.27088836550568385,0.0637494826382666,0.06381534717302631,0.06378446839134946,0.06378079150576532,0.20713888286741725,0.20707301833265754,0.20710389711433438,0.20710757399991853
233,231,252,21,0.09523809523809523,0.0947968470239612,0.09523809523809523,1.516795862131844,2.147177003634273,0.12377818056300381,0.5167526744478349,1.3672010603979374,0.003519055833359178,0.0009197487178231638,1.3670279728099122,1.3668549019843053,1.3665088106458216,1.367893578246948,0.6172811568811086,0.5305587046000096,0.07800395967034991,0.07814089926720806,0.07808369959777288,0.07806216928876897,0.45255474492965975,0.45241780533280157,0.45247500500223675,0.4524965353112407
234,231,252,21,0.14285714285714285,0.1421984768378438,0.14285714285714285,1.516795862131844,2.147177003634273,0.12377818056300381,0.7000654079739016,1.379926444210718,0.0021763553910032376,0.0013928930665316386,1.3795914139029017,1.3792563901305899,1.3785863622115384,1.3812666307019144,0.7298129918415196,0.6373002186329857,0.07634778738179915,0.07641670555823485,0.07639477254849074,0.07637024590204176,0.5609524312511865,0.5608835130747508,0.560905446084495,0.5609299727309439
236,231,252,21,0.23809523809523808,0.23701051160765665,0.23809523809523808,1.516795862131844,2.147177003634273,0.12377818056300381,0.877300562757247,1.4047337848579076,0.0033992536488408162,0.0021065661025487428,1.404252714513639,1.4037716768831097,1.4028096998978818,1.4066583927010665,0.947209939241919,0.8596497125713837,0.07995594569159933,0.08010959459559973,0.08007328267267132,0.07999570027304584,0.7796937668797843,0.7795401179757839,0.7795764298987123,0.7796540122983379
237,231,252,21,0.2857142857142857,0.28442159157451363,0.2857142857142857,1.516795862131844,2.147177003634273,0.12377818056300381,1.0291704627579543,1.4170786036569434,0.003825638992344205,0.0022676951369052308,1.4165788772394468,1.4160792014378236,1.415080001896667,1.4190780144161286,1.097739980109032,1.0038220040351478,0.030664177766026982,0.030806630531333458,0.030731751159418685,0.03073544205665827,0.9731578262691207,0.9730153735038143,0.973090252875729,0.9730865619784895
238,231,252,21,0.3333333333333333,0.33183300904683394,0.3333333333333333,1.516795862131844,2.147177003634273,0.12377818056300381,1.1252587144744586,1.4271960984818886,0.0038655981706878836,0.0019611839159930163,1.4267282441211813,1.4262604048365735,1.4253247715550394,1.4290676663895692,1.1458260346476798,1.0409756634538057,0.10536830467472141,0.10506505188784056,0.10517612123250586,0.10525463206189906,0.9356073587790843,0.9359106115659651,0.9357995422212998,0.9357210313919067
239,231,252,21,0.38095238095238093,0.3792488140901781,0.38095238095238093,1.516795862131844,2.147177003634273,0.12377818056300381,1.1382250532855993,1.4387978991205057,0.004526073661301479,0.0015932179946379068,1.4384248409479727,1.4380517963174233,1.4373057477244509,1.4402902670200117,1.1421461270502027,1.0317925463905773,0.12964557894380868,0.12993644843219407,0.12983954033338158,0.1297399941092615,0.9021469674467686,0.9018560979583832,0.9019530060571956,0.9020525522813158
241,231,252,21,0.47619047619047616,0.4740814366932565,0.47619047619047616,1.516795862131844,2.147177003634273,0.12377818056300381,1.0249469066445425,1.4611666011519648,0.0024183385545353386,0.001363920818555173,1.4610058276907611,1.4608451161248222,1.4605238787604624,1.4618103135408718,0.9752364328342614,0.8634057130939522,0.1644556279180255,0.16450509332262728,0.16450949894675954,0.16445058411605767,0.6989500851759267,0.6989006197713249,0.6988962141471926,0.6989551289778946
242,231,252,21,0.5238095238095238,0.5211904492703976,0.47619047619047616,1.516795862131844,2.147177003634273,0.12377818056300381,0.9039495640068299,1.4718975060762904,0.0025038077702948694,0.0015256692694300441,1.4717297826099973,1.4715621388875413,1.4712270907831695,1.472569196834681,0.966688705563273,0.8625474045189605,0.15157276357583346,0.1522219533123552,0.15204938375809499,0.15174599708564734,0.710974640943127,0.7103254512066053,0.7104980207608655,0.7108014074333131
243,231,252,21,0.5714285714285714,0.5683008118693922,0.4285714285714286,1.516795862131844,2.147177003634273,0.12377818056300381,0.9462260278750332,1.483508514082117,0.0019093914766273204,0.0016842353892898812,1.4833513626171935,1.4831943140342558,1.4828805256450657,1.484138148107705,1.0410225423442914,0.9353530235952415,0.04463707715712297,0.04538681676590659,0.04521376600547621,0.04481138372095824,0.8907159464381186,0.8899662068293349,0.8901392575897653,0.8905416398742833
244,231,252,21,0.6190476190476191,0.6162407628973494,0.38095238095238093,1.516795862131844,2.147177003634273,0.12377818056300381,0.9618286785465829,1.4958707338315838,0.002221730069573117,0.001759261412794034,1.4956768287725513,1.4954830279195686,1.4950957389938209,1.4966473953178283,0.9939620930270218,0.8817067294087527,0.08216701294173269,0.08215617545982877,0.08217771042483797,0.08214310871488878,0.79953971646702,0.7995505539489239,0.7995290189839147,0.7995636206938639
246,231,252,21,0.7142857142857143,0.7121415902919929,0.2857142857142857,1.516795862131844,2.147177003634273,0.12377818056300381,0.7847844051803147,1.5203853648217471,0.0029979079901440377,0.0018451586017503528,1.520165785396992,1.5199463142477874,1.519507696963672,1.5212647643382147,0.775804766170109,0.6589049960855159,0.13623839994697381,0.13627890364495035,0.1362985714840312,0.13621904754567712,0.522666596138542,0.5226260924405656,0.5226064246014847,0.5226859485398387
247,231,252,21,0.7619047619047619,0.7601021291532156,0.23809523809523814,1.516795862131844,2.147177003634273,0.12377818056300381,0.6387871687268353,1.5321433277498249,0.003532226211257676,0.0022413992847399164,1.531925901970506,1.5317086503221922,1.5312746697149837,1.5330147706944608,0.6593370188751665,0.5341948248897243,0.10575842627258289,0.10580021379910855,0.10579182077223251,0.10576559359967853,0.42843639861714133,0.4283946110906157,0.42840300411749177,0.42842923129004573
248,231,252,21,0.8095238095238095,0.8080684056073157,0.19047619047619047,1.516795862131844,2.147177003634273,0.12377818056300381,0.5000476281855647,1.5442917628584603,0.003313986616579947,0.002414135485416685,1.5440984223267125,1.5439052935129998,1.5435196713574806,1.5450672405749077,0.49623175328688457,0.36517605193579267,0.15389218901674645,0.15397045382919675,0.15395389090638437,0.15390729442962733,0.21128386291904622,0.21120559810659592,0.2112221610294083,0.21126875750616533
249,231,252,21,0.8571428571428571,0.8560424446870734,0.1428571428571429,1.516795862131844,2.147177003634273,0.12377818056300381,0.3325222448238176,1.5565702617644581,0.002159667898677475,0.0020722550381231087,1.5564252571111734,1.5562804114033588,1.5559911970016458,1.5571518689434947,0.3595864132004678,0.23277090934913214,0.122704712648912,0.12264177666040665,0.12264918205978335,0.12269638733733078,0.11006619670022014,0.11012913268872548,0.11012172728934878,0.11007452201180136
251,231,252,21,0.9523809523809523,0.9520077356252205,0.04761904761904767,1.516795862131844,2.147177003634273,0.12377818056300381,0.10139414848325685,1.5798070765237708,0.0018079494219525197,0.0006586338662194922,1.5797975364211347,1.579788013422944,1.579769018741134,1.579845407972559,0.1256123052096069,0.021582505611880607,0.12003400282290765,0.120099213245789,0.12007891762943179,0.12005445277833628,-0.09845149721102704,-0.09851670763390839,-0.09849641201755119,-0.09847194716645567
253,252,267,15,0.06666666666666667,0.06660447333062643,0.06666666666666667,0.20537247224715752,0.4034111648447212,0.021643229453599564,0.049545876132620216,0.0019002037798237891,0.0011316812276716604,0.00033697316431227463,0.0018900591163144146,0.0018836311702807292,0.001882055743909557,0.0019764910355130013,0.030595842185082135,0.024249413237683735,0.043257931934479264,0.043256910310717336,0.04325733987858585,0.0432575034509502,-0.01900851869679553,-0.0190074970730336,-0.019007926640902114,-0.019008090213266462
254,252,267,15,0.13333333333333333,0.13321597151095618,0.13333333333333333,0.20537247224715752,0.4034111648447212,0.021643229453599564,0.10729105873896509,0.002779953392180941,0.0013967903265440491,0.0005322407708102517,0.002674293006788384,0.002571177811700049,0.0023739018377171143,0.0032229539659301663,0.2254519430471795,0.21674847873493355,0.12090172284590917,0.12089770751148646,0.12089903562894606,0.12090040257178337,0.09584675588902439,0.0958507712234471,0.09584944310598749,0.09584807616315018
256,252,267,15,0.26666666666666666,0.2664680039170562,0.26666666666666666,0.20537247224715752,0.4034111648447212,0.021643229453599564,0.3391674223526694,0.0029111352157117224,0.0031044496496557806,0.0007341314011396032,0.0028405313327753067,0.002780269209100343,0.00269342903434551,0.003282187434248116,0.3494325169897587,0.3413928590614855,0.035801038166029184,0.035817994035948084,0.035811981540998856,0.03580706685030773,0.3055918208954563,0.3055748650255374,0.3055808775204866,0.30558579221117776
257,252,267,15,0.3333333333333333,0.3331085381428264,0.3333333333333333,0.20537247224715752,0.4034111648447212,0.021643229453599564,0.2922803452631253,0.0025576287242028125,0.003103416337707888,0.0009331730374733623,0.002552799742419065,0.0025692333192327446,0.0026638057296609527,0.002780052562829462,0.31820090013110025,0.3085821081297986,0.04552196541199388,0.04554633098718255,0.04554130800527394,0.04552701790664997,0.2630601427178047,0.26303577714261606,0.26304080012452463,0.2630550902231486
258,252,267,15,0.4,0.3997565655416136,0.4,0.20537247224715752,0.4034111648447212,0.021643229453599564,0.2600513495183188,0.002467354153804209,0.003052228049493984,0.0008749935419007294,0.002490551101683249,0.0025324997082314597,0.0026687225170995083,0.0025660905214064007,0.289876046065866,0.28188896213330444,0.10203286663934903,0.1020320496046437,0.10203559546570172,0.10202934911068916,0.17985609549395543,0.17985691252866076,0.1798533666676027,0.17985961302261527
259,252,267,15,0.4666666666666667,0.4664153643766125,0.4666666666666667,0.20537247224715752,0.4034111648447212,0.021643229453599564,0.24571960413621188,0.0027246453960511636,0.0038898942870641104,0.001342598047446898,0.0028168454016035214,0.002944633201007067,0.003289273719413224,0.0027628250942177746,0.2673053037505388,0.26398343554993803,0.021993639161142206,0.02199139723882353,0.02199714707352798,0.021987909493403728,0.2419897963887958,0.2419920383111145,0.24198628847641004,0.2419955260565343
261,252,267,15,0.6,0.5997573148589153,0.4,0.20537247224715752,0.4034111648447212,0.021643229453599564,0.25926058061108115,0.0014947411135049751,0.001998295554878669,0.0018310693583663022,0.0012088900773321116,0.0010524644013617365,0.0012874467497497365,0.003084900784410929,0.2704269608776357,0.27616810448261386,0.026999857287232296,0.026986666527429436,0.026993308809073212,0.02699322482625429,0.24916824719538155,0.24918143795518444,0.24917479567354064,0.24917487965635957
262,252,267,15,0.6666666666666666,0.6664409348295327,0.33333333333333337,0.20537247224715752,0.4034111648447212,0.021643229453599564,0.20654475632980757,0.0017655329022696641,0.0016135521585354383,0.0017195861195007526,0.0013894384538152276,0.0010552696611206037,0.0007671830925907031,0.0033999405590680242,0.19941345107955652,0.20516524404412953,0.014093130075452192,0.014090035706294357,0.014082761987092863,0.014100406252298307,0.19107211396867735,0.19107520833783517,0.19108248205703668,0.19106483779183123
263,252,267,15,0.7333333333333333,0.7331357945596754,0.2666666666666667,0.20537247224715752,0.4034111648447212,0.021643229453599564,0.12377587507363882,0.0029282610651277367,0.0012897853754124282,0.0014410149866443734,0.002607773694590633,0.0022990911123352757,0.0017421794155494412,0.004274024449928773,0.1265356337454307,0.12057192691382312,0.04140291563041713,0.04142345912345866,0.0414171579954537,0.041409215070570486,0.079169011283406,0.07914846779036447,0.07915476891836942,0.07916271184325263
264,252,267,15,0.8,0.799837210816208,0.19999999999999996,0.20537247224715752,0.4034111648447212,0.021643229453599564,0.14992473671642992,0.003420021974780412,0.002413099224861593,0.0013316828950513772,0.003094942353114838,0.0027717248144158643,0.0021342577754813307,0.004731258081071473,0.17788179476393273,0.16492870518689812,0.044013126174646505,0.044047795341663754,0.044042342388140435,0.04401858023037117,0.12091557901225161,0.12088090984523436,0.12088636279875768,0.12091012495652695
266,252,267,15,0.9333333333333333,0.933269547698027,0.06666666666666665,0.20537247224715752,0.4034111648447212,0.021643229453599564,0.1031960610756104,0.004844736231793351,0.0020645118197751213,0.0004211477089258321,0.004797020504654933,0.004751159117794685,0.0046652159077498895,0.00505306141174306,0.11208194983700921,0.09675753644932931,0.05730022775353531,0.0573252808671057,0.05732541023622294,0.05730009785687572,0.039457308695794,0.039432255582223616,0.03943212621310638,0.0394574385924536
268,267,289,22,0.045454545454545456,0.0459173530178454,0.045454545454545456,0.2540200919908515,0.3433031300957073,0.09418031209587435,0.1084832157175259,0.004450679667162804,0.005757377819305079,0.001976155110425063,0.004874275964079984,0.005310059460673214,0.0062078585649403715,0.002981605117719005,0.1334163143437272,0.13156911538982893,0.024412768831412662,0.02441003136707211,0.024411614055199985,0.024411176543360412,0.10715634655841627,0.10715908402275683,0.10715750133462895,0.10715793884646851
269,267,289,22,0.09090909090909091,0.09184211704955293,0.09090909090909091,0.2540200919908515,0.3433031300957073,0.09418031209587435,0.16724697355758086,0.009386905211206152,0.010601495966329852,0.0031821630751278787,0.010110421148469651,0.010844031186983193,0.0123343064759521,0.0066592181462273685,0.15611209486819075,0.15823312153984057,0.033242845641100006,0.033239039438928177,0.0332467326391757,0.03323516029215935,0.12499027589874057,0.1249940821009124,0.12498638890066487,0.12499796124768121
271,267,289,22,0.18181818181818182,0.18370872266665034,0.18181818181818182,0.2540200919908515,0.3433031300957073,0.09418031209587435,0.1282643637127696,0.020270958430657106,0.02207586879636343,0.0030102289966527484,0.021008365769505953,0.02174681111657165,0.023226419678641946,0.01733435598835544,0.13285019969395104,0.12288224312501743,0.04001044946100893,0.0400274572772065,0.04003279587223205,0.04000516030542952,0.0828717936640085,0.08285478584781092,0.08284944725278537,0.08287708281958792
272,267,289,22,0.22727272727272727,0.2296508864700342,0.22727272727272727,0.2540200919908515,0.3433031300957073,0.09418031209587435,0.13727045514949843,0.02613703445514923,0.028117180735781903,0.0019190611524142187,0.026596445771370374,0.02705656361573971,0.027978779407415805,0.024307254771032717,0.13418049670671853,0.13618740688900935,0.0381592101847212,0.03816560199288335,0.03817242057254458,0.03815240926691172,0.09802819670428814,0.098021804896126,0.09801498631646477,0.09803499762209764
273,267,289,22,0.2727272727272727,0.27558660591353795,0.2727272727272727,0.2540200919908515,0.3433031300957073,0.09418031209587435,0.2065715910918232,0.032288177632230235,0.03437993065893058,0.0007409254992934772,0.03226547170115638,0.032243813898332335,0.032203651033816345,0.03238943702666182,0.18428983846095584,0.19632556006929086,0.030787068465239913,0.030831155206192878,0.03083783295746757,0.030780428295358046,0.16553849160405096,0.165494404863098,0.1654877271118233,0.16554513177393282
274,267,289,22,0.3181818181818182,0.3208398676457368,0.3181818181818182,0.2540200919908515,0.3433031300957073,0.09418031209587435,0.19785163993680277,0.037176325222723315,0.03981017797354237,0.0029323645522135455,0.036484259057243576,0.03579382636824047,0.03441825440122348,0.039959224239694724,0.18342298507218688,0.19727983766440546,0.04049255728656465,0.040542937444872446,0.04055082034109696,0.040484698011606396,0.15678728037784082,0.15673690021953302,0.15672901732330852,0.15679513965279906
276,267,289,22,0.4090909090909091,0.4113573465219306,0.4090909090909091,0.2540200919908515,0.3433031300957073,0.09418031209587435,0.2977308512051321,0.04480768345904798,0.04850576235073473,0.00813906064056397,0.042830266267600774,0.0408584808657244,0.03693541084648555,0.05276098023876516,0.3116360426305551,0.3196508806764119,0.05715950184426602,0.057247643407744214,0.057261608760636545,0.057145539345626196,0.2624913788321459,0.26240323726866766,0.2623892719157753,0.2625053413307857
277,267,289,22,0.45454545454545453,0.45662059701194363,0.45454545454545453,0.2540200919908515,0.3433031300957073,0.09418031209587435,0.3585643438948732,0.04777242898303512,0.05186852670021229,0.009796778222072674,0.04542451208268391,0.04308787222528191,0.03845663696465957,0.0572490239419992,0.3466259827864477,0.37018675121478745,0.06244178143386702,0.06260611913789878,0.06261733066481753,0.062430535800769696,0.3077449697809204,0.3075806320768887,0.30756942054996994,0.30775621541401776
278,267,289,22,0.5,0.5018857808099207,0.5,0.2540200919908515,0.3433031300957073,0.09418031209587435,0.36560405083276815,0.048874038399622705,0.05349457836884416,0.01099148632242267,0.046188612536456355,0.04351098508474696,0.03818568321230195,0.05967262688819164,0.3295420140208471,0.36007712401327585,0.047728679958588406,0.04790144073305052,0.04791409954627675,0.04771598958348473,0.3123484440546874,0.3121756832802253,0.3121630244669991,0.31236113442979113
279,267,289,22,0.5454545454545454,0.5471551534418199,0.4545454545454546,0.2540200919908515,0.3433031300957073,0.09418031209587435,0.28755039421792933,0.04797973459697927,0.05302192027680137,0.01160724395674551,0.045144134040780076,0.042317511252686776,0.03669949102346893,0.059386138510213536,0.24645723357770208,0.2814551739429274,0.0699794280554337,0.07008238184588782,0.07009566863199422,0.06996611416284053,0.2114757458874937,0.21137279209703957,0.21135950531093317,0.21148905978008686
281,267,289,22,0.6363636363636364,0.6377006652834922,0.36363636363636365,0.2540200919908515,0.3433031300957073,0.09418031209587435,0.06542208721358884,0.04264313849987586,0.04870989830547138,0.01104908192261027,0.03995208905248398,0.03727146166455233,0.03195195696308861,0.05348000926639053,0.11663318126296883,0.11104373924411153,0.07689569887650767,0.07681920504573934,0.07682897358748826,0.07688595937591591,0.034148040367603855,0.03422453419837218,0.034214765656623264,0.03415777986819561
282,267,289,22,0.6818181818181818,0.6829777711472474,0.31818181818181823,0.2540200919908515,0.3433031300957073,0.09418031209587435,0.11513151786188981,0.03840729024069618,0.044950232540207365,0.010275392939882189,0.03589514339951851,0.03339162557018569,0.028419592235645722,0.048515297222255095,0.18816205669605432,0.16002426413370333,0.061113690164564305,0.061053050913947096,0.061057179306362536,0.06110958802687977,0.09891057396913902,0.09897121321975623,0.09896708482734079,0.09891467610682356
283,267,289,22,0.7272727272727273,0.7282584214089368,0.2727272727272727,0.2540200919908515,0.3433031300957073,0.09418031209587435,0.12414206468552506,0.03366096694364022,0.040732711631079284,0.009314261182793774,0.03137576085787499,0.029097430744191077,0.024569045299639776,0.04284850437283115,0.17904647566817264,0.14673286124028073,0.04457943049792337,0.04459006733727942,0.044594459915879014,0.04457504893185957,0.10215343074235736,0.10214279390300132,0.10213840132440172,0.10215781230842116
284,267,289,22,0.7727272727272727,0.7735406827605962,0.2272727272727273,0.2540200919908515,0.3433031300957073,0.09418031209587435,0.12656492169239003,0.02841820181814727,0.03584424258192332,0.008236844489540894,0.02642991621667281,0.024453372952557076,0.02054905123136325,0.0364501865143989,0.18823017622711594,0.15850908386883128,0.055337523359053835,0.05538790240472754,0.055393291885131785,0.05533215235694801,0.10317156050977744,0.10312118146410373,0.1031157919836995,0.10317693151188327
286,267,289,22,0.8636363636363636,0.8641155164397232,0.13636363636363635,0.2540200919908515,0.3433031300957073,0.09418031209587435,0.17640627177834656,0.016238084026494695,0.024461203348482115,0.005871228097617761,0.014853549099644883,0.013486637230288447,0.01083231528337458,0.021885025246800256,0.23325817781049274,0.1929917853608222,0.04478807547333988,0.04486218039084511,0.04486627041160411,0.044783996215436085,0.14820370988748233,0.1481296049699771,0.1481255149492181,0.14820778914538613
287,267,289,22,0.9090909090909091,0.9094080887671907,0.09090909090909094,0.2540200919908515,0.3433031300957073,0.09418031209587435,0.1378953082418792,0.009411724447696102,0.01792198649527826,0.004240074513356813,0.008455400129912756,0.007526905381319447,0.005806648611610652,0.013394043818714261,0.19294281604638802,0.15244660200573334,0.02868719659269783,0.028737842666472127,0.028742588966048477,0.028682441762275156,0.12375940541303551,0.12370875933926122,0.12370401303968487,0.12376416024345818
288,267,289,22,0.9545454545454546,0.9547016277486403,0.045454545454545414,0.2540200919908515,0.3433031300957073,0.09418031209587435,0.04723339375714437,0.0032524442194533194,0.009842350485592958,0.002225006029092007,0.003306380901459583,0.0034503256960910734,0.0039631335244101114,0.003918119846048392,0.08522803164096407,0.06422279507689277,0.026411937963961248,0.02642074513151728,0.026423272106402367,0.026409408800527837,0.03781085711293152,0.03780204994537549,0.0377995229704904,0.037813386276364935
291,289,348,59,0.03389830508474576,0.03406042540676351,0.03389830508474576,11.452698249806062,5.818654260276145,0.08637696885213982,0.33818449541087764,0.02116989887277557,0.021638233543292737,0.010371668635733178,0.018660629700940352,0.016177763200573774,0.01136050972486982,0.03134343752585442,0.3251685335511202,0.320866662986717,0.026089004655818718,0.02582020798638467,0.025951826242929462,0.025962437438521602,0.2947776583308983,0.29504645500033233,0.29491483674378755,0.2949042255481954
292,289,348,59,0.05084745762711865,0.05109203111512835,0.05084745762711865,11.452698249806062,5.818654260276145,0.08637696885213982,0.5405054510972918,0.030288188381927726,0.030815772239755304,0.014066992619477406,0.02687400048199302,0.023490093305959633,0.016885933562124828,0.044106400004609844,0.5119112691576633,0.508997114294661,0.03707890315664713,0.036839916672125994,0.036952616583302254,0.03697235194965988,0.47191821113801385,0.472157197622535,0.47204449771135876,0.4720247623450011
293,289,348,59,0.06779661016949153,0.0681252115247784,0.06779661016949153,11.452698249806062,5.818654260276145,0.08637696885213982,0.734878050629047,0.03854525071433915,0.039112787496844714,0.016944342005401274,0.03444565873174525,0.030383536644799865,0.022453008895437294,0.055150308691755745,0.6902481510356603,0.6883173235492089,0.05168705837256794,0.05154681285786128,0.051609306897379206,0.0516327965049999,0.636630265176641,0.6367705106913477,0.6367080166518297,0.6366845270442091
294,289,348,59,0.0847457627118644,0.08515899758876894,0.0847457627118644,11.452698249806062,5.818654260276145,0.08637696885213982,0.9355222490025906,0.04669695146569279,0.047292353442664886,0.019019880303509797,0.04212682672056175,0.0376025699087733,0.028778102346732656,0.06524218781754028,0.8889633825818058,0.8880720322383955,0.051927383883350185,0.05167065868957015,0.05178551213716291,0.05182632259006459,0.8361446483550453,0.8364013735488254,0.8362865201012326,0.8362457096483309
296,289,348,59,0.11864406779661017,0.11923020364279283,0.11864406779661017,11.452698249806062,5.818654260276145,0.08637696885213982,1.3390564673606824,0.05897937857551114,0.059634497436666455,0.02102954359896935,0.054017643763723644,0.04911745913026508,0.03959297081128842,0.07920867543776568,1.2950453836700095,1.2960504787847487,0.045847669128073774,0.04600778027835012,0.04593397936107635,0.04593686448949515,1.2502028096566749,1.2500426985063986,1.2501164994236724,1.2501136142952536
297,289,348,59,0.13559322033898305,0.13626774476369427,0.13559322033898305,11.452698249806062,5.818654260276145,0.08637696885213982,1.534129012849891,0.06456319060561617,0.065232141948955,0.02099824049655757,0.05970329641014061,0.05491518356785217,0.04564441086683462,0.08447041569020702,1.4975880065734581,1.4996966460561378,0.03848004992470033,0.03874295510373869,0.03862799865849885,0.03861420839353863,1.4612165961314374,1.4609536909523992,1.461068647397639,1.4610824376625993
298,289,348,59,0.15254237288135594,0.1533057704080681,0.15254237288135594,11.452698249806062,5.818654260276145,0.08637696885213982,1.731289325973103,0.06965505506058875,0.07034759313631213,0.02026490847705751,0.06507402065559777,0.06057031407813982,0.051875162239236564,0.08850962639626957,1.6933549171468647,1.696449748880185,0.04018246274017705,0.03959391449165374,0.03984190627012323,0.03994750164990594,1.656267286140008,1.6568558343885313,1.6566078426100619,1.656502247230279
299,289,348,59,0.1694915254237288,0.17034549188459522,0.1694915254237288,11.452698249806062,5.818654260276145,0.08637696885213982,1.9409049017064959,0.07200141661700873,0.07272307666058199,0.01880812389370308,0.06791856206149133,0.06392085998088155,0.05625319056493773,0.08894648722562742,1.9004561272875833,1.9045906649757098,0.04286564461158621,0.04266073367144586,0.042758136803647866,0.04281154158129509,1.8617250203641236,1.8619299313042639,1.861832528172062,1.8617791233944148
301,289,348,59,0.2033898305084746,0.20442759971674757,0.2033898305084746,11.452698249806062,5.818654260276145,0.08637696885213982,2.3326664757052202,0.07336457194373404,0.07415744629281432,0.014464348622573744,0.07087096521779009,0.0684775815719971,0.06403597918318653,0.08415788118278554,2.277115976316821,2.28329163203043,0.05990670398005476,0.05977124799553576,0.059845061369302385,0.059897203307491244,2.223384928050375,2.2235203840348943,2.2234465706611277,2.223394428722939
302,289,348,59,0.22033898305084745,0.22146998607237278,0.22033898305084745,11.452698249806062,5.818654260276145,0.08637696885213982,2.5262000494733012,0.07367884454244561,0.0744905552689947,0.01233102912960032,0.07230677536244516,0.07104205922159493,0.06885784896057139,0.08012396309178034,2.4761917003777594,2.483430404962372,0.056355074140295294,0.05573205364095159,0.05599723792406004,0.056158036057029924,2.4270753308220767,2.4276983513214203,2.427433167038312,2.427272368905342
303,289,348,59,0.23728813559322035,0.23851273582060228,0.23728813559322035,11.452698249806062,5.818654260276145,0.08637696885213982,2.7110562115716776,0.07189376020026379,0.07276116239186174,0.011542137722039585,0.07178231418444553,0.0717867753943253,0.07214277482114788,0.07347984375977046,2.6437842516765704,2.652087591446473,0.07227086740684745,0.07208722165786095,0.07218756872987125,0.07225857794803103,2.5798167240396257,2.5800003697886122,2.579900022716602,2.579829013498442
304,289,348,59,0.2542372881355932,0.25543617166375915,0.2542372881355932,11.452698249806062,5.818654260276145,0.08637696885213982,2.9066665083313055,0.07007515242174005,0.07096572447941107,0.013107511718670303,0.07138708577600857,0.0728229421417742,0.07603774226767715,0.06620369666117333,2.8488841716438924,2.8567630337853744,0.06273641566111474,0.06267421280364212,0.06271960510301669,0.0627767057700205,2.79402661812426,2.7940888209817323,2.794043428682358,2.793986328015354
306,289,348,59,0.288135593220339,0.289283285611809,0.288135593220339,11.452698249806062,5.818654260276145,0.08637696885213982,3.3091747462265593,0.06437950678280813,0.06535446028196895,0.020835564795998112,0.06847459525939811,0.07271234141000528,0.08152612264321596,0.05011162175279358,3.261260031424938,3.268403595359467,0.05592431231975151,0.053491472955329265,0.05434530269280329,0.05511573442420799,3.2124792830397153,3.2149121224041375,3.2140582926666634,3.213287860935259
307,289,348,59,0.3050847457627119,0.30620672145496586,0.3050847457627119,11.452698249806062,5.818654260276145,0.08637696885213982,3.493525658695465,0.062451269658779895,0.06345444625998684,0.02521605005700567,0.06783787716023916,0.07337080632500523,0.08476033240737031,0.04344774534005387,3.448966404264983,3.455846866409373,0.0512405759011157,0.049154513463507826,0.049873053611027424,0.050582230431328354,3.4046062905082572,3.406692352945865,3.4059738127983454,3.4052646359780447
308,289,348,59,0.3220338983050847,0.3231296727746503,0.3220338983050847,11.452698249806062,5.818654260276145,0.08637696885213982,3.7095211095305745,0.059651576034495356,0.06071575131996514,0.029225722528864677,0.06614572800316593,0.07279403821677437,0.08641009724030127,0.03685379025810494,3.658287595839316,3.6648117294015927,0.059628477678061315,0.057482469362946584,0.05818792016579347,0.05896643449582865,3.6051832517235316,3.607329260038646,3.606623809235799,3.605845294905764
309,289,348,59,0.3389830508474576,0.34005286635607096,0.3389830508474576,11.452698249806062,5.818654260276145,0.08637696885213982,3.8814575580934214,0.05805682891566069,0.059162477583228484,0.032951941526886526,0.06555621577282596,0.07321453595743986,0.08884287474175907,0.03193423360419676,3.833237767565548,3.839534926976015,0.059189094469961644,0.05620115247379696,0.05717339342476427,0.05826304680992858,3.7803458325060535,3.783333774502218,3.7823615335512506,3.7812718801660865
311,289,348,59,0.3728813559322034,0.37389816334109943,0.3728813559322034,11.452698249806062,5.818654260276145,0.08637696885213982,4.2380196613263745,0.05516840554342348,0.056372781792289474,0.03965332855197411,0.06442730539469337,0.07385628408466519,0.09301688911166237,0.024077732677674865,4.186591079155291,4.192423999429603,0.06015250070866337,0.05803561046337679,0.058695912024016084,0.05954798584422415,4.1322714987209395,4.134388388966226,4.133728087405586,4.132876013585379
312,289,348,59,0.3898305084745763,0.39082050900644344,0.3898305084745763,11.452698249806062,5.818654260276145,0.08637696885213982,4.429271755986881,0.05395885261921049,0.055213304706233174,0.042879009415953205,0.06405137124391198,0.07431974651148149,0.09515564298204675,0.021112509505584034,4.37494261510855,4.380454884951213,0.06024115194854619,0.057842610263772236,0.05855409775362212,0.0595562747560624,4.320213733002666,4.322612274687441,4.321900787197591,4.320898610195151
313,289,348,59,0.4067796610169492,0.4077429758026555,0.4067796610169492,11.452698249806062,5.818654260276145,0.08637696885213982,4.622334165046763,0.05235042769901045,0.05364636528885657,0.04602822149683947,0.06326467369882662,0.07435788621887283,0.09683450724142408,0.018477205312856293,4.5665131664835,4.571742573190415,0.06772505192276368,0.06443242192208017,0.06539537726004714,0.06680282268470668,4.5040175212676505,4.507310151268334,4.506347195930368,4.504939750505708
314,289,348,59,0.423728813559322,0.42466471581365905,0.423728813559322,11.452698249806062,5.818654260276145,0.08637696885213982,4.812294060826262,0.04989233114327076,0.05123724899102198,0.04898286619628136,0.06157024119138071,0.07343336871899611,0.09744401041794125,0.016786798655295154,4.75402089375834,4.758921048581782,0.07390157118479437,0.0703733601391414,0.0713799598453983,0.0729461638936558,4.685019477396987,4.6885476884426405,4.687541088736384,4.685974884688126
316,289,348,59,0.4576271186440678,0.4585085592282704,0.4576271186440678,11.452698249806062,5.818654260276145,0.08637696885213982,5.202912001962456,0.04726866552312613,0.04869970664000735,0.05398767091586977,0.06024908880625004,0.07341602168460606,0.10001415922314294,0.01718018211203481,5.147423608549278,5.151754782802621,0.06965484770774762,0.06582850853312014,0.06684629695443246,0.06866843786039814,5.082099935094874,5.085926274269501,5.084908485848189,5.083086344942223
317,289,348,59,0.4745762711864407,0.475430420370142,0.4745762711864407,11.452698249806062,5.818654260276145,0.08637696885213982,5.396228579820548,0.045445676889006824,0.04692966680777534,0.05610418337327055,0.05896525267661741,0.07267704192200146,0.10036152147688612,0.01880273614683827,5.336937283561361,5.340992661026225,0.07623229041444705,0.0724548622197297,0.07343134137491916,0.07529106903592139,5.264760370611778,5.268537798806495,5.267561319651306,5.265701591990304
318,289,348,59,0.4915254237288136,0.4923515547268051,0.4915254237288136,11.452698249806062,5.818654260276145,0.08637696885213982,5.591575326320778,0.04297978366128285,0.0444842827955345,0.05805047454584391,0.057046426836456256,0.07129207547419529,0.10001393425300668,0.02077141671557174,5.5375521595398585,5.541293402743894,0.07159816945165869,0.06796631944774474,0.06888587299144663,0.07073859161092286,5.469695233292235,5.473327083296149,5.472407529752447,5.470554811132971
319,289,348,59,0.5084745762711864,0.5092731736069405,0.4915254237288136,11.452698249806062,5.818654260276145,0.08637696885213982,5.785235713188128,0.04149399544271399,0.043099224162463666,0.059833626182221114,0.05594148957666382,0.07060210129363244,0.10018778951254213,0.023791506728620255,5.7185278686243,5.721984684427263,0.0848493074581007,0.08082727772100862,0.08180608341866027,0.08392210492256329,5.637135376969162,5.641157406706254,5.640178601008603,5.6380625795047
321,289,348,59,0.5423728813559322,0.5431152000585304,0.4576271186440678,11.452698249806062,5.818654260276145,0.08637696885213982,6.173250306694574,0.03760140074502114,0.03934142012419512,0.06271603922884,0.05274235314895599,0.06812715310696588,0.09917360249183735,0.02930751435849184,6.098624431303985,6.101477231343348,0.09671046182216904,0.09306204341806966,0.09389685437029624,0.09595147279457666,6.004766769521179,6.008415187925278,6.007580376973052,6.005525758548772
322,289,348,59,0.559322033898305,0.5600357287608531,0.44067796610169496,11.452698249806062,5.818654260276145,0.08637696885213982,6.369845656416122,0.0358251659583104,0.037580044101372466,0.06375938288261859,0.051277987956556956,0.06695953214443524,0.09857152137838283,0.03132184567002063,6.300160550111974,6.30270901778468,0.09209809585944286,0.08784149339879092,0.08877711303151578,0.09123128426152997,6.210610921925237,6.214867524385888,6.213931904753164,6.211477733523149
323,289,348,59,0.576271186440678,0.5769566208557799,0.423728813559322,11.452698249806062,5.818654260276145,0.08637696885213982,6.565102905720859,0.034258638932303936,0.03605312389563659,0.06457374785979376,0.04992968546007047,0.06582942923094207,0.09786857320191886,0.03329547848776161,6.498103178355975,6.5003413104413035,0.08656406240565138,0.08230989777471666,0.08319944505269215,0.08572366284866068,6.413777248035652,6.418031412666587,6.417141865388611,6.414617647592642
324,289,348,59,0.5932203389830508,0.5938767861654982,0.4067796610169492,11.452698249806062,5.818654260276145,0.08637696885213982,6.759746486435271,0.03244548177650529,0.034327730523471316,0.06518412010705633,0.04821732169780704,0.06425132002516816,0.0965828127531457,0.03570879281594729,6.684029781210608,6.685959884213374,0.09592919634056231,0.09201509785999164,0.09280445151383827,0.09519979214260013,6.590030687872812,6.593944786353382,6.593155432699536,6.590760092070774
326,289,348,59,0.6271186440677966,0.6277172379158029,0.3728813559322034,11.452698249806062,5.818654260276145,0.08637696885213982,7.147500184136937,0.02913081293783769,0.031146658619923252,0.06577569344759207,0.04497962494361269,0.061143554760749556,0.09376398690007909,0.03947666377068469,7.063774368005023,7.065098038065206,0.10917709781698118,0.10484368857006156,0.10564789768360787,0.10843843671898565,6.955920940248225,6.960254349495145,6.959450140381598,6.95665960134622
327,289,348,59,0.6440677966101694,0.6446375243563893,0.35593220338983056,11.452698249806062,5.818654260276145,0.08637696885213982,7.32654029978351,0.027042866803749035,0.029123476734412592,0.06566853608437324,0.042824932246399425,0.058954877472394786,0.09152167407962596,0.0413658038302489,7.237355252767838,7.238365040457367,0.11173558029336846,0.1076496419377007,0.10836529853404886,0.11107092483422255,7.126629460163999,7.1307153985196665,7.129999741923318,7.127294115623145
328,289,348,59,0.6610169491525424,0.661556962880899,0.3389830508474576,11.452698249806062,5.818654260276145,0.08637696885213982,7.482798339551887,0.025506667259027397,0.027622980468714375,0.06522681399506705,0.041179290617634215,0.057207473592825256,0.08956600151317683,0.042286948934171543,7.399052099870054,7.3997356489250485,0.10630365338307649,0.10200290524505223,0.10271970175286849,0.10563184704840183,7.293431995541972,7.297732743679997,7.29701594717218,7.294103801876647
329,289,348,59,0.6779661016949152,0.6784767647980131,0.3220338983050848,11.452698249806062,5.818654260276145,0.08637696885213982,7.633235487628522,0.023648413724104596,0.02585664221089721,0.06446521671552567,0.039011298427933806,0.05480862942249744,0.08675601610129892,0.04362816688704012,7.536238102005202,7.53660640495196,0.12169472982276133,0.11813536931394426,0.1187116235927576,0.12118850780553432,7.414911675129199,7.4184710356380155,7.417894781359203,7.415417897146425
331,289,348,59,0.711864406779661,0.7123156418470326,0.288135593220339,11.452698249806062,5.818654260276145,0.08637696885213982,7.836752386597431,0.0221102301235638,0.024346285655387396,0.0620115987173935,0.0368485456150709,0.052033144712873715,0.08275719430386885,0.04265967761434373,7.736353708701438,7.73607319902917,0.12561472979010108,0.12066859603574356,0.12138042541761593,0.1249316131187933,7.610458469239069,7.615404602993427,7.614692773611554,7.611141585910377
332,289,348,59,0.7288135593220338,0.7292344747172018,0.27118644067796616,11.452698249806062,5.818654260276145,0.08637696885213982,7.732286064693165,0.019584340118772095,0.02192876359951467,0.06047715499940637,0.033638159550110805,0.04833933142434269,0.07822134418193259,0.0443112471477802,7.607390736006272,7.606805914624391,0.14771499791965664,0.14427668949848096,0.14475693128007783,0.1472782577506448,7.459090916704734,7.46252922512591,7.462048983344313,7.459527656873746
333,289,348,59,0.7457627118644068,0.7461542766343159,0.2542372881355932,11.452698249806062,5.818654260276145,0.08637696885213982,7.644588888980899,0.01858403147918948,0.020931508646933435,0.05879927428312596,0.032161352345126897,0.04642745174294125,0.07546076896492597,0.0437162911476457,7.52258849099285,7.521700992133492,0.14374269656472002,0.1402861069827078,0.14074850279654436,0.14331831357946873,7.377958295568772,7.381414885150784,7.380952489336948,7.378382678554023
334,289,348,59,0.7627118644067796,0.7630783181318131,0.23728813559322037,11.452698249806062,5.818654260276145,0.08637696885213982,7.497795329805371,0.018318203341172505,0.020548174785345538,0.05695984717458891,0.03179838717958439,0.04574135223805748,0.07396754782037673,0.04109456651483703,7.410497283933131,7.409289071727515,0.11459807583774007,0.10961008037489782,0.11025414550960905,0.11398111250121334,7.294690995889775,7.299678991352617,7.299034926217906,7.295307959226301
336,289,348,59,0.7966101694915254,0.7969261588650716,0.2033898305084746,11.452698249806062,5.818654260276145,0.08637696885213982,7.107953476129023,0.014688414619671828,0.01688814764067507,0.05214017622498344,0.02698767186526057,0.03975857251551053,0.0656127856540858,0.03954310762110744,7.031702439924888,7.029886661227575,0.10282603211532881,0.09742726921253704,0.09805795852087033,0.10219960774313874,6.927060629112247,6.932459392015038,6.931828702706705,6.927687053484436
337,289,348,59,0.8135593220338984,0.8138500792317008,0.18644067796610164,11.452698249806062,5.818654260276145,0.08637696885213982,6.897038737334039,0.0141770900660097,0.01629237454655033,0.04898583815112334,0.02591333402266922,0.03797319343987415,0.06231166124401242,0.03631062264995064,6.833926095174955,6.831845078338411,0.09196709297554219,0.08577190274311959,0.08646717445800575,0.09126789444154376,6.7398779853628685,6.746073175595291,6.745377903880405,6.740577183896867
338,289,348,59,0.8305084745762712,0.8307736362057258,0.1694915254237288,11.452698249806062,5.818654260276145,0.08637696885213982,6.602259825253932,0.01335950564295301,0.015505774973562508,0.045506142744689296,0.024017007896669298,0.035128451062219075,0.057662329737770385,0.034258233554298655,6.514359885460123,6.5120789426474825,0.11713577052637583,0.11252562394222618,0.11303448414871843,0.11664802559072683,6.394943172121106,6.399553318705256,6.399044458498764,6.395430917056756
339,289,348,59,0.847457627118644,0.8476970720488826,0.15254237288135597,11.452698249806062,5.818654260276145,0.08637696885213982,6.216183667658966,0.012271432296549147,0.014359176301859103,0.04198507376641211,0.02207525606070788,0.03231700964011406,0.05309956104465697,0.031734926444289574,6.129812293054284,6.1273657272154685,0.10897597639059026,0.10490300489160402,0.10534136151533,0.10853985462826655,6.018389750824878,6.022462722323865,6.022024365700139,6.018825872587202
341,289,348,59,0.8813559322033898,0.8815433380808558,0.11864406779661019,11.452698249806062,5.818654260276145,0.08637696885213982,5.241940502413709,0.009845973314161269,0.011815252581317551,0.03492697324228107,0.017562870295064544,0.025931685598563126,0.04310345897252098,0.02785256048094398,5.17761805851983,5.174546279542496,0.0868352209167975,0.08424952017105275,0.08449853507713365,0.08659074517373075,5.087711058625699,5.090296759371443,5.0900477444653625,5.087955534368765
342,289,348,59,0.8983050847457628,0.8984661682696722,0.10169491525423724,11.452698249806062,5.818654260276145,0.08637696885213982,4.674165833994689,0.008439697923365101,0.01031134817497009,0.031044632293273366,0.015155940121050896,0.02255321906394249,0.03778824521417991,0.025338585480595796,4.641277824115567,4.637743049842722,0.06305306220257612,0.058320365182102596,0.05876135733344389,0.0626209326652459,4.574689987640146,4.57942268466062,4.578981692509278,4.575122117177476
343,289,348,59,0.9152542372881356,0.9153891195893566,0.0847457627118644,11.452698249806062,5.818654260276145,0.08637696885213982,4.080068797896812,0.006496765744277863,0.008238676396012251,0.02672735323659631,0.012257873221442474,0.01864395003933161,0.03178303771698125,0.022426708760327423,4.0689787186413335,4.065026225337068,0.054328556649328154,0.0483287665089495,0.04888447054288237,0.05378080920928802,4.010697668687739,4.016697458828118,4.016141754794186,4.01124541612778
344,289,348,59,0.9322033898305084,0.9323113441238325,0.06779661016949157,11.452698249806062,5.818654260276145,0.08637696885213982,3.408548423904053,0.004880165937436237,0.006588319724150988,0.021926845450245345,0.009951956714535574,0.015308990307787498,0.026178380863041473,0.017997153034335422,3.4210485718703754,3.416788054359407,0.04286956882465953,0.03757773148680856,0.03807136111740658,0.042385375766589704,3.3739184855347477,3.3792103228725985,3.3787166932420005,3.3744026785928174
346,289,348,59,0.9661016949152542,0.9661560354545206,0.03389830508474578,11.452698249806062,5.818654260276145,0.08637696885213982,1.8480881268953915,0.002434646033770346,0.003937172102388145,0.011593391215813435,0.005174026769880631,0.008025860994715858,0.013787847839481757,0.00951649590661478,1.8693808529311453,1.8649863934254112,0.021248398050483355,0.0230526341579694,0.022877990175686865,0.02140411728733119,1.8437379953749278,1.8419337592674419,1.8421084032497244,1.84358227613808
347,289,348,59,0.9830508474576272,0.9830783811198646,0.016949152542372836,11.452698249806062,5.818654260276145,0.08637696885213982,0.9535954319923945,0.0020854926718795667,0.0029438099983102118,0.005987659278064891,0.002831333939754456,0.00402058851738487,0.006775471657596363,0.005873301494597271,0.9842186099750347,0.9798487613616466,0.029632763572791095,0.03064471581821879,0.03054471419700736,0.029728719852390065,0.9502159977888555,0.9492040455434277,0.9493040471646392,0.9501200415092564
349,348,359,11,0.09090909090909091,0.09091518461442345,0.09090909090909091,15.98903520979138,43.643449947266205,0.08601067250269516,0.32449726338152135,0.002488688590737931,0.0017794626447592725,0.00015173233077580206,0.0025253758773914193,0.002562099447733845,0.0026356493713292606,0.00234233635397551,0.3319554718127555,0.3236747881908365,0.015882452852676837,0.015565219629130869,0.015766456997322213,0.015771420384090375,0.30779233533815964,0.3081095685617056,0.3079083311935143,0.30790336780674615
351,348,359,11,0.2727272727272727,0.27273904600262394,0.2727272727272727,15.98903520979138,43.643449947266205,0.08601067250269516,0.6777398158620473,0.0033801020953564053,0.0025505144100932487,0.001446925345053758,0.0037120559132971494,0.0040491143662689435,0.004734169473550594,0.0021505826313083422,0.648315075372922,0.6535538344312742,0.032556368101303,0.030972823319137505,0.03170648104588937,0.031814031335654004,0.6209974663299712,0.6225810111121367,0.6218473533853849,0.6217398030956203
352,348,359,11,0.36363636363636365,0.363647722776401,0.36363636363636365,15.98903520979138,43.643449947266205,0.08601067250269516,0.779436079649193,0.0022360599142045466,0.0017725649397806788,0.0022804413296402598,0.002767155964678977,0.0033112523171824086,0.004419165781586634,0.0009336632104465686,0.7496272118472957,0.7630309522062126,0.02025248554001222,0.018451321843224306,0.0192250254593405,0.01934915117967229,0.7427784666662004,0.7445796303629884,0.7438059267468722,0.7436818010265404
353,348,359,11,0.45454545454545453,0.45455965347050126,0.45454545454545453,15.98903520979138,43.643449947266205,0.08601067250269516,0.8118545729276745,0.0020483851373434324,0.0015765959577880137,0.002527532278017229,0.0026312457847384864,0.003232580937203428,0.0044606599364288915,0.0011274374067569753,0.781027504744419,0.8010749250767869,0.012847128833575,0.013219906597941911,0.012858154050130539,0.012804965256245771,0.7882277962432119,0.787855018478845,0.7882167710266563,0.7882699598205412
354,348,359,11,0.5454545454545454,0.545467028676149,0.4545454545454546,15.98903520979138,43.643449947266205,0.08601067250269516,0.759094262845663,0.0018156053348343695,0.002083721677891878,0.0020976237586370267,0.002234666728209851,0.0026909201436599666,0.0036586462556022215,0.0014167582382759848,0.7548303080238233,0.7773384508192224,0.018899880517721655,0.017404215654969853,0.01790796187373005,0.01806974859931756,0.7584385703015007,0.7599342351642525,0.7594304889454924,0.7592687022199048
356,348,359,11,0.7272727272727273,0.7272824298715092,0.2727272727272727,15.98903520979138,43.643449947266205,0.08601067250269516,0.5557442246662733,0.0028574574231696494,0.0014338244780221783,0.0006691315744473904,0.002910895111297304,0.002972797488177019,0.0031199127260481585,0.002737105142325077,0.5779836318420265,0.5856924643465957,0.03531193202644706,0.032331422285527565,0.03366130004255204,0.03395818312980888,0.5503805323201487,0.5533610420610682,0.5520311643040436,0.5517342812167868
357,348,359,11,0.8181818181818182,0.818189805077157,0.18181818181818177,15.98903520979138,43.643449947266205,0.08601067250269516,0.4529970042047946,0.002989389240641833,0.0012790877440446726,0.00046406221498348127,0.0029042357130993008,0.002821283633355395,0.0026628014415837637,0.003348595530305281,0.4792761737739362,0.4774500226033129,0.03414079960494619,0.03255222696257245,0.0332081181014495,0.033379878648373155,0.44330922299836667,0.44489779564074045,0.44424190450186335,0.4440701439549397
358,348,359,11,0.9090909090909091,0.9090939263624815,0.09090909090909094,15.98903520979138,43.643449947266205,0.08601067250269516,0.25571188205102374,0.0023531526140544664,0.000697361113214045,0.00022590859311505927,0.0023046507782650354,0.0022565200045734047,0.0021614706066170816,0.00255044479487002,0.28926566693211414,0.2801619122503653,0.03623575053555933,0.034992120113254636,0.03550962435091878,0.03568736810736557,0.24392616171480597,0.24516979213711065,0.2446522878994465,0.24447454414299974
361,359,367,8,0.25,0.24997069589858903,0.25,12.9798820958556,48.71332302620147,0.05847310105816251,0.05554919333566956,0.0023732938680253715,0.0025988915044985366,0.0009615102553107343,0.0023373941837906524,0.002325911026504105,0.0023768574647954396,0.0027321420355090153,0.05700937883322778,0.06191092019426639,0.022417214015847117,0.021157281248198108,0.021809215285403357,0.021801745870363595,0.03949370617841927,0.04075363894606828,0.04010170490886303,0.04010917432390279
362,359,367,8,0.375,0.3749520173301324,0.375,12.9798820958556,48.71332302620147,0.05847310105816251,0.20691668627981843,0.0032316653593472597,0.003384345975200249,0.002014237110379338,0.0028331942563569966,0.0024733504171070494,0.001954440877902661,0.005018145585577594,0.24992308399323357,0.24065679177867894,0.04038935136209312,0.039195576083625984,0.03979905951938391,0.03982341745777499,0.2002674404165858,0.20146121569505296,0.20085773225929504,0.20083337432090395
363,359,367,8,0.5,0.49994049701545556,0.5,12.9798820958556,48.71332302620147,0.05847310105816251,0.3740726456035972,0.0033603845734262406,0.003368825951321699,0.002465737215246403,0.0027981166732663687,0.0022642243384723448,0.0014146268892770418,0.005722142933908507,0.4193421084889353,0.4087168677763585,0.036514024511464786,0.03400504647776965,0.03526204637594908,0.03532820899761177,0.3722028432648937,0.3747118212985889,0.3734548214004094,0.3733886587787467
364,359,367,8,0.625,0.6249549253707304,0.375,12.9798820958556,48.71332302620147,0.05847310105816251,0.37612022436520465,0.0018648704963042822,0.00177823625738552,0.0019520570790473061,0.0014358393325029069,0.0010591709326269276,0.0008192725926007083,0.0037289851212766972,0.4119834583024692,0.3997927651202867,0.029287884780617373,0.027139668583467072,0.02823259362291588,0.028227709640962457,0.37050488033966933,0.37265309653681966,0.37156017149737086,0.3715650554793243
366,359,367,8,0.875,0.8749855716447251,0.125,12.9798820958556,48.71332302620147,0.05847310105816251,0.08296509168422397,0.00026584067540735086,0.0013011605599976116,0.00040601224550266673,0.0003130795499754811,0.0003820629365195202,0.000551086093067441,0.0004090703294373386,0.09681257952109232,0.08540151375112148,0.026840941703554638,0.026004009681824362,0.026390347980327432,0.026415290608280854,0.058560572047566845,0.05939750406929712,0.05901116577079405,0.05898622314284063
368,367,375,8,0.125,0.1250031315426874,0.125,12.836093119785655,48.17071087512254,0.046106689243938716,0.04065499702952928,0.0005776065546758592,0.0007715616071892408,0.0003055599516878789,0.0005222697200241624,0.00047283490714324544,0.00040024968314733886,0.0008329421488317574,0.06317916596156975,0.04858455452592647,0.018159173299438794,0.01855745672570564,0.018367286563418787,0.0183668744563656,0.030425381226487677,0.03002709780022083,0.030217267962507684,0.03021768006956087
369,367,375,8,0.25,0.250008052538339,0.25,12.836093119785655,48.17071087512254,0.046106689243938716,0.16550568983827132,0.001022383557004592,0.001509702810488032,0.0008480443637082201,0.000861197365436083,0.0007266024168600425,0.0006084600464693211,0.0017772650710437985,0.1943721794884273,0.17572444029281142,0.016795786118169086,0.01735497683660804,0.017102855118603166,0.017091239689656673,0.15892865417464233,0.1583694634562034,0.15862158517420827,0.15863320060315475
371,367,375,8,0.5,0.5000098419913033,0.5,12.836093119785655,48.17071087512254,0.046106689243938716,0.334941422480505,0.002707233457478993,0.0025694063883416993,0.0015385806537735675,0.002436972458469776,0.002201013479492469,0.0018823981764240203,0.003981113405608415,0.3493845141158795,0.32768726487250904,0.012275173904890642,0.013310146892232652,0.01276735494035719,0.012700581482074333,0.3154120909676184,0.3143771179802764,0.31491990993215185,0.31498668339043473
372,367,375,8,0.625,0.6250067104486159,0.375,12.836093119785655,48.17071087512254,0.046106689243938716,0.288800633739251,0.002130131165871537,0.0023993764723391603,0.0011251546413163865,0.002006142703161833,0.001915725692248805,0.0018535203142952571,0.00285855312105291,0.30095892665464213,0.27877493478122944,0.035432953681260315,0.03638386204861968,0.0359144112945636,0.03585975324546477,0.24334198109996913,0.24239107273260976,0.24286052348666584,0.2429151815357647
373,367,375,8,0.75,0.750008052538339,0.25,12.836093119785655,48.17071087512254,0.046106689243938716,0.18064497056710174,0.0013027159419080811,0.0007970740844287374,0.0005940774689507991,0.001233698925493916,0.0011794376868311468,0.0011231837376365695,0.0016847706135678128,0.19626131881961056,0.17279898598749246,0.02389773820995914,0.024848653224967692,0.024373628808930643,0.024334670830799855,0.14890124777753333,0.14795033276252478,0.1484253571785618,0.14846431515669262
374,367,375,8,0.875,0.8750031315426874,0.125,12.836093119785655,48.17071087512254,0.046106689243938716,0.06819755081505852,0.0007587440290700487,0.0011272329500752604,0.0002003245503986078,0.0007706566126204358,0.0007855870213975707,0.0008238121129683402,0.0007436252125972674,0.07479284790084366,0.05265053482586894,0.02593849926517187,0.025990331429936554,0.025946392118972105,0.025948285479191518,0.02671203556069707,0.026660203395932388,0.026704142706896836,0.026702249346677424
376,375,385,10,0.1,0.1000027202079957,0.1,15.71522264360875,47.184456727918175,0.0644188697378503,0.031167748013577593,0.003833335708520794,0.0023509784877780555,0.00016299047341489142,0.003831616917935397,0.0038303308596255603,0.0038290585372113446,0.003844524393978816,0.1029055826047665,0.03594483455005992,0.017777263411588057,0.01697517308585849,0.017389112315440713,0.017385890604751073,0.018167571138471866,0.018969661464201433,0.01855572223461921,0.01855894394530885
377,375,385,10,0.2,0.20000830379282897,0.2,15.71522264360875,47.184456727918175,0.0644188697378503,0.12294549137716579,0.0037682491346118915,0.0018534266464250817,0.000652041730455829,0.003707727945326583,0.0036534827623647486,0.0035649334157051493,0.004067059092158266,0.22120073607518073,0.14922740909573629,0.026464226703507655,0.025359124462529765,0.025948204968473908,0.025936186574021056,0.12276318239222864,0.12386828463320652,0.12327920412726237,0.12329122252171523
378,375,385,10,0.3,0.30000887646819646,0.3,15.71522264360875,47.184456727918175,0.0644188697378503,0.23128689879826814,0.004975651987610993,0.002704022822945371,0.0010142595683094984,0.004844949859058018,0.004724251885827406,0.0045160115473306785,0.005583664571929883,0.34019915746894025,0.2638509594934969,0.03180043909117745,0.03057755668789379,0.03122836437859435,0.031211466687637746,0.23205052040231947,0.2332734028056031,0.23262259511490255,0.23263949280585916
379,375,385,10,0.4,0.4000115966761922,0.4,15.71522264360875,47.184456727918175,0.0644188697378503,0.25062255748584855,0.0043282331803381514,0.001918771668941047,0.0009469150223116223,0.004215364181729541,0.004113036459025315,0.0039432042038046455,0.004869460098698453,0.3450656771434317,0.2676417528146882,0.012208624038503771,0.00993911181200599,0.011191563932934877,0.011123547757552381,0.25543312877618446,0.25770264100268225,0.25645018888175336,0.25651820505713585
381,375,385,10,0.6,0.6000120261827178,0.4,15.71522264360875,47.184456727918175,0.0644188697378503,0.20760519715632395,0.002656885320365168,0.0014051837874863964,0.0003787962854994554,0.0027318647369655403,0.002808035987094562,0.00296358497718948,0.002371121368875319,0.22878318744808465,0.20285702256963892,0.02430153636494769,0.02547107101985213,0.02484001759298512,0.024909534617101183,0.17855548620469122,0.17738595154978679,0.1780170049766538,0.17794748795253773
382,375,385,10,0.7,0.7000090196370383,0.30000000000000004,15.71522264360875,47.184456727918175,0.0644188697378503,0.2638443246223413,0.00321207958844938,0.0014835207057429707,0.00045889068558408803,0.0032989737917965643,0.0033875246800654517,0.003569101002246284,0.0028840232182600622,0.2691469226540692,0.26891623744759097,0.012603097975200723,0.014411513257086303,0.013425519845563672,0.013567831657322709,0.25631313947239026,0.2545047241905047,0.2554907176020273,0.25534840579026824
383,375,385,10,0.8,0.800008160623987,0.19999999999999996,15.71522264360875,47.184456727918175,0.0644188697378503,0.25968749374969685,0.002403871805080026,0.002527715762855106,0.0003248673378536822,0.002438998921553095,0.0024762924245370402,0.002556993954231976,0.002286932181536371,0.2520792335277828,0.2624373015833285,0.017805235743192625,0.019252015428020127,0.01840930909379484,0.018641108212778246,0.2446320658401359,0.24318528615530838,0.24402799248953366,0.24379619337055025
384,375,385,10,0.9,0.9000030065456794,0.09999999999999998,15.71522264360875,47.184456727918175,0.0644188697378503,0.16597737880162106,0.0027165387315713795,0.0017267072629386872,0.00012218390950392147,0.002735951116667437,0.002755565361033531,0.002795382387366543,0.002640996115888676,0.17224632510486285,0.17458327430723528,0.02684385759525326,0.027467921967306817,0.027094613277920673,0.027206406165075143,0.147739416711982,0.14711535233992845,0.1474886610293146,0.14737686814216014
386,385,397,12,0.08333333333333333,0.08332751708039612,0.08333333333333333,15.276482142572167,38.2227500535507,0.10424967400193574,0.099995106618401,0.002516824554406301,0.001166725747616015,0.0002621178599699405,0.002501777681036184,0.00248836603307621,0.0024665518599303942,0.002592748569111426,0.15641872728074238,0.12408695659606393,0.02773951168883115,0.027964335775243786,0.027898647627497972,0.02789849164427088,0.09634744490723278,0.09612262082082015,0.09618830896856596,0.09618846495179305
387,385,397,12,0.16666666666666666,0.1666580168546062,0.16666666666666666,15.276482142572167,38.2227500535507,0.10424967400193574,0.10711271384564887,0.0024563518186781234,0.001229906729528061,0.0003379864461319019,0.002468324890228121,0.002483117118671031,0.002520951092709939,0.002437335384789925,0.14875292896125114,0.13460750903558621,0.02330158530127715,0.024542108059589132,0.02395737770153214,0.023967151429777667,0.11130592373430906,0.11006540097599708,0.11065013133405407,0.11064035760580855
388,385,397,12,0.25,0.24998434085747676,0.25,15.276482142572167,38.2227500535507,0.10424967400193574,0.14556106880457637,0.0021933040813945175,0.0011823464607918107,0.0007166330826894593,0.0022054739804495734,0.002232004376187874,0.0023259161130153813,0.00228875638121448,0.14378103418581806,0.1638803233041341,0.022878568265322273,0.024471251871250804,0.02362783007802594,0.023638365413893272,0.14100175503881182,0.1394090714328833,0.14025249322610817,0.14024195789024083
389,385,397,12,0.3333333333333333,0.33331245447663566,0.3333333333333333,15.276482142572167,38.2227500535507,0.10424967400193574,0.19594939419780463,0.002730888056495081,0.002132875230226934,0.0010475453310632044,0.002694693919837373,0.002683685892329479,0.0027377483395279517,0.003100795966343452,0.1909740200026573,0.22396914962945114,0.03085436138004793,0.03382638500057906,0.032216162896908845,0.03223799903771936,0.1931147882494032,0.19014276462887209,0.1917529867325423,0.1917311505917318
391,385,397,12,0.5,0.4999627163273256,0.5,15.276482142572167,38.2227500535507,0.10424967400193574,0.2413286480329173,0.0014638011291292382,0.0006020007827209959,0.001221441816518259,0.0016946174232972944,0.001946081368015698,0.0024855002900432796,0.0010447755843974642,0.24802674765844,0.23960783393231705,0.008245073833351279,0.013325989013026028,0.01086360410355891,0.010699230146403206,0.23136276009896578,0.22628184491929101,0.22874422982875814,0.22890860378591385
392,385,397,12,0.5833333333333334,0.5832860576363822,0.41666666666666663,15.276482142572167,38.2227500535507,0.10424967400193574,0.32484722614893896,0.0019789908727510645,0.0010058842590541484,0.001265066484780992,0.0022063540214835803,0.0024534955498558097,0.002987151244472714,0.001452764128598415,0.34520605852604713,0.3262273744377682,0.0,0.0,0.0,0.0,0.3262273744377682,0.3262273744377682,0.3262273744377682,0.3262273744377682
393,385,397,12,0.6666666666666666,0.6666135747167783,0.33333333333333337,15.276482142572167,38.2227500535507,0.10424967400193574,0.32578475783984423,0.001135592791007346,0.0011828553099004634,0.001326076052646111,0.0014667596711064284,0.0017980563369248631,0.002460829340532883,0.0002010381196505926,0.34712226925065665,0.3274376743646893,0.0,0.0,0.0,0.0,0.3274376743646893,0.3274376743646893,0.3274376743646893,0.3274376743646893
394,385,397,12,0.75,0.7499601810375838,0.25,15.276482142572167,38.2227500535507,0.10424967400193574,0.26960632716581456,0.0006292166401054638,0.0016528683971565822,0.0013461893026463232,0.0005238087091252597,0.0006159267425146506,0.0011264682611527895,0.0017740765750401965,0.3071887118124193,0.29403258524604003,0.03399590370735132,0.03453916588075081,0.03414395022296308,0.03408918557462361,0.2600366815386887,0.25949341936528925,0.25988863502307696,0.25994339967141644
396,385,397,12,0.9166666666666666,0.9166533936791946,0.08333333333333337,15.276482142572167,38.2227500535507,0.10424967400193574,0.1085237689263173,0.0013677928209994913,0.0018807570237653183,0.0005064071032988046,0.0012925513204591107,0.0012257963330617014,0.00112361923099094,0.0017297660346547968,0.11091398913712001,0.13177695538106157,0.02326137471684867,0.023186000501145016,0.023208206339243198,0.023125461539008782,0.10851558066421291,0.10859095487991656,0.10856874904181837,0.10865149384205279
398,397,417,20,0.05,0.05000391908292744,0.05,13.807069023069277,20.726775078546495,0.1288883807267635,0.555188341746842,0.0034605584796642084,0.0012365168246222923,0.0014587780460258235,0.003099629501248379,0.0027396980257481944,0.002024954875345323,0.004909842615634488,0.5078206652687981,0.5708473303213594,0.0,0.0,0.0,0.0,0.5708473303213594,0.5708473303213594,0.5708473303213594,0.5708473303213594
399,397,417,20,0.1,0.10000891188720486,0.1,13.807069023069277,20.726775078546495,0.1288883807267635,1.0403427026536693,0.005001523261354909,0.0026998559182326138,0.0029761255048721767,0.004283729323203212,0.003576675030340605,0.0022357627606311237,0.007921267625034877,0.9863714847549954,1.052647983647133,0.006583702967647487,0.0032385690556032175,0.005129739789360638,0.004919365515171432,1.0460642806794855,1.0494094145915298,1.0475182438577724,1.0477286181319616
401,397,417,20,0.2,0.20001531842459308,0.2,13.807069023069277,20.726775078546495,0.1288883807267635,1.7942394652534908,0.006496523593602027,0.002207679069710481,0.006155038913440748,0.005080142576445125,0.0037611755336641735,0.0022428365969962734,0.012455855235814692,1.7340775769447396,1.8033621898638064,0.022260457659227136,0.023258136023502705,0.022556243419568717,0.02272068448086715,1.7811017322045792,1.7801040538403037,1.7808059464442376,1.7806415053829392
402,397,417,20,0.25,0.2500174479719372,0.25,13.807069023069277,20.726775078546495,0.1288883807267635,2.1083742684762323,0.007136687601945459,0.0027647199521783268,0.007209114569905457,0.0056274401203814045,0.004347444226145657,0.0035852334808409814,0.01389076623183272,2.0274175064373186,2.09959102494029,0.023050498429099023,0.025311638451218043,0.023766043034551928,0.02437184877000947,2.076540526511191,2.074279386489072,2.075824981905738,2.0752191761702807
403,397,417,20,0.3,0.3000206512406313,0.3,13.807069023069277,20.726775078546495,0.1288883807267635,2.3587842139275503,0.007709382064971434,0.0029927649840190934,0.00774591664369042,0.005996614368585469,0.004470357818868989,0.003245495117735142,0.015110736394701693,2.266469909945046,2.344882531343938,0.008902492815991394,0.011156993355856537,0.009371085824714128,0.010110367128533847,2.3359800385279463,2.3337255379880815,2.3355114455192236,2.334772164215404
404,397,417,20,0.35,0.35002134915950883,0.35,13.807069023069277,20.726775078546495,0.1288883807267635,2.542005683603701,0.006066819924070488,0.0017145012757161888,0.007924131358804992,0.004653741689624294,0.003789103015271308,0.004827445310449052,0.013262431728005866,2.4359372480332793,2.522216120528088,0.024954066242713416,0.024741858856142825,0.02475478219458607,0.024645562793305393,2.497262054285375,2.4974742616719454,2.497461338333502,2.497570557734783
406,397,417,20,0.45,0.45002310290438047,0.45,13.807069023069277,20.726775078546495,0.1288883807267635,2.753348012209815,0.0056455819863525615,0.0013842025755968334,0.007950336405755872,0.004316829892360738,0.0036467006725416783,0.005131099307940482,0.012799715221468238,2.6367276994465763,2.7349305218190434,0.025488827753957662,0.02615174465721156,0.02552371719874826,0.02588253049486487,2.709441694065086,2.708778777161832,2.7094068046202953,2.7090479913241787
407,397,417,20,0.5,0.5000238008232579,0.5,13.807069023069277,20.726775078546495,0.1288883807267635,2.768963246295645,0.0062791465374144465,0.0019212887787381113,0.007869484210356006,0.005008037040769424,0.004298172458411129,0.005337160536717197,0.01319953193700586,2.6455379279492335,2.746768741262464,0.02317248502192307,0.024009384835269425,0.02319093604734559,0.023741801770039803,2.723596256240541,2.722759356427195,2.7235778052151187,2.7230269394924242
408,397,417,20,0.55,0.5500230671136688,0.44999999999999996,13.807069023069277,20.726775078546495,0.1288883807267635,2.7384051068902737,0.006000142342778787,0.002653441915088028,0.0075867143763736255,0.004966039215724266,0.004529477037053174,0.005814613816851563,0.012381847700785197,2.6063555686503994,2.7103919983717955,0.03179535729164384,0.03285765833297847,0.03176236562860175,0.03273637410241506,2.678596641080152,2.677534340038817,2.6786296327431938,2.6776556242693803
409,397,417,20,0.6,0.600023049218313,0.4,13.807069023069277,20.726775078546495,0.1288883807267635,2.659211844410669,0.0057757481793935415,0.0030079430398291165,0.0068684414548729885,0.00495040455965688,0.004642270950638785,0.005773199817781958,0.01130219774935531,2.5286949092285247,2.6366170490073637,0.0400597231863298,0.040722609065790685,0.04001822110979931,0.040653277881275665,2.596557325821034,2.595894439941573,2.5965988278975645,2.595963771126088
411,397,417,20,0.7,0.700020150170668,0.30000000000000004,13.807069023069277,20.726775078546495,0.1288883807267635,2.3115398709700337,0.004037824582335349,0.0035633367635186292,0.004272325434834724,0.0036781752450259515,0.0036104728895505213,0.004346652036362549,0.00708662120001341,2.1627371097471677,2.2846262509946933,0.024180751778208564,0.02383134286599915,0.024126293720297922,0.023797590028207465,2.260445499216485,2.260794908128694,2.2604999572743956,2.260828660966486
412,397,417,20,0.75,0.7500172690183788,0.25,13.807069023069277,20.726775078546495,0.1288883807267635,2.0287751127505866,0.0046217885708617085,0.003502388279350511,0.0028023829137186164,0.004430005550886386,0.004344034704903734,0.004506331150571759,0.0061742642265364125,1.8684609235640053,1.9958336184676753,0.031097242488135883,0.03052623199733256,0.031092203324117315,0.030468797880253504,1.9647363759795393,1.9653073864703428,1.964741415143558,1.9653648205874217
413,397,417,20,0.8,0.8000151036803231,0.19999999999999996,13.807069023069277,20.726775078546495,0.1288883807267635,1.7013193434108862,0.004215632505553159,0.004914985397458355,0.0015016158162284641,0.004259241022807726,0.004335039448068509,0.004576133918550778,0.004371705996786249,1.5432719510832151,1.6726543579112834,0.020024570973245347,0.01995960439971207,0.019857151002862325,0.020048397179072943,1.652629786938038,1.6526947535115712,1.6527972069084211,1.6526059607322103
414,397,417,20,0.85,0.8500115067138007,0.15000000000000002,13.807069023069277,20.726775078546495,0.1288883807267635,1.3261717921802867,0.004283952809715601,0.004678572094328314,0.001036990322949564,0.0044200554196042,0.004566831151367925,0.0048884881424926105,0.003867542487450086,1.1678901435065676,1.3034793685762889,0.039267848731810016,0.039015533182267664,0.03930407826472763,0.03896235043383677,1.2642115198444788,1.2644638353940212,1.2641752903115613,1.264517018142452
416,397,417,20,0.95,0.9500035969665225,0.050000000000000044,13.807069023069277,20.726775078546495,0.1288883807267635,0.5037745976881498,0.005193374546854205,0.0031682086499568805,0.0010378007765705977,0.005390804358811347,0.005593302503219411,0.0060114425745456486,0.004467538186123027,0.34980968810562746,0.5029968479014633,0.00793662177683581,0.007141028315127798,0.008305396206591759,0.006678455626468448,0.49506022612462747,0.49585581958633546,0.4946914516948715,0.4963183922749948
418,417,438,21,0.047619047619047616,0.047233100940908664,0.047619047619047616,6.2184653795837495,8.819415672066867,0.1710832262145808,0.46612542098791726,0.009543074468057588,0.009000671306529897,0.0006922764106127035,0.00957722597807379,0.009614372074965547,0.009697507607793204,0.009437021779139871,0.48334935314640887,0.4578062493717653,0.025323951032817392,0.025136870590979816,0.025226363024087956,0.025241915099389677,0.4324822983389479,0.4326693787807855,0.4325798863476773,0.4325643342723756
419,417,438,21,0.09523809523809523,0.09446687816203268,0.09523809523809523,6.2184653795837495,8.819415672066867,0.1710832262145808,0.8381898596433051,0.019313004465263312,0.018348115787100664,0.0013700543578090817,0.019380440203511436,0.019453673550422355,0.019617268214743862,0.019102386464210766,0.8511938467803506,0.8173745192222923,0.0,0.0,0.0,0.0,0.8173745192222923,0.8173745192222923,0.8173745192222923,0.8173745192222923
421,417,438,21,0.19047619047619047,0.18893240376363465,0.19047619047619047,6.2184653795837495,8.819415672066867,0.1710832262145808,1.3980348886731166,0.033740333843689484,0.03200623465791173,0.002368007397784262,0.033883822459669456,0.03403700417858009,0.034371920349897826,0.03326569201594099,1.4143199078933288,1.3663694773525445,0.04369606282414266,0.04352578636135477,0.04359289785324695,0.04362040546257258,1.3226734145284018,1.3228436909911898,1.3227765794992976,1.322749071889972
422,417,438,21,0.23809523809523808,0.23616347586389724,0.23809523809523808,6.2184653795837495,8.819415672066867,0.1710832262145808,1.6165209564161633,0.039770603833974724,0.03760772686064434,0.0026024857372553886,0.039939727287226744,0.04011869039162047,0.04050560670036612,0.03919494289444006,1.6363520651213976,1.582665862446317,0.027805900089968676,0.027389622322680357,0.027545152213814775,0.027617102276091193,1.5548599623563484,1.5552762401236366,1.5551207102325022,1.5550487601702259
423,417,438,21,0.2857142857142857,0.2833969149449136,0.2857142857142857,6.2184653795837495,8.819415672066867,0.1710832262145808,1.8069180709904078,0.04397264799361225,0.041589381239760435,0.0026211470197289332,0.04416311060712911,0.04436243576368737,0.04478719513492623,0.0433016803194099,1.8168418008405727,1.7579111529334401,0.03301422593657084,0.03265662420151079,0.0327870768878314,0.03285637764338643,1.7248969269968693,1.7252545287319294,1.7251240760456088,1.7250547752900538
424,417,438,21,0.3333333333333333,0.33070981695123414,0.3333333333333333,6.2184653795837495,8.819415672066867,0.1710832262145808,2.005095750135658,0.04843562095833445,0.04565489141290282,0.0026409105938639352,0.048621689788598266,0.04881597954843795,0.04922882839668211,0.04777541237350529,2.021483409021577,1.9575344261590168,0.04144547211076883,0.04134584816882835,0.041370723601795105,0.04136993529997665,1.916088954048248,1.9161885779901886,1.9161637025572218,1.9161644908590403
426,417,438,21,0.42857142857142855,0.42628647094666383,0.42857142857142855,6.2184653795837495,8.819415672066867,0.1710832262145808,2.3619909933885204,0.05312397384734838,0.05017865887090793,0.0025999655710407525,0.053205999096282985,0.05329582591493361,0.053498723658245935,0.05287456291589878,2.367882791799165,2.302292314250156,0.06780800265147861,0.06731340092233237,0.0674555281915346,0.06764804947045988,2.2344843115986777,2.234978913327824,2.2348367860586213,2.2346442647796962
427,417,438,21,0.47619047619047616,0.47407987004599383,0.47619047619047616,6.2184653795837495,8.819415672066867,0.1710832262145808,2.549291010544129,0.05567378909866161,0.052708516447862695,0.0025656426224391063,0.055633820775182884,0.05560122346447376,0.055558190844586394,0.05590701261392146,2.5540714295367866,2.4880468223338625,0.05977542957614247,0.05874436642208703,0.059020616920834185,0.05948025433369151,2.42827139275772,2.4293024559117753,2.4290262054130283,2.428566568000171
428,417,438,21,0.5238095238095238,0.5218746217057545,0.47619047619047616,6.2184653795837495,8.819415672066867,0.1710832262145808,2.5928224083708535,0.05689379883112571,0.0537939118159742,0.0022448441011792527,0.05672462650173718,0.056560516915215665,0.05624766185820965,0.057620203717402,2.6005848027123255,2.5330620108176833,0.05478586376478718,0.05450383900119722,0.05454673825330133,0.054710063735619874,2.4782761470528962,2.478558171816486,2.478515272564382,2.4783519470820634
429,417,438,21,0.5714285714285714,0.5696747836072381,0.4285714285714286,6.2184653795837495,8.819415672066867,0.1710832262145808,2.5006182444067804,0.05686750783901804,0.05372423614426605,0.0016318593824142704,0.0566481758505274,0.05643094077892262,0.05600285875818979,0.057765323825282475,2.500948834888634,2.4318797604289153,0.07284448738845009,0.0723117102022007,0.07240972063210128,0.07270834213546379,2.3590352730404653,2.3595680502267147,2.359470039796814,2.3591714182934513
431,417,438,21,0.6666666666666666,0.665281532072251,0.33333333333333337,6.2184653795837495,8.819415672066867,0.1710832262145808,2.419874970647627,0.05169236005927603,0.0482993257000847,0.0010084235820571033,0.05164520401207346,0.05159923663354571,0.05151088052918415,0.05189280489957624,2.4368961750973317,2.363395847041032,0.053487560248571514,0.05246782022977743,0.05268900910323196,0.05323601277605503,2.3099082867924605,2.3109280268112546,2.3107068379378,2.310159834264977
432,417,438,21,0.7142857142857143,0.7130891330561036,0.2857142857142857,6.2184653795837495,8.819415672066867,0.1710832262145808,2.320716959331188,0.04845601384168552,0.0450349342270343,0.0011077638724061672,0.04860627269775394,0.04875764151710834,0.04906366787750971,0.047866285952125796,2.3444848274130976,2.26736247398343,0.04245889115682909,0.04219760894552573,0.04223363970113067,0.04237991973127731,2.224903582826601,2.2251648650379043,2.2251288342822995,2.224982554252153
433,417,438,21,0.7619047619047619,0.7609004535811404,0.23809523809523814,6.2184653795837495,8.819415672066867,0.1710832262145808,2.086648785818186,0.04245458271053742,0.038720636795871226,0.0011222203409875988,0.04269276097376431,0.04293145127190319,0.043410334169925444,0.041507166013769005,2.1357388907142725,2.0556304254614055,0.015364616190427017,0.015552307323050733,0.015487578714028045,0.015350912220319188,2.0402658092709784,2.040078118138355,2.0401428467473774,2.0402795132410865
434,417,438,21,0.8095238095238095,0.8087141410869311,0.19047619047619047,6.2184653795837495,8.819415672066867,0.1710832262145808,1.7545804990208347,0.035776832108245026,0.03175375071536445,0.001064561579603249,0.03604030629423617,0.03630381937596592,0.036830958887087775,0.034723342027723786,1.8092267084710445,1.726808766451133,0.014822188822326958,0.015084879217868925,0.015008374219755859,0.014849531009842407,1.711986577628806,1.711723887233264,1.7118003922313771,1.7119592354412905
436,417,438,21,0.9047619047619048,0.9043509840215274,0.09523809523809523,6.2184653795837495,8.819415672066867,0.1710832262145808,1.0127774339141211,0.022498536825984537,0.01794950048459224,0.0007003096901180829,0.022596519125459995,0.022695429012736048,0.02289598335221992,0.022116128329329684,1.1027059951999738,1.0144938094510934,0.0,0.004557307451752215,0.0039380994073697165,0.0008602971676359421,1.0144938094510934,1.0099365019993412,1.0105557100437237,1.0136335122834574
437,417,438,21,0.9523809523809523,0.9521744775904406,0.04761904761904767,6.2184653795837495,8.819415672066867,0.1710832262145808,0.5092253411945473,0.014234738081678093,0.009442398845385188,0.0004909389650879236,0.014268724355722462,0.01430368305222921,0.014376489140155463,0.014108654742597855,0.6043536748004362,0.5131102779336727,0.0,0.0,0.0,0.0,0.5131102779336727,0.5131102779336727,0.5131102779336727,0.5131102779336727
439,438,448,10,0.1,0.09997342523302395,0.1,7.402780611223367,21.945041352582567,0.08401254919203356,0.14638355298231967,0.0014825563768234018,0.0028245720917359257,0.001380227033232935,0.001219685633566468,0.001007681007018664,0.0008862177751463063,0.002724081166644619,0.11739518299973226,0.13344900689233224,0.0,0.0,0.0,0.0,0.13344900689233224,0.13344900689233224,0.13344900689233224,0.13344900689233224
441,438,448,10,0.3,0.2999358247648557,0.3,7.402780611223367,21.945041352582567,0.08401254919203356,0.5650499343638749,0.00651641602225162,0.006569933475198962,0.0022856263635641855,0.00616984408241831,0.005858607787851541,0.00536609136947964,0.0081596932976768,0.5068694960070282,0.5415371860834176,0.020004337175238168,0.020404444634445764,0.020151426044297444,0.020203492611079704,0.5215328489081794,0.5211327414489718,0.5213857600391202,0.5213336934723379
442,438,448,10,0.4,0.39992409228794606,0.4,7.402780611223367,21.945041352582567,0.08401254919203356,0.663616979518654,0.007542573046374024,0.008506878634534922,0.002218056457957067,0.007278089309099386,0.007047391831656739,0.0067008165415311325,0.008872396682852241,0.6035289940065681,0.6461344641785871,0.0,0.0,0.0,0.0,0.6461344641785871,0.6461344641785871,0.6461344641785871,0.6461344641785871
443,438,448,10,0.5,0.49992296144679815,0.5,7.402780611223367,21.945041352582567,0.08401254919203356,0.6969103664390854,0.008123881257497976,0.009168676557017313,0.0020651689046017573,0.008128113698600281,0.008165055617348059,0.008334943376239329,0.008429321295087071,0.6440991607200244,0.6891379876059498,0.023531734804071988,0.021758034514917375,0.022912579048364856,0.02241389604623549,0.6656062528018778,0.6673799530910324,0.6662254085575849,0.6667240915597143
444,438,448,10,0.6,0.59992465770852,0.4,7.402780611223367,21.945041352582567,0.08401254919203356,0.6441501098349689,0.007019028125689004,0.006033424742274829,0.0018018633882578572,0.0073796231389185105,0.007749629570144407,0.008512938209259557,0.005705858221481182,0.5677910979862529,0.6061159699002823,0.040986692249738735,0.03976417605442664,0.04054672570065791,0.040214287746551565,0.5651292776505435,0.5663517938458557,0.5655692441996244,0.5659016821537307
446,438,448,10,0.8,0.7999499602792047,0.19999999999999996,7.402780611223367,21.945041352582567,0.08401254919203356,0.5417710999488957,0.0060166856973658065,0.002157233469748457,0.0023150138036713876,0.006420008848915008,0.006848534994676377,0.007764277224656669,0.00477865991286559,0.5153772130692506,0.5238907553105332,0.051739398983466814,0.051884740432939044,0.051655631422463474,0.05196110486904583,0.4721513563270664,0.47200601487759414,0.4722351238880697,0.4719296504414874
447,438,448,10,0.9,0.8999742733638849,0.09999999999999998,7.402780611223367,21.945041352582567,0.08401254919203356,0.3219566157241438,0.004684892102065859,0.001609607582745471,0.0014720367706794865,0.004909316800583187,0.005150284499011763,0.005673278854475456,0.004005511148882823,0.30883676422021905,0.3230189695645858,0.044871777222677406,0.045028324380603904,0.044926748063741924,0.044961177555860335,0.27814719234190843,0.2779906451839819,0.2780922215008439,0.2780577920087255
449,448,466,18,0.05555555555555555,0.05606201756720788,0.05555555555555555,1.210139913258805,2.0104117863880515,0.18528690988625185,0.3531886423046116,0.004091662845311097,0.0023252412761103256,0.0006348569654662118,0.004111923796536186,0.004138177158867099,0.0042081869302512806,0.004071935556054772,0.3409229895587532,0.3546125951695005,0.0337094142880365,0.033694994107660026,0.03370517292292431,0.03369918802044407,0.320903180881464,0.3209176010618405,0.3209074222465762,0.3209134071490564
451,448,466,18,0.16666666666666666,0.16819397442234812,0.16666666666666666,1.210139913258805,2.0104117863880515,0.18528690988625185,1.0070242089845411,0.00327826193082836,0.0016279522992386274,0.001892537505318769,0.0035022645198538455,0.003772588570605683,0.004416865049277784,0.0030246821533480833,0.9778545875723492,0.9956828553492686,0.01567971165934719,0.01580211838008811,0.0158555846064739,0.01562602874793205,0.9800031436899214,0.9798807369691804,0.9798272707427947,0.9800568266013365
452,448,466,18,0.2222222222222222,0.22426470588235295,0.2222222222222222,1.210139913258805,2.0104117863880515,0.18528690988625185,1.206698449749008,0.004797303762426076,0.003149531744413122,0.002237878036376279,0.005153987920632682,0.005544282807206399,0.006400630387424748,0.0038828306212014456,1.1840152305622933,1.20275131233008,0.018359829900957494,0.018034146033682842,0.018051291999628526,0.01834454454293106,1.1843914824291224,1.1847171662963971,1.1847000203304514,1.1844067677871488
453,448,466,18,0.2777777777777778,0.28034019037479246,0.2777777777777778,1.210139913258805,2.0104117863880515,0.18528690988625185,1.4099856506439572,0.004292534962531025,0.0018848252505890976,0.0027231345042747716,0.0047615730461399676,0.005276952911856147,0.006401120091634719,0.003272353501429103,1.3632545165891718,1.3837258905159082,0.03496643932370452,0.03515858071513971,0.035212450456110614,0.034913062800288545,1.3487594511922036,1.3485673098007684,1.3485134400597976,1.3488128277156197
454,448,466,18,0.3333333333333333,0.33640854531857994,0.3333333333333333,1.210139913258805,2.0104117863880515,0.18528690988625185,1.5527848947228307,0.006097748640276175,0.00311814192038278,0.003372628852490878,0.006659484243347785,0.007275764596720069,0.008624284036493055,0.004768233695109652,1.5195727708631404,1.5407442940537392,0.022075151886914595,0.021740833275844536,0.02175311521710984,0.022065386332950073,1.5186691421668246,1.5190034607778946,1.5189911788366295,1.5186789077207892
456,448,466,18,0.4444444444444444,0.4472627286208601,0.4444444444444444,1.210139913258805,2.0104117863880515,0.18528690988625185,1.6426235252313348,0.006568443751711393,0.002439806938314464,0.0036828228385025366,0.007104373153921035,0.007713311902703383,0.009089966981638194,0.005548673267647949,1.596581981749202,1.6199681027024095,0.0426892161197228,0.042478131519634484,0.04243585617747422,0.04273166922709124,1.5772788865826868,1.577489971182775,1.5775322465249353,1.5772364334753184
457,448,466,18,0.5,0.5025424762665247,0.5,1.210139913258805,2.0104117863880515,0.18528690988625185,1.6612814904711088,0.008413717747406008,0.003262681306598134,0.0034882456435879785,0.00879781413808545,0.00924842706044273,0.010313102767191327,0.007717312959793643,1.5988770815468218,1.623214299205448,0.036317342890931685,0.03566505340616709,0.03564084286528365,0.036342908564642895,1.5868969563145163,1.5875492457992808,1.5875734563401642,1.586871390640805
458,448,466,18,0.5555555555555556,0.5578190552238995,0.4444444444444444,1.210139913258805,2.0104117863880515,0.18528690988625185,1.6844505580198568,0.009108057806951215,0.0034762016861770552,0.00345637326413791,0.009361326579551958,0.009685322305474163,0.010517959753563922,0.00889825763472995,1.6043450004948476,1.6305143893886849,0.05771933230673554,0.057395018720572726,0.05739952432898867,0.05771623451496469,1.5727950570819493,1.5731193706681121,1.5731148650596962,1.5727981548737202
459,448,466,18,0.6111111111111112,0.6130960302673105,0.38888888888888884,1.210139913258805,2.0104117863880515,0.18528690988625185,1.7144062849565909,0.011214552929145017,0.005052420917207733,0.0031630438216799987,0.011330915047600532,0.011500594767598689,0.011990145358809153,0.011303915317780584,1.6112444164932078,1.639815203787028,0.07627314624416459,0.0756684155042744,0.07566400378986751,0.07627884551566388,1.5635420575428634,1.5641467882827536,1.5641511999971605,1.5635363582713642
461,448,466,18,0.7222222222222222,0.7236456234077341,0.2777777777777778,1.210139913258805,2.0104117863880515,0.18528690988625185,1.4698393948488593,0.012781162874868598,0.005665746620918428,0.0028363335277345487,0.01265724457583779,0.012572157911683306,0.012521285022670855,0.013639033910434502,1.4072801031220354,1.4403443652204342,0.020430621647334085,0.019585910796055102,0.019567178656988864,0.020452302217414422,1.4199137435731002,1.420758454424379,1.4207771865634453,1.4198920630030198
462,448,466,18,0.7777777777777778,0.7789182415047466,0.2222222222222222,1.210139913258805,2.0104117863880515,0.18528690988625185,1.2007695597366588,0.013045993423206302,0.005753121149730389,0.002776959328496494,0.012981133827904064,0.012953210582962865,0.013008809936765032,0.013659786200744622,1.161440944981449,1.195530243369009,0.0560722546566587,0.0565300563693796,0.05652350794491592,0.05607941241100961,1.1394579887123502,1.1390001869996293,1.139006735424093,1.1394508309579994
463,448,466,18,0.8333333333333334,0.8341912556877955,0.16666666666666663,1.210139913258805,2.0104117863880515,0.18528690988625185,0.9461095591039619,0.01218309302315957,0.004428817660971007,0.0021717009445774344,0.012046741284426593,0.011933554841745055,0.0117792125885924,0.012943656052291507,0.8683248468396267,0.9019337195098468,0.05534401191435902,0.05521517252056768,0.05520258925939602,0.0553569434871128,0.8465897075954878,0.8467185469892791,0.8467311302504508,0.846576776022734
464,448,466,18,0.8888888888888888,0.8894611011825545,0.11111111111111116,1.210139913258805,2.0104117863880515,0.18528690988625185,0.7270389081876533,0.012462720479421483,0.004085613037397118,0.0015611055037658087,0.012352686409233541,0.012254099420225489,0.012092354140128877,0.013011067428688036,0.6428805683549303,0.6743364787769032,0.08666369596135162,0.08673614618473392,0.0867249487586568,0.08667495257591668,0.5876727828155516,0.5876003325921693,0.5876115300182464,0.5876615262009866
467,466,482,16,0.0625,0.06251010760087106,0.0625,4.450699077294122,8.36274782613943,0.09964118162838682,0.30524033364653913,0.002429005326701564,0.0028349994538439762,0.0007262068528598737,0.002270079761057009,0.002114800088688919,0.0018188953102539246,0.003089742123690386,0.31392512474874773,0.29426685062347147,0.0094076536777395,0.009065712243239186,0.009230038982808083,0.009227464321150368,0.284859196945732,0.28520113838023226,0.28503681164066336,0.2850393863023211
468,466,482,16,0.125,0.1250170793255716,0.125,4.450699077294122,8.36274782613943,0.09964118162838682,0.6278478230084514,0.004665595672630777,0.005462045223080626,0.0012966662911202554,0.00448695033844772,0.004325255094527679,0.004060609808916558,0.00551449915057808,0.6173167370598285,0.5955979324080444,0.048168928266646864,0.04771437036236882,0.04795272796105901,0.047923859956125955,0.5474290041413975,0.5478835620456756,0.5476452044469854,0.5476740724519185
469,466,482,16,0.1875,0.1875244990325822,0.1875,4.450699077294122,8.36274782613943,0.09964118162838682,0.916077934064336,0.0043411339919049935,0.006189733475708252,0.0023250994816226725,0.004033623191937598,0.0037908506595924546,0.00354946431320448,0.005992025280280414,0.9488835747183769,0.9260610209245332,0.04519422943894819,0.045670631145764244,0.04533659008937041,0.04551445861635359,0.880866791485585,0.880390389778769,0.8807244308351628,0.8805465623081796
471,466,482,16,0.3125,0.3125344106411926,0.3125,4.450699077294122,8.36274782613943,0.09964118162838682,1.2010939936932437,0.003562757744831139,0.006332282153732138,0.0032698569940870464,0.003350484283937818,0.0033308771698601276,0.00385256084623322,0.00565050351263891,1.2321373707159229,1.2042146944416332,0.04054008093511874,0.040454620599862406,0.04051172351983089,0.04046341666459952,1.1636746135065144,1.1637600738417708,1.1637029709218023,1.1637512777770336
472,466,482,16,0.375,0.3750364545604823,0.375,4.450699077294122,8.36274782613943,0.09964118162838682,1.276010406579071,0.001996825980942794,0.00526436641609484,0.0032842965171539476,0.0019301082214966685,0.002193546659358878,0.0033210362391422952,0.004303318895901421,1.3067476290010982,1.2778937793276177,0.0255408664016425,0.02519347625889286,0.02549684811635111,0.02522024428645699,1.2523529129259752,1.252700303068725,1.2523969312112666,1.2526735350411606
473,466,482,16,0.4375,0.4375389464620821,0.4375,4.450699077294122,8.36274782613943,0.09964118162838682,1.3169450455811211,0.002436201567202816,0.0063478924052588655,0.0032304132465919124,0.0021995995075223206,0.0022462956459272385,0.003061763389561924,0.004833932207420352,1.364716184158279,1.3357712607082846,0.03496538386799994,0.03467496655065712,0.03496406680205255,0.03466414188223112,1.3008058768402846,1.3010962941576274,1.300807193906232,1.3011071188260535
474,466,482,16,0.5,0.5000391984521315,0.5,4.450699077294122,8.36274782613943,0.09964118162838682,1.3067265699395763,0.001517311080360514,0.005885407918020134,0.0030452917401671002,0.0012580403315411177,0.0014220841254386737,0.002525730487686905,0.004095455395704289,1.3628358554226936,1.3333058056714213,0.036235574778957516,0.0358791385375899,0.03633007254964278,0.035777098410887706,1.2970702308924638,1.2974266671338315,1.2969757331217786,1.2975287072605337
476,466,482,16,0.625,0.6250365665560599,0.375,4.450699077294122,8.36274782613943,0.09964118162838682,1.0889723125635333,0.003001050487237423,0.0032066130309674075,0.0020715104916675955,0.003412769519021671,0.0038502054513513723,0.004773618948641333,0.0019512769206976562,1.1468235409295988,1.116907288718737,0.023288348680791375,0.02320299641129611,0.023389519278810528,0.023094104061580422,1.0936189400379457,1.093704292307441,1.0935177694399265,1.0938131846571566
477,466,482,16,0.6875,0.6875345786345589,0.3125,4.450699077294122,8.36274782613943,0.09964118162838682,0.9105520498627134,0.0038098531681485764,0.001793317138763795,0.0015065276340599074,0.004151285325079052,0.004498339885625135,0.005204801153402328,0.002545438725174576,0.9765807062200177,0.9464520604061584,0.03598332007549671,0.03609248858965093,0.036117817293090694,0.035960563566100744,0.9104687403306616,0.9103595718165074,0.9103342431130677,0.9104914968400576
478,466,482,16,0.75,0.7500290068545773,0.25,4.450699077294122,8.36274782613943,0.09964118162838682,0.636318062771764,0.004332266743461459,0.0020490359807712705,0.000992792391948576,0.004522383364889032,0.004717899114355504,0.005122638708392803,0.0036423778501552184,0.7280279435729465,0.6975651616443497,0.06489446041353146,0.0650107011993468,0.06495190044042184,0.06495311132588946,0.6326707012308183,0.6325544604450029,0.6326132612039278,0.6326120503184602
479,466,482,16,0.8125,0.812524779021526,0.1875,4.450699077294122,8.36274782613943,0.09964118162838682,0.362081670623979,0.004591891628005776,0.0017288691778344326,0.0006844072701515205,0.004691406049606386,0.004794962396635536,0.005013189274570049,0.0042397756269533056,0.44291583631987513,0.4135111418449798,0.05307288124102955,0.05282347497117263,0.05299044993992371,0.052902427422483814,0.36043826060395023,0.36068766687380716,0.3605206919050561,0.360608714422496
481,466,482,16,0.9375,0.9375096036207722,0.0625,4.450699077294122,8.36274782613943,0.09964118162838682,0.0918483867372186,0.004838159104326664,0.0013569284613541438,0.000566589135502576,0.004847839032903869,0.0048616284273042,0.004901386542173583,0.004840870117932965,0.09957312840499334,0.07659382909081555,0.02983287467249955,0.02943122002223733,0.029660242120074794,0.02960453605499038,0.046760954418316,0.04716260906857822,0.04693358697074076,0.04698929303582517
483,482,497,15,0.06666666666666667,0.06606715837902583,0.06666666666666667,5.745219138554282,11.412915531145863,0.04495594754636595,0.28941287064741456,0.0015500392390289145,0.00246038335715839,0.0007226896881994166,0.001657820919263002,0.0017774711829848277,0.002043850817175433,0.0012932431685689612,0.2908371728228011,0.27502923433563387,0.03822633912215259,0.03832525311121915,0.038280714592639764,0.038275986744186294,0.23680289521348127,0.23670398122441472,0.2367485197429941,0.23675324759144756
484,482,497,15,0.13333333333333333,0.13213052779747247,0.13333333333333333,5.745219138554282,11.412915531145863,0.04495594754636595,0.4444515332384795,0.002801618714668073,0.004610662571012415,0.001453718317441983,0.0030590078965777798,0.0033361884417076443,0.003932923554815013,0.00211112317254801,0.4966452105784475,0.47671361741935275,0.031185141580809178,0.0312800379949963,0.031245199950286448,0.031220397260726607,0.4455284758385436,0.44543357942435646,0.4454684174690663,0.44549322015862614
486,482,497,15,0.26666666666666666,0.26438135509333394,0.26666666666666666,5.745219138554282,11.412915531145863,0.04495594754636595,0.40455783122741845,0.0009472991854100963,0.0048049498639544785,0.0020424174591333077,0.001420737664543769,0.0019133867645880673,0.002917268690712224,0.0012756304458163648,0.4851122302645008,0.45701429938492066,0.05383625121386478,0.05341546477433412,0.05361887652104222,0.05362857031177607,0.4031780481710559,0.40359883461058654,0.4033954228638784,0.40338572907314457
487,482,497,15,0.3333333333333333,0.3312394589932637,0.3333333333333333,5.745219138554282,11.412915531145863,0.04495594754636595,0.29248977992935515,0.0013729716597086178,0.005823034306566918,0.0016998915691307432,0.0017846162032618168,0.0022013320344456376,0.0030416262010294166,0.0005457793542627508,0.3949653865313451,0.36740962846944186,0.08486749848777604,0.08483995188435844,0.08485265353752863,0.08485523712742368,0.28254212998166583,0.2825696765850834,0.28255697493191323,0.2825543913420182
488,482,497,15,0.4,0.39809803651326586,0.4,5.745219138554282,11.412915531145863,0.04495594754636595,0.1779925810103822,0.0018381898843360747,0.006858110776978996,0.0007668488892015443,0.0020073982943347338,0.0021803350489492316,0.002534326026760378,0.0012293047342199239,0.25620235433563054,0.2302757994365812,0.0827366251293642,0.08267445997517997,0.08270206952696503,0.08271260239352243,0.147539174307217,0.14760133946140122,0.14757372990961615,0.14756319704305876
489,482,497,15,0.4666666666666667,0.4649627710942092,0.4666666666666667,5.745219138554282,11.412915531145863,0.04495594754636595,0.11218543229643617,0.0019414499936511323,0.00563023810207611,0.0003217921235465713,0.0018754761421297074,0.0018106731380608334,0.0016851176318971755,0.002214934550707627,0.13322040108104008,0.11627060700442159,0.11546966470607087,0.11550445368933179,0.11548255331336167,0.1154864931869176,0.0008009422983507181,0.0007661533150897931,0.0007880536910599145,0.0007841138175039841
491,482,497,15,0.6,0.598700765417399,0.4,5.745219138554282,11.412915531145863,0.04495594754636595,0.4497455900441922,0.0035791533723884042,0.006410060880647347,0.0017660168747005755,0.0032919256398412852,0.0030418846006426956,0.0026935465069380486,0.004960152834799833,0.3203370080550834,0.3465950264830165,0.09862229624672073,0.09859492886097233,0.09860811416957489,0.09860329520960126,0.24797273023629576,0.24800009762204417,0.2479869123134416,0.24799173127341523
492,482,497,15,0.6666666666666666,0.6655744987797179,0.33333333333333337,5.745219138554282,11.412915531145863,0.04495594754636595,0.5198948790068838,0.004455724954070298,0.007380591568385608,0.0018204949057639,0.004128529005650718,0.003827570227625964,0.00333229705750408,0.005935585013882343,0.42084107753704453,0.4479021571029747,0.06799092122487604,0.06804009003644619,0.06800573050199601,0.06802086792401243,0.37991123587809866,0.37986206706652853,0.37989642660097867,0.37988128917896224
493,482,497,15,0.7333333333333333,0.7324529683427607,0.2666666666666667,5.745219138554282,11.412915531145863,0.04495594754636595,0.5050831584518484,0.0036972280401247823,0.005812341968248366,0.001752823347266053,0.0034206024607935704,0.003180502463405149,0.0028456794447246346,0.005038440059451415,0.4120515278814313,0.43841293308530305,0.06723821412550879,0.06706925236073444,0.06718081442486178,0.06712484723524036,0.37117471895979426,0.3713436807245686,0.37123211866044126,0.3712880858500627
494,482,497,15,0.8,0.7993338060061655,0.19999999999999996,5.745219138554282,11.412915531145863,0.04495594754636595,0.4503737806229329,0.003269666878080737,0.00467819350179105,0.001336083288426603,0.0030574313992239566,0.0028684824990755347,0.002580352975504645,0.004277085294481228,0.3679057397795272,0.39508510596800733,0.04251520435061296,0.0422870832479469,0.04242983491577167,0.0423689921334991,0.3525699016173944,0.35279802272006044,0.35265527105223565,0.35271611383450824
496,482,497,15,0.9333333333333333,0.9331068482147128,0.06666666666666665,5.745219138554282,11.412915531145863,0.04495594754636595,0.20489625726185295,0.0029237552220714507,0.0009970961547216288,0.0005933062035622359,0.002884905243391904,0.0028532461266970806,0.002812416833619496,0.003145000040305927,0.14329032222648683,0.16928215662732685,0.03623473935515528,0.03619193112140395,0.036191726813941956,0.0362353910151344,0.13304741727217156,0.1330902255059229,0.1330904298133849,0.13304676561219245
498,497,511,14,0.07142857142857142,0.07140289724657939,0.07142857142857142,0.23539846244682158,0.49913563503820796,0.1231082855712734,0.14474783575050637,0.0021201496357020878,0.0008119524935542552,0.00044766398346341135,0.0021361719833725675,0.0021578872508979966,0.002217683886051773,0.0021148884654426485,0.1586846649481299,0.15020683951764963,0.0,0.0,0.0,0.0,0.15020683951764963,0.15020683951764963,0.15020683951764963,0.15020683951764963
499,497,511,14,0.14285714285714285,0.14281186096654086,0.14285714285714285,0.23539846244682158,0.49913563503820796,0.1231082855712734,0.25221320940886927,0.0023082657299610754,0.0003307546724137711,0.0008396377519678823,0.0022926863826482654,0.0022962697930704675,0.0023601091123693374,0.0025487348718523433,0.26988399172286104,0.2601532836695937,0.017972868613520064,0.017949745455919236,0.0179650064599823,0.01795763803709697,0.24218041505607366,0.2422035382136745,0.24218827720961142,0.24219564563249676
501,497,511,14,0.2857142857142857,0.2856388881165369,0.2857142857142857,0.23539846244682158,0.49913563503820796,0.1231082855712734,0.3346445325044973,0.002951930640767331,0.0011217847195950264,0.0011751578316245665,0.0029117743882552147,0.002900963660484589,0.0029677910599663028,0.0033737215502532437,0.3323948342869245,0.3237971818682959,0.016876660668041825,0.01684420143942936,0.016871312661279718,0.016849070924844337,0.3069205212002541,0.30695298042886654,0.3069258692070162,0.3069481109434516
502,497,511,14,0.35714285714285715,0.35705644600712305,0.35714285714285715,0.23539846244682158,0.49913563503820796,0.1231082855712734,0.4082347548144015,0.002385016665343297,0.0017261235257974106,0.0011217434458271976,0.0024284179929589256,0.002502680952072629,0.0027327044444833163,0.0025348672792760525,0.39857485438083134,0.39055040519193085,0.006757804105866835,0.0065821200743759216,0.006638207544198299,0.006701820982098992,0.383792601086064,0.38396828511755493,0.38391219764773254,0.38384858420983187
503,497,511,14,0.42857142857142855,0.42848057591053973,0.42857142857142855,0.23539846244682158,0.49913563503820796,0.1231082855712734,0.44390951291752156,0.0011268805319084754,0.0022300070781806616,0.0008493547493392141,0.0013204234373308068,0.001518996975239446,0.0019249793852119874,0.0005262896667678795,0.4521884877665915,0.44565662511166493,0.015921769570816244,0.015798035010955804,0.015779617301576756,0.01594030847395063,0.42973485554084867,0.42985859010070915,0.4298770078100882,0.4297163166377143
504,497,511,14,0.5,0.49990571689285346,0.5,0.23539846244682158,0.49913563503820796,0.1231082855712734,0.37031818523812415,0.0015796068171375992,0.0013569413140803919,0.0010152857617151225,0.0018153281496901858,0.002055365060667451,0.0025434810707857694,0.0007633019009091133,0.4218350924358779,0.41443743775709707,0.046548424505559384,0.04664613804646185,0.04663075829404051,0.04656364662029685,0.36788901325153767,0.36779129971063523,0.36780667946305656,0.36787379113680024
506,497,511,14,0.6428571428571429,0.6427706595014876,0.3571428571428571,0.23539846244682158,0.49913563503820796,0.1231082855712734,0.2510022105289858,0.0025250230900475683,0.0010651855995659474,0.0012766673000455594,0.0027848212611072125,0.0030558881248709054,0.0036216160143903056,0.0017015109299882906,0.2567651521257703,0.25390869967729474,0.0,0.0,0.0,0.0,0.25390869967729474,0.25390869967729474,0.25390869967729474,0.25390869967729474
507,497,511,14,0.7142857142857143,0.7142099555883594,0.2857142857142857,0.23539846244682158,0.49913563503820796,0.1231082855712734,0.25267656055922744,0.0018071807834245425,0.0012232734863614305,0.0013791652435544612,0.0020920941452989747,0.002392817489434196,0.003022630820331086,0.0010953087372971505,0.236815730376938,0.2353803962793488,0.049671980022141494,0.049321372610302484,0.049343382783056576,0.04964993959191054,0.18570841625720733,0.18605902366904634,0.18603701349629223,0.18573045668743826
508,497,511,14,0.7857142857142857,0.7856502627541284,0.2142857142857143,0.23539846244682158,0.49913563503820796,0.1231082855712734,0.21930465657581377,0.001959227002248863,0.0012090929874857043,0.001222562623925062,0.002215704605463387,0.0024833356140836517,0.0030401761104778655,0.0011932262353793327,0.21572486192464038,0.21843871802657583,0.0,0.0,0.0,0.0,0.21843871802657583,0.21843871802657583,0.21843871802657583,0.21843871802657583
509,497,511,14,0.8571428571428571,0.8570971419327279,0.1428571428571429,0.23539846244682158,0.49913563503820796,0.1231082855712734,0.17662682205452893,0.002885552441901884,0.0009854803679092525,0.0008171236458618313,0.003076253041908199,0.0032685951175254638,0.0036571656670118333,0.0021478703823125333,0.16902333255635704,0.17083171556621007,0.03375723469637408,0.0337663631664557,0.0337654973909061,0.03375804536321835,0.13707448086983598,0.13706535239975437,0.13706621817530398,0.13707367020299172
512,511,524,13,0.07692307692307693,0.0775846311676749,0.07692307692307693,0.28636324361721527,0.659283834850954,0.05736895491601746,0.15337286406523837,0.00422244668689842,0.0012233115026434674,0.0003794277239391873,0.0042376357323774,0.004254885762468779,0.004295466491367773,0.004182703726577146,0.16442741827872906,0.16505656721530032,0.03483917669984482,0.03484273555226237,0.034839813957474784,0.034842096318736665,0.1302173905154555,0.13021383166303796,0.13021675325782553,0.13021447089656366
513,511,524,13,0.15384615384615385,0.15517584916597002,0.15384615384615385,0.28636324361721527,0.659283834850954,0.05736895491601746,0.21334294624790917,0.0030694847627293583,0.0016241473380037752,0.0007937089631476448,0.003102585504793927,0.0031478697019186167,0.0032728302080885555,0.0030646376103284326,0.2509348945566798,0.2446082259018772,0.09448977878440903,0.09449147106440743,0.09448946616648124,0.09449179289418659,0.15011844711746816,0.15011675483746978,0.15011875973539596,0.15011643300769062
514,511,524,13,0.23076923076923078,0.23276926277447185,0.23076923076923078,0.28636324361721527,0.659283834850954,0.05736895491601746,0.24503673004485874,0.0037175040471131636,0.0014058634445004744,0.0011604983368742317,0.003791541120371807,0.0038858816687302967,0.0041296119117166874,0.0036441035823626686,0.2681696138329672,0.2522323518073866,0.0765494147492961,0.07654780733263589,0.07654419194779984,0.07655305808178998,0.17568293705809052,0.17568454447475074,0.1756881598595868,0.17567929372559665
516,511,524,13,0.38461538461538464,0.38795993230933734,0.38461538461538464,0.28636324361721527,0.659283834850954,0.05736895491601746,0.35664581081406516,0.0016740044550029598,0.004417334307894521,0.0017904347994602229,0.0020610053352150496,0.002468583027687878,0.0033148667845582396,0.0010136831722038291,0.3454196113207898,0.32363877565322274,0.06669922209115256,0.06664559030058824,0.06663133504453472,0.06671351839034423,0.2569395535620702,0.2569931853526345,0.257007440608688,0.2569252572628785
517,511,524,13,0.46153846153846156,0.4644736545986781,0.46153846153846156,0.28636324361721527,0.659283834850954,0.05736895491601746,0.37932787361759884,0.0006576326492816062,0.004585499204632837,0.002493653574008083,0.0010169998345562856,0.0015535073684956786,0.0027392414388148004,0.002407931485115165,0.39090723122237037,0.3653165165463379,0.05228560824089899,0.05224761676580011,0.052238107867935944,0.05229521815789858,0.3130309083054389,0.3130688997805378,0.313078408678402,0.31302129838843934
518,511,524,13,0.5384615384615384,0.5409835345701571,0.46153846153846156,0.28636324361721527,0.659283834850954,0.05736895491601746,0.32917640682833643,0.0009711661273249126,0.003842702261335509,0.002516373430935638,0.0007926708251809962,0.001051193289938982,0.0021054497478500776,0.0031808299452882292,0.38384308028256275,0.356269673891508,0.05728006378610232,0.05715389599354209,0.0571461653266325,0.05728787349363966,0.29898961010540565,0.2991157778979659,0.29912350856487546,0.2989818003978683
519,511,524,13,0.6153846153846154,0.6174934145416362,0.3846153846153846,0.28636324361721527,0.659283834850954,0.05736895491601746,0.2251004325626515,0.002491764340843681,0.003969718127887435,0.0017192652602387173,0.0023667767291283485,0.0023160005980504177,0.0024488292156815516,0.003511803041622983,0.30076229247613434,0.2729863743596776,0.05362855345746179,0.05365490413149368,0.053670118811634256,0.05361336235859864,0.2193578209022158,0.21933147022818392,0.21931625554804335,0.21937301200107895
521,511,524,13,0.7692307692307693,0.7705032942386639,0.23076923076923073,0.28636324361721527,0.659283834850954,0.05736895491601746,0.1486705038947051,0.0010273116192404648,0.003435503983904098,0.0009986681435709718,0.0011679595707836561,0.0013407301042964435,0.0017431047853181934,0.0010329569959203365,0.15735502629437406,0.1288211866417853,0.03483042769679099,0.03479399522178063,0.034783212729859854,0.03484122597574889,0.09399075894499431,0.09402719142000467,0.09403797391192545,0.09397996066603641
522,511,524,13,0.8461538461538461,0.8470032939642127,0.15384615384615385,0.28636324361721527,0.659283834850954,0.05736895491601746,0.15494725855301697,0.0024390604153516353,0.0028919109609442197,0.0010417724683698516,0.0022219261436390494,0.002015082405342038,0.001647647847335543,0.003369550080106805,0.206066712731051,0.17582401980420315,0.03362853522671692,0.03351653012367792,0.03351810760366941,0.03362699737164529,0.14219548457748624,0.14230748968052523,0.14230591220053374,0.14219702243255786
523,511,524,13,0.9230769230769231,0.9235043914948647,0.07692307692307687,0.28636324361721527,0.659283834850954,0.05736895491601746,0.07204972068453301,0.003017661621691124,0.0011984873955148436,0.00023931738522176013,0.0029599120623609657,0.002902246762794485,0.002787189854801833,0.0032494125101444928,0.1425268883203334,0.12101267559058876,0.07054208448590751,0.0704894228063276,0.0704926865608217,0.07053882973392901,0.050470591104681245,0.05052325278426116,0.050519989029767065,0.050473845856659746
526,524,537,13,0.15384615384615385,0.15387167671351762,0.15384615384615385,0.5780214002244892,1.3384500435571849,0.08413476490669451,0.26248959196011684,0.0022110686162520555,0.00182838036433626,0.001003178877783632,0.0024170878995530315,0.0026308932675348905,0.003075314337586151,0.0015273592564453156,0.24026131899178252,0.23342346764869187,0.05072607395500238,0.050642133988109114,0.05067380838155151,0.050693968251936505,0.18269739369368948,0.18278133366058275,0.18274965926714037,0.18272949939675537
527,524,537,13,0.23076923076923078,0.23080503073127345,0.23076923076923078,0.5780214002244892,1.3384500435571849,0.08413476490669451,0.33542931524250374,0.0020094117187428122,0.001996362974312017,0.0015918974419357626,0.0023862726504813125,0.002769047860304053,0.0035446558905921697,0.0007610259255867568,0.33646288553768916,0.33534665845520173,0.0,0.0,0.0,0.0,0.33534665845520173,0.33534665845520173,0.33534665845520173,0.33534665845520173
528,524,537,13,0.3076923076923077,0.3077339681463574,0.3076923076923077,0.5780214002244892,1.3384500435571849,0.08413476490669451,0.32775850120545735,0.000705055466849866,0.0016091974124272101,0.0018360985162961807,0.0010520923482409035,0.001462224547500201,0.002337675538662741,0.0015073138431323603,0.3643711261725786,0.36227791004738086,0.07191950147438238,0.07175812996772736,0.0717900235653588,0.07188775971249695,0.2903584085729985,0.2905197800796535,0.29048788648202206,0.2903901503348839
529,524,537,13,0.38461538461538464,0.3846623534861073,0.38461538461538464,0.5780214002244892,1.3384500435571849,0.08413476490669451,0.3025242712987699,0.0012300712207055028,0.0011438035759866038,0.0020088500943639337,0.0015661623977718457,0.0019741045924887768,0.0028807710820150227,0.001672801779139449,0.32563152468934903,0.3216597704146587,0.039996382815060114,0.03971161989727922,0.03976418439517249,0.03994376109357714,0.2816633875995986,0.2819481505173795,0.2818955860194862,0.28171600932108154
531,524,537,13,0.5384615384615384,0.5385108430355973,0.46153846153846156,0.5780214002244892,1.3384500435571849,0.08413476490669451,0.22159268558904055,0.0031180875073198566,0.0009342259026921363,0.0027221859634443744,0.0032053905489727265,0.0034282465623159375,0.004181916724486929,0.004095986420291425,0.21875327967150354,0.22833864630710635,0.009730349522445433,0.009245316891806125,0.009349529691260449,0.009626870584552227,0.21860829678466093,0.21909332941530021,0.21898911661584589,0.21871177572255412
532,524,537,13,0.6153846153846154,0.6154298430946693,0.3846153846153846,0.5780214002244892,1.3384500435571849,0.08413476490669451,0.21116939353773218,0.0021529361495211115,0.0007328577492937846,0.002373687720067298,0.002435739192882463,0.0028168805337860643,0.0037485589918701216,0.0025470297204969543,0.22522844195583142,0.23470688337211681,0.042196959534638236,0.04243051886629005,0.04236639568188134,0.04226108955145883,0.19250992383747859,0.19227636450582677,0.19234048769023548,0.192445793820658
533,524,537,13,0.6923076923076923,0.6923499473044094,0.3076923076923077,0.5780214002244892,1.3384500435571849,0.08413476490669451,0.19686025968876575,0.003242839380447172,0.0008349954622024945,0.002048940023902669,0.003436553112982618,0.0036916875209063687,0.004340528063200419,0.0032539423889228,0.21064769752214704,0.217296529437235,0.031605402616439696,0.031842023206682196,0.03178827582197967,0.031658671923384174,0.1856911268207953,0.1854545062305528,0.1855082536152553,0.1856378575138508
534,524,537,13,0.7692307692307693,0.7692645307608095,0.23076923076923073,0.5780214002244892,1.3384500435571849,0.08413476490669451,0.18024112850181698,0.0021316056670081687,0.001918358644418163,0.002214641532804562,0.0023523049411228614,0.0026713318761053145,0.0034900721803968653,0.0025915547172515054,0.19595682207702733,0.21533441635945527,0.03122540025964279,0.031092459239123335,0.031129313435089595,0.03118805247476593,0.18410901609981248,0.18424195712033192,0.18420510292436568,0.18414636388468936
536,524,537,13,0.9230769230769231,0.9230898331462718,0.07692307692307687,0.5780214002244892,1.3384500435571849,0.08413476490669451,0.04377059700019246,0.004305405150565772,0.0015584043719969864,0.0005777402466806968,0.004323297668157013,0.004345919341007699,0.004405043498410512,0.004282077344399231,0.05765327961669641,0.0848042916737922,0.04544400863538113,0.04544481240107207,0.04545727990415836,0.045431591817225336,0.039360283038411076,0.039359479272720134,0.039347011769633844,0.03937269985656687
538,537,549,12,0.08333333333333333,0.08320183386510484,0.08333333333333333,0.8672104806675782,2.1724853267533506,0.08988017559717566,0.06356710673756912,0.0017280772070801737,0.00141914126875549,0.0007689066198912458,0.001810292593427679,0.0019083945838776276,0.0021431979929471133,0.0016005120463504596,0.0,0.026316380516691957,0.001442642023752616,0.002313002493347656,0.0019354903566258627,0.0019148542231732224,0.02487373849293934,0.0240033780233443,0.024380890160066095,0.024401526293518733
539,537,549,12,0.16666666666666666,0.16640307045783317,0.16666666666666666,0.8672104806675782,2.1724853267533506,0.08988017559717566,0.0887295007049103,0.001166966834179402,0.0022172634152377232,0.0010744594568982014,0.0012439158389724355,0.001370091065360882,0.0017232872729029435,0.0014362556904104465,0.0851255913779077,0.09566994603900937,0.0,0.0,0.0,0.0,0.09566994603900937,0.09566994603900937,0.09566994603900937,0.09566994603900937
541,537,549,12,0.3333333333333333,0.33279718183001866,0.3333333333333333,0.8672104806675782,2.1724853267533506,0.08988017559717566,0.10402983840373069,0.0024757786728913747,0.001961452890648271,0.0013678439579158058,0.002495677773430595,0.002561485837770179,0.002815748196066892,0.0028412174075644002,0.09507031984797064,0.09807362152870484,0.021739471622368178,0.02129055020093742,0.021476212955072096,0.021555089036230168,0.07633414990633666,0.07678307132776742,0.07659740857363274,0.07651853249247467
542,537,549,12,0.4166666666666667,0.4159882647923463,0.4166666666666667,0.8672104806675782,2.1724853267533506,0.08988017559717566,0.19600605533427592,0.002497848263962642,0.00232186976511668,0.0014422751023670216,0.0026704008154470934,0.0028779949208370967,0.0033714303069174115,0.0022961412253991826,0.1457532330578761,0.1778389291862605,0.02387069832982221,0.024100796547942945,0.02401414784611086,0.023955712362595902,0.1539682308564383,0.15373813263831757,0.15382478134014965,0.15388321682366463
543,537,549,12,0.5,0.499180542299427,0.5,0.8672104806675782,2.1724853267533506,0.08988017559717566,0.2025664271194518,0.0025573555957914764,0.0029874421382682847,0.0016684205065343087,0.002665142662205457,0.002830875580066418,0.003298402484479496,0.0027871006997024447,0.2058912891688769,0.23697333058472456,0.043086926522196735,0.04315588276545978,0.04313351757612114,0.04310970005070992,0.19388640406252783,0.19381744781926477,0.19383981300860342,0.19386363053401462
544,537,549,12,0.5833333333333334,0.5823668470827426,0.41666666666666663,0.8672104806675782,2.1724853267533506,0.08988017559717566,0.19311184797606007,0.0033014667881999,0.002862992750750154,0.0018400951347752957,0.003369423016842202,0.0034970821755272575,0.0039054397426804043,0.0036494940106145753,0.17855837456663368,0.18989550333312233,0.03326909460025134,0.03324852654742019,0.033236259858842064,0.03328096469419942,0.15662640873287098,0.15664697678570214,0.15665924347428026,0.1566145386389229
546,537,549,12,0.75,0.7487430402836327,0.25,0.8672104806675782,2.1724853267533506,0.08988017559717566,0.1727862834179408,0.0040532313527380185,0.002223059328640935,0.0011995040225613815,0.004185194390260821,0.004333920973811521,0.004675089578364832,0.0037253893799417924,0.20542955615955577,0.20373027836582844,0.06173907234418131,0.061748707751656036,0.06175143896196543,0.06173675290251257,0.14199120602164714,0.1419815706141724,0.14197883940386302,0.14199352546331587
547,537,549,12,0.8333333333333334,0.832401190244392,0.16666666666666663,0.8672104806675782,2.1724853267533506,0.08988017559717566,0.13416780695705738,0.004765907173341049,0.001112644707404073,0.0007490903891507881,0.004887456170979134,0.00501305560641114,0.005275239335479654,0.004326877066135757,0.16931454257166856,0.13556754918273708,0.0632152837248823,0.06316200533885444,0.06318159789271635,0.06319602223777111,0.07235226545785478,0.07240554384388265,0.07238595129002073,0.07237152694496597
548,537,549,12,0.9166666666666666,0.9157756358263084,0.08333333333333337,0.8672104806675782,2.1724853267533506,0.08988017559717566,0.10450956446596522,0.005202198722031955,0.0008286189679514132,0.00038469516827067696,0.005243993459399293,0.00528720739686838,0.005377754899372943,0.005049898620197583,0.14230733888555228,0.08581825856801435,0.03986426809474389,0.039796234604055715,0.03981724674211459,0.039843472521178355,0.045953990473270465,0.04602202396395864,0.04600101182589976,0.045974786046836
551,549,560,11,0.18181818181818182,0.18178255752649294,0.18181818181818182,0.8048276437404651,2.175695600034551,0.07374102393561897,0.1356231185238154,0.006432550397464417,0.00429489383697401,0.0001817239644213355,0.006471923998705833,0.0065113764922663,0.00659051248627681,0.006275874568421407,0.08750526588684938,0.09204393305662033,0.0916835684646189,0.091727177998817,0.09170267623550779,0.09170858627664168,0.000360364592001422,0.00031675505780333346,0.0003412568211125372,0.00033534677997865137
552,549,560,11,0.2727272727272727,0.27267834791878554,0.2727272727272727,0.8048276437404651,2.175695600034551,0.07374102393561897,0.17235924224439117,0.006718409637895502,0.00410523337167789,0.0001752545689888554,0.006733649476911107,0.006749139335036519,0.0067808622273930795,0.006659984377320364,0.19284453640315016,0.16966413516360324,0.040302905559907884,0.040182217316760145,0.0402414299379337,0.040244307174777796,0.12936122960369534,0.1294819178468431,0.12942270522566954,0.12941982798882545
553,549,560,11,0.36363636363636365,0.3635812280138649,0.36363636363636365,0.8048276437404651,2.175695600034551,0.07374102393561897,0.134545131505585,0.006740518105915972,0.0044238335256074806,0.0004887876052621927,0.006715476906216623,0.006692573494931705,0.006653266287731418,0.006861562724555865,0.16541945051999665,0.14365448460411703,0.04692878332079335,0.0467376588187289,0.04684535558196546,0.046821736224838095,0.09672570128332368,0.09691682578538813,0.09680912902215158,0.09683274837927894
554,549,560,11,0.45454545454545453,0.45448539714581454,0.45454545454545453,0.8048276437404651,2.175695600034551,0.07374102393561897,0.14302692436139955,0.007558185688062846,0.0045999261123792524,0.0004404155296354428,0.007510011933051678,0.007463151700438349,0.007373471274213752,0.007763516911574879,0.1416908763102609,0.11807166292388487,0.08280652355146922,0.08272568298384034,0.08277605356713465,0.08275668969659923,0.03526513937241564,0.03534597994004453,0.03529560935675022,0.035314973227285634
556,549,560,11,0.6363636363636364,0.6363079148152875,0.36363636363636365,0.8048276437404651,2.175695600034551,0.07374102393561897,0.1285302979386564,0.008458002907747588,0.004018349417910402,0.0009480027662947863,0.008372414244483551,0.00829271765048156,0.008151679182610193,0.008855685821467283,0.1530082424750866,0.10042195017951668,0.006773739820523409,0.006472348491615066,0.006623354965734027,0.006627268994979488,0.09364821035899326,0.0939496016879016,0.09379859521378264,0.09379468118453718
557,549,560,11,0.7272727272727273,0.7272269078712459,0.2727272727272727,0.8048276437404651,2.175695600034551,0.07374102393561897,0.10568517373079339,0.007417100292864926,0.002980263162667997,0.0009401771510807523,0.007380469466500221,0.007351175006207778,0.007314925681583551,0.0076345583980065995,0.10519792990018491,0.06988719474457218,0.05155072883706554,0.051641729781264564,0.051570294067466486,0.051622384510821,0.018336465907506642,0.018245464963307617,0.018316900677105695,0.018264810233751184
558,549,560,11,0.8181818181818182,0.818145256408769,0.18181818181818177,0.8048276437404651,2.175695600034551,0.07374102393561897,0.11198830756292198,0.006793752577461804,0.0022440801671999855,0.0005594639232750079,0.0068041272451618345,0.006817356235236556,0.0068523074896857305,0.006781005087538831,0.10064770267369094,0.10728890739340649,0.04244757587325845,0.042456082328704604,0.04243790787659952,0.04246608605562234,0.06484133152014804,0.0648328250647019,0.06485099951680698,0.06482282133778415
559,549,560,11,0.9090909090909091,0.9090719836859493,0.09090909090909094,0.8048276437404651,2.175695600034551,0.07374102393561897,0.06280081065602984,0.006458612204250746,0.0017018579740014192,7.683740206493073e-05,0.006461888579671168,0.006465220369451957,0.006472049848342005,0.006446062514673726,0.08170120824805424,0.08041437021237471,0.07700616331991784,0.07697679569746389,0.07699352213916202,0.07698958739970806,0.0034082068924568693,0.003437574514910821,0.00342084807321269,0.0034247828126666574
561,560,572,12,0.08333333333333333,0.08331478140713161,0.08333333333333333,0.4162301581866578,1.0309137984421883,0.029265184405266625,0.10069319148624341,0.004020438413911186,0.0027340278617838895,0.0012023543683380958,0.003820906335410817,0.0036353036202357134,0.003315081868683718,0.004922336268292901,0.0773068621422622,0.10775575556913852,0.054888784667012795,0.054901143719091466,0.05489426092867046,0.05489566409411612,0.05286697090212573,0.052854611850047056,0.05286149464046806,0.0528600914750224
562,560,572,12,0.16666666666666666,0.16662956281426322,0.16666666666666666,0.4162301581866578,1.0309137984421883,0.029265184405266625,0.11609435299796991,0.004060932207384412,0.0068937222838855025,0.001632422679673098,0.00401925239727489,0.004018794564128487,0.004140368462700121,0.004601010474802831,0.14413912393521205,0.1374335897692569,0.08431034968705559,0.08432330698634267,0.08431595916661656,0.08431766319068626,0.05312324008220132,0.05311028278291423,0.05311763060264034,0.053115926578570644
563,560,572,12,0.25,0.24995261139275265,0.25,0.4162301581866578,1.0309137984421883,0.029265184405266625,0.10946289685451144,0.004388889029016533,0.009064198920282882,0.0013454895936584382,0.004414379469204339,0.004465135839823281,0.004638717532944764,0.0045417703553661285,0.17604559276327442,0.1351772743185465,0.04451170101805438,0.044525474931711655,0.04452282904317953,0.04451426059947152,0.09066557330049213,0.09065179938683485,0.09065444527536698,0.09066301371907498
564,560,572,12,0.3333333333333333,0.3332750694590022,0.3333333333333333,0.4162301581866578,1.0309137984421883,0.029265184405266625,0.09326012031557708,0.006968646544158767,0.013019890679116904,0.0006637651382634578,0.006935221696092737,0.006905623672800363,0.006858099885729455,0.007139447008679091,0.1025278042701308,0.08927782775690005,0.09905606638370965,0.0990357398892235,0.09904863979206616,0.09904312847842885,-0.009778238626809599,-0.009757912132323451,-0.00977081203516611,-0.0097653007215288
566,560,572,12,0.5,0.4999341578852576,0.5,0.4162301581866578,1.0309137984421883,0.029265184405266625,0.22665601088803694,0.011085517957628438,0.01805134324794447,0.0025602871826194244,0.01047142803955465,0.009860643274829621,0.008651785851876202,0.013565919035069091,0.13412593252894855,0.21306715681378074,0.02743765787360968,0.02745721428874569,0.02747985100011968,0.027415000734237912,0.18562949894017106,0.18560994252503504,0.18558730581366106,0.18565215607954283
567,560,572,12,0.5833333333333334,0.5832707882452633,0.41666666666666663,0.4162301581866578,1.0309137984421883,0.029265184405266625,0.34457877890713273,0.010977299680158321,0.018380425586353118,0.0034377118890819005,0.010206463100342565,0.00945092073019064,0.008002976230432753,0.014162990999637174,0.1815184320555473,0.23896972888602208,0.11593892881119446,0.11588156558750091,0.11589492885725394,0.11592558329623058,0.12303080007482763,0.12308816329852117,0.12307480002876814,0.1230441455897915
568,560,572,12,0.6666666666666666,0.6666085996297488,0.33333333333333337,0.4162301581866578,1.0309137984421883,0.029265184405266625,0.4794515801538171,0.0104473114523386,0.01841982831094064,0.003680073085158921,0.00972795720324608,0.009045045790554974,0.00782629280568722,0.013569364388511505,0.33449644010744956,0.4085818160361685,0.13518406854113754,0.13507591005151776,0.13507900709144066,0.13518101268928556,0.273397747495031,0.27350590598465074,0.27350280894472784,0.27340080334688294
569,560,572,12,0.75,0.7499523161366327,0.25,0.4162301581866578,1.0309137984421883,0.029265184405266625,0.40621356506229167,0.008815941880721483,0.017025704521196006,0.003596573464751579,0.008181186201194726,0.007599980372270565,0.00665328809065149,0.01170666910124416,0.3678063299666617,0.4580112582533133,0.09238920295421714,0.09232776770593494,0.0923168096651887,0.09240020271671161,0.36562205529909614,0.36568349054737836,0.3656944485881246,0.36561105553660167
571,560,572,12,0.9166666666666666,0.9166480163217583,0.08333333333333337,0.4162301581866578,1.0309137984421883,0.029265184405266625,0.08913226827718292,0.005532263027123102,0.007838570192692544,0.0016736647299333014,0.005737745886437822,0.005965539851256517,0.006478423731641025,0.004984395812162244,0.048947992733932744,0.14910011260064268,0.06452902970135783,0.06451855387472698,0.06451227190106093,0.06453531857155528,0.08457108289928485,0.0845815587259157,0.08458784069958175,0.0845647940290874
573,572,594,22,0.045454545454545456,0.04590503946364178,0.045454545454545456,4.292040909623981,5.85414187119855,0.40131225152860667,0.2483922997582212,0.006464014983283569,0.010733719032228714,0.0007643439554855222,0.006365395749346498,0.006271049680696026,0.006095961723349694,0.0068974396293305755,0.22122536728155404,0.2061810719786049,0.04880589662261043,0.04869263592642998,0.048744867608707235,0.04875432819018956,0.1573751753559945,0.15748843605217494,0.1574362043698977,0.15742674378841537
574,572,594,22,0.09090909090909091,0.09181040411900847,0.09090909090909091,4.292040909623981,5.85414187119855,0.40131225152860667,0.4651093469474489,0.016134449328923803,0.020410280206077845,0.0017227886773045985,0.015905377034784417,0.015684788241892737,0.015270517661552109,0.017128578525281695,0.43496405192080523,0.42837255159713755,0.08305859900033202,0.08271372850317411,0.08286086863006423,0.08291427666277693,0.34531395259680553,0.34565882309396345,0.34551168296707335,0.34545827493436065
576,572,594,22,0.18181818181818182,0.18362893803113972,0.18181818181818182,4.292040909623981,5.85414187119855,0.40131225152860667,0.8742979846128252,0.03269773178956957,0.037182957377551826,0.0035837504189068577,0.03203781898354924,0.03138960711200179,0.030131293344985113,0.03544114873778414,0.8062502840026978,0.810485456884466,0.07875111907129924,0.07868568132137249,0.07869354211028272,0.07875301399804886,0.7317343378131668,0.7317997755630936,0.7317919147741834,0.7317324428864171
577,572,594,22,0.22727272727272727,0.22954178209617934,0.22727272727272727,4.292040909623981,5.85414187119855,0.40131225152860667,1.0639320800312069,0.04077687159117381,0.045326708032251216,0.004551608135279309,0.039841896335753704,0.03891773108201305,0.03710505217203262,0.044611163289822175,0.9598962864768061,0.9632597449908454,0.11048379372962704,0.11023225278465247,0.11031388516041879,0.11041139712685562,0.8527759512612184,0.853027492206193,0.8529458598304267,0.8528483478639898
578,572,594,22,0.2727272727272727,0.27576550945023415,0.2727272727272727,4.292040909623981,5.85414187119855,0.40131225152860667,1.2490890646937414,0.04718224763295608,0.05178666322038411,0.005318062913478514,0.04603064118566622,0.044888869314935916,0.04263798285126843,0.0518738372214121,1.1199994195712242,1.1262101014859907,0.17654315579333502,0.17611814015630806,0.1762365893090223,0.17644173009243955,0.9496669456926556,0.9500919613296825,0.9499735121769683,0.9497683713935511
579,572,594,22,0.3181818181818182,0.3210445548434218,0.3181818181818182,4.292040909623981,5.85414187119855,0.40131225152860667,1.478699792671037,0.052667273381052856,0.057462792371781264,0.0056822854208477104,0.05138069319971486,0.05010135355379613,0.04756672948871289,0.05787630216025107,1.283119068675095,1.2912412867752618,0.21877276903202267,0.2182129519807124,0.21838200120144668,0.2186179976473717,1.0724685177432391,1.0730283347945495,1.072859285573815,1.0726232891278902
581,572,594,22,0.4090909090909091,0.41159549141184915,0.4090909090909091,4.292040909623981,5.85414187119855,0.40131225152860667,1.8557863143977256,0.05980562469868277,0.06507400212640291,0.005968331324745788,0.058376581354786836,0.05695077153203929,0.05410987432983328,0.06554989663464714,1.6696832413717593,1.6751234285369332,0.18723195266438625,0.18702605793010554,0.18707228450983274,0.18719508933565956,1.487891475872547,1.4880973706068277,1.4880511440271005,1.4879283392012737
582,572,594,22,0.45454545454545453,0.4568673825870888,0.45454545454545453,4.292040909623981,5.85414187119855,0.40131225152860667,1.9504610095966175,0.06104623264708605,0.06657230809739367,0.006002332908327601,0.05961106235669771,0.058179192932086586,0.05532638123198506,0.06681566119752273,1.7688808981002706,1.7715110744018028,0.1938881535940648,0.19356847246339345,0.1936315211856264,0.19383967936467222,1.577622920807738,1.5779426019384093,1.5778795532161765,1.5776713950371306
583,572,594,22,0.5,0.5021392737623285,0.5,4.292040909623981,5.85414187119855,0.40131225152860667,2.066398293525773,0.060759504350511716,0.0664797686430733,0.005815741579032287,0.05936986813969797,0.057983385320234296,0.05522082942628364,0.06634561353654932,1.8553012746603523,1.85489512108387,0.22258221097825423,0.2221064761653967,0.22225754696390443,0.22243921887943652,1.6323129101056157,1.6327886449184734,1.6326375741199657,1.6324559022044336
584,572,594,22,0.5454545454545454,0.5474072626368691,0.4545454545454546,4.292040909623981,5.85414187119855,0.40131225152860667,2.1840172280043095,0.05941435573539898,0.06537997202991037,0.005329639762914403,0.058132044406864807,0.05685203724486197,0.05429958692597141,0.06456389327308892,1.963839732469222,1.9617295779785564,0.23302932689907152,0.23249235485154224,0.23263092368210087,0.2328984720237419,1.7287002510794849,1.7292372231270141,1.7290986542964555,1.7288311059548145
586,572,594,22,0.6363636363636364,0.6379403136604264,0.36363636363636365,4.292040909623981,5.85414187119855,0.40131225152860667,2.1670687722442916,0.05383058247378715,0.060296576996966555,0.0036752454283941016,0.052968762872636424,0.05210889079291399,0.0503953877289167,0.05729557550548226,2.024051881662956,2.0170522325418805,0.169217180940448,0.1691250149407877,0.16909776306068233,0.16925643032032336,1.8478350516014326,1.8479272176010928,1.8479544694811982,1.847795802221557
587,572,594,22,0.6818181818181818,0.683205050617718,0.31818181818181823,4.292040909623981,5.85414187119855,0.40131225152860667,1.9848443551854913,0.04869243091728725,0.05537589570576844,0.0030508297745056195,0.048028452379632526,0.04736744760507572,0.04605487094500412,0.05137576903691679,1.947285492375465,1.9350144934289388,0.10948952315200189,0.11001213977653988,0.10987938935057741,0.10964130789910045,1.825524970276937,1.825002353652399,1.8251351040783614,1.8253731855298383
588,572,594,22,0.7272727272727273,0.7284662104660355,0.2727272727272727,4.292040909623981,5.85414187119855,0.40131225152860667,1.7767681128726236,0.042743482467335565,0.049600223984543244,0.0024826148880716823,0.042237638709357,0.041734893987336694,0.04073915987320162,0.044795738559170066,1.7250152504263943,1.7063318641603997,0.1596176552961269,0.15876919019612756,0.15896959151989065,0.1594332952121143,1.546714208864273,1.547562673964272,1.547362272640509,1.5468985689482855
589,572,594,22,0.7727272727272727,0.7737273703143531,0.2272727272727273,4.292040909623981,5.85414187119855,0.40131225152860667,1.5845157527765539,0.03637246844264734,0.0433758717516835,0.0021148440064547,0.03594255520658732,0.03551530880609419,0.034669210275962536,0.038116976669289024,1.5156731560078696,1.4958520554399803,0.19279842967976943,0.1920473934389056,0.1922069300097827,0.19265351087720634,1.303053625760211,1.3038046620010748,1.3036451254301977,1.303198544562774
591,572,594,22,0.8636363636363636,0.8642415602178655,0.13636363636363635,4.292040909623981,5.85414187119855,0.40131225152860667,1.095371124065677,0.022865772213315518,0.030125265684062784,0.0016814841541177386,0.022522766846064985,0.022182424067564047,0.021510230835477564,0.024262147991223594,1.0305298222375203,1.013372210709685,0.1852753425327882,0.18442922236909218,0.1845416988035973,0.18517233204298517,0.8280968681768968,0.8289429883405928,0.8288305119060877,0.8281998786666998
592,572,594,22,0.9090909090909091,0.9094958910399599,0.09090909090909094,4.292040909623981,5.85414187119855,0.40131225152860667,0.8177005018022141,0.014159332883429297,0.02128303526312708,0.00120381454988478,0.013925620724622606,0.013694534077950894,0.01324078563589832,0.015117981019062712,0.7327873885030782,0.7206977900597967,0.15703954885919078,0.15637260499983993,0.15644703191761664,0.1569710830280857,0.5636582412006059,0.5643251850599568,0.5642507581421801,0.563726707031711
593,572,594,22,0.9545454545454546,0.9547495714786045,0.045454545454545414,4.292040909623981,5.85414187119855,0.40131225152860667,0.4945678533935373,0.0049070712176536,0.01130075931794364,0.000667614899942654,0.004800926408703207,0.004698314009861532,0.0045046438219593435,0.005362676497494811,0.40875892166289424,0.40110014471435707,0.09141992852708014,0.09128920105845287,0.09132084514379167,0.09138995944392152,0.3096802161872769,0.3098109436559042,0.3097792995705654,0.30971018527043553
596,594,608,14,0.14285714285714285,0.14289675456847736,0.14285714285714285,14.464050822035867,31.15141147776318,0.3598182639081661,0.8423998434919167,0.005614032410241897,0.003948790394887038,0.0006934856814099347,0.005675099258635515,0.0057407541827083,0.005885203349457474,0.005418574178016611,0.830998728419672,0.8255984336628881,0.1276037903247648,0.12588046980092213,0.12674331570631198,0.1267924093882201,0.6979946433381233,0.6997179638619659,0.6988551179565761,0.698806024274668
597,594,608,14,0.21428571428571427,0.21434153745668752,0.21428571428571427,14.464050822035867,31.15141147776318,0.3598182639081661,1.0309787287378087,0.005737022006982569,0.0038387735262460703,0.0011514346038391974,0.005943464548282992,0.006156447463485811,0.006599482559729116,0.004992522033488857,1.115980264098063,1.1200235013217033,0.30189054104708535,0.2988185880984785,0.3003058743664254,0.3004572462026111,0.8181329602746179,0.8212049132232248,0.8197176269552778,0.8195662551190921
598,594,608,14,0.2857142857142857,0.28578221246372226,0.2857142857142857,14.464050822035867,31.15141147776318,0.3598182639081661,1.2147059442629857,0.00384715391634387,0.0019574018272285583,0.00196775227959048,0.004121366078507433,0.004433365491286568,0.005142459569071739,0.0033015744971464163,1.2093355378545438,1.2269368505280358,0.31897308975001876,0.3151606995117865,0.31696835604605744,0.3172221179267889,0.9079637607780171,0.9117761510162493,0.9099684944819784,0.9097147326012469
599,594,608,14,0.35714285714285715,0.3572213470153162,0.35714285714285715,14.464050822035867,31.15141147776318,0.3598182639081661,1.3676374046834354,0.0033213324606680287,0.0022430772877784937,0.0022418495706067834,0.00344606058333145,0.0036534441231320038,0.00426344970135878,0.0037332658982472035,1.3435041328976616,1.3729172926368884,0.1786451844245259,0.174197480672115,0.17624630559602789,0.17662722861258212,1.1942721082123626,1.1987198119647735,1.1966709870408605,1.1962900640243064
601,594,608,14,0.5,0.5000898599007125,0.5,14.464050822035867,31.15141147776318,0.3598182639081661,1.4504544637296586,0.003803667500580898,0.0023137673007672228,0.0008458440388885689,0.003942688944476335,0.004087925792879562,0.004394555061693878,0.0033248402963057303,1.4419414054177118,1.480940872515069,0.03679316295379775,0.0381007056617337,0.03726936004793392,0.0372097024273682,1.4441477095612711,1.4428401668533353,1.443671512467135,1.443731170087701
602,594,608,14,0.5714285714285714,0.5715192382345148,0.4285714285714286,14.464050822035867,31.15141147776318,0.3598182639081661,1.4395283366086775,0.003978673563092069,0.00212223939626671,0.0005891487150128348,0.004092154998520998,0.004207732021914335,0.004444515982537699,0.0035496699481874653,1.4424175274104365,1.482861796475804,0.052928808536802076,0.049495835234369685,0.051117932317481025,0.05136428999368029,1.429932987939002,1.4333659612414342,1.4317438641583229,1.4314975064821236
603,594,608,14,0.6428571428571429,0.6429470761128764,0.3571428571428571,14.464050822035867,31.15141147776318,0.3598182639081661,1.3456441331768068,0.004422508945088205,0.0026028905197337427,0.0005478729822764543,0.0045372912357654095,0.004653273981566259,0.0048884981873787,0.003977447148634748,1.39815936233015,1.4415221474310358,0.18318930277844828,0.17864291512039518,0.18054114363564355,0.1813343817402691,1.2583328446525874,1.2628792323106406,1.2609810037953921,1.2601877656907667
604,594,608,14,0.7142857142857143,0.7143702926249156,0.2857142857142857,14.464050822035867,31.15141147776318,0.3598182639081661,1.2053617378007553,0.0037971353285167456,0.0021578819887728986,0.0009942545272841415,0.003970655143710765,0.0041518111223426985,0.004533332716740517,0.0032035062065683705,1.2412149982708403,1.292055509843357,0.26267553040931646,0.2583727992552229,0.26011880301661117,0.26098602103426516,1.0293799794340406,1.033682710588134,1.031936706826746,1.0310694888090919
606,594,608,14,0.8571428571428571,0.8572100503420838,0.1428571428571429,14.464050822035867,31.15141147776318,0.3598182639081661,0.7594246002669359,0.0016441298184817579,0.002063599943044664,0.0015554085651945427,0.0019202718850322579,0.002230277413340103,0.0029077069527773114,0.001337967714921299,0.7166488050110579,0.7897701840410895,0.17464369363501667,0.17214585979838123,0.17312641768771886,0.17368652761863082,0.6151264904060728,0.6176243242427082,0.6166437663533706,0.6160836564224587
607,594,608,14,0.9285714285714286,0.9286265915472129,0.0714285714285714,14.464050822035867,31.15141147776318,0.3598182639081661,0.4193624075570474,0.00178590899349049,0.002086953486379723,0.0009577369031721664,0.001973586156854081,0.0021714675224331795,0.0025883781518130206,0.0012303496904025333,0.3583159339331104,0.43951257478265626,0.0653113446549984,0.06396697688703215,0.0644330087971069,0.06485841079731754,0.3742012301276579,0.37554559789562414,0.37507956598554937,0.37465416398533874
609,608,618,10,0.1,0.10001881929739374,0.1,15.484651133542691,46.651267061648745,0.12288312438854425,0.17524261857166465,0.0022503428731606083,0.0013545293219076144,0.00013166161647279923,0.0022817193524109123,0.0023131386052739583,0.00237609864236618,0.0021253025426558607,0.19796651342108493,0.17861320626189847,0.0,0.0,0.0,0.0,0.17861320626189847,0.17861320626189847,0.17861320626189847,0.17861320626189847
611,608,618,10,0.3,0.30004209201630816,0.3,15.484651133542691,46.651267061648745,0.12288312438854425,0.07899381094397566,0.0028649074220991905,0.0019267023833946441,0.0013795148921839566,0.003208376493476743,0.0035521187448914705,0.0042401569885202614,0.0014975247786308886,0.22485348385158893,0.2044899379187111,0.16987593747596674,0.16747342855190311,0.1684985495633331,0.16852734286109491,0.03461400044274435,0.037016509366807976,0.03599138835537799,0.035962595057616176
612,608,618,10,0.4,0.40004726373162247,0.4,15.484651133542691,46.651267061648745,0.12288312438854425,0.17633386031096257,0.0018954768839312911,0.0011999933122808092,0.0019899368286359883,0.0023826140731351845,0.0028732991661555617,0.0038598948003707363,0.00045450470738067335,0.07600344573340985,0.10110292880475842,0.12266103257734043,0.11901908859816838,0.12066723041766023,0.12072047386722008,-0.021558103772582007,-0.017916159793409964,-0.019564301612901805,-0.01961754506246166
613,608,618,10,0.5,0.5000509988593494,0.5,15.484651133542691,46.651267061648745,0.12288312438854425,0.22367254056530533,0.0017308092548500098,0.001146601442074489,0.0020569854101464744,0.0022352434793409892,0.002743323672007397,0.0037645110374252165,0.0005312588423417336,0.18010016091672493,0.2163731641836708,0.02526486997341776,0.023642017000271746,0.02421517276784561,0.024273876416830764,0.19110829421025305,0.19273114718339907,0.1921579914158252,0.19209928776684004
614,608,618,10,0.6,0.6000468327553463,0.4,15.484651133542691,46.651267061648745,0.12288312438854425,0.14527036617954484,0.001279952896592216,0.0009664892075355112,0.0014737156544349945,0.001646463742924473,0.002013674756459754,0.002749074671080272,0.0002506450639213823,0.19386041449181549,0.23143918574602645,0.08306959846824752,0.08597322517442128,0.08461517255710432,0.08464321975259322,0.14836958727777894,0.14546596057160516,0.14682401318892213,0.14679596599343325
616,608,618,10,0.8,0.8000313176094034,0.19999999999999996,15.484651133542691,46.651267061648745,0.12288312438854425,0.15309119049682457,0.0030017186780733783,0.0012640601984044353,0.00032244210958765697,0.003024844120626265,0.0030499254089453877,0.003105762295313055,0.0029296430563588503,0.06685133687490627,0.04216208928302195,0.11441178547771863,0.11647034157551658,0.11549422967244351,0.11551923878480938,-0.07224969619469668,-0.07430825229249463,-0.07333214038942155,-0.07335714950178743
617,608,618,10,0.9,0.9000199685674636,0.09999999999999998,15.484651133542691,46.651267061648745,0.12288312438854425,0.14502953712179606,0.0025915211951372153,0.0009071063528176577,0.0002184448411077307,0.0025692963573998224,0.002548048313518874,0.0025085807512442524,0.002689688294466654,0.1411899970553838,0.10615148575632885,0.06544520922445882,0.0670182855083961,0.06619607469563751,0.06628948075221289,0.040706276531870034,0.03913320024793275,0.03995541106069134,0.039862005004115963
619,618,626,8,0.125,0.12501998458716784,0.125,12.59914378902715,47.46419318035324,0.0838971412746317,0.15498693083950316,0.002273277442108911,0.0018273700113140682,0.0003578253950382652,0.002267050509698734,0.0022643432988211413,0.002269522048295603,0.002332579764246278,0.10193130227260148,0.13578407480209792,0.0,0.0,0.0,0.0,0.13578407480209792,0.13578407480209792,0.13578407480209792,0.13578407480209792
621,618,626,8,0.375,0.37503929553656595,0.375,12.59914378902715,47.46419318035324,0.0838971412746317,0.12620225350284847,0.0021007485639853575,0.001962142018924586,0.0003753052244906441,0.0021325317817579995,0.002167912780248814,0.002248771691883207,0.002012715319914349,0.24613340643449722,0.28119479750263543,0.15366120588637888,0.15631746546584172,0.154925136367218,0.15491261968838552,0.12753359161625655,0.12487733203679371,0.12626966113541743,0.1262821778142499
622,618,626,8,0.5,0.5000386218987962,0.5,12.59914378902715,47.46419318035324,0.0838971412746317,0.07799423497257482,0.0013026063366802702,0.0012826564143110608,0.0009691708424285842,0.0012310130093429934,0.0012047465730222996,0.001294484995264814,0.001896433330591829,0.0975770526737193,0.13272432413937396,0.1852795164861784,0.18812499178093683,0.1866429712877974,0.1866255456244082,-0.05255519234680445,-0.05540066764156287,-0.053918647148423426,-0.053901221485034234
623,618,626,8,0.625,0.6250388464447195,0.375,12.59914378902715,47.46419318035324,0.0838971412746317,0.23398181384576072,0.001725650783206194,0.0014246334584018293,0.0015044808468094373,0.001390631984391079,0.0010829482137867607,0.000706692543555196,0.0031596284808310857,0.1207094432262969,0.08993487046720781,0.1526696071455936,0.15525834526925258,0.1539145679886662,0.15389055372927843,-0.06273473667838579,-0.06532347480204477,-0.06397969752145839,-0.06395568326207061
624,618,626,8,0.75,0.7500291909700204,0.25,12.59914378902715,47.46419318035324,0.0838971412746317,0.2668177109358477,0.0021110730520339707,0.0019395285442275643,0.001397910915080205,0.0017886411535477746,0.00147855141510704,0.0009448156468097222,0.00345382282530435,0.21770207441137263,0.18329951393689253,0.08471866846419517,0.08671700920492792,0.08568102599883402,0.0856569687820649,0.09858084547269737,0.09658250473196461,0.09761848793805851,0.09764254515482763
627,626,634,8,0.125,0.1250189801142311,0.125,12.734963432471048,47.99099023156822,0.09472286804806235,0.1126002649368262,0.00327595745442303,0.0015114578916897636,6.0519523449373725e-05,0.003286818223912142,0.0032977126402230434,0.003319601087200559,0.003232857611104086,0.13989018772691234,0.15585766831719766,0.0364789356944036,0.03882648069459133,0.03758474701754653,0.03758985130631378,0.11937873262279405,0.11703118762260634,0.11827292129965114,0.11826781701088387
628,626,634,8,0.25,0.25002897555900366,0.25,12.734963432471048,47.99099023156822,0.09472286804806235,0.052112657030932555,0.003972624439632416,0.0019662044781944524,0.0005112350867824122,0.004018699488406012,0.004068269457903148,0.004177387758255559,0.0038256560250263696,0.16994805790734224,0.1868119930222428,0.136572906696957,0.13820433989308192,0.13726288404369358,0.1372651752365574,0.05023908632528579,0.04860765312916088,0.04954910897854922,0.0495468177856854
629,626,634,8,0.375,0.3750380725368304,0.375,12.734963432471048,47.99099023156822,0.09472286804806235,0.14289890335339175,0.001725446709556791,0.0005346800081597933,0.0013041267437436297,0.0018262970204902275,0.0019763978817663647,0.002384429514255851,0.0019158083709180595,0.0,0.04797571393738953,0.17565035637803578,0.17851832686118083,0.17694620868625982,0.17695503754331077,-0.12767464244064625,-0.1305426129237913,-0.1289704947488703,-0.12897932360592124
631,626,634,8,0.625,0.625037398686621,0.375,12.734963432471048,47.99099023156822,0.09472286804806235,0.35292872814657855,0.0012980955906241635,0.0018375324580315675,0.0021177851574584496,0.0009622345452050296,0.0008528570948389827,0.0014185151647446198,0.003213712339100318,0.2832458263830015,0.27386749424801,0.07615232158841395,0.07969930419733187,0.07781844979917266,0.07779533928648351,0.19771517265959604,0.19416819005067812,0.19604904444883733,0.19607215496152647
632,626,634,8,0.75,0.7500285263255307,0.25,12.734963432471048,47.99099023156822,0.09472286804806235,0.27430360156178046,0.0018345164841320869,0.0021857956318262505,0.001502711305197949,0.00156578301755151,0.0013491367031917949,0.0011848880076334861,0.003137391337402935,0.2727257907189484,0.26486040242449904,0.0,0.0,0.0,0.0,0.26486040242449904,0.26486040242449904,0.26486040242449904,0.26486040242449904
633,626,634,8,0.875,0.8750178570305488,0.125,12.734963432471048,47.99099023156822,0.09472286804806235,0.11067910253759998,0.002649569050253417,0.000863360506926338,0.0005648650897098506,0.0026062145095732715,0.0025698980639225766,0.002519538102634893,0.0028862614560427285,0.15040421332425527,0.13956976690406755,0.03417707466312404,0.03504241444826988,0.034642692307572,0.0346540842907727,0.10539269224094353,0.10452735245579767,0.10492707459649556,0.10491568261329486
636,634,642,8,0.25,0.24872750616241965,0.25,12.995245928130068,48.7325236973442,0.0686545833535507,0.12064061212542115,0.005411580012131952,0.0017336064502488703,0.0008910598575692064,0.0053093394438603475,0.005214616082828002,0.005049379901507333,0.005887455681804239,0.10224091801976991,0.09322798969323101,0.05487991243256901,0.05549750241513621,0.05512326033339409,0.05513816285648433,0.038348077260662,0.037730487278094804,0.03810472935983692,0.03808982683674668
637,634,642,8,0.375,0.37308812997721,0.375,12.995245928130068,48.7325236973442,0.0686545833535507,0.19863353102658304,0.005506168171517295,0.003090262906627453,0.0011913259311664213,0.005311835498946615,0.005127446926783791,0.004793032941476967,0.006364049499848024,0.20682506451295862,0.19918534799970827,0.06279089582773548,0.06352242427292491,0.06313294061620844,0.06315373757224352,0.1363944521719728,0.13566292372678335,0.13605240738349983,0.13603161042746476
638,634,642,8,0.5,0.49743891895468195,0.5,12.995245928130068,48.7325236973442,0.0686545833535507,0.21616595036063932,0.004367558924552741,0.0032377183456689614,0.0012887169300853493,0.004142105099690696,0.003930152321483638,0.0035562647881772027,0.005368957564278887,0.23219489106970612,0.22143284595571666,0.0632366200978671,0.06406141165280196,0.06363395717059743,0.06365772284769868,0.15819622585784957,0.1573714343029147,0.15779888878511922,0.157775123108018
639,634,642,8,0.625,0.6222206526219229,0.375,12.995245928130068,48.7325236973442,0.0686545833535507,0.18454084698281142,0.0038538382136671405,0.002916089266455287,0.001150459654994307,0.0036464644285271806,0.0034506204307527097,0.0031021399784687694,0.0047673871610943,0.22151605220322834,0.21176821926105002,0.06120499385513918,0.06182626717245009,0.06153456975684773,0.06153516289963109,0.15056322540591083,0.14994195208859992,0.1502336495042023,0.15023305636141893
641,634,642,8,0.875,0.8740702725948681,0.125,12.995245928130068,48.7325236973442,0.0686545833535507,0.02310423600864878,0.005004497424556847,0.0008039185789293672,0.00017888957268834548,0.0049831433910773205,0.004962100545593103,0.004920964327889139,0.0050929462972692,0.09944141574157622,0.04564484921642732,0.025727023879755954,0.02515135837495394,0.025461508487766633,0.025464058717674626,0.019917825336671368,0.02049349084147338,0.02018334072866069,0.020180790498752696
643,642,652,10,0.1,0.09998608711453853,0.1,14.929622166114644,44.44980498523056,0.08374395837281305,0.18855087517056054,0.0023770231440130396,0.000602059264771272,0.00012877052871756694,0.0023825726546995913,0.002388543199065941,0.00240173460752178,0.0023590914834978175,0.1578187109903625,0.16006266028053126,0.05854391233672985,0.05994791607546357,0.05920862973925297,0.059226968919962125,0.10151874794380142,0.10011474420506769,0.10085403054127828,0.10083569136056914
644,642,652,10,0.2,0.199973593911267,0.2,14.929622166114644,44.44980498523056,0.08374395837281305,0.37208398579118335,0.0022761190139102146,0.0010550514702094053,0.00031677700374714313,0.0022175271037988956,0.0021602496627584115,0.0020500764084445547,0.0025217687425124,0.3260074565355379,0.3155670646018813,0.04644113129014815,0.048659571189779253,0.04747851064052869,0.04751608877140382,0.2691259333117331,0.266907493412102,0.26808855396135256,0.26805097583047743
646,642,652,10,0.4,0.39995996496224356,0.4,14.929622166114644,44.44980498523056,0.08374395837281305,0.5898953588068249,0.0030112499744118573,0.0021184220718034694,0.00021610338357455505,0.002978085133035692,0.002945537861727478,0.002882379315347238,0.0031496894519990083,0.5662153401203107,0.5570541959266287,0.04551343626566219,0.04604397905780303,0.04578188335940913,0.045798365415493834,0.5115407596609666,0.5110102168688258,0.5112723125672196,0.5112558305111349
647,642,652,10,0.5,0.4999602488986815,0.5,14.929622166114644,44.44980498523056,0.08374395837281305,0.644566579641677,0.00313724928439062,0.0011015423497736788,0.00029220849900002844,0.003146844318153019,0.0031581004542034974,0.003185523000813251,0.0031157472570612138,0.6017723679892337,0.5933392122070661,0.04940920948133754,0.04996648328748985,0.04960972369510061,0.04963791197238386,0.5439300027257286,0.5433727289195762,0.5437294885119655,0.5437013002346822
648,642,652,10,0.6,0.5999598229940245,0.4,14.929622166114644,44.44980498523056,0.08374395837281305,0.6527222727020138,0.0020940907473896743,0.0014233085107973056,0.00032443727535412124,0.002086395878123457,0.0020818349851512855,0.002082183355354622,0.0021553337752118033,0.6073100470287526,0.5990080108550754,0.055219260487523625,0.05742098041151962,0.05612855832676609,0.05636671718225292,0.5437887503675518,0.5415870304435557,0.5428794525283093,0.5426412936728224
649,642,652,10,0.7,0.6999664955003173,0.30000000000000004,14.929622166114644,44.44980498523056,0.08374395837281305,0.5867246940331494,0.002325838902037187,0.0014068138300966243,0.00029318429382195455,0.0022939379096257395,0.0022639611959952067,0.0022100888015618423,0.00247112823341035,0.5595897300220196,0.5499810384284514,0.060918285952206,0.061664536323395115,0.06113617019952697,0.06123416876447496,0.48906275247624537,0.4883165021050562,0.48884486822892437,0.4887468696639764
651,642,652,10,0.9,0.8999869389238525,0.09999999999999998,14.929622166114644,44.44980498523056,0.08374395837281305,0.2673668728198734,0.002511910262196504,0.002664836424884929,0.00020217279198354954,0.0024631599452381004,0.0024144833600679674,0.0023173699630562082,0.0027075691054186976,0.25612528634047865,0.2460306546164947,0.018571907719691735,0.019894908838927233,0.018999982626016883,0.019288580528634972,0.22745874689680295,0.22613574577756748,0.22703067199047783,0.22674207408785974
653,652,665,13,0.07692307692307693,0.07690859163024664,0.07692307692307693,11.691330401191697,26.76550088070661,0.2710497997572296,0.3065082381937821,0.003787149407501942,0.002828814989240896,0.0005941763341726571,0.003862972125464535,0.00394293511727001,0.0041143039267048645,0.0035303817782738147,0.3747682191994619,0.3088062249421425,0.026868633560724515,0.026541175931676608,0.026737807149244605,0.026727002976008333,0.281937591381418,0.2822650490104659,0.2820684177928979,0.28207922196613416
654,652,665,13,0.15384615384615385,0.1538177290831217,0.15384615384615385,11.691330401191697,26.76550088070661,0.2710497997572296,0.5670978329366224,0.006160009033579502,0.005882601938477086,0.0004893888139055152,0.006233874735856986,0.006309248356764451,0.006464307315287276,0.005880744539889211,0.6415525955522909,0.5609239324541705,0.0,0.0,0.0,0.0,0.5609239324541705,0.5609239324541705,0.5609239324541705,0.5609239324541705
656,652,665,13,0.3076923076923077,0.30764582879618274,0.3076923076923077,11.691330401191697,26.76550088070661,0.2710497997572296,0.9097329337304922,0.014011834361602428,0.01372379655631956,0.001968227631238407,0.013520918796489804,0.013030089333025642,0.012048730799568039,0.01597619887489651,0.9924050974924843,0.8894839269250769,0.15915174818511113,0.16230784463612064,0.16052786203799213,0.1607558983636322,0.7303321787399658,0.7271760822889564,0.7289560648870848,0.7287280285614448
657,652,665,13,0.38461538461538464,0.38456479105636876,0.38461538461538464,11.691330401191697,26.76550088070661,0.2710497997572296,1.0507843007517643,0.01754037909193035,0.017049465616864733,0.0029515068097748644,0.01681159351143714,0.01608363696913758,0.014630705856021744,0.020462038716318708,1.09507830124912,0.9879224787643804,0.15159500400694773,0.15459812914446242,0.15289057555045918,0.15309608958811158,0.8363274747574327,0.8333243496199181,0.8350319032139213,0.8348263891762688
658,652,665,13,0.46153846153846156,0.46148429913918315,0.46153846153846156,11.691330401191697,26.76550088070661,0.2710497997572296,1.1462260133574678,0.01989144667667783,0.01915158119474003,0.0033454162765316265,0.01908393853278514,0.018279024733640698,0.01667848148263655,0.02314197868251865,1.1930717196773006,1.0847182197170864,0.05191562463348281,0.0542116597253978,0.05288131630830277,0.05319025344904409,1.0328025950836035,1.0305065599916885,1.0318369034087835,1.0315279662680423
659,652,665,13,0.5384615384615384,0.5384076279803962,0.46153846153846156,11.691330401191697,26.76550088070661,0.2710497997572296,1.1481967689476662,0.02066398527513699,0.019904006088060748,0.0033005445314192266,0.019923412984382213,0.019189741575042583,0.017746517209996406,0.023682248419971096,1.2270383862872003,1.1048163002364337,0.12958910394308423,0.12719621725845948,0.12866696491259286,0.12822817425848618,0.9752271962933495,0.9776200829779742,0.9761493353238408,0.9765881259779475
661,652,665,13,0.6923076923076923,0.6922613813569914,0.3076923076923077,11.691330401191697,26.76550088070661,0.2710497997572296,1.0498557639232626,0.017348747043719023,0.016898619650013116,0.0030443322583283243,0.016876445308516487,0.01642584193818274,0.01559716391588309,0.019422215207158276,1.1752729463461906,1.0149054315764632,0.10190930080824095,0.0984857326291511,0.10036015737351908,0.10011200391420826,0.9129961307682222,0.9164196989473121,0.9145452742029441,0.9147934276622549
662,652,665,13,0.7692307692307693,0.7691907142471168,0.23076923076923073,11.691330401191697,26.76550088070661,0.2710497997572296,0.900879492172102,0.013423906062723793,0.012890246361215668,0.0025330784364182343,0.013101194420043835,0.012801695093946202,0.012278997669126372,0.014915149913204117,1.0526467686176442,0.8817967242672731,0.06528302158256281,0.06231560608223474,0.06375804313944307,0.06375985984568797,0.8165137026847102,0.8194811181850383,0.81803868112783,0.8180368644215851
663,652,665,13,0.8461538461538461,0.846125505363526,0.15384615384615385,11.691330401191697,26.76550088070661,0.2710497997572296,0.6682996035321503,0.010253326682581092,0.009586567990208388,0.0016006961041714707,0.010029966429370032,0.00981784210461102,0.009430294435030758,0.011245239838434269,0.8545141975415955,0.6737041168438894,0.12470606739219224,0.12446126930068376,0.12444947682923255,0.12460893980887128,0.5489980494516972,0.5492428475432056,0.5492546400146568,0.5490951770350181
664,652,665,13,0.9230769230769231,0.9230602964799353,0.07692307692307687,11.691330401191697,26.76550088070661,0.2710497997572296,0.35767561130031295,0.00800991083001435,0.005168738045474343,0.0007942342292703593,0.007917676467450615,0.007829392108141568,0.007665213243397094,0.008415667826423643,0.565244743092087,0.3715376315723937,0.08860643073584426,0.08865381366074068,0.0885445044518394,0.08865889679389233,0.28293120083654943,0.28288381791165307,0.28299312712055436,0.2828787347785014
666,665,672,7,0.14285714285714285,0.14367370318992906,0.14285714285714285,2.345207711612282,10.025811431280243,0.20744467936477237,0.18460985852239933,0.008822071826719492,0.00416007844887291,0.0002547014673628485,0.008810392747303336,0.008799158966194964,0.008778034069635354,0.008873204955306175,0.37126600578013735,0.17851142382235904,0.047787141214020036,0.047573589110122334,0.04768801834029741,0.04766997501334626,0.13072428260833902,0.13093783471223672,0.13082340548206164,0.13084144880901277
667,665,672,7,0.2857142857142857,0.28735556033467907,0.2857142857142857,2.345207711612282,10.025811431280243,0.20744467936477237,0.27460647507603647,0.010734436000704279,0.00578657313216349,0.0005760002153863111,0.01078120906290733,0.010829694986196318,0.01093171344570182,0.01056491486684796,0.5208624151279858,0.2996098387599754,0.10259922217068637,0.10231309806703377,0.10247198694152247,0.10243663770921249,0.197010616589289,0.19729674069294162,0.1971378518184529,0.1971732010507629
668,665,672,7,0.42857142857142855,0.4310384367237817,0.42857142857142855,2.345207711612282,10.025811431280243,0.20744467936477237,0.3345504914106122,0.012043198806779122,0.006800492811500673,0.0008076580978289611,0.012179001132979754,0.01231661636347392,0.012597047098105,0.011519388118008468,0.5660231082464461,0.3214835499495022,0.08659934562234907,0.08630686250654858,0.08647352503120521,0.08642906692101814,0.23488420432715312,0.2351766874429536,0.23501002491829698,0.23505448302848403
669,665,672,7,0.5714285714285714,0.5747172361354739,0.4285714285714286,2.345207711612282,10.025811431280243,0.20744467936477237,0.3610763869143854,0.012019097520538162,0.0059895152547391455,0.0007928107277464241,0.012197500268355869,0.012376505524223312,0.01273622185732705,0.011312080309006638,0.6076005940267604,0.34368548471848354,0.07372168673584123,0.07358156971281582,0.07359630505153651,0.07370332311932241,0.2699637979826423,0.2701039150056677,0.270089179666947,0.2699821615991611
671,665,672,7,0.8571428571428571,0.8582475724147631,0.1428571428571429,2.345207711612282,10.025811431280243,0.20744467936477237,0.1455793670839824,0.011298379658857088,0.0024471345965660415,0.00032527427593812154,0.011365505489293158,0.01143281560062635,0.011567975789976455,0.01103178628613898,0.45338407327760655,0.1567684386600277,0.0,0.0,0.0,0.0,0.1567684386600277,0.1567684386600277,0.1567684386600277,0.1567684386600277
673,672,687,15,0.06666666666666667,0.06669083505125471,0.06666666666666667,2.743123224344145,5.5172454910183975,0.47590617640726945,0.32492301412976693,0.008796391806239902,0.006805837371397082,0.0007483105118957361,0.008618663878221581,0.008441340021609097,0.008088010770459021,0.009510890423043187,0.3788013765801505,0.3169894297731677,0.08193329047804707,0.08223438085054786,0.08208793552849596,0.08207358681207828,0.23505613929512062,0.23475504892261984,0.23490149424467172,0.23491584296108942
674,672,687,15,0.13333333333333333,0.13337591572522656,0.13333333333333333,2.743123224344145,5.5172454910183975,0.47590617640726945,0.6550037252229975,0.01402458244129374,0.011795830189589842,0.0010540382249598517,0.01376141161086701,0.01349825399698885,0.012971981636267092,0.015077384086538012,0.675892467107327,0.6083259677419619,0.0730794372705452,0.07214309765199035,0.0724787502673936,0.07274248933432995,0.5352465304714167,0.5361828700899716,0.5358472174745683,0.535583478407632
676,672,687,15,0.26666666666666666,0.26673840457012643,0.26666666666666666,2.743123224344145,5.5172454910183975,0.47590617640726945,1.2158068542700873,0.022323801375323995,0.019670026477962205,0.0026323590473039883,0.021714346883280073,0.02110781318751763,0.01990457496030348,0.024786503175061668,1.262074027481923,1.1765714116844208,0.12143811748309491,0.11918484975806767,0.11983934772096162,0.12078579051681523,1.0551332942013258,1.0573865619263532,1.0567320639634592,1.0557856211676055
677,672,687,15,0.3333333333333333,0.3334153332096142,0.3333333333333333,2.743123224344145,5.5172454910183975,0.47590617640726945,1.420479344582976,0.02629642141808586,0.02325750449094368,0.003537976480349324,0.025449878782402808,0.024606006185023406,0.022927449490621043,0.029704716356180962,1.4771350970964179,1.3825242761955676,0.14555301260472095,0.14318924697151994,0.1437583348276209,0.1450075670904559,1.2369712635908467,1.2393350292240477,1.2387659413679466,1.2375167091051118
678,672,687,15,0.4,0.40008794606613984,0.4,2.743123224344145,5.5172454910183975,0.47590617640726945,1.5269374276737013,0.02911592825492425,0.02582031323338816,0.0044414641939517574,0.028035065042962996,0.02695660014363193,0.02480811573970265,0.03345870825524537,1.6233730583158301,1.5199674040568423,0.10328202563922598,0.10087141301130438,0.1013421464116236,0.1028394270487035,1.4166853784176163,1.4190959910455379,1.4186252576452187,1.4171279770081389
679,672,687,15,0.4666666666666667,0.46675864079690454,0.4666666666666667,2.743123224344145,5.5172454910183975,0.47590617640726945,1.4656356261171402,0.03322910537726609,0.02979595009676753,0.004735706895408432,0.03206007027707833,0.030892169447028495,0.028560327064198608,0.03791448860173832,1.6457297105506854,1.5354609564813997,0.13799622367793443,0.1367457010672245,0.13677905868753454,0.1379869266363808,1.3974647328034653,1.3987152554141753,1.398681897793865,1.3974740298450188
681,672,687,15,0.6,0.6000885215038682,0.4,2.743123224344145,5.5172454910183975,0.47590617640726945,1.3327903933430898,0.03278734610067816,0.02894789717811603,0.003810835576533769,0.031869233479084644,0.030953211937325902,0.02912823077435466,0.036477544273018164,1.4804473785773689,1.3576168960510218,0.04289760058650965,0.04412686555420522,0.04336570605669282,0.043660144114095245,1.3147192954645122,1.3134900304968165,1.314251189994329,1.3139567519369266
682,672,687,15,0.6666666666666666,0.6667477074800671,0.33333333333333337,2.743123224344145,5.5172454910183975,0.47590617640726945,1.2108738290360628,0.030747623472678943,0.026815514664596276,0.0028848969409472824,0.030063582532140556,0.029381320067536153,0.028022649835165992,0.03349938888055607,1.349576264695246,1.2200421216555146,0.02508211765391361,0.03022918870106842,0.029232893538144136,0.026135249411082608,1.194960004001601,1.1898129329544462,1.1908092281173706,1.193906872244432
683,672,687,15,0.7333333333333333,0.7334054548619453,0.2666666666666667,2.743123224344145,5.5172454910183975,0.47590617640726945,1.0442410853588349,0.025901486723535445,0.021573127424330332,0.0018634177539074983,0.025508229847421012,0.025117456203284354,0.02434383619360568,0.027497205672740915,1.194006369083812,1.0584424243447041,0.06947150028353824,0.07190315812210987,0.07128830712533046,0.07009500146621603,0.9889709240611659,0.9865392662225942,0.9871541172193736,0.9883474228784881
684,672,687,15,0.8,0.8000579273979809,0.19999999999999996,2.743123224344145,5.5172454910183975,0.47590617640726945,0.9130734207948863,0.022180156013937517,0.017661093749110533,0.0008017568077478363,0.022129383481965824,0.022080313800499286,0.02198732819702783,0.02240003723923117,0.9935571466486831,0.8536187415125749,0.2134042181781039,0.21296697456894137,0.21299716997460458,0.21338944733784684,0.6402145233344709,0.6406517669436336,0.6406215715379703,0.6402292941747281
686,672,687,15,0.9333333333333333,0.9333556794984484,0.06666666666666665,2.743123224344145,5.5172454910183975,0.47590617640726945,0.4385398691301647,0.014138202096962827,0.008697287070652801,0.000622151080056102,0.014281037488375219,0.014424135639615164,0.014711089536422991,0.013569653851639094,0.6757681336336508,0.5281885012448518,0.13241022186213855,0.13260914091456485,0.13242390680130267,0.13259432891360892,0.39577827938271326,0.39557936033028696,0.39576459444354917,0.39559417233124294
688,687,696,9,0.1111111111111111,0.11113190301058708,0.1111111111111111,7.582540813740161,25.43287636355565,0.06264529493899185,0.2656620440037337,0.004378694848258692,0.00516884322045813,0.0003394820684180596,0.00440724951294313,0.004437243961498487,0.004501435705521062,0.004279428686980238,0.15845244849296583,0.140882029294895,0.12232585128308288,0.12254585257086648,0.12243460732709116,0.12243087874586768,0.018556178011812113,0.018336176724028513,0.01844742196780383,0.01845115054902731
689,687,696,9,0.2222222222222222,0.22226140695585,0.2222222222222222,7.582540813740161,25.43287636355565,0.06264529493899185,0.48182340375140237,0.0034468316620334945,0.005783127270884657,0.000679154856056708,0.003533986831759587,0.0036270006565366107,0.003828869895659531,0.003165999837636752,0.4124324654855843,0.3927095378061095,0.0837243230590143,0.08455923175035027,0.08416586235245371,0.0841251106315876,0.3089852147470952,0.3081503060557592,0.3085436754536558,0.3085844271745219
691,687,696,9,0.4444444444444444,0.4444996229468999,0.4444444444444444,7.582540813740161,25.43287636355565,0.06264529493899185,0.5963278450360685,0.0010776794259290863,0.005374450659410822,0.0013976130598056132,0.0013901178280654892,0.0017168656004053634,0.002389670095872848,0.0007203521728361453,0.6606166750984216,0.63608974625327,0.036095497933614794,0.03398158675933036,0.034952289244044456,0.03514040858399633,0.5999942483196552,0.6021081594939396,0.6011374570092255,0.6009493376692736
692,687,696,9,0.5555555555555556,0.5556091346811283,0.4444444444444444,7.582540813740161,25.43287636355565,0.06264529493899185,0.467140376709603,0.0017022119650829824,0.004656992418015255,0.0011448587334590575,0.0016356927223617744,0.0016178051427320154,0.0017298589958191723,0.0023289572864012547,0.5368568201853158,0.5087576938879524,0.05142232021566203,0.049006438271637226,0.05007526905779723,0.05035391755135605,0.45733537367229044,0.45975125561631525,0.4586824248301552,0.4584037763365964
693,687,696,9,0.6666666666666666,0.6667170470384738,0.33333333333333337,7.582540813740161,25.43287636355565,0.06264529493899185,0.4104894883520486,0.0017706189923375989,0.0034823669098516846,0.0010544528003480923,0.0015343407211600474,0.001308546949755192,0.0009194748378735238,0.0027655904741832864,0.4638298206805202,0.4342376257837916,0.06448827786745973,0.06299187572641655,0.06362343512042797,0.06385658084171618,0.36974934791633185,0.37124575005737503,0.37061419066336365,0.3703810449420754
694,687,696,9,0.7777777777777778,0.7778153631345228,0.2222222222222222,7.582540813740161,25.43287636355565,0.06264529493899185,0.28606636628443927,0.00190431576510463,0.002383950975074419,0.0007353162953428151,0.0017474838278524068,0.0015964232461224183,0.001319492650754033,0.002567714220751732,0.3742207756883715,0.34432235276155326,0.06914677237483471,0.06895623059018864,0.06897565824054151,0.0690979729503874,0.2751755803867185,0.27536612217136464,0.27534669452101174,0.2752243798111659
697,696,708,12,0.08333333333333333,0.08326285472816038,0.08333333333333333,6.551794675181604,16.471445593589436,0.23665923387204743,0.32459774034631284,0.0016046195376347456,0.0018475563949739689,0.0005478769356478929,0.0015396871084178143,0.0014845841387990022,0.001408282939645896,0.001940794980478429,0.3228708732419176,0.32608356697548835,0.03458890101350864,0.034592373764293236,0.03459036341880911,0.03461499404054622,0.2914946659619797,0.2914911932111951,0.29149320355667924,0.2914685729349421
698,696,708,12,0.16666666666666666,0.16651791734972474,0.16666666666666666,6.551794675181604,16.471445593589436,0.23665923387204743,0.561142557115085,0.002039839708582057,0.0027190284290512378,0.0004270973638119921,0.002001871404812355,0.0019689676802514032,0.0019193560102608862,0.0022366915065877703,0.5621401591342933,0.5669290191521607,0.04042968855579959,0.03887620991997674,0.03971498600131817,0.03959985757512328,0.526499330596361,0.5280528092321839,0.5272140331508425,0.5273291615770374
699,696,708,12,0.25,0.24978257025633033,0.25,6.551794675181604,16.471445593589436,0.23665923387204743,0.7732193472800424,0.0019300283439729938,0.0029035614428660687,0.000849782189215731,0.0018715087373432015,0.001835850407985531,0.0018375932403610813,0.0023489421956007775,0.754355325138941,0.761578765700079,0.03794441214811554,0.03607693537067114,0.03714014802178726,0.036856130338057756,0.7236343535519635,0.7255018303294078,0.7244386176782918,0.7247226353620212
701,696,708,12,0.4166666666666667,0.4165258593045245,0.4166666666666667,6.551794675181604,16.471445593589436,0.23665923387204743,1.0150675656257186,0.003295024316509791,0.005190291189654213,0.0016351986181605393,0.003380890212949476,0.003512532751840845,0.003893009719938432,0.003450593406200526,1.0215793362855974,1.0317687639545525,0.085697987335563,0.08632388912932348,0.08604437051390319,0.0860164461650901,0.9460707766189895,0.9454448748252291,0.9457243934406493,0.9457523177894624
702,696,708,12,0.5,0.49989001141843314,0.5,6.551794675181604,16.471445593589436,0.23665923387204743,1.1119249073286075,0.005449964872664458,0.006067845640927661,0.0008855517882376855,0.005453413443767058,0.005465834292241159,0.005517306670108863,0.005525573750645902,1.071435498384999,1.0823905943871894,0.06029595910259126,0.06249321887329414,0.061176932020901645,0.061634771389887336,1.022094635284598,1.0198973755138954,1.0212136623662877,1.0207558229973022
703,696,708,12,0.5833333333333334,0.5832535641395267,0.41666666666666663,6.551794675181604,16.471445593589436,0.23665923387204743,1.169566245476237,0.00702233861416097,0.007439848830583812,0.0005770389013570415,0.006921549076412803,0.006822321112286899,0.006628829312420219,0.0074398285570320515,1.1489835389406415,1.1597045613345849,0.05035676000275348,0.05235528595335941,0.051163954859098346,0.05153028748684532,1.1093478013318314,1.1073492753812255,1.1085406064754866,1.1081742738477396
704,696,708,12,0.6666666666666666,0.6666105235396543,0.33333333333333337,6.551794675181604,16.471445593589436,0.23665923387204743,1.1003585688613868,0.008615465226568047,0.009229537894449602,0.0008727432424185629,0.00841436674099999,0.008214140510717045,0.007816572648737566,0.009427461784689874,1.108181868245516,1.120107177173465,0.017770293054652705,0.016341102566768132,0.016179538674703293,0.01795502853758406,1.1023368841188124,1.1037660746066968,1.1039276384987617,1.102152148635881
706,696,708,12,0.8333333333333334,0.8333130538764232,0.16666666666666663,6.551794675181604,16.471445593589436,0.23665923387204743,0.5736475194879701,0.006248293685378362,0.006031453069222455,0.0002589883431251674,0.006194345577626881,0.00614060621287724,0.006033776000602039,0.006466068748148798,0.586358837181032,0.6014874886191692,0.01852759780653052,0.015320814571304407,0.016952202791804243,0.017080287038082138,0.5829598908126387,0.5861666740478648,0.584535285827365,0.584407201581087
707,696,708,12,0.9166666666666666,0.9166598235986945,0.08333333333333337,6.551794675181604,16.471445593589436,0.23665923387204743,0.2863834146550549,0.004583309203002988,0.0029938001071915183,0.0005669839137708348,0.004607252381041212,0.004635408245203206,0.004704044146083386,0.004530822959387451,0.2657170985067866,0.2851789525827398,0.025932449978029168,0.025294512822796388,0.025578583146781075,0.025670106769163342,0.2592465026047106,0.2598844397599434,0.2596003694359587,0.25950884581357647
709,708,721,13,0.07692307692307693,0.07694683137155503,0.07692307692307693,0.6016458028587761,1.3965448928075868,0.0865652564606316,0.2446878722225393,0.002730406694067301,0.0012695331980849694,0.0008357188076142368,0.0026990443757011692,0.002683628813692354,0.0027014476613564068,0.0030015452376679556,0.2574489000283304,0.2663699694934978,0.018951798674900225,0.018953542128477115,0.018955610480786027,0.018949797645889346,0.24741817081859757,0.24741642736502067,0.24741435901271175,0.24742017184760845
711,708,721,13,0.23076923076923078,0.23082555180029984,0.23076923076923078,0.6016458028587761,1.3965448928075868,0.0865652564606316,0.49889399353553726,0.0015154566433295664,0.0015497037223450982,0.0013804018471481575,0.0016577570373571147,0.00185415657630437,0.0023520074427814375,0.0016947852913993648,0.5278460669840994,0.5393383940128412,0.05041954083155864,0.05045167611205418,0.050451957689776165,0.050419384230034024,0.4889188531812826,0.488886717900787,0.48888643632306505,0.4889190097828072
712,708,721,13,0.3076923076923077,0.30775965453369186,0.3076923076923077,0.6016458028587761,1.3965448928075868,0.0865652564606316,0.5560216736907447,0.0011733431869796948,0.001845484559596523,0.0012302509801493586,0.0014649297313487585,0.0017619573449483062,0.0023641091077783523,0.00043759746765594003,0.5724184934607094,0.5832923317590399,0.04388796932678929,0.04395218387165149,0.04395541695422005,0.04388491599567644,0.5394043624322507,0.5393401478873885,0.5393369148048199,0.5394074157633635
713,708,721,13,0.38461538461538464,0.38469099017183106,0.38461538461538464,0.6016458028587761,1.3965448928075868,0.0865652564606316,0.6441760133687622,0.0022757345564332052,0.0009722894121840167,0.000753658552709308,0.002463269081209387,0.0026509284247785716,0.003026528681887817,0.0015277637607111448,0.6462623514813068,0.6597691236602948,0.033156406717121036,0.03319014501871507,0.03320641111134531,0.03314041490885128,0.6266127169431738,0.6265789786415797,0.6265627125489495,0.6266287087514435
714,708,721,13,0.46153846153846156,0.4616162382004141,0.46153846153846156,0.6016458028587761,1.3965448928075868,0.0865652564606316,0.7412672749120426,0.005093465040495987,0.002377317018785354,0.0007210863665220006,0.005234555756167032,0.0053779882394428555,0.005671164929925128,0.004556818152073267,0.7364503570290927,0.7502725196705651,0.05348096802353405,0.05349602436460962,0.05350637410103696,0.05347084135628154,0.696791551647031,0.6967764953059554,0.6967661455695281,0.6968016783142835
716,708,721,13,0.6153846153846154,0.6154589863908722,0.3846153846153846,0.6016458028587761,1.3965448928075868,0.0865652564606316,0.7253667442321226,0.0062508800228422085,0.0029165856562225895,0.0019044223881719,0.00607756914269352,0.0059374696115049525,0.0057660213346303136,0.007221748358511518,0.7355827872168957,0.75133177851429,0.027709403302316336,0.027830646920855438,0.027836588743953904,0.027703792408177195,0.7236223752119737,0.7235011315934345,0.7234951897703361,0.7236279861061128
717,708,721,13,0.6923076923076923,0.692375379714646,0.3076923076923077,0.6016458028587761,1.3965448928075868,0.0865652564606316,0.6220595664713756,0.007853414310507952,0.004317334233193805,0.0014873769769455079,0.00761246712971907,0.007382393348606715,0.0069591301116150904,0.00890771133892932,0.6438571281131968,0.659818589712931,0.05775724020559882,0.05782971797943117,0.057838472820679936,0.05774862391305959,0.6020613495073321,0.6019888717334998,0.6019801168922511,0.6020699657998714
718,708,721,13,0.7692307692307693,0.7692851320098132,0.23076923076923073,0.6016458028587761,1.3965448928075868,0.0865652564606316,0.4792417686476255,0.008623002189026218,0.004924778509878436,0.0014059337728540256,0.008397889843871815,0.008181688220004799,0.0077789589530732435,0.009599657840652791,0.4818173109250791,0.49908709700537673,0.057302612464454325,0.0573673358827905,0.057373459776156335,0.057296613448141166,0.4417844845409224,0.44171976112258626,0.4417136372292204,0.44179048355723555
719,708,721,13,0.8461538461538461,0.8461948843049804,0.15384615384615385,0.6016458028587761,1.3965448928075868,0.0865652564606316,0.3389159291435505,0.007836456881645954,0.003970543316850693,0.0014711776086817792,0.0076887405340342295,0.007556053929534639,0.007338939112182289,0.00856088854827859,0.3366451397049641,0.3530326149119218,0.03168157729698172,0.03173401402782205,0.0317414325312088,0.0316742413157403,0.32135103761494005,0.3212986008840997,0.32129118238071297,0.32135837359618147
722,721,734,13,0.07692307692307693,0.07671099014246634,0.07692307692307693,1.1958210322027534,2.769073645052676,0.06212492702741441,0.19258640074271535,0.0015492544251875288,0.0011405856607748753,0.0005040065476965234,0.0015840308619380755,0.0016278424660256536,0.0017397023350246552,0.0015105825146868904,0.22097918994846563,0.21291330434115105,0.04381123975249792,0.04389986690543071,0.043855792713856506,0.04385531964285873,0.16910206458865312,0.16901343743572034,0.16905751162729454,0.1690579846982923
723,721,734,13,0.15384615384615385,0.15341977193239129,0.15384615384615385,1.1958210322027534,2.769073645052676,0.06212492702741441,0.27335598278594136,0.0028960386285504344,0.0019305831534701591,0.0014935626432424076,0.002879896790444098,0.0029119430764225724,0.003112418658734967,0.0033982919691294697,0.31059020372342105,0.2974820004233607,0.05058976251637575,0.05072350328393459,0.05065312501850652,0.050659792340858205,0.24689223790698495,0.2467584971394261,0.24682887540485418,0.2468222080825025
724,721,734,13,0.23076923076923078,0.23012303284096272,0.23076923076923078,1.1958210322027534,2.769073645052676,0.06212492702741441,0.2872102646534287,0.002113583860214795,0.0019734107546633744,0.002044965403010997,0.002150986910650743,0.0023041241465809946,0.002870832837577612,0.003009411784058498,0.31595972022103114,0.30426782269871144,0.06423342511921294,0.06438768895140148,0.06430370799794874,0.06431695517936226,0.24003439757949852,0.23988013374730996,0.2399641147007627,0.2399508675193492
726,721,734,13,0.38461538461538464,0.3835212733360754,0.38461538461538464,1.1958210322027534,2.769073645052676,0.06212492702741441,0.3230294248533592,0.0010705905961570512,0.001710523694101772,0.0025840386530063104,0.0016002692696810447,0.0021932205124930073,0.0034369893931136043,0.001958045934406427,0.31457780342215835,0.3079641230197818,0.0402406798340749,0.04047397382055261,0.04033453660758588,0.04037934178969816,0.2677234431857069,0.2674901491992292,0.2676295864121959,0.26758478123008367
727,721,734,13,0.46153846153846156,0.4602151487463459,0.46153846153846156,1.1958210322027534,2.769073645052676,0.06212492702741441,0.3061134541837141,0.0015901968373987594,0.0022694875140484502,0.0025168436125816737,0.0019210204741719518,0.0023756527658678685,0.003453400792172111,0.0024084182511261935,0.290027838956244,0.28780917283943125,0.03753490567033989,0.03774577748124337,0.037630162282162344,0.03765006170758285,0.25027426716909135,0.2500633953581879,0.2501790105572689,0.2501591111318484
728,721,734,13,0.5384615384615384,0.5369040553633982,0.46153846153846156,1.1958210322027534,2.769073645052676,0.06212492702741441,0.3056391076940663,0.0014973066103880716,0.002208185154845418,0.002423329565936739,0.0017010386193619014,0.0020686235657443926,0.003041832165088232,0.00264124281745259,0.3120182207934694,0.307349099544102,0.05593902283428125,0.05611225465985067,0.05603970006388806,0.05601076292264461,0.25141007670982074,0.25123684488425135,0.2513093994802139,0.2513383366214574
729,721,734,13,0.6153846153846154,0.6135995870380747,0.3846153846153846,1.1958210322027534,2.769073645052676,0.06212492702741441,0.2887603908968243,0.0025948307396299413,0.003337632057657822,0.0024546926248174197,0.0025730360925422277,0.0026946377094173232,0.0032866025229508107,0.00383608768870789,0.3040468297467607,0.29495040464983324,0.04266053216797344,0.0427818583049381,0.042702528973817155,0.04273916635624001,0.2522898724818598,0.25216854634489516,0.2522478756760161,0.2522112382935932
731,721,734,13,0.7692307692307693,0.7681522438242041,0.23076923076923073,1.1958210322027534,2.769073645052676,0.06212492702741441,0.09005002826029723,0.0013571561278039068,0.0025042249745981134,0.0014689959276773367,0.0012850367962255634,0.0013154885060367779,0.0016425960494170341,0.0023025033767568102,0.09226964291652102,0.08254562566760032,0.008517360411815961,0.008848769732641476,0.008649782524380051,0.00871719467251108,0.07402826525578436,0.07369685593495884,0.07389584314322027,0.07382843099508923
732,721,734,13,0.8461538461538461,0.8454313326579456,0.15384615384615385,1.1958210322027534,2.769073645052676,0.06212492702741441,0.11567201540201918,0.0013101796252551528,0.001642324203349264,0.0008313959057036045,0.0014456611425564885,0.0015967792651974137,0.0019309186852642605,0.001042656528203712,0.10232153968316939,0.10367036297715002,0.0,0.0,0.0,0.0,0.10367036297715002,0.10367036297715002,0.10367036297715002,0.10367036297715002
733,721,734,13,0.9230769230769231,0.9227153902849051,0.07692307692307687,1.1958210322027534,2.769073645052676,0.06212492702741441,0.0661781407130271,0.002433688875497177,0.0038194709653820882,0.0003230558143488332,0.0024191605469225173,0.0024072556144398745,0.0023914640230154878,0.002517004773620657,0.054716380042494815,0.05926937278177009,0.0,0.0,0.0,0.0,0.05926937278177009,0.05926937278177009,0.05926937278177009,0.05926937278177009
736,734,745,11,0.18181818181818182,0.1817906170280871,0.18181818181818182,3.2044641574216746,8.726615018787085,0.013068957056988071,0.35178764569902893,0.005502768222645262,0.0037264299165319045,0.0009628424860354606,0.005571491635942062,0.005649642749166276,0.0058326667229248175,0.0053287002570443325,0.35456066553792975,0.3558832494953653,0.031271538879922775,0.03123369166704345,0.031251021288114016,0.0312538893594334,0.32461171061544253,0.3246495578283219,0.3246322282072513,0.3246293601359319
737,734,745,11,0.2727272727272727,0.2726920936803853,0.2727272727272727,3.2044641574216746,8.726615018787085,0.013068957056988071,0.47991183608006255,0.004024886471863197,0.0035236360143628583,0.001252691707322073,0.004121784837747149,0.004239653753571902,0.004531471620320039,0.003873455847714779,0.4826428032745041,0.48494486064103043,0.0,0.0,0.0,0.0,0.48494486064103043,0.48494486064103043,0.48494486064103043,0.48494486064103043
738,734,745,11,0.36363636363636365,0.3635935703326834,0.36363636363636365,3.2044641574216746,8.726615018787085,0.013068957056988071,0.529538337779944,0.006054322590374579,0.00530046274583484,0.0012106301064617035,0.006072152073813051,0.006104952312961849,0.006214408747908977,0.006133679033002564,0.5619902965451327,0.5637844260805382,0.04318271059447021,0.043134177829666547,0.04315274957730423,0.043163799482484305,0.520601715486068,0.5206502482508717,0.520631676503234,0.520620626598054
739,734,745,11,0.45454545454545453,0.45450089048438064,0.45454545454545453,3.2044641574216746,8.726615018787085,0.013068957056988071,0.4247439837646581,0.003249613633817904,0.004081741999848583,0.0011375555204195034,0.0031891901823982135,0.0031533527142020177,0.003158210599731076,0.003705907239801142,0.46853504623843567,0.4707557496756468,0.009734468939058372,0.009820807407837555,0.009772429966588479,0.009782091136931076,0.46102128073658843,0.4609349422678093,0.4609833197090583,0.46097365853871575
741,734,745,11,0.6363636363636364,0.6363220235648852,0.36363636363636365,3.2044641574216746,8.726615018787085,0.013068957056988071,0.13432930060709652,0.0015620468178392506,0.002927239652491924,0.0010377245662654422,0.0013512161569506106,0.0011602538424480002,0.0008892827640432834,0.0024985798443677904,0.17795171527473316,0.18295509154969333,0.048874956122495816,0.04888343412409076,0.04887918762697155,0.04887877960883379,0.13408013542719752,0.13407165742560256,0.13407590392272178,0.13407631194085953
742,734,745,11,0.7272727272727273,0.7272358364936926,0.2727272727272727,3.2044641574216746,8.726615018787085,0.013068957056988071,0.024586110585086286,0.0011759323226856538,0.0018606076858614286,0.00014426039167921305,0.001170098235660291,0.0011653515852431669,0.0011591709697989362,0.0012097844597547189,0.04049643627653386,0.0540019024378005,0.03875313771812162,0.03871668493106298,0.038735623639499284,0.03873397768244893,0.015248764719678884,0.015285217506737524,0.015266278798301218,0.015267924755351568
743,734,745,11,0.8181818181818182,0.818154843644188,0.18181818181818177,3.2044641574216746,8.726615018787085,0.013068957056988071,0.09331680056793759,0.0019171385866485035,0.001966293397357479,0.0005106478265785592,0.001866529178362807,0.001823468436055824,0.0017621108125092033,0.002183421308600396,0.08289284537973846,0.07677619164870693,0.026053212805468778,0.026046140255036966,0.026048288126394446,0.026050956046937357,0.05072297884323815,0.05073005139366996,0.05072790352231248,0.05072523560176957
744,734,745,11,0.9090909090909091,0.9090751493501055,0.09090909090909094,3.2044641574216746,8.726615018787085,0.013068957056988071,0.0935425436517425,0.0027531034727825703,0.0017493067802939024,0.0003665507013908825,0.002700132620404381,0.002649273208029969,0.002554387996774872,0.0029837858936270782,0.100678368737121,0.0934838942717007,0.0,0.0,0.0,0.0,0.0934838942717007,0.0934838942717007,0.0934838942717007,0.0934838942717007
746,745,760,15,0.06666666666666667,0.06667790320484161,0.06666666666666667,0.6417982015564117,1.2816779979445057,0.07461413612339877,0.1546232458756004,0.0031830438774271227,0.002443462553511357,0.0005988126608673008,0.0031494811167955025,0.0031227418016587095,0.0030903968507998533,0.0033808485859986364,0.16488075313675968,0.1701240246586127,0.014521048526187647,0.014538455838871955,0.014528089566244459,0.014531335297957526,0.15560297613242505,0.15558556881974075,0.15559593509236824,0.15559268936065518
747,745,760,15,0.13333333333333333,0.1333591392811758,0.13333333333333333,0.6417982015564117,1.2816779979445057,0.07461413612339877,0.28832008488635674,0.004273557224496614,0.0036647739348342518,0.0011531076459986372,0.004179867217324453,0.00410432646280622,0.004011549413526674,0.004805556002321608,0.2833067032959663,0.2868707443867317,0.030550524778397883,0.03056418236893313,0.03054919535288196,0.03056546273091088,0.25632021960833384,0.25630656201779856,0.25632154903384974,0.25630528165582084
748,745,760,15,0.2,0.20004085148200892,0.2,0.6417982015564117,1.2816779979445057,0.07461413612339877,0.43191007599567055,0.004660222252827679,0.004162189837802474,0.0011269515747363795,0.004493833046498977,0.00433937229738743,0.004071565098438301,0.0054219682998226226,0.42384173848184886,0.422175623543922,0.017841658439945583,0.017814948913107063,0.01777025974674569,0.017886344741058213,0.40433396510397646,0.40436067463081493,0.40440536379717634,0.4042892788028638
749,745,760,15,0.26666666666666666,0.26672637267883353,0.26666666666666666,0.6417982015564117,1.2816779979445057,0.07461413612339877,0.47917928405007176,0.008623301047806146,0.008275088889662689,0.001455211580633551,0.008286511433498667,0.00795210208730745,0.007291731935900841,0.009989422845488738,0.502274859818114,0.5002070330305693,0.0,0.0,0.0,0.0,0.5002070330305693,0.5002070330305693,0.5002070330305693,0.5002070330305693
751,745,760,15,0.4,0.40010312856647007,0.4,0.6417982015564117,1.2816779979445057,0.07461413612339877,0.387405507709583,0.004064969435325079,0.003930289205443754,0.002220594685876636,0.003683413198738564,0.0033507415850863352,0.002897668409151772,0.005874823599798203,0.3933285726391471,0.3938991206532443,0.0,0.0,0.0,0.0,0.3938991206532443,0.3938991206532443,0.3938991206532443,0.3938991206532443
752,745,760,15,0.4666666666666667,0.466793887132783,0.4666666666666667,0.6417982015564117,1.2816779979445057,0.07461413612339877,0.4490396698360665,0.0036630698909081156,0.0036664378538235915,0.0018248300402819006,0.003325956078406891,0.0030202876071320703,0.002547782520520297,0.005196631180997742,0.45289668918769166,0.4543616949273385,0.0,0.0,0.0,0.0,0.4543616949273385,0.4543616949273385,0.4543616949273385,0.4543616949273385
753,745,760,15,0.5333333333333333,0.5334884546950875,0.4666666666666667,0.6417982015564117,1.2816779979445057,0.07461413612339877,0.4487828727634568,0.004367507611729185,0.004524554799309726,0.0016581257472838816,0.004167318911865326,0.004000205458734504,0.0037819115778363337,0.005417208901460527,0.4803717988714003,0.47901662749131,0.016225179300589282,0.016076902808683236,0.016058319330550685,0.016244473800044307,0.4627914481907207,0.4629397246826268,0.46295830816075934,0.46277215369126573
754,745,760,15,0.6,0.6001834983818909,0.4,0.6417982015564117,1.2816779979445057,0.07461413612339877,0.3868600026462878,0.002896355525664228,0.003196861895956343,0.002079221157135714,0.0026653491102237494,0.0025218428787752785,0.002547957611412433,0.0043510899683985044,0.41125232429113306,0.4142461458717198,0.028278844549163414,0.028183708036213454,0.028189480308698976,0.028273407712374653,0.3859673013225564,0.38606243783550637,0.3860566655630208,0.3859727381593452
756,745,760,15,0.7333333333333333,0.7335816798719796,0.2666666666666667,0.6417982015564117,1.2816779979445057,0.07461413612339877,0.2570479211242825,0.0017067936118354392,0.0015719956742689361,0.0013591732452403473,0.001484666839028899,0.0013138667364855157,0.0012095549282159787,0.0028386562954305617,0.26501177421731636,0.2679463266169048,0.028954096300837118,0.028920264405444818,0.028915304860243553,0.028959350976653978,0.2389922303160677,0.23902606221146,0.23903102175666127,0.23898697564025084
757,745,760,15,0.8,0.8002857699242629,0.19999999999999996,0.6417982015564117,1.2816779979445057,0.07461413612339877,0.21970148548493862,0.0016575321871224254,0.0015989207727874649,0.0010953961317148229,0.0014894644351908176,0.0013563120001391477,0.0012376178225865142,0.0025224815953066573,0.2283950496384971,0.23053261952864737,0.0,0.0,0.0,0.0,0.23053261952864737,0.23053261952864737,0.23053261952864737,0.23053261952864737
758,745,760,15,0.8666666666666667,0.8669898599765461,0.1333333333333333,0.6417982015564117,1.2816779979445057,0.07461413612339877,0.16111460332761107,0.0007737038993381018,0.00096357798404526,0.0009471144549399657,0.0006739565683707848,0.0006495732538319202,0.0008329381704032441,0.0015157509800424697,0.16602532323710617,0.17358800306342628,0.026002254322735088,0.025959241511885355,0.025958343870440628,0.026003307401034376,0.1475857487406912,0.14762876155154092,0.14762965919298565,0.1475846956623919
759,745,760,15,0.9333333333333333,0.9336963306513241,0.06666666666666665,0.6417982015564117,1.2816779979445057,0.07461413612339877,0.08121029685636712,0.0010872743669241695,0.0005792286446050669,0.0003156084562694225,0.001104663757194327,0.0011273196401888291,0.0011871553993370047,0.0010743419153618455,0.08090879333761733,0.0933172586162966,0.0,0.0,0.0,0.0,0.0933172586162966,0.0933172586162966,0.0933172586162966,0.0933172586162966
761,760,775,15,0.06666666666666667,0.06668585348707691,0.06666666666666667,1.0826145934454412,2.1744707956065317,0.05873251524408304,0.1195910701435373,0.002736597523255577,0.0023289769970472906,0.0004465370048465914,0.002697877122478728,0.002663276242485786,0.0026070696829268397,0.002929148386534148,0.08380743860167028,0.0892173790985372,0.010763230625113413,0.010785325331321417,0.010773847430270125,0.010774987530790751,0.07845414847342379,0.07843205376721579,0.07844353166826708,0.07844239156774646
762,760,775,15,0.13333333333333333,0.13336643937786816,0.13333333333333333,1.0826145934454412,2.1744707956065317,0.05873251524408304,0.29607034581232905,0.0030721279092737162,0.0016798534107634949,0.0005948323622646461,0.002925033522331836,0.0027781109616048212,0.0024849031990478144,0.003661809245664532,0.2783913247643523,0.27665297148188844,0.0,0.0,0.0,0.0,0.27665297148188844,0.27665297148188844,0.27665297148188844,0.27665297148188844
763,760,775,15,0.2,0.2000470252686594,0.2,1.0826145934454412,2.1744707956065317,0.05873251524408304,0.43352030427187815,0.004517524839498646,0.0036923575237649874,0.001272006329280496,0.0042568446872149075,0.004004456607252522,0.003531616459089801,0.005619585993676023,0.4224065208798318,0.41844248624186736,0.03217740539993634,0.03219110048745096,0.0321783949783458,0.03218976981852383,0.386265080841931,0.3862513857544164,0.38626409126352157,0.3862527164233435
764,760,775,15,0.26666666666666666,0.26672282243555456,0.26666666666666666,1.0826145934454412,2.1744707956065317,0.05873251524408304,0.49996313344191323,0.005313453656393588,0.004004788124177512,0.0018217490072818627,0.00493869121617134,0.004578580378176028,0.003918340404171565,0.006910117718634537,0.5145096149247563,0.509079092791008,0.029745308364377256,0.02972178082104969,0.029721786388245536,0.02974467253280396,0.47933378442663077,0.47935731196995834,0.47935730640276253,0.4793344202582041
766,760,775,15,0.4,0.4000691491730592,0.4,1.0826145934454412,2.1744707956065317,0.05873251524408304,0.4579708836479139,0.0037617277962394904,0.0011692625444729608,0.0015526627086765484,0.0036553567377969193,0.003588037755372467,0.0035781020944653176,0.00450776002038855,0.48134413428874756,0.47600434891580623,0.0,0.0,0.0,0.0,0.47600434891580623,0.47600434891580623,0.47600434891580623,0.47600434891580623
767,760,775,15,0.4666666666666667,0.46673967874366873,0.4666666666666667,1.0826145934454412,2.1744707956065317,0.05873251524408304,0.4405060549726015,0.004379558949885054,0.0022740488216777387,0.0019412763632801772,0.0043747685343929815,0.004423542935627025,0.004673243474340752,0.004904995051763968,0.4378033432478341,0.43621528384154135,0.021331872884034236,0.021259124587035265,0.02127358115096354,0.021317865799171033,0.41488341095750714,0.4149561592545061,0.4149417026905778,0.4148974180423703
768,760,775,15,0.5333333333333333,0.5334054195903821,0.4666666666666667,1.0826145934454412,2.1744707956065317,0.05873251524408304,0.45835757644392294,0.0037538389845704354,0.0026193469548867077,0.0022569933368081717,0.0038712527907638905,0.00406431317484433,0.004636052793653663,0.004108243734664595,0.45348910233975015,0.45057295596464014,0.0,0.0,0.0,0.0,0.45057295596464014,0.45057295596464014,0.45057295596464014,0.45057295596464014
769,760,775,15,0.6,0.6000697238199267,0.4,1.0826145934454412,2.1744707956065317,0.05873251524408304,0.4498513241309242,0.0031033034389312125,0.001880914186823603,0.002034145500652848,0.0033497360246134778,0.003650779248986659,0.00436975513896318,0.0029054638750675254,0.44974109060123113,0.44600983545001893,0.0,0.0,0.0,0.0,0.44600983545001893,0.44600983545001893,0.44600983545001893,0.44600983545001893
771,760,775,15,0.7333333333333333,0.7333901914483927,0.2666666666666667,1.0826145934454412,2.1744707956065317,0.05873251524408304,0.39021165474207054,0.003275120586008942,0.001110587102187908,0.0017158778673999093,0.0035609859941200593,0.0038733521986411314,0.004555372441903382,0.0025670771965431442,0.40689671313005765,0.4083842380995159,0.0,0.0,0.0,0.0,0.4083842380995159,0.4083842380995159,0.4083842380995159,0.4083842380995159
772,760,775,15,0.8,0.8000458759749244,0.19999999999999996,1.0826145934454412,2.1744707956065317,0.05873251524408304,0.2780299226153369,0.004046731505967839,0.0006362814399518624,0.001352953611180649,0.004289994487056255,0.004545424067213563,0.005085367809432828,0.0032483954429198955,0.2824191863397223,0.28239175108964776,0.023491362150354994,0.02340809257043653,0.023377383085314386,0.02352213064222743,0.2589003889392928,0.25898365851921124,0.25901436800433336,0.25886962044742035
773,760,775,15,0.8666666666666667,0.8667006027566768,0.1333333333333333,1.0826145934454412,2.1744707956065317,0.05873251524408304,0.23565738705889705,0.0038649246298325043,0.0007380740183576824,0.0006961408667926532,0.004019376055776457,0.004175368471705966,0.004491332475775345,0.0032668703055761424,0.2300898088166425,0.22818048711504185,0.0,0.0,0.0,0.0,0.22818048711504185,0.22818048711504185,0.22818048711504185,0.22818048711504185
774,760,775,15,0.9333333333333333,0.9333505408145332,0.06666666666666665,1.0826145934454412,2.1744707956065317,0.05873251524408304,0.1277872057158909,0.0036278091936382774,0.0016824020605058568,0.0002992593445509528,0.003656799410963207,0.0036870799880128085,0.0037513859049975702,0.0035253673841573736,0.13978042790769246,0.140834930779383,0.0,0.0,0.0,0.0,0.140834930779383,0.140834930779383,0.140834930779383,0.140834930779383
776,775,789,14,0.07142857142857142,0.0714451456973565,0.07142857142857142,0.2068567374957213,0.44540342654209103,0.042320155706353,0.11220266890743108,0.001492991076853769,0.0015698444578437745,0.0002055685741924473,0.0014763790351578518,0.0014613863487044632,0.0014364563982734945,0.0015745331385461996,0.10311084270192504,0.11203359536990576,0.0,0.0,0.0,0.0,0.11203359536990576,0.11203359536990576,0.11203359536990576,0.11203359536990576
777,775,789,14,0.14285714285714285,0.1428897780324055,0.14285714285714285,0.2068567374957213,0.44540342654209103,0.042320155706353,0.22623696733704352,0.001368923121622569,0.0013736873730168257,0.00047879339903501427,0.0014845299281292753,0.0016007382959061383,0.001834501902568506,0.0009170550873406203,0.2160773539200946,0.21734104179912475,0.0,0.0,0.0,0.0,0.21734104179912475,0.21734104179912475,0.21734104179912475,0.21734104179912475
778,775,789,14,0.21428571428571427,0.21432876338207196,0.21428571428571427,0.2068567374957213,0.44540342654209103,0.042320155706353,0.2845916697248761,0.0016989438467791076,0.001583722334571464,0.0005622054309392315,0.0018128050533700202,0.0019301874253194037,0.0021732174931432904,0.001296956440929454,0.2922436309840542,0.29468663444258814,0.0,0.0,0.0,0.0,0.29468663444258814,0.29468663444258814,0.29468663444258814,0.29468663444258814
779,775,789,14,0.2857142857142857,0.28576826209404593,0.2857142857142857,0.2068567374957213,0.44540342654209103,0.042320155706353,0.30538145383609044,0.0008623801248441773,0.0010522585816145028,0.0010548858707907095,0.0010396747970465414,0.0012478965952956577,0.0017109016469600417,0.0008864439715344144,0.3095121200203109,0.3147985600995726,0.0,0.0,0.0,0.0,0.3147985600995726,0.3147985600995726,0.3147985600995726,0.3147985600995726
781,775,789,14,0.42857142857142855,0.42863493882261383,0.42857142857142855,0.2068567374957213,0.44540342654209103,0.042320155706353,0.30944326976866915,0.0021412239033960874,0.0011424565769274186,0.0018821859330048394,0.0021032970659161827,0.0021692637636550856,0.002568634402039455,0.003107578589579246,0.30475455736777896,0.3042481760296034,0.0,0.0,0.0,0.0,0.3042481760296034,0.3042481760296034,0.3042481760296034,0.3042481760296034
782,775,789,14,0.5,0.5000636569261302,0.5,0.2068567374957213,0.44540342654209103,0.042320155706353,0.37394058791393864,0.0037209065100908094,0.0026494602776721684,0.0017205241948776895,0.003625797607139273,0.0035801811067575112,0.003642849161042882,0.004510027440479945,0.37736805045184474,0.3779405663987833,0.0,0.0,0.0,0.0,0.3779405663987833,0.3779405663987833,0.3779405663987833,0.3779405663987833
783,775,789,14,0.5714285714285714,0.5714918616673391,0.4285714285714286,0.2068567374957213,0.44540342654209103,0.042320155706353,0.40422682682780264,0.00464888148709138,0.0033935778020376477,0.0018229355593356745,0.004480379294857725,0.0043532614126934495,0.004236887749305426,0.005649705166538091,0.40603762130771676,0.40699115135349534,0.0,0.0,0.0,0.0,0.40699115135349534,0.40699115135349534,0.40699115135349534,0.40699115135349534
784,775,789,14,0.6428571428571429,0.6429144194231656,0.3571428571428571,0.2068567374957213,0.44540342654209103,0.042320155706353,0.3542818899337864,0.004320805352786931,0.0027450419192668885,0.0020828238674051786,0.004103433325130902,0.003943252543110617,0.003820759083237073,0.00560507166292012,0.3614446385041616,0.3599229072894595,0.0,0.0,0.0,0.0,0.3599229072894595,0.3599229072894595,0.3599229072894595,0.3599229072894595
786,775,789,14,0.7857142857142857,0.7857544013117433,0.2142857142857143,0.2068567374957213,0.44540342654209103,0.042320155706353,0.024294476388876184,0.005595690501585837,0.003599852435177306,0.0012652619748106577,0.005440633921396543,0.005299939030486705,0.005066300346077574,0.006337024610352571,0.0,0.0,0.0,0.0,0.0,0.0,0.0,0.0,0.0,0.0
787,775,789,14,0.8571428571428571,0.8571707987198798,0.1428571428571429,0.2068567374957213,0.44540342654209103,0.042320155706353,0.06965249047458433,0.003508798560919648,0.0017103510074595433,0.0008460695657559297,0.0034411157476602378,0.003385316388499036,0.00331164364242563,0.003884329863438955,0.0,0.0212836136695997,0.0,0.0,0.0,0.0,0.0212836136695997,0.0212836136695997,0.0212836136695997,0.0212836136695997
788,775,789,14,0.9285714285714286,0.9285825758672486,0.0714285714285714,0.2068567374957213,0.44540342654209103,0.042320155706353,0.09526625005147846,0.0029480977824572685,0.0008668208498198987,0.00044398808640001456,0.0029371400415287986,0.002930348680580915,0.0029293632337193468,0.00303243185521509,0.08801986730663837,0.09760741775625227,0.01333189113135365,0.013351272564277442,0.013351101567720175,0.013332053079563625,0.08427552662489862,0.08425614519197483,0.08425631618853209,0.08427536467668864
791,789,804,15,0.13333333333333333,0.13336752411791128,0.13333333333333333,0.7195867358843832,1.4452863763930406,0.029860545638327587,0.18044579590431942,0.0012786027692873732,0.0012460069131035908,0.0008714096618857901,0.001416149126620967,0.0015719576985029325,0.0019201443616431208,0.0010494785902364259,0.17853100425924226,0.19162659603556426,0.006737165228023566,0.006746793785957491,0.006746232058112886,0.006737242370812578,0.1848894308075407,0.18487980224960676,0.18488036397745136,0.18488935366475168
792,789,804,15,0.2,0.20004625812031135,0.2,0.7195867358843832,1.4452863763930406,0.029860545638327587,0.2991739035771527,0.0022787622721028057,0.0025570202610363745,0.0011268561583670268,0.002322558527225001,0.0023988589646367713,0.0026365116295026273,0.0024441626411339677,0.2837185977914281,0.30086573410766526,0.0,0.0,0.0,0.0,0.30086573410766526,0.30086573410766526,0.30086573410766526,0.30086573410766526
793,789,804,15,0.26666666666666666,0.2667245132601823,0.26666666666666666,0.7195867358843832,1.4452863763930406,0.029860545638327587,0.41496079637468286,0.002880155013359257,0.0031180033500048956,0.0017666640515716112,0.0029852377195993887,0.003149306799590095,0.0036196028332494946,0.0031194975354566757,0.3864202166598012,0.4081527482606411,0.0,0.0,0.0,0.0,0.4081527482606411,0.4081527482606411,0.4081527482606411,0.4081527482606411
794,789,804,15,0.3333333333333333,0.333397022049704,0.3333333333333333,0.7195867358843832,1.4452863763930406,0.029860545638327587,0.47036902558815413,0.0015010111522856212,0.002013937120991626,0.0023133528934648627,0.0017865899816793724,0.0021908270692135154,0.0031657878671770305,0.00227751165924808,0.45401288257628336,0.4775844930456109,0.0,0.0,0.0,0.0,0.4775844930456109,0.4775844930456109,0.4775844930456109,0.4775844930456109
796,789,804,15,0.4666666666666667,0.46673868759104375,0.4666666666666667,0.7195867358843832,1.4452863763930406,0.029860545638327587,0.5902341499227725,0.0020796628385540772,0.0014512742881101373,0.002176971425866679,0.0024501511055325226,0.0028764359772911123,0.003819996418240142,0.001880433882602283,0.5776983876265119,0.5970507862930107,0.0,0.0,0.0,0.0,0.5970507862930107,0.5970507862930107,0.5970507862930107,0.5970507862930107
797,789,804,15,0.5333333333333333,0.5334064077552745,0.4666666666666667,0.7195867358843832,1.4452863763930406,0.029860545638327587,0.6815831245854288,0.0038449647078974444,0.0014627214062915975,0.0021073801954078213,0.00396982548913832,0.0041581734733470935,0.0046922899854885,0.004053643358514796,0.6733138313474056,0.6925272715786982,0.027599971499414025,0.027642462915847422,0.02763602919938107,0.027606073132961654,0.6649273000792841,0.6648848086628508,0.6648912423793172,0.6649211984457365
798,789,804,15,0.6,0.6000698181567432,0.4,0.7195867358843832,1.4452863763930406,0.029860545638327587,0.666985249783743,0.005439882775665624,0.0024100809655259216,0.0012238504537229133,0.005518789846240985,0.005613286413732733,0.005845900194046084,0.005292043084988425,0.659854618719387,0.6775794056512587,0.019541199324078173,0.01966025511964316,0.019645030331733936,0.01955600756771923,0.6580382063271806,0.6579191505316155,0.6579343753195248,0.6580233980835395
799,789,804,15,0.6666666666666666,0.6667322708331538,0.33333333333333337,0.7195867358843832,1.4452863763930406,0.029860545638327587,0.5360061081443486,0.006791568318739552,0.003388609541231287,0.0003947340262595291,0.006801054630577309,0.006811957487904868,0.006837984855326906,0.006767894316366604,0.5262887538236082,0.5418272644211645,0.0,0.0,0.0,0.0,0.5418272644211645,0.5418272644211645,0.5418272644211645,0.5418272644211645
801,789,804,15,0.8,0.8000475989353928,0.19999999999999996,0.7195867358843832,1.4452863763930406,0.029860545638327587,0.48110372103479715,0.0082877065146615,0.004397307014735448,0.0010318907062566436,0.008188866107754765,0.008097041236897218,0.007935393722159753,0.008748215925544523,0.4690758326100814,0.48153139810167095,0.025619272213146995,0.025706595024541253,0.025699326534837905,0.02562646430864571,0.455912125888524,0.4558248030771297,0.45583207156683303,0.4559049337930252
802,789,804,15,0.8666666666666667,0.8667004743612213,0.1333333333333333,0.7195867358843832,1.4452863763930406,0.029860545638327587,0.39736674705113584,0.008176158832851235,0.0038329376429475344,0.0006708238955289049,0.008102781122495888,0.008032235128872404,0.007899938697254475,0.00849647718158938,0.38200428450570323,0.3939469201206089,0.00419030487884296,0.004630687709586716,0.004602120154830202,0.004221026169296218,0.3897566152417659,0.3893162324110222,0.3893447999657787,0.3897258939513127
803,789,804,15,0.9333333333333333,0.9333523920619916,0.06666666666666665,0.7195867358843832,1.4452863763930406,0.029860545638327587,0.22151795301130645,0.007594400090895338,0.0027477201694885304,0.00017433454931378603,0.007568923563448879,0.007543612804548925,0.007493495300383277,0.0076979308086319465,0.20489806733392554,0.21211749579429132,0.0,0.0,0.0,0.0,0.21211749579429132,0.21211749579429132,0.21211749579429132,0.21211749579429132
806,804,818,14,0.14285714285714285,0.14289051097888208,0.14285714285714285,0.613262591801725,1.3204585816106447,0.04113377601657272,0.047133707292608004,0.0038562654004389058,0.0024107285834593702,0.0007303094490509088,0.003926848447107185,0.004004517898685883,0.004179500007040979,0.0036524032021581594,0.06723760251676458,0.03320302905201018,0.0,0.0,0.0,0.0,0.03320302905201018,0.03320302905201018,0.03320302905201018,0.03320302905201018
807,804,818,14,0.21428571428571427,0.21433268633400873,0.21428571428571427,0.613262591801725,1.3204585816106447,0.04113377601657272,0.08161397818038722,0.0036350400424608807,0.001702371583255261,0.0008814875792183198,0.00377283236099012,0.003918180634173992,0.004228388940234354,0.003178332879879597,0.11049837362264535,0.09431142081056705,0.01862380047259138,0.01859595416557603,0.018611267489786334,0.018608493231477567,0.07568762033797567,0.07571546664499101,0.07570015332078071,0.07570292757908949
808,804,818,14,0.2857142857142857,0.28576972813194473,0.2857142857142857,0.613262591801725,1.3204585816106447,0.04113377601657272,0.25566961540778155,0.0035771271002528107,0.002671663369886233,0.0008408473889439216,0.0035982604593960527,0.003631459268308508,0.0037326487524475564,0.003615668477137514,0.29611656594182967,0.28191660493622733,0.0,0.0,0.0,0.0,0.28191660493622733,0.28191660493622733,0.28191660493622733,0.28191660493622733
809,804,818,14,0.35714285714285715,0.35720625657416166,0.35714285714285715,0.613262591801725,1.3204585816106447,0.04113377601657272,0.3647295757634564,0.003973302258542046,0.003156462093016806,0.0009228047357275408,0.003885153710444754,0.003808957067540882,0.003695262011974319,0.00442972205661862,0.40661740862730894,0.3928151427755343,0.0,0.0,0.0,0.0,0.3928151427755343,0.3928151427755343,0.3928151427755343,0.3928151427755343
811,804,818,14,0.5,0.5000690463442142,0.5,0.613262591801725,1.3204585816106447,0.04113377601657272,0.2807263194251374,0.004693623941429511,0.0028442294964327124,0.0008327191471491954,0.004599271062485643,0.004512555878449962,0.0043638201151881524,0.005138494698397338,0.31288535603282386,0.2941822992127133,0.0,0.0,0.0,0.0,0.2941822992127133,0.2941822992127133,0.2941822992127133,0.2941822992127133
812,804,818,14,0.5714285714285714,0.5714947943163308,0.4285714285714286,0.613262591801725,1.3204585816106447,0.04113377601657272,0.33958262980663967,0.003494214027553181,0.004334218788005193,0.0006061933737386961,0.00335207877644707,0.003210804630845659,0.0029313369454487316,0.004069553767389639,0.3668619512170672,0.36111518875995036,0.0,0.0,0.0,0.0,0.36111518875995036,0.36111518875995036,0.36111518875995036,0.36111518875995036
813,804,818,14,0.6428571428571429,0.6429205422884474,0.3571428571428571,0.613262591801725,1.3204585816106447,0.04113377601657272,0.3269379038283522,0.003506834469691893,0.0035838113910470174,0.0004930046871194009,0.0034492501107423763,0.0033951651444046496,0.0032981709368227344,0.003768813037307612,0.33001982448311157,0.32346998227591034,0.0,0.0,0.0,0.0,0.32346998227591034,0.32346998227591034,0.32346998227591034,0.32346998227591034
814,804,818,14,0.7142857142857143,0.7143411567033733,0.2857142857142857,0.613262591801725,1.3204585816106447,0.04113377601657272,0.21011155635115114,0.008083458246910634,0.0021699079452276553,0.00035292412294443,0.008102724050681628,0.008122902577466588,0.008165970429456451,0.008015649211227369,0.23128736939647473,0.23060765938807068,0.0,0.0,0.0,0.0,0.23060765938807068,0.23060765938807068,0.23060765938807068,0.23060765938807068
816,804,818,14,0.8571428571428571,0.8571757119088773,0.1428571428571429,0.613262591801725,1.3204585816106447,0.04113377601657272,0.05407683248381064,0.008634471181872425,0.002345959064665197,0.0005761773102395968,0.008621571778980434,0.00861106293242853,0.008597249979401523,0.008709732404530086,0.06306654523406156,0.04257597051555096,0.0,0.0,0.0,0.0,0.04257597051555096,0.04257597051555096,0.04257597051555096,0.04257597051555096
817,804,818,14,0.9285714285714286,0.9285901660551744,0.0714285714285714,0.613262591801725,1.3204585816106447,0.04113377601657272,0.0582053432169643,0.008731608525837991,0.001752401009550792,0.0002504462293176946,0.00871851283852293,0.008705847758645545,0.008681816895202903,0.008788257900329376,0.03306974216524819,0.041880311522283886,0.0,0.0,0.0,0.0,0.041880311522283886,0.041880311522283886,0.041880311522283886,0.041880311522283886
819,818,831,13,0.07692307692307693,0.07614847285392966,0.07692307692307693,0.32030241848084606,0.7353936034012228,0.05088088144707692,0.1278243610438273,0.0031350149692060776,0.0018047500359713066,0.0007783622100367655,0.0031820649879499693,0.003240136923677218,0.0033869720365266327,0.003065412467859008,0.1414691384328848,0.11617198661870293,0.0,0.0,0.0,0.0,0.11617198661870293,0.11617198661870293,0.11617198661870293,0.11617198661870293
821,818,831,13,0.23076923076923078,0.2289024922283792,0.23076923076923078,0.32030241848084606,0.7353936034012228,0.05088088144707692,0.2335845129710096,0.003386243417610172,0.0031131984790078253,0.0006793639579502346,0.0033409827508355215,0.003303843053608166,0.003254977888729883,0.00364163132197916,0.27143416199764275,0.24339057045676615,0.0,0.0,0.0,0.0,0.24339057045676615,0.24339057045676615,0.24339057045676615,0.24339057045676615
822,818,831,13,0.3076923076923077,0.3059995982130883,0.3076923076923077,0.32030241848084606,0.7353936034012228,0.05088088144707692,0.18564498947859484,0.0042762342560152865,0.0030311703463558643,0.00043208894534789297,0.004207541192225746,0.004140527015166194,0.0040118697564439235,0.00456625246732498,0.201871301433822,0.1909072445860777,0.0,0.0,0.0,0.0,0.1909072445860777,0.1909072445860777,0.1909072445860777,0.1909072445860777
823,818,831,13,0.38461538461538464,0.3831021781339242,0.38461538461538464,0.32030241848084606,0.7353936034012228,0.05088088144707692,0.19453170905378012,0.004098038530778738,0.004667436260768796,0.0008160185185965381,0.004277692568981698,0.004459442051146273,0.004828278174117752,0.003406954933399825,0.167709480350036,0.19431974939201574,0.0,0.0,0.0,0.0,0.19431974939201574,0.19431974939201574,0.19431974939201574,0.19431974939201574
824,818,831,13,0.46153846153846156,0.4602036632675348,0.46153846153846156,0.32030241848084606,0.7353936034012228,0.05088088144707692,0.1534761505602691,0.00486406433160099,0.003763118582743797,0.001326686602062522,0.005174411713087126,0.0054872546413143085,0.006118893187934078,0.003660271093613753,0.11151369008721529,0.1417509769103462,0.0,0.0,0.0,0.0,0.1417509769103462,0.1417509769103462,0.1417509769103462,0.1417509769103462
826,818,831,13,0.6153846153846154,0.6144181288006223,0.3846153846153846,0.32030241848084606,0.7353936034012228,0.05088088144707692,0.2608352256945185,0.006050120857890861,0.003593843951220601,0.0009863755955287373,0.006259050028404226,0.006470631284734068,0.006900771294471317,0.005247204394959479,0.2624420897421284,0.2708288555760308,0.03037980304482091,0.030439753843879955,0.030432790229902446,0.03038671638383819,0.2404490525312099,0.24038910173215086,0.24039606534612837,0.24044213919219262
827,818,831,13,0.6923076923076923,0.6915305618064865,0.3076923076923077,0.32030241848084606,0.7353936034012228,0.05088088144707692,0.25016296829980134,0.006835483528956227,0.003729957387271091,0.0008963922615904394,0.0070314797937425155,0.007229109280597294,0.007628759168457358,0.0060709753641585455,0.2557258779460773,0.26956866096556975,0.0,0.0,0.0,0.0,0.26956866096556975,0.26956866096556975,0.26956866096556975,0.26956866096556975
828,818,831,13,0.7692307692307693,0.768642447418738,0.23076923076923073,0.32030241848084606,0.7353936034012228,0.05088088144707692,0.13283519935936686,0.007520738069782845,0.002679586534734283,0.0008802805208668968,0.007739054143792691,0.007957466851407915,0.008394551993164346,0.006648630434417141,0.14894617251633346,0.16534536906395356,0.03804468782739614,0.038089944557615316,0.03807533409436066,0.03805930859975828,0.1273006812365574,0.12725542450633825,0.12727003496959288,0.12728606046419527
829,818,831,13,0.8461538461538461,0.8457598069671164,0.15384615384615385,0.32030241848084606,0.7353936034012228,0.05088088144707692,0.043020867004420524,0.008964662457210835,0.002238519393213222,0.0005255922136412079,0.009082705707288698,0.009201111012023694,0.009438953243181234,0.008496411122737042,0.06868233199294121,0.06730662328603607,0.022666765402916962,0.022682201121257312,0.022669354658454606,0.022679599222763493,0.044639857883119104,0.04462442216477876,0.04463726862758146,0.04462702406327257
832,831,850,19,0.05263157894736842,0.052614813185483555,0.05263157894736842,0.23839305325621046,0.37340606201696586,0.022661079772319005,0.1350639606594123,0.007415268505408112,0.01144691836456946,0.000409034375934006,0.007340053703872667,0.00726549952751079,0.007118455894473817,0.007722345364875699,0.08216481067853326,0.13108494783470317,0.0,0.0,0.0,0.0,0.13108494783470317,0.13108494783470317,0.13108494783470317,0.13108494783470317
833,831,850,19,0.10526315789473684,0.10523373427745472,0.10526315789473684,0.23839305325621046,0.37340606201696586,0.022661079772319005,0.16341343735861144,0.01745078589791189,0.022016977334141704,0.0010826083220871487,0.01718496102453351,0.016919289212969115,0.016388434546318068,0.01851548410354626,0.16047546797324172,0.19607194224178193,0.0,0.0,0.0,0.0,0.19607194224178193,0.19607194224178193,0.19607194224178193,0.19607194224178193
834,831,850,19,0.15789473684210525,0.15785190847733724,0.15789473684210525,0.23839305325621046,0.37340606201696586,0.022661079772319005,0.07032978888247163,0.025118197085245472,0.030110480672398646,0.0018594866299472945,0.024654179725034805,0.024190195169350528,0.023262332323152408,0.02697456071129968,0.058404013493875966,0.07842276363793896,0.0,0.0,0.0,0.0,0.07842276363793896,0.07842276363793896,0.07842276363793896,0.07842276363793896
836,831,850,19,0.2631578947368421,0.26309609924403315,0.2631578947368421,0.23839305325621046,0.37340606201696586,0.022661079772319005,0.1756775560470213,0.0361908137726968,0.04167179412064948,0.0023627664743427375,0.0356994614413829,0.03521116195265477,0.03424424306782503,0.03818438359586696,0.17927686680050545,0.20370029204136494,0.008725556731917487,0.008688860740107407,0.008675735591306582,0.008738637163751204,0.19497473530944745,0.19501143130125753,0.19502455645005837,0.19496165487761374
837,831,850,19,0.3157894736842105,0.31572136891875796,0.3157894736842105,0.23839305325621046,0.37340606201696586,0.022661079772319005,0.12486246335098804,0.03929540425595378,0.0450306881734545,0.002552395956448864,0.038866791345998894,0.03844399152101419,0.037616612487783106,0.04106430939950913,0.12902287945876362,0.11682677198105862,0.04485379579799839,0.044843705669743515,0.044842323950276944,0.04485518480193,0.07197297618306023,0.0719830663113151,0.07198444803078168,0.07197158717912862
838,831,850,19,0.3684210526315789,0.368347012039527,0.3684210526315789,0.23839305325621046,0.37340606201696586,0.022661079772319005,0.23102770723139646,0.040274388356981626,0.04640219950859542,0.001837790884366169,0.0400603031802055,0.03985036522627893,0.039443194564766075,0.04117088860169624,0.23686378321740525,0.20548157030229924,0.0,0.0,0.0,0.0,0.20548157030229924,0.20548157030229924,0.20548157030229924,0.20548157030229924
839,831,850,19,0.42105263157894735,0.42097601617469504,0.42105263157894735,0.23839305325621046,0.37340606201696586,0.022661079772319005,0.31749991940908495,0.04085924292579893,0.047373779468552174,0.0016075022896695618,0.04085968486490012,0.04086407921389955,0.04088471889760177,0.040896984642215,0.32270955407167107,0.2800579853928781,0.026527950623244756,0.026491697566557174,0.026489078962295316,0.02653059459681566,0.2535300347696333,0.2535662878263209,0.2535689064305828,0.2535273907960624
841,831,850,19,0.5263157894736842,0.5262373854594301,0.4736842105263158,0.23839305325621046,0.37340606201696586,0.022661079772319005,0.2527702268678729,0.03945759974166938,0.04644009801038077,0.0023041133878127,0.039635176101579704,0.03982029393595267,0.040212733184521295,0.03882471276887789,0.28830333185309703,0.2406586170782091,0.01302969544862521,0.013019201834205952,0.013018626928547525,0.013030304829159609,0.2276289216295839,0.22763941524400313,0.22763999014966158,0.2276283122490495
842,831,850,19,0.5789473684210527,0.5788701240550415,0.42105263157894735,0.23839305325621046,0.37340606201696586,0.022661079772319005,0.19370184779302418,0.038341020137794085,0.04561540156841833,0.0020109483132947034,0.03851111960785867,0.03868700467643761,0.03905581637889612,0.037720003759661766,0.2165943535849694,0.17229585850882242,0.0,0.0,0.0,0.0,0.17229585850882242,0.17229585850882242,0.17229585850882242,0.17229585850882242
843,831,850,19,0.631578947368421,0.6315058502190074,0.368421052631579,0.23839305325621046,0.37340606201696586,0.022661079772319005,0.1172734382538739,0.03669009271315953,0.044277142389219294,0.001668656936796874,0.03678193525482589,0.03687826827383239,0.037084264135069836,0.036368282776428944,0.1533289949331922,0.10901417376122477,0.013201435658571292,0.013224658816409244,0.013231158280180568,0.013194934646871185,0.09581273810265348,0.09578951494481552,0.0957830154810442,0.09581923911435358
844,831,850,19,0.6842105263157895,0.6841419498290178,0.3157894736842105,0.23839305325621046,0.37340606201696586,0.022661079772319005,0.02164356833236007,0.03490252028461165,0.04272294454537821,0.0013845692499480369,0.03488028452658241,0.03486147162834561,0.034834135585286405,0.035025546483633097,0.07160695245448301,0.0,0.0,0.0,0.0,0.0,0.0,0.0,0.0,0.0
846,831,850,19,0.7894736842105263,0.7894208710778362,0.21052631578947367,0.23839305325621046,0.37340606201696586,0.022661079772319005,0.10122104977507379,0.025176658850268374,0.03343379063232267,0.0006787105311656088,0.02507345536143181,0.02497097830800331,0.024768239510455817,0.025596560496451853,0.07487437649476213,0.12004177941692341,0.0,0.0,0.0,0.0,0.12004177941692341,0.12004177941692341,0.12004177941692341,0.12004177941692341
847,831,850,19,0.8421052631578947,0.8420640661626888,0.1578947368421053,0.23839305325621046,0.37340606201696586,0.022661079772319005,0.07433223112594994,0.018576685544231995,0.02705961915512177,0.0005374292281297685,0.018503313623466758,0.01843062907389125,0.018287354794969034,0.018876885510379502,0.05730079057629234,0.07905665045682168,0.03218588397032932,0.03216467646445841,0.03216555745405552,0.03218500605106329,0.04687076648649236,0.04689197399236327,0.046891093002766164,0.046871644405758396
848,831,850,19,0.8947368421052632,0.894706887801497,0.10526315789473684,0.23839305325621046,0.37340606201696586,0.022661079772319005,0.050963422099953394,0.010211991922622222,0.018516910779681234,0.0004095443165936036,0.010171935081614273,0.01013275448236362,0.01005706274444212,0.010380775505917922,0.0696066368188095,0.042824337173975276,0.0,0.0,0.0,0.0,0.042824337173975276,0.042824337173975276,0.042824337173975276,0.042824337173975276
849,831,850,19,0.9473684210526315,0.9473534439007485,0.052631578947368474,0.23839305325621046,0.37340606201696586,0.022661079772319005,0.02424944131340316,0.0037350813395549158,0.00935511580650708,0.0001852894966043705,0.0036954696117504978,0.0036560156200904563,0.0035776016986768357,0.0038950090766147333,0.02030414961000289,0.0,0.0,0.0,0.0,0.0,0.0,0.0,0.0,0.0
851,850,874,24,0.041666666666666664,0.042461833489746505,0.041666666666666664,13.936348854467559,17.503886496649056,0.2280399078843908,0.5695897057139633,0.009019676411620587,0.010166916772350492,0.002156933496106867,0.008580728025649966,0.008153819325526645,0.007344464423607177,0.01086612588203876,0.5803954786594889,0.5666585539920431,0.0,0.0,0.0,0.0,0.5666585539920431,0.5666585539920431,0.5666585539920431,0.5666585539920431
852,850,874,24,0.08333333333333333,0.08411544908945975,0.08333333333333333,13.936348854467559,17.503886496649056,0.2280399078843908,1.1063634471846504,0.01741115476076998,0.018879149094452822,0.0038295293928395703,0.016585916689081243,0.015775617789872243,0.014210016568818535,0.020825528566212104,1.1112416603356943,1.096981248150825,0.01676478007632163,0.013562416456945958,0.015166295331305157,0.015439749174416113,1.0802164680745034,1.083418831693879,1.0818149528195198,1.081541498976409
853,850,874,24,0.125,0.125768465787439,0.125,13.936348854467559,17.503886496649056,0.2280399078843908,1.6159326037596977,0.02536791164978353,0.026933588912912216,0.00503353723772191,0.024292119768056102,0.02323467852844925,0.021185794290781403,0.029814375684528514,1.612816791907444,1.5979490829686507,0.03222951644556324,0.03029624089676251,0.03117375046437775,0.03141279265046595,1.5657195665230874,1.5676528420718883,1.566775332504273,1.5665362903181848
854,850,874,24,0.16666666666666666,0.16741848797674824,0.16666666666666666,13.936348854467559,17.503886496649056,0.2280399078843908,2.0990456563071263,0.03162876885366629,0.033297443292798934,0.005669503375086682,0.03045174094033908,0.02929600556324039,0.027059277502997685,0.03650808234423314,2.0968176962408704,2.081963071401013,0.039524850236412494,0.038548648979213285,0.039007261857240794,0.039182837341079566,2.0424382211646006,2.0434144224218,2.0429558095437725,2.0427802340599337
856,850,874,24,0.25,0.2507125433380267,0.25,13.936348854467559,17.503886496649056,0.2280399078843908,2.9358288259811363,0.04010203971980788,0.041964794440867724,0.005317528687784138,0.039108161255982286,0.03813472797696296,0.03625575018859186,0.0442540391414313,2.930936611217663,2.9141220390671223,0.04772377486634573,0.046657958092375024,0.047140920301973775,0.047394658548076375,2.8663982642007766,2.8674640809747474,2.8669811187651484,2.866727380519046
857,850,874,24,0.2916666666666667,0.292357774313464,0.2916666666666667,13.936348854467559,17.503886496649056,0.2280399078843908,3.259496775389821,0.04211168979293668,0.044061056593732516,0.0048041930604230875,0.04131355620294974,0.04053529904814174,0.0390431383998385,0.045481674554129506,3.2777691966451745,3.259796345721066,0.030885322339914072,0.03303092186641445,0.03245006528998059,0.031910017903822405,3.228911023381152,3.2267654238546517,3.2273462804310857,3.227886327817244
858,850,874,24,0.3333333333333333,0.3339991124276302,0.3333333333333333,13.936348854467559,17.503886496649056,0.2280399078843908,3.415518758672194,0.04560891026371792,0.04760550243622846,0.0045904605610149855,0.04500340101110128,0.04441929255074177,0.04331870923808807,0.04822840944047606,3.464016751650805,3.4446366872093086,0.025076988230012205,0.017452920799912373,0.02068844284123671,0.022554329612198783,3.4195596989792962,3.4271837664093963,3.4239482443680718,3.4220823575971098
859,850,874,24,0.375,0.37564015109092946,0.375,13.936348854467559,17.503886496649056,0.2280399078843908,3.59326914331891,0.04721142890012159,0.0492627714102483,0.004090984796868159,0.046805866167043526,0.04641929788438396,0.045705048864115756,0.04901386394814919,3.6145762569422715,3.594805403527175,0.04166615895314399,0.033408822917293315,0.036591043744517195,0.03895054436656769,3.5531392445740306,3.5613965806098813,3.5582143597826574,3.555854859160607
861,850,874,24,0.4583333333333333,0.45891444269498594,0.4583333333333333,13.936348854467559,17.503886496649056,0.2280399078843908,3.945697146686731,0.04977228655238292,0.05195355392234946,0.0027302222445105932,0.04972684379860558,0.04969073599653532,0.049646601453215686,0.050046820163317435,3.9729063995969263,3.9517512777534085,0.05504896739320865,0.04744072411004134,0.05011225585160113,0.052696345200887215,3.8967023103601997,3.9043105536433673,3.9016390219018073,3.8990549325525214
862,850,874,24,0.5,0.5005479950866102,0.5,13.936348854467559,17.503886496649056,0.2280399078843908,4.0127694012565,0.049790103092999104,0.052026637356335795,0.0023945256503412993,0.049970150918358866,0.050156697645797194,0.05054899749745212,0.04913629096915864,4.044766117201993,4.023007248967511,0.06309980681889543,0.05320439509201943,0.05650669750430353,0.06012954419292193,3.959907442148616,3.9698028538754917,3.966500551463208,3.9628777047745896
863,850,874,24,0.5416666666666666,0.5421806491256335,0.45833333333333337,13.936348854467559,17.503886496649056,0.2280399078843908,4.021826550649499,0.04655391198297229,0.04890315892154625,0.0028468756973378975,0.04703539448837815,0.047522658133682845,0.048513830006313645,0.044689497003516945,4.061978582245019,4.039918358445621,0.02873981288543099,0.014155920645539381,0.01956924435695759,0.025360648782722844,4.01117854556019,4.025762437800082,4.020349114088663,4.014557709662898
864,850,874,24,0.5833333333333334,0.5838103086559866,0.41666666666666663,13.936348854467559,17.503886496649056,0.2280399078843908,3.9145575116966413,0.044700332119581125,0.04708950507472114,0.004184581775660385,0.04556311926111623,0.04643344508631898,0.04819507563938595,0.04133395113692807,3.972288923358596,3.949530576973118,0.047678240747190515,0.04271939664700149,0.04407314851569138,0.04636171965504467,3.9018523362259274,3.9068111803261165,3.9054574284574266,3.9031688573180734
866,850,874,24,0.6666666666666666,0.6670642376010871,0.33333333333333337,13.936348854467559,17.503886496649056,0.2280399078843908,3.4877213117196835,0.035703630782293036,0.03825655638144017,0.00799522941226583,0.037491789888242276,0.03930025227246322,0.04296780484266771,0.02882904153433741,3.5515718921869106,3.5271863422717358,0.022363886991129463,0.0284102127079432,0.026725783538540028,0.02411208008373833,3.5048224552806064,3.4987761295637925,3.5004605587331956,3.5030742621879973
867,850,874,24,0.7083333333333334,0.7086891059175684,0.29166666666666663,13.936348854467559,17.503886496649056,0.2280399078843908,3.2429426119852844,0.030319703034027257,0.03295511864311128,0.009317561853166373,0.03243358282362511,0.03457516908625681,0.0389231129543705,0.022297846978120487,3.2787875978941217,3.252751698897551,0.0,0.0,0.0,0.0,3.252751698897551,3.252751698897551,3.252751698897551,3.252751698897551
868,850,874,24,0.75,0.7503103808236457,0.25,13.936348854467559,17.503886496649056,0.2280399078843908,3.039054097227927,0.02515357743331901,0.027831007832771242,0.009464657172524546,0.027411320765240284,0.029685956636429763,0.03427242992323007,0.016430609645782458,3.0930526930515683,3.0651588739082265,0.021915935757252196,0.015802892860144042,0.01765547548390686,0.019883505201014444,3.0432429381509745,3.0493559810480826,3.0475033984243196,3.045275368707212
869,850,874,24,0.7916666666666666,0.7919310568279888,0.20833333333333337,13.936348854467559,17.503886496649056,0.2280399078843908,2.7391034717993072,0.021170020230696186,0.023891699413713968,0.00866842776687478,0.023288584408418484,0.025415335447750362,0.029686354024198162,0.012858583817248182,2.7965208795433427,2.76725159536704,0.06430890248929243,0.0569495932006007,0.059005037585229285,0.062336302488420266,2.702942692877748,2.7103020021664395,2.708246557781811,2.7049152928786198
871,850,874,24,0.875,0.8751649225650003,0.125,13.936348854467559,17.503886496649056,0.2280399078843908,1.8977971528412343,0.015448136355907333,0.01803985543155681,0.006365979900469228,0.01656242773555814,0.01774961466151034,0.020290775599766726,0.012108908269851554,1.9646236011551304,1.9326858284583897,0.04126963434275903,0.03865503211048324,0.03912407435174616,0.040772429269526664,1.8914161941156307,1.8940307963479064,1.8935617541066434,1.891913399188863
872,850,874,24,0.9166666666666666,0.9167784117485356,0.08333333333333337,13.936348854467559,17.503886496649056,0.2280399078843908,1.3491237999869188,0.011575807160131757,0.01405514635648143,0.00460907286961806,0.0121980285213969,0.012893406543607827,0.014460371003112775,0.010068932351761407,1.4264930470984292,1.3925507158635726,0.03028682834084719,0.0302458918008897,0.030203979508989353,0.030162335304107935,1.3622638875227253,1.362304824062683,1.3623467363545831,1.3623883805594648
873,850,874,24,0.9583333333333334,0.9583910025794697,0.04166666666666663,13.936348854467559,17.503886496649056,0.2280399078843908,0.6952250303940363,0.005561891700792199,0.007872592014790849,0.002383563660350514,0.005710609314018078,0.005915881181085943,0.0064731251237392365,0.005597381634388046,0.7692314783554223,0.7362726503511543,0.04737502254976749,0.047843366954646124,0.047658246193831626,0.04754412712827224,0.6888976278013869,0.6884292833965082,0.6886144041573227,0.688728523222882
876,874,882,8,0.25,0.25000899675397115,0.25,12.276415190561726,46.325201472799044,0.07701766986167033,0.3636619609895198,0.002649535202452818,0.0014099875575944525,0.0016191363960207478,0.002808974602899057,0.003014687410668323,0.003530926919876266,0.002610715228132799,0.35437787682985517,0.3645007172218342,0.011021761464764572,0.00846991076772041,0.009892272008846978,0.010003145510969685,0.3534789557570696,0.3560308064541138,0.35460844521298723,0.3544975717108645
877,874,882,8,0.375,0.37500719740317695,0.375,12.276415190561726,46.325201472799044,0.07701766986167033,0.4249329642977951,0.0036669883684266233,0.002367039226310979,0.0019093496416130694,0.003834303986149292,0.004051255660775525,0.004604492283706673,0.0036032610654090644,0.4095378890465394,0.41869474445432714,0.0,0.0,0.0,0.0,0.41869474445432714,0.41869474445432714,0.41869474445432714,0.41869474445432714
878,874,882,8,0.5,0.4999937022722202,0.5,12.276415190561726,46.325201472799044,0.07701766986167033,0.3318371392039751,0.0023224069348237804,0.0017420884026284986,0.0015072286469968966,0.0023868471114772455,0.002506884833913963,0.0028829218281572234,0.0026494123996135877,0.367591512929249,0.37829519766257735,0.046132422774111746,0.049463121716712494,0.04780806386745723,0.04772864924586506,0.33216277488846563,0.32883207594586483,0.3304871337951201,0.3305665484167123
879,874,882,8,0.625,0.6249793074658663,0.375,12.276415190561726,46.325201472799044,0.07701766986167033,0.2387995609669333,0.0027550438349620136,0.000691048332691995,0.001082317484708115,0.002820950851429064,0.002910616304496992,0.0031525883937332357,0.002754004676871938,0.238548298166484,0.2503581771960064,0.02079337596481064,0.025313901225729078,0.02320402816157275,0.0229634906165805,0.22956480123119574,0.22504427597027732,0.22715414903443365,0.22739468657942588
881,874,882,8,0.875,0.8748560519364613,0.125,12.276415190561726,46.325201472799044,0.07701766986167033,0.23620713654922473,0.002032807787943496,0.0014016700041124311,0.0008078243317743248,0.0019362887333709323,0.0018567964708355138,0.001757660047049543,0.0025456642485738802,0.2253123624741862,0.23194704218838574,0.0,0.0,0.0,0.0,0.23194704218838574,0.23194704218838574,0.23194704218838574,0.23194704218838574
883,882,890,8,0.125,0.1250233695261379,0.125,12.031237076268331,45.35725335617006,0.07453254522014748,0.29666909437977795,0.0017545426810012218,0.0022932170402646156,0.0009204972374811615,0.0018808921134490168,0.0020255874853832238,0.0023561084195199283,0.0015166487671173824,0.2965357603091519,0.2968110890104903,0.0,0.0,0.0,0.0,0.2968110890104903,0.2968110890104903,0.2968110890104903,0.2968110890104903
884,882,890,8,0.25,0.2500359531171353,0.25,12.031237076268331,45.35725335617006,0.07453254522014748,0.4765108805008609,0.0030085213236229467,0.002559733041354897,0.000625111387932421,0.0031581220769209537,0.003308340230642842,0.0036103201703377155,0.0024185776546735436,0.4880725340670832,0.4851134042822095,0.013806607844225008,0.014049911562079775,0.013855131307822153,0.013805682040686771,0.4713067964379845,0.4710634927201297,0.4712582729743873,0.47130772224152273
886,882,890,8,0.5,0.500049435536061,0.5,12.031237076268331,45.35725335617006,0.07453254522014748,0.5031923942352925,0.0089811480441356,0.008485093986304731,0.003403389139328293,0.008328111712683236,0.007713737836574074,0.006643343393876079,0.011847115437936694,0.478805345372627,0.48296532070133674,0.0,0.0,0.0,0.0,0.48296532070133674,0.48296532070133674,0.48296532070133674,0.48296532070133674
887,882,890,8,0.625,0.6250476378802042,0.375,12.031237076268331,45.35725335617006,0.07453254522014748,0.7428924736541122,0.011128688616207881,0.010682445934985744,0.004283471352755387,0.010328822348158727,0.009582011674845025,0.008303989918837542,0.014677718682432454,0.7193363098662285,0.7267326739397639,0.03872793995063537,0.039548453383084076,0.03921234975189093,0.038996294921524385,0.6880047339891285,0.6871842205566798,0.687520324187873,0.6877363790182396
888,882,890,8,0.75,0.7500368519450636,0.25,12.031237076268331,45.35725335617006,0.07453254522014748,0.7152189039405877,0.008398754342141466,0.008202133766191817,0.003535107964536317,0.007711602245319114,0.00706828603131602,0.005969150232806194,0.011421093254996602,0.7005807315205888,0.7107715112689728,0.01972302729845544,0.019792686644730426,0.020223668263839572,0.019272248739100068,0.6910484839705173,0.6909788246242423,0.6905478430051332,0.6914992625298727
889,882,890,8,0.875,0.8750233695261379,0.125,12.031237076268331,45.35725335617006,0.07453254522014748,0.40268786233318354,0.004556573621083591,0.0046044361756610586,0.0017651686105285484,0.004178669129142697,0.00381440240998437,0.0031456125696002627,0.006153168967115649,0.37866912965575994,0.39085849778539655,0.0,0.0,0.0,0.0,0.39085849778539655,0.39085849778539655,0.39085849778539655,0.39085849778539655
891,890,903,13,0.07692307692307693,0.07694687344181225,0.07692307692307693,14.706445286779124,34.13599671282573,0.08637383956202278,0.06372488836680708,0.0032293243224705372,0.0043149869401260576,0.0005107144995179976,0.0033405039480889844,0.0034528251240395587,0.003680473032737345,0.002798722568374525,0.059498150499115436,0.06919676261223295,0.026232750353005346,0.02590269351015335,0.026042985192716923,0.026041080579294308,0.04296401225922761,0.0432940691020796,0.04315377741951603,0.043155682032938646
892,890,903,13,0.15384615384615385,0.15388710599467512,0.15384615384615385,14.706445286779124,34.13599671282573,0.08637383956202278,0.19435437550294415,0.008694407235377783,0.01037010826001217,0.0007110858775164957,0.008791624193602271,0.00889133286628701,0.009097895617463112,0.008332167541122261,0.20732705024243073,0.2103794503941102,0.038802619324569895,0.039145873595586064,0.03901200913668704,0.03901932661159799,0.1715768310695403,0.17123357679852413,0.17136744125742318,0.17136012378251222
893,890,903,13,0.23076923076923078,0.23082623173271308,0.23076923076923078,14.706445286779124,34.13599671282573,0.08637383956202278,0.5627534669959963,0.012043067857642057,0.013678204682014796,0.0018740230261215858,0.012113230137440036,0.012200991787112505,0.012427747137186055,0.011943449775779741,0.5988835113509073,0.5983429778349741,0.0,0.0,0.0,0.0,0.5983429778349741,0.5983429778349741,0.5983429778349741,0.5983429778349741
894,890,903,13,0.3076923076923077,0.30775982339662655,0.3076923076923077,14.706445286779124,34.13599671282573,0.08637383956202278,0.7167902823488305,0.01422426391737169,0.016105678426122785,0.0024927335648354766,0.014467219850430356,0.01473254667355537,0.015325568155816661,0.013498658079009827,0.746480669529093,0.7480618649775643,0.04290780624782614,0.04193609227598012,0.04248494738124792,0.04251885062450563,0.7051540587297382,0.7061257727015842,0.7055769175963165,0.7055430143530587
896,890,903,13,0.46153846153846156,0.4616170453910294,0.46153846153846156,14.706445286779124,34.13599671282573,0.08637383956202278,0.4898784241213377,0.012896545376524793,0.014897609316998307,0.0023174639502816187,0.013462327593972184,0.014029218643288509,0.015165829631577468,0.010648035274415716,0.5012654817264789,0.4827813638339196,0.0,0.0,0.0,0.0,0.4827813638339196,0.4827813638339196,0.4827813638339196,0.4827813638339196
897,890,903,13,0.5384615384615384,0.5385412291289312,0.46153846153846156,14.706445286779124,34.13599671282573,0.08637383956202278,0.6589329613125584,0.012210582046113777,0.014530604405172107,0.001902561578331586,0.01260105380592913,0.012997202302991376,0.01380456778695241,0.010717743099359807,0.6861127968434181,0.6635103205745874,0.0,0.0,0.0,0.0,0.6635103205745874,0.6635103205745874,0.6635103205745874,0.6635103205745874
898,890,903,13,0.6153846153846154,0.6154593253852961,0.3846153846153846,14.706445286779124,34.13599671282573,0.08637383956202278,0.708075610658516,0.01453276323273205,0.017259974388430986,0.0019632641008815637,0.014480344903312528,0.014444423512218618,0.014422507999197835,0.014903103342257048,0.741039346452266,0.7152505875100817,0.019305550282703095,0.017319128559321943,0.018151876225927357,0.018372288815272305,0.6959450372273787,0.6979314589507598,0.6970987112841543,0.6968782986948094
899,890,903,13,0.6923076923076923,0.6923757614194236,0.3076923076923077,14.706445286779124,34.13599671282573,0.08637383956202278,0.9369467869624298,0.016185753361706304,0.0192582357214625,0.0036150276575492627,0.01568593384644278,0.015223402461491762,0.014424270019850778,0.018494174977438122,1.0018297581021425,0.9848357075870373,0.047163234441003746,0.04451990981284747,0.04580069110657834,0.04594512211132083,0.9376724731460335,0.9403157977741898,0.939035016480459,0.9388905854757165
901,890,903,13,0.8461538461538461,0.8461953517097799,0.15384615384615385,14.706445286779124,34.13599671282573,0.08637383956202278,0.8566379682970608,0.010014480660533577,0.01384534171832466,0.0034941788975973447,0.009467107531162757,0.008971543227563909,0.008172637025593468,0.012578005493126768,0.8873982464050055,0.8756972105526419,0.03235953875898873,0.03283771399455681,0.03289150916012843,0.03218775593474702,0.8433376717936532,0.8428594965580851,0.8428057013925135,0.843509454617895
902,890,903,13,0.9230769230769231,0.9230985059660086,0.07692307692307687,14.706445286779124,34.13599671282573,0.08637383956202278,0.42410344061512784,0.002721220513153491,0.0066861275897696255,0.001502225582088233,0.0023981849241126872,0.002092755597701439,0.0015756115485605058,0.004103765808305568,0.4251959571817639,0.40409048420791593,0.046281022480149786,0.04733765993213457,0.0469172005738875,0.04663823079745395,0.3578094617277662,0.35675282427578137,0.35717328363402845,0.357452253410462
904,903,914,11,0.09090909090909091,0.09069416948802952,0.09090909090909091,14.340264349765992,39.25916012696681,0.07270910730945976,0.12390546026596744,0.004470566144184127,0.003575972543742746,0.0016196786057281858,0.004118344073544504,0.0037767014728337647,0.0031388956295504877,0.005946929888400201,0.09820956891487911,0.11138017296861263,0.026270755724476128,0.02496378093171848,0.025677180810617935,0.0256644071073023,0.08510941724413651,0.08641639203689415,0.0857029921579947,0.08571576586131033
906,903,914,11,0.2727272727272727,0.27207206501568804,0.2727272727272727,14.340264349765992,39.25916012696681,0.07270910730945976,0.42284413330575044,0.007360186914067847,0.007420607141297727,0.004350915780875103,0.0063373623083206295,0.0053402508518208885,0.0035113303713642297,0.011570488239815041,0.42638197359776375,0.4785747639963454,0.05915239720315242,0.059074526287705896,0.05914713682492285,0.05914833814433809,0.419422366793193,0.41950023770863953,0.41942762717142257,0.4194264258520073
907,903,914,11,0.36363636363636365,0.36275579105531697,0.36363636363636365,14.340264349765992,39.25916012696681,0.07270910730945976,0.47277950547501235,0.013048701812267163,0.013104476330625331,0.0059007481471197035,0.011604112779538914,0.010168313596758238,0.0073437046622550186,0.01887445091111212,0.46772556452222147,0.5109774918181985,0.023909418699401715,0.0274955341640666,0.025655415563699602,0.025710519669441233,0.4870680731187968,0.48348195765413193,0.4853220762544989,0.4852669721487573
908,903,914,11,0.45454545454545453,0.4534323372241706,0.45454545454545453,14.340264349765992,39.25916012696681,0.07270910730945976,0.6922346408422958,0.013600227908013532,0.0135633018533473,0.007049043140836704,0.01184663060630615,0.010096050735054903,0.006613530550348966,0.020629387542100457,0.7328350923610417,0.7579718173406914,0.05500097283062371,0.05853409769488668,0.05672634113871337,0.05673193619810355,0.7029708445100677,0.6994377196458047,0.7012454762019781,0.7012398811425878
909,903,914,11,0.5454545454545454,0.5441075779619741,0.4545454545454546,14.340264349765992,39.25916012696681,0.07270910730945976,0.9229087898966631,0.015918090689671396,0.015687546013868292,0.007125100643825243,0.014160105962317943,0.012408765970943486,0.008941636552164517,0.022985919092946276,0.9534201752407682,0.9766421974820515,0.04962345341415557,0.05240240409048067,0.051048554946538184,0.05086687695149222,0.927018744067896,0.9242397933915708,0.9255936425355134,0.9257753205305593
911,903,914,11,0.7272727272727273,0.7254410888339302,0.2727272727272727,14.340264349765992,39.25916012696681,0.07270910730945976,0.8486649321125518,0.008195360705957055,0.008652524302540739,0.004228161829868118,0.007295523458682125,0.006443605902680697,0.004981450911848311,0.012052706166394356,0.8326341073444632,0.8668335619496979,0.0,0.0,0.0,0.0,0.8668335619496979,0.8668335619496979,0.8668335619496979,0.8668335619496979
912,903,914,11,0.8181818181818182,0.8163813320748978,0.18181818181818177,14.340264349765992,39.25916012696681,0.07270910730945976,0.5885938520189347,0.004983050394100791,0.005277672918897024,0.002551676183887393,0.0048290364625819485,0.004756288101259163,0.004865109191776905,0.006246150631166451,0.558381252970449,0.5846808515152684,0.03208357236904239,0.03235893803127456,0.03197793563318708,0.03240467368919065,0.552597279146226,0.5523219134839938,0.5527029158820813,0.5522761778260777
913,903,914,11,0.9090909090909091,0.9081890342486363,0.09090909090909094,14.340264349765992,39.25916012696681,0.07270910730945976,0.2548276126629639,0.001466254845027758,0.0021253145608417894,0.0015684132091272453,0.0018038350672554095,0.0021599140326582487,0.0029000886165185475,0.0008995179523521792,0.21737571453699828,0.23874583468458035,0.0,0.0,0.0,0.0,0.23874583468458035,0.23874583468458035,0.23874583468458035,0.23874583468458035
916,914,927,13,0.15384615384615385,0.1537916181542885,0.15384615384615385,14.416955157504297,33.05351540367268,0.184640210409364,0.5471470334279022,0.008105033371240888,0.005754906995583687,0.0044635392210005806,0.0070914691125087735,0.006113648681072556,0.004361585219956901,0.012337182458800222,0.596413412026587,0.6249622098789779,0.07993340288536963,0.08132527155779241,0.08049214341665513,0.08056349833944232,0.5450288069936082,0.5436369383211854,0.5444700664623228,0.5443987115395356
917,914,927,13,0.23076923076923078,0.2306958998157896,0.23076923076923078,14.416955157504297,33.05351540367268,0.184640210409364,0.9050133909071941,0.013179242470863889,0.010626548957786313,0.0073178305488921834,0.011399985865660833,0.009639541164469367,0.006238942024762024,0.020385331846891775,0.9485843109593497,0.9761313617913107,0.06749787019513255,0.06964318143491989,0.068331744059345,0.0685152878505339,0.9086334915961781,0.9064881803563908,0.9077996177319656,0.9076160739407768
918,914,927,13,0.3076923076923077,0.3076029145690188,0.3076923076923077,14.416955157504297,33.05351540367268,0.184640210409364,1.1664919307947708,0.01809397373869057,0.015563501745640078,0.009879364795342072,0.01568094725497157,0.01328881330536726,0.008636790888581714,0.027845885009793684,1.1941885570862185,1.2213702634387116,0.05981987420603074,0.06240959111302235,0.0608048967471945,0.06106583183090687,1.1615503892326808,1.1589606723256893,1.160565366691517,1.1603044316078046
919,914,927,13,0.38461538461538464,0.3845170353607408,0.38461538461538464,14.416955157504297,33.05351540367268,0.184640210409364,1.3192792831707836,0.02267370226032059,0.020115829568672028,0.011337928958500377,0.01988070466414406,0.01710136371257199,0.011622857824292107,0.0339145984866638,1.334029323553205,1.3617780630452996,0.054148950570963424,0.055957140618469126,0.054825146540717386,0.05484613065403518,1.3076291124743362,1.3058209224268305,1.3069529165045821,1.3069319323912645
921,914,927,13,0.5384615384615384,0.5383583957844793,0.46153846153846156,14.416955157504297,33.05351540367268,0.184640210409364,1.3985461131026484,0.020480489577925715,0.018376439938077638,0.010858734453720023,0.017843874877499152,0.015234707157611771,0.010183231705754142,0.031161304956672884,1.354678190849464,1.4091938018903856,0.0,0.0,0.0,0.0,1.4091938018903856,1.4091938018903856,1.4091938018903856,1.4091938018903856
922,914,927,13,0.6153846153846154,0.6152850887981502,0.3846153846153846,14.416955157504297,33.05351540367268,0.184640210409364,1.3414559875386216,0.017059402669416322,0.015174448903966834,0.009891102016547196,0.014757380438395003,0.012520645860237269,0.008451442221806786,0.026576067456445383,1.2716586222876578,1.3403465148928735,0.0,0.0,0.0,0.0,1.3403465148928735,1.3403465148928735,1.3403465148928735,1.3403465148928735
923,914,927,13,0.6923076923076923,0.6922194344686596,0.3076923076923077,14.416955157504297,33.05351540367268,0.184640210409364,1.2286799113535605,0.015276096870400872,0.01338390010525138,0.008505583192433715,0.013471299759094182,0.011774371192776974,0.008949020678176153,0.02305044882374593,1.149785025085383,1.2234697877914364,0.016946389133694093,0.018791361991216046,0.017590865652479196,0.01762579681145101,1.2065233986577424,1.2046784258002203,1.2058789221389572,1.2058439909799854
924,914,927,13,0.7692307692307693,0.7691565132308971,0.23076923076923073,14.416955157504297,33.05351540367268,0.184640210409364,1.0988016513982404,0.012103355196938798,0.010227689125496783,0.006543102208163216,0.010889184004606487,0.009798416854899602,0.00818124880166515,0.01765428999152109,1.0360486471986892,1.1030588424244785,0.04424987612776475,0.044958923648677034,0.04459643974986541,0.04443986725220517,1.0588089662967137,1.0580999187758016,1.058462402674613,1.0586189751722732
926,914,927,13,0.9230769230769231,0.9230465226873944,0.07692307692307687,14.416955157504297,33.05351540367268,0.184640210409364,0.5131999156671858,0.005793574291657198,0.0027916080158618944,0.002055513446935095,0.0058418492377327845,0.005934394990322386,0.006243488807921534,0.006049803692048478,0.4562579154958512,0.5056216730581891,0.007235602254777902,0.0072618282536673455,0.0072208631870849796,0.007180901490466866,0.49838607080341113,0.4983598448045217,0.4984008098711041,0.4984407715677222
928,927,939,12,0.08333333333333333,0.08330291036832399,0.08333333333333333,5.003114351560867,12.416464575662742,0.04953462604371285,0.3864359233768377,0.005383252637961337,0.006007550262273844,0.00022468015210428432,0.005334272456546723,0.005285435314480999,0.00518820629393077,0.0055805282654379455,0.37740461663018054,0.40549996435066205,0.012930861756950159,0.013048616864132596,0.012982101802417989,0.013000923161739895,0.39256910259371186,0.39245134748652943,0.39251786254824406,0.39249904118892215
929,927,939,12,0.16666666666666666,0.16661351276669895,0.16666666666666666,5.003114351560867,12.416464575662742,0.04953462604371285,0.7057859107002418,0.009508846350098233,0.0095581442772671,0.0006857662639266857,0.009449623627727511,0.00939315702640562,0.00928869079149585,0.009772261352267093,0.6960134912800097,0.7172592999591331,0.0,0.0,0.0,0.0,0.7172592999591331,0.7172592999591331,0.7172592999591331,0.7172592999591331
931,927,939,12,0.3333333333333333,0.33324832653969294,0.3333333333333333,5.003114351560867,12.416464575662742,0.04953462604371285,1.0729665608033898,0.01685999536152624,0.016041425452476075,0.0020806493177807856,0.01686221900209332,0.016880478472375997,0.01696485231629805,0.01701090462717169,1.0668406962551167,1.0798937829430342,0.020065820268474643,0.020433846495330567,0.020160848214320168,0.020329148300320118,1.0598279626745595,1.0594599364477035,1.059732934728714,1.059564634642714
932,927,939,12,0.4166666666666667,0.4165719462196927,0.4166666666666667,5.003114351560867,12.416464575662742,0.04953462604371285,1.1058051456457185,0.01833713907438185,0.017303370656879216,0.0014822961367004198,0.01843722525003173,0.01854417780968471,0.018778205259278435,0.01800763032107793,1.0799114488670158,1.0995601475232297,0.025508099037439506,0.02567424305792233,0.025516321283765055,0.025659193837780522,1.0740520484857903,1.0738859044653073,1.0740438262394647,1.0739009536854491
933,927,939,12,0.5,0.4999038496243627,0.5,5.003114351560867,12.416464575662742,0.04953462604371285,1.0866070102740535,0.019255101837631905,0.01805140189972582,0.0007844785680671237,0.019367467310521958,0.019481159079958114,0.019712429447725915,0.018819373849070863,1.046086202888314,1.0765320304156798,0.0,0.0,0.0,0.0,1.0765320304156798,1.0765320304156798,1.0765320304156798,1.0765320304156798
934,927,939,12,0.5833333333333334,0.5832387115021292,0.41666666666666663,5.003114351560867,12.416464575662742,0.04953462604371285,1.0473941575766217,0.019626032313172812,0.018243483382860536,0.0010787959191958076,0.019671960821011525,0.01972147093420089,0.01983112673493436,0.01947861140864321,1.0026932034948177,1.0409118495081604,0.0,0.0,0.0,0.0,1.0409118495081604,1.0409118495081604,1.0409118495081604,1.0409118495081604
936,927,939,12,0.75,0.7499267777908608,0.25,5.003114351560867,12.416464575662742,0.04953462604371285,0.7427783783256877,0.014927577486921228,0.012917040613679398,0.0005754536440151178,0.014942247332730259,0.014958286480708865,0.014994454731602708,0.01488266643954681,0.6831155145449621,0.726846278252557,0.0,0.0,0.0,0.0,0.726846278252557,0.726846278252557,0.726846278252557,0.726846278252557
937,927,939,12,0.8333333333333334,0.8332793905072066,0.16666666666666663,5.003114351560867,12.416464575662742,0.04953462604371285,0.540903420041404,0.013055298105093628,0.01081251429188982,0.00037805920955832017,0.013090845562467129,0.013126977282055868,0.013200974240461436,0.012919046166813542,0.501509962616609,0.5417209738541026,0.024796959880335593,0.02489111442910273,0.024740412377638153,0.024946760912955623,0.516924013973767,0.5168298594249998,0.5169805614764644,0.5167742129411469
938,927,939,12,0.9166666666666666,0.9166361450858874,0.08333333333333337,5.003114351560867,12.416464575662742,0.04953462604371285,0.3127406743516419,0.006833876144948327,0.004363300017381044,0.00033948228587576056,0.0068787662645558405,0.006924405642947382,0.007017873464439288,0.006662107385126202,0.26939088522801485,0.3043009185950402,0.0,0.0,0.0,0.0,0.3043009185950402,0.3043009185950402,0.3043009185950402,0.3043009185950402
941,939,960,21,0.09523809523809523,0.09626730734872478,0.09523809523809523,1.9480854783442394,2.791265359873343,0.06032713609859494,0.2923556106756734,0.022597276495507603,0.020188215048428278,0.0033082640597351964,0.02179998227248772,0.021004990491147953,0.019423044344192796,0.02580520065045483,0.3200719262226397,0.2927484262039091,0.0,0.0,0.0,0.0,0.2927484262039091,0.2927484262039091,0.2927484262039091,0.2927484262039091
942,939,960,21,0.14285714285714285,0.1443987405446048,0.14285714285714285,1.9480854783442394,2.791265359873343,0.06032713609859494,0.40019213693508515,0.028980989855866734,0.026489592586449968,0.00434157490202806,0.027917552680450864,0.026855872381742456,0.024738686829700235,0.03324893179116521,0.4344343694985149,0.4087928297192419,0.0,0.0,0.0,0.0,0.4087928297192419,0.4087928297192419,0.4087928297192419,0.4087928297192419
943,939,960,21,0.19047619047619047,0.1919507996626239,0.19047619047619047,1.9480854783442394,2.791265359873343,0.06032713609859494,0.519124465459868,0.03529755952243538,0.03247252108671398,0.005175589713596389,0.034016759422068124,0.03273698941607625,0.030181063736363742,0.040429101721263294,0.5516068231261602,0.5259791819449057,0.0,0.0,0.0,0.0,0.5259791819449057,0.5259791819449057,0.5259791819449057,0.5259791819449057
944,939,960,21,0.23809523809523808,0.23949807621160407,0.23809523809523808,1.9480854783442394,2.791265359873343,0.06032713609859494,0.6563469917911867,0.03943592151464305,0.036220047000447064,0.0060856108678035365,0.03791913775032826,0.036402739487599166,0.03337130966132585,0.04550614048867173,0.6897198604743526,0.6659426778822981,0.01807527252813507,0.01798791159908804,0.018016613233367094,0.018045471592009574,0.647867405354163,0.64795476628321,0.647926064648931,0.6478972062902886
946,939,960,21,0.3333333333333333,0.33458921318882234,0.3333333333333333,1.9480854783442394,2.791265359873343,0.06032713609859494,0.6748809786459634,0.051770467610092664,0.04778003888426827,0.00820167436428834,0.0497386475622471,0.04770841895171576,0.04365362404618932,0.059910422010906635,0.7348673223404507,0.7085632705656172,0.03540139569956897,0.035371710878122214,0.03537457793136081,0.03540034238113818,0.6731618748660482,0.673191559687495,0.6731886926342564,0.673162928184479
947,939,960,21,0.38095238095238093,0.38213204878083773,0.38095238095238093,1.9480854783442394,2.791265359873343,0.06032713609859494,0.5490046977993837,0.055807463668087254,0.05146417067252681,0.009005210561162661,0.053610460938290035,0.05141815603581498,0.04705026511941566,0.06463285688273579,0.5911580275146265,0.5680233416254806,0.01484773556745499,0.014740935388632201,0.014755374840784022,0.014836586142198196,0.5531756060580256,0.5532824062368484,0.5532679667846966,0.5531867554832824
948,939,960,21,0.42857142857142855,0.4296721514762595,0.42857142857142855,1.9480854783442394,2.791265359873343,0.06032713609859494,0.43337465160759486,0.05960784731810299,0.05483218456068638,0.00933097202872455,0.057368088898126,0.055136042346394486,0.05069915570154054,0.06862886137004735,0.46719957667302514,0.4503790109467956,0.036248172941590974,0.03630043199158649,0.03623880866857295,0.036311842728592066,0.4141308380052046,0.4140785789552091,0.4141402022782227,0.41406716821820355
949,939,960,21,0.47619047619047616,0.4772112293354586,0.47619047619047616,1.9480854783442394,2.791265359873343,0.06032713609859494,0.3308734748806254,0.05662567560985343,0.051456147304587835,0.008970820583185674,0.054520291675017485,0.05242629801089973,0.048278402199645666,0.0651389392104705,0.33448692798291246,0.33453638952343506,0.03850863338734333,0.038563990912054466,0.038503159756907275,0.03857040707258642,0.2960277561360917,0.2959723986113806,0.2960332297665278,0.29596598245084865
951,939,960,21,0.5714285714285714,0.5722822112002984,0.4285714285714286,1.9480854783442394,2.791265359873343,0.06032713609859494,0.27041059881097,0.053063313776423864,0.04715228143513036,0.0065509745214356735,0.051666522140788276,0.050284273482983505,0.047568463125037784,0.05877501499917584,0.2246968292106874,0.24729730888392648,0.010782156331741732,0.010770035890891377,0.010770118867778733,0.01078282330365727,0.23651515255218475,0.2365272729930351,0.23652719001614775,0.23651448558026922
952,939,960,21,0.6190476190476191,0.6198141152059391,0.38095238095238093,1.9480854783442394,2.791265359873343,0.06032713609859494,0.3523318716880462,0.05069845451156968,0.04438081432987583,0.0050946828478613294,0.04973467104822606,0.04878510216094417,0.04693204654078028,0.054680537432051826,0.2967247341528767,0.3240135737580371,0.0,0.0,0.0,0.0,0.3240135737580371,0.3240135737580371,0.3240135737580371,0.3240135737580371
953,939,960,21,0.6666666666666666,0.6673449943753572,0.33333333333333337,1.9480854783442394,2.791265359873343,0.06032713609859494,0.4849201531103324,0.04699919087718108,0.0403135613497007,0.004060579075808181,0.046422858783136345,0.04586175672488132,0.04478751687568821,0.0494459586133299,0.4411467199817393,0.4654854866039386,0.020042211172859047,0.02001183508299107,0.019926346125172346,0.020129251000456504,0.4454432754310796,0.44547365152094753,0.44555914047876627,0.44535623560348214
954,939,960,21,0.7142857142857143,0.7148727990361073,0.2857142857142857,1.9480854783442394,2.791265359873343,0.06032713609859494,0.5871874555675057,0.043814249456574195,0.03667423271763829,0.003679841676365071,0.04357886314989536,0.043361720742806004,0.04298325038306092,0.0449321662834004,0.5485661295638757,0.5694264131881912,0.021937774099028036,0.021850442663061645,0.021808533612614475,0.021982001522290323,0.5474886390891631,0.5475759705251295,0.5476178795755767,0.5474444116659009
956,939,960,21,0.8095238095238095,0.8099232841764945,0.19047619047619047,1.9480854783442394,2.791265359873343,0.06032713609859494,0.7328375896883706,0.03386861779182567,0.02594660087602963,0.0034044687146226093,0.03413013109227452,0.034410713833434546,0.035027223491716226,0.03302182567903523,0.7063045406764596,0.7262628069986103,0.0,0.0,0.0,0.0,0.7262628069986103,0.7262628069986103,0.7262628069986103,0.7262628069986103
957,939,960,21,0.8571428571428571,0.8574459646561315,0.1428571428571429,1.9480854783442394,2.791265359873343,0.06032713609859494,0.6265169292475624,0.028095829616249016,0.019717269694987962,0.0028542128081089106,0.028542328524218133,0.02899951223189443,0.029943965050193807,0.02642732113233021,0.600317751823795,0.6207075147520174,0.0,0.0,0.0,0.0,0.6207075147520174,0.6207075147520174,0.6207075147520174,0.6207075147520174
958,939,960,21,0.9047619047619048,0.9049659122391749,0.09523809523809523,1.9480854783442394,2.791265359873343,0.06032713609859494,0.41515952954894536,0.022404129618679897,0.013664346466520884,0.002173764194140305,0.022855721143981156,0.023311233566645738,0.024233134799539115,0.020642086311030594,0.3880399200283685,0.4106115658415378,0.0,0.0,0.0,0.0,0.4106115658415378,0.4106115658415378,0.4106115658415378,0.4106115658415378
959,939,960,21,0.9523809523809523,0.9524848349859956,0.04761904761904767,1.9480854783442394,2.791265359873343,0.06032713609859494,0.20361172313735063,0.014259215053002702,0.005116083222747727,0.0014316712157718585,0.014571281078360532,0.014885411009111607,0.015519360461295375,0.013034540408778496,0.17442119428087297,0.20055597541008213,0.0,0.0,0.0,0.0,0.20055597541008213,0.20055597541008213,0.20055597541008213,0.20055597541008213
961,960,975,15,0.06666666666666667,0.06658538033196229,0.06666666666666667,1.9234405399576113,3.862055630158843,0.029650697436983207,0.07024725398878681,0.0062468594804966394,0.0008371066320994944,0.000363655605797815,0.006301404757620769,0.006356782294889871,0.006469948347551365,0.006037446970153438,0.03242241718882522,0.06370447030730202,0.0,0.0,0.0,0.0,0.06370447030730202,0.06370447030730202,0.06370447030730202,0.06370447030730202
962,960,975,15,0.13333333333333333,0.13316501604663097,0.13333333333333333,1.9234405399576113,3.862055630158843,0.029650697436983207,0.15760320706512018,0.006855148099197294,0.001885337198819579,0.0009626863441409076,0.006866452406332045,0.006886154765874753,0.006950437537005591,0.006894277261789728,0.14212570885077636,0.15743890522808512,0.0,0.0,0.0,0.0,0.15743890522808512,0.15743890522808512,0.15743890522808512,0.15743890522808512
963,960,975,15,0.2,0.19974465176129966,0.2,1.9234405399576113,3.862055630158843,0.029650697436983207,0.27519139054272074,0.005405925308788546,0.002924990319734589,0.0010499813657875072,0.005357114792497151,0.005320821079902642,0.00528672638962171,0.005718697640781553,0.26646620608724797,0.27823649146293655,0.02890718191974329,0.028842413122272627,0.02886851769785259,0.028880781658976385,0.24932930954319327,0.24939407834066393,0.24936797376508396,0.24935570980396016
964,960,975,15,0.26666666666666666,0.26631902157678256,0.26666666666666666,1.9234405399576113,3.862055630158843,0.029650697436983207,0.2378205417318827,0.0072999531455324295,0.0011597955001312304,0.0007803981763945359,0.007282576272873905,0.007270395180297842,0.007261713770542556,0.007420524752070457,0.21915226078765296,0.2316241481136106,0.015744922157704254,0.01569758066037274,0.015718057975660758,0.015725219192882858,0.21587922595590633,0.21592656745323785,0.21590609013794984,0.21589892892072773
966,960,975,15,0.4,0.39946153787234695,0.4,1.9234405399576113,3.862055630158843,0.029650697436983207,0.15688380529358548,0.009832445199014878,0.0017402006276756568,0.0020434175039768907,0.009908332975052543,0.010009749771314604,0.010285960330703907,0.009793063231163449,0.16124568871466202,0.15532625298883876,0.014786693270880103,0.014853430859786,0.014811024103256265,0.014829389475264456,0.14053955971795865,0.14047282212905277,0.1405152288855825,0.1404968635135743
967,960,975,15,0.4666666666666667,0.46602920563432065,0.4666666666666667,1.9234405399576113,3.862055630158843,0.029650697436983207,0.10515208530658825,0.006077288411632414,0.003792719510715064,0.0022547841620026523,0.0061452685985014,0.006263443486569138,0.006638526944235303,0.0063217823532150455,0.10083122774150814,0.09940617143139276,0.021363918961703025,0.02133340423246098,0.02134963490789623,0.02134737435127202,0.07804225246968974,0.07807276719893178,0.07805653652349653,0.07805879708012073
968,960,975,15,0.5333333333333333,0.5325925649333242,0.4666666666666667,1.9234405399576113,3.862055630158843,0.029650697436983207,0.07468948266579666,0.00854278775204453,0.002563967964627521,0.0019091865175326023,0.008629635520153075,0.008741717222018474,0.009037616609612883,0.008459900560176217,0.061403806993159143,0.07982132020474296,0.0,0.0,0.0,0.0,0.07982132020474296,0.07982132020474296,0.07982132020474296,0.07982132020474296
969,960,975,15,0.6,0.599154966796112,0.4,1.9234405399576113,3.862055630158843,0.029650697436983207,0.13604563933926964,0.009576671374475175,0.0027702119493238325,0.001717736076596216,0.009595252365849532,0.009632960524553353,0.009764759645528108,0.009694120524943476,0.12637410823110923,0.14100261224099664,0.0,0.0,0.0,0.0,0.14100261224099664,0.14100261224099664,0.14100261224099664,0.14100261224099664
971,960,975,15,0.7333333333333333,0.7322687600052085,0.2666666666666667,1.9234405399576113,3.862055630158843,0.029650697436983207,0.1902671997153813,0.010801508233497894,0.0017168543830871877,0.001882887984195226,0.010749928304894315,0.010718791694847947,0.010718444115508239,0.01120493865674533,0.17757156076952305,0.18643392079114196,0.0,0.0,0.0,0.0,0.18643392079114196,0.18643392079114196,0.18643392079114196,0.18643392079114196
972,960,975,15,0.8,0.798824938532595,0.19999999999999996,1.9234405399576113,3.862055630158843,0.029650697436983207,0.12347111110420284,0.011629457690858895,0.0013040018440673795,0.0013197011063419074,0.011570226128473375,0.011520142382835776,0.01144787667487649,0.0119548280633363,0.0905996341129745,0.10729061958406692,0.0,0.0,0.0,0.0,0.10729061958406692,0.10729061958406692,0.10729061958406692,0.10729061958406692
973,960,975,15,0.8666666666666667,0.865881377482632,0.1333333333333333,1.9234405399576113,3.862055630158843,0.029650697436983207,0.1137253330342426,0.012548937216405792,0.000734319041692561,0.000497578351994784,0.01249828630240989,0.012448672369363966,0.012352605165163946,0.012761659946452942,0.10595393305169433,0.11970326445515338,0.01905603902353725,0.018951921446111308,0.018983611245085904,0.019024142999544306,0.10064722543161612,0.10075134300904207,0.10071965321006747,0.10067912145560907
974,960,975,15,0.9333333333333333,0.9329378164326693,0.06666666666666665,1.9234405399576113,3.862055630158843,0.029650697436983207,0.09792345891377142,0.01257839891653644,0.0013922952724816154,0.000272325007955713,0.012525387113130703,0.012472521616649631,0.012367237044183618,0.012791872744830554,0.08177272400556952,0.09414114843383185,0.0,0.0,0.0,0.0,0.09414114843383185,0.09414114843383185,0.09414114843383185,0.09414114843383185
976,975,987,12,0.08333333333333333,0.08331345941229891,0.08333333333333333,3.5036675396167913,8.73983487661112,0.02217300830247612,0.14198086092315731,0.003124375461384185,0.0004109325866840716,0.00043981445150332297,0.003051882842378914,0.002981683306033756,0.0028488360828831253,0.003434304954974853,0.15717156016003536,0.14746460198572778,0.0,0.0,0.0,0.0,0.14746460198572778,0.14746460198572778,0.14746460198572778,0.14746460198572778
977,975,987,12,0.16666666666666666,0.16663286613263806,0.16666666666666666,3.5036675396167913,8.73983487661112,0.02217300830247612,0.22148265730029498,0.00207938199655787,0.0018925739918555725,0.001032097593293148,0.002023626577330675,0.001999863180722449,0.002051265150254928,0.0025632832739926857,0.2219396774728178,0.21362431107540347,0.0,0.0,0.0,0.0,0.21362431107540347,0.21362431107540347,0.21362431107540347,0.21362431107540347
978,975,987,12,0.25,0.24995405704538926,0.25,3.5036675396167913,8.73983487661112,0.02217300830247612,0.1682843993966173,0.0026127168416696872,0.0018936121083479908,0.0011386170476313964,0.002632913153501212,0.002683324458700343,0.0028674719522870703,0.002832504325618838,0.17389602597280057,0.17160263542246332,0.022780476893953815,0.022890151639898583,0.022840671370557484,0.02283248912504388,0.1488221585285095,0.14871248378256474,0.14876196405190584,0.14877014629741944
979,975,987,12,0.3333333333333333,0.33328060053537667,0.3333333333333333,3.5036675396167913,8.73983487661112,0.02217300830247612,0.31852334270783333,0.0014022068317257066,0.0048056655856167215,0.0012824255077087624,0.0012596809622201861,0.0011886905198891487,0.0012969556263116692,0.0023536151909136233,0.33722384601112365,0.3436241053879711,0.00868994842097842,0.00924227714828116,0.008987089720607438,0.00896326983941412,0.3349341569669927,0.3343818282396899,0.3346370156673637,0.33466083554855697
981,975,987,12,0.5,0.49994082428499975,0.5,3.5036675396167913,8.73983487661112,0.02217300830247612,0.17956124722239583,0.0009744673554120358,0.004353752794962779,0.001708097833802712,0.0013665635005642547,0.0017748534451090254,0.002609486919183161,0.0009617420089730082,0.1612883047041495,0.17418661707724684,0.0,0.0,0.0,0.0,0.17418661707724684,0.17418661707724684,0.17418661707724684,0.17418661707724684
982,975,987,12,0.5833333333333334,0.5832745045446355,0.41666666666666663,3.5036675396167913,8.73983487661112,0.02217300830247612,0.11377502440024412,0.003935222330853017,0.0027280172851242373,0.0011220435052874205,0.004185199939993752,0.004438828109498359,0.004954786170157107,0.002989984423040274,0.09778494370651797,0.11384810404820911,0.0,0.0,0.0,0.0,0.11384810404820911,0.11384810404820911,0.11384810404820911,0.11384810404820911
983,975,987,12,0.6666666666666666,0.6666135373815073,0.33333333333333337,3.5036675396167913,8.73983487661112,0.02217300830247612,0.14386931643329884,0.0043254071895938015,0.0021767551863967898,0.0014893939294347268,0.0044442898813644395,0.004590377384054239,0.004954102223289098,0.004160739649011381,0.1354760991594313,0.1448171998465595,0.0,0.0,0.0,0.0,0.1448171998465595,0.1448171998465595,0.1448171998465595,0.1448171998465595
984,975,987,12,0.75,0.7499537596799872,0.25,3.5036675396167913,8.73983487661112,0.02217300830247612,0.21114815633380316,0.004443516205495241,0.0026176752703417757,0.0014919485395027952,0.004468824339007003,0.004524840824036306,0.004724033014226147,0.004650269401502282,0.21227367517430631,0.22483070156258514,0.00950445872497889,0.009575358413420991,0.009530509217479312,0.00955167432562225,0.21532624283760626,0.21525534314916414,0.21530019234510583,0.21527902723696288
986,975,987,12,0.9166666666666666,0.9166472883546356,0.08333333333333337,3.5036675396167913,8.73983487661112,0.02217300830247612,0.10166787649082748,0.004012531222975046,0.0019408105986018131,0.00018762556370455623,0.004051976985075468,0.00409158020559646,0.0041712410645261535,0.003856419105416434,0.08298396403834245,0.10094966678763304,0.0,0.0,0.0,0.0,0.10094966678763304,0.10094966678763304,0.10094966678763304,0.10094966678763304
988,987,1006,19,0.05263157894736842,0.052684185459579806,0.05263157894736842,0.785601321497999,1.2386165618580176,0.029393845715588653,0.08703989658842759,0.0010085070714071615,0.0005877540663217406,0.000189965103714995,0.001043942439259742,0.001080303643646352,0.001155451765409707,0.0008782241884775206,0.08248161824669768,0.08708572826782572,0.0,0.0,0.0,0.0,0.08708572826782572,0.08708572826782572,0.08708572826782572,0.08708572826782572
989,987,1006,19,0.10526315789473684,0.10537175403822248,0.10526315789473684,0.785601321497999,1.2386165618580176,0.029393845715588653,0.1325881432581101,0.002126439570461057,0.0016985085622991287,0.0003943293352574942,0.002157200240469973,0.0021919665739297566,0.0022727598834787815,0.002046715479734312,0.15010213873937955,0.1452096861423926,0.019656692357929058,0.01967925288192678,0.01966687016069859,0.019669110578430977,0.12555299378446355,0.1255304332604658,0.125542815981694,0.12554057556396161
991,987,1006,19,0.21052631578947367,0.21075215382516116,0.21052631578947367,0.785601321497999,1.2386165618580176,0.029393845715588653,0.16387579399844504,0.001923628330376912,0.0015742852025432425,0.0007462987519067561,0.002052956192052373,0.002190555301271608,0.0024849949730291966,0.0015295148070785624,0.1682300997076623,0.16658732268469886,0.0,0.0,0.0,0.0,0.16658732268469886,0.16658732268469886,0.16658732268469886,0.16658732268469886
992,987,1006,19,0.2631578947368421,0.263444233229221,0.2631578947368421,0.785601321497999,1.2386165618580176,0.029393845715588653,0.1876355606965665,0.0017332545869164836,0.0012990408212723969,0.001081450873802925,0.0019630454974281075,0.0022020707949419764,0.0026979303373194066,0.0010337247244812076,0.19117980678331079,0.19118629555546962,0.009950132661641723,0.009940660694796655,0.009953919905929354,0.009936822182598974,0.1812361628938279,0.18124563486067297,0.18123237564954026,0.18124947337287065
993,987,1006,19,0.3157894736842105,0.31614007165446173,0.3157894736842105,0.785601321497999,1.2386165618580176,0.029393845715588653,0.25467136466330725,0.0009313285248057979,0.001491615478265445,0.0014769774414950694,0.0009254621744020021,0.0010574830715980625,0.0015684065970463848,0.0019072941865233366,0.25617871655203206,0.2573011724195485,0.016577746537206353,0.016574680332496556,0.016580857324045566,0.016571583253638097,0.24072342588234213,0.2407264920870519,0.2407203150955029,0.24072958916591036
994,987,1006,19,0.3684210526315789,0.3688370377860568,0.3684210526315789,0.785601321497999,1.2386165618580176,0.029393845715588653,0.31104864294100165,0.001923390389232284,0.0020023111757514252,0.0020816190707528496,0.0018623624131970217,0.0019439648071022623,0.0024546153936969278,0.0031685959602403254,0.3117692020873354,0.3114692793737169,0.0,0.0,0.0,0.0,0.3114692793737169,0.3114692793737169,0.3114692793737169,0.3114692793737169
996,987,1006,19,0.47368421052631576,0.47423811218949075,0.47368421052631576,0.785601321497999,1.2386165618580176,0.029393845715588653,0.3431661465148964,0.0017504960761890367,0.0016999083527127962,0.0021526296738383606,0.001523845920126228,0.0014694227022555122,0.0018897293190823607,0.0034387534298763517,0.3423879106846884,0.34287382835954217,0.0,0.0,0.0,0.0,0.34287382835954217,0.34287382835954217,0.34287382835954217,0.34287382835954217
997,987,1006,19,0.5263157894736842,0.5269422204613297,0.4736842105263158,0.785601321497999,1.2386165618580176,0.029393845715588653,0.34354283137028885,0.0017349468261507205,0.0007718132636209048,0.0016033444475736082,0.0016339654997313674,0.001628184632113294,0.0018913716217897798,0.0027539464777948555,0.35483936190216603,0.35948037148072304,0.011900026717938748,0.011952505045183876,0.011964637440739412,0.011888272863354222,0.34758034476278427,0.3475278664355392,0.34751573403998365,0.34759209861736884
998,987,1006,19,0.5789473684210527,0.5796470805374047,0.42105263157894735,0.785601321497999,1.2386165618580176,0.029393845715588653,0.400596101671035,0.0015182474999023761,0.0013399519207747447,0.001320040874787651,0.0012894940327603487,0.0011128017518758648,0.0010211924219025463,0.0026556228650899483,0.4161985648064147,0.42199273088753725,0.012830668717285372,0.012869257218797616,0.012914332147196204,0.012785826422820362,0.40916206217025186,0.40912347366873963,0.409078398740341,0.40920690446471686
999,987,1006,19,0.631578947368421,0.6323560755367789,0.368421052631579,0.785601321497999,1.2386165618580176,0.029393845715588653,0.2870247492288848,0.0014654149495195383,0.0018040708073708877,0.0013260700467773278,0.001176306066493763,0.000916383473762296,0.0006413324038075053,0.0027203856774909436,0.2883365721091877,0.2945147448951229,0.012495459052720672,0.012505509375842426,0.012547404298518701,0.012453699774877217,0.28201928584240227,0.2820092355192805,0.2819673405966042,0.2820610451202457
1001,987,1006,19,0.7368421052631579,0.737777824556708,0.26315789473684215,0.785601321497999,1.2386165618580176,0.029393845715588653,0.2535858475330836,0.0011637141219799625,0.0010811071707249155,0.0018740320754096053,0.0007166865444228856,0.0003347359790580357,0.0007911156069046241,0.0030177126521970465,0.26172405223503364,0.26888666451409887,0.03146716672077359,0.03146973639889172,0.03147804586236542,0.03145896845376762,0.23741949779332527,0.23741692811520715,0.23740861865173346,0.23742769606033126
1002,987,1006,19,0.7894736842105263,0.7904883231645545,0.21052631578947367,0.785601321497999,1.2386165618580176,0.029393845715588653,0.407109424104312,0.00197004295965998,0.0011660899643298622,0.0016872938117337738,0.0017161215077605833,0.001537838368223299,0.001507416543033638,0.0033442121203402066,0.41658361395426363,0.42331586412375266,0.005719273851403959,0.005796978583621946,0.005868140988959518,0.005646847280857242,0.4175965902723487,0.4175188855401307,0.41744772313479317,0.4176690168428954
1003,987,1006,19,0.8421052631578947,0.8428695315169492,0.1578947368421053,0.785601321497999,1.2386165618580176,0.029393845715588653,0.3784397743891941,0.0014362809590017073,0.0013604661747917853,0.0012944906410190784,0.001175237143651661,0.0009533755539697089,0.000769935004053365,0.002623817469887525,0.38330639150377244,0.39015857486710126,0.0,0.0,0.0,0.0,0.39015857486710126,0.39015857486710126,0.39015857486710126,0.39015857486710126
1004,987,1006,19,0.8947368421052632,0.8952477326523992,0.10526315789473684,0.785601321497999,1.2386165618580176,0.029393845715588653,0.21711887433588267,0.0009789161996202561,0.000858135030951478,0.000802321457639271,0.0008411094210638681,0.0007328834530126312,0.0006616791112121743,0.001663181904759767,0.21415687676589848,0.22194953948730345,0.0,0.0,0.0,0.0,0.22194953948730345,0.22194953948730345,0.22194953948730345,0.22194953948730345
1007,1006,1024,18,0.05555555555555555,0.055572240921798015,0.05555555555555555,1.4328541904383505,2.3970394160357147,0.03593812940541251,0.05308144228141004,0.0018432942061474128,0.0006263946730285728,0.00031864523995958014,0.001794438603067399,0.0017478495697741243,0.0016622244436829223,0.002058044347810315,0.05437216501598123,0.05657815819191607,0.0,0.0,0.0,0.0,0.05657815819191607,0.05657815819191607,0.05657815819191607,0.05657815819191607
1008,1006,1024,18,0.1111111111111111,0.11114049330983289,0.1111111111111111,1.4328541904383505,2.3970394160357147,0.03593812940541251,0.16092255787728826,0.0011212094265254527,0.001663030049958272,0.0010592871863471774,0.0011180409469164793,0.0011760874575173566,0.001438852844772322,0.0016395433308297454,0.17124591488297464,0.16749839174666167,0.0,0.0,0.0,0.0,0.16749839174666167,0.16749839174666167,0.16749839174666167,0.16749839174666167
1009,1006,1024,18,0.16666666666666666,0.16670874569786778,0.16666666666666666,1.4328541904383505,2.3970394160357147,0.03593812940541251,0.23978784214972,0.0020326522357051024,0.0030164805018136134,0.0017800494131779408,0.0019250551714164552,0.0019173084529739992,0.0021919754225473943,0.003129815616980073,0.24720982615729067,0.24456897740331196,0.0,0.0,0.0,0.0,0.24456897740331196,0.24456897740331196,0.24456897740331196,0.24456897740331196
1011,1006,1024,18,0.2777777777777778,0.2778388688199165,0.2777777777777778,1.4328541904383505,2.3970394160357147,0.03593812940541251,0.15853564889168886,0.0016868413737114287,0.00315444539756829,0.0009830470948213547,0.001538597465145811,0.0014177193651318855,0.0012874833481617204,0.0024425432339284093,0.1568911082171033,0.16552761215617592,0.0,0.0,0.0,0.0,0.16552761215617592,0.16552761215617592,0.16552761215617592,0.16552761215617592
1012,1006,1024,18,0.3333333333333333,0.33339994184717775,0.3333333333333333,1.4328541904383505,2.3970394160357147,0.03593812940541251,0.17205902256555353,0.001480725033246899,0.0030937631944790976,0.0010427246915313178,0.0014390501133299117,0.0014439851734200065,0.001587852993571856,0.0020095685317079353,0.15700622742983605,0.1733869228673545,0.0,0.0,0.0,0.0,0.1733869228673545,0.1733869228673545,0.1733869228673545,0.1733869228673545
1013,1006,1024,18,0.3888888888888889,0.38896101487443896,0.3888888888888889,1.4328541904383505,2.3970394160357147,0.03593812940541251,0.04538836158754937,0.0013464247451598326,0.0022579464897158163,0.0017076564867888617,0.0011580022766819597,0.0011106710970542179,0.001453398195857051,0.0027102646045692796,0.020891463056577044,0.033001835140639466,0.0,0.0,0.0,0.0,0.033001835140639466,0.033001835140639466,0.033001835140639466,0.033001835140639466
1014,1006,1024,18,0.4444444444444444,0.44451849822131334,0.4444444444444444,1.4328541904383505,2.3970394160357147,0.03593812940541251,0.06801444004773494,0.002258532654131413,0.0017750713181707305,0.001676903310006067,0.002009405548634482,0.0018237193196529518,0.0017195746333116952,0.003587340519416166,0.07731952206512673,0.0599923101364186,0.0,0.0,0.0,0.0,0.0599923101364186,0.0599923101364186,0.0599923101364186,0.0599923101364186
1016,1006,1024,18,0.5555555555555556,0.555629476381299,0.4444444444444444,1.4328541904383505,2.3970394160357147,0.03593812940541251,0.22632797326917015,0.0012094949131626084,0.002063067370628892,0.0012939085458631798,0.0013684577565261844,0.0015785278690791905,0.0020875157926304897,0.0013843526846748033,0.23626403191072812,0.2434451742018061,0.0,0.0,0.0,0.0,0.2434451742018061,0.2434451742018061,0.2434451742018061,0.2434451742018061
1017,1006,1024,18,0.6111111111111112,0.6111833700477867,0.38888888888888884,1.4328541904383505,2.3970394160357147,0.03593812940541251,0.2861905391231319,0.0005824514177758537,0.002501594458127609,0.0017847712558561992,0.0009094943644252204,0.0013089256656661095,0.0021633370889149934,0.0015392494337578353,0.28440478351216825,0.2878959464090629,0.0174524228231023,0.01760694994053352,0.01753657178181244,0.017522319284101178,0.27044352358596063,0.2702889964685294,0.27035937462725046,0.2703736271249617
1018,1006,1024,18,0.6666666666666666,0.6667336740338874,0.33333333333333337,1.4328541904383505,2.3970394160357147,0.03593812940541251,0.20575645880753166,0.0009932811698930679,0.002323182962580051,0.0016149692380085438,0.0013416598611905829,0.0017145000987927397,0.0024892722862141117,0.0009964887001081037,0.1862927592173574,0.19062622436376378,0.0,0.0,0.0,0.0,0.19062622436376378,0.19062622436376378,0.19062622436376378,0.19062622436376378
1019,1006,1024,18,0.7222222222222222,0.7222831803132355,0.2777777777777778,1.4328541904383505,2.3970394160357147,0.03593812940541251,0.16106327527117806,0.0019438677440656203,0.0008219811240944136,0.0013432345892492137,0.0022448204842400476,0.002554476678642817,0.0031897053120812416,0.0009957820838065498,0.16147959466713407,0.17347765068556487,0.02465112733830717,0.02476274505730296,0.024708291115015123,0.024705109477961278,0.1488265233472577,0.1487149056282619,0.14876935957054974,0.14877254120760358
1021,1006,1024,18,0.8333333333333334,0.8333758112179107,0.16666666666666663,1.4328541904383505,2.3970394160357147,0.03593812940541251,0.19762965984569963,0.0027027934186285747,0.0017763237265082303,0.0011188349404278983,0.0028414662664177693,0.0029998737932767413,0.003364415119951185,0.002407172340330341,0.2092770428210025,0.21357174936687054,0.013503538001603798,0.01347127908116781,0.013480679937765638,0.013494625449970406,0.20006821136526673,0.20010047028570274,0.2000910694291049,0.20007712391690013
1022,1006,1024,18,0.8888888888888888,0.8889189358432379,0.11111111111111116,1.4328541904383505,2.3970394160357147,0.03593812940541251,0.18143485482619914,0.0016068648695808728,0.002587078271415361,0.0009389096214231822,0.0015556475084512096,0.0015389144036164302,0.001610986037438818,0.002081311115562814,0.1836359823474116,0.1906002211604521,0.011263779787622767,0.01119011276202424,0.01122243906972936,0.011231540405250047,0.17933644137282934,0.17941010839842786,0.17937778209072275,0.17936868075520207
1023,1006,1024,18,0.9444444444444444,0.9444612627618123,0.05555555555555558,1.4328541904383505,2.3970394160357147,0.03593812940541251,0.0831085455404856,0.0023721374434632577,0.0006866100819360956,0.0005145900285783801,0.0024764822752035612,0.0025830201761316935,0.0028016694770587637,0.0019835135587394043,0.07767470316219663,0.0868394136848681,0.0,0.0,0.0,0.0,0.0868394136848681,0.0868394136848681,0.0868394136848681,0.0868394136848681
1026,1024,1042,18,0.1111111111111111,0.11066674084612267,0.1111111111111111,1.5143351282350233,2.5240547625979253,0.0555105815452432,0.0876070689084301,0.0024454149760405534,0.001190046198077423,0.0009704812229958065,0.0024439041294146645,0.002466375804296649,0.0025800933535612847,0.0026808384332834977,0.05236235677083266,0.05889060964485766,0.0,0.0,0.0,0.0,0.05889060964485766,0.05889060964485766,0.05889060964485766,0.05889060964485766
1027,1024,1042,18,0.16666666666666666,0.16599852170941257,0.16666666666666666,1.5143351282350233,2.5240547625979253,0.0555105815452432,0.09523303063326251,0.0024201199290559625,0.0012824154226731225,0.0010695026057972006,0.0023579575093764446,0.0023250647816804356,0.0023509125715159072,0.0029111583039624993,0.06767144319972981,0.06494815501209325,0.011436709210351724,0.011614682228540348,0.011527513183289354,0.011526569062722586,0.053511445801741525,0.0533334727835529,0.0534206418288039,0.053421585949370666
1028,1024,1042,18,0.2222222222222222,0.22132632867327393,0.2222222222222222,1.5143351282350233,2.5240547625979253,0.0555105815452432,0.07923046977036494,0.0030820067995780006,0.002339047249149685,0.0011015538412154867,0.0030398036342365632,0.00302220514937822,0.0030619262645856286,0.0034711642291490774,0.040788265119165515,0.045210093363567655,0.0,0.0,0.0,0.0,0.045210093363567655,0.045210093363567655,0.045210093363567655,0.045210093363567655
1029,1024,1042,18,0.2777777777777778,0.2766537382471924,0.2777777777777778,1.5143351282350233,2.5240547625979253,0.0555105815452432,0.11083516487892772,0.0026299528278660358,0.0016240520006592242,0.0009772374870680156,0.0026317021387621824,0.0026560185533607353,0.002769424811735712,0.0028414039096907656,0.0865289846376437,0.09548545022419505,0.005882232639067329,0.006738722951696671,0.0063419542067931906,0.0063105687888111205,0.08960321758512772,0.08874672727249838,0.08914349601740186,0.08917488143538393
1031,1024,1042,18,0.3888888888888889,0.38730219915594377,0.3888888888888889,1.5143351282350233,2.5240547625979253,0.0555105815452432,0.1763942653345851,0.0028975727226870857,0.0011154403264637004,0.001403967739915338,0.0027307431957588548,0.00260084213206928,0.0024735388850785256,0.0038230500362891684,0.15519780485648246,0.15885070579813418,0.008724587034000374,0.008930770674889564,0.008825236381190666,0.00883552770969558,0.15012611876413381,0.1499199351232446,0.1500254694169435,0.1500151780884386
1032,1024,1042,18,0.4444444444444444,0.4426256348304337,0.4444444444444444,1.5143351282350233,2.5240547625979253,0.0555105815452432,0.17509083434624195,0.003984069422527833,0.002421099246137733,0.001453550265352975,0.0038360694847605144,0.0037178152276623067,0.0035816051090969336,0.004810752531293682,0.15820824192038144,0.15945344050852067,0.0,0.0,0.0,0.0,0.15945344050852067,0.15945344050852067,0.15945344050852067,0.15945344050852067
1033,1024,1042,18,0.5,0.49835122912709323,0.5,1.5143351282350233,2.5240547625979253,0.0555105815452432,0.18453361223503498,0.0044782605054365585,0.0031763323058390837,0.0012038472420853499,0.00435999342608987,0.004259744619026371,0.004118331625213503,0.005103672726422166,0.1592421445063887,0.16160995940122536,0.01270883438090476,0.012863194395339202,0.012807257385299595,0.012767668549580485,0.1489011250203206,0.14874676500588616,0.14880270201592577,0.14884229085164488
1034,1024,1042,18,0.5555555555555556,0.5540784129835242,0.4444444444444444,1.5143351282350233,2.5240547625979253,0.0555105815452432,0.13411899950501643,0.002699444589166031,0.001623852618012912,0.0010326705234235682,0.0026251451782248344,0.002574698890118939,0.002550363084847873,0.0031941301061942633,0.1328835996693887,0.1427789166647783,0.03645343222618565,0.03652185078592434,0.036498017763495996,0.03647915014277291,0.10632548443859265,0.10625706587885395,0.1062808989012823,0.10629976652200537
1036,1024,1042,18,0.6666666666666666,0.6655419206650718,0.33333333333333337,1.5143351282350233,2.5240547625979253,0.0555105815452432,0.17239837362739316,0.0013256670242203523,0.001336419643089047,0.0014027501843948285,0.0015602934929535264,0.0018323760583402635,0.002437553080275749,0.0012282252475372879,0.18226196495070424,0.18551613954015286,0.010478714890803134,0.010996318350582844,0.010771921122348321,0.010707289514454025,0.17503742464934974,0.17451982118957002,0.17474421841780455,0.17480885002569885
1037,1024,1042,18,0.7222222222222222,0.721279436660017,0.2777777777777778,1.5143351282350233,2.5240547625979253,0.0555105815452432,0.12446038713490779,0.0008077778689056086,0.001172694337254098,0.001582134663923876,0.001069223654195791,0.0013953018031017453,0.0021196235999295866,0.0013485199869440355,0.12600417950263054,0.13337773625690297,0.0,0.0,0.0,0.0,0.13337773625690297,0.13337773625690297,0.13337773625690297,0.13337773625690297
1038,1024,1042,18,0.7777777777777778,0.7770169526549622,0.2222222222222222,1.5143351282350233,2.5240547625979253,0.0555105815452432,0.16807336346783144,0.0022758860970498664,0.0009523837511204346,0.0015138429131564281,0.0026312786579223107,0.0029923339169021746,0.0037248257941277685,0.0010336481936897993,0.1611493280525601,0.16987570528349066,0.028950270930833247,0.02903120357873466,0.029001009539807898,0.02898050276673593,0.14092543435265742,0.14084450170475601,0.14087469574368278,0.14089520251675475
1039,1024,1042,18,0.8333333333333334,0.8327592373292216,0.16666666666666663,1.5143351282350233,2.5240547625979253,0.0555105815452432,0.0944624766455481,0.0024898309155715263,0.0019351048580407483,0.001192509008694676,0.002710852109806675,0.0029454948737568883,0.0034443665575007347,0.0018382084934734579,0.0846379959374304,0.09567150693652111,0.02028382487887738,0.02018526267685497,0.02022005538477003,0.020249999557161353,0.07538768205764373,0.07548624425966614,0.07545145155175109,0.07542150737935976
1041,1024,1042,18,0.9444444444444444,0.944250959696712,0.05555555555555558,1.5143351282350233,2.5240547625979253,0.0555105815452432,0.10076662195951605,0.001468181058353953,0.001117983134529977,0.0005192284548470762,0.0014375790322202588,0.0014182422575813789,0.0014149437007992302,0.0016876735289839647,0.1054651684139087,0.10486162897309172,0.0,0.0,0.0,0.0,0.10486162897309172,0.10486162897309172,0.10486162897309172,0.10486162897309172
1043,1042,1059,17,0.058823529411764705,0.05880082346886258,0.058823529411764705,1.5273577641668676,2.6849086504784356,0.04142193389113364,0.0628224641512372,0.000566120997551714,0.0005110624799781919,0.00044448122220680167,0.0004861863810825994,0.00042066240032034586,0.00036359662356084645,0.0009507421190111258,0.059818861187933135,0.05719221025658097,0.0,0.0,0.0,0.0,0.05719221025658097,0.05719221025658097,0.05719221025658097,0.05719221025658097
1044,1042,1059,17,0.11764705882352941,0.11760332338084932,0.11764705882352941,1.5273577641668676,2.6849086504784356,0.04142193389113364,0.08390486310220713,0.0011721268781891138,0.0005091518493954795,0.0008029227974013488,0.0009921160719341844,0.0008217620148986038,0.0005468516334258576,0.001933413087092342,0.0705587895999414,0.07497941718472614,0.00670443466030631,0.006755288661159554,0.006729127583490853,0.00673196757778474,0.06827498252441984,0.06822412852356659,0.06825028960123529,0.0682474496069414
1046,1042,1059,17,0.23529411764705882,0.23521796275278667,0.23529411764705882,1.5273577641668676,2.6849086504784356,0.04142193389113364,0.04982663068390854,0.000956010073126919,0.0008971283685720551,0.001231296927927657,0.0007787453900575814,0.0006988884179483176,0.0009060799324156924,0.002009754692832354,0.0518317759212511,0.048194461279570715,0.0,0.0,0.0,0.0,0.048194461279570715,0.048194461279570715,0.048194461279570715,0.048194461279570715
1047,1042,1059,17,0.29411764705882354,0.29403094043429934,0.29411764705882354,1.5273577641668676,2.6849086504784356,0.04142193389113364,0.03091789435606168,0.0011668755715944677,0.0009262661173384012,0.0011445334800653142,0.0009879782473003415,0.0008685321212065951,0.0008955869221055746,0.0021309704451498344,0.0052094571641499695,0.02060981305969282,0.0,0.0,0.0,0.0,0.02060981305969282,0.02060981305969282,0.02060981305969282,0.02060981305969282
1048,1042,1059,17,0.35294117647058826,0.3528447563373741,0.35294117647058826,1.5273577641668676,2.6849086504784356,0.04142193389113364,0.12370408042112943,0.0038200869344755927,0.002998483343371159,0.0006695509663645084,0.003656561501687227,0.003493401946006588,0.0031684064407922763,0.004477044336721214,0.11967369393808479,0.11973041325298607,0.0,0.0,0.0,0.0,0.11973041325298607,0.11973041325298607,0.11973041325298607,0.11973041325298607
1049,1042,1059,17,0.4117647058823529,0.4116631824590403,0.4117647058823529,1.5273577641668676,2.6849086504784356,0.04142193389113364,0.19041166613817023,0.0022954995117113117,0.0010033804515868926,0.0007700710708524155,0.002120375589959746,0.0019485362348432495,0.0016188803648849099,0.0030172638746140865,0.18770213860208193,0.18725060810273325,0.0,0.0,0.0,0.0,0.18725060810273325,0.18725060810273325,0.18725060810273325,0.18725060810273325
1051,1042,1059,17,0.5294117647058824,0.5293071595856503,0.47058823529411764,1.5273577641668676,2.6849086504784356,0.04142193389113364,0.2098285142866358,0.0038444365930162356,0.002774044208262396,0.0016167731494186567,0.0035010680607925303,0.0031720666515640053,0.0025790111815475526,0.005304337620689304,0.21936820537428672,0.21289480332606997,0.0,0.0,0.0,0.0,0.21289480332606997,0.21289480332606997,0.21289480332606997,0.21289480332606997
1052,1042,1059,17,0.5882352941176471,0.5881327105905941,0.4117647058823529,1.5273577641668676,2.6849086504784356,0.04142193389113364,0.20103004438646485,0.004852464293908089,0.0035302230605654726,0.0012768014341245977,0.004570751015506569,0.004294286635242994,0.003761714587617382,0.0060168734915217814,0.1966020773943203,0.19034354634415918,0.0,0.0,0.0,0.0,0.19034354634415918,0.19034354634415918,0.19034354634415918,0.19034354634415918
1053,1042,1059,17,0.6470588235294118,0.6469624527033484,0.3529411764705882,1.5273577641668676,2.6849086504784356,0.04142193389113364,0.11094514989723325,0.004274763712161268,0.0026259728584130614,0.0009041467097402212,0.004118166647108172,0.0039682708363955625,0.003691812929108549,0.004955067046121237,0.10101796252768784,0.1057457317348736,0.03628655008254917,0.036359039592607854,0.036328203351913585,0.03631816170282134,0.06945918165232443,0.06938669214226575,0.06941752838296002,0.06942757003205227
1054,1042,1059,17,0.7058823529411765,0.7057938712592268,0.2941176470588235,1.5273577641668676,2.6849086504784356,0.04142193389113364,0.14095052353984608,0.0028931929977376067,0.0007937272491386046,0.0013068017999439852,0.0029586318727319316,0.0030577615607787255,0.0033441159183199916,0.0029955770826050124,0.1455898742360977,0.1577767127445432,0.02124333719822123,0.02132762747807893,0.02129071368308116,0.021280758532484245,0.13653337554632197,0.13644908526646427,0.13648599906146203,0.13649595421205896
1056,1042,1059,17,0.8235294117647058,0.8234676052512905,0.17647058823529416,1.5273577641668676,2.6849086504784356,0.04142193389113364,0.20075571787301272,0.002647533593565012,0.0005821219490665123,0.0013320884227872548,0.0028934554947331556,0.0031553989790063714,0.0037136075570037824,0.001943426433627673,0.210266591493965,0.20586755774228108,0.013026594511637688,0.012991853600836389,0.013008379740903103,0.013009427224041767,0.1928409632306434,0.1928757041414447,0.19285917800137797,0.1928581305182393
1057,1042,1059,17,0.8823529411764706,0.8823090824659138,0.11764705882352944,1.5273577641668676,2.6849086504784356,0.04142193389113364,0.17404864523138378,0.003768253799696334,0.0016507752493619284,0.0010972433267808742,0.003969933150464151,0.004179891697658354,0.0046200891732153145,0.003076058397644697,0.1626673088181302,0.15901780598131407,0.0,0.0,0.0,0.0,0.15901780598131407,0.15901780598131407,0.15901780598131407,0.15901780598131407
1058,1042,1059,17,0.9411764705882353,0.9411522361236612,0.05882352941176472,1.5273577641668676,2.6849086504784356,0.04142193389113364,0.07688763925471274,0.003024234038815831,0.0004480059313296298,0.00047560580411406633,0.0031277272876442386,0.0032322808603722094,0.0034441817663384317,0.0026233560119245042,0.0725471159344219,0.08045624717270138,0.0,0.0,0.0,0.0,0.08045624717270138,0.08045624717270138,0.08045624717270138,0.08045624717270138
1061,1059,1075,16,0.125,0.12466712330165743,0.125,0.3877602574473865,0.7219676198378767,0.05329244595890624,0.06824445755714377,0.002662809301529246,0.001686782603122624,0.0009085195225773309,0.0025074937649017573,0.002363825829263817,0.002120729965679403,0.0033666640181489976,0.05418655753423232,0.060734172320184396,0.01721579426798946,0.017195331360506366,0.017203532596215907,0.01720762374209343,0.04351837805219494,0.04353884095967803,0.04353063972396849,0.04352654857809096
1062,1059,1075,16,0.1875,0.18700001908811206,0.1875,0.3877602574473865,0.7219676198378767,0.05329244595890624,0.11463872860123336,0.0035365168100639304,0.002262678989201583,0.0012113457146052456,0.0033342108964401016,0.0031480777088648405,0.0028368141628216208,0.004461065408837777,0.10844592762004102,0.11173884734940669,0.0,0.0,0.0,0.0,0.11173884734940669,0.11173884734940669,0.11173884734940669,0.11173884734940669
1063,1059,1075,16,0.25,0.24905991048119355,0.25,0.3877602574473865,0.7219676198378767,0.05329244595890624,0.1631939170344122,0.0029648451313168647,0.0014546693495659712,0.0014346135147616647,0.0026828485670510023,0.0024212209124435616,0.0019908221239939012,0.004211112970400652,0.16836461550733436,0.16435020730189806,0.0,0.0,0.0,0.0,0.16435020730189806,0.16435020730189806,0.16435020730189806,0.16435020730189806
1064,1059,1075,16,0.3125,0.31089074452959126,0.3125,0.3877602574473865,0.7219676198378767,0.05329244595890624,0.2172225381196199,0.0033542723415979922,0.0017939562489223864,0.001531646257316832,0.0030059669521792123,0.002667165953924013,0.0020370016295304955,0.004800499011521012,0.21536837438651937,0.21003841551870694,0.0,0.0,0.0,0.0,0.21003841551870694,0.21003841551870694,0.21003841551870694,0.21003841551870694
1066,1059,1075,16,0.4375,0.43615581403917325,0.4375,0.3877602574473865,0.7219676198378767,0.05329244595890624,0.16871431091201247,0.00408540586594,0.0019952241191541187,0.0012402007167371819,0.0037923482449774594,0.0035022180914579685,0.0029342070376357225,0.0052770926536108795,0.16101980066870614,0.15425059095596955,0.017822916973637616,0.017784725173829816,0.01779313426405935,0.017814346608663018,0.13642767398233194,0.13646586578213973,0.1364574566919102,0.13643624434730653
1067,1059,1075,16,0.5,0.4987936757089569,0.5,0.3877602574473865,0.7219676198378767,0.05329244595890624,0.12267826577483787,0.005154041071172262,0.002845994137569254,0.0014442962726976779,0.004853425685339531,0.004561588689076817,0.004011862315055179,0.006419129453310491,0.11315692341253511,0.1074671784174934,0.019606650580371685,0.01963148124711746,0.019618327952978926,0.01961968902444578,0.08786052783712171,0.08783569717037594,0.08784885046451447,0.08784748939304762
1068,1059,1075,16,0.5625,0.561432425197906,0.4375,0.3877602574473865,0.7219676198378767,0.05329244595890624,0.11976029562870637,0.0058097506493743145,0.003503090858090409,0.0016890731655911995,0.005444395772483983,0.005087858986530353,0.004409750515061948,0.007332560393761658,0.1105793964743992,0.10912275806536939,0.006695343671839895,0.006630159436432273,0.00662165044376986,0.006703423564461558,0.1024274143935295,0.10249259862893711,0.10250110762159953,0.10241933450090783
1069,1059,1075,16,0.625,0.6240773894210132,0.375,0.3877602574473865,0.7219676198378767,0.05329244595890624,0.17325506489395298,0.0062418194159415226,0.003825495196246518,0.0017784590891143947,0.005831859810081061,0.00542735963974284,0.004640432529713164,0.007919143807441336,0.1638479352491404,0.15910130606418021,0.0,0.0,0.0,0.0,0.15910130606418021,0.15910130606418021,0.15910130606418021,0.15910130606418021
1071,1059,1075,16,0.75,0.7493726447822202,0.25,0.3877602574473865,0.7219676198378767,0.05329244595890624,0.0624898671280981,0.00677501965720512,0.0039864220353364585,0.001668269500684765,0.006409068630483652,0.006049737222049312,0.005356240390389492,0.008287262385445616,0.04879777149975326,0.04866458315278011,0.0,0.0,0.0,0.0,0.04866458315278011,0.04866458315278011,0.04866458315278011,0.04866458315278011
1072,1059,1075,16,0.8125,0.8120238237394855,0.1875,0.3877602574473865,0.7219676198378767,0.05329244595890624,0.1808086570097754,0.004685701653003081,0.001999050486076176,0.001322408965410058,0.0044028283714297005,0.004127055977273686,0.0036032991596651642,0.005867313360598852,0.184000265398391,0.19076050579224893,0.0,0.0,0.0,0.0,0.19076050579224893,0.19076050579224893,0.19076050579224893,0.19076050579224893
1073,1059,1075,16,0.875,0.8746803296117434,0.125,0.3877602574473865,0.7219676198378767,0.05329244595890624,0.20256537298197988,0.003841147380854448,0.001390327626562023,0.0009116609781640424,0.0036975780903643982,0.00356281419451369,0.0033239193187208625,0.004485826372446684,0.21793794875291636,0.2219294687697925,0.0,0.0,0.0,0.0,0.2219294687697925,0.2219294687697925,0.2219294687697925,0.2219294687697925
1074,1059,1075,16,0.9375,0.937337279393584,0.0625,0.3877602574473865,0.7219676198378767,0.05329244595890624,0.045060016835471825,0.003959429540893596,0.0011163748838520927,0.00036982627093447247,0.003944241676300396,0.003931170175235776,0.003911457700060471,0.0040408175138932,0.05242857740155854,0.05658649901610745,0.0,0.0,0.0,0.0,0.05658649901610745,0.05658649901610745,0.05658649901610745,0.05658649901610745
1076,1075,1088,13,0.07692307692307693,0.0768993170352236,0.07692307692307693,2.8789833681570687,6.578149516278044,0.05439145331388978,0.2392303774448593,0.0015807479214034713,0.001459933137953218,0.0006151534042410523,0.0014560993993803745,0.0013375308013552898,0.0011262416052968322,0.002118002655815121,0.23554042164158465,0.23326338948099667,0.02976303138684985,0.029747700906249973,0.02975379575491055,0.02975744106143933,0.20350035809414682,0.2035156885747467,0.20350959372608612,0.20350594841955735
1077,1075,1088,13,0.15384615384615385,0.15380462642311565,0.15384615384615385,2.8789833681570687,6.578149516278044,0.05439145331388978,0.3669425741389743,0.001987430402660162,0.002197885428882367,0.0013004684369687994,0.001696654407282228,0.0014208430664666954,0.0009660846295284078,0.0032169668960884525,0.3719197699125409,0.3685290838383857,0.020964864403674205,0.02110946244782207,0.02104645024258689,0.021028674222141237,0.3475642194347115,0.3474196213905636,0.3474826335957988,0.34750040961624445
1078,1075,1088,13,0.23076923076923078,0.23071265960767523,0.23076923076923078,2.8789833681570687,6.578149516278044,0.05439145331388978,0.4612303934529075,0.0014771133916992483,0.0020745958979839895,0.0015124234529664228,0.0011830812375540122,0.0009504875301669187,0.0008767562196013919,0.002858299473013721,0.4532543644396164,0.4456717357873658,0.0,0.002337153856893916,0.001407151587840417,0.0007315121440685005,0.4456717357873658,0.44333458193047187,0.44426458419952536,0.4449402236432973
1079,1075,1088,13,0.3076923076923077,0.30762559562623626,0.3076923076923077,2.8789833681570687,6.578149516278044,0.05439145331388978,0.6099931871197167,0.0024140479586953743,0.0030076585561933243,0.0014985108837223572,0.00226826034968712,0.00217786003673863,0.0021866157793911183,0.0033712069447527277,0.5900415843713325,0.5801549190070986,0.017199025223167977,0.017411648645547145,0.017330792382761247,0.01728418740935899,0.5629558937839306,0.5627432703615515,0.5628241266243373,0.5628707315977396
1081,1075,1088,13,0.46153846153846156,0.4614607285720278,0.46153846153846156,2.8789833681570687,6.578149516278044,0.05439145331388978,0.6848363935605075,0.004409768757352574,0.004231156551174279,0.0021406856202161074,0.004001886199809767,0.0036272500168457967,0.003026399236451268,0.006236834012337739,0.6878220307801562,0.6746395035765327,0.0,0.0,0.0,0.0,0.6746395035765327,0.6746395035765327,0.6746395035765327,0.6746395035765327
1082,1075,1088,13,0.5384615384615384,0.5383829254992583,0.46153846153846156,2.8789833681570687,6.578149516278044,0.05439145331388978,0.6549580313641985,0.0036779246772913605,0.00395624890511782,0.0019476523289732905,0.0032511774887336374,0.0028438264528601875,0.0021317229307354743,0.005486047429556559,0.6535401679072348,0.6385276265456483,0.022264953258446695,0.022222251956088748,0.022237334837029214,0.022247009119752078,0.6162626732872016,0.6163053745895596,0.6162902917086192,0.6162806174258962
1083,1075,1088,13,0.6153846153846154,0.6153111147791573,0.3846153846153846,2.8789833681570687,6.578149516278044,0.05439145331388978,0.656290469797755,0.004067571025915098,0.0029988779163069076,0.0015353411513742195,0.0037080253625962406,0.003353867794776332,0.0026702734961728965,0.005538452171822982,0.6598088029636424,0.6433646623459479,0.014652730998215933,0.014794630262502422,0.01475606633899573,0.014686371500142029,0.628711931347732,0.6285700320834455,0.6286085960069522,0.6286782908458058
1084,1075,1088,13,0.6923076923076923,0.6922409383370568,0.3076923076923077,2.8789833681570687,6.578149516278044,0.05439145331388978,0.6932718130572971,0.0028989900866392996,0.003356881833417619,0.0013637569316280289,0.0027243264698035385,0.0025830689163826265,0.0024228625663485276,0.0038285362694611964,0.6859372066099326,0.6685832550596795,0.022122496592883335,0.02225144693073874,0.022220427642919312,0.02215092412703071,0.6464607584667962,0.6463318081289408,0.6463628274167602,0.6464323309326488
1086,1075,1088,13,0.8461538461538461,0.8461131149175262,0.15384615384615385,2.8789833681570687,6.578149516278044,0.05439145331388978,0.3919686290020802,0.002372478580615073,0.0029248796974800676,0.0009360294909820108,0.002197738685326673,0.002034938560125103,0.0017582294717939269,0.0031493238594094996,0.4150481734054026,0.3990629431569029,0.0,0.0,0.0,0.0,0.3990629431569029,0.3990629431569029,0.3990629431569029,0.3990629431569029
1087,1075,1088,13,0.9230769230769231,0.9230560126994296,0.07692307692307687,2.8789833681570687,6.578149516278044,0.05439145331388978,0.1895656431085054,0.0027981106240928537,0.0012164943030635788,0.00035985882116967545,0.0027798441435905544,0.0027643862170551865,0.002742077394060007,0.002898077714046834,0.22605986575936293,0.20745542417795704,0.036763638202256,0.03684085463468598,0.036820916883796295,0.036784256149351435,0.17069178597570103,0.17061456954327106,0.17063450729416074,0.1706711680286056
1089,1088,1106,18,0.05555555555555555,0.05585691531680868,0.05555555555555555,1.1654524454322315,1.9329536122651318,0.11710174485823828,0.3232140572612052,0.002105393405495584,0.0017580779443794985,0.0002998347045691603,0.0021233439819327814,0.0021437666723722404,0.0021917436264936676,0.002059471864255759,0.3001528751542585,0.3123793572738026,0.025239541612979213,0.02525439964199706,0.025242340724811862,0.02525125575322932,0.2871398156608234,0.28712495763180557,0.28713701654899076,0.2871281015205733
1091,1088,1106,18,0.16666666666666666,0.16757628193670945,0.16666666666666666,1.1654524454322315,1.9329536122651318,0.11710174485823828,0.8837972863686123,0.0045786880530681645,0.004980406594598568,0.0023666890010239894,0.004784852352669195,0.005052266015346443,0.005734719514163196,0.004499354878605377,0.8788624457600155,0.8981822493806751,0.03209204363521215,0.032105788530142204,0.03211505798006024,0.032083252269443856,0.866090205745463,0.8660764608505329,0.8660671914006149,0.8660989971112313
1092,1088,1106,18,0.2222222222222222,0.2234391286673932,0.2222222222222222,1.1654524454322315,1.9329536122651318,0.11710174485823828,0.9886020532121512,0.00406871555297601,0.004289739866303965,0.002798481557135536,0.004358949845701406,0.004735544175895218,0.0056755669800906605,0.0040693771031716655,0.9985676861787276,1.0161730782858933,0.033464428256663147,0.033516439519897946,0.03354022917289107,0.033441622758799264,0.9827086500292301,0.9826566387659954,0.9826328491130023,0.9827314555270941
1093,1088,1106,18,0.2777777777777778,0.2793063251015854,0.2777777777777778,1.1654524454322315,1.9329536122651318,0.11710174485823828,1.0270502712582976,0.004022112217331943,0.003978389808058037,0.002253300173708598,0.004307335788933426,0.004643658764115542,0.005430324813738183,0.00360847185669938,1.0414313380362152,1.058160804134295,0.06480706259031609,0.06475150375626534,0.06468281966200945,0.06487571441647451,0.9933537415439788,0.9934093003780295,0.9934779844722854,0.9932850897178204
1094,1088,1106,18,0.3333333333333333,0.3351751032461442,0.3333333333333333,1.1654524454322315,1.9329536122651318,0.11710174485823828,1.055552756843147,0.003324504717957068,0.0025990657154863184,0.0018370338610275063,0.0037416676015898796,0.004167692159658161,0.005037294011561576,0.0018654005182927066,1.0684177735284637,1.0825413758974505,0.052324075476236166,0.05230771397355748,0.05230903782093641,0.0523231044309429,1.0302173004212143,1.030233661923893,1.0302323380765142,1.0302182714665076
1096,1088,1106,18,0.4444444444444444,0.44609610155845925,0.4444444444444444,1.1654524454322315,1.9329536122651318,0.11710174485823828,0.9625679087236508,0.00448606956368207,0.00278036903332896,0.0014150819247524128,0.004718913112661388,0.00496606170986836,0.005495447762387264,0.0037489475668224656,0.9714270339278224,0.985804151430591,0.0218744976180489,0.021845359117732235,0.021815778274792537,0.021907482431881287,0.963929653812542,0.9639587923128587,0.9639883731557984,0.9638966689987096
1097,1088,1106,18,0.5,0.5014872031722784,0.5,1.1654524454322315,1.9329536122651318,0.11710174485823828,0.9616336146895209,0.004175968664006793,0.00266428429014611,0.0018197475829082423,0.004454335306111664,0.004759981818659241,0.005434324261388598,0.0034595535721560116,0.963384078507827,0.9791033113403249,0.01763440850666011,0.01796011237180639,0.0180977036122746,0.01749972066533187,0.9614689028336648,0.9611431989685185,0.9610056077280503,0.961603590674993
1098,1088,1106,18,0.5555555555555556,0.5568767230757307,0.4444444444444444,1.1654524454322315,1.9329536122651318,0.11710174485823828,0.969438626562957,0.004168176448795707,0.001976246494167647,0.0024030595048431503,0.004357467480102014,0.0046177037199213325,0.005306602290879142,0.004258726559743026,0.9718545564398823,0.9882510083272166,0.055882178504029295,0.0557811371668274,0.05569626113435171,0.05596802109666564,0.9323688298231873,0.9324698711603892,0.9325547471928649,0.9322829872305509
1099,1088,1106,18,0.6111111111111112,0.6122678246895498,0.38888888888888884,1.1654524454322315,1.9329536122651318,0.11710174485823828,0.9283406229981555,0.0048042348709934945,0.0022698701470841806,0.0023571957789212078,0.004792507010082675,0.004852846657399493,0.005176654772619024,0.005520537531507977,0.9327723522215446,0.9475090331326765,0.06033132389050522,0.06028557084543502,0.06022491969996596,0.06039288324111467,0.8871777092421713,0.8872234622872415,0.8872841134327105,0.8871161498915618
1101,1088,1106,18,0.7222222222222222,0.7230484462068213,0.2777777777777778,1.1654524454322315,1.9329536122651318,0.11710174485823828,0.6944829105973384,0.0054819905881641805,0.002544782169023447,0.0024950228621675448,0.00519847898933568,0.004977377741517186,0.00475488455129571,0.007067233736531439,0.7122338115242305,0.7224354632225035,0.04456152092202865,0.044546479327259976,0.04446289969119301,0.044646067412015815,0.6778739423004748,0.6778889838952435,0.6779725635313105,0.6777893958104877
1102,1088,1106,18,0.7777777777777778,0.7784379661102737,0.2222222222222222,1.1654524454322315,1.9329536122651318,0.11710174485823828,0.5551571675908883,0.005956680565560283,0.0028467587031988273,0.0022830642749031706,0.0056361248317440835,0.005357360421728115,0.0049524508334907544,0.007540695089232974,0.5648068725158886,0.5734020224842469,0.0377824744536069,0.03765887379697824,0.037546355845698064,0.03789535744711028,0.5356195480306399,0.5357431486872686,0.5358556666385488,0.5355066650371366
1103,1088,1106,18,0.8333333333333334,0.8338294631516845,0.16666666666666663,1.1654524454322315,1.9329536122651318,0.11710174485823828,0.43065890363822257,0.005370138510457753,0.002165107581764788,0.001549900280753112,0.005115100456876331,0.004877539503315835,0.004465813591211653,0.006522090613607681,0.42836320815122303,0.4359158022166087,0.049949404827931566,0.049859565618749005,0.049821034802561726,0.04998839357029909,0.3859663973886771,0.3860562365978597,0.38609476741404697,0.3859274086463096
1104,1088,1106,18,0.8888888888888888,0.8892193784827285,0.11111111111111116,1.1654524454322315,1.9329536122651318,0.11710174485823828,0.3555036308058869,0.005127203932166392,0.0016919550709092591,0.0009358314510568346,0.004943760807100534,0.0047647449288205895,0.00442213280712081,0.0058968417623169395,0.3317993908939648,0.33126785487146304,0.06696775564232646,0.06687284384502937,0.06686271337092368,0.06697809357213304,0.26430009922913655,0.2643950110264337,0.26440514150053934,0.26428976129933
1107,1106,1123,17,0.058823529411764705,0.05882444338714236,0.058823529411764705,0.37464840060662913,0.6598807827657093,0.03401077296623851,0.1237807020844917,0.010557255237476457,0.010940217252005625,0.0005691974707516298,0.010429779815523973,0.01030269256415464,0.010049741433196459,0.011070769844313563,0.13157694430752243,0.15128768836243286,0.027422721911944094,0.027424287448086917,0.027423464448335707,0.02742355027664415,0.12386496645048878,0.12386340091434594,0.12386422391409715,0.12386413808578872
1108,1106,1123,17,0.11764705882352941,0.11764678710111984,0.11764705882352941,0.37464840060662913,0.6598807827657093,0.03401077296623851,0.1859132276250456,0.01993914300707564,0.020348242148057794,0.001666296597007827,0.019581708355435715,0.019226654634171753,0.01852423669578379,0.02139029198609042,0.17641490770310325,0.199467840106818,0.0,0.0,0.0,0.0,0.199467840106818,0.199467840106818,0.199467840106818,0.199467840106818
1109,1106,1123,17,0.17647058823529413,0.17647081055362923,0.17647058823529413,0.37464840060662913,0.6598807827657093,0.03401077296623851,0.3403195573521478,0.028612933023227996,0.029081035815383037,0.002107078476147721,0.028098770688760363,0.02758508409830259,0.026559248541354444,0.03067386100104313,0.31216365830550646,0.3340525548674725,0.02964820671393356,0.029649234511960887,0.02965829224700278,0.029639184237945395,0.3044043481535389,0.3044033203555116,0.3043942626204697,0.3044133706295271
1111,1106,1123,17,0.29411764705882354,0.2941171777201161,0.29411764705882354,0.37464840060662913,0.6598807827657093,0.03401077296623851,0.3356020662526778,0.04070157541526775,0.04126737293940009,0.0026003461899815183,0.040082259151019047,0.039463932660755464,0.03823044102511023,0.043187885595506154,0.38724780547763016,0.40968978064951467,0.08075510329659888,0.08075906492333461,0.08076562925158516,0.08074852829111083,0.3289346773529158,0.32893071572618005,0.3289241513979295,0.3289412523584038
1112,1106,1123,17,0.35294117647058826,0.35294036130335954,0.35294117647058826,0.37464840060662913,0.6598807827657093,0.03401077296623851,0.23233444856751043,0.0433055782431584,0.043898637027084846,0.0023320421511833014,0.04276977529580168,0.04223522289874629,0.04117006448788598,0.04546040964621557,0.27367302531080906,0.29857281893532783,0.06774211287005702,0.06773608350674488,0.06773193827045046,0.06774625164127263,0.2308307060652708,0.23083673542858296,0.23084088066487737,0.2308265672940552
1113,1106,1123,17,0.4117647058823529,0.4117643847558689,0.4117647058823529,0.37464840060662913,0.6598807827657093,0.03401077296623851,0.13638101112684256,0.043421539390200894,0.04404333366189401,0.0019245034373434173,0.043021762154681474,0.04262366618392008,0.04183270982905493,0.045036562716845065,0.14639265844905752,0.1725437603522093,0.061931096582335386,0.061917411481167944,0.06191007018746222,0.06193843190036483,0.11061266376987391,0.11062634887104136,0.11063369016474708,0.11060532845184448
1114,1106,1123,17,0.47058823529411764,0.47058714840447935,0.47058823529411764,0.37464840060662913,0.6598807827657093,0.03401077296623851,0.11873543669247826,0.043965859848602205,0.044633947792671325,0.0016744099187050367,0.04371062932667578,0.0434579320275728,0.042960315458423756,0.04501124589831186,0.11207409768358212,0.12990609152414764,0.03171275991403908,0.03168841432739326,0.031692821608063755,0.03170832646206725,0.09819333161010857,0.09821767719675438,0.0982132699160839,0.09819776506208039
1116,1106,1123,17,0.5882352941176471,0.5882339355055992,0.4117647058823529,0.37464840060662913,0.6598807827657093,0.03401077296623851,0.10068843730820301,0.041936695142191234,0.042655793725299325,0.0018023084488444465,0.04182417778754444,0.04171622388504566,0.0415141473341054,0.042431650940187485,0.0943828268769042,0.11118244232791721,0.026846662907887352,0.026797319024503958,0.026831180003112548,0.02681280275104543,0.08433577942002986,0.08438512330341326,0.08435126232480467,0.08436963957687178
1117,1106,1123,17,0.6470588235294118,0.6470583788927415,0.3529411764705882,0.37464840060662913,0.6598807827657093,0.03401077296623851,0.10752096675169591,0.03947700387108627,0.04022503614288472,0.0014813569161012685,0.03939245702163156,0.03931121733110704,0.039158740922375694,0.039847829492652934,0.10080964761568495,0.12508558992251273,0.011379567854882972,0.011369784029344295,0.011382831807969337,0.01136661842328888,0.11370602206762975,0.11371580589316843,0.11370275811454339,0.11371897149922384
1118,1106,1123,17,0.7058823529411765,0.705881562475985,0.2941176470588235,0.37464840060662913,0.6598807827657093,0.03401077296623851,0.0798743821171119,0.035795557338216946,0.03657078059312755,0.0010812004539274332,0.03573052879292205,0.035667430168050726,0.03554706347425564,0.03607475734509576,0.055234876523648106,0.07614229256884632,0.008217336594372184,0.008191225039171557,0.008235911277969509,0.00817263459535729,0.06792495597447414,0.06795106752967477,0.06790638129087681,0.06796965797348903
1119,1106,1123,17,0.7647058823529411,0.7647060058631273,0.23529411764705888,0.37464840060662913,0.6598807827657093,0.03401077296623851,0.06945641809294997,0.030079940428624368,0.030914915725017124,0.0007642172439321479,0.030062750110021776,0.03004676481195818,0.030018416832648484,0.030160708533328494,0.04203578827588748,0.06755297318351498,0.0,0.0,0.0,0.0,0.06755297318351498,0.06755297318351498,0.06755297318351498,0.06755297318351498
1121,1106,1123,17,0.8823529411764706,0.8823532128988801,0.11764705882352944,0.37464840060662913,0.6598807827657093,0.03401077296623851,0.022736211129303553,0.016623715959625182,0.017515662796096766,0.0006012392552897717,0.01663800381412654,0.01665363610782174,0.01668891857605634,0.016580073542012963,0.04653946300289634,0.016229622484557796,0.0,0.0,0.0,0.0,0.016229622484557796,0.016229622484557796,0.016229622484557796,0.016229622484557796
1122,1106,1123,17,0.9411764705882353,0.9411755566128577,0.05882352941176472,0.37464840060662913,0.6598807827657093,0.03401077296623851,0.018607149705398902,0.008542835359834505,0.009440090261527291,0.00039029285311517896,0.008558323653033571,0.008574894318812807,0.008611257366260398,0.008491818154252307,0.015711943688870394,0.0,0.0,0.0,0.0,0.0,0.0,0.0,0.0,0.0
1124,1123,1214,91,0.01098901098901099,0.011020855566336148,0.01098901098901099,0.37344459800499596,0.12323602040637549,0.2704743495189416,0.05233199053053736,0.011702668293321908,0.011700315625879478,0.004682830452748335,0.010532521778761383,0.009362515553407351,0.007023204419398645,0.016384056034717317,0.050712068263154365,0.053847515759825576,0.023804638446102068,0.023803096153339687,0.02380352741742923,0.023804205150475464,0.030042877313723508,0.03004441960648589,0.030043988342396345,0.030043310609350112
1126,1123,1214,91,0.03296703296703297,0.03306791678166722,0.03296703296703297,0.37344459800499596,0.12323602040637549,0.2704743495189416,0.10257769244722502,0.03020598110454066,0.030198641635439838,0.011075838268235678,0.027441846984178172,0.02467879477377796,0.019157808464349196,0.041268987757240555,0.09924100897569962,0.10233715570629547,0.0,0.0,0.0,0.0,0.10233715570629547,0.10233715570629547,0.10233715570629547,0.10233715570629547
1127,1123,1214,91,0.04395604395604396,0.04409467317446525,0.04395604395604396,0.37344459800499596,0.12323602040637549,0.2704743495189416,0.106538287210091,0.03813820458139562,0.03812804845234662,0.012941833429383416,0.03490527464259243,0.031672861074135125,0.02521037752211356,0.05107312666760375,0.11334102639208121,0.1148075645185098,0.0,0.0,0.0,0.0,0.1148075645185098,0.1148075645185098,0.1148075645185098,0.1148075645185098
1128,1123,1214,91,0.054945054945054944,0.05512166560032176,0.054945054945054944,0.37344459800499596,0.12323602040637549,0.2704743495189416,0.09645018619473124,0.0450832344569912,0.04507041640113677,0.013992465042165569,0.041586937489609815,0.03809097458939478,0.031100501607111104,0.059070576549637696,0.09893113472356432,0.10319113225057362,0.0,0.0,0.0,0.0,0.10319113225057362,0.10319113225057362,0.10319113225057362,0.10319113225057362
1129,1123,1214,91,0.06593406593406594,0.06614944480303986,0.06593406593406594,0.37344459800499596,0.12323602040637549,0.2704743495189416,0.08506516296614876,0.05112154864403978,0.05110607765603546,0.01428557014665614,0.04755307300742409,0.04398507085859649,0.03685103714027734,0.0653986357812288,0.08492963749636585,0.08968858207423658,0.0,0.0,0.0,0.0,0.08968858207423658,0.08968858207423658,0.08968858207423658,0.08968858207423658
1131,1123,1214,91,0.08791208791208792,0.08820610469608225,0.08791208791208792,0.37344459800499596,0.12323602040637549,0.2704743495189416,0.08377351710899962,0.05953158337553197,0.059510447301277726,0.012256283438195896,0.056469205749501934,0.053407022358730474,0.04728338923039101,0.07178253902390164,0.07907870665216461,0.08209228996502058,0.013616275884967081,0.013616835407563428,0.013610682446597732,0.013622386989944214,0.0684760140800535,0.06847545455745715,0.06848160751842285,0.06846990297507637
1132,1123,1214,91,0.0989010989010989,0.09923506406409273,0.0989010989010989,0.37344459800499596,0.12323602040637549,0.2704743495189416,0.08269738953623969,0.06243750001824355,0.062413507707931845,0.00990758395226868,0.05996450370113905,0.05749184313614481,0.05254771884430023,0.07233215399018063,0.07406851862205939,0.08019822073859151,0.0,0.0,0.0,0.0,0.08019822073859151,0.08019822073859151,0.08019822073859151,0.08019822073859151
1133,1123,1214,91,0.10989010989010989,0.11026496756433711,0.10989010989010989,0.37344459800499596,0.12323602040637549,0.2704743495189416,0.08316634595259459,0.06377024973184527,0.06374317405813341,0.006616877266115691,0.062121502903163664,0.060473054975980836,0.05717715923138811,0.07036780580252583,0.07821624288161991,0.07869009050556983,0.023718952636726128,0.02371527250858004,0.023713524877788085,0.023720676635978436,0.054971137868843695,0.054974817996989785,0.05497656562778174,0.054969413869591394
1134,1123,1214,91,0.12087912087912088,0.12129479238689532,0.12087912087912088,0.37344459800499596,0.12323602040637549,0.2704743495189416,0.08866702893938061,0.06400896949362261,0.06397897561138909,0.0024430964397917474,0.06340952346863403,0.0628102957120068,0.061612520475395526,0.06640881803170595,0.08319574648620663,0.08215258610508586,0.003669839531651877,0.003627596715195769,0.0036751471796868163,0.0036222375034105415,0.07848274657343397,0.07852498938989008,0.07847743892539905,0.07853034860167532
1136,1123,1214,91,0.14285714285714285,0.1433564089741657,0.14285714285714285,0.37344459800499596,0.12323602040637549,0.2704743495189416,0.1257006564796958,0.0612676481614851,0.06123161124370006,0.007916024801792744,0.06323563624218455,0.06520429128325128,0.06914337435064857,0.053403839779648125,0.09612455710527174,0.0981666760586087,0.03226103079813614,0.03224182527222688,0.03227206137973622,0.03223079293675704,0.06590564526047256,0.06592485078638181,0.06589461467887248,0.06593588312185165
1137,1123,1214,91,0.15384615384615385,0.15438804338350556,0.15384615384615385,0.37344459800499596,0.12323602040637549,0.2704743495189416,0.17468164942401687,0.058816897132320134,0.0587776955207224,0.01323525011130762,0.06211784422708491,0.06541958602173692,0.07202501652197932,0.04562450506662183,0.17672593859912927,0.1779387675683635,0.008341260956818839,0.008380373875385544,0.008338793879635941,0.008382508019106276,0.16959750661154466,0.16955839369297795,0.16959997368872756,0.1695562595492572
1138,1123,1214,91,0.16483516483516483,0.1654199138259039,0.16483516483516483,0.37344459800499596,0.12323602040637549,0.2704743495189416,0.18978509853363357,0.057424155183036264,0.057382031689621485,0.01831237143864973,0.06199739423751034,0.06657130053153913,0.07572063116673758,0.03914254856413797,0.18420135300152732,0.18605822704934533,0.0,0.0,0.0,0.0,0.18605822704934533,0.18605822704934533,0.18605822704934533,0.18605822704934533
1139,1123,1214,91,0.17582417582417584,0.17645257104516382,0.17582417582417584,0.37344459800499596,0.12323602040637549,0.2704743495189416,0.22969231018875141,0.05601258355834119,0.05596713985942361,0.0228448553067417,0.06172066734452785,0.06742928121206561,0.07884763864355405,0.03319101899712866,0.21777718496646295,0.21734386132976627,0.0,0.0,0.0,0.0,0.21734386132976627,0.21734386132976627,0.21734386132976627,0.21734386132976627
1141,1123,1214,91,0.1978021978021978,0.1985189869712899,0.1978021978021978,0.37344459800499596,0.12323602040637549,0.2704743495189416,0.16646099023802213,0.05478814391612108,0.054736302029426906,0.030705620610357198,0.062462595285382144,0.07013747427681372,0.08548805443230882,0.024102785130772214,0.1793489186035006,0.18243365198473246,0.0,0.0,0.0,0.0,0.18243365198473246,0.18243365198473246,0.18243365198473246,0.18243365198473246
1142,1123,1214,91,0.2087912087912088,0.20955274567815602,0.2087912087912088,0.37344459800499596,0.12323602040637549,0.2704743495189416,0.13702872253159976,0.05472085865975534,0.05466574969360907,0.034392205908162096,0.06331765619769988,0.07191475355365558,0.08910950060750991,0.020344269484571503,0.1459811699199477,0.14848919699461866,0.013632746375954352,0.013624149484488835,0.013586838116427597,0.013669685070163428,0.1348564506186643,0.13486504751012982,0.13490235887819105,0.13481951192445524
1143,1123,1214,91,0.21978021978021978,0.22058744851725606,0.21978021978021978,0.37344459800499596,0.12323602040637549,0.2704743495189416,0.1306446827457957,0.05429444187953893,0.05423597300483841,0.038132153860768736,0.06382702789825048,0.07335973150438274,0.0924253459436874,0.01616943355017869,0.12167581047002762,0.12411145624892317,0.0,0.0,0.0,0.0,0.12411145624892317,0.12411145624892317,0.12411145624892317,0.12411145624892317
1144,1123,1214,91,0.23076923076923078,0.23162230871172843,0.23076923076923078,0.37344459800499596,0.12323602040637549,0.2704743495189416,0.1428349515652605,0.05354057247778895,0.05347895150317323,0.04193800505491351,0.06402434309908894,0.07450831933944405,0.0954766177360759,0.011618683408626103,0.1376389123029561,0.13870945375231533,0.0,0.0,0.0,0.0,0.13870945375231533,0.13870945375231533,0.13870945375231533,0.13870945375231533
1146,1123,1214,91,0.25274725274725274,0.25369352397671013,0.25274725274725274,0.37344459800499596,0.12323602040637549,0.2704743495189416,0.16868826198231096,0.051459833239093145,0.051391395915592705,0.04935108148999977,0.06379701941363569,0.0761343949254305,0.10080943589983955,0.0021783011756601727,0.15926738637429172,0.16098817407202579,0.0,0.0,0.0,0.0,0.16098817407202579,0.16098817407202579,0.16098817407202579,0.16098817407202579
1147,1123,1214,91,0.26373626373626374,0.264730115080278,0.26373626373626374,0.37344459800499596,0.12323602040637549,0.2704743495189416,0.16913504464426063,0.050710592599116394,0.05063885820330235,0.05274711204837687,0.06389735299194918,0.07708411941303114,0.10345766111957752,0.002038729521494641,0.17007162962130717,0.17331892512969257,0.015477575775643139,0.015371612163096253,0.015390204405988692,0.015458676874213855,0.15784134935404945,0.1579473129665963,0.1579287207237039,0.15786024825547873
1148,1123,1214,91,0.27472527472527475,0.2757669422169043,0.27472527472527475,0.37344459800499596,0.12323602040637549,0.2704743495189416,0.15553716857967778,0.049914045466582076,0.04983860477381069,0.05592660485070439,0.06389540655622204,0.07787687181953083,0.10583994973078296,0.006024879328172489,0.16128483364894727,0.16119170443060235,0.0,0.0,0.0,0.0,0.16119170443060235,0.16119170443060235,0.16119170443060235,0.16119170443060235
1149,1123,1214,91,0.2857142857142857,0.2868043987750199,0.2857142857142857,0.37344459800499596,0.12323602040637549,0.2704743495189416,0.14673765702495928,0.049516362371623435,0.049437589509625804,0.05894317169251954,0.0642520055363057,0.07898770457801468,0.1084591791923414,0.009430891384546116,0.1483473994768476,0.15038102231609102,0.0,0.0,0.0,0.0,0.15038102231609102,0.15038102231609102,0.15038102231609102,0.15038102231609102
1151,1123,1214,91,0.3076923076923077,0.3088805707342296,0.3076923076923077,0.37344459800499596,0.12323602040637549,0.2704743495189416,0.14016058531304407,0.04831374166937203,0.04822781707088114,0.0647852159057219,0.06451004400255465,0.08070634699527739,0.11309895382595254,0.016471499979257932,0.14073902678169484,0.1422570678777954,0.0,0.0,0.0,0.0,0.1422570678777954,0.1422570678777954,0.1422570678777954,0.1422570678777954
1152,1123,1214,91,0.31868131868131866,0.3199192861353237,0.31868131868131866,0.37344459800499596,0.12323602040637549,0.2704743495189416,0.14280909126719452,0.04748346610337634,0.047393968183220975,0.06760580774725294,0.06438487195287293,0.08128629696775484,0.11508917071926801,0.020122931492434576,0.1430389748431577,0.14707816545403485,0.008719622484071213,0.0087426860019389,0.00872796392734755,0.008733859958191825,0.13835854296996364,0.13833547945209596,0.1383502015266873,0.13834430549584303
1153,1123,1214,91,0.32967032967032966,0.33095870963559326,0.32967032967032966,0.37344459800499596,0.12323602040637549,0.2704743495189416,0.14321780427740144,0.047016199193260444,0.04692300257548799,0.07032500126416454,0.06459739023471259,0.08217860663847827,0.11734106993250709,0.023309459149981598,0.1463286488641472,0.14627863577469613,0.0,0.0,0.0,0.0,0.14627863577469613,0.14627863577469613,0.14627863577469613,0.14627863577469613
1154,1123,1214,91,0.34065934065934067,0.3419983691689213,0.34065934065934067,0.37344459800499596,0.12323602040637549,0.2704743495189416,0.14853984565072575,0.0460028374338456,0.045906064795102196,0.07290282984407813,0.06422850322537443,0.08245418743816693,0.11890557724450612,0.026900390380618276,0.14939733339391562,0.1507406886957562,0.0,0.0,0.0,0.0,0.1507406886957562,0.1507406886957562,0.1507406886957562,0.1507406886957562
1156,1123,1214,91,0.3626373626373626,0.3640079011279548,0.3626373626373626,0.37344459800499596,0.12323602040637549,0.2704743495189416,0.1531011353503647,0.04462551648298798,0.04452639065886236,0.07755901944177938,0.06401525762954467,0.08340500515242964,0.12218450718468914,0.03293360958537866,0.15821673192053962,0.15871509787816754,0.0,0.0,0.0,0.0,0.15871509787816754,0.15871509787816754,0.15871509787816754,0.15871509787816754
1157,1123,1214,91,0.37362637362637363,0.3749773801652294,0.37362637362637363,0.37344459800499596,0.12323602040637549,0.2704743495189416,0.14166657196009355,0.043848414434072044,0.04375062467974311,0.07966255854048242,0.06376401958578883,0.08367964115149855,0.12351090176463331,0.03581438968463588,0.15116553220245207,0.15214919594973378,0.023517382355247186,0.02352550941911112,0.0235271581160472,0.02351555086177963,0.12863181359448658,0.12862368653062267,0.1286220378336866,0.12863364508795416
1158,1123,1214,91,0.38461538461538464,0.3859460724256425,0.38461538461538464,0.37344459800499596,0.12323602040637549,0.2704743495189416,0.1328967241469511,0.04342740493347682,0.043331066965755394,0.08164688636220852,0.06383886167651599,0.08425044675033445,0.12507375057272171,0.03822125091453314,0.13653747987273254,0.1382858734391814,0.0,0.0,0.0,0.0,0.1382858734391814,0.1382858734391814,0.1382858734391814,0.1382858734391814
1159,1123,1214,91,0.3956043956043956,0.39691500071911406,0.3956043956043956,0.37344459800499596,0.12323602040637549,0.2704743495189416,0.12360253289418371,0.04271562372135595,0.04262074143676403,0.08357065095268687,0.06360819885765576,0.08450081731266075,0.12628609817964437,0.04085557278611812,0.1288008995469394,0.1284596595080727,0.0,0.0,0.0,0.0,0.1284596595080727,0.1284596595080727,0.1284596595080727,0.1284596595080727
1161,1123,1214,91,0.4175824175824176,0.4188515984630786,0.4175824175824176,0.37344459800499596,0.12323602040637549,0.2704743495189416,0.12825914786514186,0.04151087723880406,0.04141931368423313,0.0872147700552874,0.06331438916631718,0.08511799361091195,0.12872529200377744,0.04570489348423957,0.1252614190804822,0.12918776174066665,0.0,0.0,0.0,0.0,0.12918776174066665,0.12918776174066665,0.12918776174066665,0.12918776174066665
1162,1123,1214,91,0.42857142857142855,0.4298191105581993,0.42857142857142855,0.37344459800499596,0.12323602040637549,0.2704743495189416,0.1352810312575046,0.0404521777968347,0.04036183655310689,0.08886182756488029,0.06266725060647496,0.08488252445830087,0.12931326083355352,0.04841163853814354,0.13301540968610018,0.13494322704817052,0.017288739195812523,0.017267483137235345,0.017283424943302976,0.01727254587934452,0.11765448785235799,0.11767574391093517,0.11765980210486754,0.11767068116882601
1163,1123,1214,91,0.43956043956043955,0.44078670133100617,0.43956043956043955,0.37344459800499596,0.12323602040637549,0.2704743495189416,0.1347862079143234,0.03961563247326216,0.039527058349576795,0.09035472575672454,0.06220400174881321,0.08479253734378836,0.12996976061925072,0.05074062406231933,0.13718170674934643,0.1388386048007862,0.0,0.0,0.0,0.0,0.1388386048007862,0.1388386048007862,0.1388386048007862,0.1388386048007862
1164,1123,1214,91,0.45054945054945056,0.45175366268232375,0.45054945054945056,0.37344459800499596,0.12323602040637549,0.2704743495189416,0.12878934564164884,0.038825201325194035,0.03873764187530788,0.0916987926949816,0.06174867067179753,0.08467280539961461,0.13052166862785183,0.05287933148139589,0.12850255102173516,0.1294781120671971,0.0,0.0,0.0,0.0,0.1294781120671971,0.1294781120671971,0.1294781120671971,0.1294781120671971
1166,1123,1214,91,0.4725274725274725,0.47368711331884195,0.4725274725274725,0.37344459800499596,0.12323602040637549,0.2704743495189416,0.1320106280731861,0.03743273973028389,0.0373488915368542,0.09404598693107694,0.06094412332153693,0.0844555699073559,0.13147851688377665,0.05661373438621943,0.12138458859199351,0.1257717532566207,0.0,0.0,0.0,0.0,0.1257717532566207,0.1257717532566207,0.1257717532566207,0.1257717532566207
1167,1123,1214,91,0.4835164835164835,0.4846535239263564,0.4835164835164835,0.37344459800499596,0.12323602040637549,0.2704743495189416,0.137594600717235,0.036633875212166905,0.03655111388675176,0.09504423221371772,0.06039395496328796,0.0841545871524041,0.1316763126119125,0.05841440299482069,0.13277272179222283,0.1334570981863837,0.0,0.0,0.0,0.0,0.1334570981863837,0.1334570981863837,0.1334570981863837,0.1334570981863837
1168,1123,1214,91,0.4945054945054945,0.49561922643469547,0.4945054945054945,0.37344459800499596,0.12323602040637549,0.2704743495189416,0.1355636365498794,0.03596802323553775,0.03588693178846477,0.09593662160995488,0.05995091334719922,0.08393452655252218,0.13190234449275634,0.059973657885124355,0.1346802570318747,0.13433655518921517,0.0,0.0,0.0,0.0,0.13433655518921517,0.13433655518921517,0.13433655518921517,0.13433655518921517
1169,1123,1214,91,0.5054945054945055,0.5065850076207207,0.4945054945054945,0.37344459800499596,0.12323602040637549,0.2704743495189416,0.13639884698050045,0.03532489757609491,0.0352456393166515,0.09671445233349683,0.05950251304387284,0.08368070500170245,0.13203755161122313,0.061393422468316805,0.12957800394440008,0.131280122197874,0.0,0.0,0.0,0.0,0.131280122197874,0.131280122197874,0.131280122197874,0.131280122197874
1171,1123,1214,91,0.5274725274725275,0.5285153898274787,0.4725274725274725,0.37344459800499596,0.12323602040637549,0.2704743495189416,0.1325250201943424,0.033643010307328046,0.0335672242572904,0.0979325398799533,0.05812555990762641,0.08260845648315007,0.13157451579309468,0.06429164653022913,0.136298707233247,0.13720357822241652,0.0,0.0,0.0,0.0,0.13720357822241652,0.13720357822241652,0.13720357822241652,0.13720357822241652
1172,1123,1214,91,0.5384615384615384,0.5394799908482115,0.46153846153846156,0.37344459800499596,0.12323602040637549,0.2704743495189416,0.13028917229067222,0.03282155830954116,0.03274755051106899,0.09837549416815308,0.05741482756012443,0.08200845925424134,0.13119599466087628,0.065556052888602,0.13154936965401212,0.12975556888908832,0.0,0.0,0.0,0.0,0.12975556888908832,0.12975556888908832,0.12975556888908832,0.12975556888908832
1173,1123,1214,91,0.5494505494505495,0.5504444345135721,0.4505494505494505,0.37344459800499596,0.12323602040637549,0.2704743495189416,0.12878206952374305,0.03233451733508981,0.03226252420471886,0.09869538933581548,0.05700770297383017,0.08168128837090033,0.13102875511368203,0.06636314570785215,0.12831847651914208,0.12908372840579507,0.0,0.0,0.0,0.0,0.12908372840579507,0.12908372840579507,0.12908372840579507,0.12908372840579507
1174,1123,1214,91,0.5604395604395604,0.5614083274351295,0.43956043956043955,0.37344459800499596,0.12323602040637549,0.2704743495189416,0.12684469305836085,0.03136916648160589,0.03129884122191241,0.0988868818843106,0.05609032459452998,0.080811826774235,0.130255079716025,0.06751958410177454,0.13125809801518706,0.13099955340201525,0.0,0.0,0.0,0.0,0.13099955340201525,0.13099955340201525,0.13099955340201525,0.13099955340201525
1176,1123,1214,91,0.5824175824175825,0.5833355625344412,0.41758241758241754,0.37344459800499596,0.12323602040637549,0.2704743495189416,0.11744458325607741,0.029621260291456567,0.0295543571631083,0.09889069653188802,0.054342550147486915,0.0790647056807289,0.12850961535148767,0.0692737800747516,0.12265672927197815,0.12298439930245801,0.015400915893717565,0.015414813267724892,0.015405095204444918,0.01541075697157882,0.10758348340874045,0.10756958603473311,0.1075793040980131,0.1075736423308792
1177,1123,1214,91,0.5934065934065934,0.5942989047121955,0.4065934065934066,0.37344459800499596,0.12323602040637549,0.2704743495189416,0.11473560623228143,0.029056044160859773,0.028991578517043277,0.09871526544049744,0.05373470254434331,0.07841346036653256,0.12777104385001967,0.0696597087275548,0.11932669275633997,0.11979140635787407,0.0,0.0,0.0,0.0,0.11979140635787407,0.11979140635787407,0.11979140635787407,0.11979140635787407
1178,1123,1214,91,0.6043956043956044,0.6052616174684605,0.39560439560439564,0.37344459800499596,0.12323602040637549,0.2704743495189416,0.11540344404836529,0.028100273566676024,0.028037357101645375,0.09841168255701989,0.05270273777656315,0.07730549250687999,0.12651119555514578,0.07031277747080543,0.12086652965794525,0.11914561959109003,0.0,0.0,0.0,0.0,0.11914561959109003,0.11914561959109003,0.11914561959109003,0.11914561959109003
1179,1123,1214,91,0.6153846153846154,0.6162244089024117,0.3846153846153846,0.37344459800499596,0.12323602040637549,0.2704743495189416,0.10851074895741525,0.027467213920169518,0.027406460748142656,0.09797859757349138,0.051961066455387325,0.07645542957589423,0.1254444912061378,0.07051373250681237,0.11341999952199563,0.11459542746993309,0.0,0.0,0.0,0.0,0.11459542746993309,0.11459542746993309,0.11459542746993309,0.11459542746993309
1181,1123,1214,91,0.6373626373626373,0.6381485755719631,0.3626373626373627,0.37344459800499596,0.12323602040637549,0.2704743495189416,0.10127100670266632,0.02583978397618174,0.025782391706865835,0.0967402122332452,0.050023348302454244,0.07420788298899395,0.1225775660182048,0.07090462965696073,0.10270847863919388,0.10445383858234697,0.0,0.0,0.0,0.0,0.10445383858234697,0.10445383858234697,0.10445383858234697,0.10445383858234697
1182,1123,1214,91,0.6483516483516484,0.6491100294852497,0.3516483516483516,0.37344459800499596,0.12323602040637549,0.2704743495189416,0.09901148119933627,0.02471288318478964,0.02465706866935029,0.09593226466071413,0.04869212714500844,0.07267389367491561,0.12063897691006613,0.07122983396421237,0.09430155542878739,0.09625683620699992,0.0,0.0,0.0,0.0,0.09625683620699992,0.09625683620699992,0.09625683620699992,0.09625683620699992
1183,1123,1214,91,0.6593406593406593,0.6600714833985362,0.34065934065934067,0.37344459800499596,0.12323602040637549,0.2704743495189416,0.0976038977298025,0.02422143523759551,0.024168279320707375,0.09498839505404268,0.04796649339631363,0.07171290296645376,0.11920654586160286,0.07077249228033006,0.10127739957723869,0.10131886535971994,0.0,0.0,0.0,0.0,0.10131886535971994,0.10131886535971994,0.10131886535971994,0.10131886535971994
1184,1123,1214,91,0.6703296703296703,0.6710323865680196,0.3296703296703297,0.37344459800499596,0.12323602040637549,0.2704743495189416,0.09193026403750751,0.02346801612983233,0.023417050800946016,0.09391550181250682,0.046946390781497024,0.07042509935268014,0.11738271677273088,0.07044882061882181,0.0958832821787048,0.09526940000745039,0.0,0.0,0.0,0.0,0.09526940000745039,0.09526940000745039,0.09526940000745039,0.09526940000745039
1186,1123,1214,91,0.6923076923076923,0.6929638702623838,0.3076923076923077,0.37344459800499596,0.12323602040637549,0.2704743495189416,0.08466176108628164,0.021649244373650192,0.021601089027598476,0.09138855728450937,0.044494188559091825,0.0673406222085304,0.11303434530347864,0.06974491487414783,0.08318318866195565,0.08617394815663673,0.0,0.0,0.0,0.0,0.08617394815663673,0.08617394815663673,0.08617394815663673,0.08617394815663673
1187,1123,1214,91,0.7032967032967034,0.7039337426880893,0.29670329670329665,0.37344459800499596,0.12323602040637549,0.2704743495189416,0.0820315470875437,0.02088226040520906,0.02083572930838537,0.08993996447878382,0.04336637410118264,0.06585108698451453,0.11082085146611935,0.06905990805435555,0.07981165321470977,0.08157721206424191,0.0,0.0,0.0,0.0,0.08157721206424191,0.08157721206424191,0.08157721206424191,0.08157721206424191
1188,1123,1214,91,0.7142857142857143,0.7149028283369331,0.2857142857142857,0.37344459800499596,0.12323602040637549,0.2704743495189416,0.0784066599081976,0.02044132193779893,0.020396977905777647,0.08835742598708433,0.0425302256274136,0.06461943888765644,0.10879803989630474,0.06791723826818746,0.07687510173639582,0.07749468147492355,0.0,0.0,0.0,0.0,0.07749468147492355,0.07749468147492355,0.07749468147492355,0.07749468147492355
1189,1123,1214,91,0.7252747252747253,0.7258722286965216,0.27472527472527475,0.37344459800499596,0.12323602040637549,0.2704743495189416,0.07521481905180132,0.019542469097416443,0.019499013862296643,0.08664410546309627,0.041202038241616515,0.0628626116108876,0.10618431279812098,0.06710521541160595,0.07413488645589021,0.07631903400085088,0.0,0.0,0.0,0.0,0.07631903400085088,0.07631903400085088,0.07631903400085088,0.07631903400085088
1191,1123,1214,91,0.7472527472527473,0.7478095345396616,0.25274725274725274,0.37344459800499596,0.12323602040637549,0.2704743495189416,0.06862610393790378,0.01807417446446332,0.018033835803594113,0.0828271237034136,0.03877936019059368,0.05948565645291574,0.10089884575745689,0.06475677054886084,0.0653348017378055,0.07323682664332103,0.022564715105902487,0.022584240695839766,0.022576866131327568,0.022572140691718055,0.05067211153741854,0.05065258594748126,0.05065996051199346,0.05066468595160297
1192,1123,1214,91,0.7582417582417582,0.758777440023213,0.2417582417582418,0.37344459800499596,0.12323602040637549,0.2704743495189416,0.06625550618953234,0.017205777080286602,0.01716699475894878,0.0807241794956132,0.03738630417820553,0.05756719430091324,0.09792916589066647,0.0635196214433881,0.06727638742289846,0.0691650696400514,0.007827839128063363,0.007902834830200588,0.007862127224848577,0.007868819626923509,0.061337230511988035,0.06126223480985081,0.061302942415202816,0.061296250013127884
1193,1123,1214,91,0.7692307692307693,0.7697455028621368,0.23076923076923073,0.37344459800499596,0.12323602040637549,0.2704743495189416,0.0676108623794929,0.01636284230864267,0.01632536477965966,0.07848127771885006,0.03597948123227378,0.05559871761216696,0.09483853472090918,0.06212696237216541,0.06345540113213752,0.0682285574682851,0.02003303004561393,0.020060983736979014,0.02004757306059403,0.0200465167752052,0.04819552742267117,0.04816757373130609,0.04818098440769107,0.0481820406930799
1194,1123,1214,91,0.7802197802197802,0.7807129362795714,0.21978021978021978,0.37344459800499596,0.12323602040637549,0.2704743495189416,0.06497220107226984,0.015507116891132617,0.015471097319968612,0.07609611039086951,0.0345302580007556,0.05355402891472936,0.0916018905920275,0.060591014364800924,0.05415520862491944,0.054661187078988004,0.0,0.0,0.0,0.0,0.054661187078988004,0.054661187078988004,0.054661187078988004,0.054661187078988004
1196,1123,1214,91,0.8021978021978022,0.8026471736929512,0.19780219780219777,0.37344459800499596,0.12323602040637549,0.2704743495189416,0.062219802356402294,0.014165293485602061,0.01413256057542645,0.07092291446471136,0.03189198580186385,0.04962156236718504,0.0850821559557115,0.056766692781348535,0.0614862058034164,0.06289524788891356,0.020512859903000984,0.020526695219280723,0.02051429405526111,0.0205253584242108,0.04238238798591257,0.04236855266963283,0.042380953833652445,0.042369889464702756
1197,1123,1214,91,0.8131868131868132,0.8136139776888964,0.18681318681318682,0.37344459800499596,0.12323602040637549,0.2704743495189416,0.06058292461030246,0.013290670082234658,0.013259595244187733,0.0681309310134699,0.030321463607841378,0.04735365212424237,0.081418712272756,0.054844549736871674,0.04657689110084984,0.05332386354055432,0.0,0.0,0.0,0.0,0.05332386354055432,0.05332386354055432,0.05332386354055432,0.05332386354055432
1198,1123,1214,91,0.8241758241758241,0.8245800735856663,0.17582417582417587,0.37344459800499596,0.12323602040637549,0.2704743495189416,0.05949222584397926,0.012513510507720154,0.012483574416004973,0.0652007797932617,0.028808272466435844,0.04510696055466566,0.0777062332027374,0.052699151636380705,0.038936985848035635,0.04418451619979329,0.0,0.0,0.0,0.0,0.04418451619979329,0.04418451619979329,0.04418451619979329,0.04418451619979329
1199,1123,1214,91,0.8351648351648352,0.8355463268378085,0.1648351648351648,0.37344459800499596,0.12323602040637549,0.2704743495189416,0.05958146264500093,0.011574876482097417,0.011546252665466486,0.06213490106232652,0.02710441912609014,0.04263700913529061,0.07370362471033874,0.050568993422446064,0.051563721885299854,0.04993115112700669,0.0,0.0,0.0,0.0,0.04993115112700669,0.04993115112700669,0.04993115112700669,0.04993115112700669
1201,1123,1214,91,0.8571428571428571,0.8574774171437419,0.1428571428571429,0.37344459800499596,0.12323602040637549,0.2704743495189416,0.05013520967758186,0.010176105094472445,0.0101508585233376,0.05561953962260405,0.024073439500431643,0.03797630198356521,0.06578459168920438,0.04545943358350375,0.027997055193765084,0.04071333329796416,0.0,0.0,0.0,0.0,0.04071333329796416,0.04071333329796416,0.04071333329796416,0.04071333329796416
1202,1123,1214,91,0.8681318681318682,0.8684424902305917,0.13186813186813184,0.37344459800499596,0.12323602040637549,0.2704743495189416,0.04744826793856969,0.009417703843958493,0.009394776160042037,0.05217546662042779,0.022458305700988737,0.035501306438749936,0.061588408248251,0.04276462200172636,0.038248133878158175,0.038063163124999334,0.0,0.0,0.0,0.0,0.038063163124999334,0.038063163124999334,0.038063163124999334,0.038063163124999334
1203,1123,1214,91,0.8791208791208791,0.8794074059620691,0.1208791208791209,0.37344459800499596,0.12323602040637549,0.2704743495189416,0.04607377407431128,0.008311674650777015,0.008289684518685713,0.048593652525725124,0.020452697318418672,0.03259922702950471,0.05689469925430196,0.04029698747232966,0.02478330121378871,0.02291414421937422,0.0,0.0,0.0,0.0,0.02291414421937422,0.02291414421937422,0.02291414421937422,0.02291414421937422
1204,1123,1214,91,0.8901098901098901,0.8903717709497435,0.10989010989010994,0.37344459800499596,0.12323602040637549,0.2704743495189416,0.04232916706935209,0.007642076130737332,0.007621971822002739,0.04487445758969492,0.018851337189746683,0.03006757585990637,0.05250309877120707,0.03725132430579471,0.019486272472629972,0.025295871309920778,0.0,0.0,0.0,0.0,0.025295871309920778,0.025295871309920778,0.025295871309920778,0.025295871309920778
1206,1123,1214,91,0.9120879120879121,0.9122997928259168,0.08791208791208793,0.37344459800499596,0.12323602040637549,0.2704743495189416,0.032050385177027574,0.0063478726678693346,0.006332665246142018,0.037022064849067934,0.015601795050906675,0.0248569042908522,0.043367643898256494,0.030677434848861724,0.0,0.02865515183165181,0.0,0.0,0.0,0.0,0.02865515183165181,0.02865515183165181,0.02865515183165181,0.02865515183165181
1207,1123,1214,91,0.9230769230769231,0.9232635283921019,0.07692307692307687,0.37344459800499596,0.12323602040637549,0.2704743495189416,0.02856167991060276,0.0052889177016292015,0.005274820960187986,0.03289033913147921,0.01350892080912139,0.02173087741952889,0.03817560242461694,0.027606475631529126,0.0,0.015262758668228339,0.0,0.0,0.0,0.0,0.015262758668228339,0.015262758668228339,0.015262758668228339,0.015262758668228339
1208,1123,1214,91,0.9340659340659341,0.9342267132144839,0.06593406593406592,0.37344459800499596,0.12323602040637549,0.2704743495189416,0.025407893842037618,0.005144460888722434,0.005133603405255084,0.02862163141413709,0.01228605899635576,0.019437817176553362,0.033745975874850544,0.023506076608796878,0.015796692634104367,0.016570423239472463,0.0,0.0,0.0,0.0,0.016570423239472463,0.016570423239472463,0.016570423239472463,0.016570423239472463
1209,1123,1214,91,0.945054945054945,0.9451898193591797,0.05494505494505497,0.37344459800499596,0.12323602040637549,0.2704743495189416,0.022125863268072348,0.004033374681590357,0.004024201155466712,0.024206871824058427,0.010078966300697071,0.016129153495995398,0.028231496514103803,0.02018574036866409,0.023065064447969106,0.032799110558219956,0.022397462072466585,0.022396070592573127,0.02239469220865336,0.02239887175516548,0.010401648485753371,0.01040303996564683,0.010404418349566597,0.010400238803054476
1211,1123,1214,91,0.967032967032967,0.9671148514832789,0.03296703296703296,0.37344459800499596,0.12323602040637549,0.2704743495189416,0.01763773703378041,0.00231269067221938,0.002306209373044559,0.01494083523905124,0.0060400445976210426,0.009773398029456721,0.017242516021719223,0.012643173367966113,0.0,0.0,0.0,0.0,0.0,0.0,0.0,0.0,0.0,0.0
1212,1123,1214,91,0.978021978021978,0.9780767774626824,0.02197802197802201,0.37344459800499596,0.12323602040637549,0.2704743495189416,0.013064646674006586,0.0016478323584753695,0.0016439913382276603,0.010092798893160304,0.004166957720626575,0.006689155065967782,0.011734842745447198,0.00845300820409254,0.0,0.0,0.0,0.0,0.0,0.0,0.0,0.0,0.0,0.0
1213,1123,1214,91,0.989010989010989,0.989038782119772,0.01098901098901095,0.37344459800499596,0.12323602040637549,0.2704743495189416,0.006689583436899919,0.0010121262965320217,0.0010097421777597705,0.005111889802230014,0.002277889552290201,0.003552406107626448,0.006105774917399506,0.00412688098188023,0.0,0.0,0.0,0.0,0.0,0.0,0.0,0.0,0.0,0.0
