uid,left_uid,right_uid,interval_frames,alpha_uid,beta_time,endpoint_fraction,endpoint_rotation_deg,endpoint_rotation_deg_per_second,gyro_endpoint_disagreement_deg,gyro_curvature_deg,original_translation_error_m,final_endpoint_linear_translation_error_m,causal_accel_shape_norm_m,causal_accel_plus_025_translation_error_m,causal_accel_plus_050_translation_error_m,causal_accel_plus_100_translation_error_m,causal_accel_minus_100_translation_error_m,original_rotation_error_deg,final_endpoint_slerp_rotation_error_deg,final_endpoint_imu_right_rotation_error_deg,final_endpoint_imu_left_rotation_error_deg,final_endpoint_imu_shape_right_rotation_error_deg,final_endpoint_imu_shape_left_rotation_error_deg,imu_right_improvement_deg,imu_left_improvement_deg,imu_shape_right_improvement_deg,imu_shape_left_improvement_deg
1,0,21,21,0.047619047619047616,0.04762774376662986,0.047619047619047616,2.4639110977265393,3.527583905911505,0.03841163455059464,0.0936930676333573,0.009296234396317046,0.005296503880027169,0.005200751418366636,0.008014161933226797,0.0067390344966582645,0.004234749768386955,0.014456917822723073,0.10560881601541616,0.18544026367252064,0.09262782905676743,0.09264037489084351,0.09263388741968649,0.09263420450562576,0.09281243461575321,0.09279988878167714,0.09280637625283415,0.09280605916689488
2,0,21,21,0.09523809523809523,0.09525617022148113,0.09523809523809523,2.4639110977265393,3.527583905911505,0.03841163455059464,0.16208793537008603,0.017197666877455702,0.009172341313838544,0.008747906906973133,0.01503356350954421,0.012877191152176587,0.008610882390207587,0.02589254616726643,0.13918113972511945,0.24294173609779499,0.08403191302239825,0.0840472105037812,0.08403887887200527,0.08404002229470674,0.15890982307539675,0.1588945255940138,0.15890285722578973,0.15890171380308826
3,0,21,21,0.14285714285714285,0.14288186592344676,0.14285714285714285,2.4639110977265393,3.527583905911505,0.03841163455059464,0.1494362648117999,0.02272570450891775,0.010696995287725278,0.010809896703303441,0.020073180865804046,0.01743600493398445,0.012247359881103387,0.03341594230705172,0.1866263135942662,0.22235894554930563,0.07952462222557517,0.07952694232105247,0.07952533226423412,0.07952609028931802,0.14283432332373047,0.14283200322825318,0.1428336132850715,0.14283285525998762
4,0,21,21,0.19047619047619047,0.1905085856577445,0.19047619047619047,2.4639110977265393,3.527583905911505,0.03841163455059464,0.1954457448297232,0.026676586775443642,0.010649001511797405,0.011571327552486622,0.02384788563215505,0.021036633973304453,0.015504433770030671,0.038087850295076435,0.2458907872687802,0.28129863079399536,0.09304593187802614,0.09304691878734561,0.0930479043936008,0.09304477686817159,0.18825269891596924,0.18825171200664975,0.18825072640039456,0.18825385392582378
6,0,21,21,0.2857142857142857,0.2857569049646794,0.2857142857142857,2.4639110977265393,3.527583905911505,0.03841163455059464,0.3235316285849521,0.03347008752546274,0.009410782790343101,0.010492117612283667,0.03093828742282242,0.028423037572556473,0.023463453214196205,0.04370502196738362,0.3690354227376269,0.4104919193409867,0.09521727202712622,0.09522475888742543,0.09522630525861689,0.09521551967394341,0.3152746473138605,0.3152671604535613,0.31526561408236986,0.3152763996670433
7,0,21,21,0.3333333333333333,0.3333788458814273,0.3333333333333333,2.4639110977265393,3.527583905911505,0.03841163455059464,0.3968396861893385,0.03705892313282769,0.009015091608225107,0.00892260692435403,0.03492420129532055,0.032802248440589016,0.02860800026067329,0.045689558076961526,0.3743001213053104,0.49158159375260385,0.10133180391659594,0.10135704656601602,0.10135119460868634,0.10133754991025049,0.3902497898360079,0.39022454718658783,0.3902303991439175,0.39024404384235334
8,0,21,21,0.38095238095238093,0.38100146948639657,0.38095238095238093,2.4639110977265393,3.527583905911505,0.03841163455059464,0.5168713590134214,0.03876402105594318,0.006693301177649372,0.006635738886687576,0.03724038655169354,0.035728806045473245,0.03274847095255949,0.044954447702815516,0.34264070643037603,0.6197718509562811,0.10525020439786413,0.10527798958762669,0.10527031882288271,0.10525780018828791,0.5145216465584169,0.5144938613686544,0.5145015321333983,0.5145140507679932
9,0,21,21,0.42857142857142855,0.42862136233848025,0.42857142857142855,2.4639110977265393,3.527583905911505,0.03841163455059464,0.6391385630306692,0.039011555866569556,0.002945014472052117,0.0037598672261719562,0.038298405244768303,0.037595229386842684,0.03622111752758856,0.041953627142720995,0.3322024604772824,0.7414573773542892,0.1049479736059535,0.10497577772695543,0.10496788568004022,0.104955928301794,0.6365094037483356,0.6364815996273337,0.636489491674249,0.6365014490524952
11,0,21,21,0.5238095238095238,0.5238608066985369,0.47619047619047616,2.4639110977265393,3.527583905911505,0.03841163455059464,0.7774557699308685,0.038300513808366306,0.005834475891812978,0.006375220969819093,0.03982142849139312,0.04134783436296472,0.044414853103848996,0.03228724863721394,0.44980478288100817,0.8696475084624274,0.09244260827411248,0.09239050489945447,0.09241238096255434,0.09242073796193533,0.777204900188315,0.777257003562973,0.7772351274998731,0.7772267705004922
12,0,21,21,0.5714285714285714,0.5714793341741776,0.4285714285714286,2.4639110977265393,3.527583905911505,0.03841163455059464,0.8635844238625897,0.037358799900849185,0.010782507997398272,0.011124315087955042,0.04011359844191842,0.042871790587276436,0.04839603412858259,0.026394781928264825,0.530633462212281,0.9653190393655516,0.10190050203271644,0.10184168147532735,0.10187052336078006,0.10187172648598758,0.8634185373328351,0.8634773578902243,0.8634485160047716,0.8634473128795641
13,0,21,21,0.6190476190476191,0.6190958135851543,0.38095238095238093,2.4639110977265393,3.527583905911505,0.03841163455059464,1.1164706844291052,0.03651764199102862,0.01563355724136861,0.015446384870180315,0.04037421052845593,0.04423165637529238,0.05194839821975089,0.021109758091639178,0.5491179821256696,1.2509533522656062,0.13438535522102277,0.13431487485841886,0.13434666103251253,0.1343532633452648,1.1165679970445834,1.1166384774071874,1.1166066912330936,1.1166000889203413
14,0,21,21,0.6666666666666666,0.6667126343402415,0.33333333333333337,2.4639110977265393,3.527583905911505,0.03841163455059464,1.3341421540451164,0.03702370111442042,0.01916030575305257,0.01856232723289998,0.04166307346183138,0.04630268820921351,0.055582402095807025,0.018472288712620813,0.7158685094008197,1.4178451887767007,0.08609725504662373,0.0859113408384788,0.0859614913941409,0.08604644220801053,1.331747933730077,1.331933847938222,1.3318836973825599,1.3317987465686902
16,0,21,21,0.7619047619047619,0.7619421797210877,0.23809523809523814,2.4639110977265393,3.527583905911505,0.03841163455059464,1.0231476448334165,0.04447111513238868,0.019794500261199183,0.01947527200358445,0.049338362191196916,0.054205891411847375,0.0639415385816967,0.025008243546257542,1.0503433773065436,1.0768676563114803,0.06708118843377286,0.06722192111774526,0.06721144076782368,0.06709094893744942,1.0097864678777073,1.0096457351937351,1.0096562155436566,1.009776707374031
17,0,21,21,0.8095238095238095,0.8095549043468466,0.19047619047619047,2.4639110977265393,3.527583905911505,0.03841163455059464,0.8803822686115068,0.0512989225471191,0.016914100727196252,0.017583609561521607,0.05569438705141137,0.06008991562001913,0.06888111589218578,0.03371820625214197,1.196158312599128,0.9360379857132227,0.06573338700668527,0.06579731085060277,0.06579237700642378,0.06573757457042688,0.8703045987065374,0.8702406748626199,0.8702456087067989,0.8703004111427959
18,0,21,21,0.8571428571428571,0.8571676289726055,0.1428571428571429,2.4639110977265393,3.527583905911505,0.03841163455059464,0.6762634381856019,0.05836432094284288,0.013863046335138579,0.014613699306416586,0.06201717773296411,0.06567009772135446,0.07297608933105763,0.04375384233436594,1.4327896775682534,0.7322924956862653,0.06188304363760918,0.061963425656151844,0.06195805291160711,0.061888226458081515,0.6704094520486561,0.6703290700301134,0.6703344427746583,0.6704042692281837
19,0,21,21,0.9047619047619048,0.9047779641895893,0.09523809523809523,2.4639110977265393,3.527583905911505,0.03841163455059464,0.5074359530792926,0.06565697124638956,0.010605985063850394,0.010663425408000228,0.06832193556699306,0.07098696687540944,0.07631720238457197,0.05499797859516931,1.6986385571909735,0.5705458846792898,0.06368569696467359,0.063657547856876,0.06366950287672865,0.06367364779272784,0.5068601877146162,0.5068883368224137,0.5068763818025611,0.5068722368865619
22,21,26,5,0.2,0.19887852381643295,0.2,2.8128260006238963,16.782096417536238,0.04731625753726844,0.05741630370111031,0.09417247571129186,0.0023431271622366607,0.0004263839689400685,0.09427095549458729,0.09436945291534854,0.09456650044881114,0.09377873406391588,2.983373660642011,0.07207778397499633,0.01678159989048189,0.01676245052713901,0.016775330263070393,0.016771005272779832,0.055296184084514435,0.055315333447857315,0.055302453711925936,0.055306778702216494
23,21,26,5,0.4,0.3975692814529688,0.4,2.8128260006238963,16.782096417536238,0.04731625753726844,0.15570673526557188,0.1055979996233734,0.0027497976440504163,0.0004964180215495864,0.10564267320467281,0.10568747363362009,0.10577745438930912,0.10542057699300364,3.484391939148748,0.17443996003742165,0.019277187038971525,0.018872737120122666,0.019063861267794087,0.019086634753127305,0.15516277299845013,0.155567222917299,0.15537609876962757,0.15535332528429435
24,21,26,5,0.6,0.5983738310844066,0.4,2.8128260006238963,16.782096417536238,0.04731625753726844,0.16909979794669813,0.11779770619495998,0.0027588081092695055,0.0004357156102028638,0.11774273832735735,0.11768784560806012,0.1175782860352436,0.11801832704622031,4.057264774431306,0.15068466507977676,0.020124420150981023,0.020457522735932442,0.020296156438126343,0.020285470631445982,0.13056024492879575,0.13022714234384433,0.1303885086416504,0.13039919444833079
27,26,30,4,0.25,0.249976096971929,0.25,2.2926536079280324,17.02619098757924,0.04905257512830548,0.07587484200093586,0.15725899030565033,0.0012812742558752466,7.38717656768143e-05,0.15725928311606038,0.15725957809472713,0.15726017455678157,0.15725784074681734,5.707619051229916,0.07505492280300023,0.014845351486875432,0.01500583947514468,0.01493228491217772,0.014917123318654807,0.060209571316124796,0.06004908332785555,0.06012263789082251,0.060137799484345424
28,26,30,4,0.5,0.4999734410799211,0.5,2.2926536079280324,17.02619098757924,0.04905257512830548,0.08825805610463287,0.16922715894734264,0.0014021589585706579,0.00020864303030941833,0.1692461065662482,0.16926506813801767,0.16930303312139272,0.1691515080940845,6.267836497228082,0.08069795890312963,0.0,0.0,0.0,0.0,0.08069795890312963,0.08069795890312963,0.08069795890312963,0.08069795890312963
29,26,30,4,0.75,0.7499778675666009,0.25,2.2926536079280324,17.02619098757924,0.04905257512830548,0.07199208368964147,0.17987262765927725,0.000981769018912114,0.00014380919823873183,0.1798913586668764,0.17991009490885224,0.17994758308939357,0.17979775600535947,6.866242439316034,0.07164649659370399,0.009691460670312404,0.009782870923428288,0.00975466936835774,0.009717613622700745,0.06195503592339159,0.0618636256702757,0.06189182722534625,0.06192888297100325
31,30,36,6,0.16666666666666666,0.16664208157451585,0.16666666666666666,2.4071681056828416,11.914598251277695,0.08624778993702,0.17156364404121613,0.2030022461331251,0.002992622708230559,0.00029328905651121516,0.20297052812579108,0.20293883165264368,0.20287550334927462,0.20312933330247404,8.004937764962332,0.18380187067029116,0.03176424279392786,0.03190078731251964,0.031825811020947656,0.03183804452427266,0.1520376278763633,0.15190108335777153,0.15197605964934352,0.1519638261460185
32,30,36,6,0.3333333333333333,0.3332983241621106,0.3333333333333333,2.4071681056828416,11.914598251277695,0.08624778993702,0.3017597689789433,0.21457532097408,0.006167789219645059,0.0005791770620580813,0.21446924278969534,0.2143632099153205,0.21415128036578412,0.21500008546996596,8.504995331876449,0.31535830989084707,0.019409089729271096,0.019638354299184955,0.0195016053539169,0.019544906884259153,0.295949220161576,0.2957199555916621,0.29585670453693014,0.2958134030065879
33,30,36,6,0.5,0.499958107002975,0.5,2.4071681056828416,11.914598251277695,0.08624778993702,0.3825331818171249,0.22379568364690752,0.006977547479982338,0.0005941681748798893,0.22367151874021945,0.2235473835713661,0.22329920264553182,0.22429263966408533,8.951101025948773,0.3882205071266206,0.011588231003860795,0.011830628099162745,0.011655898448101023,0.011762990422841726,0.3766322761227598,0.37638987902745785,0.3765646086785196,0.37645751670377886
34,30,36,6,0.6666666666666666,0.6666320508569183,0.33333333333333337,2.4071681056828416,11.914598251277695,0.08624778993702,0.3275927884645627,0.23106751233907497,0.005896061426137158,0.0005126662824125375,0.23097262240677408,0.23087776462382759,0.2306881456646203,0.231447392770777,9.303275284402952,0.3247048827658442,0.014472719619609973,0.014453768529802666,0.014389173772921074,0.014537765522169541,0.3102321631462342,0.3102511142360415,0.3103157089929231,0.31016711724367463
37,36,42,6,0.16666666666666666,0.1666422859947196,0.16666666666666666,2.1515624536150266,10.646064612061025,0.07380497646722949,0.19239789836373553,0.24530349486220007,0.0020526281968561108,0.0005699940114024598,0.2451969560994785,0.24509045387557712,0.2448775592349162,0.24573001435053676,9.98773802752084,0.21267482796618897,0.024389589516746406,0.024583908142680026,0.024492738382945797,0.02448066891297613,0.18828523844944256,0.18809091982350895,0.18818208958324317,0.18819415905321285
38,36,42,6,0.3333333333333333,0.3332975487987014,0.3333333333333333,2.1515624536150266,10.646064612061025,0.07380497646722949,0.32309840822407837,0.24943915531876473,0.0033125699765005827,0.0005955002251808895,0.2494945449009536,0.2495500110039946,0.24966117256855927,0.24921836321789395,10.224449590753228,0.32230314998436543,0.008229502349546551,0.008772434691365816,0.008542535464016293,0.00846372648636384,0.3140736476348189,0.31353071529299964,0.31376061452034915,0.3138394234980016
39,36,42,6,0.5,0.4999575304424148,0.5,2.1515624536150266,10.646064612061025,0.07380497646722949,0.37732226089582394,0.2530535498941229,0.00503005175913516,0.001078203981743311,0.2533191939668059,0.253584846285115,0.25411617555517135,0.25199105658118204,10.568674966231708,0.37752069298130336,0.01141822155175641,0.011140464843607003,0.011246041824213808,0.011306529025245654,0.36610247142954694,0.3663802281376964,0.36627465115708957,0.3662141639560577
41,36,42,6,0.8333333333333334,0.8333069864781647,0.16666666666666663,2.1515624536150266,10.646064612061025,0.07380497646722949,0.37446906352417575,0.2647383412726014,0.003984951535290528,0.0010754670442020455,0.26499216873607057,0.2652460258360042,0.2657538286055379,0.2637233294946836,11.430838430583517,0.3685233785708093,0.00592108957592276,0.005717072597073157,0.005717608201456422,0.0059201327085531335,0.36260228899488656,0.36280630597373614,0.36280577036935285,0.3626032458622562
43,42,46,4,0.25,0.24997611710050985,0.25,2.6220535098259563,19.45605285458507,0.06859520547909277,0.33607666124598057,0.28322802960399035,0.002261624699610697,0.0005204375274693131,0.283179550742358,0.2831311233701288,0.28303442319957006,0.2834224594157005,12.514192594204523,0.3542788545956176,0.019971204128733506,0.020221494658851046,0.02011542906955473,0.020075809356235316,0.3343076504668841,0.33405735993676655,0.3341634255260629,0.33420304523938227
44,42,46,4,0.5,0.4999734634450109,0.5,2.6220535098259563,19.45605285458507,0.06859520547909277,0.5421360963435992,0.2923566256754264,0.003790862791278756,0.0006328819642130757,0.29226227983220116,0.2921679892057956,0.29197957381739004,0.2927345601483011,13.104567444996862,0.5732893232275769,0.03062867844989784,0.030904813580979705,0.03074011261752315,0.03079366610973653,0.5426606447776791,0.5423845096465971,0.5425492106100537,0.5424956571178403
47,46,49,3,0.3333333333333333,0.3333136802186684,0.3333333333333333,2.453428728665441,24.26867049121712,0.0728021779023829,0.28109063327788625,0.3101870048168212,0.001759128306638702,0.0002760915200463254,0.3102047329520627,0.3102224754314335,0.3102580034127173,0.3101162357663179,15.299186612459762,0.29234159461731013,0.006847417941313082,0.0063020904856559215,0.006579717601414797,0.0065698975535360875,0.285494176675997,0.2860395041316542,0.28576187701589534,0.28577169706377403
48,46,49,3,0.6666666666666666,0.6666533025486945,0.33333333333333337,2.453428728665441,24.26867049121712,0.0728021779023829,0.2587997907564962,0.31606802440857756,0.0023520859951758613,0.0001461245552666608,0.31609104643684927,0.31611407101012107,0.3161601277894406,0.3159759617566157,16.108303036090696,0.272383196042919,0.018815332523231282,0.018504871407953392,0.018681326712735216,0.018637487127109487,0.25356786351968774,0.2538783246349656,0.2537018693301838,0.2537457089158095
51,49,52,3,0.6666666666666666,0.6666478028352338,0.33333333333333337,3.036366362484471,30.029907613522695,0.1281403123497957,0.27018427466591666,0.3408875728108938,0.0007528053564158114,0.0,0.3408875728108938,0.3408875728108938,0.3408875728108938,0.3408875728108938,19.006721405059967,0.2737870330847153,0.0184603248163642,0.018520204744581176,0.018530291969898915,0.0184422889420477,0.25532670826835113,0.25526682834013414,0.2552567411148164,0.2553447441426676
53,52,71,19,0.05263157894736842,0.052761904335390415,0.05263157894736842,12.230916404205201,19.145230651750417,0.2578854213379338,0.5999953468134377,0.1149794291838107,0.005286214781420296,0.0026587753767959264,0.11550251252276023,0.11602704554766038,0.11708038266445366,0.11290199484076219,0.5155820081554647,0.5992305561798474,0.017075690955246966,0.015357555944915818,0.016223608617974377,0.016102871996761005,0.5821548652246005,0.5838730002349316,0.5830069475618731,0.5831276841830865
54,52,71,19,0.10526315789473684,0.10502372059556758,0.10526315789473684,12.230916404205201,19.145230651750417,0.2578854213379338,1.1114016807754592,0.11533432875082943,0.00832500707051428,0.004141011584798312,0.11620462090275199,0.11707759797253438,0.11883136999170335,0.1118812595415093,1.0295848291245815,1.1220105325760348,0.03235972061050346,0.02883700488620648,0.03068840814264889,0.030321950724861036,1.0896508119655313,1.0931735276898282,1.091322124433386,1.0916885818511737
56,52,71,19,0.21052631578947367,0.21028031802615982,0.21052631578947367,12.230916404205201,19.145230651750417,0.2578854213379338,1.7939010086878764,0.12074314005555772,0.007974184674414384,0.0032310896379130257,0.12154043821926284,0.1223378738049501,0.12393314663107638,0.11755537753573264,1.6894642353536422,1.7847928070231591,0.06973055860373978,0.0650062731489473,0.06781135857062932,0.06663861051646705,1.7150622484194193,1.7197865338742118,1.7169814484525299,1.718154196506692
57,52,71,19,0.2631578947368421,0.2629112291418489,0.2631578947368421,12.230916404205201,19.145230651750417,0.2578854213379338,2.070953436985344,0.1278870740518428,0.0037738383677042185,0.00267995406409291,0.1283926506371967,0.12889972666756194,0.12991830678274582,0.1258801226936115,1.9513614725981516,2.043117049212091,0.07739602090444936,0.07356435297281073,0.0758901592207956,0.07468150763200915,1.9657210283076416,1.9695526962392802,1.9672268899912952,1.9684355415800818
58,52,71,19,0.3157894736842105,0.31554661865821143,0.3157894736842105,12.230916404205201,19.145230651750417,0.2578854213379338,2.2891073387625287,0.13008539983655024,0.005184451113403596,0.0023850010308091125,0.13028552431966692,0.1304880663992134,0.13090035832469818,0.12930930032897797,2.1558227663721747,2.245239484043139,0.0657772899261064,0.06872843763351548,0.06644155002579309,0.0676481025712326,2.1794621941170327,2.176511046409624,2.178797934017346,2.1775913814719066
59,52,71,19,0.3684210526315789,0.368182008174574,0.3684210526315789,12.230916404205201,19.145230651750417,0.2578854213379338,2.4083363643887203,0.13433793993042556,0.0036263109501398516,0.001866689356666569,0.13427988225849205,0.13422342202500517,0.13411530188621953,0.1345861028032911,2.286183676835711,2.380185226675037,0.061019246941041556,0.06716383745326902,0.06255626920292627,0.06537983640051974,2.319165979733995,2.313021389221768,2.3176289574721105,2.3148053902745174
61,52,71,19,0.47368421052631576,0.4734621172087024,0.47368421052631576,12.230916404205201,19.145230651750417,0.2578854213379338,2.582095870004528,0.13957042579602283,0.0065458626133187755,0.0027561070539521173,0.13917324965473868,0.13877835781489464,0.137995505367969,0.14118158613711193,2.4361791463522295,2.5435514746534924,0.04189752015048265,0.04446643849695085,0.042790657725464844,0.04334602365447238,2.5016539545030096,2.4990850361565418,2.5007608169280275,2.50020545099902
62,52,71,19,0.5263157894736842,0.526106090326356,0.4736842105263158,12.230916404205201,19.145230651750417,0.2578854213379338,2.582126087067806,0.14253352978420736,0.006235710831613513,0.0028463373253316162,0.14201856865379509,0.1415053118321749,0.14048398577340196,0.14461005234439547,2.429501029136992,2.5375904397648044,0.050444431269945654,0.05192694236065944,0.051085503090031896,0.05106903115542564,2.4871460084948587,2.4856634974041447,2.4865049366747725,2.4865214086093785
63,52,71,19,0.5789473684210527,0.578751556244234,0.42105263157894735,12.230916404205201,19.145230651750417,0.2578854213379338,2.476115110293055,0.1467787372977359,0.004513731976822101,0.0028613971248855814,0.1461465080159114,0.1455150484897017,0.1442544791261465,0.14931515624507888,2.3294165399314957,2.435860185223065,0.049665024574345996,0.05020186575334216,0.05002051289920482,0.04965172259857061,2.3861951606487186,2.3856583194697225,2.38583967232386,2.386208462624494
64,52,71,19,0.631578947368421,0.6314000077625612,0.368421052631579,12.230916404205201,19.145230651750417,0.2578854213379338,2.3431307821899847,0.15181589822405525,0.0023566794850361666,0.0032046655449128516,0.15108058003405186,0.15034593479183675,0.14887870298975983,0.154763708490556,2.1990918755620656,2.303392341065121,0.05075844301925658,0.05259921720645582,0.0508369086846746,0.052383466173436005,2.2526338980458647,2.2507931238586654,2.2525554323804466,2.251008874891685
66,52,71,19,0.7368421052631579,0.7367028820001135,0.26315789473684215,12.230916404205201,19.145230651750417,0.2578854213379338,1.891698823988421,0.15972834068269734,0.0017981251513651487,0.0036171829308272114,0.15886561306312788,0.1580033503193634,0.15628025023404798,0.1631837523958471,1.781851286512538,1.8895778166530321,0.0512602783395921,0.05449147702856277,0.050087304862622854,0.05553468961449147,1.83831753831344,1.8350863396244694,1.8394905117904092,1.8340431270385407
67,52,71,19,0.7894736842105263,0.7893573047193386,0.21052631578947367,12.230916404205201,19.145230651750417,0.2578854213379338,1.5798844738490372,0.16370783461532865,0.002314501653295019,0.00360598620143017,0.16282079203432517,0.16193390909562688,0.1601606327528215,0.1672575505562163,1.4671247749447742,1.5808706990336499,0.03719204129123736,0.040189355063007276,0.03597626870602827,0.041424025039805745,1.5436786577424124,1.5406813439706426,1.5448944303276215,1.5394466739938442
68,52,71,19,0.8421052631578947,0.842015086239069,0.1578947368421053,12.230916404205201,19.145230651750417,0.2578854213379338,1.252156707685766,0.16762260395425566,0.0019324635060438866,0.0036019867033812414,0.16672644342990198,0.1658303298847644,0.16403824681177245,0.17120770108892058,1.1419760355939184,1.2586792505281266,0.03587051329408474,0.03712812807139558,0.03408771809103682,0.03881938721825981,1.222808737234042,1.221551122456731,1.2245915324370897,1.2198598633098667
69,52,71,19,0.8947368421052632,0.8946739873589677,0.10526315789473684,12.230916404205201,19.145230651750417,0.2578854213379338,0.8446052565346817,0.17162590083345858,0.002416147516898282,0.0032984385257125676,0.17082070669084434,0.17001569866900898,0.16840625166329287,0.1748484871765489,0.7788108685790549,0.8968561299105124,0.05300132080127677,0.051039661722335546,0.052101052152663585,0.05196609912109791,0.8438548091092357,0.8458164681881769,0.8447550777578489,0.8448900307894145
72,71,102,31,0.03225806451612903,0.0323802413139417,0.03225806451612903,9.151025121750374,8.806674261113855,0.634093323686175,0.7220098731250427,0.242105704125256,0.0018503132104226011,0.001249497531856608,0.24239342429515953,0.24268120542924354,0.24325694972443543,0.24095543745452136,0.6753658495532292,0.7021548056409712,0.09239021707628649,0.09348469077101867,0.09296689742207727,0.09288213408642892,0.6097645885646847,0.6086701148699525,0.6091879082188939,0.6092726715545422
73,71,102,31,0.06451612903225806,0.06476117096872042,0.06451612903225806,9.151025121750374,8.806674261113855,0.634093323686175,1.488814717394449,0.2451911977749941,0.0021530196386136406,0.0028235335992293858,0.24574681204620102,0.24630319595602834,0.24741825191558542,0.2429765425626112,1.380590017923857,1.4168592457607028,0.14300715019883814,0.14539978252684901,0.14435881005016088,0.14401316262271222,1.2738520955618646,1.2714594632338538,1.2725004357105418,1.2728460831379906
74,71,102,31,0.0967741935483871,0.09714416564601017,0.0967741935483871,9.151025121750374,8.806674261113855,0.634093323686175,2.175517448443725,0.24782776453111321,0.001426482224894147,0.0037793302914712196,0.24846603808627873,0.24910625987573423,0.25039248833539474,0.24529445612384124,2.0843742001251266,2.1250587047640197,0.09047151851557139,0.09428676246361535,0.0927675893085796,0.09194873740912608,2.0345871862484484,2.0307719423004045,2.03229111545544,2.0331099673548936
76,71,102,31,0.16129032258064516,0.16191382615172042,0.16129032258064516,9.151025121750374,8.806674261113855,0.634093323686175,3.1447268592368705,0.25863443303118067,0.00704098273817025,0.004077209232519946,0.2584052390146018,0.258179865801765,0.2577406217091853,0.25958921219868647,3.0906975012700464,3.134690066230821,0.1393017885950561,0.13426529682481073,0.1362036116577376,0.137521696065697,2.9953882776357648,3.00042476940601,2.9984864545730834,2.9971683701651237
77,71,102,31,0.1935483870967742,0.19430026253319524,0.1935483870967742,9.151025121750374,8.806674261113855,0.634093323686175,3.504076773889411,0.26689031513331996,0.012643285024716058,0.006447585692505954,0.26587929877250555,0.2648742326835767,0.26288222391043353,0.2709925454663924,3.421414418925515,3.465192713230737,0.13944219410233602,0.13470013555317306,0.13652396247332912,0.13784379212161052,3.3257505191284014,3.330492577677564,3.328668750757408,3.3273489211091265
78,71,102,31,0.22580645161290322,0.22668899338412676,0.22580645161290322,9.151025121750374,8.806674261113855,0.634093323686175,3.854516041827585,0.2757105518329148,0.01831778543190292,0.009339813221792684,0.2739002308585866,0.2720979025105502,0.2685178667515076,0.2830286844849412,3.7515981846759163,3.796236058833772,0.12333300409089319,0.12077911760563247,0.121851040500884,0.12251810884199554,3.672903054742879,3.6754569412281395,3.674385018332888,3.6737179499917767
79,71,102,31,0.25806451612903225,0.2590784125758953,0.25806451612903225,9.151025121750374,8.806674261113855,0.634093323686175,4.157873579969467,0.2842655442132497,0.023588797470968568,0.011775428110671638,0.2818057869167989,0.27935539379281055,0.27448370226483815,0.2941935041075463,4.049165574141567,4.095929770462227,0.09707320654369839,0.0996415708001277,0.09900621172862754,0.09790456749699605,3.9988565639185287,3.9962881996620996,3.9969235587335996,3.9980252029652315
81,71,102,31,0.3225806451612903,0.3238620693452915,0.3225806451612903,9.151025121750374,8.806674261113855,0.634093323686175,4.620764668866195,0.29540996336767456,0.02827699552945922,0.015289575121490125,0.29216249991549703,0.2889291048774409,0.2825064501694881,0.30853158791476687,4.485051438349975,4.537078698033804,0.09151194448382242,0.09431102068887559,0.09350001149289315,0.09225302281555964,4.445566753549982,4.4427676773449285,4.443578686540911,4.444825675218245
82,71,102,31,0.3548387096774194,0.3562565363698648,0.3548387096774194,9.151025121750374,8.806674261113855,0.634093323686175,4.805045408285957,0.3006506480135937,0.030489781331156356,0.016546193692934953,0.29718009326998673,0.29372678731541957,0.2868744103002979,0.31469389900074674,4.672063623867488,4.725830183667036,0.09653551960006997,0.09419910646915093,0.09488519429004472,0.09577576282714974,4.6292946640669665,4.631631077197886,4.630944989376991,4.630054420839887
83,71,102,31,0.3870967741935484,0.3886514622883295,0.3870967741935484,9.151025121750374,8.806674261113855,0.634093323686175,4.974324556534122,0.3051522199153745,0.032171479207004056,0.01749961370441035,0.3015256769165034,0.2979192338883234,0.2907696352128809,0.3198456609621858,4.819850515838846,4.874803149623531,0.13533811693315317,0.13125097038603797,0.13244044200309305,0.13422046227531015,4.739465032690378,4.7435521792374935,4.742362707620439,4.740582687348221
84,71,102,31,0.41935483870967744,0.42104455263122875,0.41935483870967744,9.151025121750374,8.806674261113855,0.634093323686175,5.165532497017109,0.30848745981675246,0.03307483589153644,0.017961838050098988,0.30477883853076626,0.3010915083847443,0.2937839236440238,0.3235201495872912,4.98438059684511,5.040651845118681,0.1591811355027966,0.16002195196787752,0.1599357832795395,0.15937537952413522,4.8814707096158845,4.880629893150804,4.880716061839141,4.881276465594546
86,71,102,31,0.4838709677419355,0.4853505008597377,0.4838709677419355,9.151025121750374,8.806674261113855,0.634093323686175,5.625760562037966,0.3153152422917062,0.03357383941836593,0.016814995828910956,0.31179126551641506,0.3082843289785723,0.301323953592181,0.3295705800037142,5.374079459110816,5.430325449774793,0.23540979949212026,0.23513675084363136,0.23533120016299489,0.2353661334709939,5.194915650282673,5.195188698931162,5.194994249611798,5.194959316303799
87,71,102,31,0.5161290322580645,0.517504966379139,0.4838709677419355,9.151025121750374,8.806674261113855,0.634093323686175,5.822921791124611,0.31844952654896314,0.0334695128801343,0.015241823573107879,0.315264151976171,0.31209278945768515,0.3057938424766203,0.3313230360140523,5.609243235476375,5.665521124664836,0.2118712078323464,0.21126323445156275,0.21158458736784572,0.21174637979926889,5.4536499168324895,5.454257890213273,5.45393653729699,5.453774744865567
88,71,102,31,0.5483870967741935,0.5496619558149428,0.4516129032258065,9.151025121750374,8.806674261113855,0.634093323686175,5.742977405057838,0.31829332449240205,0.030363462494438886,0.013760560040793396,0.3155517375773778,0.3128239551031196,0.3074112715282407,0.3293907967680851,5.635077092828024,5.691609285212955,0.10075931154984683,0.11270940101772832,0.11043192026145535,0.10312133525735516,5.590849973663109,5.578899884195227,5.5811773649514995,5.5884879499556
89,71,102,31,0.5806451612903226,0.5818194041446378,0.4193548387096774,9.151025121750374,8.806674261113855,0.634093323686175,5.577229653171895,0.31964041666464255,0.028422096885522177,0.012624559710676428,0.31730069026828633,0.3149752094409997,0.3103682633794913,0.32913567420391876,5.434130229244089,5.491201661713253,0.1340691879896597,0.1416686304470627,0.14046247879169216,0.13533619412008155,5.357132473723594,5.349533031266191,5.350739182921561,5.355865467593172
91,71,102,31,0.6451612903225806,0.6461393486368328,0.3548387096774194,9.151025121750374,8.806674261113855,0.634093323686175,5.340144366512637,0.32111822510474947,0.02384296415622229,0.010706244678286254,0.319261659225613,0.31741680416756013,0.3137630514879429,0.3286576088576777,5.205697206395196,5.263439573385737,0.16201496079931482,0.15710570461212367,0.15839894868610535,0.1608229950439514,5.101424612586422,5.106333868773613,5.105040624699631,5.102616578341785
92,71,102,31,0.6774193548387096,0.6783020742462783,0.32258064516129037,9.151025121750374,8.806674261113855,0.634093323686175,5.104283203781963,0.32373847237499725,0.02350072874636959,0.009981695636622458,0.3219755985432953,0.3202224662635376,0.3167460724744653,0.33088425628754053,4.94668040015607,5.003886565017662,0.2269902754468491,0.2213628806809505,0.22275853501368903,0.22581750265005185,4.7768962895708125,4.782523684336711,4.7811280300039725,4.77806906236761
93,71,102,31,0.7096774193548387,0.7104650293026694,0.29032258064516125,9.151025121750374,8.806674261113855,0.634093323686175,4.864932654546229,0.32818453100601463,0.02383650364017247,0.008988743740502144,0.32658029805954686,0.3249836849119371,0.3218137711212197,0.3346754614967754,4.711472046169149,4.768300700666587,0.22145019953868772,0.21484101790948937,0.21630797649643393,0.22019800814026183,4.546850501127899,4.553459682757097,4.551992724170153,4.548102692526325
94,71,102,31,0.7419354838709677,0.742630508275463,0.25806451612903225,9.151025121750374,8.806674261113855,0.634093323686175,4.540519131004248,0.32878657720764354,0.021342135836391458,0.007843268692821141,0.3274864709919251,0.3261929699143527,0.3236260995702722,0.3340515051729948,4.398781062333731,4.455186647002037,0.16092304252693918,0.1590792512877281,0.15954187851917195,0.160560517898429,4.294263604475098,4.296107395714309,4.295644768482865,4.294626129103608
96,71,102,31,0.8064516129032258,0.8069642195843981,0.19354838709677424,9.151025121750374,8.806674261113855,0.634093323686175,3.7728645248395534,0.32863318780468453,0.015175729581648839,0.006066961235583647,0.32809150883358446,0.32755595737683696,0.3265033572702745,0.33086057181514655,3.641566999576703,3.699087321663703,0.08248647859403287,0.09117568597491227,0.08971794336060444,0.08369193152338558,3.61660084306967,3.6079116356887906,3.6093693783030982,3.6153953901403173
97,71,102,31,0.8387096774193549,0.8391329108144311,0.16129032258064513,9.151025121750374,8.806674261113855,0.634093323686175,3.3926473527748646,0.3282616318707723,0.01249367584346775,0.0049447501640353005,0.32787700231706085,0.32749658724581315,0.32674845926788837,0.32984199761606375,3.2591841520034546,3.3164048480990185,0.11190275126167815,0.11309319295323887,0.1130486377293042,0.11181398346181382,3.2045020968373406,3.2033116551457796,3.2033562103697144,3.2045908646372046
98,71,102,31,0.8709677419354839,0.8713038965139208,0.12903225806451613,9.151025121750374,8.806674261113855,0.634093323686175,2.811885054204601,0.3303034650378366,0.010010837539520933,0.003481880214399687,0.3299345402296565,0.3295675015734056,0.3288391079473148,0.33179789947507476,2.782314547115805,2.83956941875909,0.2344802176072772,0.23127896248151528,0.23210274443589576,0.2337510761957824,2.605089201151813,2.6082904562775746,2.6074666743231942,2.6058183425633077
99,71,102,31,0.9032258064516129,0.9034753411073018,0.09677419354838712,9.151025121750374,8.806674261113855,0.634093323686175,2.168874427694315,0.33236799370754316,0.007385454689902464,0.001927236726275364,0.33198656154126505,0.3316053906784113,0.3308438364749836,0.33389631748743115,2.0856435295316946,2.1437499359586205,0.2507711973747761,0.2476803461080405,0.24837077652868333,0.25016960322739307,1.8929787385838444,1.89606958985058,1.8953791594299372,1.8935803327312275
101,71,102,31,0.967741935483871,0.9678235075738142,0.032258064516129004,9.151025121750374,8.806674261113855,0.634093323686175,0.8184920590689787,0.33627534718672875,0.00351356643045808,0.0008917966738151686,0.33608059473310825,0.33588587734441583,0.3354965480060184,0.33705470643468277,0.7746029989033971,0.8300913225619954,0.04531452617525716,0.04370374921052955,0.044031225285377666,0.04500692376207695,0.7847767963867383,0.7863875733514658,0.7860600972766177,0.7850843987999184
103,102,113,11,0.09090909090909091,0.09088723219615195,0.09090909090909091,14.75962773921095,40.12163945507807,0.41239524434691677,0.36343273297301504,0.36668847074840616,0.003546558098683168,0.00014499940707705773,0.36669493630072325,0.36670140532247997,0.3667143537735779,0.36666264323720343,0.354361383192244,0.36956128243653463,0.03858113403606778,0.03611927920661603,0.03741015977504297,0.03738751746948503,0.33098014840046686,0.3334420032299186,0.33215112266149166,0.3321737649670496
104,102,113,11,0.18181818181818182,0.18178224161631454,0.18181818181818182,14.75962773921095,40.12163945507807,0.41239524434691677,0.5640654779175152,0.3685840685742923,0.0047328574351946625,0.0005607055058435317,0.368527897197631,0.36847177058476244,0.3683596517322345,0.36880920130955613,0.602172241445849,0.6215377088169249,0.12636085153457932,0.12070280227428994,0.12350093769143082,0.12358993362150882,0.4951768572823456,0.500834906542635,0.4980367711254941,0.4979477751954161
106,102,113,11,0.36363636363636365,0.3635813338846521,0.36363636363636365,14.75962773921095,40.12163945507807,0.41239524434691677,0.7532751978105496,0.3759839922971675,0.002687893678034967,0.0032550437045568517,0.3757791877794055,0.37557603476030355,0.3751746939274932,0.37681967117293913,0.6986946211584972,0.7207228735529136,0.17104412566796712,0.16198490514124012,0.16624024443750227,0.16669919682652484,0.5496787478849465,0.5587379684116736,0.5544826291154114,0.5540236767263889
107,102,113,11,0.45454545454545453,0.4544847686308262,0.45454545454545453,14.75962773921095,40.12163945507807,0.41239524434691677,0.8147823660563177,0.3788016610174897,0.002615027401588978,0.0035213716231537492,0.3786137232469751,0.37842774010308566,0.3780616492035421,0.3795728998452509,0.7946513448275112,0.814331031853483,0.053782762683732145,0.04445299930284452,0.048698166135005654,0.04936566571854605,0.7605482691697508,0.7698780325506385,0.7656328657184773,0.7649653661349369
108,102,113,11,0.5454545454545454,0.5453953324990101,0.4545454545454546,14.75962773921095,40.12163945507807,0.41239524434691677,0.7563994927898224,0.37988618580897254,0.0021112372660142477,0.0025916040464559276,0.37978347104377863,0.3796818340914847,0.3794817970804727,0.3803078053953411,0.7696216828265904,0.791842111546706,0.060338174081035936,0.06938787726676172,0.06519016974343655,0.06457855926650187,0.7315039374656701,0.7224542342799443,0.7266519418032695,0.7272635522802041
109,102,113,11,0.6363636363636364,0.6363071925711956,0.36363636363636365,14.75962773921095,40.12163945507807,0.41239524434691677,0.6731585747900901,0.38141113302084334,0.0022762905284503124,0.0011108618893676677,0.3813965422133583,0.381382153075017,0.38135397989675746,0.3814715124746079,0.6671920344817062,0.6967585178692675,0.11671620908376618,0.12545485248097965,0.12144427698278297,0.12069022772415834,0.5800423087855013,0.5713036653882878,0.5753142408864845,0.5760682901451091
111,102,113,11,0.8181818181818182,0.8181451709595863,0.18181818181818177,14.75962773921095,40.12163945507807,0.41239524434691677,0.509613761878252,0.38555824414244755,0.002653837786196106,0.00023352870663971817,0.38557001951074693,0.3855818033592682,0.3856053964938666,0.3855112274870032,0.5215928270693719,0.5579564855488115,0.05560511862873749,0.05282446371284077,0.05386851057139826,0.054302983455102746,0.502351366920074,0.5051320218359707,0.5040879749774132,0.5036535020937087
112,102,113,11,0.9090909090909091,0.9090712892757914,0.09090909090909094,14.75962773921095,40.12163945507807,0.41239524434691677,0.2605961524337198,0.3870121263416522,0.0009547094268843384,9.990951584669641e-05,0.3870096833708491,0.38700724199666053,0.38700236403824745,0.38702191419040394,0.2834025887395761,0.3196542696310244,0.0674964412169086,0.06431534763023054,0.06567572086761028,0.0660955939349831,0.25215782841411577,0.25533892200079383,0.2539785487634141,0.2535586756960413
114,113,121,8,0.125,0.12571975419486991,0.125,12.440096114203488,46.753821119409885,0.20455140716723716,0.037160191450577855,0.41259959347743397,0.0006636033554036448,0.0006907231796136964,0.4125987310402941,0.4125979408718516,0.4125965773426818,0.41260376590333453,0.10194350976948745,0.07416978492518228,0.10097772229558699,0.10291804672384794,0.10178888152893038,0.10178569981129672,-0.02680793737040471,-0.02874826179866566,-0.027619096603748103,-0.027615914886114437
116,113,121,8,0.375,0.3755329272423267,0.375,12.440096114203488,46.753821119409885,0.20455140716723716,0.4561713184896349,0.416616605660944,0.0027235647073901724,0.0028922505452467135,0.4166709849050496,0.41672661164148583,0.4168416055824434,0.416411573214262,0.359503626149629,0.3428279115578975,0.11193718332297269,0.11757423836807994,0.11445089127307179,0.11445797915246636,0.2308907282349248,0.22525367318981754,0.2283770202848257,0.22836993240543113
117,113,121,8,0.5,0.5004327933720787,0.5,12.440096114203488,46.753821119409885,0.20455140716723716,0.5679398545095224,0.4175578310161297,0.0036815464445810703,0.0029078417074136272,0.41762771512370284,0.41769885273833235,0.41784488591658164,0.4172908420825205,0.5415073660626307,0.5309454297442783,0.03688535551178091,0.04377789651184467,0.04000513310163624,0.03984086899054201,0.49406007423249737,0.4871675332324336,0.49094029664264205,0.49110456075373626
118,113,121,8,0.625,0.6253317634493004,0.375,12.440096114203488,46.753821119409885,0.20455140716723716,0.46516035269638256,0.4199361376295316,0.0031268256305071514,0.0021837471811898953,0.4199967117033274,0.4200579865803956,0.4201826375144722,0.41970085538309565,0.5483226618823716,0.5383513305952606,0.07605125960363704,0.07194027134006935,0.07412739093628394,0.07399240607201109,0.4623000709916236,0.4664110592551913,0.4642239396589767,0.46435892452324956
119,113,121,8,0.75,0.7502235651062807,0.25,12.440096114203488,46.753821119409885,0.20455140716723716,0.21034442593548652,0.4219389110674066,0.0016339988055586786,0.001037116558539634,0.4219893729353238,0.42203998805716403,0.4221416778419438,0.4217385972326913,0.3321410301770781,0.3197272654154575,0.11292826155712886,0.10973342308505536,0.11146610738446076,0.11138133276952401,0.2067990038583286,0.20999384233040214,0.2082611580309967,0.20834593264593348
122,121,129,8,0.125,0.12501502455056412,0.125,12.609468677591144,47.439856869668745,0.15156557817485297,0.16429727268397554,0.4333635776296928,0.0018292258256032581,0.0008924361307681301,0.4333716299196857,0.43337979691924294,0.4333964750210199,0.433332515691891,0.1513593076528996,0.1037427092865943,0.0689192140697288,0.07107619819431828,0.06989405376605756,0.06988928149249639,0.03482349521686551,0.03266651109227603,0.033848655520536744,0.03385342779409792
123,121,129,8,0.25,0.25002287319638117,0.25,12.609468677591144,47.439856869668745,0.15156557817485297,0.40361778867491654,0.4353439094124418,0.004038225051830925,0.0019477240494660826,0.4353479813343599,0.4353525978387147,0.435363464523395,0.4353330678241075,0.3904468825677676,0.3543037102752756,0.07304252870531924,0.07762326059312531,0.07522682628727807,0.07521319264933439,0.28126118156995633,0.2766804496821503,0.2790768839879975,0.27909051762594117
124,121,129,8,0.375,0.3750298248541049,0.375,12.609468677591144,47.439856869668745,0.15156557817485297,0.5057176716651447,0.4366025341824483,0.0049437109495351645,0.002343478967246347,0.43660560306994445,0.43660945809305657,0.43661952645859087,0.43659812025647515,0.5705437273953007,0.5390739293262319,0.048075542887642216,0.05014007168025571,0.04915979061997346,0.04915869451015175,0.4909983864385897,0.4889338576459762,0.48991413870625844,0.4899152348160801
126,121,129,8,0.625,0.6250293763600582,0.375,12.609468677591144,47.439856869668745,0.15156557817485297,0.23779068663650324,0.4405044404727565,0.003352884173245336,0.0010070283462910814,0.44050363215293986,0.4405029677163483,0.4405020704953034,0.4405091125663166,0.41675398483523285,0.3750823090108806,0.1379392791465539,0.1360897051914005,0.13714564735199392,0.13714771761680358,0.23714302986432667,0.23899260381948007,0.23793666165888666,0.237934591394077
127,121,129,8,0.75,0.7500219762082878,0.25,12.609468677591144,47.439856869668745,0.15156557817485297,0.041592671443639526,0.44290346354042465,0.0013452703587853462,0.0003220136229871561,0.44291737896125255,0.4429313085765151,0.44295921038498615,0.44284794382820036,0.18185071603570113,0.12572794806349424,0.1156425805034563,0.11345003609504174,0.11462456433477254,0.1146541566322632,0.010085367560037944,0.012277911968452501,0.011103383728721702,0.01107379143123105
128,121,129,8,0.875,0.8750154730446108,0.125,12.609468677591144,47.439856869668745,0.15156557817485297,0.09446281359057368,0.4449293590327953,0.0011927797067354043,0.0003467805949226057,0.4449332452887961,0.4449371484032364,0.44494500520565866,0.4449139826019929,0.09141747878765773,0.05446060815212109,0.05329791550377998,0.05341808461687279,0.05338028806125127,0.05342716350553957,0.0011626926483411099,0.0010425235352483006,0.0010803200908698143,0.001033444646581519
131,129,137,8,0.25,0.250022654293684,0.25,12.717442903595838,47.857371833063105,0.14005049163166788,0.27890791243219654,0.004978352531403502,0.00271171571393066,0.001037784805697352,0.005134377599946848,0.005298518416841381,0.00564828288524487,0.004451840395610086,0.23852505826822112,0.33113602840842726,0.054790608066180586,0.05469883001885575,0.05485129369621738,0.054859398350386904,0.2763454203422467,0.27643719838957154,0.2762847347122099,0.2762766300580404
132,129,137,8,0.375,0.37503039264152654,0.375,12.717442903595838,47.857371833063105,0.14005049163166788,0.19392958310133085,0.005569272558358586,0.002751048044577422,0.0006760195535294255,0.005717571872555382,0.005866991112229613,0.006168863251122818,0.004989260939360315,0.21630609214089436,0.31403425225526055,0.12456519614509158,0.12248978932514756,0.12367832559854605,0.12369489271821321,0.18946905611016895,0.19154446293011299,0.1903559266567145,0.19033935953704734
133,129,137,8,0.5,0.5000300561916203,0.5,12.717442903595838,47.857371833063105,0.14005049163166788,0.07314168905702106,0.005167243272232618,0.0008095406529288174,0.00099880714358807,0.005149420511616218,0.005143672048277821,0.005168474542945567,0.005355642668060967,0.09417927944055145,0.13553306091183304,0.18199064908189588,0.17977306998024473,0.18104301469949324,0.18105762266951178,-0.04645758817006285,-0.04424000906841169,-0.04550995378766021,-0.045524561757678744
134,129,137,8,0.625,0.625030616941464,0.375,12.717442903595838,47.857371833063105,0.14005049163166788,0.3270680221580208,0.005467575907508758,0.0017883318324762503,0.0016131535470659984,0.005234433184052002,0.005022895405843319,0.004676077672036621,0.0065671606457162425,0.3178002499048389,0.18458120312057505,0.16078898911521983,0.1577599164008557,0.1593878408788048,0.15942975682232507,0.023792214005355222,0.02682128671971934,0.02519336224177024,0.025151446298249974
136,129,137,8,0.875,0.875014691645904,0.125,12.717442903595838,47.857371833063105,0.14005049163166788,0.24609104883813407,0.0056159172629039935,0.0009601449741049821,0.0007234680623581965,0.0055252585909517414,0.005439105077551406,0.005281183996428535,0.006019382117621207,0.41522102315271436,0.25913524384877984,0.041407105992490895,0.039175909869885374,0.040218210992760905,0.04027424795709991,0.21772813785628894,0.21995933397889447,0.21891703285601893,0.21886099589167993
138,137,145,8,0.125,0.12499854189603764,0.125,11.58861296167875,43.61405710888136,0.1947556483706797,0.33218463271218207,0.006336845582918506,0.004765730049726125,0.0011687440268721312,0.006197794761304347,0.006069633694861195,0.005848784124756908,0.006988195285350692,0.22967537429007956,0.3464239373859387,0.04283717989134709,0.03937203506415327,0.04111910529331087,0.041126246281425055,0.3035867574945916,0.3070519023217854,0.3053048320926278,0.30529769110451366
139,137,145,8,0.25,0.2499899054341067,0.25,11.58861296167875,43.61405710888136,0.1947556483706797,0.48310682694754276,0.009601111699512938,0.008087914567633,0.001234476624842857,0.009331264948549004,0.00906389302566368,0.008537501623043295,0.010701477600974002,0.46878810733843923,0.5586278940694964,0.10650756852634974,0.10162604779906936,0.10400376241060694,0.10388149758042928,0.4521203255431467,0.45700184627042706,0.4546241316588895,0.4547463964890671
141,137,145,8,0.5,0.49996365956278416,0.5,11.58861296167875,43.61405710888136,0.1947556483706797,0.5243804338923791,0.009652518203326892,0.0064451815379491795,0.002137153373644471,0.009422693228752416,0.009218140580865987,0.008891616059125447,0.010789635224287079,0.578028983963384,0.5000909533706426,0.13952004380410155,0.1332587408541094,0.1364973208511348,0.1360046841147041,0.36057090956654103,0.3668322125165332,0.36359363251950777,0.36408626925593846
142,137,145,8,0.625,0.6249478447428847,0.375,11.58861296167875,43.61405710888136,0.1947556483706797,0.5406046108398833,0.009430737542660272,0.005120286864127107,0.002793447771823245,0.009151176512520282,0.008917660642500469,0.008603034772568102,0.010930330041077276,0.6542478369818194,0.5272248144712034,0.032754597914810966,0.026147724075594334,0.02999594191839823,0.029000847999129598,0.49447021655639245,0.5010770903956091,0.4972288725528052,0.4982239664720738
143,137,145,8,0.75,0.7499230569755245,0.25,11.58861296167875,43.61405710888136,0.1947556483706797,0.3991778050418404,0.008071020649215638,0.0037781403029046464,0.002437022008270644,0.007905953282163224,0.007785191379345088,0.007684176822561459,0.009116705969665287,0.586088951990118,0.44979798885974104,0.10113481201193365,0.10497577670621817,0.10299884226221928,0.10326064979287582,0.3486631768478074,0.3448222121535229,0.34679914659752176,0.34653733906686524
144,137,145,8,0.875,0.8749108313346093,0.125,11.58861296167875,43.61405710888136,0.1947556483706797,0.21327065068237286,0.006221019594482532,0.002471124109584215,0.0013154317152341672,0.006278280537897565,0.006352072363003494,0.006546887971658802,0.00616450717181093,0.34160370595438494,0.20519617362911513,0.0923510370483414,0.09448659581744977,0.09337977278281444,0.093546610980534,0.11284513658077373,0.11070957781166536,0.11181640084630069,0.11164956264858113
146,145,161,16,0.0625,0.06251465803888331,0.0625,11.997591675820768,22.565665438535678,0.30638788284165086,0.5157465512390321,0.0035071198837338846,0.00673013024363822,0.0006505240923563572,0.0034224038655947153,0.0033434569324182605,0.003204545121598042,0.0038957712344127155,0.6328005705447898,0.5266275383373895,0.04703218041627083,0.0490705936813552,0.048085674879722706,0.04808028810923173,0.4795953579211187,0.4775569446560343,0.4785418634576668,0.4785472502281578
147,145,161,16,0.125,0.12502528021237622,0.125,11.997591675820768,22.565665438535678,0.30638788284165086,0.9716086646362665,0.0065742859237459495,0.010948291385234949,0.0013693233269848194,0.006453859481709551,0.006349625958185895,0.006192881994474368,0.007200053900110253,1.1126271359648108,0.9913604166867213,0.04373252941274056,0.046394324799184115,0.044886170450174255,0.044995451200223295,0.9476278872739807,0.9449660918875371,0.946474246236547,0.946364965486498
148,145,161,16,0.1875,0.1875363508153569,0.1875,11.997591675820768,22.565665438535678,0.30638788284165086,1.3519350674933746,0.00886076263649644,0.01396928271507552,0.0021898609240063667,0.008911549158659318,0.008995428765344196,0.00925851544674835,0.00899428165313746,1.4911130395239827,1.3660499756049707,0.12015685434049343,0.12291048970100608,0.12124408713108045,0.1215239448220898,1.2458931212644773,1.2431394859039646,1.2448058884738902,1.244526030782881
149,145,161,16,0.25,0.2500433855529472,0.25,11.997591675820768,22.565665438535678,0.30638788284165086,1.6595113603861271,0.010087021006950341,0.01609423647231735,0.003550949577553162,0.010479937961093122,0.010930981744786492,0.011980373636336061,0.009229578480502161,1.7762211737722922,1.655700590026447,0.13559020249500364,0.13574895641847304,0.1353688409060206,0.1355660531066803,1.5201103875314432,1.519951633607974,1.5203317491204265,1.5201345369197667
151,145,161,16,0.375,0.37505431602171296,0.375,11.997591675820768,22.565665438535678,0.30638788284165086,1.9580314835438792,0.00608910133767915,0.013892587899737232,0.006035850136014253,0.007038746380350396,0.00815871815736495,0.010689618902202313,0.005722703177308583,2.0564318623209195,1.94742602458358,0.07976272832509533,0.0824540432787794,0.08027717460920238,0.08147987694387633,1.8676632962584847,1.8649719813048005,1.8671488499743776,1.8659461476397037
152,145,161,16,0.4375,0.43755776332340063,0.4375,11.997591675820768,22.565665438535678,0.30638788284165086,2.003975779509791,0.005076893752436307,0.013244500752660971,0.006338414229524834,0.0060386745980977,0.007223452671543169,0.009933248929481496,0.005764655752262604,2.1290249484409145,2.0177521580237667,0.06392123940266915,0.06767779359919858,0.06465639384793428,0.0665280970972419,1.9538309186210976,1.9500743644245682,1.9530957641758324,1.9512240609265248
153,145,161,16,0.5,0.5000580716186735,0.5,11.997591675820768,22.565665438535678,0.30638788284165086,1.9940792923173447,0.003374745162312397,0.011081030886386446,0.006184768208913738,0.004350111674467476,0.005589226956822871,0.00837948029045917,0.00539118126934053,2.106928614901031,1.9876219637357386,0.027516598865588573,0.03254404828657733,0.028431155383710726,0.03127642795892506,1.96010536487015,1.9550779154491613,1.959190808352028,1.9563455357768136
154,145,161,16,0.5625,0.5625583799139464,0.4375,11.997591675820768,22.565665438535678,0.30638788284165086,1.9545626725305516,0.0028759870424006034,0.01042119224005283,0.005778053231837999,0.003990017804046533,0.005267107373018398,0.00799415338011032,0.004405441291322534,2.076747160496913,1.940118071067177,0.014808871563571437,0.015474329778284834,0.0145586545507807,0.015076552415925582,1.9253091995036056,1.9246437412888922,1.9255594165163963,1.9250415186512515
156,145,161,16,0.6875,0.6875504763442234,0.3125,11.997591675820768,22.565665438535678,0.30638788284165086,1.6526765113536601,0.002936113904805209,0.009544992466429677,0.004313791809003153,0.003224329448623598,0.003807615513147297,0.005447890125143908,0.004977913463609534,1.8139209175787248,1.6494566482289825,0.04613613143790664,0.045237336631139984,0.04585183759395448,0.04518045849130181,1.6033205167910758,1.6042193115978425,1.603604810635028,1.6042761897376807
157,145,161,16,0.75,0.7500431613382033,0.25,11.997591675820768,22.565665438535678,0.30638788284165086,1.4302847021962868,0.004533770809860799,0.007559159333792375,0.0033223807092398108,0.0043225571790759375,0.004265407374865424,0.0046207606710726495,0.006468010009857525,1.583304100644717,1.414649354884295,0.04680322977785787,0.04469589859352393,0.04652802806412947,0.04475889174511092,1.3678461251064373,1.3699534562907711,1.3681213268201657,1.3698904631391842
158,145,161,16,0.8125,0.8125358463321831,0.1875,11.997591675820768,22.565665438535678,0.30638788284165086,1.1615552249085794,0.005176358440873213,0.006894070371179357,0.0022956431932069903,0.004968830360297419,0.004821059095182519,0.00472498928309299,0.006465586209501037,1.3294741402675463,1.1530362966664294,0.0087977597514894,0.0,0.008855036025389092,0.0,1.14423853691494,1.1530362966664294,1.1441812606410402,1.1530362966664294
159,145,161,16,0.875,0.8750249438902603,0.125,11.997591675820768,22.565665438535678,0.30638788284165086,0.8448649676047828,0.006897440222470783,0.0054615164754311905,0.0013622393991999766,0.006759375908146747,0.006635932921248116,0.006436177276801618,0.007578679150627993,1.0234090914459133,0.8279710644436726,0.02629869507712872,0.025142671605955104,0.02629303858244855,0.025158257192285673,0.801672369366544,0.8028283928377176,0.801678025861224,0.8028128072513869
162,161,191,30,0.03333333333333333,0.033122536484161476,0.03333333333333333,11.482309606001714,11.447946420730213,0.6528660845944932,0.64589313083307,0.009391131491267421,0.0020279038795280482,0.0007430772791160335,0.009329845569320079,0.009271877182576929,0.00916614118441757,0.009668137609971754,0.687986413761126,0.6344657709780216,0.033594540018472174,0.03403392576305552,0.03386736967061349,0.03383135964146898,0.6008712309595494,0.6004318452149661,0.6005984013074082,0.6006344113365526
163,161,191,30,0.06666666666666667,0.06624293362276301,0.06666666666666667,11.482309606001714,11.447946420730213,0.6528660845944932,1.211555871850325,0.010977222342567112,0.0035739232361030825,0.0015446795976239776,0.010761238142961599,0.010554967397549225,0.010173901940659603,0.011927389074595639,1.2237803048397506,1.1964106225272932,0.029684006442976044,0.029925558240953776,0.029879416675210144,0.029807181326064136,1.1667266160843173,1.1664850642863396,1.1665312058520831,1.1666034412012292
164,161,191,30,0.1,0.09936380617148899,0.1,11.482309606001714,11.447946420730213,0.6528660845944932,1.7345490299031838,0.011746078748599256,0.0043576253774437945,0.0022116753346385987,0.011383004799743532,0.011035699753386745,0.010394648912706477,0.013329479415560749,1.7327893486676231,1.704677768492347,0.04118482437004955,0.040320274174426886,0.04080095758318648,0.04078850269633462,1.6634929441222976,1.6643574943179202,1.6638768109091606,1.6638892657960125
166,161,191,30,0.16666666666666666,0.16560151028288328,0.16666666666666666,11.482309606001714,11.447946420730213,0.6528660845944932,2.5970677105580107,0.01267400117523249,0.005415292891397178,0.0031546392474706636,0.012042374860771896,0.011430277659909128,0.010278524376888266,0.015346532043972247,2.6138977465835134,2.5619080456158914,0.042980880405398755,0.04097836402358073,0.04187019026403271,0.04211889583675762,2.5189271652104925,2.520929681592311,2.5200378553518585,2.519789149779134
167,161,191,30,0.2,0.1987181041404894,0.2,11.482309606001714,11.447946420730213,0.6528660845944932,2.982706036972145,0.01308566581449347,0.005697478016326405,0.0032904679275701115,0.012404776309349988,0.011742048294876599,0.010484766859640416,0.015943441343729,3.003029725357113,2.9444520002757244,0.06279782556410958,0.06390527920202775,0.06368195092879894,0.06324031581660493,2.8816541747116147,2.8805467210736966,2.8807700493469253,2.8812116844591196
168,161,191,30,0.23333333333333334,0.23183493570315772,0.23333333333333334,11.482309606001714,11.447946420730213,0.6528660845944932,3.3439412438550864,0.013481553570552097,0.006206787449345487,0.0028557564240046145,0.01292120787024871,0.012376686029420152,0.011344165894531357,0.015846929135172237,3.341170914418327,3.283866148461482,0.0815856794895042,0.08121099300965266,0.0816399303313845,0.08138502020989637,3.2022804689719777,3.202655155451829,3.2022262181300976,3.2024811282515855
169,161,191,30,0.26666666666666666,0.26494986562532835,0.26666666666666666,11.482309606001714,11.447946420730213,0.6528660845944932,3.64728173425377,0.013141342318194317,0.006195470737125613,0.001590212356069045,0.012899260803780269,0.012665033658111358,0.012221933761353986,0.01417997326005217,3.6625678553756065,3.6034776050806316,0.06402992288267936,0.06334491948542102,0.06396073040745724,0.06360702934316438,3.5394476821979524,3.5401326855952107,3.539516874673174,3.539870575737467
171,161,191,30,0.3333333333333333,0.33117758612410964,0.3333333333333333,11.482309606001714,11.447946420730213,0.6528660845944932,3.9584031700527325,0.009741585711000535,0.006282459076187488,0.003214512850479982,0.010296954365887786,0.010883367257876527,0.01213109310852976,0.00795611400455793,4.00049850928357,3.908671630128548,0.08457338018971235,0.07613817487567988,0.07897510691519001,0.08150563601288376,3.8240982499388356,3.832533455252868,3.829696523213358,3.8271659941156644
172,161,191,30,0.36666666666666664,0.3642903767007203,0.36666666666666664,11.482309606001714,11.447946420730213,0.6528660845944932,4.098305312581354,0.007777938170687614,0.008395963641447839,0.005905010740634452,0.008491258500837356,0.009384309439160769,0.01153554424534483,0.007593560892742336,4.138542873621047,4.025806810705383,0.09438254473551266,0.08847190619894842,0.09039116400969666,0.09242905183225737,3.9314242659698704,3.9373349045064345,3.935415646695686,3.933377758873126
173,161,191,30,0.4,0.39740150334189545,0.4,11.482309606001714,11.447946420730213,0.6528660845944932,4.2989021961736755,0.007048207070014792,0.011074512965462854,0.008325770352373012,0.00756202224046836,0.008564808481450513,0.011475795908183014,0.010310065858094662,4.318108352506806,4.194839816487605,0.11599149010560471,0.11429510738711225,0.11480350193956021,0.11544852316677028,4.078848326382,4.080544709100493,4.080036314548044,4.0793912933208345
174,161,191,30,0.43333333333333335,0.430515244738755,0.43333333333333335,11.482309606001714,11.447946420730213,0.6528660845944932,4.552349136100102,0.007517358009260888,0.013618755675462052,0.010276413165863477,0.007646135266332802,0.008580016376858445,0.011980193003148393,0.013442680298109343,4.544783032775061,4.415536958742338,0.1540916809580821,0.1497129790245366,0.15100367069880005,0.15277806637642186,4.261445277784256,4.265823979717802,4.2645332880435385,4.262758892365916
176,161,191,30,0.5,0.4970488916526064,0.5,11.482309606001714,11.447946420730213,0.6528660845944932,5.126155356468598,0.007813866845152801,0.016120564053718506,0.012529925636160791,0.007494619743486097,0.008420630301889092,0.012619708099328735,0.01663893237352476,5.103319677447456,4.961254536802538,0.18074014154307513,0.1765239100985057,0.1776321040251688,0.17961326103972045,4.780514395259463,4.784730626704032,4.783622432777369,4.7816412757628175
177,161,191,30,0.5333333333333333,0.5305683955906662,0.4666666666666667,11.482309606001714,11.447946420730213,0.6528660845944932,5.091150309182724,0.008146488492446044,0.016882805022616253,0.013069963082973696,0.007686906698261186,0.008553641697650011,0.01285987034620265,0.01757845710449469,5.14001124465016,4.999626920739672,0.11949175884241217,0.11582933406423855,0.11685463444303414,0.11853525037738336,4.88013516189726,4.883797586675434,4.882772286296638,4.881091670362289
178,161,191,30,0.5666666666666667,0.5640900388742859,0.43333333333333335,11.482309606001714,11.447946420730213,0.6528660845944932,4.941050360431651,0.007987324293020976,0.016941264336712027,0.013184836854601558,0.007584959980784332,0.008543762450971144,0.0130043979374899,0.017497433491003498,4.963094576532271,4.822337775911554,0.14515717511067347,0.13720789187933563,0.13923472708197734,0.14302740644949688,4.67718060080088,4.685129884032218,4.683103048829577,4.679310369462057
179,161,191,30,0.6,0.5976123952730922,0.4,11.482309606001714,11.447946420730213,0.6528660845944932,4.8595731971513265,0.007479479612340278,0.017086005421327058,0.013137931185964924,0.006998545947572798,0.007974479918468195,0.012551679672150248,0.017307542854052387,4.873128710366523,4.727401350825403,0.15516410015256293,0.1498356414006018,0.15116410278080664,0.1537957647086973,4.57223725067284,4.5775657094248015,4.576237248044596,4.573605586116706
181,161,191,30,0.6666666666666666,0.6646620998770114,0.33333333333333337,11.482309606001714,11.447946420730213,0.6528660845944932,4.623726509243965,0.007067353426316271,0.01693460429739012,0.012917069694602521,0.006912543884919381,0.008153243382624539,0.01290072151500711,0.01634526635719349,4.622756571234482,4.473195822707872,0.1716443634913542,0.1651440222799597,0.1666439081908381,0.17003266676096715,4.301551459216518,4.308051800427912,4.306551914517034,4.303163155946905
182,161,191,30,0.7,0.6981901611973109,0.30000000000000004,11.482309606001714,11.447946420730213,0.6528660845944932,4.4490093989817305,0.006030651744868839,0.015969655105339108,0.01245955739859514,0.006327954873292566,0.00794495667767157,0.012942032222055033,0.014687493456571997,4.488067971675745,4.333112120205483,0.14522998370979942,0.1364484666524939,0.13840235986023816,0.1431759721666125,4.187882136495683,4.196663653552989,4.194709760345245,4.18993614803887
183,161,191,30,0.7333333333333333,0.7317184602226726,0.2666666666666667,11.482309606001714,11.447946420730213,0.6528660845944932,4.145678944836046,0.005537648332449195,0.015348606883016468,0.011485124261973637,0.006000255298476022,0.007604543914925224,0.012286035443163064,0.013198507105845103,4.207400566933903,4.045627904373303,0.12999346118149743,0.12029184190521872,0.12236398332319826,0.12780984008808272,3.9156344431918058,3.925336062468084,3.9232639210501046,3.9178180642852203
184,161,191,30,0.7666666666666667,0.7652488985935942,0.23333333333333328,11.482309606001714,11.447946420730213,0.6528660845944932,3.7682822967130436,0.005687674087973481,0.014422902329122977,0.009977406131934432,0.006338382712641077,0.007774582524676304,0.011760652485971364,0.011201945920658297,3.858050165730597,3.6885711952431386,0.0907515301504649,0.08699910856594717,0.0876132254380299,0.08994841030492254,3.5978196650926737,3.6015720866771916,3.600957969805109,3.598622784938216
186,161,191,30,0.8333333333333334,0.8323133409113708,0.16666666666666663,11.482309606001714,11.447946420730213,0.6528660845944932,2.9082900927213933,0.009117667054955076,0.010626644694238914,0.0067388555711454,0.010049686362672842,0.01115961743306063,0.013734932005070222,0.008272828819916327,2.9980125699833717,2.8334876896536354,0.0820430788681305,0.07865219437585781,0.0792498185679942,0.08125706891428218,2.751444610785505,2.7548354952777774,2.754237871085641,2.752230620739353
187,161,191,30,0.8666666666666667,0.8658475825632878,0.1333333333333333,11.482309606001714,11.447946420730213,0.6528660845944932,2.4352453765141187,0.009893834584116546,0.008672134172894839,0.005116781643415657,0.010753351621325812,0.011689904242729084,0.013729912120027853,0.007721939361638596,2.5558829305479738,2.391773701756858,0.10131922957625185,0.09290574850961567,0.09464015621899773,0.09958400381658368,2.290454472180606,2.2988679532472425,2.2971335455378603,2.2921896979402745
188,161,191,30,0.9,0.8993839635607648,0.09999999999999998,11.482309606001714,11.447946420730213,0.6528660845944932,1.9125534937945556,0.010226962830757913,0.006481630118243176,0.0035077307786925073,0.010952267784500978,0.011698358534730816,0.01323875007998898,0.0076501885097410285,2.0435670187869506,1.8701423405090887,0.10823941392610015,0.10091479268992778,0.10239652005561291,0.10674204132291074,1.7619029265829886,1.7692275478191608,1.7677458204534757,1.763400299186178
189,161,191,30,0.9333333333333333,0.9329208199683662,0.06666666666666665,11.482309606001714,11.447946420730213,0.6528660845944932,1.3631433535196569,0.011018381996523934,0.004576511397914522,0.002108244046617141,0.011492407625387889,0.011970869260619159,0.012939127728266655,0.009180296465498242,1.5220542994962323,1.3322982394473208,0.06823321407471092,0.06302315738590065,0.06408137085205369,0.06715915328399626,1.26406502537261,1.2692750820614203,1.268216868595267,1.2651390861633245
192,191,200,9,0.1111111111111111,0.11109326594157544,0.1111111111111111,12.449516466787795,41.10980425269856,0.37719195005524825,0.2920276587316652,0.01135986308895777,0.002541219941022947,0.0002997495388764664,0.01136198933940564,0.011364609334285191,0.011371329127899137,0.01135630011213319,0.32080707326839586,0.3059863480124159,0.048449551537568754,0.04591950629852788,0.047074184412356355,0.04713305792224724,0.2575367964748472,0.26006684171388805,0.2589121636000596,0.25885329009016866
193,191,200,9,0.2222222222222222,0.22218889374382472,0.2222222222222222,12.449516466787795,41.10980425269856,0.37719195005524825,0.48159771559412223,0.01313585871808418,0.0038401862176257544,0.0009028295535693194,0.013173211922648902,0.013214315271966235,0.013307630238091648,0.013024544075504584,0.5234961137483508,0.5012739387425817,0.0838880766740361,0.07952959232640235,0.08147843981570992,0.08165992498411867,0.41738586206854567,0.4217443464161794,0.41979549892687185,0.4196140137584631
194,191,200,9,0.3333333333333333,0.33329081984120423,0.3333333333333333,12.449516466787795,41.10980425269856,0.37719195005524825,0.5900589080722064,0.013087038092791523,0.003444604813842819,0.001483032823871686,0.013161818531581403,0.013246557717723234,0.01344513703441174,0.012890624303097379,0.6403780135212287,0.6022391191387457,0.09581919299041347,0.09000093143412,0.0925665625761506,0.09290287244630199,0.5064199261483322,0.5122381877046257,0.5096725565625951,0.5093362466924437
196,191,200,9,0.5555555555555556,0.5555088432000063,0.4444444444444444,12.449516466787795,41.10980425269856,0.37719195005524825,0.6629262091409842,0.01150486428092598,0.0022384494514519028,0.0014156820389051787,0.011597362383778616,0.011699839565278224,0.011933677865671467,0.011239192502755417,0.7385186516225265,0.6766231663264543,0.01587418441167593,0.023150227727920417,0.019788575709492,0.0191802952444989,0.6607489819147783,0.6534729385985338,0.6568345906169623,0.6574428710819553
197,191,200,9,0.6666666666666666,0.6666217913138637,0.33333333333333337,12.449516466787795,41.10980425269856,0.37719195005524825,0.5451906727378544,0.0120427942024162,0.0024544506286892824,0.0006521415624690151,0.012082442795907639,0.012124154267749937,0.012213680261223613,0.01190522474021781,0.6592171002615212,0.5960037686051096,0.06226129524126326,0.06674504228671957,0.06467532059520929,0.06428980426256767,0.5337424733638464,0.5292587263183901,0.5313284480099003,0.5317139643425419
198,191,200,9,0.7777777777777778,0.7777441868704165,0.2222222222222222,12.449516466787795,41.10980425269856,0.37719195005524825,0.3894631882887189,0.012083495566072876,0.0025184057963700047,0.00031107014027007267,0.012083673810107285,0.01208435252638172,0.012087210976255749,0.012087786822674512,0.49408525778408213,0.4252301714907365,0.0431135882873452,0.04635524017740837,0.04486170740335738,0.04447512599717574,0.3821165832033913,0.3788749313133281,0.3803684640873791,0.38075504549356076
199,191,200,9,0.8888888888888888,0.8888689442876432,0.11111111111111116,12.449516466787795,41.10980425269856,0.37719195005524825,0.20773674743720277,0.012402211318818412,0.001957529864615324,0.00018264964867249444,0.012415240431641167,0.012428423651696658,0.012455250450414805,0.01235164560692288,0.3190175276889779,0.24509557243141208,0.037351473321277105,0.036448831894081636,0.03683021768285721,0.036871898889493285,0.20774409911013497,0.20864674053733046,0.20826535474855487,0.20822367354191879
201,200,208,8,0.125,0.12540376886475654,0.125,11.451407470001682,42.669515545819046,0.16085858584283863,0.16437014983424847,0.005667083990840264,0.0020378057517278837,0.0008854061169415258,0.0054697320281152,0.005274285634901442,0.004890021365370113,0.0064720368469698055,0.14756072740019902,0.14551015608640808,0.03462047556150427,0.03751462078951618,0.03605669460458362,0.03609647480773742,0.1108896805249038,0.1079955352968919,0.10945346148182446,0.10941368127867065
202,200,208,8,0.25,0.25081642153291805,0.25,11.451407470001682,42.669515545819046,0.16085858584283863,0.3326517080918862,0.008510652110653648,0.004716663024624354,0.0017153887830453985,0.008166789912919142,0.007831317606224837,0.0071902121588350845,0.00995230451514036,0.2721877930305648,0.27719335365514036,0.06414279311957356,0.06932287805605021,0.06661779838639816,0.06673154612798689,0.2130505605355668,0.20787047559909017,0.21057555526874222,0.2104618075271535
203,200,208,8,0.375,0.3762317393421011,0.375,11.451407470001682,42.669515545819046,0.16085858584283863,0.5185759523130161,0.01018595773016665,0.006234290590967818,0.0020128661201011325,0.009854176280504206,0.009537415750922422,0.008955259825369334,0.011636754326551318,0.46481731145632227,0.47564795848546637,0.04825326073117906,0.05185806640890427,0.05006053610075423,0.049939655177823915,0.4273946977542873,0.4237898920765621,0.42558742238471214,0.4257083033076425
204,200,208,8,0.5,0.5016550525743485,0.5,11.451407470001682,42.669515545819046,0.16085858584283863,0.5549014693808444,0.010197369032061712,0.005898134137158164,0.0014359385463909094,0.010037540462064069,0.009888166757176069,0.009622697553903386,0.010931614755205512,0.572432201273502,0.5844734263211463,0.12962082265988806,0.12509818325878647,0.1277375373412926,0.12713858365137695,0.45485260366125824,0.45937524306235983,0.45673588897985373,0.4573348426697693
206,200,208,8,0.75,0.7526056195386819,0.25,11.451407470001682,42.669515545819046,0.16085858584283863,0.3963023920792429,0.0061320437024966696,0.0012358758188590335,0.0007323991715786964,0.006239450147412021,0.0063503202583072025,0.006581745898321297,0.005740849933733426,0.34191605192524555,0.3112731331777866,0.1758535757039267,0.17253239213247218,0.1744768413206705,0.17405787205054685,0.1354195574738599,0.13874074104531442,0.1367962918571161,0.13721526112723975
207,200,208,8,0.875,0.8763036981496815,0.125,11.451407470001682,42.669515545819046,0.16085858584283863,0.27353059463375,0.007010939417537725,0.0016654469583225326,0.0006687552950347498,0.0071258116984141305,0.007242721685368672,0.007482271054255555,0.006573935669953866,0.27698382480435046,0.23487451841282703,0.05362370506684908,0.05114789726886004,0.05258048058635178,0.05224733809897543,0.18125081334597795,0.18372662114396698,0.18229403782647524,0.1826271803138516
209,208,218,10,0.1,0.10001616303836387,0.1,9.272882569672692,27.93927614982666,0.28079756563123853,0.26872527576553173,0.005889799152198514,0.0010347040793258662,0.0001526480549940698,0.005900904342564792,0.005912235004255661,0.005935567550976089,0.00584765840415318,0.2760976043867645,0.30239051167802217,0.05501785437498813,0.05301486405974874,0.05397258328345587,0.053913206807232106,0.24737265730303404,0.2493756476182734,0.2484179283945663,0.24847730487079006
211,208,218,10,0.3,0.3000405871852248,0.3,9.272882569672692,27.93927614982666,0.28079756563123853,0.5650619056250129,0.005755804608853256,0.0031715059664718247,0.001390153853543062,0.005917290255708074,0.006094335666203836,0.006489902279517737,0.005291955901738438,0.5268420379418248,0.5614303521433206,0.14013011476109002,0.13544290235628104,0.1378588369905204,0.13744407606779388,0.42130023738223055,0.42598744978703956,0.4235715151528002,0.42398627607552675
212,208,218,10,0.4,0.4000466932219401,0.4,9.272882569672692,27.93927614982666,0.28079756563123853,0.6949430835822958,0.007187332218150416,0.002314266466559417,0.0017611306943925524,0.007353343388393936,0.007541436947064877,0.007977442491200424,0.006773408504820805,0.6196190048544712,0.657179491900668,0.08410308183863557,0.08023794494786873,0.08218991273438833,0.08177596330506587,0.5730764100620325,0.5769415469527993,0.5749895791662797,0.5754035285956022
213,208,218,10,0.5,0.5000484891150916,0.5,9.272882569672692,27.93927614982666,0.28079756563123853,0.7498290218740283,0.007630681007734755,0.0023977837760450604,0.0016174176365391481,0.007769644543406125,0.00792681934929351,0.008291541307643271,0.007275782270603541,0.685309039706847,0.7233009249228427,0.05466305088466053,0.05459126600355511,0.05464804826367579,0.05460797235762622,0.6686378740381822,0.6687096589192876,0.668652876659167,0.6686929525652164
214,208,218,10,0.6,0.6000474115792007,0.4,9.272882569672692,27.93927614982666,0.28079756563123853,0.7445098710158062,0.011302609714578714,0.001860321083394377,0.001132350113769546,0.011381911509336005,0.011467654945547546,0.011657887541500588,0.011052423460500036,0.6832205308566606,0.7148370189397103,0.12060477897748761,0.1254352720281871,0.12263286389970453,0.12354756813770902,0.5942322399622226,0.5894017469115231,0.5922041550400058,0.5912894508020012
216,208,218,10,0.8,0.8000316077194671,0.19999999999999996,9.272882569672692,27.93927614982666,0.28079756563123853,0.6086045746745561,0.013932123591402282,0.0043776051657764626,0.00039401245219417865,0.01387740642017308,0.013823174594201385,0.013716189954345308,0.014155732418123092,0.5700218492076788,0.5791416218469708,0.03375930620589677,0.037622998286230884,0.03553409634312725,0.03582746748417838,0.5453823156410741,0.54151862356074,0.5436075255038436,0.5433141543627924
217,208,218,10,0.9,0.9000161630383638,0.09999999999999998,9.272882569672692,27.93927614982666,0.28079756563123853,0.3548710021778868,0.012575632895950643,0.002678039397298557,0.00018526589351834058,0.012534142051012855,0.012492685124008935,0.012409874383216089,0.012741928824272695,0.35357520865861247,0.361411250428087,0.03742603903070875,0.03508176635200637,0.03657822473828471,0.03591020175864849,0.3239852113973783,0.32632948407608064,0.3248330256898023,0.3255010486694385
219,218,235,17,0.058823529411764705,0.05884106266856019,0.058823529411764705,3.3457573851068334,5.933032780587587,0.09763100912957495,0.4382903925380418,0.024977947620518824,0.014056701665797684,0.0006392718098100598,0.02501672506233219,0.025056461879346018,0.025138795331364962,0.024832519824781032,0.2956505634064239,0.35798735635091816,0.13193459537080546,0.13200906777669316,0.1319644225274174,0.13197856766500204,0.2260527609801127,0.225978288574225,0.22602293382350075,0.22600878868591612
221,218,235,17,0.17647058823529413,0.1765181145526504,0.17647058823529413,3.3457573851068334,5.933032780587587,0.09763100912957495,1.0312499828577624,0.025835852992195874,0.013505116074920762,0.0025807326046076357,0.02565747786120513,0.025494186850322696,0.025214002396926574,0.026693764147258502,0.9433760018582413,1.028035201485421,0.17095750291009423,0.17116617640376652,0.1709986342322007,0.17112061108686297,0.8570776985753268,0.8568690250816545,0.8570365672532203,0.8569145903985581
222,218,235,17,0.23529411764705882,0.23535494934368542,0.23529411764705882,3.3457573851068334,5.933032780587587,0.09763100912957495,1.2721671349740113,0.026779170518091176,0.013621885806338831,0.0033302185703844942,0.026433084250692872,0.026108967938952853,0.02552993572065523,0.028366371654236774,1.1573712312685003,1.2486832122963825,0.130636899249284,0.13085648223261226,0.13064052629799044,0.13084915908043715,1.1180463130470986,1.1178267300637703,1.118042685998392,1.1178340532159452
223,218,235,17,0.29411764705882354,0.29418628789393775,0.29411764705882354,3.3457573851068334,5.933032780587587,0.09763100912957495,1.4584943647086328,0.029713023842606618,0.015133267675709236,0.003502033137438739,0.02929865716787923,0.028904876185904992,0.02818247801066374,0.03155953068587223,1.3433124288396368,1.4421081725309675,0.08594962458365293,0.08620637079560109,0.08583574522001133,0.08631889676756653,1.3561585479473146,1.3559018017353663,1.356272427310956,1.355789275763401
224,218,235,17,0.35294117647058826,0.3530176264441901,0.35294117647058826,3.3457573851068334,5.933032780587587,0.09763100912957495,1.5751975905298492,0.02672056561550174,0.011099857178689748,0.0031283576173441025,0.026292528324254154,0.025881050833067378,0.025110998951182933,0.028583005931188323,1.484696323030975,1.5904140872743917,0.04091757583705721,0.04104456516601496,0.040731660723305176,0.04123177497430604,1.5494965114373345,1.5493695221083768,1.5496824265510865,1.5491823123000856
226,218,235,17,0.47058823529411764,0.4706718477896445,0.47058823529411764,3.3457573851068334,5.933032780587587,0.09763100912957495,1.6376792008939187,0.02250366388283726,0.004312984314261545,0.002170559762281012,0.02221112309932967,0.021928109967018394,0.02139216656022471,0.023761894821884445,1.572918606007215,1.7001067773756404,0.06893825208790332,0.06890204481891055,0.06878783324749246,0.06905547944711837,1.631168525287737,1.6312047325567298,1.631318944128148,1.631051297928522
227,218,235,17,0.5294117647058824,0.529495153372599,0.47058823529411764,3.3457573851068334,5.933032780587587,0.09763100912957495,1.5983914203000926,0.021964843998634517,0.0028415745261620227,0.0018514820592167782,0.02171553836233012,0.021473316908998053,0.021011099427968603,0.023028209140702225,1.5343732824150746,1.6717809972052144,0.0973407518711684,0.09733382265899186,0.09731505008231145,0.09736229922971823,1.574440245334046,1.5744471745462225,1.574465947122903,1.5744186979754962
228,218,235,17,0.5882352941176471,0.588316345016791,0.4117647058823529,3.3457573851068334,5.933032780587587,0.09763100912957495,1.4897037658044803,0.01657776538359686,0.0038422755524569123,0.0017360745750208879,0.016352917118430392,0.016136611658498393,0.01573102488669467,0.01755583595564236,1.4566856547179479,1.6050154378714236,0.12829568245826226,0.12825066645056413,0.128128411511277,0.12842026557759698,1.4767197554131615,1.4767647714208596,1.4768870263601466,1.4765951722938266
229,218,235,17,0.6470588235294118,0.6471345771467154,0.3529411764705882,3.3457573851068334,5.933032780587587,0.09763100912957495,1.331672561329805,0.018956198154219044,0.0024815531538293434,0.0016607257166448225,0.018685618738387436,0.018420423394943083,0.017907136917689498,0.02008794076422488,1.2860352073395727,1.4434279532101795,0.1312572031300435,0.13117764918969416,0.13105034904598004,0.13138692301401408,1.312170750080136,1.3122503040204854,1.3123776041641995,1.3120410301961654
231,218,235,17,0.7647058823529411,0.7647655451657814,0.23529411764705888,3.3457573851068334,5.933032780587587,0.09763100912957495,0.8840274104426885,0.020056889937685805,0.0036878517319318643,0.0012978757813901785,0.019777251430909665,0.019499001885824423,0.018946914152079698,0.021188229636910326,0.8624615938728278,1.0373927970264556,0.1605138556600373,0.16042478714387423,0.1603609777405479,0.16057941965235992,0.8768789413664183,0.8769680098825814,0.8770318192859077,0.8768133773740957
232,218,235,17,0.8235294117647058,0.823578281054923,0.17647058823529416,3.3457573851068334,5.933032780587587,0.09763100912957495,0.6452539533435112,0.016423486611981102,0.007851907821580874,0.0009894611992598138,0.016196311771744316,0.015969736901535653,0.015518492118986208,0.017337713063448987,0.6017242417354732,0.7859145275849018,0.1427761998345286,0.14272045948105716,0.1426853246749189,0.14281268853391538,0.6431383277503732,0.6431940681038446,0.6432292029099829,0.6431018390509864
233,218,235,17,0.8823529411764706,0.8823876346420446,0.11764705882352944,3.3457573851068334,5.933032780587587,0.09763100912957495,0.43305333885060715,0.0064788363053428395,0.019164584441993752,0.0006635433827544019,0.006353839296269514,0.0062307514764923,0.005990772317705764,0.006995846369229499,0.38609050324051325,0.5808381568732,0.1507877359821198,0.15075398630646203,0.1507193167292179,0.15082335506370026,0.43005042089108014,0.4300841705667379,0.43011884014398205,0.4300148018094997
234,218,235,17,0.9411764705882353,0.9411961426536611,0.05882352941176472,3.3457573851068334,5.933032780587587,0.09763100912957495,0.21312725239390004,0.00749862619665389,0.01913058925637374,0.0003244417593934118,0.007443162387409797,0.007388172684802698,0.0072796584831573375,0.0077250169548914276,0.15185361412440074,0.3548728853490064,0.145524184033273,0.14551047145788226,0.1454839528790898,0.1455507853575597,0.2093487013157334,0.20936241389112414,0.2093889324699166,0.20932209999144671
236,235,274,39,0.02564102564102564,0.02562251369414067,0.02564102564102564,0.30898232373170365,0.2387453813444998,0.0778442122129239,0.04556996209631298,0.020432561406873988,0.002669876566363282,0.00018744635994404117,0.02042562921530677,0.02041880221888477,0.020405464232188378,0.020461339961887783,0.18580003552068097,0.022233126366212726,0.02703173127674477,0.027020515130025204,0.027025954472424882,0.027026286893632297,-0.004798604910532044,-0.004787388763812479,-0.004792828106212156,-0.004793160527419571
237,235,274,39,0.05128205128205128,0.05127579245846808,0.05128205128205128,0.30898232373170365,0.2387453813444998,0.0778442122129239,0.15239369951360207,0.02054211183788729,0.0021080651950893597,0.00026963008564321786,0.020489815319921043,0.020437607308013292,0.020333459528186503,0.020752169570970348,0.14863642834965995,0.11480004638889345,0.040286105423687726,0.04026412394079235,0.040274023364169347,0.04027621392886424,0.07451394096520572,0.07453592244810109,0.07452602302472411,0.07452383246002921
238,235,274,39,0.07692307692307693,0.07692907122279548,0.07692307692307693,0.30898232373170365,0.2387453813444998,0.0778442122129239,0.21749790371225183,0.022005896357427376,0.0011037231803783362,0.0006015758826290316,0.021864764459175297,0.02172375685532811,0.02144212433730099,0.022571620233747446,0.19700828516307112,0.19898074694162474,0.020564418823711975,0.02055661589406443,0.02056336508904223,0.020557691249341356,0.17841632811791275,0.1784241310475603,0.17841738185258252,0.1784230556922834
239,235,274,39,0.10256410256410256,0.1025801393233969,0.10256410256410256,0.30898232373170365,0.2387453813444998,0.0778442122129239,0.28480122704245847,0.022796092652560947,0.0016918130201230646,0.0009867853344977119,0.02256764428473645,0.02233958403960802,0.021884676432368504,0.023713542723338078,0.25620363883398845,0.2525497620282152,0.03145315684244066,0.031427524955252986,0.03144156883562563,0.03143912731986924,0.22109660518577456,0.22112223707296225,0.2211081931925896,0.22111063470834597
241,235,274,39,0.15384615384615385,0.1538806175268052,0.15384615384615385,0.30898232373170365,0.2387453813444998,0.0778442122129239,0.3116295806693336,0.023585196617535376,0.0034671459855445466,0.0015420384104172763,0.023262738506650626,0.022942226166551706,0.02230737377407341,0.02489296766554343,0.26338285255141825,0.305004911753944,0.02786710455014602,0.027872750930383834,0.027880692253951064,0.027858933890334437,0.277137807203798,0.2771321608235602,0.27712421949999294,0.27714597786360956
242,235,274,39,0.1794871794871795,0.1795296591856578,0.1794871794871795,0.30898232373170365,0.2387453813444998,0.0778442122129239,0.31951602867441514,0.02221292914400806,0.002286726581172878,0.0016917934059819608,0.02186926565661337,0.021528425631671278,0.020855768546479914,0.02361333713192934,0.20758080931813042,0.29713378382736927,0.035147006525132266,0.03511285221957894,0.03513072842844169,0.03512890236022638,0.261986777302237,0.26202093160779033,0.2620030553989276,0.2620048814671429
243,235,274,39,0.20512820512820512,0.20517685862473872,0.20512820512820512,0.30898232373170365,0.2387453813444998,0.0778442122129239,0.35976375648519365,0.02203280026647476,0.002627245064263502,0.0018666729178388086,0.021671235719036876,0.02131375579456899,0.0206118974975562,0.023516104955527032,0.1939028169035607,0.33059842812388807,0.03508510619668242,0.03508807052115234,0.03510037311724542,0.03507261753385836,0.29551332192720564,0.2955103576027357,0.29549805500664267,0.2955258105900297
244,235,274,39,0.23076923076923078,0.23082405806381964,0.23076923076923078,0.30898232373170365,0.2387453813444998,0.0778442122129239,0.4074354946228912,0.021931367143256168,0.0030098909512054047,0.00198166606178677,0.021550425309745595,0.02117422188268333,0.020437073667531874,0.023497866929007474,0.22651095312666533,0.37691038850482267,0.02976419221801053,0.029718879041938002,0.029742669498528697,0.02974025804695372,0.34714619628681215,0.3471915094628847,0.34716771900629395,0.34717013045786893
246,235,274,39,0.28205128205128205,0.28211440405848387,0.28205128205128205,0.30898232373170365,0.2387453813444998,0.0778442122129239,0.48441303122198776,0.021916109170815965,0.004090719505422491,0.0020564858755606555,0.021538019435310213,0.021165664718454383,0.020439409283027853,0.02348021505114216,0.32123037788530434,0.46586940854997655,0.013033606165918296,0.012900630851761135,0.012947070634765271,0.012987115932674593,0.45283580238405824,0.4529687776982154,0.4529223379152113,0.45288229261730195
247,235,274,39,0.3076923076923077,0.30775791905802147,0.3076923076923077,0.30898232373170365,0.2387453813444998,0.0778442122129239,0.5214802167584913,0.020480434930162,0.00292591343676846,0.002024484730044438,0.020101242088994144,0.019727746181834385,0.018999184011747598,0.022048231529746793,0.36064651959601157,0.5052033308523175,0.0221893091464535,0.022053438444551474,0.022089879997878415,0.022152514879740192,0.483014021705864,0.483149892407766,0.4831134508544391,0.4830508159725773
248,235,274,39,0.3333333333333333,0.33340088139162755,0.3333333333333333,0.30898232373170365,0.2387453813444998,0.0778442122129239,0.5640538803122459,0.020950457354552362,0.004213388993611585,0.002027258583091647,0.020599833227623352,0.020255821800589133,0.01958902394073981,0.022412787031165823,0.3980229646932828,0.5480447803203182,0.021103464712044478,0.020891357649816707,0.020937281629688394,0.02105727096245389,0.5269413156082737,0.5271534226705015,0.5271074986906298,0.5269875093578643
249,235,274,39,0.358974358974359,0.3590421857274392,0.358974358974359,0.30898232373170365,0.2387453813444998,0.0778442122129239,0.5894311134570186,0.01959376597856079,0.004721994854229116,0.001972688417197651,0.019300685899607865,0.019015880853038486,0.018472615781393226,0.020841708083094487,0.4322741318031277,0.5933759822197254,0.027792972604618146,0.02773554586989007,0.02773881768713883,0.027788936142211982,0.5655830096151073,0.5656404363498354,0.5656371645325866,0.5655870460775134
251,235,274,39,0.41025641025641024,0.41032276795731354,0.41025641025641024,0.30898232373170365,0.2387453813444998,0.0778442122129239,0.6400046553667827,0.0169596663037531,0.00349740969276804,0.0018833979260576875,0.01676307784733938,0.01657753525605501,0.016241079492163527,0.017848873205171777,0.47589383005556607,0.6530809788626105,0.034339353654584515,0.034364694758155435,0.03434228598680138,0.0343610929066937,0.618741625208026,0.6187162841044551,0.6187386928758092,0.6187198859559169
252,235,274,39,0.4358974358974359,0.43596186162939915,0.4358974358974359,0.30898232373170365,0.2387453813444998,0.0778442122129239,0.6138449962926559,0.015074528293646408,0.0026984759292095328,0.001957718208943136,0.014939155883467965,0.014818719118680998,0.014624082865383088,0.01575704058729164,0.4331750253281626,0.6168992153815406,0.011913107396864239,0.012040075450100307,0.012009092846568124,0.011942966034540602,0.6049861079846763,0.6048591399314402,0.6048901225349724,0.604956249347
253,235,274,39,0.46153846153846156,0.4615992973036903,0.46153846153846156,0.30898232373170365,0.2387453813444998,0.0778442122129239,0.609992684411953,0.014431664853219246,0.0023489934528362726,0.002010324885124454,0.014363024216261082,0.014311713894783171,0.014261769239771448,0.014873824367333964,0.414179943951103,0.5999556068199106,0.013668204754556056,0.013970862518094236,0.013977997137678583,0.013659957668934323,0.5862874020653545,0.5859847443018164,0.585977609682232,0.5862956491509762
254,235,274,39,0.48717948717948717,0.4872363645340271,0.48717948717948717,0.30898232373170365,0.2387453813444998,0.0778442122129239,0.6093943788012418,0.01450870912485638,0.0012150832735191928,0.0021419492817169464,0.01444221763053101,0.014395351786122893,0.014361185152538638,0.014964542605932895,0.39856569924343715,0.5926449701278463,0.02672558877140542,0.02693975368681064,0.02694283733767105,0.026721772429269524,0.5659193813564409,0.5657052164410357,0.5657021327901753,0.5659231976985768
256,235,274,39,0.5384615384615384,0.5385071829991117,0.46153846153846156,0.30898232373170365,0.2387453813444998,0.0778442122129239,0.7019271548500827,0.015380457695732253,0.002889347204873405,0.002007205312770287,0.015378676754376652,0.015393262410774128,0.015471296421034257,0.015550359843043442,0.47809209848768774,0.6782275659828085,0.02035237773687937,0.020301909473711577,0.020345498433028318,0.020307878792677952,0.6578751882459292,0.657925656509097,0.6578820675497802,0.6579196871901306
257,235,274,39,0.5641025641025641,0.564140381567928,0.4358974358974359,0.30898232373170365,0.2387453813444998,0.0778442122129239,0.7303051802391394,0.014066058910538401,0.002397911033812857,0.001835876020319969,0.014057244962830057,0.014063412235675006,0.014120564242526685,0.0142498622290225,0.5101484157425586,0.7114846039987834,0.016101906014291015,0.01627165046186976,0.016298296781765285,0.016073536765074153,0.6953826979844924,0.6952129535369137,0.6951863072170181,0.6954110672337093
258,235,274,39,0.5897435897435898,0.5897735801367443,0.41025641025641024,0.30898232373170365,0.2387453813444998,0.0778442122129239,0.7576396161099633,0.014683501997555313,0.0024400387513255233,0.0017040273947522993,0.014625613097976076,0.0145799468360288,0.014525712486885958,0.015034013346305091,0.5274046724479373,0.7283691971942797,0.03285868587901567,0.03280235704414988,0.032837016550194,0.03282355343062179,0.6955105113152641,0.6955668401501298,0.6955321806440857,0.6955456437636579
259,235,274,39,0.6153846153846154,0.6154051207077661,0.3846153846153846,0.30898232373170365,0.2387453813444998,0.0778442122129239,0.7889956231607288,0.014404396029070761,0.0026714095812985865,0.001584421520552742,0.01429365411071094,0.014193106413161526,0.014023448581777082,0.014944461278629442,0.5538398387159376,0.7524658985062933,0.0392454617636378,0.039423919821035935,0.039445800833368655,0.039222966086083284,0.7132204367426556,0.7130419786852573,0.7130200976729246,0.71324293242021
261,235,274,39,0.6666666666666666,0.6666654385201523,0.33333333333333337,0.30898232373170365,0.2387453813444998,0.0778442122129239,0.891623688775534,0.013516259699719787,0.0027994858595810426,0.0014601031239221238,0.013364251925302046,0.0132205775372018,0.012959321553627322,0.014202054065352765,0.66000845290285,0.8581779131517359,0.03572652735823542,0.03534276861341955,0.03538555730258557,0.035683321969929564,0.8224513857935004,0.8228351445383163,0.8227923558491503,0.8224945911818063
262,235,274,39,0.6923076923076923,0.6922947684274481,0.3076923076923077,0.30898232373170365,0.2387453813444998,0.0778442122129239,0.9248611806094273,0.014887121608758125,0.004648864201745902,0.0012188525777768664,0.014746874205946881,0.014611636051410885,0.01435674849006549,0.015495410791379984,0.6998659233287174,0.8988405068063776,0.029367265003499177,0.02883219608438054,0.028876872792640347,0.029322339718209328,0.8694732418028784,0.870008310721997,0.8699636340137372,0.8695181670881683
263,235,274,39,0.717948717948718,0.7179224403369494,0.28205128205128205,0.30898232373170365,0.2387453813444998,0.0778442122129239,0.9437733216793701,0.012810605465773174,0.003219309177529267,0.0008791318698498989,0.012724567009826179,0.012641764429105407,0.012486121887302915,0.013185815511525319,0.720992231488295,0.9212245449904085,0.04180866883785561,0.04113168134719737,0.041166159430359034,0.04177382467491148,0.8794158761525529,0.8800928636432112,0.8800583855600494,0.879450720315497
264,235,274,39,0.7435897435897436,0.743549375358542,0.2564102564102564,0.30898232373170365,0.2387453813444998,0.0778442122129239,0.9617937960785261,0.014358384170884097,0.005117945492965737,0.0006503370926984698,0.014315221851650446,0.014273781020353612,0.014196123499124285,0.014547932714419608,0.7348399178715949,0.9360232904741476,0.027959561228904962,0.02805598663881937,0.02807943115260413,0.027935062095844683,0.9080637292452426,0.9079673038353282,0.9079438593215434,0.9080882283783028
266,235,274,39,0.7948717948717948,0.7948001136281155,0.20512820512820518,0.30898232373170365,0.2387453813444998,0.0778442122129239,0.9290247455063003,0.010868705266154065,0.0026533453691249317,0.0009094970931345405,0.010985610730287601,0.011105941211468429,0.01135643864527412,0.010437584947966422,0.7102779532765475,0.9153260927935084,0.024097976759254385,0.02482014254248242,0.024821014006983007,0.024096424715381398,0.891228116034254,0.890505950251026,0.8905050787865254,0.891229668078127
267,235,274,39,0.8205128205128205,0.8204532081704657,0.17948717948717952,0.30898232373170365,0.2387453813444998,0.0778442122129239,0.9171534196933924,0.01025599601135054,0.002295403811706619,0.0009222607119393928,0.0104469313656017,0.010639436842847716,0.01102882862734981,0.009509835809297642,0.6891680822066998,0.896285615359672,0.038398291284514004,0.0392667120279606,0.03926160965377831,0.038403114089918075,0.857887324075158,0.8570189033317114,0.8570240057058937,0.857882501269754
268,235,274,39,0.8461538461538461,0.8461061184908388,0.15384615384615385,0.30898232373170365,0.2387453813444998,0.0778442122129239,0.9032599518170121,0.00911490373085178,0.0012879024648365072,0.0009779599137634053,0.009328300780533054,0.009543189801140883,0.009977057478784782,0.008278530986610633,0.6766123988582744,0.8859757837828193,0.025154968831572474,0.025767332661072694,0.0257648055464064,0.02515675407531238,0.8608208149512468,0.8602084511217466,0.8602109782364129,0.8608190297075069
269,235,274,39,0.8717948717948718,0.8717571865914402,0.1282051282051282,0.30898232373170365,0.2387453813444998,0.0778442122129239,0.8463387588097532,0.008379557232165836,0.0009761191023016822,0.0009186693445790886,0.008552162842635089,0.008727399001841118,0.009085151839670019,0.007718930080896224,0.6297790207241092,0.8390823313272481,0.012949782356640419,0.013442519438574326,0.013444600241333569,0.012946612620277445,0.8261325489706076,0.8256398118886737,0.8256377310859145,0.8261357187069707
271,235,274,39,0.9230769230769231,0.9230571121289171,0.07692307692307687,0.30898232373170365,0.2387453813444998,0.0778442122129239,0.6790012533080279,0.009601523598158126,0.0031806855368333993,0.00038298460819138853,0.009683571180855454,0.009765868157755203,0.009931185475480287,0.009275959264885081,0.4617689534276308,0.6722190890339671,0.02514008422214588,0.024981618187144564,0.024989288714014245,0.025132251182627553,0.6470790048118212,0.6472374708468225,0.6472298003199528,0.6470868378513396
272,235,274,39,0.9487179487179487,0.9487059695657925,0.05128205128205132,0.30898232373170365,0.2387453813444998,0.0778442122129239,0.5182598492906784,0.009203215737793891,0.0035099860991400712,0.0004647970779388426,0.00920810499164072,0.009214457102740551,0.00923153712238307,0.009198323479751004,0.3276242575190838,0.5342889398077011,0.026935453973401004,0.027210639463237814,0.02720448737450169,0.026941553400847806,0.5073534858343001,0.5070783003444633,0.5070844524331994,0.5073473864068533
273,235,274,39,0.9743589743589743,0.9743529847828962,0.02564102564102566,0.30898232373170365,0.2387453813444998,0.0778442122129239,0.24506285060227798,0.010106338681331713,0.005371303642197143,0.00034335398878417933,0.010085694087535995,0.010065739188362968,0.010027914800960238,0.010195728112865394,0.07558046011198084,0.25693167494492186,0.01870885523605004,0.01880465748226403,0.018801542597944275,0.018711935180382836,0.23822281970887182,0.23812701746265783,0.23813013234697758,0.23821973976453903
276,274,294,20,0.1,0.10003478058409823,0.1,9.96052444631255,15.010792590322273,0.13970746186748978,0.27166804428216135,0.00835550754455138,0.0026047722000220454,0.0007826190970439963,0.008202383536963823,0.008051102199651767,0.00775449761473617,0.008984529186288885,0.18417810298283632,0.29977269938336765,0.027742951562902626,0.028547004592437517,0.028133921507630454,0.02812586899665919,0.272029747820465,0.2712256947909301,0.2716387778757372,0.27164683038670845
277,274,294,20,0.15,0.15004839818882265,0.15,9.96052444631255,15.010792590322273,0.13970746186748978,0.3055920911434538,0.0085640416992601,0.0029355421952416798,0.0011453754965726746,0.008315997358586773,0.008070489423689927,0.007588065060553769,0.00957761239278521,0.19542021981980093,0.3254300207981596,0.01776917995426203,0.018531145331056913,0.01810813138154372,0.018079274220545276,0.30766084084389755,0.30689887546710265,0.30732188941661587,0.3073507465776143
278,274,294,20,0.2,0.20006201579354704,0.2,9.96052444631255,15.010792590322273,0.13970746186748978,0.28530611359417823,0.008472834497910897,0.0038713570022572323,0.0015430440529350172,0.008100484256473844,0.007729449467357578,0.006992163197647404,0.009972435639002113,0.1971837964120836,0.3014262486940657,0.0204813498774611,0.02203686274491666,0.021226270445458356,0.021190926854032892,0.2809448988166046,0.279389385949149,0.2801999782486073,0.2802353218400328
279,274,294,20,0.25,0.2500720403627241,0.25,9.96052444631255,15.010792590322273,0.13970746186748978,0.21129378176527755,0.008139205635286008,0.004857135888744307,0.00204324706105503,0.007647852495349718,0.007159223737727866,0.006192715878874972,0.010123898650988805,0.17147190625161193,0.22834016977250846,0.017099994799081267,0.01885725135403527,0.01792545296738022,0.01789530197130232,0.21124017497342717,0.2094829184184732,0.21041471680512824,0.21044486780120614
281,274,294,20,0.35,0.3500877778584215,0.35,9.96052444631255,15.010792590322273,0.13970746186748978,0.20980326421311155,0.007346359874600201,0.00639598640939631,0.002698430347454969,0.006742647835951257,0.006153680773707177,0.005040568806422501,0.009853614849491779,0.193936929238597,0.18960040774902273,0.03639320696447212,0.036487618346909764,0.036439218628084635,0.03635780144126142,0.1532072007845506,0.15311278940211298,0.1531611891209381,0.15324260630776132
282,274,294,20,0.4,0.4000934907849417,0.4,9.96052444631255,15.010792590322273,0.13970746186748978,0.29837009543251614,0.006070665570428434,0.006539781714587031,0.0025751868362065703,0.005521049262056039,0.004993990172726525,0.004042609162814938,0.008403954222592998,0.20972312605863053,0.2831489333741104,0.035552994057240786,0.03633760442651089,0.035960629707854165,0.03582649175941021,0.24759593931686963,0.2468113289475995,0.24718830366625624,0.24732244161470018
283,274,294,20,0.45,0.45009561067591464,0.45,9.96052444631255,15.010792590322273,0.13970746186748978,0.35740906238542886,0.006037973244420054,0.00675916249443924,0.0022779765371390053,0.005576473144210444,0.005136694627270937,0.004348417072822838,0.008023955693357182,0.21782836785776397,0.3258847668639531,0.04538940043808947,0.045592376583660554,0.045513165295236746,0.04537881214492177,0.28049536642586365,0.28029239028029257,0.2803716015687164,0.28050595471903134
284,274,294,20,0.5,0.5000970119597781,0.5,9.96052444631255,15.010792590322273,0.13970746186748978,0.41277862580283564,0.00572209388876039,0.006011926977508126,0.002017057241144645,0.0053483060030366635,0.004997495444890337,0.004386550230949288,0.007374275140177805,0.253204803746975,0.38457815554407426,0.04891617469867582,0.048713258175318255,0.04884039308811638,0.04866655392812189,0.33566198084539844,0.335864897368756,0.3357377624559579,0.33591160161595235
286,274,294,20,0.6,0.6000933470635198,0.4,9.96052444631255,15.010792590322273,0.13970746186748978,0.5072522001318914,0.004138023228187809,0.0060145980210268455,0.001548806601516161,0.0038514809963858215,0.0035839120706475055,0.0031249025853126947,0.005411012851966801,0.26762781993674517,0.4680889216133383,0.05712055910308643,0.05695778317615777,0.057061556227537634,0.05688731053313929,0.4109683625102519,0.4111311384371805,0.4110273653858007,0.41120161108019904
287,274,294,20,0.65,0.6500875622762886,0.35,9.96052444631255,15.010792590322273,0.13970746186748978,0.5383980148439146,0.004830185569147866,0.004724030339338415,0.0014787676713534132,0.004627617725295073,0.004446610306599818,0.004160212821243059,0.005807540115957304,0.27317554692157314,0.49542014537043333,0.05632732603661891,0.0565807371693505,0.05648787721352196,0.05630439219034095,0.4390928193338144,0.4388394082010828,0.4389322681569114,0.4391157531800924
288,274,294,20,0.7,0.7000814181855026,0.30000000000000004,9.96052444631255,15.010792590322273,0.13970746186748978,0.5680218056966674,0.004778874268340929,0.004071695354132195,0.0013936152954961136,0.0046025379941241,0.0044465540760328885,0.00420441777485004,0.005646457022189104,0.2848986108936301,0.5181509424338623,0.055542436902868,0.055802254981977495,0.055699713715498846,0.05553961151955234,0.4626085055309943,0.4623486874518848,0.4624512287183634,0.46261133091430995
289,274,294,20,0.75,0.7500720403627241,0.25,9.96052444631255,15.010792590322273,0.13970746186748978,0.605524625516009,0.005573387525425436,0.004012045072272012,0.001149032288550716,0.005405522399222159,0.005248021599462911,0.004967992603492555,0.006331263452822301,0.30484755139447983,0.541873387467319,0.06580250523455793,0.06606307501886392,0.06595329729162618,0.0658428559023737,0.476070882232761,0.475810312448455,0.47592009017569276,0.47603053156494524
291,274,294,20,0.85,0.8500489730745102,0.15000000000000002,9.96052444631255,15.010792590322273,0.13970746186748978,0.5314346594822846,0.004601790718769066,0.0028288889586173768,0.0008089036814013276,0.0045116800447011635,0.004428975782038477,0.004287462853402916,0.005027849266928912,0.22681144521687913,0.46053954618269116,0.07081215478012227,0.07093326037566149,0.07088140802042292,0.0708443350057924,0.3897273914025689,0.38960628580702966,0.38965813816226824,0.38969521117689876
292,274,294,20,0.9,0.9000349243055201,0.09999999999999998,9.96052444631255,15.010792590322273,0.13970746186748978,0.3992753291026887,0.005045238355567857,0.0019256594891114518,0.00044483574396438384,0.004996011005300048,0.0049487934610926865,0.004860619589740457,0.005261083064449185,0.08910324633662522,0.3131986467370141,0.08573755222401364,0.08569326762786258,0.08568892413340969,0.08572895594968588,0.22746109451300045,0.2275053791091515,0.22750972260360441,0.2274696907873282
293,274,294,20,0.95,0.9500176418045374,0.050000000000000044,9.96052444631255,15.010792590322273,0.13970746186748978,0.24806225251291986,0.005743549221246428,0.0009053731541048159,6.440831835959999e-05,0.005735517743846738,0.005727520272947088,0.0057116279214332825,0.005776012349693552,0.04593285377004513,0.25940326142559805,0.008200344189687823,0.007967193901258295,0.00801567360657594,0.008107716590464317,0.2512029172359102,0.2514360675243398,0.2513875878190221,0.2512955448351337
296,294,306,12,0.16666666666666666,0.16583400742865964,0.16666666666666666,10.983318710083974,27.460990952307466,0.1112092287843946,0.15460928129424817,0.022291697383650506,0.0015517637059578036,0.0002600164873809709,0.022239542862959212,0.022187456193404925,0.022083488327507242,0.022500984532343754,0.10400911649630906,0.1379384446060744,0.026646114039182208,0.027388345491082013,0.026983425504825114,0.026956255275225084,0.1112923305668922,0.11055009911499239,0.11095501910124929,0.11098218933084933
297,294,306,12,0.25,0.24917364953918109,0.25,10.983318710083974,27.460990952307466,0.1112092287843946,0.1981227836543361,0.02173922912815814,0.0032380545671515703,0.0004892944294680023,0.021682202521841082,0.021625717454908697,0.02151438895976042,0.021972666018002334,0.0732759316413256,0.16346994924083338,0.03854891921163808,0.039204175861109844,0.038836504300686,0.03878892895089629,0.1249210300291953,0.12426577337972354,0.12463344494014739,0.12468102028993709
298,294,306,12,0.3333333333333333,0.33260211128444517,0.3333333333333333,10.983318710083974,27.460990952307466,0.1112092287843946,0.23391100979434853,0.022060822757018633,0.0049699402206242905,0.0007765490819195039,0.021997123795897106,0.021934958135976314,0.02181527882874316,0.022330684450115556,0.04126555234678075,0.19545008960599436,0.04537865498217576,0.04636856150998437,0.045858236749005396,0.04579713610621088,0.1500714346238186,0.14908152809601,0.14959185285698895,0.14965295349978347
299,294,306,12,0.4166666666666667,0.4160275925050535,0.4166666666666667,10.983318710083974,27.460990952307466,0.1112092287843946,0.268781656612267,0.023381588537911394,0.005522491550578889,0.0008996845796072668,0.023335801473125674,0.023292096455083795,0.023210979043569797,0.023585306477485274,0.06737767345978644,0.21894219433213433,0.06475954087330867,0.06628496201298414,0.06553960212885801,0.06544109053606408,0.15418265345882565,0.15265723231915018,0.15340259220327632,0.15350110379607024
301,294,306,12,0.5833333333333334,0.5828797471561324,0.41666666666666663,10.983318710083974,27.460990952307466,0.1112092287843946,0.3858386859496191,0.02165181680741733,0.005821727009740786,0.0004285412030461933,0.021724919693102796,0.021798303975926896,0.02194590543069928,0.021362276846725384,0.1193711364816695,0.3401123934094844,0.05217545662438324,0.053647577302226954,0.05294530091383436,0.05282040794932234,0.2879369367851012,0.28646481610725744,0.28716709249565003,0.28729198546016205
302,294,306,12,0.6666666666666666,0.6663058244816719,0.33333333333333337,10.983318710083974,27.460990952307466,0.1112092287843946,0.381856700632127,0.022704557841811402,0.003881655271884254,0.00044328900951900855,0.02281058613935763,0.022916659800092484,0.023128940714334273,0.022280911231568844,0.153949678377195,0.3585152734148916,0.02299272116224654,0.023655324548131858,0.023238203673337395,0.0231995731459638,0.33552255225264505,0.33485994886675974,0.3352770697415542,0.33531570026892776
303,294,306,12,0.75,0.7497289212825555,0.25,10.983318710083974,27.460990952307466,0.1112092287843946,0.33563468899975374,0.022794525063258266,0.0032233136618640477,0.00038144373499633037,0.022881514883421477,0.022968571163142014,0.023142880100683504,0.022447245822379676,0.13449555862522494,0.32968097617190645,0.015465162645085202,0.017409486295106198,0.016393409106459634,0.016207876330113547,0.31421581352682126,0.31227148987680026,0.3132875670654468,0.3134730998417929
304,294,306,12,0.8333333333333334,0.8331538063982327,0.16666666666666663,10.983318710083974,27.460990952307466,0.1112092287843946,0.2545033669157726,0.024256271995681276,0.0020351663368987356,0.0003450151144454719,0.024328353204426174,0.024400526379134237,0.024545145380375676,0.023968883398513954,0.09918812692513243,0.25773546655493024,0.007555424821001693,0.00931219273086524,0.008378130868982559,0.008190241739994763,0.25018004173392855,0.24842327382406498,0.24935733568594767,0.24954522481493546
307,306,318,12,0.08333333333333333,0.08333502056235939,0.08333333333333333,12.824979675475955,32.032656547719505,0.11187748599433239,0.038649169818021877,0.025874187606933722,0.0013994582987216493,0.00020025673596430193,0.025857995472644616,0.025841890183438132,0.02580994078968559,0.025939821329205935,0.2916268034967602,0.04859129456912685,0.0,0.0,0.0,0.0,0.04859129456912685,0.04859129456912685,0.04859129456912685,0.04859129456912685
308,306,318,12,0.16666666666666666,0.16667242309510852,0.16666666666666666,12.824979675475955,32.032656547719505,0.11187748599433239,0.030665394907259887,0.02647051732564591,0.0030085166622126247,0.00028652765439218363,0.026450620884181313,0.02643090359961512,0.026392008103692372,0.026551886551104797,0.2845508380308886,0.033242679167792395,0.02988019718124171,0.03146415337354791,0.03059148299865771,0.030585526550671732,0.0033624819865506854,0.0017785257942444857,0.002651196169134687,0.002657152617120663
309,306,318,12,0.25,0.25000625267227305,0.25,12.824979675475955,32.032656547719505,0.11187748599433239,0.10097302311771005,0.026300916485377746,0.003482715191544792,0.00011549010520777353,0.026285470403470446,0.026270046972516024,0.02623926822317574,0.026362926525381653,0.23972580742468613,0.08983725783855125,0.020669285537082662,0.021996562719896334,0.02122514386198949,0.021216705033395084,0.06916797230146858,0.06784069511865491,0.06861211397656175,0.06862055280515617
311,306,318,12,0.4166666666666667,0.4166751028117969,0.4166666666666667,12.824979675475955,32.032656547719505,0.11187748599433239,0.12779931584457502,0.026571177905840068,0.00368441005443782,0.0009129856747036738,0.026600613669430867,0.02663197312878072,0.02670043560658704,0.02647279385917803,0.1645055599071935,0.11551235450034196,0.009304773823477051,0.0,0.0043255192883904885,0.004529264285946401,0.10620758067686491,0.11551235450034196,0.11118683521195147,0.11098309021439556
312,306,318,12,0.5,0.5000107188667537,0.5,12.824979675475955,32.032656547719505,0.11187748599433239,0.18657106388198913,0.027767445107978267,0.0027907426379045353,0.0014685881568476172,0.027804589418689993,0.02784652530489305,0.0279446830519645,0.027667132253330604,0.16621447420735438,0.18972866585733933,0.014738106021764712,0.01261064129055274,0.013380634627079677,0.013459772243599866,0.17499055983557463,0.1771180245667866,0.17634803123025966,0.17626889361373946
313,306,318,12,0.5833333333333334,0.5833415709809311,0.41666666666666663,12.824979675475955,32.032656547719505,0.11187748599433239,0.21964413582659956,0.027940678656864126,0.002837034168243267,0.001791685075539159,0.027998437614859248,0.028063227912455583,0.028213703507899583,0.02778075327993176,0.2258801659931091,0.23461632852943423,0.014469573482974887,0.01599782523543472,0.01493631254020593,0.015041386326951988,0.22014675504645934,0.2186185032939995,0.2196800159892283,0.21957494220248225
314,306,318,12,0.6666666666666666,0.6666754005580957,0.33333333333333337,12.824979675475955,32.032656547719505,0.11187748599433239,0.2483514590386336,0.02860080333106245,0.002860445993256126,0.001894007356963483,0.028663811768936218,0.02873448567577649,0.028898598838954306,0.028426350719814142,0.2901455220951314,0.26163918452617463,0.018624713069976498,0.016377906019852364,0.017191979591454378,0.017312759835550244,0.24301447145619814,0.24526127850632226,0.24444720493472025,0.24432642469062438
316,306,318,12,0.8333333333333334,0.8333382957716453,0.16666666666666663,12.824979675475955,32.032656547719505,0.11187748599433239,0.13945501007752173,0.029969738022874424,0.002189365697541503,0.000915830990377292,0.029992011119387797,0.030016014194286452,0.030069193408952272,0.02989801824302644,0.2990687675552631,0.18000889103048043,0.04270787979090674,0.04419156626193681,0.04337515725557628,0.04337600666762677,0.1373010112395737,0.13581732476854363,0.13663373377490415,0.13663288436285365
317,306,318,12,0.9166666666666666,0.9166679569006277,0.08333333333333337,12.824979675475955,32.032656547719505,0.11187748599433239,0.05027236696317748,0.030573892973352782,0.0006166098503359854,0.00030592539942903333,0.030586862617229725,0.030600017921209116,0.030626884549127556,0.030523875681284392,0.27645282768582025,0.07767983491171992,0.025133982240673102,0.026547720643306624,0.02580798656170673,0.025836188657204714,0.05254585267104682,0.0511321142684133,0.0518718483500132,0.05184364625451521
319,318,329,11,0.09090909090909091,0.09089415104205573,0.09090909090909091,12.432344179308105,33.87129689130513,0.10488783068889342,0.07636574381998677,0.026112337910456605,0.001629903584797812,8.592917568629765e-05,0.026110311921204058,0.026108303450687417,0.02610433908200132,0.026120616972768948,0.2590875446835286,0.06345554518239166,0.0201688283659072,0.020483793868899373,0.02034091972958865,0.020340907975502143,0.04328671681648446,0.04297175131349229,0.04311462545280301,0.04311463720688952
321,318,329,11,0.2727272727272727,0.2726831026856035,0.2727272727272727,12.432344179308105,33.87129689130513,0.10488783068889342,0.1372676151854399,0.02625284399908009,0.00301573410031472,0.0004634974237506752,0.02622202708342675,0.026191686551664577,0.026132441250908228,0.02638084172409114,0.2443219372470084,0.11983993188855827,0.014343382353434186,0.01558084259725325,0.014865466490702086,0.014840422741098631,0.10549654953512408,0.10425908929130502,0.10497446539785618,0.10499950914745963
322,318,329,11,0.36363636363636365,0.3635772537276592,0.36363636363636365,12.432344179308105,33.87129689130513,0.10488783068889342,0.1560035671878083,0.02670570516978409,0.003202096827087561,0.0005097469772720536,0.02667395416418808,0.026642774876850978,0.02658213946717062,0.026838385244653436,0.19667716818290354,0.14706081096580054,0.029504068062416792,0.030096930203150105,0.02958571357199609,0.029564062300587415,0.11755674290338375,0.11696388076265044,0.11747509739380445,0.11749674866521312
323,318,329,11,0.45454545454545453,0.4544688065319697,0.45454545454545453,12.432344179308105,33.87129689130513,0.10488783068889342,0.1811142982537616,0.027178804946190117,0.004620000626673961,0.0008592662587423199,0.027176769292215245,0.02717643155998305,0.02718084979572137,0.027203914387369993,0.15094751317886596,0.16132614799966866,0.03106633613325231,0.035006007008012506,0.03295158560293184,0.032857393005739394,0.13025981186641636,0.12632014099165614,0.1283745623967368,0.12846875499392926
324,318,329,11,0.5454545454545454,0.5453623080145891,0.4545454545454546,12.432344179308105,33.87129689130513,0.10488783068889342,0.27446820391880367,0.027676221049325826,0.005572345599239371,0.0013544936034458226,0.027709150998326014,0.02774617483798652,0.027832437032534085,0.02758570604164171,0.18876486009639956,0.24356284771141296,0.033293382183087916,0.036507727478435545,0.03479933105736729,0.03473752525271783,0.21026946552832504,0.2070551202329774,0.20876351665404566,0.20882532245869512
326,318,329,11,0.7272727272727273,0.7271454136232101,0.2727272727272727,12.432344179308105,33.87129689130513,0.10488783068889342,0.3103648830902378,0.029568225027741236,0.0041357765868620345,0.001373579371341087,0.02961448984452993,0.029664657865017756,0.02977662306828403,0.029422542748891868,0.17583696642573993,0.3175613064114225,0.0,0.005498990562750252,0.0,0.0,0.3175613064114225,0.3120623158486722,0.3175613064114225,0.3175613064114225
327,318,329,11,0.8181818181818182,0.8180330690709027,0.18181818181818177,12.432344179308105,33.87129689130513,0.10488783068889342,0.22109747918344602,0.029211358286376866,0.0024775186546080767,0.0008008645381235251,0.029260804505570698,0.029311534942619486,0.029416821725909887,0.029026544290236145,0.16451256782610502,0.2445470219996792,0.023848650723528514,0.0228916710581768,0.023376119598302988,0.023333571059481775,0.2206983712761507,0.2216553509415024,0.2211709024013762,0.22121345094019743
328,318,329,11,0.9090909090909091,0.9090162097557332,0.09090909090909094,12.432344179308105,33.87129689130513,0.10488783068889342,0.10328958502410507,0.03090145921747233,0.0012282663184864867,0.00020932370834815086,0.030919103289660507,0.030936825819015714,0.030972505709912994,0.030831670185336564,0.227854077820792,0.11440817985757624,0.011280263248741098,0.012120786060536461,0.01178841322372539,0.011637398715815383,0.10312791660883515,0.10228739379703979,0.10261976663385086,0.10277078114176086
331,329,341,12,0.16666666666666666,0.16663385457960578,0.16666666666666666,14.458664557378338,36.06992161836957,0.0988278043154112,0.03739387788933326,0.0268553796027048,0.003929843338769187,0.00043275201698770476,0.026866837478456716,0.026878725934663773,0.026903792284551354,0.026813864632627558,0.3918234525727103,0.05870470514083587,0.02962076454575654,0.030178986423523207,0.02986827368827196,0.029866694972761926,0.029083940595079325,0.02852571871731266,0.028836431452563906,0.02883801016807394
332,329,341,12,0.25,0.2499573244607864,0.25,14.458664557378338,36.06992161836957,0.0988278043154112,0.04804514499980058,0.027546566580711054,0.004394224876846597,0.0005822335123406538,0.02758162090942969,0.027617397923777893,0.027691108748233717,0.027413630711570717,0.38374877806195895,0.06865759973960037,0.021999414420126324,0.02401409375492388,0.023041835029469184,0.02302364621018694,0.04665818531947404,0.044643505984676486,0.04561576471013118,0.04563395352941343
333,329,341,12,0.3333333333333333,0.333280794341967,0.3333333333333333,14.458664557378338,36.06992161836957,0.0988278043154112,0.04792131848413054,0.027861380304793664,0.004675586763955005,0.0006387050338749186,0.027936462650718752,0.028012253950667722,0.028165940466549386,0.027568255491635277,0.4013148722289084,0.056044732132317455,0.0,0.001459312714161021,0.0,0.0,0.056044732132317455,0.054585419418156436,0.056044732132317455,0.056044732132317455
334,329,341,12,0.4166666666666667,0.4166108068145253,0.4166666666666667,14.458664557378338,36.06992161836957,0.0988278043154112,0.07387354264207488,0.028180906074401393,0.005088363966624172,0.0006770500203350269,0.028307941689083245,0.02843541731295806,0.028691665108789597,0.027677284568642272,0.44341999588111164,0.08583861159425142,0.015332254407545924,0.01913573066316957,0.017254190448186584,0.017268499451474836,0.0705063571867055,0.06670288093108184,0.06858442114606483,0.06857011214277658
336,329,341,12,0.5833333333333334,0.5832773743510196,0.41666666666666663,14.458664557378338,36.06992161836957,0.0988278043154112,0.09577409444244873,0.02940223488365049,0.005138876227082514,0.0007620186166310089,0.02959077905019544,0.029779348170974156,0.03015655940270534,0.028648317612767343,0.47117400352176486,0.0888308724736352,0.013470073837645398,0.01708590411147996,0.015162623299404859,0.015209345919542282,0.07536079863598981,0.07174496836215524,0.07366824917423034,0.07362152655409293
337,329,341,12,0.6666666666666666,0.6666145241959899,0.33333333333333337,14.458664557378338,36.06992161836957,0.0988278043154112,0.11701367594423502,0.02996105746664033,0.003904808456262812,0.0006920974969174653,0.03012960086731512,0.030298194784446526,0.030635530831793968,0.029287406467342382,0.4797098465681837,0.09771070178018472,0.027633223119279147,0.0277912004344634,0.027497136750135154,0.027450246696502017,0.07007747866090558,0.06991950134572132,0.07021356503004957,0.0702604550836827
338,329,341,12,0.75,0.7499570270702692,0.25,14.458664557378338,36.06992161836957,0.0988278043154112,0.16045722898119769,0.03096293576416078,0.002839079203573636,0.0007853234683958659,0.031124279183174893,0.031286022595204285,0.031610684823247616,0.030321689484202923,0.5119530247132044,0.13303585892029338,0.03954837003664757,0.039744745579694846,0.03960555292333248,0.03954085910487272,0.0934874888836458,0.09329111334059853,0.0934303059969609,0.09349499981542066
339,329,341,12,0.8333333333333334,0.8333007195066172,0.16666666666666663,14.458664557378338,36.06992161836957,0.0988278043154112,0.16045143498374814,0.03282109393897577,0.0024181877202689604,0.0007314605101303752,0.032942539267072475,0.033064549878743056,0.03331024207740948,0.03234109238109132,0.5340162602594628,0.1415430188957693,0.023700044280016895,0.02525441811460746,0.02438856162448572,0.024423886214847118,0.11784297461575241,0.11628860078116185,0.1171544572712836,0.1171191326809222
342,341,353,12,0.08333333333333333,0.08331678641876812,0.08333333333333333,12.59237932392729,31.39926672468918,0.15232053367833145,0.15050466292227047,0.027939140688252637,0.0014677037786962836,0.0002841181257717376,0.027916451517312743,0.027893924761991602,0.02784936007185832,0.028031513598140136,0.533963725121225,0.12785540232811632,0.015280804989220846,0.014437848986360143,0.014943570832277918,0.01493746369810408,0.11257459733889547,0.11341755334175618,0.1129118314958384,0.11291793863001223
343,341,353,12,0.16666666666666666,0.16663476183738524,0.16666666666666666,12.59237932392729,31.39926672468918,0.15232053367833145,0.36107552827318207,0.02863268330896831,0.0028192256449364275,0.0008629988314044709,0.02859190529238719,0.028552699327714315,0.02847902926396134,0.0288113785350821,0.7365665850265155,0.33025302440732635,0.03573953502451205,0.03664405782138706,0.036197177544973244,0.03624670520624345,0.2945134893828143,0.29360896658593927,0.2940558468623531,0.2940063192010829
344,341,353,12,0.25,0.24995749325539834,0.25,12.59237932392729,31.39926672468918,0.15232053367833145,0.5658409071465195,0.029603153055288996,0.00400942609231047,0.001807304845324748,0.029546722022988928,0.029497104733231087,0.02941844455224452,0.02989617305549518,0.9515106692079541,0.5346074038215173,0.03223166402290574,0.03375463543456863,0.032858914082649245,0.033004271439318916,0.5023757397986115,0.5008527683869487,0.501748489738868,0.5016031323821983
346,341,353,12,0.4166666666666667,0.41661127909036755,0.4166666666666667,12.59237932392729,31.39926672468918,0.15232053367833145,0.8624967069163592,0.03186433353593432,0.0056257324706866976,0.003480506487040708,0.031730918413311056,0.03162089270863371,0.03147193865010146,0.03262539550404641,1.2469879419126848,0.83849172741127,0.03084371735510323,0.03601912897637872,0.03294444292455168,0.033671132775995,0.8076480100561667,0.8024725984348913,0.8055472844867183,0.804820594635275
347,341,353,12,0.5,0.4999411445074746,0.5,12.59237932392729,31.39926672468918,0.15232053367833145,0.8975882114664113,0.03371964382891595,0.006989942058423919,0.0033067059555941694,0.03352070028408091,0.03334107231562906,0.03304098936928868,0.034701446510916154,1.2882457098743136,0.8999413495427135,0.039506247287966284,0.04339537888018678,0.04116022085074092,0.04190801212838549,0.8604351022547473,0.8565459706625268,0.8587811286919727,0.8580333374143281
348,341,353,12,0.5833333333333334,0.5832775494237512,0.41666666666666663,12.59237932392729,31.39926672468918,0.15232053367833145,0.8447331284457151,0.034060258338464745,0.004538208596255817,0.0022806513688945996,0.033863065657212525,0.033674373114576675,0.03332305953194738,0.03493105839978353,1.2396689683912963,0.8427448000169651,0.09611745935110831,0.09308265441871207,0.09500710486550167,0.09440797495136723,0.7466273406658568,0.749662145598253,0.7477376951514634,0.7483368250655978
349,341,353,12,0.6666666666666666,0.6666145488399523,0.33333333333333337,12.59237932392729,31.39926672468918,0.15232053367833145,0.7711577452173667,0.034399353269309686,0.0013643210849954264,0.0012123718104082625,0.03417819680246095,0.03395830529729913,0.03352241659972758,0.03529615116158118,1.1591529904313296,0.7207545772525153,0.127729359056019,0.12551928679325963,0.12695094213064384,0.12649576846230084,0.5930252181964963,0.5952352904592557,0.5938036351218715,0.5942588087902145
351,341,353,12,0.8333333333333334,0.8333004376708444,0.16666666666666663,12.59237932392729,31.39926672468918,0.15232053367833145,0.6413033543664189,0.034574347661461766,0.0019249077313640887,0.0007613664043712343,0.03442763925645541,0.03428135985021338,0.03399011017259095,0.03516536364791061,1.0414109962610254,0.591127886052469,0.047647709009593725,0.045919756949429624,0.04684997834556145,0.04676674901668472,0.5434801770428753,0.5452081291030394,0.5442779077069075,0.5443611370357843
352,341,353,12,0.9166666666666666,0.91664992158546,0.08333333333333337,12.59237932392729,31.39926672468918,0.15232053367833145,0.37592917788856883,0.034572316186487415,0.001200986201079247,0.00031898789686920885,0.03454030924359314,0.03450845690475634,0.034445217752767834,0.034701881411791265,0.8104924891272599,0.3561231330761476,0.035863203769202545,0.03488921298429024,0.03530050448708178,0.03540182593370935,0.3202599293069451,0.32123392009185736,0.32082262858906585,0.3207213071424383
354,353,365,12,0.08333333333333333,0.08368532474826422,0.08333333333333333,4.4800560501153095,11.215211646199444,0.20499705636948434,0.34115622708178117,0.03216254535885229,0.0006009298664512796,0.0002845645014732955,0.03220290545320293,0.0322433719920088,0.03232462280286712,0.0320021774647261,0.7528834097549212,0.3574913961412112,0.030423088295316196,0.030089394387636643,0.03027131798979208,0.030230802256504416,0.327068307845895,0.3274020017535746,0.3272200781514191,0.3272605938847068
356,353,365,12,0.25,0.251063136427038,0.25,4.4800560501153095,11.215211646199444,0.20499705636948434,0.8100676557396964,0.0340616914197242,0.0005715466888243083,0.0006824131305333772,0.03401242536593564,0.03396394481114182,0.033869353636236166,0.034266542054459635,1.256627954494818,0.8113647072040708,0.05062207870714425,0.05009945513359545,0.050440994401748415,0.05026493569915587,0.7607426284969265,0.7612652520704754,0.7609237128023224,0.7610997715049149
357,353,365,12,0.3333333333333333,0.33475323596346573,0.3333333333333333,4.4800560501153095,11.215211646199444,0.20499705636948434,0.9428945677804463,0.034905111082021906,0.0004363330610862655,0.0013333580144847253,0.034831781528308334,0.034761493921761574,0.03463011783829845,0.03522845703393382,1.3892373566321865,0.9251791578034434,0.046468637397517706,0.04587539263783497,0.046279217250237176,0.04605339682640606,0.8787105204059257,0.8793037651656084,0.8788999405532062,0.8791257609770373
358,353,365,12,0.4166666666666667,0.41791930249894504,0.4166666666666667,4.4800560501153095,11.215211646199444,0.20499705636948434,1.0354033404724476,0.03504024287261422,0.0005490304231330408,0.001567704179989006,0.0350077468654484,0.03497961224296733,0.03493646766579104,0.03521357495302957,1.5033887266182036,1.0313958935704413,0.019816908549997635,0.019995789155869463,0.019602124718483216,0.020188749491269847,1.0115789850204435,1.0114001044145717,1.011793768851958,1.0112071440791714
359,353,365,12,0.5,0.5010811910947813,0.5,4.4800560501153095,11.215211646199444,0.20499705636948434,1.0546927209400234,0.03581926801124,0.0005959556193057381,0.0014585429306072514,0.03584854963536563,0.035881513060245354,0.03595844367967436,0.035739123447821416,1.5206224894925309,1.0491065725437196,0.031027736678089505,0.031518541176145214,0.030854145660843282,0.03169213967879848,1.01807883586563,1.0175880313675745,1.0182524268828763,1.017414432864921
361,353,365,12,0.6666666666666666,0.667398402952729,0.33333333333333337,4.4800560501153095,11.215211646199444,0.20499705636948434,0.9300147663942584,0.03604458059332345,0.002049832282696737,0.0007313024254705794,0.03611481848104506,0.036185843752685395,0.03633023792459501,0.035771594864004816,1.3801983362257242,0.9230992827446505,0.03380775356930649,0.03389539603736737,0.033359427300108664,0.03434926037649802,0.889291529175344,0.8892038867072831,0.8897398554445418,0.8887500223681525
362,353,365,12,0.75,0.7505543230633609,0.25,4.4800560501153095,11.215211646199444,0.20499705636948434,0.7814432614569718,0.037392992460643364,0.002971686835856276,0.00047167334463031857,0.037413299972167045,0.037433967915797915,0.03747638270367434,0.03731537834806545,1.237445711836012,0.7888543425488016,0.02100742017408032,0.02065418152322133,0.020555144622452885,0.021117256574478032,0.7678469223747213,0.7682001610255803,0.7682991979263487,0.7677370859743236
363,353,365,12,0.8333333333333334,0.8337048715373087,0.16666666666666663,4.4800560501153095,11.215211646199444,0.20499705636948434,0.570084513161068,0.038006400926866205,0.0024558160800151477,0.0004598464427439077,0.037959238701839176,0.03791236640697304,0.03781949591302008,0.038197927551298624,1.0274591767874455,0.5792316101004653,0.019518883418217933,0.01883442250632433,0.019271400393960775,0.019095783250238495,0.5597127266822474,0.560397187594141,0.5599602097065045,0.5601358268502268
364,353,365,12,0.9166666666666666,0.9168548231627361,0.08333333333333337,4.4800560501153095,11.215211646199444,0.20499705636948434,0.3144247022405335,0.03912223478083756,0.0021467881984508774,0.00037234381885774666,0.0390638854204679,0.039005670921416664,0.03888964892837738,0.03935696881824604,0.7817361485747404,0.31026975717664873,0.016369749661407026,0.016173862589757133,0.01631696701373638,0.016230903232828595,0.2939000075152417,0.2940958945868916,0.29395279016291237,0.2940388539438201
366,365,401,36,0.027777777777777776,0.027782985339671756,0.027777777777777776,2.911807915165958,2.435744409500821,0.07723683848894076,0.08053162505787576,0.035170980369510545,0.0016449597247981597,0.0004850218604979704,0.03528227707215636,0.0353936392084227,0.035616557326362715,0.03472646047228587,0.4748118241930038,0.0891678143249623,0.023331172866057896,0.023420827633747143,0.023377203762873413,0.023376153712102037,0.06583664145890442,0.06574698669121516,0.06579061056208889,0.06579166061286026
367,365,401,36,0.05555555555555555,0.055563976293937306,0.05555555555555555,2.911807915165958,2.435744409500821,0.07723683848894076,0.20311885957617634,0.03518902251009533,0.002011852110853313,0.0007486943211748835,0.03536515000145336,0.03554139040517324,0.035894203295841046,0.034485676252060726,0.3681517637138742,0.18465595442987895,0.04380542729606451,0.043955769382860894,0.043884311120871926,0.04387918086063124,0.14085052713381443,0.14070018504701806,0.14077164330900702,0.14077677356924773
368,365,401,36,0.08333333333333333,0.08334556556382472,0.08333333333333333,2.911807915165958,2.435744409500821,0.07723683848894076,0.3705239407863345,0.03437089998092315,0.0028688293633968905,0.0008004446761049384,0.03456842158249991,0.03476597280204031,0.03516116209805238,0.033581120205715895,0.2043387113103989,0.33103207495956877,0.05423165177561325,0.05432308409127888,0.054278328936309905,0.054278990911462995,0.27680042318395554,0.2767089908682899,0.27675374602325886,0.2767530840481058
369,365,401,36,0.1111111111111111,0.1111247615712247,0.1111111111111111,2.911807915165958,2.435744409500821,0.07723683848894076,0.5392842368424856,0.035029689311458306,0.0023715453013380032,0.0007180739660314535,0.035195612959328104,0.03536166941316458,0.035694173323176356,0.034367361227348,0.10494304344689244,0.5018350188736596,0.03846327972032436,0.038518066856389054,0.038486273766491344,0.03849733509862064,0.4633717391533352,0.4633169520172705,0.4633487451071682,0.4633376837750389
371,365,401,36,0.16666666666666666,0.16668155807769966,0.16666666666666666,2.911807915165958,2.435744409500821,0.07723683848894076,0.8779698588390114,0.035087976707782596,0.0035116450891195666,0.0005375020874858266,0.035113281585754504,0.03513908211033457,0.03519216571788062,0.034991734852177866,0.35495671039275395,0.8258103291053069,0.061160102134004524,0.06107965671322972,0.06109546477115575,0.06114533985107651,0.7646502269713025,0.7647306723920773,0.7647148643341511,0.7646649892542304
372,365,401,36,0.19444444444444445,0.19445915857677468,0.19444444444444445,2.911807915165958,2.435744409500821,0.07723683848894076,1.0755082765961372,0.035477717099475954,0.003791392643408751,0.0007414172681482188,0.035363489529387386,0.03524986645712898,0.03502445730747529,0.03594055662658495,0.5498813373313584,1.0136704273156845,0.07032775384497741,0.07021478389911583,0.0702404463107926,0.07030242252794426,0.9433426734707071,0.9434556434165686,0.9434299810048918,0.9433680047877402
373,365,401,36,0.2222222222222222,0.22223476469044345,0.2222222222222222,2.911807915165958,2.435744409500821,0.07723683848894076,1.31495669183406,0.03573671958187091,0.0038464563374344964,0.001186918392715339,0.0354694643641513,0.03520268136087353,0.03467057558150128,0.03681025661871825,0.7677777775098548,1.2324352030805554,0.09639016378951233,0.09624939360903145,0.0962829573849034,0.09636198748679418,1.136045039291043,1.136185809471524,1.136152245695652,1.1360732155937612
374,365,401,36,0.25,0.2500105702426529,0.25,2.911807915165958,2.435744409500821,0.07723683848894076,1.6155113640704328,0.036683343271496235,0.004386081320490586,0.0015363434087165104,0.03631895876467621,0.03595498438060808,0.03522831681445812,0.038144747262343175,1.0395301121283747,1.5243524073386097,0.10274363027987608,0.10265599818437555,0.10266820567715787,0.10273683614993939,1.4216087770587336,1.4216964091542341,1.4216842016614517,1.4216155711886702
376,365,401,36,0.3055555555555556,0.3055579931377187,0.3055555555555556,2.911807915165958,2.435744409500821,0.07723683848894076,1.9734639951655422,0.03658211934393526,0.005335854996851865,0.0015506129531283027,0.036207344779181055,0.03583284423945961,0.03508470032863348,0.03808379596755883,1.416665585265119,1.9044463451758051,0.07266998829363802,0.0722374536227551,0.0723296068038466,0.072579259635984,1.831776356882167,1.8322088915530501,1.8321167383719585,1.8318670855398211
377,365,401,36,0.3333333333333333,0.33333000935765633,0.3333333333333333,2.911807915165958,2.435744409500821,0.07723683848894076,2.103928757826001,0.03584705934890768,0.006241739701164239,0.0014685803896979258,0.035496769258500746,0.035146823222924825,0.03444800524766926,0.03725146599943123,1.5586827135826113,2.045085596127834,0.07148657750231029,0.07079424710671081,0.07094651889046119,0.07133227919755195,1.9735990186255237,1.9742913490211231,1.9741390772373728,1.973753316930282
378,365,401,36,0.3611111111111111,0.36110202557759397,0.3611111111111111,2.911807915165958,2.435744409500821,0.07723683848894076,2.170345509872829,0.03537100673417229,0.006845195820608867,0.001343355661350855,0.035039937531095446,0.034708959974787235,0.03404729049264241,0.03669615039419136,1.644549771381016,2.1229000055246603,0.056312146136900526,0.05537297078621534,0.05558350041669561,0.05609861490266734,2.06658785938776,2.067527034738445,2.0673165051079647,2.066801390621993
379,365,401,36,0.3888888888888889,0.3888720474121254,0.3888888888888889,2.911807915165958,2.435744409500821,0.07723683848894076,2.1631650534527145,0.035674342811249295,0.006970566887496433,0.0011877691586647768,0.035380993167335444,0.035087703963729094,0.03450131304262519,0.036848316915598735,1.6572696003411544,2.1294331149205328,0.0469236798141168,0.04601337688476339,0.04621762272942076,0.04671965959267911,2.082509435106416,2.0834197380357695,2.083215492191112,2.0827134553278537
381,365,401,36,0.4444444444444444,0.44441029613432265,0.4444444444444444,2.911807915165958,2.435744409500821,0.07723683848894076,2.054344805019661,0.03791361501254487,0.005802082924013869,0.0011200274293550656,0.03772555941384673,0.03753865035581588,0.037168340943257244,0.03867696680260408,1.5619339944249904,2.0322042796520283,0.027475129742668088,0.02650276645764467,0.026707580384031832,0.0272628448704506,2.0047291499093602,2.0057015131943836,2.0054966992679963,2.004941434781578
382,365,401,36,0.4722222222222222,0.4721785230219885,0.4722222222222222,2.911807915165958,2.435744409500821,0.07723683848894076,2.007861873094303,0.03706384534324812,0.007186483457087856,0.0015007619928181632,0.0369163712698849,0.036772134010193955,0.03649352258933945,0.03768533727321514,1.5057633226386349,1.9754919866401115,0.04575736069070146,0.04518653654754679,0.045294058679686666,0.04564872720268267,1.9297346259494101,1.9303054500925647,1.9301979279604249,1.9298432594374288
383,365,401,36,0.5,0.49994495496278873,0.5,2.911807915165958,2.435744409500821,0.07723683848894076,2.0167226408741636,0.03788774784576464,0.007541076606883687,0.0019379840256875988,0.037727015278891836,0.03757184317602326,0.037278455621243926,0.03858485693003246,1.4934315364263677,1.9701392607445056,0.056805173423902615,0.05624576094593202,0.05633852683614773,0.056711177799980375,1.913334087320603,1.9138934997985737,1.9138007339083578,1.9134280829445252
384,365,401,36,0.5277777777777778,0.527711386903589,0.4722222222222222,2.911807915165958,2.435744409500821,0.07723683848894076,2.03462993023259,0.03767810732480643,0.008552103530367991,0.002300919527083069,0.037476219966379044,0.03728211546024462,0.036917741129942144,0.03856096983171021,1.5041800920299713,1.9906255818671978,0.05614779179856361,0.055258689208730664,0.055410234971173054,0.055998083751973585,1.9344777900686343,1.9353668926584673,1.9352153468960247,1.9346274981152243
386,365,401,36,0.5833333333333334,0.5832404614529177,0.41666666666666663,2.911807915165958,2.435744409500821,0.07723683848894076,1.905862618296105,0.03963447656438045,0.006953337266000383,0.0024775108616832443,0.039472570690573215,0.039319755833688366,0.0390418198236735,0.040370730610928725,1.3877524468599147,1.8871860912962468,0.0302057173888603,0.02926843353861991,0.02942145675022427,0.030035904529839952,1.8569803739073865,1.8579176577576269,1.8577646345460226,1.8571501867664069
387,365,401,36,0.6111111111111112,0.6110050984468525,0.38888888888888884,2.911807915165958,2.435744409500821,0.07723683848894076,1.7986774654858935,0.04173565559874441,0.006722375451771644,0.00254238490580092,0.04160387913186192,0.04148142396912519,0.04126480317728729,0.0423541421501161,1.2696279254590717,1.7664732620865409,0.036014761646516714,0.03498379735292239,0.03514731182920794,0.03584124542443439,1.7304585004400241,1.7314894647336185,1.7313259502573328,1.7306320166621065
388,365,401,36,0.6388888888888888,0.6387968590823114,0.36111111111111116,2.911807915165958,2.435744409500821,0.07723683848894076,1.7504115996507308,0.04160962754448758,0.007427359003885858,0.0026089916441375334,0.04149211679884952,0.041384553437032755,0.04119957330693926,0.04217737596041811,1.2067604814494026,1.7015147219244782,0.05581076476426537,0.05539183463302113,0.05543269045940719,0.05576269530767085,1.6457039571602128,1.646122887291457,1.646082031465071,1.6457520266168073
389,365,401,36,0.6666666666666666,0.6665870242094456,0.33333333333333337,2.911807915165958,2.435744409500821,0.07723683848894076,1.6793143305156923,0.04210485561965122,0.007229522065151314,0.0027763303841046977,0.042002655862232445,0.04191170282284886,0.041763821729707135,0.042624370362927363,1.1515238087131683,1.6452297382670893,0.04277287850990396,0.04193869044383803,0.042048681112015825,0.042661226020749655,1.6024568597571853,1.6032910478232512,1.6031810571550735,1.6025685122463396
391,365,401,36,0.7222222222222222,0.7221649612012263,0.2777777777777778,2.911807915165958,2.435744409500821,0.07723683848894076,1.5357735281972402,0.04284801695402396,0.006638847426991146,0.0025946975518046722,0.04271475892028182,0.04259096452613403,0.04237209210474744,0.0434738523163307,1.0036330706873182,1.4942523724555807,0.04008665405138451,0.039090398560662175,0.039232731285310164,0.03993994733045085,1.4541657184041963,1.4551619738949186,1.4550196411702705,1.4543124251251298
392,365,401,36,0.75,0.7499531319429542,0.25,2.911807915165958,2.435744409500821,0.07723683848894076,1.4700584650792776,0.04400383022137979,0.005663885614234543,0.0021569398892114663,0.04386501568454658,0.04373240991038286,0.04348604918626528,0.044619978191893984,0.9513677192512054,1.434186680431126,0.034801385172082346,0.03375643409436476,0.03391715782076989,0.034635449176158906,1.3993852952590438,1.4004302463367613,1.400269522610356,1.3995512312549672
393,365,401,36,0.7777777777777778,0.7777393082992758,0.2222222222222222,2.911807915165958,2.435744409500821,0.07723683848894076,1.374474049160047,0.04388585851863171,0.0047701177387130846,0.0017779865277758402,0.0437693994236752,0.04365715552360999,0.04344544276393636,0.0443931653643458,0.8744544966011338,1.3404128024970763,0.02865068943178185,0.02854465770961703,0.02855082190265196,0.028628563334085307,1.3117621130652943,1.3118681447874592,1.3118619805944243,1.311784239162991
394,365,401,36,0.8055555555555556,0.8055254846555976,0.19444444444444442,2.911807915165958,2.435744409500821,0.07723683848894076,1.3186506260220778,0.04357409315160672,0.00474472221369579,0.0014364938855714602,0.04347071973479456,0.0433700737130178,0.04317703962874225,0.044014468828265874,0.8266716510988794,1.2766764397891226,0.03640787801376059,0.0361992706619589,0.03622561923090578,0.036374462869547174,1.240268561775362,1.2404771691271637,1.2404508205582168,1.2403019769195753
396,365,401,36,0.8611111111111112,0.8610944469130504,0.13888888888888884,2.911807915165958,2.435744409500821,0.07723683848894076,1.1811691626882828,0.045318853874247104,0.003890772380884345,0.0012416317087918553,0.04519372143291009,0.04507037944812723,0.04482912574845861,0.045836991788076174,0.6852103684386494,1.1531581493348464,0.011243195694174936,0.01083549252509153,0.010859129402377737,0.011203462052653405,1.1419149536406714,1.1423226568097549,1.1422990199324687,1.141954687282193
397,365,401,36,0.8888888888888888,0.888877033375641,0.11111111111111116,2.911807915165958,2.435744409500821,0.07723683848894076,1.0632972418202822,0.04697141619095036,0.0030209066286957043,0.0012303465931462632,0.04679650636831224,0.04662296962515239,0.046280077038850356,0.04768448230529043,0.5668437636210183,1.0483742371936273,0.030959520959817716,0.030437636409352525,0.030492661522441268,0.03090218791591478,1.0174147162338096,1.0179366007842747,1.017881575671186,1.0174720492777125
398,365,401,36,0.9166666666666666,0.9166594203996908,0.08333333333333337,2.911807915165958,2.435744409500821,0.07723683848894076,0.8778957575518056,0.048007296046036374,0.0023312467269533017,0.0011541667511609074,0.04780134822682392,0.04759625850383153,0.047188698052818154,0.04883945050021025,0.3773363461492289,0.8619535257681731,0.0,0.0,0.0,0.0,0.8619535257681731,0.8619535257681731,0.8619535257681731,0.8619535257681731
399,365,401,36,0.9444444444444444,0.9444404113539563,0.05555555555555558,2.911807915165958,2.435744409500821,0.07723683848894076,0.6496601242230242,0.04950690127711283,0.0014200209260138367,0.0009655202949665611,0.04930473933284676,0.04910293164341721,0.0487003966371364,0.05031900609500521,0.19703742533417476,0.6527469434898016,0.0,0.0,0.0,0.0,0.6527469434898016,0.6527469434898016,0.6527469434898016,0.6527469434898016
402,401,416,15,0.06666666666666667,0.06668291230324508,0.06666666666666667,12.965501003246192,26.035110069734724,0.1297965560255361,0.37658224299745247,0.04486642985020818,0.0014177617804489301,0.0003803672123482629,0.04487240552871503,0.044878581899000604,0.04489153638087123,0.04484453561811826,0.27712762862036217,0.38255728094772656,0.0,0.0,0.0,0.0,0.38255728094772656,0.38255728094772656,0.38255728094772656,0.38255728094772656
403,401,416,15,0.13333333333333333,0.13336151584236816,0.13333333333333333,12.965501003246192,26.035110069734724,0.1297965560255361,0.6948040691564935,0.04455301468191472,0.0031323144229650924,0.0006572667694095804,0.044523488453392344,0.04449454945072034,0.04443843768857545,0.04467696822194579,0.35314980813122226,0.6976996810645356,0.004282712093105923,0.010346949019778447,0.00801999127189184,0.007719805640996163,0.6934169689714297,0.6873527320447572,0.6896796897926438,0.6899798754235394
404,401,416,15,0.2,0.20004011938149127,0.2,12.965501003246192,26.035110069734724,0.1297965560255361,0.9397206897090338,0.04493753594661219,0.00393242980573068,0.0007611748331978072,0.04483200516552231,0.04472703500971896,0.0445187924154677,0.045365186762847225,0.5064443406093028,0.9344361038615834,0.02807908775754341,0.030771846335445267,0.029567455008541535,0.029350044074877433,0.90635701610404,0.9036642575261381,0.9048686488530419,0.905086059786706
406,401,416,15,0.3333333333333333,0.33338918768306264,0.3333333333333333,12.965501003246192,26.035110069734724,0.1297965560255361,1.3318350671001085,0.0462242912127636,0.005483165552666064,0.001669978931608244,0.045878220464878,0.04553334746786673,0.044847305158198965,0.04762002809276953,0.7954524054862844,1.3164144747566158,0.03078612899177426,0.03510719651132809,0.03328258520549452,0.03271700136994208,1.2856283457648414,1.2813072782452877,1.2831318895511212,1.2836974733866737
407,401,416,15,0.4,0.4000586949423727,0.4,12.965501003246192,26.035110069734724,0.1297965560255361,1.4922998638156686,0.046936950205523444,0.006338683370732954,0.0022532616551435335,0.04644964530938619,0.045964077850541005,0.04499838002360402,0.048902502600745995,0.9428375649521807,1.4757182426836062,0.012559764225074913,0.016276831947406888,0.01474456185345227,0.014242826421542443,1.4631584784585312,1.4594414107361993,1.4609736808301539,1.4614754162620638
408,401,416,15,0.4666666666666667,0.4667286809532518,0.4666666666666667,12.965501003246192,26.035110069734724,0.1297965560255361,1.582535820559162,0.04844643607047936,0.005959176389357562,0.002622798459415815,0.047839100709603115,0.0472330586501223,0.0460250586837225,0.05088778293991022,1.0308127079607703,1.5606655031948156,0.023411000715899164,0.027233241413822527,0.025589075367779837,0.02498846474458416,1.5372545024789164,1.533432261780993,1.5350764278270357,1.5356770384502314
409,401,416,15,0.5333333333333333,0.5333948369515781,0.4666666666666667,12.965501003246192,26.035110069734724,0.1297965560255361,1.5669259563097953,0.04871666178718333,0.004801800422506641,0.002920631414785839,0.048033546503508995,0.04735183528339034,0.04599287464003929,0.0514620435801117,1.0410653762938114,1.5489307407201016,0.0,0.013133037096919084,0.00956938000615931,0.007576432561245096,1.5489307407201016,1.5357977036231825,1.5393613607139423,1.5413543081588565
411,401,416,15,0.6666666666666666,0.6667209251778323,0.33333333333333337,12.965501003246192,26.035110069734724,0.1297965560255361,1.4020925553138832,0.04974213342991193,0.004152998989662133,0.0027945915359260088,0.0491289068647765,0.048517990055526226,0.04730344332946024,0.05221650514157577,0.9455822644158931,1.4053502013212336,0.02323919713051989,0.025089103205651372,0.024161952541827698,0.023733925706193426,1.3821110041907136,1.3802610981155823,1.3811882487794058,1.38161627561504
412,401,416,15,0.7333333333333333,0.7333818149088983,0.2666666666666667,12.965501003246192,26.035110069734724,0.1297965560255361,1.2202832897272764,0.05005953854773047,0.0037960351664625375,0.002096749152852102,0.04960664449729453,0.04915516759788751,0.04825662422969666,0.051884542314616706,0.7615764086728691,1.2290562655838597,0.0,0.0,0.0,0.0,1.2290562655838597,1.2290562655838597,1.2290562655838597,1.2290562655838597
413,401,416,15,0.8,0.8000388746274116,0.19999999999999996,12.965501003246192,26.035110069734724,0.1297965560255361,0.9737407977730509,0.05047629940597694,0.003571432133552975,0.001271017455666569,0.050218053026477895,0.04996049272665408,0.049447473221031095,0.051515938953340314,0.4893732175220576,0.9825864642134281,0.026570567856682513,0.029520142243633727,0.028305912173473922,0.027481090291617476,0.9560158963567456,0.9530663219697944,0.9542805520399542,0.9551053739218106
414,401,416,15,0.8666666666666667,0.8666954555943557,0.1333333333333333,12.965501003246192,26.035110069734724,0.1297965560255361,0.6999457938180509,0.05163369907475222,0.0024072238538452554,0.000835608323636752,0.051535968052879556,0.0514388997385399,0.051246766269847206,0.05203117517132254,0.18315876343215556,0.7064493223206186,0.0,0.0,0.0,0.0,0.7064493223206186,0.7064493223206186,0.7064493223206186,0.7064493223206186
417,416,424,8,0.125,0.12491218373808817,0.125,11.875479747882554,44.69039974990897,0.10315668399385887,0.2003929268978021,0.04861521893788351,0.002480140602369308,0.00046842793788780577,0.04856608463631263,0.0485171832397171,0.04842008198073111,0.048814071077937775,0.5003813700708687,0.19934602709766305,0.0,0.0,0.0,0.0,0.19934602709766305,0.19934602709766305,0.19934602709766305,0.19934602709766305
418,416,424,8,0.25,0.24993921275356806,0.25,11.875479747882554,44.69039974990897,0.10315668399385887,0.2654319405692336,0.048595086173883355,0.002868623505280843,0.0002593465566659952,0.04856695916660671,0.04853890246713552,0.04848300047954198,0.0487082948404883,0.4710415001505542,0.2670228840039432,0.0,0.0,0.0,0.0,0.2670228840039432,0.2670228840039432,0.2670228840039432,0.2670228840039432
419,416,424,8,0.375,0.3749581667104813,0.375,11.875479747882554,44.69039974990897,0.10315668399385887,0.2528798152461365,0.04949731141239905,0.002292146685858271,0.0007576951344777323,0.04954932196192126,0.049602001365427195,0.04970935820159128,0.04929599968690696,0.3722211870853293,0.26008514195424715,0.0,0.0,0.0,0.0,0.26008514195424715,0.26008514195424715,0.26008514195424715,0.26008514195424715
421,416,424,8,0.625,0.6249862051082821,0.375,11.875479747882554,44.69039974990897,0.10315668399385887,0.35772173999069584,0.05101765724955928,0.002701105657490176,0.0018670015642600663,0.051146200102399585,0.05127866935140763,0.05155526507631368,0.050543335218997454,0.3063842519578203,0.3733033889293695,0.025205846300289787,0.025438238595068136,0.02527864713724597,0.025163702656922672,0.3480975426290797,0.3478651503343013,0.3480247417921235,0.3481396862724468
422,416,424,8,0.75,0.7499961867778991,0.25,11.875479747882554,44.69039974990897,0.10315668399385887,0.31216619868439466,0.051043725295301545,0.003438501585188367,0.0015888673950869296,0.05114756154317102,0.05125426591077688,0.05147620718237337,0.05065740693482174,0.4003450598794003,0.3144820174278677,0.0,0.0,0.0,0.0,0.3144820174278677,0.3144820174278677,0.3144820174278677,0.3144820174278677
423,416,424,8,0.875,0.8749989906176792,0.125,11.875479747882554,44.69039974990897,0.10315668399385887,0.16587891531952292,0.05243639072031524,0.0014243496040163633,0.0008010878445722427,0.05248260757940695,0.05252954732920602,0.052625587733690984,0.0522587900998498,0.48186742508371966,0.16528591796329853,0.0,0.0,0.0,0.0,0.16528591796329853,0.16528591796329853,0.16528591796329853,0.16528591796329853
426,424,432,8,0.25,0.25002490189550536,0.25,12.521971963057045,47.1305003733382,0.058316609585082474,0.1017809280903903,0.051624456412566175,0.002021907748406849,0.0011403292990901767,0.05180586090190591,0.051988195694273986,0.0523556172597985,0.05090833962085295,0.6485179374286677,0.09375407442007429,0.0,0.0,0.0,0.0,0.09375407442007429,0.09375407442007429,0.09375407442007429,0.09375407442007429
427,424,432,8,0.375,0.37502882787002195,0.375,12.521971963057045,47.1305003733382,0.058316609585082474,0.24094678947731135,0.05180713736240677,0.0029276995845861882,0.001853195767997031,0.052085059423455524,0.052365605509931974,0.052934402484902304,0.050722545934229084,0.6577247143243745,0.23543932455286207,0.0,0.0,0.0,0.0,0.23543932455286207,0.23543932455286207,0.23543932455286207,0.23543932455286207
428,424,432,8,0.5,0.5000336512101424,0.5,12.521971963057045,47.1305003733382,0.058316609585082474,0.29290114898474784,0.05286675645874443,0.0026896494661658816,0.0019128788276237304,0.05316406129208383,0.05346399045941924,0.05407154673140148,0.05170467988324268,0.627226940274487,0.2745661033626287,0.026535970260471074,0.02580674087165913,0.02610070491175809,0.02605545652751789,0.24803013310215763,0.24875936249096958,0.24846539845087062,0.24851064683511082
429,424,432,8,0.625,0.6250303982598286,0.375,12.521971963057045,47.1305003733382,0.058316609585082474,0.20993383183163858,0.05343723373415768,0.0029065706574015657,0.0012348896740292296,0.05363011400635416,0.05382407385709006,0.05421518588219987,0.052676744613639165,0.6114927443281639,0.19235901815289183,0.033102274650220635,0.033012082479250075,0.03299404471749849,0.032986037904513765,0.1592567435026712,0.15934693567364175,0.15936497343539335,0.15937298024837807
431,424,432,8,0.875,0.8750131239719555,0.125,12.521971963057045,47.1305003733382,0.058316609585082474,0.08071558034321222,0.05556525143265175,0.0009280995591729893,0.0001379233785177601,0.05554408672198535,0.05552293535686288,0.05548067272429319,0.05565004342607621,0.6849852845928568,0.08829157256630128,0.028103513003992466,0.027941486437953317,0.027966901581485865,0.028027065102442596,0.06018805956230881,0.06035008612834797,0.06032467098481542,0.06026450746385868
433,432,444,12,0.08333333333333333,0.08334754635389643,0.08333333333333333,14.755386832746568,37.03678450256299,0.1449788008096309,0.34137134904616484,0.05055075179256926,0.003742809378095583,0.0004900691085694698,0.05047359970127528,0.050396627345306075,0.050243225141653976,0.05086114112380204,0.8946665686063869,0.35158569102382126,0.0,0.0,0.0,0.0,0.35158569102382126,0.35158569102382126,0.35158569102382126,0.35158569102382126
434,432,444,12,0.16666666666666666,0.16669509270779287,0.16666666666666666,14.755386832746568,37.03678450256299,0.1449788008096309,0.6667203756709155,0.050069463266555585,0.008570217165393247,0.0016095964174649472,0.04980477395283107,0.04954193895340253,0.049021950991753764,0.05114618486083047,1.3346684226669252,0.8403526361422469,0.218827549934939,0.2188447527675791,0.21880976069946695,0.21890988520099772,0.6215250862073078,0.6215078833746678,0.6215428754427799,0.6214427509412491
436,432,444,12,0.3333333333333333,0.3333782165561642,0.3333333333333333,14.755386832746568,37.03678450256299,0.1449788008096309,0.6957820865276175,0.054748404454357906,0.017504161044689565,0.005843799037853498,0.053607184721096046,0.05248182033375819,0.050282901014053985,0.05945338863846531,1.5617057474997766,0.8905368745407168,0.24104728227766728,0.2425346691574516,0.24163381760016467,0.2417540876222656,0.6494895922630496,0.6480022053832653,0.6489030569405522,0.6487827869184513
437,432,444,12,0.4166666666666667,0.41671439249361014,0.4166666666666667,14.755386832746568,37.03678450256299,0.1449788008096309,0.9703214959673663,0.05681649373132819,0.02162304607741412,0.006930437235958473,0.055490887357758575,0.05418825582740229,0.05165883912217503,0.062318971276461764,1.8490477165236021,1.1768287024296942,0.2029128419538189,0.2039361372212291,0.20332896684718607,0.20334784906382783,0.9739158604758753,0.972892565208465,0.9734997355825081,0.9734808533658663
438,432,444,12,0.5,0.500049969988085,0.5,14.755386832746568,37.03678450256299,0.1449788008096309,1.2082342770714694,0.055505638165393646,0.02092155672256944,0.006289995689179362,0.05455067446629608,0.05362482454077868,0.051866653726608425,0.05958800264347761,2.0501743124999443,1.368359075992141,0.17129256015801644,0.1716563274276238,0.17149727379597435,0.171409068660436,1.1970665158341245,1.1967027485645172,1.1968618021961666,1.196950007331705
439,432,444,12,0.5833333333333334,0.5833813583817623,0.41666666666666663,14.755386832746568,37.03678450256299,0.1449788008096309,1.3063134113246968,0.05211346866211492,0.018393916504154832,0.004799606741930282,0.05190338939860742,0.051720301374212796,0.05143620947270612,0.05321668945761968,2.1008550542837563,1.4206547758423032,0.13514669150004874,0.13512720734726652,0.1352335827771072,0.13515931515648297,1.2855080843422544,1.2855275684950367,1.285421193065196,1.2854954606858202
441,432,444,12,0.75,0.750036355410493,0.25,14.755386832746568,37.03678450256299,0.1449788008096309,1.1793720873277647,0.046233625164837845,0.012209435339419773,0.004145129788227614,0.046901082049896035,0.04758174714782554,0.04898048874681739,0.04370780383193432,1.7598053445212163,1.2036132661313268,0.02484821968265861,0.025634094237073104,0.02460161356776063,0.02608997494165523,1.178765046448668,1.1779791718942536,1.179011652563566,1.1775232911896716
442,432,444,12,0.8333333333333334,0.8333611609314885,0.16666666666666663,14.755386832746568,37.03678450256299,0.1449788008096309,0.8526934242967753,0.04785218698796735,0.009106547617652169,0.002873771864363082,0.04831274604513984,0.048779538557718986,0.04973111949917097,0.046075985956664775,1.3778453394660162,0.7959289546485884,0.1042782213680688,0.10503667206109027,0.10425224141958142,0.10494985802193835,0.6916507332805195,0.6908922825874981,0.6916767132290069,0.69097909662665
443,432,444,12,0.9166666666666666,0.9166805804657442,0.08333333333333337,14.755386832746568,37.03678450256299,0.1449788008096309,0.35720407918007424,0.05039787845397827,0.004814052332147193,0.0011002745611704665,0.05056982670299671,0.05074268339764855,0.05109108519283012,0.04971935767246825,1.0916420559591051,0.3660611558871401,0.1381626236885493,0.1385286392656826,0.13812875067449448,0.13849674473144608,0.2278985321985908,0.22753251662145751,0.22793240521264563,0.22756441115569404
446,444,447,3,0.6666666666666666,0.6666690610102693,0.33333333333333337,2.861949490017684,28.741428115290354,0.06953768943979775,0.13040268432886176,0.051579877894715305,0.003909840063376206,0.0,0.051579877894715305,0.051579877894715305,0.051579877894715305,0.051579877894715305,0.634356813817234,0.20297919486544974,0.1019329970040639,0.10191802480690113,0.10191102319994105,0.10194487274214348,0.10104619786138584,0.10106117005854862,0.10106817166550869,0.10103432212330626
448,447,471,24,0.041666666666666664,0.04168365556652085,0.041666666666666664,10.550425797769588,13.23763902363155,0.13048569364877596,0.5934253354507453,0.054641036422611235,0.0037896391709582042,0.0023545033215934567,0.054579993123672926,0.05452523634207984,0.05443465603756394,0.054947623392910684,1.3958065866728764,0.6196076829940453,0.10254241005788856,0.10252481256415927,0.10250672396989027,0.10250887587011545,0.5170652729361568,0.5170828704298861,0.5171009590241551,0.5170988071239299
449,447,471,24,0.08333333333333333,0.08336431969066092,0.08333333333333333,10.550425797769588,13.23763902363155,0.13048569364877596,1.1134392683637067,0.05876374744682072,0.007047280867304499,0.003742370438872429,0.058394897076945174,0.058038785844665826,0.057365721288092926,0.0603617488322513,1.9000199618554003,1.1448194559112943,0.1485011066901258,0.14850753119637353,0.14845605452572969,0.1484611586369609,0.9963183492211685,0.9963119247149208,0.9963634013855647,0.9963582972743334
451,447,471,24,0.16666666666666666,0.16672325478503644,0.16666666666666666,10.550425797769588,13.23763902363155,0.13048569364877596,1.8354120462277002,0.06287768988429743,0.010569059762599881,0.005100868731741043,0.06221507696003628,0.06157174737513852,0.06034538669508301,0.06570905416021115,2.514115285359637,1.7815220873949977,0.08848288902477772,0.08844210780253485,0.08845231431080217,0.08841401996638076,1.69303919837022,1.693079979592463,1.6930697730841955,1.693108067428617
452,447,471,24,0.20833333333333334,0.20840092746679573,0.20833333333333334,10.550425797769588,13.23763902363155,0.13048569364877596,1.9036423374736748,0.06314080429710571,0.012502010147845388,0.004270544268430074,0.0627323823931465,0.06233957112218603,0.06160196313661677,0.06492453749533343,2.591457947632366,1.82362310219326,0.0957774588551562,0.09520201674316285,0.09565092016641112,0.0954233570007777,1.727845643338104,1.7284210854500972,1.727972182026849,1.7281997451924824
453,447,471,24,0.25,0.2500762069946504,0.25,10.550425797769588,13.23763902363155,0.13048569364877596,1.995876425355631,0.0621881846300213,0.01422011536747311,0.0031425595617476268,0.062215552668976944,0.062252824356086534,0.06235700292141568,0.06217793952047667,2.7021921395310646,1.9139104238635587,0.1265137236517659,0.12668684423824778,0.12666605607070047,0.1266471768712908,1.7873967002117928,1.7872235796253109,1.7872443677928582,1.7872632469922678
454,447,471,24,0.2916666666666667,0.291751187378267,0.2916666666666667,10.550425797769588,13.23763902363155,0.13048569364877596,2.119847330886328,0.06109993225110921,0.014628505222289348,0.0026423061995201904,0.06152473360534977,0.061953665687228536,0.06282358278628841,0.05944379237715814,2.7997465076936523,2.023987910203141,0.11407472868421374,0.11354249195267943,0.11400194068972234,0.11366021344468542,1.9099131815189272,1.9104454182504613,1.9099859695134185,1.9103276967584555
456,447,471,24,0.375,0.37509576354921476,0.375,10.550425797769588,13.23763902363155,0.13048569364877596,2.1598026856076293,0.06330354283222432,0.00973183857860081,0.004910192717127085,0.06398573627759495,0.06468403286689495,0.06612688316410742,0.06074645980023578,2.8325204329117732,2.0340661198048826,0.18340425716946634,0.18366237988918077,0.18343409625303128,0.18348813684099355,1.8506618626354163,1.8504037399157018,1.8506320235518514,1.850577982963889
457,447,471,24,0.4166666666666667,0.41676535933654596,0.4166666666666667,10.550425797769588,13.23763902363155,0.13048569364877596,2.141768098159514,0.06397346613650377,0.007797901124765022,0.007902426524891305,0.06462737253438773,0.06533449498543085,0.06690151173908454,0.061921669519034585,2.813740689165382,2.0115743198283345,0.19426551512513432,0.19467361428260402,0.1943125955106722,0.1945162917228831,1.8173088047032002,1.8169007055457305,1.8172617243176623,1.8170580281054514
458,447,471,24,0.4583333333333333,0.45843465597963906,0.4583333333333333,10.550425797769588,13.23763902363155,0.13048569364877596,2.07566291317537,0.06337450001332927,0.004835508974338401,0.010708205900695865,0.06400675200261599,0.06474360633383626,0.06651672501775682,0.061947648413918525,2.7311191523044958,1.9304815262959232,0.16945781323647163,0.16937562683525867,0.16936747271808733,0.16942389094581348,1.7610237130594515,1.7611058994606645,1.7611140535778358,1.7610576353501097
459,447,471,24,0.5,0.5001012603245895,0.5,10.550425797769588,13.23763902363155,0.13048569364877596,1.9283814594697128,0.06255264656986785,0.005980926642544208,0.0123759167292996,0.06347283030407531,0.06452838286433633,0.06701919467378921,0.06033590440896251,2.5569658457174618,1.7476772013781419,0.1822874248789576,0.1817784403251046,0.18213814482809698,0.18198986542746573,1.5653897764991842,1.5658987610530373,1.5655390565500449,1.5656873359506762
461,447,471,24,0.5833333333333334,0.5834320758605857,0.41666666666666663,10.550425797769588,13.23763902363155,0.13048569364877596,1.327115408847682,0.059998680350108524,0.007091512182647171,0.012444073311800086,0.06118487680632868,0.06250354810673063,0.06550551799963891,0.05673112303036914,1.9769020591282815,1.1609769144536286,0.18507120109794384,0.18387873155932413,0.18477666187892713,0.18421441856445467,0.9759057133556848,0.9770981828943045,0.9762002525747014,0.976762495889174
462,447,471,24,0.625,0.6250953896189172,0.375,10.550425797769588,13.23763902363155,0.13048569364877596,1.1281719837608535,0.06049842290256484,0.007976019354415479,0.012113803863731176,0.061689467564863446,0.06300368777842487,0.06597152640108732,0.05710835788046874,1.7891561961243208,0.9902201511398959,0.1542785809819815,0.15342902823161927,0.15412878286419185,0.1535702498885791,0.8359415701579145,0.8367911229082766,0.8360913682757041,0.8366499012513169
463,447,471,24,0.6666666666666666,0.6667566093675822,0.33333333333333337,10.550425797769588,13.23763902363155,0.13048569364877596,0.9527068900692581,0.0605913784585258,0.005999927589780154,0.012006284711351014,0.06158623787434586,0.0627091150200512,0.065311763917205,0.058011253444240775,1.6165254260269486,0.8086036894161526,0.148434639759375,0.1484112923178234,0.14851506636293468,0.148260703859281,0.6601690496567776,0.6601923970983292,0.6600886230532179,0.6603429855568715
464,447,471,24,0.7083333333333334,0.708417230827771,0.29166666666666663,10.550425797769588,13.23763902363155,0.13048569364877596,0.7498315658358005,0.06017174206244499,0.003689168190765207,0.012068844984031988,0.06094479365347462,0.06185551173101605,0.06406558069514896,0.05855076852057008,1.436026480034433,0.6147571899023744,0.1420411217578761,0.14216461300743574,0.14212984775984042,0.14201710929928044,0.4727160681444983,0.4725925768949386,0.472627342142534,0.4727400806030939
466,447,471,24,0.7916666666666666,0.7917342857288155,0.20833333333333337,10.550425797769588,13.23763902363155,0.13048569364877596,0.46181333377818623,0.05821075055111348,0.001995680379672164,0.011449730144440212,0.05869981782875224,0.05932312185464439,0.06095508390305341,0.0576511348247425,1.1124474777077187,0.34340289711954375,0.1341626393665354,0.1337290224054551,0.1338894312078644,0.1340282059826115,0.20924025775300834,0.20967387471408866,0.20951346591167935,0.20937469113693224
467,447,471,24,0.8333333333333334,0.8333898217369571,0.16666666666666663,10.550425797769588,13.23763902363155,0.13048569364877596,0.3164592432884333,0.05689059670071435,0.0025912608677695743,0.010147694556249871,0.057357108322239954,0.05793106006552852,0.05938824210289315,0.05614328183735523,0.9111450856766401,0.20932095708029577,0.14611092158616013,0.14508823409811572,0.14554575544386836,0.14569996830915902,0.06321003549413565,0.06423272298218005,0.06377520163642741,0.06362098877113675
468,447,471,24,0.875,0.8750450586008606,0.125,10.550425797769588,13.23763902363155,0.13048569364877596,0.1859555948779197,0.05657892115243827,0.0024664525560930983,0.008060349329027758,0.05702482805943183,0.05753789069434981,0.05875821668489477,0.05549557705052293,0.815561662236515,0.0877310759495487,0.13791915617938244,0.13669242845006604,0.13728573652583098,0.13738574750911597,-0.050188080229833745,-0.04896135250051735,-0.049554660576282286,-0.04965467155956728
469,447,471,24,0.9166666666666666,0.9166979023108593,0.08333333333333337,10.550425797769588,13.23763902363155,0.13048569364877596,0.05591612404303434,0.05696281792083766,0.0018348495453315578,0.005525202636039029,0.05731468706859051,0.0576974875109788,0.05855340670500098,0.05587557196613152,0.7513667913810599,0.13253559885211746,0.12467822615316212,0.12398895935780398,0.12430940742919012,0.12439390244127248,0.00785737269895534,0.008546639494313488,0.00822619142292734,0.008141696410844987
472,471,484,13,0.07692307692307693,0.07689941216659937,0.07692307692307693,11.279667432890292,26.13042038259238,0.21009888199446633,0.33759687149265266,0.0559257089828758,0.0021409718237979805,0.0007710785882203768,0.05601440453750755,0.05610362222191587,0.05628361403371497,0.05557619783825498,0.6315017207285228,0.3440901789391464,0.02697831527434118,0.027056520585108386,0.026961803936790707,0.027015839495556936,0.3171118636648052,0.317033658354038,0.3171283750023557,0.3170743394435895
473,471,484,13,0.15384615384615385,0.15379385345975552,0.15384615384615385,11.279667432890292,26.13042038259238,0.21009888199446633,0.6045709800993095,0.05562988025248076,0.0031083799139430485,0.0015855945490503985,0.05581485019547591,0.05600201506678765,0.05638284190436873,0.054912389428485225,0.5193831034246225,0.5728663530652657,0.05524382468774509,0.054786150807535745,0.05493103836908435,0.05503141137608534,0.5176225283775205,0.5180802022577299,0.5179353146961814,0.5178349416891803
474,471,484,13,0.23076923076923078,0.2306882947529117,0.23076923076923078,11.279667432890292,26.13042038259238,0.21009888199446633,0.7458467361132087,0.05639464548885321,0.0032412202398445053,0.002636582079107241,0.05670798980666809,0.057027231404350995,0.05768301297615526,0.055202221184833734,0.4169583918421818,0.7115575821205299,0.06353570895456093,0.06186129577832202,0.06256517648902359,0.06276317311012604,0.6480218731659689,0.6496962863422079,0.6489924056315063,0.6487944090104039
476,471,484,13,0.38461538461538464,0.3844650263152517,0.38461538461538464,11.279667432890292,26.13042038259238,0.21009888199446633,0.9454427607748281,0.05567628548060618,0.004665631898484442,0.0047031496022473885,0.056120894386453686,0.05658644502507324,0.05757831678960315,0.05411722644291977,0.2975236557118411,0.9350004329613721,0.08966696047952434,0.08682988841930359,0.08808126698411314,0.08839036445800816,0.8453334724818478,0.8481705445420685,0.846919165977259,0.846610068503364
477,471,484,13,0.46153846153846156,0.46135283977715025,0.46153846153846156,11.279667432890292,26.13042038259238,0.21009888199446633,1.0074243577287525,0.055353348587029914,0.005196588283470812,0.005211004512260495,0.05584823388192794,0.05636888837530105,0.0574846695872078,0.05364520759674289,0.32594370263240446,0.983671399187663,0.07047026420143106,0.06852898597031644,0.06938253531114981,0.06949947004660692,0.9132011349862319,0.9151424132173466,0.9142888638765132,0.914171929141056
478,471,484,13,0.5384615384615384,0.5383113501057968,0.46153846153846156,11.279667432890292,26.13042038259238,0.21009888199446633,0.9980034565696051,0.05629034219462415,0.004667034545585331,0.004983327058114262,0.056750657328133246,0.057234393362151734,0.05826976674883122,0.054694667280721566,0.2998879276723256,0.9836401237951664,0.05103433858148571,0.05092026543848694,0.0510454114252789,0.05073060602475182,0.9326057852136806,0.9327198583566795,0.9325947123698876,0.9329095177704145
479,471,484,13,0.6153846153846154,0.6152648895610001,0.3846153846153846,11.279667432890292,26.13042038259238,0.21009888199446633,0.9492015604340188,0.05825701519445757,0.0033969617698001017,0.004067597489409448,0.058609197313176334,0.05897681212721953,0.059757188627640304,0.05700814630144394,0.2273489478997555,0.9357418670872123,0.05807016393645012,0.05937679650878273,0.058983055249552906,0.05830759656045139,0.8776717031507622,0.8763650705784296,0.8767588118376594,0.8774342705267609
481,471,484,13,0.7692307692307693,0.769166445278692,0.23076923076923073,11.279667432890292,26.13042038259238,0.21009888199446633,0.6033151192676562,0.05968303078952814,0.004667388864456685,0.0015458503739652128,0.05978119085700537,0.0598816842032015,0.06008962363411411,0.05931395086078334,0.3484619105944606,0.5695905010085293,0.025729711995367,0.028070416834588746,0.02730090199436694,0.026406078348864624,0.5438607890131623,0.5415200841739405,0.5422895990141623,0.5431844226596646
482,471,484,13,0.8461538461538461,0.8461144615411806,0.15384615384615385,11.279667432890292,26.13042038259238,0.21009888199446633,0.37652318900869197,0.05981388210897716,0.005223160926879241,0.00048616416550807917,0.059823056698634275,0.05983247677506658,0.059852052921592264,0.05977964083327872,0.5562555314589533,0.34477553259294846,0.04222421421153713,0.044139055714933186,0.04343458195754375,0.04294081583031822,0.30255131838141136,0.30063647687801526,0.3013409506354047,0.30183471676263024
483,471,484,13,0.9230769230769231,0.923057506930226,0.07692307692307687,11.279667432890292,26.13042038259238,0.21009888199446633,0.18580348941901514,0.059487340942834976,0.004005355922886215,0.00033065622210271813,0.05944049218915866,0.0593937215336933,0.059300415256247095,0.05967551325635388,0.7093115299342782,0.19370101163989645,0.05100889641839853,0.05194353471939801,0.05160268618952892,0.05133858377434551,0.1426921152214979,0.14175747692049845,0.14209832545036752,0.14236242786555092
486,484,507,23,0.08695652173913043,0.08698789440143777,0.08695652173913043,12.640315656037401,16.553776576873656,0.34938141599342964,0.8197930711105845,0.05184280841433836,0.0070538713210541466,0.00263419776695265,0.05226996125145825,0.052701881265344884,0.05357956039820537,0.05018428311590676,1.7107888888125913,0.8253026698757795,0.03717412956090406,0.03714083513766436,0.037072539170567555,0.03712440648571068,0.7881285403148754,0.7881618347381152,0.788230130705212,0.7881782633900688
487,484,507,23,0.13043478260869565,0.13047887538549108,0.13043478260869565,12.640315656037401,16.553776576873656,0.34938141599342964,1.1067356401615234,0.05020309714745097,0.010232827821452233,0.0029014420701506827,0.05077819412311248,0.051357096192964566,0.05252581154626406,0.047943485271432155,1.9707542633498125,1.083534073523128,0.0,0.0,0.0,0.0,1.083534073523128,1.083534073523128,1.083534073523128,1.083534073523128
488,484,507,23,0.17391304347826086,0.17396954413621116,0.17391304347826086,12.640315656037401,16.553776576873656,0.34938141599342964,1.263006551746209,0.04986223188197307,0.013249945441669167,0.0034254604178979497,0.050382471903625575,0.050911801228908385,0.051996612678417896,0.047878013373813526,2.0929000415770287,1.2042062399570723,0.05370932427810925,0.056469501890120156,0.05489791009866391,0.055317136100800884,1.150496915678963,1.147736738066952,1.1493083298584084,1.1488891038562714
489,484,507,23,0.21739130434782608,0.2174574027869323,0.21739130434782608,12.640315656037401,16.553776576873656,0.34938141599342964,1.3361030589150822,0.049725904525989205,0.016685126199055544,0.0055357832850629896,0.050003143220461434,0.05031693248794645,0.05105138839791636,0.04899363935919686,2.15907250396738,1.2651483708534903,0.09973849900991695,0.10228496832793735,0.10084942797698244,0.10125041548691792,1.1654098718435733,1.1628634025255529,1.1642989428765078,1.1638979553665725
491,484,507,23,0.30434782608695654,0.30443062222170875,0.30434782608695654,12.640315656037401,16.553776576873656,0.34938141599342964,1.2829158220331005,0.05182772421265088,0.028386104908920545,0.014591377859879092,0.050866208144970816,0.05015219639770164,0.049505825555075156,0.057855128086758176,2.0800599942529687,1.2038122182383848,0.12711412053786683,0.12796264496926663,0.12730142469707934,0.12755376988200223,1.076698097700518,1.0758495732691182,1.0765107935413054,1.0762584483563826
492,484,507,23,0.34782608695652173,0.3479156707724309,0.34782608695652173,12.640315656037401,16.553776576873656,0.34938141599342964,1.2666080671859627,0.05479194118308802,0.037260472760023276,0.019931528547504563,0.05261192806881896,0.050828450304983765,0.04861624026311994,0.06659809667235653,2.0732174883446706,1.2772356188691316,0.18990071142075382,0.18843371974549725,0.18918063183643752,0.18890750972131493,1.0873349074483778,1.0888018991236343,1.088054987032694,1.0883281091478167
493,484,507,23,0.391304347826087,0.39139728475648766,0.391304347826087,12.640315656037401,16.553776576873656,0.34938141599342964,1.4460676216552246,0.05810853940561091,0.04209570154658461,0.024472170192616775,0.05488144279272919,0.05217474545612868,0.04865438656419775,0.07472435747225453,2.228874799485616,1.4928842444787376,0.06689458905470659,0.06669451453672881,0.06586234338966819,0.06742041683198689,1.425989655424031,1.4261897299420088,1.4270219010890695,1.4254638276467506
494,484,507,23,0.43478260869565216,0.4348792109738776,0.43478260869565216,12.640315656037401,16.553776576873656,0.34938141599342964,1.6185884730293167,0.06235153431955406,0.044868878649665975,0.02769833572027545,0.058317447796217704,0.05486378886055676,0.050159303475083475,0.08242492063839499,2.398046383649485,1.6281521454440846,0.1655612343924615,0.16772193747437344,0.16553329162873978,0.16784852152606217,1.462590911051623,1.4604302079697111,1.4626188538153448,1.4603036239180225
496,484,507,23,0.5217391304347826,0.5218371309753264,0.4782608695652174,12.640315656037401,16.553776576873656,0.34938141599342964,1.7344610310376747,0.06615890509549581,0.04084507290615572,0.03031147330978027,0.061733911407679164,0.0579654991242526,0.05293760630324505,0.08825634319509999,2.6487230161171573,1.7984752330710434,0.2512305828415227,0.25324914453428155,0.2510731474716808,0.2535374733545588,1.5472446502295207,1.545226088536762,1.5474020855993627,1.5449377597164846
497,484,507,23,0.5652173913043478,0.5653131247593852,0.4347826086956522,12.640315656037401,16.553776576873656,0.34938141599342964,1.8162784885518957,0.06713772494765026,0.04119333311362839,0.030168569013610154,0.06265603333971863,0.05880349255044839,0.053509799469624406,0.08928569143861276,2.7438946857421933,1.874682391777223,0.11454196232903237,0.11535313451449315,0.1142348107978065,0.11581345679959294,1.7601404294481906,1.75932925726273,1.7604475809794167,1.75886893497763
498,484,507,23,0.6086956521739131,0.6087888063101108,0.3913043478260869,12.640315656037401,16.553776576873656,0.34938141599342964,1.8560337195969636,0.0653376988700541,0.04047099855250454,0.02928078457250602,0.06106057755888431,0.0574016020086801,0.052436200332238725,0.08662103308289529,2.8267456847827677,1.9480930276455672,0.08600127638690377,0.08620714485489095,0.08617564987631089,0.08602302337358887,1.8620917512586634,1.8618858827906763,1.8619173777692564,1.8620700042719784
499,484,507,23,0.6521739130434783,0.6522623022275038,0.34782608695652173,12.640315656037401,16.553776576873656,0.34938141599342964,1.9065614948828695,0.06581137844040069,0.042131138808415076,0.0277284447418936,0.061812067285578816,0.0583646650207447,0.053536567294177426,0.08563786733925473,2.847016613579336,1.9697845240508276,0.06575625973585807,0.06615855976790126,0.06546099955190499,0.06650787075882165,1.9040282643149695,1.9036259642829263,1.9043235244989227,1.903276653292006
501,484,507,23,0.7391304347826086,0.7392052350289581,0.26086956521739135,12.640315656037401,16.553776576873656,0.34938141599342964,1.8408851669631654,0.06281800980946181,0.0348686658144121,0.02232892128001044,0.060206566423307906,0.05801621769158906,0.05509038969564941,0.07651414984878667,2.7074382529012704,1.8276537514900646,0.14793022654674626,0.14821579465101778,0.1468486650435029,0.14943901707428472,1.6797235249433182,1.6794379568390467,1.6808050864465618,1.6782147344157798
502,484,507,23,0.782608695652174,0.7826749841463525,0.21739130434782605,12.640315656037401,16.553776576873656,0.34938141599342964,1.6341348910133378,0.06167513285059279,0.027531114752339887,0.01831074049055582,0.05983335941085951,0.058293654773087816,0.05621494436647505,0.07154083092036057,2.514446466647847,1.609639359804156,0.29104419030809897,0.2911953869687791,0.2901259530687993,0.2922310089329089,1.3185951694960572,1.318443972835377,1.3195134067353567,1.317408350871247
503,484,507,23,0.8260869565217391,0.8261422353970812,0.17391304347826086,12.640315656037401,16.553776576873656,0.34938141599342964,1.35107774010362,0.06215745745071678,0.020539068354853363,0.013877609036092439,0.060866420799543804,0.059749195385598614,0.05807475525557148,0.06884473763911135,2.2916550316395217,1.3770952134101746,0.3040054523066938,0.304007422196442,0.3031770822693464,0.3049337674160727,1.0730897611034809,1.0730877912137327,1.0739181311408281,1.072161445994102
504,484,507,23,0.8695652173913043,0.8696088621811434,0.13043478260869568,12.640315656037401,16.553776576873656,0.34938141599342964,1.112059655454985,0.06215291277276776,0.017006258790140266,0.009486294940753929,0.06118001737494815,0.060284767643423005,0.05874109932028189,0.06674902221253347,2.080327134974434,1.1824990839811582,0.24625610894775235,0.24602900051253576,0.24543433341642237,0.24692664574771228,0.9362429750334058,0.9364700834686225,0.9370647505647358,0.9355724382334459
506,484,507,23,0.9565217391304348,0.9565374322492696,0.04347826086956519,12.640315656037401,16.553776576873656,0.34938141599342964,0.48230072999049634,0.06077194141211888,0.004259148127857742,0.002468739324308819,0.060541149279940226,0.06031578966991517,0.059881611876589955,0.06174819538059583,1.388184927421395,0.4786595596575455,0.03633245853183381,0.03588522188494889,0.03574355448695332,0.03649026222637462,0.44232710112571166,0.44277433777259656,0.44291600517059215,0.44216929743117084
508,507,534,27,0.037037037037037035,0.03701421808454193,0.037037037037037035,6.359455875773133,7.041067044669618,0.252393548894369,0.27552193054031293,0.06261255099243099,0.0018445479355595647,0.0006590926523561096,0.06255375879066445,0.062495345717037507,0.06237966120753243,0.06285148969946373,0.7815143506964393,0.29083609115845366,0.09530217593349946,0.0951654366991561,0.09523509168749757,0.09522101168032539,0.1955339152249542,0.19567065445929754,0.1956009994709561,0.19561507947812828
509,507,534,27,0.07407407407407407,0.07402870014154203,0.07407407407407407,6.359455875773133,7.041067044669618,0.252393548894369,0.5043611690684109,0.06296047157291773,0.0032591690698285975,0.0016858974005486828,0.06272764434534846,0.062496792164114245,0.06204110094080711,0.0639110964974886,0.5698880499651497,0.487715453231351,0.133299026627908,0.13339453859585643,0.13335148470547034,0.1333091986730156,0.354416426603443,0.3543209146354946,0.3543639685258807,0.3544062545583354
511,507,534,27,0.14814814814814814,0.14806452753945465,0.14814814814814814,6.359455875773133,7.041067044669618,0.252393548894369,0.8813056598988368,0.06478100001882217,0.010614508291621335,0.005237471900297236,0.0639961113577931,0.06322859687979598,0.061748267338363874,0.06808208010482662,0.39298850042979216,0.990142034882002,0.19252515152532118,0.1927526426518478,0.19262258901187748,0.1925951533614379,0.7976168833566808,0.7973893922301543,0.7975194458701246,0.7975468815205642
512,507,534,27,0.18518518518518517,0.18508613685282532,0.18518518518518517,6.359455875773133,7.041067044669618,0.252393548894369,1.1929088796545109,0.0645098973214407,0.010706288230475255,0.007090393326110206,0.06350856292832732,0.06254144615940452,0.060716348389507235,0.06882678329057323,0.6262303312114929,1.3039381999557333,0.1652845226092118,0.1663512459504481,0.16588055792481898,0.1656960352309885,1.1386536773465215,1.1375869540052852,1.1380576420309143,1.138242164724745
513,507,534,27,0.2222222222222222,0.22210801013865417,0.2222222222222222,6.359455875773133,7.041067044669618,0.252393548894369,1.5081592220841147,0.0649892818698369,0.011296694140054185,0.00859584713528746,0.06383369420062002,0.06273045788240394,0.060692324294770915,0.07008161287783747,0.9017423572532356,1.6634574536824729,0.16756940599674094,0.16777017606408345,0.16759282788452207,0.16768794270995557,1.495888047685732,1.4956872776183894,1.4958646257979509,1.4957695109725173
514,507,534,27,0.25925925925925924,0.2591327871215229,0.25925925925925924,6.359455875773133,7.041067044669618,0.252393548894369,1.8851036118006645,0.06361082229668033,0.011612301891690187,0.009620812847038486,0.06230590483605561,0.06106787082090841,0.058809123440647516,0.06942103792322508,1.221985760260861,2.0524118540107805,0.1773029428675364,0.1775274995998213,0.1773357257441934,0.1774302669519084,1.8751089111432442,1.8748843544109592,1.875076128266587,1.8749815870588722
516,507,534,27,0.3333333333333333,0.3331868286190492,0.3333333333333333,6.359455875773133,7.041067044669618,0.252393548894369,2.5683663510107504,0.06316284075148544,0.012413887973511537,0.010059745230590424,0.061629572189768146,0.06016239435106699,0.05744634168823335,0.06986704286315931,1.7801043622981758,2.658784003611499,0.14089445255381944,0.14088298758196605,0.14068112096913074,0.1409487799986889,2.5178895510576793,2.517901016029533,2.5181028826423684,2.51783522361281
517,507,534,27,0.37037037037037035,0.3702160931337068,0.37037037037037035,6.359455875773133,7.041067044669618,0.252393548894369,2.7543058297964493,0.06247924282824759,0.012382616524001817,0.009123999486199269,0.06101726189196124,0.05960673312656308,0.056955185602046585,0.06877436393793138,1.930026449251519,2.815771382113465,0.11999163543317343,0.12028329695107161,0.11998117762659032,0.12012008813494077,2.6957797466802917,2.6954880851623937,2.6957902044868747,2.6956512939785244
518,507,534,27,0.4074074074074074,0.40724826134540426,0.4074074074074074,6.359455875773133,7.041067044669618,0.252393548894369,2.901181555768107,0.06300898314422855,0.011360109700041405,0.0074725684543249975,0.061746690673875525,0.06051574647473165,0.05815581506238699,0.06833625426358964,2.0758186361068955,2.9654281676658223,0.08206318637880215,0.08267080599090602,0.08227024623995405,0.08227796386200716,2.8833649812870203,2.8827573616749165,2.8831579214258682,2.8831502038038153
519,507,534,27,0.4444444444444444,0.44428095750201807,0.4444444444444444,6.359455875773133,7.041067044669618,0.252393548894369,3.065142575318795,0.060476150061880944,0.006335423226034843,0.0058896345596958985,0.05941372399685647,0.05836910523939884,0.05633723514880942,0.06488621563086873,2.2682522535859726,3.177054703806957,0.11352341888364309,0.11233769312809219,0.1125455404959536,0.11327602882075169,3.063531284923314,3.064717010678865,3.0645091633110035,3.0637786749862057
521,507,534,27,0.5185185185185185,0.518353213099158,0.4814814814814815,6.359455875773133,7.041067044669618,0.252393548894369,3.274924407644745,0.058687183359339395,0.010373181961140473,0.007544248136633909,0.05779098940258274,0.05694318116859583,0.05540148114012732,0.0627126640215497,2.22462847529052,3.15881016641614,0.2544576074423439,0.2527343003026051,0.25328518407261874,0.25401731804991495,2.904352558973796,2.9060758661135346,2.905524982343521,2.904792848366225
522,507,534,27,0.5555555555555556,0.5553925085672261,0.4444444444444444,6.359455875773133,7.041067044669618,0.252393548894369,3.064246673564629,0.05835792524689943,0.012764961815525363,0.008428247778052114,0.057614900817771514,0.05694019295222512,0.05580538852167076,0.06196066664753747,2.087579898953115,3.0031212383040446,0.07377689068638686,0.07239034920556159,0.07280253633792046,0.07341363815871345,2.9293443476176577,2.930730889098483,2.930318701966124,2.9297076001453313
523,507,534,27,0.5925925925925926,0.5924325959526687,0.40740740740740744,6.359455875773133,7.041067044669618,0.252393548894369,3.027337837875305,0.057196391933656256,0.013398706155991738,0.008418389179995957,0.05651208522908477,0.055898684807412925,0.054893836761165785,0.06059092125778471,2.0714778092857578,3.0147229120908454,0.09155044354552389,0.09215144533428665,0.09195889715031777,0.09153539707288388,2.9231724685453218,2.9225714667565588,2.922764014940528,2.9231875150179616
524,507,534,27,0.6296296296296297,0.6294758510076093,0.37037037037037035,6.359455875773133,7.041067044669618,0.252393548894369,3.0505865979267166,0.058429440438784765,0.009679901659831113,0.007108482822866503,0.05778782605593835,0.05719425221609775,0.05615719657487541,0.061444522529805444,2.0979293804900205,3.0561778729072713,0.1314137023047267,0.13369837393665937,0.13307271332067233,0.13187428390759573,2.9247641706025447,2.922479498970612,2.923105159586599,2.9243035889996754
526,507,534,27,0.7037037037037037,0.7035660567319049,0.2962962962962963,6.359455875773133,7.041067044669618,0.252393548894369,2.754911662952484,0.06156145326603035,0.005875789186446932,0.0045805114553612285,0.061031988949181416,0.0605195626025953,0.059547568628698956,0.06384100795920326,1.7261015515803704,2.6270469862298342,0.15648244128108055,0.15750952234468485,0.15728201156034116,0.15661029457914305,2.4705645449487537,2.4695374638851493,2.469764974669493,2.4704366916506912
527,507,534,27,0.7407407407407407,0.7406132713737179,0.2592592592592593,6.359455875773133,7.041067044669618,0.252393548894369,2.4175313647373886,0.0624835317155301,0.004783044086872267,0.0035694883360305085,0.062197507277044074,0.06192302272323984,0.06140928573278331,0.06373982735341227,1.398768191275234,2.3010533548266277,0.12901702579007818,0.1280736806582379,0.1283674549087823,0.12873348493657505,2.1720363290365494,2.1729796741683898,2.1726858999178456,2.1723198698900528
528,507,534,27,0.7777777777777778,0.7776636536850291,0.2222222222222222,6.359455875773133,7.041067044669618,0.252393548894369,2.040582647478408,0.05963232854247208,0.007431901353562737,0.0026954138979716226,0.059645492831179404,0.059666265005959084,0.05973059835767667,0.059655807318242965,1.0641076510497545,1.9713018819036836,0.14570237345939477,0.1449528081818029,0.1452117938348118,0.14548486215040723,1.8255995084442889,1.8263490737218806,1.8260900880688717,1.8258170197532764
529,507,534,27,0.8148148148148148,0.8147148279137147,0.18518518518518523,6.359455875773133,7.041067044669618,0.252393548894369,1.624130936853654,0.05985610037413814,0.008099685687669984,0.0027295990056266537,0.060125514503476744,0.06040143686584099,0.060972450781341885,0.05884528163903778,0.7652160845993595,1.6066169312696783,0.16784180276040203,0.16667791851967942,0.1670132484786834,0.16755372435854746,1.4387751285092762,1.439939012749999,1.4396036827909948,1.4390632069111309
531,507,534,27,0.8888888888888888,0.888823247737624,0.11111111111111116,6.359455875773133,7.041067044669618,0.252393548894369,1.1270414507439688,0.06146063319219151,0.008688585591476967,0.003194416933178641,0.0617739402477686,0.06209593781019395,0.06276546584262226,0.06029696311933796,0.7730627087950778,1.1422720260868964,0.0,0.0,0.0,0.0,1.1422720260868964,1.1422720260868964,1.1422720260868964,1.1422720260868964
532,507,534,27,0.9259259259259259,0.9258807573053058,0.07407407407407407,6.359455875773133,7.041067044669618,0.252393548894369,0.7838203982646902,0.06227633857904056,0.006886978016235184,0.002286249997494529,0.06244219288826536,0.06261282557081022,0.06296826958584531,0.06166145957637547,0.6612374930566961,0.7622273110601341,0.06640859394982196,0.06691312972061826,0.06678571815025797,0.06651634381750825,0.6958187171103121,0.6953141813395158,0.6954415929098761,0.6957109672426258
533,507,534,27,0.9629629629629629,0.9629387948179039,0.03703703703703709,6.359455875773133,7.041067044669618,0.252393548894369,0.3824348129285989,0.06496170647796966,0.0015472612747804856,0.0009896967846021217,0.06499557507382542,0.0650303674239224,0.06510271742341935,0.06483549799760224,0.7696964790556288,0.3947592374456279,0.060810722795711786,0.06099770266837724,0.060970354004522706,0.06082970295521086,0.33394851464991615,0.3337615347772507,0.3337888834411052,0.33392953449041707
536,534,553,19,0.10526315789473684,0.10524323528166166,0.10526315789473684,10.3121716859783,16.2102072398051,0.03399329816395077,0.18663851841131743,0.06328169310352623,0.0034993768105780446,0.0010890102676343364,0.06350836076281155,0.06373538526148831,0.06419048962652688,0.06237866856811332,1.2227522729032037,0.29199404138736834,0.11728111168779148,0.1167753504847898,0.11703885271634827,0.11703374926070041,0.17471292969957686,0.17521869090257852,0.17495518867102006,0.17496029212666792
537,534,553,19,0.15789473684210525,0.157863353795172,0.15789473684210525,10.3121716859783,16.2102072398051,0.03399329816395077,0.42506125168535996,0.06158450603274854,0.006781064822546798,0.001993656007460588,0.06187086485257403,0.06215990094062112,0.06274585658620022,0.0604665988493767,1.2865077440185237,0.5394022720967938,0.11704854162315509,0.11638826850145434,0.11673153282879116,0.11672646497061737,0.4223537304736387,0.42301400359533947,0.42267073926800264,0.4226758071261765
538,534,553,19,0.21052631578947367,0.21047447754475926,0.21052631578947367,10.3121716859783,16.2102072398051,0.03399329816395077,0.5834907308950034,0.0622964511078863,0.007012648345346128,0.002506352949987661,0.06253709049133722,0.06278306124461375,0.06329074687825606,0.06138844037021042,1.292686455517172,0.6458631377255154,0.06305886363282562,0.06207134148700178,0.06257569073320263,0.06256574275823522,0.5828042740926898,0.5837917962385136,0.5832874469923128,0.5832973949672802
539,534,553,19,0.2631578947368421,0.26308710042166705,0.2631578947368421,10.3121716859783,16.2102072398051,0.03399329816395077,0.5572482987822251,0.06365130190307232,0.007188090513208184,0.002366974486102531,0.06367992209957699,0.06371402549115507,0.06379864527345334,0.06359177985887726,1.229507251327524,0.5600353003990418,0.013148634030297108,0.012427133354253848,0.012762319409820175,0.012737081163834582,0.5468866663687447,0.547608167044788,0.5472729809892216,0.5472982192352073
541,534,553,19,0.3684210526315789,0.36832284006672616,0.3684210526315789,10.3121716859783,16.2102072398051,0.03399329816395077,0.18583098865455877,0.0672377682331856,0.004085060265169354,0.0023422782114679527,0.06680731161560267,0.06637922925909416,0.06553037319207919,0.0689824447066488,1.102887444423808,0.16860085823172258,0.0,0.0,0.0,0.0,0.16860085823172258,0.16860085823172258,0.16860085823172258,0.16860085823172258
542,534,553,19,0.42105263157894735,0.42094633161670764,0.42105263157894735,10.3121716859783,16.2102072398051,0.03399329816395077,0.17300765165195944,0.06784053565704026,0.0039759219337345275,0.0023347303056250224,0.06731578809847204,0.06679201858832104,0.06574750716773277,0.06994886552973707,1.1000467956102447,0.15837344248282242,0.0,0.0,0.0,0.0,0.15837344248282242,0.15837344248282242,0.15837344248282242,0.15837344248282242
543,534,553,19,0.47368421052631576,0.4735713222940096,0.47368421052631576,10.3121716859783,16.2102072398051,0.03399329816395077,0.20737276591313578,0.06760355441676331,0.004357167044153554,0.0019570039079218125,0.06715229754061837,0.06670157639234717,0.06580178530112826,0.0694137300491482,1.1154786452664847,0.17379449856717152,0.03824199795866958,0.03746753637104634,0.037868829612887206,0.037878718104548056,0.13555250060850194,0.13632696219612517,0.13592566895428432,0.13591578046262348
544,534,553,19,0.5263157894736842,0.5262011851351033,0.4736842105263158,10.3121716859783,16.2102072398051,0.03399329816395077,0.11636570747953574,0.06641691723463157,0.005954790214233794,0.0013012475158997712,0.06612861716540275,0.06584066203420297,0.06526580484297391,0.06757347851263774,1.1325246583746098,0.04073294872415096,0.06735394567684828,0.06630259086771284,0.06684470233947001,0.06685154212659533,-0.026620996952697325,-0.02556964214356188,-0.026111753615319054,-0.026118593402444372
546,534,553,19,0.631578947368421,0.631468406453893,0.368421052631579,10.3121716859783,16.2102072398051,0.03399329816395077,0.08837944585667637,0.065866763829411,0.006924081599825121,0.0010914392467587962,0.06572543466557255,0.06558493616335376,0.06530645255683125,0.0664402806166552,1.1151249282964217,0.11514189640145255,0.02806742314864504,0.026531669454025134,0.027307969272461645,0.027295796936593356,0.08707447325280751,0.08861022694742741,0.08783392712899091,0.08784609946485919
547,534,553,19,0.6842105263157895,0.684105390149759,0.3157894736842105,10.3121716859783,16.2102072398051,0.03399329816395077,0.04296326267060411,0.06706696089032109,0.005468299388061788,0.001187115340903726,0.0668735386598671,0.06668087625455812,0.0662978573899929,0.06784811771367795,1.0964386221643934,0.0565615965208266,0.0,0.0,0.0,0.0,0.0565615965208266,0.0565615965208266,0.0565615965208266,0.0565615965208266
548,534,553,19,0.7368421052631579,0.7367476207912469,0.26315789473684215,10.3121716859783,16.2102072398051,0.03399329816395077,0.05753028173936355,0.06746322077570391,0.004704589252685047,0.0013573385712540304,0.0671672400481155,0.06687167120635312,0.06628179121318564,0.0686511558855962,1.0938518137592144,0.06902334434718356,0.01956566099927093,0.017964196484335306,0.018766476972860203,0.01876729741669067,0.04945768334791263,0.05105914786284825,0.05025686737432336,0.05025604693049289
549,534,553,19,0.7894736842105263,0.7893917253418854,0.21052631578947367,10.3121716859783,16.2102072398051,0.03399329816395077,0.11265749795829542,0.06786124494725228,0.00398983545193064,0.0014087804843767357,0.06752323763811414,0.0671853760820176,0.0665100991128407,0.06921468899365492,1.0849917057322476,0.11728115522552117,0.025364707421974893,0.024002426789730705,0.024689486013539593,0.024683490874842676,0.09191644780354627,0.09327872843579046,0.09259166921198157,0.0925976643506785
551,534,553,19,0.8947368421052632,0.8946893039889154,0.10526315789473684,10.3121716859783,16.2102072398051,0.03399329816395077,0.05767467254019172,0.06814562987162681,0.003106399456349792,0.0007147646908266199,0.06799160717731863,0.067837705471067,0.06753026833087028,0.06876291425971325,1.1322120884415736,0.08105450817235486,0.05429276516768414,0.05385513124175515,0.05408294431727679,0.05407028597611287,0.026761743004670727,0.027199376930599713,0.026971563855078075,0.026984222196241997
552,534,553,19,0.9473684210526315,0.9473439024307975,0.052631578947368474,10.3121716859783,16.2102072398051,0.03399329816395077,0.06469626805148875,0.06847352069544604,0.0028675779647781095,0.00028853786292946536,0.06843110340065112,0.06838873588240871,0.0683041505459747,0.06864368579300553,1.1472344343615017,0.08254543096085981,0.032547062054512056,0.03240348829319756,0.03249868089778857,0.0324567486806556,0.049998368906347755,0.050141942667662254,0.050046750063071244,0.05008868228020421
554,553,568,15,0.06666666666666667,0.06667119017872776,0.06666666666666667,10.599467098145363,21.09477560341175,0.047001652560541285,0.2018200312087473,0.07263491527752076,0.0021411074590964164,0.0005766878097590653,0.07249535263279137,0.07235580806291021,0.07207677356760463,0.07319334453684528,1.047919615300848,0.1946235678618278,0.024752625828549004,0.0247712765038143,0.02476401373954923,0.02476108595849658,0.1698709420332788,0.1698522913580135,0.16985955412227857,0.16986248190333122
556,553,568,15,0.2,0.20002448390444255,0.2,10.599467098145363,21.09477560341175,0.047001652560541285,0.572825883758726,0.0736876065229491,0.004578875904345822,0.0016724930876436173,0.07328894867011877,0.07289050893911131,0.07209429830637445,0.07528434982205708,0.7674596337241884,0.5653782446565593,0.0,0.0,0.0,0.0,0.5653782446565593,0.5653782446565593,0.5653782446565593,0.5653782446565593
557,553,568,15,0.26666666666666666,0.2667056384628853,0.26666666666666666,10.599467098145363,21.09477560341175,0.047001652560541285,0.7032770522493028,0.07441332681859035,0.005803367503734369,0.0017317169521819786,0.07399109621626987,0.07356898997410925,0.07272515923125945,0.07610345142247874,0.6210013861089889,0.6933978051549468,0.03009747116271876,0.028323857812826942,0.02913167016194782,0.02928103719791633,0.663300333992228,0.6650739473421198,0.6642661349929989,0.6641167679570305
558,553,568,15,0.3333333333333333,0.33339248695259377,0.3333333333333333,10.599467098145363,21.09477560341175,0.047001652560541285,0.8357460356257468,0.07276009989958782,0.005477505572664648,0.0016487363940407799,0.07234888038387233,0.07193767190883968,0.07111528884690133,0.07440508470804841,0.5389164285748321,0.8350583647206711,0.02404472616752734,0.02251307503704015,0.023246441634823038,0.02338664873199822,0.8110136385531437,0.8125452896836309,0.811811923085848,0.8116717159886728
559,553,568,15,0.4,0.4000821824079351,0.4,10.599467098145363,21.09477560341175,0.047001652560541285,0.971431258567537,0.07332901416467348,0.004775701999771988,0.0016775890383616157,0.07291285536073089,0.07249673388139319,0.07166460549718395,0.07499401019829531,0.4706537377488454,0.9804695001493116,0.0,0.0,0.0,0.0,0.9804695001493116,0.9804695001493116,0.9804695001493116,0.9804695001493116
561,553,568,15,0.5333333333333333,0.5334734356754213,0.4666666666666667,10.599467098145363,21.09477560341175,0.047001652560541285,1.0931596268900172,0.07253219121339133,0.005388903886321927,0.0016227064006656068,0.07214359003996028,0.07175517787936678,0.07097893300701688,0.07408842653034854,0.4723985687692975,1.0878091397406646,0.0,0.0,0.0,0.0,1.0878091397406646,1.0878091397406646,1.0878091397406646,1.0878091397406646
562,553,568,15,0.6,0.6001764169703825,0.4,10.599467098145363,21.09477560341175,0.047001652560541285,1.0774421402835799,0.07359210459302075,0.0051631478995661706,0.001613586621621162,0.07321969658136702,0.07284761858995789,0.07210447309923698,0.07508493856635012,0.46127718825359026,1.0812520998113715,0.0,0.0,0.0,0.0,1.0812520998113715,1.0812520998113715,1.0812520998113715,1.0812520998113715
563,553,568,15,0.6666666666666666,0.6668817707367045,0.33333333333333337,10.599467098145363,21.09477560341175,0.047001652560541285,1.0135045639260525,0.07327415330178041,0.0058290218582388595,0.00156748088307492,0.07293021442244427,0.07258676142282712,0.0719013409038761,0.0746546331653156,0.5041025253729825,1.008541980440033,0.0,0.0,0.0,0.0,1.008541980440033,1.008541980440033,1.008541980440033,1.008541980440033
564,553,568,15,0.7333333333333333,0.7335923439400202,0.2666666666666667,10.599467098145363,21.09477560341175,0.047001652560541285,0.8755798192047934,0.07352617111711976,0.003836135395547895,0.0011457400991986633,0.07327205541516682,0.07301817897229046,0.07251115391374163,0.07454497754467064,0.5751528485844197,0.884443978013123,0.006886279324619607,0.005301285382431878,0.005929693327513327,0.006332507224891508,0.8775576986885034,0.8791426926306911,0.8785142846856097,0.8781114707882315
566,553,568,15,0.8666666666666667,0.8670234547263662,0.1333333333333333,10.599467098145363,21.09477560341175,0.047001652560541285,0.43062628950088344,0.07190193801063442,0.003908903223681519,0.0002885756206448423,0.07193928323674409,0.07197668139775502,0.07205163619465675,0.07175308810651093,0.8872914970518923,0.4270126631012446,0.017795837996563094,0.017457289506078635,0.017580535245520293,0.017652581158844292,0.4092168251046815,0.409555373595166,0.4094321278557243,0.4093600819424003
567,553,568,15,0.9333333333333333,0.933737823883859,0.06666666666666665,10.599467098145363,21.09477560341175,0.047001652560541285,0.21743714851538584,0.07247094389121106,0.0027262250693082654,0.0002987693609834509,0.07253918356795544,0.07260743594714915,0.07274397866986128,0.07219811292898877,1.044961513969778,0.2330320122888258,0.0,0.0,0.0,0.0,0.2330320122888258,0.2330320122888258,0.2330320122888258,0.2330320122888258
569,568,581,13,0.07692307692307693,0.07692867066913323,0.07692307692307693,11.001538641512255,25.420582658710995,0.12218672649620194,0.1086787649881228,0.07266543420709941,0.000941828601540961,8.22409049752578e-05,0.07264864679358919,0.07263186132007658,0.07259829619842766,0.07273260323425013,1.365536661280437,0.10651638349343379,0.0,0.0,0.0,0.0,0.10651638349343379,0.10651638349343379,0.10651638349343379,0.10651638349343379
571,568,581,13,0.23076923076923078,0.23078491020893405,0.23076923076923078,11.001538641512255,25.420582658710995,0.12218672649620194,0.29142657007371625,0.07175837450561254,0.002912076779627645,0.00028905534067853554,0.07182965484182381,0.0719009371415078,0.07204350760798196,0.0714732729129853,1.5498461236062737,0.2880281409022944,0.0,0.0,0.0,0.0,0.2880281409022944,0.2880281409022944,0.2880281409022944,0.2880281409022944
572,568,581,13,0.3076923076923077,0.30771247907960164,0.3076923076923077,11.001538641512255,25.420582658710995,0.12218672649620194,0.3710599129233631,0.06948848625538522,0.005629319063169844,0.001081289331121327,0.06974601816452822,0.0700036465184189,0.07051918833193835,0.06845934482866106,1.6607234670781827,0.3684366664151542,0.0,0.0,0.0,0.0,0.3684366664151542,0.3684366664151542,0.3684366664151542,0.3684366664151542
573,568,581,13,0.38461538461538464,0.3846367425548723,0.38461538461538464,11.001538641512255,25.420582658710995,0.12218672649620194,0.487664156507457,0.06915730177160105,0.006299468341498951,0.002001137363395115,0.06960903635279023,0.07006143064799096,0.07096814789700909,0.06735722576100639,1.7788418054280601,0.48787681754121,0.05032321194562658,0.04910606613734588,0.04981018274529049,0.04972764060419273,0.43755360559558343,0.4387707514038641,0.4380666347959195,0.43814917693701727
574,568,581,13,0.46153846153846156,0.46156265872784147,0.46153846153846156,11.001538641512255,25.420582658710995,0.12218672649620194,0.5714971805390852,0.06872276229447255,0.006935645800244086,0.0023948087410333744,0.06925862313812232,0.06979550550864719,0.07087224192507026,0.06659002670889784,1.9602103496372354,0.6619064411827457,0.10325568821003028,0.10338519975380665,0.10326390639118779,0.10337679449404702,0.5586507529727154,0.558521241428939,0.5586425347915579,0.5585296466886986
576,568,581,13,0.6153846153846154,0.6154073293837531,0.3846153846153846,11.001538641512255,25.420582658710995,0.12218672649620194,0.6563321979713688,0.07045385981319832,0.005104800848860812,0.002242332810452931,0.0709854247690125,0.07151743286605439,0.07258273949872503,0.06833223810824209,1.9863372052207209,0.7011697344764005,0.04263956067526474,0.042509657190182924,0.0424942552413256,0.042568381612056526,0.6585301738011358,0.6586600772862176,0.658675479235075,0.658601352864344
577,568,581,13,0.6923076923076923,0.6923271856651613,0.3076923076923077,11.001538641512255,25.420582658710995,0.12218672649620194,0.6264366471461582,0.07030685482152356,0.005114245387860733,0.0016646033292004102,0.07070358218244606,0.07110053160838882,0.0718950819404079,0.06872224291347587,1.9300211296174012,0.6449647206715277,0.023897538878380274,0.024389329439470985,0.024048779380737826,0.02409807939245125,0.6210671817931473,0.6205753912320566,0.6209159412907899,0.6208666412790764
578,568,581,13,0.7692307692307693,0.769248143745035,0.23076923076923073,11.001538641512255,25.420582658710995,0.12218672649620194,0.5227405797076367,0.07075512334475507,0.00407977516507556,0.001074130578496242,0.07101074169158365,0.07126645502063776,0.07177816256449797,0.06973362066411605,1.8295000889069124,0.5299250650875704,0.0,0.008524431652613271,0.0036865971755656907,0.005775667847593579,0.5299250650875704,0.5214006334349571,0.5262384679120047,0.5241493972399769
579,568,581,13,0.8461538461538461,0.8461657964295118,0.15384615384615385,11.001538641512255,25.420582658710995,0.12218672649620194,0.39323100961830065,0.06938669878063695,0.004839267694748211,0.0006146987946146822,0.06953221274463965,0.06967776174995022,0.06996896400972952,0.06880499778338102,1.7010984441364083,0.3996613230920047,0.0248875870682188,0.026000308261076122,0.025360265268111384,0.02544467082920025,0.3747737360237859,0.37366101483092856,0.37430105782389334,0.37421665226280443
582,581,606,25,0.04,0.04000046985561108,0.04,9.808277604944792,11.786184179827025,0.10886386349992373,0.3066948366626123,0.07745040278044166,0.0016429111115571291,0.0007228735689444318,0.07761015854337205,0.07777000607995732,0.07808997421947896,0.07681230891269808,1.7074216034038852,0.3334846598604126,0.03595616678220103,0.03546721456063704,0.03572078366741731,0.035707198458596816,0.29752849307821155,0.29801744529977553,0.29776387619299527,0.29777746140181577
583,581,606,25,0.08,0.07999979372192684,0.08,9.808277604944792,11.786184179827025,0.10886386349992373,0.5998688694572393,0.07598398887118506,0.005322662624569874,0.0013071857922234492,0.07627376538196451,0.07656384001698507,0.07714487020446871,0.07482793328750438,2.0025221618863114,0.6358501275533585,0.03448387135587932,0.03403661056255482,0.03424557250584143,0.034231866713987126,0.6013662561974792,0.6018135169908037,0.601604555047517,0.6016182608393713
584,581,606,25,0.12,0.11999940408556643,0.12,9.808277604944792,11.786184179827025,0.10886386349992373,0.8675709345588072,0.07814164049812239,0.004075310360254194,0.0016289717759640841,0.07850888657250943,0.07887652537734785,0.07961295940983755,0.07667669627453269,2.2455171060918664,0.8850149227789336,0.0,0.0,0.0,0.0,0.8850149227789336,0.8850149227789336,0.8850149227789336,0.8850149227789336
586,581,606,25,0.2,0.19999575983960735,0.2,9.808277604944792,11.786184179827025,0.10886386349992373,1.4104606218678266,0.08035856714101702,0.004146438912018867,0.0017899316624217108,0.08074454301928646,0.08113115076066024,0.08190622602842058,0.07882116767980694,2.75071883231153,1.4164204375723015,0.027545666413052637,0.029464522971879077,0.02821847876911934,0.02865714757598254,1.3888747711592488,1.3869559146004224,1.3882019588031822,1.387763289996319
587,581,606,25,0.24,0.23999250523000865,0.24,9.808277604944792,11.786184179827025,0.10886386349992373,1.6967939540609625,0.08103697947732258,0.006357239834552453,0.00211084554424917,0.08150185189412658,0.08196748526184176,0.08290098354029518,0.07918536702883346,3.050027101072261,1.7205445717121735,0.03196709771315294,0.0327596726956731,0.032188336917062466,0.03244641673839601,1.6885774739990205,1.6877848990165003,1.688356234795111,1.6880981549737775
588,581,606,25,0.28,0.2799898236150576,0.28,9.808277604944792,11.786184179827025,0.10886386349992373,1.9756403285964887,0.0809331524253333,0.005771571125331756,0.002652157578245608,0.08152705337378413,0.08212201254596056,0.0833150148388962,0.07856861017632084,3.3254099397791452,1.9883271680757346,0.014580100151338317,0.011346558369249532,0.0135791058027985,0.012378995640032368,1.9737470679243962,1.976980609706485,1.974748062272936,1.9759481724357022
589,581,606,25,0.32,0.3199854230161636,0.32,9.808277604944792,11.786184179827025,0.10886386349992373,2.2357856030149685,0.07912717285801481,0.005421476524165066,0.003172541297802303,0.07982882031223232,0.0805321659193951,0.08194377657869431,0.07633849936695024,3.5897670223066354,2.2429647441906417,0.0,0.0,0.0,0.0,2.2429647441906417,2.2429647441906417,2.2429647441906417,2.2429647441906417
591,581,606,25,0.4,0.39997604882372795,0.4,9.808277604944792,11.786184179827025,0.10886386349992373,2.5064417580019605,0.07993292074947901,0.005992566500349625,0.0033388758425668083,0.0806430581041137,0.08135556116646811,0.08278741988868484,0.07711733223500232,3.818369298372955,2.4662302281828885,0.03854678248766278,0.04110452919165136,0.039006905942627845,0.040677642098867525,2.4276834456952257,2.4251256989912373,2.427223322240261,2.425552586084021
592,581,606,25,0.44,0.43997107523018625,0.44,9.808277604944792,11.786184179827025,0.10886386349992373,2.538290291250949,0.08067005928255724,0.006426917965011882,0.0030364335184737586,0.08128776431697053,0.08190784627687048,0.08315492807426177,0.07822413133612399,3.8248701703806756,2.4734278050501115,0.07247175370375555,0.07400560827804531,0.0726735523387051,0.07380647138795178,2.400956051346356,2.399422196772066,2.4007542527114065,2.39962133366216
593,581,606,25,0.48,0.47996409615537783,0.48,9.808277604944792,11.786184179827025,0.10886386349992373,2.5161492441948883,0.0823475864701544,0.0060451552632374995,0.0026414457896295975,0.08287538562149191,0.08340507323205723,0.08446997160032597,0.08025601762159858,3.784937882893558,2.431939397020505,0.0921341567916417,0.09303964442050205,0.09223003263810003,0.09294142141226072,2.3398052402288636,2.3388997526000033,2.339709364382405,2.3389979756082444
594,581,606,25,0.52,0.5199579765725408,0.48,9.808277604944792,11.786184179827025,0.10886386349992373,2.423109738431134,0.07977718587233802,0.006687291249164636,0.0022483531702891814,0.08022525041862213,0.08067474270333302,0.08157791601148892,0.07799969599042227,3.689783779301776,2.3296022182416913,0.09565815038783781,0.09614060414740506,0.09577490797113374,0.09604272645902466,2.2339440678538534,2.2334616140942862,2.2338273102705575,2.2335594917826667
596,581,606,25,0.6,0.5999431589309524,0.4,9.808277604944792,11.786184179827025,0.10886386349992373,2.0986920049079374,0.07962877765692832,0.006907949166571575,0.0013693534251655937,0.0798932193735469,0.080158250752516,0.08069005924320173,0.07857702628127175,3.347352430898874,1.9765371076676608,0.12438751635578997,0.12503265201331482,0.12452354910764504,0.12490518068134068,1.8521495913118708,1.851504455654346,1.8520135585600157,1.8516319269863202
597,581,606,25,0.64,0.639934460872201,0.36,9.808277604944792,11.786184179827025,0.10886386349992373,1.8387281513674654,0.0800762083600757,0.006735451454870956,0.000831093408713403,0.08020311139716114,0.08033035136096653,0.08058583568067913,0.07957199765499864,3.089322115828624,1.7099938798857521,0.131963845952726,0.13248836373342152,0.13213819844152205,0.13233518886222545,1.5780300339330262,1.5775055161523306,1.5778556814442302,1.5776586910235266
598,581,606,25,0.68,0.6799446716368223,0.31999999999999995,9.808277604944792,11.786184179827025,0.10886386349992373,1.5363609858881975,0.07911232962485341,0.0068262826686747834,0.0006286939905591275,0.07908546217861578,0.07905889807198047,0.07900668109791084,0.0792228265811279,2.773784612165103,1.3894412501076476,0.14801499821444572,0.14881055720462225,0.14822046714203563,0.1486159773192939,1.241426251893202,1.2406306929030253,1.2412207829656121,1.2408252727883538
599,581,606,25,0.72,0.7199528769201767,0.28,9.808277604944792,11.786184179827025,0.10886386349992373,1.1548078711669418,0.07865622130353443,0.006714914508859671,0.0010984665924529476,0.0784846912114624,0.07831374839690346,0.0779736400370265,0.07934813807889166,2.3912536582541923,1.0042078047327339,0.15297040355408603,0.15373469060253872,0.1531941725756531,0.1535210210838595,0.8512374011786479,0.8504731141301951,0.8510136321570807,0.8506867836488743
601,581,606,25,0.8,0.7999690009895618,0.19999999999999996,9.808277604944792,11.786184179827025,0.10886386349992373,0.4784035731626794,0.07969985874334433,0.005571981331891416,0.0020735714990760645,0.07929081058366706,0.07888304801835513,0.07807146018234894,0.08134851854789701,1.7982037782828189,0.3936326041334768,0.09326336140538248,0.09397227115209807,0.09354297003269578,0.09371307592829659,0.3003692427280943,0.29966033298137873,0.300089634100781,0.2999195282051802
602,581,606,25,0.84,0.8399769197755924,0.16000000000000003,9.808277604944792,11.786184179827025,0.10886386349992373,0.28474522420724147,0.08063421475281982,0.004951320530547814,0.0020149136145563105,0.08021726806652156,0.07980132259504072,0.07897249853885005,0.08231170880189105,1.6345628635890816,0.2442394614662936,0.095680060574545,0.09621231937196528,0.0958973199204237,0.09603107108444582,0.1485594008917486,0.14802714209432832,0.1483421415458699,0.1482083903818478
603,581,606,25,0.88,0.8799828330803562,0.12,9.808277604944792,11.786184179827025,0.10886386349992373,0.18439052690195615,0.08021274249663012,0.005240030681473948,0.0017348572374728162,0.07983892990047037,0.07946572602498526,0.078721179052035,0.08171391280306953,1.5301714340189227,0.1974221154257586,0.06751311172648518,0.06815827691085527,0.06777486486176522,0.06792546560663948,0.12990900369927344,0.12926383851490333,0.1296472505639934,0.12949664981911913
604,581,606,25,0.92,0.9199896058770916,0.07999999999999996,9.808277604944792,11.786184179827025,0.10886386349992373,0.10349441760450866,0.08064457053441343,0.002809525645519828,0.0012973139071971338,0.08034528010284765,0.08004618473638746,0.0794485880095465,0.08184364009131635,1.420873283537164,0.1281588833329959,0.04438125969949006,0.044664963240816556,0.044480571534433765,0.04458138102883322,0.08377762363350585,0.08349392009217935,0.08367831179856214,0.08357750230416269
607,606,620,14,0.07142857142857142,0.07143427203866826,0.07142857142857142,11.680696871815462,25.06417610074042,0.22505638448770102,0.37219152235994685,0.08839443950394997,0.0026336715374354076,0.00024144587957451515,0.08835822209619135,0.08832203108962346,0.0882497284099602,0.08853957249856549,1.117443135873894,0.36345233519891784,0.0,0.0,0.0,0.0,0.36345233519891784,0.36345233519891784,0.36345233519891784,0.36345233519891784
608,606,620,14,0.14285714285714285,0.14286905567055033,0.14285714285714285,11.680696871815462,25.06417610074042,0.22505638448770102,0.6430769376010717,0.08706844180254224,0.001325615813952872,0.00042709728830483116,0.08701453335401027,0.08696072258911676,0.08685339483616514,0.08728504880829203,0.8726323548751228,0.6330992979900478,0.0513174235597998,0.05313830703141887,0.052304501372266,0.052184350293668906,0.581781874430248,0.579960990958629,0.5807947966177818,0.580914947696379
609,606,620,14,0.21428571428571427,0.21430128133636334,0.21428571428571427,11.680696871815462,25.06417610074042,0.22505638448770102,0.892294855243943,0.08684496789335391,0.002507138585615859,0.00062879578676534,0.08677199602774562,0.08669924777008262,0.08655442433214748,0.08713908017421808,0.6870150724302294,0.8832699728068907,0.03552737896551911,0.03785428115527691,0.03683507004950204,0.03660551648313156,0.8477425938413716,0.8454156916516138,0.8464349027573886,0.8466644563237591
611,606,620,14,0.35714285714285715,0.35716470948156165,0.35714285714285715,11.680696871815462,25.06417610074042,0.22505638448770102,1.2224917559306319,0.08579798525357082,0.005074580015736107,0.0012634978978710368,0.08585232671753325,0.08590779525411804,0.08602210477978285,0.08559193239012555,0.6134204189116852,1.2063590360881862,0.024831204176457105,0.0273020436018679,0.026285927346110002,0.02602832558210832,1.181527831911729,1.1790569924863183,1.1800731087420762,1.1803307105060779
612,606,620,14,0.42857142857142855,0.4285954003677332,0.42857142857142855,11.680696871815462,25.06417610074042,0.22505638448770102,1.306125795672275,0.0849697957123265,0.005958821197276811,0.001695554586220396,0.0851729570278837,0.08537773947301663,0.08579212122524733,0.08417359510660792,0.7197367124657906,1.2969018019009297,0.058621320204026835,0.05831288533449613,0.05845025322563264,0.05858504803995472,1.2382804816969029,1.2385889165664337,1.2384515486752972,1.238316753860975
613,606,620,14,0.5,0.5000235332878357,0.5,11.680696871815462,25.06417610074042,0.22505638448770102,1.3485092395552458,0.08453009783262716,0.0063138902410173935,0.0020674365409020638,0.08486424373618041,0.08520021465328294,0.08587754573381114,0.08321220226400411,0.7800652756660728,1.3576262038614042,0.0,0.0,0.0,0.0,1.3576262038614042,1.3576262038614042,1.3576262038614042,1.3576262038614042
614,606,620,14,0.5714285714285714,0.5714526893943658,0.4285714285714286,11.680696871815462,25.06417610074042,0.22505638448770102,1.3564977964367246,0.08663772445121615,0.005677482991608743,0.002228144416940443,0.08705896734295705,0.08748172877808341,0.08833171998603226,0.08496838880174432,0.8396490895878842,1.3833462745559013,0.006916985660163367,0.0,0.0028942662166633404,0.002997900181434179,1.376429288895738,1.3833462745559013,1.380452008339238,1.3803483743744671
616,606,620,14,0.7142857142857143,0.7143053740820738,0.2857142857142857,11.680696871815462,25.06417610074042,0.22505638448770102,1.1670574440399906,0.08568197743253292,0.005204363573496141,0.0017984098372135664,0.08609213037270838,0.0865026754049643,0.08732491962009131,0.08404540131814425,0.7607835905064553,1.1603432855684443,0.05593732674724672,0.05826447681334031,0.05744749738897595,0.05663864424982308,1.1044059588211976,1.1020788087551041,1.1028957881794683,1.1037046413186213
617,606,620,14,0.7857142857142857,0.7857294142564658,0.2142857142857143,11.680696871815462,25.06417610074042,0.22505638448770102,0.9674576057492887,0.086615230178515,0.004006926396089837,0.0012104369329868638,0.08690815114238619,0.08720113827120997,0.08778730837368572,0.08544422157990061,0.7408439803144403,0.973487904414553,0.07284840259704274,0.07423447566211379,0.0738372051677477,0.07315295998698404,0.9006395018175103,0.8992534287524392,0.8996506992468053,0.900334944427569
618,606,620,14,0.8571428571428571,0.8571549892104992,0.1428571428571429,11.680696871815462,25.06417610074042,0.22505638448770102,0.6949147420616726,0.08766518353646191,0.002544204526774599,0.0006924882240152051,0.08783189537796478,0.08799863197449456,0.08833217887187952,0.08699858656662296,0.8698308643406095,0.6928471104720481,0.06165325822396159,0.06339949377524232,0.06280812658045039,0.06220472112784761,0.6311938522480864,0.6294476166968057,0.6300389838915976,0.6306423893442005
619,606,620,14,0.9285714285714286,0.9285769830120357,0.0714285714285714,11.680696871815462,25.06417610074042,0.22505638448770102,0.3664629860090842,0.08788646947615372,0.0017825841471561636,0.0002940184975835123,0.08794853965822359,0.08801062745433082,0.08813485573974453,0.08763836563659815,1.1356244379069669,0.3566508652238643,0.037340204025793744,0.037847142498809994,0.03770012714892818,0.037449817835591835,0.31931066119807056,0.3188037227250543,0.3189507380749361,0.3192010473882725
621,620,632,12,0.08333333333333333,0.08307467091952107,0.08333333333333333,13.781517480090072,34.398058777946076,0.0821814119758179,0.07256033397017753,0.08851799006500038,0.002730473323236801,0.0003556074177731594,0.08858428860149249,0.08865062670955555,0.08878342128553171,0.08825319341758665,1.575310433464654,0.10959523676956572,0.03828483118463543,0.03739373032488035,0.03787859761908717,0.037876938648696505,0.07131040558493029,0.07220150644468537,0.07171663915047854,0.07171829812086922
622,620,632,12,0.16666666666666666,0.1661517221680036,0.16666666666666666,13.781517480090072,34.398058777946076,0.0821814119758179,0.1867289177618752,0.08754730216203511,0.004993547838825504,0.0006655992974663627,0.08766008247865455,0.08777303334328522,0.08799944408872477,0.08709789961087658,1.643455538457738,0.22127066255337038,0.028893507290276683,0.027532724228356138,0.028297490298975905,0.028308940969214873,0.1923771552630937,0.19373793832501424,0.19297317225439448,0.1929617215841555
623,620,632,12,0.25,0.2492246078408036,0.25,13.781517480090072,34.398058777946076,0.0821814119758179,0.2494724158861829,0.08844066078184895,0.00561202805209561,0.0005797719371389037,0.0885187253393045,0.08859695823671244,0.08875392726981164,0.08813009488388925,1.6573441821402053,0.24576776072136514,0.0,0.0,0.0,0.0,0.24576776072136514,0.24576776072136514,0.24576776072136514,0.24576776072136514
624,620,632,12,0.3333333333333333,0.3322980885958439,0.3333333333333333,13.781517480090072,34.398058777946076,0.0821814119758179,0.1986428854477245,0.08728604339094567,0.006733738169058583,0.000289180218959871,0.0872422694034182,0.08719853337998884,0.08711117545410281,0.08746151784124656,1.5892657168459383,0.13127911521869237,0.07079234537781635,0.07374164004500283,0.07214503751193256,0.07217815023744349,0.06048676984087602,0.05753747517368954,0.05913407770675981,0.05910096498124888
626,620,632,12,0.5,0.4984408845302421,0.5,13.781517480090072,34.398058777946076,0.0821814119758179,0.08774227038843309,0.08973727995036423,0.005326810195105053,0.0009195428370644887,0.089615570652203,0.08949428634627232,0.08925299963520376,0.09022833257883467,1.5683181812977232,0.10945023376773658,0.0235205819423839,0.023052826850809865,0.023138520511333485,0.0231351743511423,0.08592965182535267,0.08639740691692671,0.08631171325640309,0.08631505941659427
627,620,632,12,0.5833333333333334,0.5815101997095998,0.41666666666666663,13.781517480090072,34.398058777946076,0.0821814119758179,0.1063077089512542,0.09015751911979895,0.004711751711016929,0.0006103535088069261,0.09014031698874883,0.09012336992286232,0.09009024156018272,0.09022887534549669,1.6193572767090716,0.1263013840933025,0.057937701419090354,0.05440702469962102,0.05629202750761087,0.05623135920254121,0.06836368267421214,0.07189435939368147,0.07000935658569163,0.07007002489076128
628,620,632,12,0.6666666666666666,0.664653305086763,0.33333333333333337,13.781517480090072,34.398058777946076,0.0821814119758179,0.1864905043973907,0.08903616437459451,0.0053771255652653675,0.0005951809298425953,0.0891224482946872,0.08920889694184667,0.08938228650460789,0.08869268556632116,1.6600761922153588,0.23200451917543638,0.06221325512098322,0.05987252595788165,0.06116422871138444,0.06105362932165122,0.16979126405445316,0.17213199321755474,0.17084029046405194,0.17095088985378515
629,620,632,12,0.75,0.74781902358906,0.25,13.781517480090072,34.398058777946076,0.0821814119758179,0.2615942150082156,0.09037388968014594,0.004091969655099756,0.000674905866191703,0.0904997620041679,0.09062577363500886,0.09087821249855574,0.08987180514912427,1.6671039552824114,0.2749332546574965,0.036888295806743056,0.03711570855590401,0.03710047784150609,0.03693900414092797,0.23804495885075347,0.2378175461015925,0.23783277681599044,0.23799425051656856
631,620,632,12,0.9166666666666666,0.9159339220680298,0.08333333333333337,13.781517480090072,34.398058777946076,0.0821814119758179,0.10320510557455631,0.09104061582593528,0.0024095997095335037,0.00012274792091715672,0.09105298223123975,0.09106535729804643,0.09109013340204428,0.09099123689033486,1.5852082842704738,0.058577452564363565,0.017733451754274446,0.01963141589708315,0.01865659999031024,0.01864398208618366,0.04084400081008912,0.038946036667280415,0.039920852574053325,0.039933470478179904
633,632,644,12,0.08333333333333333,0.0833045373437793,0.08333333333333333,13.996313918373165,34.61698313936133,0.12894921860293107,0.028470711205200356,0.09556967215551847,0.0015375834384693178,0.0003494282338537259,0.09564856181187371,0.09572746617328623,0.09588531886606699,0.09525426131129486,1.590409193643486,0.04616267978774496,0.061754504285009434,0.06090488060241791,0.06136664909541026,0.061369767299420834,-0.015591824497264477,-0.014742200814672951,-0.0152039693076653,-0.015207087511675876
634,632,644,12,0.16666666666666666,0.16661850955103022,0.16666666666666666,13.996313918373165,34.61698313936133,0.12894921860293107,0.07262267161757588,0.09524586523861185,0.003943291927848228,0.0008648836727606171,0.09543085308026555,0.09561597197735101,0.0959865999042525,0.09450723980975949,1.6440803827550625,0.15641508722179262,0.08996642491550776,0.08807514116816104,0.08907029572660036,0.08907959185947645,0.06644866230628486,0.06833994605363158,0.06734479149519226,0.06733549536231617
636,632,644,12,0.3333333333333333,0.3332558888290037,0.3333333333333333,13.996313918373165,34.61698313936133,0.12894921860293107,0.2156843689990699,0.09718211792957658,0.006469585759698765,0.0014207690589001988,0.09747076366698126,0.0977598476751104,0.09833931503728716,0.0960319966364904,1.666607159712209,0.2584168791446731,0.0405242621600744,0.03564388557589997,0.038111594703715716,0.03818776320319614,0.2178926169845987,0.22277299356877311,0.22030528444095737,0.22022911594147696
637,632,644,12,0.4166666666666667,0.41658047525766023,0.4166666666666667,13.996313918373165,34.61698313936133,0.12894921860293107,0.1405987797046365,0.09642674786882997,0.005234826929571266,0.0009113203807870399,0.09664760974959234,0.0968685039069185,0.09731038817201706,0.0955436275876212,1.5378970801250464,0.14494486989969768,0.0,0.0,0.0,0.0,0.14494486989969768,0.14494486989969768,0.14494486989969768,0.14494486989969768
638,632,644,12,0.5,0.49991272751288746,0.5,13.996313918373165,34.61698313936133,0.12894921860293107,0.1213189029319974,0.0988852151911933,0.005467194957178594,0.000544160284894214,0.09899351218991997,0.09910187758960483,0.09931881269613135,0.09845271571815223,1.4685383690543774,0.12667235372159158,0.014859640863459317,0.01218416600840431,0.013509868283412774,0.013593649863940209,0.11181271285813227,0.11448818771318726,0.1131624854381788,0.11307870385765137
639,632,644,12,0.5833333333333334,0.5832467488050156,0.41666666666666663,13.996313918373165,34.61698313936133,0.12894921860293107,0.20486463461567683,0.0994398902491141,0.005736545116241758,0.0006035579912098489,0.09946809882335295,0.09949652822882742,0.09955404877526691,0.09932926800526114,1.4507516425176128,0.18864666398311525,0.04165764108474743,0.03945526692184173,0.04052371287256594,0.04070793889212462,0.14698902289836782,0.14919139706127352,0.1481229511105493,0.14793872509099062
641,632,644,12,0.75,0.7499330714372482,0.25,13.996313918373165,34.61698313936133,0.12894921860293107,0.11226410017349475,0.09707048630860193,0.00439474105584674,0.0003175025098450696,0.09708497191654838,0.09709952025044209,0.09712880498320459,0.09701317169642004,1.5034777128771086,0.10016020794293239,0.09829173410083829,0.09564993084582735,0.09696750426045016,0.09706741397713774,0.0018684738420940983,0.004510277097105039,0.0031927036824822286,0.003092793965794649
642,632,644,12,0.8333333333333334,0.8332841934194186,0.16666666666666663,13.996313918373165,34.61698313936133,0.12894921860293107,0.13824490726938982,0.09621914536693936,0.004026006439737211,0.00031128921393522687,0.0962105999954682,0.09620211681898486,0.09618533711668535,0.0962539484695949,1.5349698075944365,0.22966047584457325,0.09547795318375028,0.09389402657547198,0.09473134959294595,0.0946883361231166,0.13418252266082298,0.13576644926910125,0.13492912625162728,0.13497213972145666
643,632,644,12,0.9166666666666666,0.916638853475391,0.08333333333333337,13.996313918373165,34.61698313936133,0.12894921860293107,0.17261547073288566,0.09565364911069368,0.0033445031989572742,0.0001831106988832217,0.0956297936296306,0.09560595411526843,0.09555832303443765,0.09574923046315083,1.5409846221424046,0.20182226930149524,0.03680304428049985,0.03714558262168972,0.037112602752663426,0.03685561350357734,0.1650192250209954,0.16467668667980553,0.16470966654883182,0.16496665579791792
646,644,654,10,0.2,0.19995332736960833,0.2,13.53847444477438,40.15577168429145,0.11007935965694832,0.10725118067778794,0.09875282490640794,0.0032697422018434087,0.0011789700544786537,0.09895129942150611,0.09915025281718735,0.09954958475866839,0.09796377375921542,1.715316968276724,0.10427492153790076,0.05803746957065618,0.05725197864944506,0.057659750338534814,0.05765447203494757,0.046237451967244575,0.047022942888455696,0.046615171199365944,0.04662044950295319
647,644,654,10,0.3,0.29993741624561115,0.3,13.53847444477438,40.15577168429145,0.11007935965694832,0.14672197948123974,0.09717080883616523,0.0052054674805978455,0.002347249322822241,0.09753180893597477,0.09789499535826793,0.0986278304141776,0.09574916399796052,1.8548028091968496,0.2261520862921353,0.08590782131516433,0.08483886401533851,0.08540004724159764,0.08538197456578865,0.14024426497697096,0.14131322227679677,0.14075203905053765,0.14077011172634663
648,644,654,10,0.4,0.3999299910544125,0.4,13.53847444477438,40.15577168429145,0.11007935965694832,0.3547902072605184,0.09568981051068678,0.007051535149171169,0.003335242293565464,0.09616779580067802,0.09665061067005848,0.09763044182424731,0.09382763016648199,1.994292964800553,0.4436899023683349,0.09098282067541091,0.08985340118978545,0.09047189238413778,0.09041458196378761,0.352707081692924,0.3538365011785494,0.3532180099841971,0.3532753204045473
649,644,654,10,0.5,0.49992539450747997,0.5,13.53847444477438,40.15577168429145,0.11007935965694832,0.507204391510117,0.09606854976954309,0.007085702787691913,0.0036280727921497273,0.09656740791970489,0.09707217754774733,0.09809908515879293,0.09413409491265384,2.0672597094371867,0.5546433997445427,0.038323330128289645,0.03627470303315297,0.037223579818073955,0.037387291483705974,0.5163200696162531,0.5183686967113897,0.5174198199264687,0.5172561082608367
651,644,654,10,0.7,0.6999374162456112,0.30000000000000004,13.53847444477438,40.15577168429145,0.11007935965694832,0.2630117693653831,0.09737230722762641,0.004147376256192225,0.0017209171545430372,0.09768136349189115,0.09799133393785504,0.09861398286721601,0.09614539991300967,1.8544415445426694,0.24735684409495304,0.028969041364427968,0.029969771151353936,0.029190044946855228,0.029663173176777156,0.21838780273052508,0.2173870729435991,0.2181667991480978,0.21769367091817587
652,644,654,10,0.8,0.7999533273696083,0.19999999999999996,13.53847444477438,40.15577168429145,0.11007935965694832,0.182567126239365,0.09797049315468442,0.0014115227865776141,0.0008280367529740904,0.0981475210455448,0.09832466603760871,0.09867930480234792,0.09726356538497857,1.8005453174095283,0.18451691053948946,0.0,0.0,0.0,0.0,0.18451691053948946,0.18451691053948946,0.18451691053948946,0.18451691053948946
653,644,654,10,0.9,0.8999720671378717,0.09999999999999998,13.53847444477438,40.15577168429145,0.11007935965694832,0.14669187992028343,0.09794686509504065,0.001453346753297583,0.00021261473020384072,0.09799702140126491,0.09804718086575355,0.09814750925015486,0.09774627155001847,1.7752249439417813,0.15039737510744564,0.0,0.0,0.0,0.0,0.15039737510744564,0.15039737510744564,0.15039737510744564,0.15039737510744564
656,654,670,16,0.125,0.1256324473815324,0.125,12.034996932781784,22.415274375880617,0.14618032155380767,0.9342772874333816,0.11531280418067956,0.012698021784992318,0.006933005154883944,0.11358528253510615,0.11185793815911184,0.10840381511110436,0.12222451311556243,2.5490117897805944,0.9619338295522266,0.012239404991721192,0.013784551720199819,0.012966025261884716,0.012920154669678632,0.9496944245605055,0.9481492778320268,0.9489678042903419,0.949013674882548
657,654,670,16,0.1875,0.18845355569311437,0.1875,12.034996932781784,22.415274375880617,0.14618032155380767,1.3924234277873548,0.1200262593535739,0.01749722339256975,0.009218367059336523,0.11773434411160073,0.11544293360258728,0.11086175196501112,0.1291984303409002,2.9853373488398436,1.4013547207180033,0.027875488130649825,0.027662686755798048,0.027785204359107894,0.027637194257990483,1.3734792325873535,1.3736920339622052,1.3735695163588955,1.3737175264600128
658,654,670,16,0.25,0.2512795486255121,0.25,12.034996932781784,22.415274375880617,0.14618032155380767,1.775420841733757,0.12162565171482324,0.01918414484603419,0.010554785692504396,0.11901551272384411,0.11640666140908902,0.11119318430673936,0.13207755704837917,3.3706358301607,1.77073890936106,0.024872378565605334,0.02400426823391241,0.024500268912170265,0.02431022037365281,1.7458665307954546,1.7467346411271476,1.7462386404488897,1.7464286889874072
659,654,670,16,0.3125,0.31408511496177116,0.3125,12.034996932781784,22.415274375880617,0.14618032155380767,2.0561036315268315,0.12288170943504535,0.020606317857757715,0.01102520907285904,0.12017529638998568,0.11747120334597087,0.1120706488558538,0.13372774268111404,3.6674536768576167,2.046366409938339,0.0,0.0,0.0,0.0,2.046366409938339,2.046366409938339,2.046366409938339,2.046366409938339
661,654,670,16,0.4375,0.43876372911491557,0.4375,12.034996932781784,22.415274375880617,0.14618032155380767,2.2145307009372868,0.12113734572736821,0.019115920258908764,0.009706723215252438,0.11876551703722574,0.1163959496881847,0.1116641747184193,0.13064480891085276,3.8303521990664127,2.1808228469084923,0.032722447267565784,0.03246638739790918,0.03252300545750162,0.03257293654417322,2.1481003996409265,2.148356459510583,2.148299841450991,2.148249910364319
662,654,670,16,0.5,0.5011088089251792,0.5,12.034996932781784,22.415274375880617,0.14618032155380767,2.1869955392714404,0.12076600502592212,0.018812080988811396,0.008015239993550667,0.11881141911026429,0.1168585005940429,0.11295801161640513,0.12859950114918256,3.7884098008971145,2.1551310188423747,0.033427484673779796,0.03338230430136861,0.03331411616311124,0.03336452218499356,2.121703534168595,2.121748714541006,2.1218169026792633,2.121766496657381
663,654,670,16,0.5625,0.5634565530740695,0.4375,12.034996932781784,22.415274375880617,0.14618032155380767,2.1584302671527205,0.11830334899024003,0.01620516310005261,0.005794546956040676,0.1169362054089338,0.11557104734914085,0.1128469759260793,0.12379046141687758,3.7272807166038713,2.1214068026823134,0.03587445358929308,0.035836840490053985,0.035656493739782275,0.035987411924168856,2.0855323490930204,2.085569962192259,2.085750308942531,2.0854193907581444
664,654,670,16,0.625,0.6258096259002134,0.375,12.034996932781784,22.415274375880617,0.14618032155380767,2.06951107558825,0.11494692270210718,0.01346809915942214,0.0035060482444420225,0.11432378106638721,0.11370398120880712,0.11247462751184174,0.11747183914464594,3.6359531289500193,2.0344885529264443,0.025719834396928667,0.024459206219839033,0.025192829881516145,0.02498617617405386,2.0087687185295158,2.010029346706605,2.009295723044928,2.0095023767523905
666,654,670,16,0.75,0.7505246526812572,0.25,12.034996932781784,22.415274375880617,0.14618032155380767,1.5583957783854532,0.10489293969131985,0.009021512062718765,0.005126620503638429,0.10573328198455098,0.10658241093672946,0.1083062000255712,0.10162376250548558,3.2405903529666493,1.5345934053905586,0.04681780920307381,0.045741231470904364,0.04670252258063087,0.04589127623668701,1.4877755961874848,1.4888521739196543,1.4878908828099278,1.4887021291538716
667,654,670,16,0.8125,0.8128870506925948,0.1875,12.034996932781784,22.415274375880617,0.14618032155380767,1.2963815391821696,0.10014441486227715,0.009099325048102923,0.006168984361471232,0.10138458723202334,0.10263294926247678,0.10515307368092684,0.09527198689947364,2.9857895146717968,1.2906328738329158,0.05114601442373065,0.05155551685756969,0.051762904120950255,0.05098483010140726,1.2394868594091852,1.2390773569753462,1.2388699697119656,1.2396480437315085
668,654,670,16,0.875,0.8752547773811861,0.125,12.034996932781784,22.415274375880617,0.14618032155380767,1.0160852453155755,0.09916468611704968,0.007840126165088014,0.0056628820917529014,0.10041709202466136,0.10167378372955202,0.10419940374045833,0.09420133052504684,2.710188992085292,1.0110926395106845,0.005020084206359509,0.007396459248763378,0.007213489534421361,0.005294193587656715,1.006072555304325,1.003696180261921,1.0038791499762632,1.0057984459230278
669,654,670,16,0.9375,0.9376242802955285,0.0625,12.034996932781784,22.415274375880617,0.14618032155380767,0.5613000057137393,0.10050684152921834,0.004005743646033562,0.003508126663710456,0.10134560186988058,0.10218500482773095,0.103865676262429,0.09715855900683369,2.273647403512118,0.5547149275440888,0.02567536267946205,0.026295787452207866,0.02606023015185736,0.025925828391222604,0.5290395648646268,0.528419140091881,0.5286546973922315,0.5287890991528662
671,670,705,35,0.02857142857142857,0.028641598225281582,0.02857142857142857,1.0061945869642515,0.8605031320359731,0.09688263964412464,0.21405162991663507,0.09979128456290476,0.00627122737131696,0.001774917696530742,0.10020164413041807,0.10061228697215358,0.101434408714371,0.09815275005752065,1.9844017643536018,0.24486701298252245,0.03431128340876245,0.03431576081966793,0.03431506951866035,0.0343120203547687,0.21055572957376,0.21055125216285453,0.2105519434638621,0.21055499262775373
672,670,705,35,0.05714285714285714,0.05728584710996566,0.05714285714285714,1.0061945869642515,0.8605031320359731,0.09688263964412464,0.3645314379601275,0.09606530733321347,0.010667119308192183,0.003194986368823264,0.09672981965322557,0.0973963486969786,0.09873529346151078,0.09342828397713832,2.140636898790028,0.4001645404729537,0.03132971320516447,0.03131568342914456,0.03132641304224892,0.031319108681688836,0.3688348272677892,0.36884885704380915,0.36883812743070477,0.36884543179126483
673,670,705,35,0.08571428571428572,0.08593070768528109,0.08571428571428572,1.0061945869642515,0.8605031320359731,0.09688263964412464,0.5077638224507959,0.09241268087209599,0.01487867832379303,0.004164563139930913,0.09318999438718117,0.09397241334597173,0.09555206511236546,0.08935713288255687,2.279887387806199,0.5490509959053389,0.04334350014366107,0.04329661366554642,0.04332642975635368,0.04331373334934489,0.5057074957616778,0.5057543822397925,0.5057245661489852,0.505737262555994
674,670,705,35,0.11428571428571428,0.11457821891999902,0.11428571428571428,1.0061945869642515,0.8605031320359731,0.09688263964412464,0.5648295687761445,0.09096290623968584,0.016717721891209358,0.004058467687361108,0.09169352615820892,0.09242950861104131,0.09391705591942241,0.08809670567340498,2.3110225116560916,0.6019339129607969,0.035236366428863485,0.03516388556426691,0.03519884170314761,0.03520135530175952,0.5666975465319334,0.56677002739653,0.5667350712576493,0.5667325576590374
676,670,705,35,0.17142857142857143,0.1718777271207314,0.17142857142857143,1.0061945869642515,0.8605031320359731,0.09688263964412464,0.45192649785090594,0.09010911558980604,0.01706391921436147,0.0016399692591203214,0.09005287006381392,0.08999845714499574,0.08989514232797934,0.09035235364354438,2.197816719698273,0.47458942372799445,0.03135820474774319,0.03132624676263535,0.03132147451524607,0.031362912511613925,0.44323121898025125,0.4432631769653591,0.44326794921274837,0.4432265112163805
677,670,705,35,0.2,0.20052952018986878,0.2,1.0061945869642515,0.8605031320359731,0.09688263964412464,0.3659642466334384,0.09242238075459736,0.014624139347940008,0.0037079117311012034,0.09164431548324373,0.09086904441344461,0.0893271756274662,0.09556121515513825,2.071106957544298,0.38036270474229666,0.02286610105142981,0.022856671138194437,0.022825913651185782,0.022896837472206326,0.35749660369086683,0.3575060336041022,0.35753679109111086,0.35746586727009033
678,670,705,35,0.22857142857142856,0.22918396391840862,0.22857142857142856,1.0061945869642515,0.8605031320359731,0.09688263964412464,0.3708615127620781,0.09507700667225238,0.012144089650121943,0.00679938946436643,0.09351275022454189,0.091953307028598,0.08884987336952013,0.10137769869112025,1.9101192604213082,0.3759399546979357,0.028658948327371266,0.028663075178906594,0.0286284683621023,0.0286939118622745,0.3472810063705644,0.3472768795190291,0.34731148633583336,0.3472460428356612
679,670,705,35,0.2571428571428571,0.25783922323445696,0.2571428571428571,1.0061945869642515,0.8605031320359731,0.09688263964412464,0.41978881505432925,0.09664426774675024,0.01093135680363262,0.009702054225554566,0.09437627279295603,0.09211630407425064,0.08762292732151719,0.10578615834129915,1.7807680838636337,0.4205090704694427,0.03036643066152963,0.030304564294696586,0.03031327953251301,0.030358358620381474,0.3901426398079131,0.3902045061747461,0.3901957909369297,0.3901507118490612
681,670,705,35,0.3142857142857143,0.3151554509791128,0.3142857142857143,1.0061945869642515,0.8605031320359731,0.09688263964412464,0.40607578028212993,0.09732393017624599,0.010054345162396288,0.01357884106614413,0.09415107780997839,0.0909942395770076,0.08473575602893217,0.11014770206185011,1.6501566343374445,0.39924579681637834,0.03118907835171644,0.031084608493056363,0.03111117009511004,0.03116217986538597,0.3680567184646619,0.36816118832332195,0.3681346267212683,0.36808361695099234
682,670,705,35,0.34285714285714286,0.3438168272014746,0.34285714285714286,1.0061945869642515,0.8605031320359731,0.09688263964412464,0.3453422552006117,0.0960513344202916,0.01133013985393022,0.014675744760016629,0.09263869557124149,0.08924639587062486,0.08253283134610394,0.10986721260847235,1.6752725933615564,0.3417643141378022,0.0,0.0,0.0,0.0,0.3417643141378022,0.3417643141378022,0.3417643141378022,0.3417643141378022
683,670,705,35,0.37142857142857144,0.37247881511446773,0.37142857142857144,1.0061945869642515,0.8605031320359731,0.09688263964412464,0.34031632322036165,0.09604872644855553,0.011436434271695835,0.015502859525088175,0.09243947880811935,0.08885268124218804,0.08175823751885548,0.11066609060366481,1.731737467271754,0.3449990836493458,0.0,0.0,0.0,0.0,0.3449990836493458,0.3449990836493458,0.3449990836493458,0.3449990836493458
684,670,705,35,0.4,0.4011434536868633,0.4,1.0061945869642515,0.8605031320359731,0.09688263964412464,0.29735370244475895,0.09635588310184495,0.01140970040372855,0.016228311581675408,0.09256479636220005,0.08879722183105565,0.08134565784285573,0.11170726279150227,1.7573935442089779,0.2937189011067783,0.00689100147635544,0.006456635755371357,0.0065856696764334515,0.00676410586736277,0.2868278996304228,0.2872622653514069,0.28713323143034486,0.2869547952394155
686,670,705,35,0.45714285714285713,0.458477012666074,0.45714285714285713,1.0061945869642515,0.8605031320359731,0.09688263964412464,0.28946332716586515,0.09628415130105124,0.011290319334870227,0.017866357297425178,0.09209829097607553,0.08794005600435406,0.07972372589056383,0.11324229139244847,1.741822649063729,0.2868170101106917,0.0,0.0,0.0,0.0,0.2868170101106917,0.2868170101106917,0.2868170101106917,0.2868170101106917
687,670,705,35,0.4857142857142857,0.48714572917601195,0.4857142857142857,1.0061945869642515,0.8605031320359731,0.09688263964412464,0.30022235572592393,0.09798943229864567,0.00938715782703133,0.018775854975063254,0.09357771537704372,0.08919481699862794,0.08053426774764214,0.11585833963449514,1.7022266439327256,0.29170048875282045,0.023220815875567753,0.02307662733501439,0.02313317171640462,0.023163471873772903,0.2684796728772527,0.2686238614178061,0.26856731703641584,0.2685370168790476
688,670,705,35,0.5142857142857142,0.5158170963453523,0.48571428571428577,1.0061945869642515,0.8605031320359731,0.09688263964412464,0.3654795397839558,0.09941622256073411,0.007967979227812652,0.019561224138572097,0.09479869920735344,0.09020993083243141,0.08113814564209877,0.118106117190649,1.6419049266090113,0.3432481885985723,0.009641086556194334,0.009592226376473929,0.00958724261098448,0.009641909044937133,0.333607102042378,0.33365596222209837,0.33366094598758783,0.3336062795536352
689,670,705,35,0.5428571428571428,0.5444805115364854,0.4571428571428572,1.0061945869642515,0.8605031320359731,0.09688263964412464,0.41386207715689555,0.10005376572859694,0.00735005411561464,0.02010615549198802,0.0952908578733079,0.09055645387310889,0.08119307472935128,0.1193218825960934,1.576354035939997,0.4031109174442899,0.0,0.0,0.0,0.0,0.4031109174442899,0.4031109174442899,0.4031109174442899,0.4031109174442899
691,670,705,35,0.6,0.6014260547585453,0.4,1.0061945869642515,0.8605031320359731,0.09688263964412464,0.4545615507587894,0.10047765768961468,0.00672036552890784,0.020070313994763778,0.09571225360292457,0.09097397140221351,0.08159764704030578,0.11974547337901865,1.469178351371732,0.4362810787331023,0.0,0.0,0.0,0.0,0.4362810787331023,0.4362810787331023,0.4362810787331023,0.4362810787331023
692,670,705,35,0.6285714285714286,0.6298988263695753,0.37142857142857144,1.0061945869642515,0.8605031320359731,0.09688263964412464,0.4413599645652016,0.09988948315358354,0.007003586201769988,0.019574621038463472,0.09524722586947466,0.09063142363756267,0.0814971407526202,0.11866071513406037,1.4308973943136674,0.431332844824706,0.0,0.0012110110309305042,0.0010612993676696145,0.0001902785464439941,0.431332844824706,0.4301218337937755,0.4302715454570364,0.43114256627826203
693,670,705,35,0.6571428571428571,0.6583699668055885,0.34285714285714286,1.0061945869642515,0.8605031320359731,0.09688263964412464,0.3841184719331306,0.09969981036431948,0.007351056817823824,0.018925982482153585,0.09521653575940787,0.09075846670684946,0.08193438092603575,0.1178271921988272,1.4720272992416006,0.3733647732772297,0.010893506308051422,0.010974839720368779,0.010957301322785488,0.01090437623685375,0.3624712669691783,0.36238993355686094,0.3624074719544442,0.36246039704037597
694,670,705,35,0.6857142857142857,0.6868421267259871,0.3142857142857143,1.0061945869642515,0.8605031320359731,0.09688263964412464,0.34268172644740374,0.09946509113204044,0.007153499576738806,0.01822406211352874,0.0951292593352252,0.0908149886550766,0.08226468376464553,0.11697590945467616,1.5164526492411552,0.33949682270971043,0.011942317955761816,0.011778710752798982,0.011851301107252226,0.011865650753455456,0.3275545047539486,0.3277181119569115,0.3276455216024582,0.32763117195625496
696,670,705,35,0.7428571428571429,0.7437835920105048,0.2571428571428571,1.0061945869642515,0.8605031320359731,0.09688263964412464,0.34358010818258233,0.10188412627266813,0.00482822624691265,0.01664973916837973,0.09788671328818309,0.09390364112843441,0.085988483852189,0.11798795975116255,1.5599480394842868,0.3413261317488411,0.0,0.0,0.0,0.0,0.3413261317488411,0.3413261317488411,0.3413261317488411,0.3413261317488411
697,670,705,35,0.7714285714285715,0.7722535090652551,0.22857142857142854,1.0061945869642515,0.8605031320359731,0.09688263964412464,0.3467838530421181,0.10316736121236102,0.0038763906790799363,0.015747793626937085,0.09937560567013869,0.09559558938887623,0.08807681592649552,0.11842917437661621,1.5675808738600796,0.3381711065745785,0.0,0.0,0.0,0.0,0.3381711065745785,0.3381711065745785,0.3381711065745785,0.3381711065745785
698,670,705,35,0.8,0.8007234261200056,0.19999999999999996,1.0061945869642515,0.8605031320359731,0.09688263964412464,0.3462811329014245,0.1032418003821875,0.0036064627354472356,0.014582971446021477,0.09973303492836562,0.09623445353881414,0.08927262893950544,0.11736039590479931,1.5419850658268786,0.34652171894751355,0.0,0.0,9.671412803558327e-05,0.0,0.34652171894751355,0.34652171894751355,0.34642500481947797,0.34652171894751355
699,670,705,35,0.8285714285714286,0.8291925275872475,0.17142857142857137,1.0061945869642515,0.8605031320359731,0.09688263964412464,0.31511142298037326,0.10396377882122589,0.0030326058728445534,0.013130079182407179,0.10080264238738709,0.09764951607758819,0.09137060885894135,0.11667538047504482,1.5693280252000745,0.3217230063819301,0.019252859743277558,0.019371821746758996,0.019378143028720943,0.01924523476381627,0.3024701466386525,0.3023511846351711,0.30234486335320915,0.3024777716181138
701,670,705,35,0.8857142857142857,0.8861301188310999,0.11428571428571432,1.0061945869642515,0.8605031320359731,0.09688263964412464,0.1915954241501478,0.10458647727713687,0.002045672266536742,0.00925605739561456,0.10235324322554584,0.10012367798452215,0.09567657945553314,0.11355176704566515,1.73421969337452,0.20105574239623009,0.0,0.0,0.0,0.0,0.20105574239623009,0.20105574239623009,0.20105574239623009,0.20105574239623009
702,670,705,35,0.9142857142857143,0.9145988125045876,0.08571428571428574,1.0061945869642515,0.8605031320359731,0.09688263964412464,0.19844738456260905,0.103848148973421,0.003194687374085667,0.006964092294573858,0.10217898569543638,0.10051226051072795,0.09718662599087763,0.11054697183503324,1.804964313065866,0.20783987548717592,0.02387859790442289,0.02387781204840437,0.023899712677121234,0.023856744470395062,0.18396127758275302,0.18396206343877156,0.18394016281005468,0.18398313101678085
703,670,705,35,0.9428571428571428,0.9430658750030585,0.05714285714285716,1.0061945869642515,0.8605031320359731,0.09688263964412464,0.19271209591709518,0.1046388583097616,0.001959523240352134,0.004575139536810824,0.10353795132015388,0.10243798390490415,0.10024099149311665,0.1090513125312127,1.8368154480622303,0.20072438576875903,0.0112087913864023,0.011459671824863472,0.011507832668589759,0.011159349438083551,0.18951559438235674,0.18926471394389557,0.18921655310016927,0.18956503633067548
704,670,705,35,0.9714285714285714,0.9715335491921606,0.02857142857142858,1.0061945869642515,0.8605031320359731,0.09688263964412464,0.12738077604869288,0.1049334900316671,0.0016931640580874381,0.0022268192068927717,0.10439661037487692,0.10385993946548536,0.10278723696652546,0.1070830333190075,1.8245798396018427,0.12712044609074577,0.02379806265042965,0.02389992666070619,0.023907423874018698,0.02379057141774403,0.10332238344031612,0.10322051943003958,0.10321302221672707,0.10332987467300174
706,705,746,41,0.024390243902439025,0.02438995842622708,0.024390243902439025,3.0154852160568955,2.2095105907864605,0.1407024114574037,0.1543440102687411,0.11764507158327554,0.004046354704435216,0.0026165314983786,0.1169935600122978,0.11634207785880171,0.11503920380337289,0.120251402478799,1.9331748035738814,0.1537256114769082,0.0,0.0,0.0,0.0,0.1537256114769082,0.1537256114769082,0.1537256114769082,0.1537256114769082
707,705,746,41,0.04878048780487805,0.04877869399166568,0.04878048780487805,3.0154852160568955,2.2095105907864605,0.1407024114574037,0.2829961500375973,0.12117642452192769,0.00701284590863689,0.00532347106833294,0.11985041410623262,0.11852451257431663,0.1158730511126204,0.12648148652715813,2.059107929870679,0.28388090323899934,0.020609598869505655,0.020465140942281797,0.020529058572735542,0.020543609522840654,0.2632713043694937,0.26341576229671754,0.2633518446662638,0.26333729371615866
708,705,746,41,0.07317073170731707,0.07316777894590099,0.07317073170731707,3.0154852160568955,2.2095105907864605,0.1407024114574037,0.4369968249566249,0.12451109862203383,0.00995308138906311,0.007784182392306393,0.12257233493235968,0.12063380574455423,0.116757497594468,0.13226829214381974,2.1973129512205154,0.4413520443629595,0.027259007131020495,0.026989241607226665,0.027102623921748357,0.027143046118990606,0.414093037231939,0.41436280275573284,0.41424942044121116,0.4142089982439689
709,705,746,41,0.0975609756097561,0.09755581573374617,0.0975609756097561,3.0154852160568955,2.2095105907864605,0.1407024114574037,0.5871174844625822,0.12818757198559752,0.013265634225738105,0.009907323559195495,0.1257287104644935,0.12327056843009782,0.11835662212419469,0.13802944375273435,2.352218223414942,0.5924356122141128,0.02596675917418995,0.025726717709143684,0.02581961611735832,0.025868840477622754,0.5664688530399228,0.5667088945049691,0.5666159960967545,0.5665667717364901
711,705,746,41,0.14634146341463414,0.14633153992063982,0.14634146341463414,3.0154852160568955,2.2095105907864605,0.1407024114574037,0.8195947043422941,0.1311654285262266,0.015713099746719732,0.013485649255973394,0.12784415087088,0.12452556775741246,0.1178973951284367,0.14447376569667195,2.633556032250756,0.819292102229372,0.0,0.0,0.0,0.0,0.819292102229372,0.819292102229372,0.819292102229372,0.819292102229372
712,705,746,41,0.17073170731707318,0.1707192273196883,0.17073170731707318,3.0154852160568955,2.2095105907864605,0.1407024114574037,0.9780591143609058,0.13364995732748775,0.01800134781209472,0.01524798117451932,0.1298995133753761,0.12615275927587588,0.11867171826995729,0.14868304318223874,2.7983571118573645,0.9770059814358424,0.0046333357373587155,0.0030361374503749504,0.003642979416612726,0.004059375239364015,0.9723726456984837,0.9739698439854675,0.9733630020192297,0.9729466061964783
713,705,746,41,0.1951219512195122,0.195106041246745,0.1951219512195122,3.0154852160568955,2.2095105907864605,0.1407024114574037,1.1260189041610031,0.13546960098290506,0.01971970770967617,0.017141687219664484,0.1312535902683838,0.12704222450156522,0.11863540593985052,0.1523723758425244,2.9450076424936182,1.1235897235169068,0.007253046976379647,0.003631841702096105,0.005120179715784374,0.006188792394841679,1.1163366765405272,1.1199578818148106,1.1184695438011225,1.1174009311220652
714,705,746,41,0.21951219512195122,0.2194928551738017,0.21951219512195122,3.0154852160568955,2.2095105907864605,0.1407024114574037,1.1984640041071901,0.1383474587749446,0.0224185376843434,0.018824294243999385,0.13370018102645628,0.12905716454444693,0.11978589699089055,0.15697160790610215,2.981407482093205,1.1913022451888935,0.023818863739536927,0.022697086229475187,0.023063842668147885,0.02344788302957491,1.1674833814493566,1.1686051589594184,1.1682384025207455,1.1678543621593185
716,705,746,41,0.2682926829268293,0.26826526016712665,0.2682926829268293,3.0154852160568955,2.2095105907864605,0.1407024114574037,1.592717091954327,0.14158611448277159,0.02523952971592768,0.01996827034228833,0.1366516219631138,0.13172146838510737,0.1218762838412812,0.1613595076424748,3.2841182131185285,1.594509421823884,0.0,0.0,0.0,0.0,1.594509421823884,1.594509421823884,1.594509421823884,1.594509421823884
717,705,746,41,0.2926829268292683,0.2926503271501998,0.2926829268292683,3.0154852160568955,2.2095105907864605,0.1407024114574037,1.784053804803493,0.14027118731258756,0.0237735635962823,0.018681898344815696,0.13568363137650855,0.13110193104096596,0.12195873612882517,0.15866979962663877,3.4844710078744905,1.775715398994182,0.018430989662143,0.01574928663260893,0.016481481327836073,0.017748102594392277,1.757284409332039,1.759966112361573,1.759233917666346,1.7579672963997899
718,705,746,41,0.3170731707317073,0.3170360929108664,0.3170731707317073,3.0154852160568955,2.2095105907864605,0.1407024114574037,1.882099000191224,0.13680490583612365,0.020129719140116104,0.015759753657336242,0.13298280243234498,0.12916778024765707,0.12156164512317759,0.15215344434907743,3.5944309206577234,1.8734211693002327,0.024521713887051756,0.023718525213035527,0.023915849215823227,0.024308225663844076,1.848899455413181,1.849702644087197,1.8495053200844096,1.8491129436363887
719,705,746,41,0.34146341463414637,0.34142150928273624,0.34146341463414637,3.0154852160568955,2.2095105907864605,0.1407024114574037,1.8947042927584337,0.13213215095083933,0.015406615388313715,0.011402061392767043,0.12944578591801714,0.126766590805588,0.12143160740124295,0.14294120945951883,3.610095636697139,1.8773537714395114,0.03351436052430175,0.03228929994998816,0.03259997066926734,0.03319414974283322,1.8438394109152096,1.8450644714895232,1.8447538007702442,1.8441596216966782
721,705,746,41,0.3902439024390244,0.39021382943747357,0.3902439024390244,3.0154852160568955,2.2095105907864605,0.1407024114574037,2.02814180871684,0.11988964916134076,0.005017474074658749,0.004216967435593881,0.12019470821564142,0.12050821815067672,0.12116032648870359,0.1187551972164386,3.7901449263039444,2.0135737756408365,0.02524037355855432,0.024492444639681466,0.024660508205935603,0.025046411916982092,1.9883334020822823,1.989081331001155,1.9889132674349008,1.9885273637238545
722,705,746,41,0.4146341463414634,0.4146097274732447,0.4146341463414634,3.0154852160568955,2.2095105907864605,0.1407024114574037,2.136470809221302,0.1132020937796327,0.007129134553500336,0.009311461889393583,0.11526985839692595,0.11734736634844717,0.12152961121882756,0.10503993675846061,3.8913152438645917,2.1207028908371583,0.03468054042678156,0.03442691321551165,0.03447836748275044,0.03460853669917039,2.086022350410377,2.086275977621647,2.086224523354408,2.086094354137988
723,705,746,41,0.43902439024390244,0.4390044026482273,0.43902439024390244,3.0154852160568955,2.2095105907864605,0.1407024114574037,2.2263287535743883,0.10580016934738244,0.013677703718245523,0.016395749644253405,0.10972987539247449,0.11367153491160732,0.12158606074540479,0.09023204925678253,3.991707201724573,2.2140749676320484,0.023909545830379096,0.02298802222727864,0.023165821224249098,0.023697323099796344,2.190165421801669,2.19108694540477,2.190909146407799,2.190377644532252
724,705,746,41,0.4634146341463415,0.46339960190640506,0.4634146341463415,3.0154852160568955,2.2095105907864605,0.1407024114574037,2.297659982893254,0.09758760458816046,0.02197359659833207,0.023570836002530956,0.10334908441144254,0.10912458003055067,0.12070956680960318,0.07474657342557364,4.093985385742747,2.278588394286741,0.037312215485667835,0.035372017004130236,0.03576798613573546,0.03687758554787525,2.241276178801073,2.243216377282611,2.2428204081510055,2.241710808738866
726,705,746,41,0.5121951219512195,0.512188253478777,0.4878048780487805,3.0154852160568955,2.2095105907864605,0.1407024114574037,2.6147391520233487,0.08372334427317954,0.03651073090370439,0.03506539439438531,0.09235325416825785,0.10100666547388121,0.1183633621778152,0.049683750005425506,4.457179205994917,2.598300135433362,0.031477946380777846,0.03053206075486854,0.03068992893641996,0.03125489234209366,2.566822189052584,2.567768074678493,2.567610206496942,2.5670452430912682
727,705,746,41,0.5365853658536586,0.536581705792971,0.46341463414634143,3.0154852160568955,2.2095105907864605,0.1407024114574037,2.604150976913606,0.0815635984283421,0.03879170808282544,0.03825664257428638,0.09100054519151102,0.1004615558278724,0.11943288140483731,0.044364055479759384,4.446455503240702,2.5843896522779946,0.02340768983254715,0.021461564279586353,0.021807974655110196,0.0229803054425365,2.5609819624454473,2.562928087998408,2.5625816776228842,2.561409346835458
728,705,746,41,0.5609756097560976,0.5609755074959619,0.4390243902439024,3.0154852160568955,2.2095105907864605,0.1407024114574037,2.5726687980360037,0.08079371401286917,0.039891384536616024,0.03974103144019423,0.09059108867800027,0.10041556238566124,0.12011919457118098,0.042253126551988665,4.407934821234383,2.5538365382125616,0.0,0.0,0.0,0.0,2.5538365382125616,2.5538365382125616,2.5538365382125616,2.5538365382125616
729,705,746,41,0.5853658536585366,0.5853682610325627,0.41463414634146345,3.0154852160568955,2.2095105907864605,0.1407024114574037,2.5391791043632606,0.08206823466981487,0.038780717526002643,0.03988997162866539,0.09190797640690525,0.101773564063423,0.1215570913636526,0.04332070516415547,4.35909226551144,2.5227481268166927,0.020196977609270125,0.019208473192716742,0.01933914091048249,0.019977865221184297,2.5025511492074224,2.503539653623976,2.5034089859062103,2.5027702615955083
731,705,746,41,0.6341463414634146,0.6341535934113658,0.36585365853658536,3.0154852160568955,2.2095105907864605,0.1407024114574037,2.4175246144663274,0.08537750770556395,0.036043911869230685,0.03761255051496953,0.09467249377610863,0.10398692864053234,0.12265641366145222,0.04861532417067947,4.220404009283426,2.401509625961362,0.025024392748689225,0.02342230562454818,0.023652823071200608,0.024718624360754362,2.376485233212673,2.378087320336814,2.3778568028901614,2.376791001600608
732,705,746,41,0.6585365853658537,0.6585459975591699,0.3414634146341463,3.0154852160568955,2.2095105907864605,0.1407024114574037,2.362586369442758,0.08775313717341982,0.033918913672496595,0.035564717483901054,0.0965377994699398,0.10534033657831789,0.12298367575391618,0.052971123501668944,4.18363970098421,2.3515770266342684,0.020635646194516633,0.01612439770692377,0.016844052746560045,0.019918991802506947,2.330941380439752,2.3354526289273445,2.3347329738877085,2.3316580348317615
733,705,746,41,0.6829268292682927,0.6829373535405838,0.31707317073170727,3.0154852160568955,2.2095105907864605,0.1407024114574037,2.3394193576089246,0.09064173062871479,0.03127915544324102,0.03314437027589126,0.09883678421600113,0.10704585539419738,0.12349486476479504,0.05812025121618743,4.1602554300273615,2.324559565159077,0.0,0.0,0.0,0.0,2.324559565159077,2.324559565159077,2.324559565159077,2.324559565159077
734,705,746,41,0.7073170731707317,0.7073292336051927,0.29268292682926833,3.0154852160568955,2.2095105907864605,0.1407024114574037,2.328236066531888,0.09370886892573936,0.02856314875344759,0.030456364393215075,0.1012414630084741,0.10878540488207786,0.12389903785502118,0.06377235226481325,4.140401225811673,2.313162910164173,0.029277135859616974,0.02719010397848747,0.02745760039767559,0.028967738176451173,2.283885774304556,2.2859728061856854,2.2857053097664974,2.284195171987722
736,705,746,41,0.7560975609756098,0.7561110720960288,0.24390243902439024,3.0154852160568955,2.2095105907864605,0.1407024114574037,2.089310256145665,0.10067313544922711,0.02244166669718395,0.024809759392603107,0.10681919986968802,0.11297142665542532,0.12529073533388363,0.07618031480697163,3.8738474398765277,2.0528140757486653,0.04728237049931175,0.046045209993056495,0.046222847276001705,0.04707313887394819,2.0055317052493535,2.0067688657556086,2.0065912284726637,2.005740936874717
737,705,746,41,0.7804878048780488,0.7805012052166542,0.2195121951219512,3.0154852160568955,2.2095105907864605,0.1407024114574037,1.8219823761272433,0.10373310139832648,0.01984338375753657,0.022439116551583392,0.10929703065472716,0.11486542011465932,0.1260132140941047,0.0815402380934431,3.6023052483573323,1.775670680525441,0.047092817239909913,0.04592992606316559,0.046113772629661896,0.04687528236837274,1.728577863285531,1.7297407544622754,1.729556907895779,1.7287953981570683
738,705,746,41,0.8048780487804879,0.804891513031678,0.19512195121951215,3.0154852160568955,2.2095105907864605,0.1407024114574037,1.6006096878932605,0.10502069146909096,0.018577537892594018,0.020259212432383475,0.11005267832014125,0.11508754422297204,0.12516452324078622,0.08493176538821946,3.4081851478284015,1.5657957781542995,0.037004633175570005,0.03572825694261369,0.03593015147842118,0.03676533164626093,1.5287911449787295,1.5300675212116859,1.5298656266758783,1.5290304465080387
739,705,746,41,0.8292682926829268,0.82928094737471,0.1707317073170732,3.0154852160568955,2.2095105907864605,0.1407024114574037,1.4117998033331578,0.10703096426234313,0.016770692521003765,0.018149546038831805,0.11154067625810106,0.11605254569365978,0.12508182291499778,0.08902024624177599,3.232812360464757,1.3752777131820588,0.03781429119592839,0.037304929858539865,0.037404881788694305,0.03768241394711722,1.3374634219861303,1.3379727833235189,1.3378728313933645,1.3375952992349416
741,705,746,41,0.8780487804878049,0.8780594666719774,0.12195121951219512,3.0154852160568955,2.2095105907864605,0.1407024114574037,0.9820771633599228,0.11355031146664309,0.01121415651934727,0.013295127500215567,0.11685466966064387,0.1201600992872868,0.1267738375806029,0.10034570944452087,2.8103993361933366,0.9346889168219102,0.04108931756440317,0.03970057842187497,0.03992616743760766,0.040853108343091395,0.8935995992575071,0.8949883384000352,0.8947627493843026,0.8938358084788188
742,705,746,41,0.9024390243902439,0.9024485516262127,0.09756097560975607,3.0154852160568955,2.2095105907864605,0.1407024114574037,0.7801059395992559,0.1163190026283451,0.008720669044791808,0.010570872680247402,0.11894468575297967,0.12157110710999539,0.1268259810530082,0.10582475123189239,2.614649447120106,0.7461148621002699,0.04307728904987905,0.04163133714533664,0.04184174272942934,0.04286183592162995,0.7030375730503908,0.7044835249549333,0.7042731193708406,0.7032530261786399
743,705,746,41,0.926829268292683,0.9268365884140579,0.07317073170731703,3.0154852160568955,2.2095105907864605,0.1407024114574037,0.5977550080568067,0.11938945084820414,0.005895159327903042,0.007772529882348072,0.12131868929500667,0.12324836428236073,0.12710894434737957,0.11167731486792767,2.428091727496184,0.5688270344079265,0.03296435422171686,0.03178496064016565,0.03194759285044961,0.03279714929274947,0.5358626801862096,0.5370420737677608,0.5368794415574769,0.536029885115177
744,705,746,41,0.9512195121951219,0.9512249745906998,0.04878048780487809,3.0154852160568955,2.2095105907864605,0.1407024114574037,0.4121076404328847,0.12079238502391156,0.0042103154201846545,0.005088137771043938,0.12205164286087314,0.1233111629722082,0.12583095851316017,0.11575814757995824,2.2338570329769265,0.38567528245297644,0.0296582130824662,0.02934365985546851,0.029391598841740883,0.029605993359222725,0.35601706937051025,0.35633162259750795,0.3562836836112356,0.35606928909375374
747,746,776,30,0.03333333333333333,0.033138036458107076,0.03333333333333333,1.3949849371827328,1.3889391517334193,0.13230580216573223,0.19250306034936993,0.12890132639251278,0.0013572260689192655,0.00022029576263499285,0.12887469519723635,0.1288480820380727,0.12879490987279832,0.12900803131124064,1.7190222438910474,0.2130727046392762,0.014680751615921032,0.01459236661927782,0.014643263472866512,0.014629950753280625,0.19839195302335516,0.19848033801999837,0.19842944116640968,0.19844275388599555
748,746,776,30,0.06666666666666667,0.0662765476867872,0.06666666666666667,1.3949849371827328,1.3889391517334193,0.13230580216573223,0.2976111373711838,0.13064123485884552,0.002839528286093754,0.0004876653561681756,0.13055944421708224,0.1304777162211626,0.1303144486382314,0.13096902153563272,1.6270368019298318,0.3132735879777438,0.02358067674774039,0.023516730607025325,0.023554387196659317,0.02354282971632643,0.2896929112300034,0.2897568573707185,0.2897192007810845,0.28973075826141736
749,746,776,30,0.1,0.0994181449241922,0.1,1.3949849371827328,1.3889391517334193,0.13230580216573223,0.34659314395915436,0.13002802261960444,0.0018857080997611516,0.0007938826675248943,0.12987161599282376,0.12971532444557887,0.12940308825729055,0.1306547916518342,1.5972343374927547,0.3524498677131426,0.023677334209245945,0.023547207654827176,0.02362873438029577,0.023595327832903565,0.3287725335038966,0.3289026600583154,0.3288211333328468,0.328854539880239
751,746,776,30,0.16666666666666666,0.16597979234009905,0.16666666666666666,1.3949849371827328,1.3889391517334193,0.13230580216573223,0.35486825202682426,0.13230031407114942,0.0037225412307155333,0.0011124872758050451,0.1320720515657132,0.13184398055929744,0.13138841703166002,0.13321525938285672,1.5723780042080517,0.3768169336521219,0.004445708167599191,0.003933765758729427,0.004209285564896312,0.004182518846597892,0.37237122548452267,0.37288316789339243,0.3726076480872256,0.372634414805524
752,746,776,30,0.2,0.19933147555608097,0.2,1.3949849371827328,1.3889391517334193,0.13230580216573223,0.3334377502811766,0.13350062963676895,0.0052570979986942415,0.0012703304170306282,0.13325125832332058,0.13300217777729775,0.13250489554457337,0.1345009901907271,1.5948957346271955,0.3724706217695193,0.04405385742275467,0.04399405731172332,0.04401489512089234,0.04403210168942975,0.3284167643467646,0.32847656445779594,0.32845572664862693,0.32843852008008956
753,746,776,30,0.23333333333333334,0.23268292138677635,0.23333333333333334,1.3949849371827328,1.3889391517334193,0.13230580216573223,0.30356115430521236,0.1325404491774539,0.003596526254202125,0.0014186898518463824,0.13229222364275042,0.13204448413181724,0.13155047415939664,0.13353815726807025,1.6488596404382714,0.3297187403139513,0.02531897148253568,0.025285441115875922,0.025304409331490352,0.025298499119285632,0.3043997688314156,0.3044332991980754,0.30441433098246096,0.3044202411946657
754,746,776,30,0.26666666666666666,0.2660360289144774,0.26666666666666666,1.3949849371827328,1.3889391517334193,0.13230580216573223,0.31201198470869546,0.13191470027100463,0.0023703143329879806,0.0015386388921820573,0.13170950276845758,0.13150511023395545,0.13109875511430608,0.13274346508185728,1.6941241730620529,0.3364922482052402,0.029096823903416433,0.02909919020560483,0.029117121679350273,0.029078129738889825,0.30739542430182376,0.3073930579996354,0.30737512652588994,0.30741411846635036
756,746,776,30,0.3333333333333333,0.3327439056668853,0.3333333333333333,1.3949849371827328,1.3889391517334193,0.13230580216573223,0.41962509630777156,0.131656569163401,0.0014130040835593754,0.0018313937660775054,0.1315707290559152,0.1314864271897428,0.13132244997689038,0.13201525118740923,1.7561734360959362,0.44629077047437365,0.030135138567706683,0.030228118407461247,0.03025369029166352,0.030108687634370596,0.416155631906667,0.4160626520669124,0.41603708018271013,0.4161820828400031
757,746,776,30,0.36666666666666664,0.36609843750630555,0.36666666666666664,1.3949849371827328,1.3889391517334193,0.13230580216573223,0.4348449299155883,0.1315045061222294,0.0016127502017604012,0.0019531796383969956,0.13141803555381348,0.1313333235360805,0.1311691887104743,0.13186790365869405,1.7058132088900715,0.4769445134092114,0.04992771427208162,0.05000501557122392,0.04999905077931625,0.04993318379300482,0.42701679913712975,0.42693949783798746,0.42694546262989513,0.4270113296162066
758,746,776,30,0.4,0.3994546310427315,0.4,1.3949849371827328,1.3889391517334193,0.13230580216573223,0.4059851421831925,0.1326155062881462,0.0022944908460414168,0.0020947362679461876,0.13247121362703235,0.13232883609244192,0.13204985109842238,0.13321170249295541,1.6693873069741172,0.45500857767483,0.0451411156422474,0.04519547993731681,0.04520010872046942,0.04513590470616359,0.4098674620325826,0.4098130977375132,0.40980846895436057,0.4098726729686664
759,746,776,30,0.43333333333333335,0.43281106196444397,0.43333333333333335,1.3949849371827328,1.3889391517334193,0.13230580216573223,0.33008571511864926,0.13333208403369434,0.003239659129407609,0.0021794901884991382,0.13313572921297498,0.13294131760125708,0.1325583581185636,0.13413676346703177,1.6714701296841552,0.37938957393727835,0.057126422212307904,0.05712003878639534,0.0571090576753185,0.057137338392959945,0.32226315172497044,0.322269535150883,0.32228051626195986,0.3222522355443184
761,746,776,30,0.5,0.49952700981659376,0.5,1.3949849371827328,1.3889391517334193,0.13230580216573223,0.3158808540194031,0.13492272621191248,0.005021001605773973,0.002004078022684501,0.1347002725662492,0.13447931756028167,0.13404193306150122,0.13582737918213486,1.7511872745772266,0.3625914198863532,0.06984692283326492,0.06975297575711516,0.06973274035461909,0.0698667956357113,0.29274449705308825,0.29283844412923804,0.2928586795317341,0.2927246242506419
762,746,776,30,0.5333333333333333,0.5328865267470311,0.4666666666666667,1.3949849371827328,1.3889391517334193,0.13230580216573223,0.294570587822379,0.13510637059207434,0.0044945712817444855,0.0020507720671257795,0.13492531213158082,0.1347459611316978,0.1343924087926202,0.1358475415316219,1.8169658675876412,0.31702699958279923,0.0667273712161739,0.06668090592984442,0.06663060131201015,0.06677758157360678,0.25029962836662534,0.2503460936529548,0.2503963982707891,0.2502494180091924
763,746,776,30,0.5666666666666667,0.5662460436774684,0.43333333333333335,1.3949849371827328,1.3889391517334193,0.13230580216573223,0.24330822691325102,0.13467545388388547,0.003906804765078886,0.0022717696331545478,0.13454954399147878,0.13442591571180568,0.1341855290995175,0.13520178035986033,1.8725860321238779,0.25124307270437785,0.06780361603221907,0.06779929855023024,0.06774901657052286,0.06785408450057584,0.18343945667215877,0.1834437741541476,0.183494056133855,0.183388988203802
764,746,776,30,0.6,0.5996074596901979,0.4,1.3949849371827328,1.3889391517334193,0.13230580216573223,0.19921109413881,0.13513677034165628,0.0035834808113223587,0.0024524289041836897,0.135044160076611,0.13495427167808502,0.1347826820986889,0.13553431601661264,1.8761162296031522,0.22818646872385068,0.07215831661396416,0.07212519655145734,0.07210670920361206,0.07217670011260666,0.15602815210988652,0.15606127217239335,0.15607975952023861,0.15600976861124402
766,746,776,30,0.6666666666666666,0.6663314786420897,0.33333333333333337,1.3949849371827328,1.3889391517334193,0.13230580216573223,0.14358783741817074,0.1359820470674704,0.0027644244065602435,0.002489511893514788,0.13586401529253708,0.13574873438395388,0.13552645307748865,0.1364815375957153,1.855181433727982,0.19282914726645048,0.07723883032337608,0.07723453079369107,0.07721443370246941,0.07725891527537014,0.1155903169430744,0.11559461647275941,0.11561471356398106,0.11557023199108034
767,746,776,30,0.7,0.6996943189665384,0.30000000000000004,1.3949849371827328,1.3889391517334193,0.13230580216573223,0.10500230476011833,0.13582604864994907,0.002496171729765269,0.002477861721853484,0.13569269736085435,0.13556204563634172,0.13530887199927855,0.136386288678242,1.8975535350426114,0.1287587879704953,0.07341983428643935,0.07344513618302732,0.07340580209054191,0.07345936336213864,0.05533895368405596,0.055313651787467985,0.055352985879953395,0.05529942460835667
768,746,776,30,0.7333333333333333,0.7330588209879928,0.2666666666666667,1.3949849371827328,1.3889391517334193,0.13230580216573223,0.07556181135846096,0.13715214299871425,0.003122447104743472,0.002315852290808607,0.13700331064381335,0.13685676571536318,0.13657056747673071,0.1377701967082466,1.9079861097322293,0.10422187943272627,0.07515649430170919,0.07515514851956819,0.07513599924889962,0.07517567964849901,0.029065385131017085,0.02906673091315809,0.029085880183826657,0.02904619978422726
769,746,776,30,0.7666666666666667,0.7664230856241607,0.23333333333333328,1.3949849371827328,1.3889391517334193,0.13230580216573223,0.07897196510777048,0.1388193188412192,0.0038656045025645437,0.0021457076060319496,0.13864411820493505,0.1384707739912984,0.13812968271346923,0.13953854464920307,1.9054624294592708,0.10706756856081519,0.06596703279509836,0.06594920655446962,0.06593370313655304,0.0659824720846722,0.04110053576571683,0.04111836200634557,0.041133865424262145,0.04108509647614299
771,746,776,30,0.8333333333333334,0.8331549382905078,0.16666666666666663,1.3949849371827328,1.3889391517334193,0.13230580216573223,0.08102896926930864,0.13732182961974237,0.00432655167405824,0.001982782242153386,0.13718886557454216,0.13705756532684918,0.1367999753261798,0.13787022659669235,1.9473876044116758,0.074887566689114,0.10435208428707764,0.10433432088051825,0.10432323313587001,0.10436317220735875,-0.029464517597963633,-0.029446754191404245,-0.029435666446756006,-0.02947560551824474
772,746,776,30,0.8666666666666667,0.8665230010912601,0.1333333333333333,1.3949849371827328,1.3889391517334193,0.13230580216573223,0.1187823273152024,0.13547235466863908,0.003051905313723314,0.0017894989057700055,0.13537992485255046,0.13528891127875414,0.13511114426161366,0.1358561778790939,2.0006293937823973,0.07880617985375525,0.09365361882091193,0.09364479206429593,0.09363282351417532,0.09366560925127601,-0.014847438967156679,-0.014838612210540683,-0.014826643660420066,-0.01485942939752076
773,746,776,30,0.9,0.899890351736153,0.09999999999999998,1.3949849371827328,1.3889391517334193,0.13230580216573223,0.12170066688710918,0.13373743227977855,0.003822440671992568,0.001412132731777755,0.13369851254798926,0.1336605139416942,0.13358728323067812,0.133902306112806,2.019327171314924,0.09302809858464958,0.08245375874001608,0.08243927450288902,0.08243369826256343,0.08245932951323127,0.010574339844633504,0.010588824081760567,0.010594400322086153,0.010568769071418307
774,746,776,30,0.9333333333333333,0.9332598388486244,0.06666666666666665,1.3949849371827328,1.3889391517334193,0.13230580216573223,0.09193204240397768,0.1342099591403582,0.0034253745906663823,0.0009451807317385822,0.13421525930409006,0.13422097525535484,0.13423365430415873,0.13419291728811972,2.001773557927676,0.07335676027662372,0.07267703853895924,0.0726632420651535,0.07265585812074249,0.07268444458104414,0.0006797217376644793,0.0006935182114702204,0.0007009021558812278,0.0006723156955795728
777,776,847,71,0.014084507042253521,0.014160643631004312,0.014084507042253521,7.685532155787477,3.2471516446257396,0.2756914003650455,0.11610431991927964,0.15454007905311262,0.012986723634217033,0.006045728280421913,0.15308758662286548,0.15163624624768793,0.14873715653345326,0.16036094285925423,2.074820519510561,0.08987425912893915,0.03869389914929985,0.038694013403767706,0.03869443536058444,0.03869239732631715,0.0511803599796393,0.05118024572517144,0.05117982376835471,0.051181861802622
778,776,847,71,0.028169014084507043,0.028321992388063506,0.028169014084507043,7.685532155787477,3.2471516446257396,0.2756914003650455,0.25232911744090986,0.16553146849900777,0.024095397734036905,0.012354592204054835,0.162559034234268,0.15959101369589668,0.15366923640011368,0.17746090219577657,2.198954039724423,0.2320419966106735,0.020738282155362466,0.020794967299254077,0.020773432873861294,0.020764051050199926,0.21130371445531104,0.21124702931141942,0.21126856373681221,0.21127794556047358
779,776,847,71,0.04225352112676056,0.0424833411451227,0.04225352112676056,7.685532155787477,3.2471516446257396,0.2756914003650455,0.3341246194335322,0.17675534300704338,0.03545977473655886,0.018855334208515425,0.1721972052072007,0.1676476785831476,0.15857742210402007,0.19506191585788393,2.270660101159695,0.331781395577079,0.013550428425394554,0.01378784375227707,0.013695956227790513,0.013700874569720703,0.3182309671516844,0.3179935518248019,0.31808543934928846,0.3180805210073583
781,776,847,71,0.07042253521126761,0.0707418721882469,0.07042253521126761,7.685532155787477,3.2471516446257396,0.2756914003650455,0.38139117193711797,0.2046188944284891,0.06379341014713978,0.03174795627538208,0.19686108302775365,0.18911814205818803,0.17368482293446544,0.23576944596750632,2.349778166578362,0.38524684038712714,0.029451934845232647,0.029741186490354343,0.029632957656433753,0.029642354679135622,0.3557949055418945,0.3555056538967728,0.3556138827306934,0.3556044857079915
782,776,847,71,0.08450704225352113,0.0848399610649539,0.08450704225352113,7.685532155787477,3.2471516446257396,0.2756914003650455,0.44868393740010437,0.2117434961493246,0.0708772148631849,0.03809791646338236,0.20242961819592392,0.19313628320233464,0.174624354648231,0.24915829017808871,2.4504867131746653,0.46146860690239466,0.05622421053705465,0.056657651584001864,0.05647811439879716,0.056468144738803544,0.40524439636534004,0.4048109553183928,0.40499049250359753,0.4050004621635911
783,776,847,71,0.09859154929577464,0.09893784847707378,0.09859154929577464,7.685532155787477,3.2471516446257396,0.2756914003650455,0.5138726955793252,0.22645972830277705,0.08576812884884444,0.044453294571491456,0.21556685713077883,0.20469768725683757,0.18304733129100378,0.27021081101557776,2.526853572150373,0.5277046601362113,0.024118016758689645,0.02261087659134006,0.023372693995080775,0.023455471497302594,0.5035866433775217,0.5050937835448712,0.5043319661411305,0.5042491886389087
784,776,847,71,0.11267605633802817,0.11303644101524855,0.11267605633802817,7.685532155787477,3.2471516446257396,0.2756914003650455,0.5815638527423647,0.2391590045074012,0.09861911591932121,0.050944232954633926,0.22665200242874875,0.2141719994113818,0.18931433823784893,0.2893868862857812,2.5944248858141425,0.60530710921734,0.03394114670952357,0.03294370828816797,0.033407308375521166,0.033505991953217074,0.5713659625078165,0.572363400929172,0.5718998008418188,0.5718011172641229
786,776,847,71,0.14084507042253522,0.1412338275561852,0.14084507042253522,7.685532155787477,3.2471516446257396,0.2756914003650455,0.8054338399056532,0.2632808758189016,0.12278846669310071,0.06487106594806506,0.24733560846738795,0.23142821513279865,0.1997632237068603,0.327329809202668,2.804908633659675,0.8265575712597458,0.03922143655371568,0.03834072723124822,0.038733785597818225,0.038871848496984024,0.7873361347060301,0.7882168440284976,0.7878237856619276,0.7876857227627618
787,776,847,71,0.15492957746478872,0.15533282302353418,0.15492957746478872,7.685532155787477,3.2471516446257396,0.2756914003650455,0.9598504740536794,0.27243312828587635,0.132003181757682,0.07189199327931585,0.25474569773873107,0.23710122096346578,0.20198613300407608,0.34347945825720577,2.960453182014381,1.0060789605713742,0.0544442126351814,0.05592685772686031,0.0552431448098506,0.05511871469536158,0.9516347479361928,0.9501521028445139,0.9508358157615237,0.9509602458760127
788,776,847,71,0.16901408450704225,0.16943232215235093,0.16901408450704225,7.685532155787477,3.2471516446257396,0.2756914003650455,1.1368799193163883,0.28316854680987974,0.142693173442449,0.07843821388508383,0.26385998494598634,0.2445993184447956,0.2062753110860316,0.36072767378753096,3.076001551051144,1.1708701878076557,0.038284917110444946,0.036882614139728306,0.037421456097143854,0.03774881371422841,1.1325852706972108,1.1339875736679275,1.133448731710512,1.1331213740934274
789,776,847,71,0.18309859154929578,0.18353172054887415,0.18309859154929578,7.685532155787477,3.2471516446257396,0.2756914003650455,1.2829143477318017,0.2943598490534939,0.1537700490701157,0.08443384882546728,0.27357675399147424,0.25284757121171403,0.21161428405065386,0.3778531274321867,3.1646865528859407,1.3014039172511882,0.03950222295829898,0.03785405269906732,0.03850435182847087,0.03889990307449078,1.2619016942928891,1.2635498645521208,1.2628995654227173,1.2625040141766974
791,776,847,71,0.2112676056338028,0.2117315246648561,0.2112676056338028,7.685532155787477,3.2471516446257396,0.2756914003650455,1.3819974732833518,0.31291126371264333,0.17240891812301257,0.09328990544840697,0.2899146504826497,0.2669745792730688,0.22133435392434475,0.40527032287909404,3.2048821689527025,1.3641709868113199,0.04130327604756185,0.034774748202028076,0.03744081909311269,0.03878678278415691,1.322867710763758,1.329396238609292,1.3267301677182073,1.325384204027163
792,776,847,71,0.22535211267605634,0.2258320311166084,0.22535211267605634,7.685532155787477,3.2471516446257396,0.2756914003650455,1.6214234196883115,0.31809325664416965,0.1775730554402691,0.09565599108666517,0.2945410001413844,0.271052098654349,0.2243439207171577,0.4127185267755558,3.4521896827651166,1.6253145590609939,0.04629497996512834,0.04227555400471526,0.04379450640929687,0.04482016569370599,1.5790195790958654,1.5830390050562786,1.581520052651697,1.580494393367288
793,776,847,71,0.23943661971830985,0.23993243683606716,0.23943661971830985,7.685532155787477,3.2471516446257396,0.2756914003650455,1.7571423361518193,0.32171386283989195,0.18115930105957795,0.09688145593794877,0.29789297074503374,0.27414209191278954,0.2269382555357386,0.4174573993480518,3.5967556438570094,1.7460127310668812,0.06335150030041242,0.05796692095817937,0.0600218966549445,0.0614117179418775,1.6826612307664688,1.6880458101087017,1.6859908344119368,1.6846010131250035
794,776,847,71,0.2535211267605634,0.2540333462169937,0.2535211267605634,7.685532155787477,3.2471516446257396,0.2756914003650455,1.8482397487279612,0.3264736454990693,0.1858640458749776,0.09709181422907417,0.3026268634221557,0.2788536323464316,0.2316183618267175,0.4223466084345864,3.7034764784253165,1.8285630350102824,0.07038024787364189,0.06491203937202439,0.06697458126272543,0.06840779614184833,1.7581827871366404,1.763650995638258,1.761588453747557,1.760155238868434
796,776,847,71,0.28169014084507044,0.2822356686403145,0.28169014084507044,7.685532155787477,3.2471516446257396,0.2756914003650455,2.0764775848091657,0.3286917054162604,0.18794318919696407,0.09505562505217499,0.3053989680566102,0.2821848129371823,0.23608491273769544,0.42238789294279433,3.915268853055831,2.0297606704056848,0.0850424711043398,0.08031223263845785,0.08203500750366476,0.0833734697733897,1.944718199301345,1.949448437767227,1.94772566290202,1.946387200632295
797,776,847,71,0.29577464788732394,0.29633688021812166,0.29577464788732394,7.685532155787477,3.2471516446257396,0.2756914003650455,2.218400635083514,0.32839980978174355,0.1876562856047834,0.09303157075912229,0.30561785258941615,0.28291335727177247,0.2378254337951275,0.4200496155043464,4.060244351597375,2.1785761116489675,0.08641832750109987,0.08114569283039642,0.08303133615014704,0.08463215484163271,2.092157784147868,2.097430418818571,2.0955447754988206,2.0939439568073346
798,776,847,71,0.30985915492957744,0.3104388976542773,0.30985915492957744,7.685532155787477,3.2471516446257396,0.2756914003650455,2.3473046918638745,0.33015253113307413,0.18950338077108242,0.09037210904325506,0.3080290107074063,0.2859789132485244,0.24217915450860267,0.4191478032084879,4.218801413820016,2.33574740775404,0.07609689947865918,0.06944847453031938,0.07175345905910356,0.07391146248945255,2.2596505082753806,2.2662989332237204,2.2639939486949365,2.2618359452645875
799,776,847,71,0.323943661971831,0.32454061289355224,0.323943661971831,7.685532155787477,3.2471516446257396,0.2756914003650455,2.4247627912873617,0.3285831018778781,0.18791618025555928,0.08726530169078,0.3072493869767402,0.2859884977850949,0.24376136554149394,0.41442076698337393,4.306871244427769,2.414213874952298,0.05885670745084982,0.05137281577214809,0.05395012072594131,0.056442434490350406,2.355357167501448,2.3628410591801496,2.3602637542263567,2.3577714404619474
801,776,847,71,0.352112676056338,0.3527452521596248,0.352112676056338,7.685532155787477,3.2471516446257396,0.2756914003650455,2.590574403646457,0.32602155281793793,0.18522175406474223,0.08095671891216051,0.3063123483424853,0.28667700532914103,0.24769810866387437,0.4053809732116489,4.447691496249046,2.536844356756401,0.10384620048567997,0.09660283309962267,0.09901863855463432,0.10150357173549655,2.4329981562707212,2.4402415236567787,2.437825718201767,2.435340785020905
802,776,847,71,0.36619718309859156,0.3668480754541289,0.36619718309859156,7.685532155787477,3.2471516446257396,0.2756914003650455,2.746119571499249,0.32252724173489183,0.181647977264139,0.07843894706027468,0.303478624522725,0.28450626175056926,0.24686056488919367,0.3992653774830371,4.604022729289916,2.689288283701152,0.10974787575153568,0.10360986220404066,0.10563570841671298,0.10784081347714225,2.579540407949616,2.585678421497111,2.583652575284439,2.5814474702240098
803,776,847,71,0.38028169014084506,0.3809508987486329,0.38028169014084506,7.685532155787477,3.2471516446257396,0.2756914003650455,2.828257247451807,0.31649878294984385,0.1754560016989453,0.07724787112409146,0.29781101848464303,0.2792082198864121,0.24233571196203782,0.3918556227894726,4.674384941483806,2.731598420518219,0.13082246306717632,0.12439980769126001,0.12643618367473983,0.12875188833207227,2.6007759574510425,2.607198612826959,2.605162236843479,2.6028465321861467
804,776,847,71,0.39436619718309857,0.39505422570460474,0.39436619718309857,7.685532155787477,3.2471516446257396,0.2756914003650455,2.9382118826534502,0.31980563415291646,0.1788553572542951,0.07657976534341915,0.3012618187698318,0.28279812732507903,0.24618315992614276,0.39455552202546046,4.788287462941009,2.866825838472423,0.11108157715760351,0.10211145499423273,0.10486125266805554,0.10828332566542404,2.7557442613148195,2.76471438347819,2.7619645858043675,2.758542512806999
806,776,847,71,0.4225352112676056,0.42326128254572265,0.4225352112676056,7.685532155787477,3.2471516446257396,0.2756914003650455,3.2142132243765875,0.32860187710233174,0.187776110183032,0.07533321941129288,0.310369565984456,0.2922134974414117,0.2561948662876421,0.4020855203211738,5.068672874523894,3.181269950683983,0.09171566707163512,0.08333646672391774,0.08578051778467144,0.08937196732233552,3.089554283612348,3.097933483960065,3.0954894328993117,3.0918979833616476
807,776,847,71,0.43661971830985913,0.43736501243086867,0.43661971830985913,7.685532155787477,3.2471516446257396,0.2756914003650455,3.286967312181054,0.32390496630781057,0.1829158478732372,0.07432560336432167,0.3059714350027179,0.28812002323825864,0.2527330924918634,0.39623658209227475,5.123897414848773,3.2218804949887954,0.11095100087820534,0.10216666819618701,0.10467484775576293,0.1084618373010202,3.11092949411059,3.1197138267926086,3.1172056472330323,3.113418657687775
808,776,847,71,0.4507042253521127,0.45146934670977606,0.4507042253521127,7.685532155787477,3.2471516446257396,0.2756914003650455,3.370034394695604,0.3264611652356564,0.1855229140212737,0.07294232012909313,0.3088662717902156,0.29135018114011707,0.2566188900424968,0.39741878946400144,5.2152250756227385,3.323836524613437,0.10233993694714101,0.09321451758375762,0.09577279693019138,0.09986474319769459,3.221496587666296,3.2306220070296794,3.228063727683246,3.2239717814157425
809,776,847,71,0.4647887323943662,0.46557347952409633,0.4647887323943662,7.685532155787477,3.2471516446257396,0.2756914003650455,3.4856032942799855,0.32727804925492293,0.18627808775555213,0.07164222799945713,0.31004662807166505,0.2928967014788691,0.258906041580066,0.3968056480785135,5.315989639410768,3.4222488064553716,0.10823161888212594,0.09984868025589971,0.10213525883135632,0.1059899159582363,3.3140171875732456,3.322400126199472,3.320113547624015,3.316258890497135
811,776,847,71,0.49295774647887325,0.4937433661488926,0.49295774647887325,7.685532155787477,3.2471516446257396,0.2756914003650455,3.769644343658539,0.3215187912716437,0.1804483051116402,0.06968153716474318,0.3048356057237385,0.2882396563119717,0.2553774150384664,0.3888985412843707,5.611583994742812,3.7135985035038375,0.10343744018630903,0.09410296937297934,0.09648493480939573,0.10106992852676987,3.6101610633175283,3.6194955341308583,3.6171135686944416,3.6125285749770675
812,776,847,71,0.5070422535211268,0.5078086162979009,0.49295774647887325,7.685532155787477,3.2471516446257396,0.2756914003650455,3.907074584724362,0.32150184381023894,0.18036804103807288,0.06924726550068394,0.30497165461817494,0.28853315691637016,0.25600179998689687,0.3883044129402598,5.739233466567641,3.841636274502351,0.11978836501500378,0.10960219182656505,0.11213393456612832,0.11729631979159139,3.721847909487347,3.732034082675786,3.7295023399362224,3.7243399547107594
813,776,847,71,0.5211267605633803,0.5218732620531478,0.47887323943661975,7.685532155787477,3.2471516446257396,0.2756914003650455,4.013634273606094,0.32232940807047733,0.1811983866929546,0.06911135839194575,0.3058259115589681,0.2894128133601393,0.2569270240679001,0.38901639892850437,5.871354495770032,3.9776630574937584,0.096277319634459,0.08605742475073398,0.0885240273381089,0.09387726033527274,3.8813857378592993,3.8916056327430244,3.8891390301556497,3.8837857971584855
814,776,847,71,0.5352112676056338,0.5359381092729818,0.46478873239436624,7.685532155787477,3.2471516446257396,0.2756914003650455,4.103544720651317,0.3228824310226849,0.18173395685649374,0.06912729530217782,0.3064159901926919,0.2900444391776735,0.2576582632297296,0.3894554067249112,5.92804658483791,4.037124773073997,0.12270780987897616,0.11098939982677915,0.11372903188920304,0.12000151880277149,3.914416963195021,3.926135373247218,3.923395741184794,3.9171232542712255
816,776,847,71,0.5633802816901409,0.5640666956574207,0.43661971830985913,7.685532155787477,3.2471516446257396,0.2756914003650455,4.474078660843835,0.32596843180257734,0.18489198366564555,0.06869894188713982,0.3096353380873965,0.29339838058553214,0.26128446803589434,0.3920208579395845,6.301036773417884,4.4289236428571455,0.09351121373806848,0.0816920574747103,0.08416332710429793,0.09098595751786799,4.335412429119077,4.347231585382435,4.344760315752848,4.337937685339277
817,776,847,71,0.5774647887323944,0.5781305355543193,0.4225352112676056,7.685532155787477,3.2471516446257396,0.2756914003650455,4.803661636637308,0.3252126892765485,0.18416653955063958,0.06725446217699696,0.30929807102588264,0.293483722801655,0.262228295906279,0.38962704311237556,6.6235774160231315,4.769008015790894,0.11654943357855953,0.1004360829917199,0.10363754741429204,0.11343418569845692,4.6524585822123345,4.668571932799175,4.665370468376603,4.655573830092437
818,776,847,71,0.5915492957746479,0.5921945769158048,0.4084507042253521,7.685532155787477,3.2471516446257396,0.2756914003650455,4.897447932836644,0.31888680400463604,0.17775154027207068,0.06426216085560213,0.303711073029552,0.2886316704001166,0.2588290965222951,0.3803213601228536,6.731842590762856,4.8977556582031525,0.11041442832834496,0.0963477716247808,0.0989951342798239,0.10788695559011609,4.787341229874808,4.801407886578372,4.798760523923328,4.789868702613036
819,776,847,71,0.6056338028169014,0.6062579131512356,0.3943661971830986,7.685532155787477,3.2471516446257396,0.2756914003650455,5.008486540016751,0.3153941624178823,0.17416551655366141,0.059931048408817654,0.3013401083171777,0.28737990603791663,0.2598014787932049,0.372335343632832,6.8197096353995645,4.987745431859676,0.11997433188734535,0.10826165249394612,0.11039669812766983,0.11794424001893626,4.867771099972331,4.879483779365731,4.877348733732006,4.8698011918407405
821,776,847,71,0.6338028169014085,0.6343843841575099,0.3661971830985915,7.685532155787477,3.2471516446257396,0.2756914003650455,5.272312826685367,0.3018927890257245,0.16057664200779645,0.04859426941640904,0.290815047682203,0.27982620182639745,0.258160515767811,0.3469214122394119,7.101060966545348,5.242388518706494,0.1113436212195919,0.09562290485353957,0.0983275329026959,0.10872952191429734,5.131044897486902,5.1467656138529545,5.144060985803798,5.133658996792197
822,776,847,71,0.647887323943662,0.6484475189283535,0.352112676056338,7.685532155787477,3.2471516446257396,0.2756914003650455,5.368990858616433,0.2925496654731881,0.15115973848843994,0.04195942327624431,0.2832219250427243,0.27397825649410223,0.25577951422164247,0.33055807363433015,7.206844954563188,5.347870227154294,0.09010830599541267,0.07529761328310056,0.0777163248221736,0.08772072694890382,5.257761921158881,5.272572613871193,5.270153902332121,5.26014950020539
823,776,847,71,0.6619718309859155,0.6625100493054358,0.3380281690140845,7.685532155787477,3.2471516446257396,0.2756914003650455,5.521004321839199,0.283757691042446,0.142315685000783,0.03495419213295766,0.276333646046384,0.2689885965841204,0.25456276383768883,0.3141309357801823,7.3471469300721735,5.492490085581393,0.08852783668764913,0.07276195651124381,0.07521770643307309,0.08609571683208923,5.403962248893744,5.419728129070149,5.4172723791483195,5.406394368749304
824,776,847,71,0.676056338028169,0.6765727811471051,0.323943661971831,7.685532155787477,3.2471516446257396,0.2756914003650455,5.674174570403493,0.2761501267908058,0.13462400489510654,0.027727950549733885,0.27078962902931347,0.26550189972634736,0.2551627806143852,0.2982405387026861,7.501177265496662,5.650826987609352,0.08456764141779045,0.07097685461582595,0.07291400624026653,0.08252634721570576,5.566259346191561,5.579850132993526,5.577912981369085,5.568300640393646
826,776,847,71,0.704225352112676,0.7046971367752147,0.295774647887324,7.685532155787477,3.2471516446257396,0.2756914003650455,5.885342822487058,0.25059416013741437,0.10899627128121499,0.015568608873375972,0.24997966371858607,0.2494243956563195,0.24849309043349765,0.2536351974022258,7.769518636421566,5.916034011633423,0.08590569127683685,0.07808062217699936,0.07894840466233247,0.08484069554619152,5.830128320356586,5.837953389456423,5.83708560697109,5.831193316087232
827,776,847,71,0.7183098591549296,0.7187588612939486,0.2816901408450704,7.685532155787477,3.2471516446257396,0.2756914003650455,5.892693695395884,0.2360887279771823,0.09431989441514636,0.016018282708464667,0.23802973648400924,0.24002186691221658,0.2441544560409081,0.22886141508125143,7.782470358048602,5.90503953154231,0.08014861290102272,0.06787822460809287,0.06940678204856358,0.0785000386505333,5.824890918641287,5.837161306934218,5.8356327494937466,5.826539492891777
828,776,847,71,0.7323943661971831,0.732820686544976,0.2676056338028169,7.685532155787477,3.2471516446257396,0.2756914003650455,5.920229631920412,0.22073596125028386,0.07881255130689431,0.021846643643871302,0.22517282178414522,0.22965385742720446,0.23873847991589844,0.2034876385990667,7.833232493397333,5.942965052774911,0.07999599036567588,0.07083715082319314,0.07188673356456246,0.07873991621473145,5.862969062409235,5.872127901951718,5.871078319210349,5.864225136560179
829,776,847,71,0.7464788732394366,0.746881907402242,0.2535211267605634,7.685532155787477,3.2471516446257396,0.2756914003650455,6.01825093729607,0.20804466884750122,0.06616182705655659,0.02964491235994448,0.21483661165016954,0.221668238091046,0.2354367043078144,0.1813625330493188,7.967600073012056,6.075845289632948,0.09123781245555487,0.08503028621340561,0.08564335621363077,0.09039148631788112,5.984607477177393,5.990815003419542,5.990201933419317,5.985453803315067
831,776,847,71,0.7746478873239436,0.7750042483844807,0.22535211267605637,7.685532155787477,3.2471516446257396,0.2756914003650455,5.831333234799407,0.18541408748875593,0.043037391936418284,0.04266162985175315,0.19585456346281133,0.2063180507174052,0.22730134094451693,0.14398228157178417,7.792421894867633,5.871014245724766,0.06747445919696626,0.05741756885874692,0.058486804483872674,0.06604304541392733,5.803539786527799,5.813596676866019,5.812527441240893,5.804971200310838
832,776,847,71,0.7887323943661971,0.7890651670448661,0.21126760563380287,7.685532155787477,3.2471516446257396,0.2756914003650455,5.645680412915213,0.172650178867102,0.030150512849818237,0.047028409407004416,0.1842145971842186,0.19580196699743496,0.21903098397935236,0.1267475410626452,7.622035195668224,5.705410506346715,0.07187536131254592,0.06701572810421468,0.067414487573205,0.07106871759607325,5.63353514503417,5.638394778242501,5.63799601877351,5.634341788750642
833,776,847,71,0.8028169014084507,0.8031256827760772,0.19718309859154926,7.685532155787477,3.2471516446257396,0.2756914003650455,5.435695530346728,0.16597386483820825,0.023452802083142283,0.04957349376817627,0.1781756543148292,0.19040219321806962,0.2149126152587653,0.11756818442958279,7.431685051821513,5.525160798452287,0.1119485193137828,0.10486129610023491,0.10555757548241286,0.11104488619412499,5.413212279138504,5.420299502352052,5.419603222969874,5.414115912258162
834,776,847,71,0.8169014084507042,0.8171861985072885,0.18309859154929575,7.685532155787477,3.2471516446257396,0.2756914003650455,5.143205706144566,0.1614000717932416,0.018844939203822453,0.05092184924193553,0.17393598503885724,0.18649825722855656,0.21168309825969425,0.11169736667146862,7.134059496026652,5.249475994964372,0.11249046631176021,0.11242518956579176,0.11225352177949777,0.11241893359841693,5.136985528652612,5.13705080539858,5.137222473184874,5.1370570613659545
836,776,847,71,0.8450704225352113,0.8453063233790689,0.15492957746478875,7.685532155787477,3.2471516446257396,0.2756914003650455,4.399489640709395,0.15304365597405262,0.010490035539722312,0.05094494564921993,0.16560935919691433,0.17819927752160283,0.2034337684066716,0.10319979706410767,6.344342283405767,4.471222591781144,0.07844234383755062,0.07579767187695596,0.07585745367191295,0.07809567654154408,4.392780247943594,4.395424919904189,4.395365138109232,4.3931269152396
837,776,847,71,0.8591549295774648,0.8593658317873445,0.14084507042253525,7.685532155787477,3.2471516446257396,0.2756914003650455,3.960872677159217,0.14853779429989358,0.005876529217524088,0.04990392365453493,0.16084724948232015,0.17318053931112667,0.1979007904349216,0.09971475822777459,5.93990092166116,4.056397582140463,0.09979737519446641,0.09803586958016805,0.09809222069464013,0.09955415327546158,3.956600206945997,3.9583617125602952,3.9583053614458232,3.956843428865002
838,776,847,71,0.8732394366197183,0.8734255416602072,0.12676056338028174,7.685532155787477,3.2471516446257396,0.2756914003650455,3.518258758759645,0.14488656224872248,0.0034553171731428,0.047998439276310416,0.1567290427346538,0.1685937455079789,0.19237336409972716,0.09790005603360487,5.4880451603978715,3.587191623935329,0.07040636657973438,0.06830018964826849,0.0684040249283633,0.07005325355811559,3.5167852573555947,3.5188914342870605,3.5187875990069655,3.5171383703772134
839,776,847,71,0.8873239436619719,0.8874847478716021,0.11267605633802813,7.685532155787477,3.2471516446257396,0.2756914003650455,3.052634331310076,0.1424138640048483,0.0011661119060674477,0.04513338776146991,0.15355575673294863,0.1647169087471561,0.18708319737234586,0.09816995448800579,5.050905935609781,3.1380103219558353,0.08709384059187006,0.08625442873218704,0.08627864542194356,0.0869062213880198,3.050916481363965,3.0517558932236484,3.0517316765338918,3.0511041005678154
841,776,847,71,0.9154929577464789,0.9156101108226474,0.08450704225352113,7.685532155787477,3.2471516446257396,0.2756914003650455,1.9213202136593182,0.1418889515810077,0.0018459984345236497,0.03569233397649182,0.15070889442866553,0.1595403083147013,0.17723068787850224,0.10678069977766054,3.915730427487522,1.9845603816816,0.06024903682588842,0.06023970972136237,0.060158957597733966,0.060176475795758515,1.9243113448557116,1.9243206719602377,1.924401424083866,1.9243839058858414
842,776,847,71,0.9295774647887324,0.9296758646331235,0.07042253521126762,7.685532155787477,3.2471516446257396,0.2756914003650455,1.4412798124961774,0.1428954547251291,0.0030003586864945034,0.029860235067503973,0.15025930503818968,0.15763267657692004,0.17240309535402673,0.11357227633153438,3.3943583127476296,1.4940122176303172,0.05156362626605861,0.05264624248323406,0.05236947000517402,0.05174185843566556,1.4424485913642586,1.441365975147083,1.4416427476251432,1.4422703591946517
843,776,847,71,0.9436619718309859,0.9437409133175445,0.05633802816901412,7.685532155787477,3.2471516446257396,0.2756914003650455,1.0843266440585517,0.14509326829814254,0.003830184338399676,0.023766607248543126,0.1509510897133845,0.15681521902670376,0.16855976726788222,0.12174325899072992,2.976863167588934,1.1246041386300678,0.0336842613300438,0.035432015582087084,0.03499795712500264,0.03402414688535253,1.090919877300024,1.0891721230479807,1.089606181505065,1.0905799917447152
844,776,847,71,0.9577464788732394,0.9578061634665528,0.04225352112676062,7.685532155787477,3.2471516446257396,0.2756914003650455,0.7303208648975507,0.14497589555323862,0.0033655612944070872,0.017582150983391817,0.1493066994303545,0.1536411800340626,0.16231999300658043,0.1276969244722689,2.6425566026009712,0.7769656328876393,0.04344461726487425,0.04435451936438684,0.04410772667731385,0.04364641592118776,0.7335210156227651,0.7326111135232525,0.7328579062103254,0.7333192169664515
846,776,847,71,0.9859154929577465,0.9859357571739273,0.014084507042253502,7.685532155787477,3.2471516446257396,0.2756914003650455,0.18160689524950027,0.14342797479940916,0.0012366882610962667,0.005795519304241875,0.1448354557452894,0.14624374527593345,0.14906265840782262,0.13780663215725278,2.1899589055018387,0.24338876658586872,0.07016937291799222,0.07049060246428886,0.07044871171871696,0.0702062054722476,0.1732193936678765,0.17289816412157988,0.17294005486715175,0.17318256111362113
848,847,881,34,0.029411764705882353,0.029414831882591797,0.029411764705882353,15.510664264994245,13.705750382284617,0.11116772323958811,0.7219666492710245,0.13828161305081577,0.002762503687435349,0.00026844166718452926,0.13825540262210748,0.1382292198056641,0.13817693707234216,0.13838673057426587,1.304597015125088,0.703752697210604,0.005685382757018956,0.005598933398206262,0.0057999933681552596,0.0057957998747096215,0.698067314453585,0.6981537638123977,0.6979527038424487,0.6979568973358944
849,847,881,34,0.058823529411764705,0.058828189041836426,0.058823529411764705,15.510664264994245,13.705750382284617,0.11116772323958811,1.3525862181521633,0.14010732176305413,0.0030762805985622044,0.00040806702576073444,0.1400499798660073,0.13999268882395,0.13987825955469774,0.14033719665354444,0.8323250189481267,1.3601835990317301,0.0362716972228944,0.035081399805120254,0.03567977899133111,0.035783546078421456,1.3239119018088357,1.3251021992266099,1.3245038200403991,1.3244000529533086
851,847,881,34,0.11764705882352941,0.11765490336032569,0.11764705882352941,15.510664264994245,13.705750382284617,0.11116772323958811,2.445252275762276,0.13825786837607335,0.003625711071757886,0.0007394166181464205,0.1380961021987863,0.13793439404012522,0.13761115259674644,0.1389055092163611,0.9476555248208626,2.4444970720828785,0.04274933974330628,0.04076722327468714,0.04170707410214678,0.04200924992871675,2.4017477323395724,2.4037298488081915,2.4027899979807317,2.402487822154162
852,847,881,34,0.14705882352941177,0.14706804984480643,0.14705882352941177,15.510664264994245,13.705750382284617,0.11116772323958811,2.914971539988013,0.1373996056588777,0.004081426560824305,0.001060232243372148,0.13716958857206482,0.13693969816819088,0.13648029996955705,0.1383209281904575,1.3032354119672043,2.911752572091433,0.02479926652972673,0.020077569931249362,0.022319771054510582,0.02316661647544065,2.8869533055617063,2.8916750021601834,2.8894328010369223,2.888585955615992
853,847,881,34,0.17647058823529413,0.17647972160594003,0.17647058823529413,15.510664264994245,13.705750382284617,0.11116772323958811,3.359887662338896,0.13770089946927033,0.004581376392901812,0.0012820445917200345,0.13740483287008218,0.13710887619791887,0.13651729549413874,0.13888625107233804,1.6794376802122217,3.3568480499663327,0.035667483997565606,0.03219711038874184,0.033771359383488124,0.03449507842103708,3.321180565968767,3.324650939577591,3.3230766905828446,3.3223529715452957
854,847,881,34,0.20588235294117646,0.20589181471660137,0.20588235294117646,15.510664264994245,13.705750382284617,0.11116772323958811,3.777031203130655,0.13738510146941055,0.005785526181345472,0.0014883033399144092,0.137028228053695,0.1366714357214579,0.1359580968607047,0.13881339345754395,2.056722401309449,3.7705686660655,0.04143441716945787,0.037761336140078275,0.039365190217560804,0.04022850248424909,3.729134248896042,3.732807329925422,3.731203475847939,3.7303401635812508
856,847,881,34,0.2647058823529412,0.2647141048650491,0.2647058823529412,15.510664264994245,13.705750382284617,0.11116772323958811,4.465923950186329,0.13733428126245167,0.005810845832382208,0.002013409458320133,0.13685707891176366,0.13638006457636342,0.13542660789761865,0.13924493214615288,2.717665937356937,4.46100305469232,0.05585420414721093,0.05263341070540716,0.05397595143609631,0.05488507456795202,4.405148850545109,4.408369643986913,4.407027103256223,4.4061179801243675
857,847,881,34,0.29411764705882354,0.29412409122807165,0.29411764705882354,15.510664264994245,13.705750382284617,0.11116772323958811,4.734760098171853,0.13635059147686776,0.006488469384240484,0.0022515173959101052,0.13582197378589683,0.13529363250509988,0.13423779222726506,0.13846776300388894,2.9707826332721305,4.725067505204431,0.041887050586385824,0.03749100452611379,0.03928981823922795,0.040615106491927296,4.6831804546180456,4.687576500678317,4.685777686965204,4.684452398712504
858,847,881,34,0.3235294117647059,0.32353470961538583,0.3235294117647059,15.510664264994245,13.705750382284617,0.11116772323958811,4.937757183529594,0.13656636367855599,0.006527035318194749,0.0023964688940878356,0.13599761171982858,0.1354291216153525,0.13429294026942906,0.13884392567512435,3.1627015669316654,4.9242613120322885,0.060925805783247106,0.058074356040908603,0.0592382556805573,0.06015158467586031,4.863335506249041,4.86618695599138,4.865023056351731,4.864109727356428
859,847,881,34,0.35294117647058826,0.3529434319298251,0.35294117647058826,15.510664264994245,13.705750382284617,0.11116772323958811,5.131378432448388,0.13638070347244943,0.007174685474402909,0.0025162041658060162,0.13578435439844788,0.13518830174830912,0.13399710154046462,0.1387689875470842,3.3394935722648964,5.1081929010181595,0.06776297310567618,0.06375864145802791,0.06532006019997655,0.06667247600034494,5.040429927912483,5.0444342595601315,5.042872840818183,5.041520425017815
861,847,881,34,0.4117647058823529,0.41176129790823135,0.4117647058823529,15.510664264994245,13.705750382284617,0.11116772323958811,5.531347232768531,0.1351956347760735,0.007448556547884173,0.0027688403259903327,0.13460642667831021,0.1340182034400365,0.13284476385036786,0.1375620623429751,3.7214708785655164,5.505541762964768,0.06401833783965162,0.060521004250453654,0.06181598516068882,0.06312923215693964,5.4415234251251166,5.445020758714314,5.443725777804079,5.442412530807828
862,847,881,34,0.4411764705882353,0.4411700202226706,0.4411764705882353,15.510664264994245,13.705750382284617,0.11116772323958811,5.759104929817749,0.13409376656945354,0.008725555118316528,0.0030485179935308008,0.13352879905989987,0.13296579938736036,0.13184580430045867,0.1363728245576996,3.9359972385707795,5.722526557692353,0.06965961737393245,0.06743597751149547,0.06827270406007271,0.06915388559775186,5.652866940318421,5.6550905801808575,5.65425385363228,5.653372672094601
863,847,881,34,0.47058823529411764,0.4705772678137627,0.47058823529411764,15.510664264994245,13.705750382284617,0.11116772323958811,6.082262820443997,0.13342247907557953,0.009184345755857607,0.0036407360402913222,0.13287518999955275,0.13233189782522353,0.13125750234114203,0.13565063155895055,4.259317902122371,6.051514558942384,0.07246562059577373,0.07021784072667364,0.07105380663398524,0.07200564677307777,5.97904893834661,5.98129671821571,5.980460752308399,5.979508912169306
864,847,881,34,0.5,0.4999851474291464,0.5,15.510664264994245,13.705750382284617,0.11116772323958811,6.406150245481094,0.13371096608401123,0.00853566468959857,0.004341097493689707,0.13312611924977077,0.13254757803453057,0.13140974468525993,0.13611177083152454,4.5984621158414996,6.387878480397278,0.07291914164688487,0.0682218757504744,0.06969283818353196,0.07182107909944335,6.314959338750393,6.319656604646804,6.318185642213746,6.316057401297835
866,847,881,34,0.5588235294117647,0.5587983785627473,0.4411764705882353,15.510664264994245,13.705750382284617,0.11116772323958811,6.429005236725944,0.13520516601666838,0.008471946391183585,0.004866058772422564,0.1344620937750603,0.13372595942130475,0.13227496661383198,0.13824458072001483,4.601412668697478,6.40445676350903,0.08316556463553317,0.07954989505355144,0.08065604388869495,0.08240279663798045,6.321291198873497,6.324906868455479,6.323800719620335,6.322053966871049
867,847,881,34,0.5882352941176471,0.5882037300809644,0.4117647058823529,15.510664264994245,13.705750382284617,0.11116772323958811,6.305020622919096,0.13564774603216395,0.007204429250905379,0.005115348378692458,0.13484654084419817,0.13405274708231463,0.13248792545564772,0.1389240986788916,4.4792914379507325,6.293432481224057,0.058904219344923965,0.05697412935025835,0.057565733262223646,0.05852195000293639,6.234528261879134,6.236458351873799,6.2358667479618335,6.234910531221121
868,847,881,34,0.6176470588235294,0.6176097136234732,0.38235294117647056,15.510664264994245,13.705750382284617,0.11116772323958811,6.195487488461604,0.13732228276270708,0.00748601516025212,0.005428205491645509,0.13653841919155513,0.13576359476809025,0.13424168761222172,0.14054507754832074,4.37220298891341,6.181639135983453,0.07435832646421495,0.06760632878734989,0.06941920708977635,0.07286607336766288,6.107280809519238,6.114032807196103,6.112219928893676,6.10877306261579
869,847,881,34,0.6470588235294118,0.6470146437921626,0.3529411764705882,15.510664264994245,13.705750382284617,0.11116772323958811,6.0098863663184305,0.13796070029363125,0.007012049244449774,0.005358159388404732,0.13726438908990626,0.13657766630362803,0.13523356823066146,0.1408389556148597,4.189335120753567,5.997112861543196,0.07216616841489744,0.06604051735249657,0.06761101887993638,0.07081490951492471,5.924946693128299,5.931072344190699,5.92950184266326,5.926297952028271
871,847,881,34,0.7058823529411765,0.7058390406882492,0.2941176470588235,15.510664264994245,13.705750382284617,0.11116772323958811,5.6667760681368105,0.13708772967521488,0.0051241789473050504,0.0047792147260446215,0.1366064545572813,0.13613396467300526,0.13521570727684012,0.13909883373856427,3.8882766072412758,5.695050146678845,0.06961197451965484,0.06373839197463374,0.06509263008210493,0.06837703804068959,5.625438172159191,5.631311754704211,5.629957516596741,5.626673108638156
872,847,881,34,0.7352941176470589,0.735257454041827,0.2647058823529411,15.510664264994245,13.705750382284617,0.11116772323958811,5.357425903258361,0.13653058153121095,0.006596270405281191,0.0042645937878529085,0.13612750753904385,0.13573161116466623,0.13496160278223338,0.13821338097775746,3.567225195739399,5.364796531778499,0.0691597085352735,0.06251053359176037,0.06403340642210573,0.06781073875893057,5.295636823243226,5.302285998186738,5.300763125356393,5.2969857930195685
873,847,881,34,0.7647058823529411,0.7646746033468215,0.23529411764705888,15.510664264994245,13.705750382284617,0.11116772323958811,5.019847686136268,0.1376944821670476,0.005760101751961115,0.003929361644062748,0.13730654109813567,0.13692454864918432,0.13617860906830867,0.13930472725856505,3.246758326895211,5.038759884282943,0.05697470111324821,0.05093457767044502,0.05225364115293447,0.05577441549668676,4.981785183169694,4.987825306612498,4.986506243130008,4.982985468786256
874,847,881,34,0.7941176470588235,0.7940921740013437,0.20588235294117652,15.510664264994245,13.705750382284617,0.11116772323958811,4.63064462437756,0.13751601377313175,0.007287120211961281,0.0038375018477750096,0.1371367989373677,0.13676326262588884,0.13603341197779076,0.1390887190057063,2.8235234701070038,4.620558913975715,0.03689870726702406,0.03232701311372485,0.03325708185762992,0.03595942344801418,4.58366020670869,4.58823190086199,4.587301832118085,4.5845994905277
876,847,881,34,0.8529411764705882,0.8529252085627493,0.1470588235294118,15.510664264994245,13.705750382284617,0.11116772323958811,3.593293687475115,0.13951134781626526,0.003949386764780406,0.0032398935888477416,0.1391888922891027,0.13887041231893962,0.13824548860988978,0.14084037432131755,1.8223130870590907,3.6151414596282,0.04693569354748154,0.04385326519364925,0.044385566605844515,0.04633723886007664,3.5682057660807183,3.5712881944345507,3.5707558930223553,3.5688042207681234
877,847,881,34,0.8823529411764706,0.8823408831443967,0.11764705882352944,15.510664264994245,13.705750382284617,0.11116772323958811,2.972621421643132,0.14032609964488757,0.0032699516019008383,0.002352522960664412,0.14013051345972632,0.13993712573495717,0.13955698212026418,0.14113024464351714,1.277574794792515,3.006249633504643,0.04732569322144575,0.04381022549091692,0.044409970717775395,0.04665100421022302,2.958923940283197,2.962439408013726,2.9618396627868675,2.95959862929442
878,847,881,34,0.9117647058823529,0.911756557726044,0.08823529411764708,15.510664264994245,13.705750382284617,0.11116772323958811,2.298226924013288,0.13923220054623178,0.0034637812789046793,0.0013332211398592554,0.13916653363989806,0.13910163437778003,0.13897414307523887,0.13950252274281918,0.8426780025472196,2.31896140034131,0.043589469619791904,0.0405891769109387,0.04114998169683364,0.04303834067111849,2.2753719307215183,2.2783722234303716,2.2778114186444767,2.2759230596701916
879,847,881,34,0.9411764705882353,0.9411713896086358,0.05882352941176472,15.510664264994245,13.705750382284617,0.11116772323958811,1.6012238826790735,0.13846647124289208,0.0036805311157561632,0.00061335223100514,0.13847735708683753,0.13848841185518834,0.1385110280027028,0.1384246178989502,0.8425871045917316,1.6191218630936879,0.030437153943192574,0.027976523538914694,0.02843689014211949,0.029982155380622977,1.5886847091504954,1.5911453395547732,1.5906849729515684,1.589139707713065
882,881,891,10,0.1,0.10000816574455831,0.1,15.391431266022103,46.241280363534344,0.060401894213964094,0.21390161028694507,0.14193964017211375,0.001424943221210585,0.00014179224220895503,0.14193616605174889,0.1419327006995925,0.141925796302473,0.14195362432275938,1.817514184892768,0.1767543741960724,0.028837298787039455,0.028113559165826692,0.028518172541970713,0.028520389903154243,0.14791707540903296,0.1486408150302457,0.14823620165410167,0.14823398429291815
883,881,891,10,0.2,0.20001203372882279,0.2,15.391431266022103,46.241280363534344,0.060401894213964094,0.32242351745037984,0.14187745954652226,0.0013139432445006733,0.0002288835793538811,0.14192602716220584,0.14197460122564512,0.14207176866933585,0.1416832536939445,1.7090485871351406,0.2856581521615408,0.03963017124219625,0.038736181741658986,0.03922333009414313,0.039230255899311055,0.24602798091934452,0.2469219704198818,0.24643482206739764,0.24642789626222972
884,881,891,10,0.3,0.30001661800646956,0.3,15.391431266022103,46.241280363534344,0.060401894213964094,0.3616657044186831,0.14172390964693804,0.0011508401747393788,0.0009037664568680937,0.1418582503130105,0.1419928234008682,0.14226266420249223,0.14118888445218683,1.6670546462490257,0.34808078619999494,0.03445158020807827,0.03271698875955154,0.03362273099790573,0.03367372701051712,0.3136292059919167,0.3153637974404434,0.3144580552020892,0.3144070591894778
886,881,891,10,0.5,0.5000200562147047,0.5,15.391431266022103,46.241280363534344,0.060401894213964094,0.3739501440620349,0.14135378326674394,0.0008537934530499588,0.00209036301412267,0.1415769513479049,0.1418016941517407,0.14225587402125583,0.14047700747507919,1.777023451294642,0.3844511444723872,0.0,0.0,0.0,0.0,0.3844511444723872,0.3844511444723872,0.3844511444723872,0.3844511444723872
887,881,891,10,0.6,0.6000174775585283,0.4,15.391431266022103,46.241280363534344,0.060401894213964094,0.325678598807802,0.14196931434446222,0.0012123134539881745,0.0017262871058539091,0.14215531075585458,0.14234237262722196,0.14271967596811239,0.14123606712442163,1.7715564016065481,0.3396133702446929,0.039900708932563825,0.039533339960786215,0.0396025718338762,0.039571415197877685,0.2997126613121291,0.3000800302839067,0.3000107984108167,0.3000419550468152
888,881,891,10,0.7,0.700017047782499,0.30000000000000004,15.391431266022103,46.241280363534344,0.060401894213964094,0.23375458366860163,0.14375448150934328,0.0036716265886333906,0.0010224520899687845,0.14387574853375754,0.1439973671784053,0.1442416557681692,0.14327294743199,1.7530609887352295,0.2749785431086826,0.06318297303705397,0.06279484604147763,0.06289047129341462,0.06290685697027648,0.2117955700716286,0.21218369706720497,0.21208807181526795,0.2120716861384061
889,881,891,10,0.8,0.8000116039527934,0.19999999999999996,15.391431266022103,46.241280363534344,0.060401894213964094,0.16096819910741264,0.1430606809075862,0.0029725035289964964,0.0004969574905573542,0.14312028493144635,0.1431799719472595,0.14329959453978786,0.14282309680759495,1.8233624173748622,0.19446198852646834,0.02866150187492374,0.02858356828745311,0.028504526022513528,0.02855949196751429,0.1658004866515446,0.16587842023901522,0.16595746250395482,0.16590249655895406
892,891,899,8,0.125,0.12500873097319457,0.125,12.8564013419138,48.28779398663796,0.06954420053557067,0.07850667470960612,0.13973875659727328,0.0008474729630209448,0.00012155338582848436,0.13976400879740894,0.13978926304189326,0.13983977765947733,0.1396377682623979,2.03816885727876,0.0876837253707102,0.03325509396505421,0.03319109324625775,0.0332344746319048,0.03323726662076813,0.05442863140565599,0.054492632124452454,0.0544492507388054,0.05444645874994207
893,891,899,8,0.25,0.25001029807094743,0.25,12.8564013419138,48.28779398663796,0.06954420053557067,0.08945197960505703,0.13970509985994758,0.0007081544900218311,0.0003702241422766633,0.13971491366825933,0.13972478809796,0.13974471877004693,0.1396664510949834,2.040970085826571,0.09740003686757345,0.031577565625293263,0.031098199284048413,0.031342282168486,0.031350214219215286,0.06582247124228019,0.06630183758352504,0.06605775469908745,0.06604982264835817
894,891,899,8,0.375,0.37501544710642115,0.375,12.8564013419138,48.28779398663796,0.06954420053557067,0.04170978936615119,0.1399203149929201,0.000778255097138779,0.0008369788546851529,0.13989258888543138,0.13986517032170334,0.13981125654725288,0.1400342911765564,2.034443077847695,0.03154271858799076,0.04703329883867962,0.046931354032290006,0.04697046330179014,0.04696136926666724,-0.015490580250688862,-0.015388635444299248,-0.015427744713799381,-0.015418650678676482
896,891,899,8,0.625,0.625014999364206,0.375,12.8564013419138,48.28779398663796,0.06954420053557067,0.24918197960369734,0.13996705094321774,0.0020591993483441927,0.0014948491473815509,0.13991546612627867,0.139864860828848,0.13976659302777417,0.14018316347135992,1.9883101696631824,0.24782963883233655,0.0,0.0,0.0,0.0,0.24782963883233655,0.24782963883233655,0.24782963883233655,0.24782963883233655
897,891,899,8,0.75,0.7500111935553776,0.25,12.8564013419138,48.28779398663796,0.06954420053557067,0.2045422735725527,0.14007550119809614,0.002005216808207898,0.0010025691784764533,0.14003917492186904,0.14000328793573938,0.13993283318155195,0.1402251923139879,2.001067059062077,0.19106117215161758,0.017789989654144727,0.01629801148314088,0.017054750255385248,0.017040218687755793,0.17327118249747286,0.1747631606684767,0.17400642189623233,0.1740209534638618
898,891,899,8,0.875,0.8750073877465493,0.125,12.8564013419138,48.28779398663796,0.06954420053557067,0.08666526466048001,0.13946526708039222,0.0012617142451317462,0.0003372845088696125,0.13943935843204686,0.13941349596858083,0.13936190969909182,0.13956936300747488,2.0325170478755052,0.06552166264712499,0.02478634597543893,0.02360272399237887,0.024205593895184868,0.024202858025962427,0.04073531667168606,0.04191893865474612,0.04131606875194012,0.04131880462116256
901,899,907,8,0.25,0.24997269515800102,0.25,12.749067498444372,47.871623201233305,0.053225582817431005,0.04744214063977258,0.1400954684851629,0.00041153388302856276,0.0005546102612258176,0.14010078640666154,0.14010624134035024,0.14011756217988738,0.14007556722713516,2.0628028121027824,0.05131832890729675,0.04162519138128043,0.041391738077693925,0.04148303485040329,0.0414830962460511,0.009693137526016318,0.009926590829602823,0.009835294056893457,0.009835232661245648
902,899,907,8,0.375,0.37498321423647607,0.375,12.749067498444372,47.871623201233305,0.053225582817431005,0.18173933271089637,0.13993417321560653,0.0013583072450502921,0.0011725215360182692,0.1399159478625602,0.13989833433556675,0.13986494367629385,0.14001318798957027,2.068717375500747,0.21210488909261677,0.04575570852711862,0.045886707214346,0.0457557133701113,0.045748264257335976,0.16634918056549813,0.16621818187827075,0.16634917572250546,0.1663566248352808
903,899,907,8,0.5,0.4999892571113447,0.5,12.749067498444372,47.871623201233305,0.053225582817431005,0.3231268231862805,0.14019080449374097,0.003073139236835421,0.0016887634072792418,0.14018032095982352,0.14017110827280593,0.1401564964073158,0.14024544088034452,2.034628272802645,0.36101518348006295,0.042847915173118666,0.04244780735745378,0.042562565978701054,0.042550595843863566,0.3181672683069443,0.31856737612260916,0.3184526175013619,0.3184645876361994
904,899,907,8,0.625,0.6249961952269346,0.375,12.749067498444372,47.871623201233305,0.053225582817431005,0.3682027812121754,0.14021047429110653,0.003179088417189942,0.001689864328655772,0.14022069255411077,0.14023218280748903,0.1402589780003178,0.14018232618657384,2.0408990100797237,0.3767457979359492,0.02585341546958281,0.024480951542447192,0.025132484893736637,0.025097168619914127,0.3508923824663664,0.35226484639350203,0.35161331304221255,0.3516486293160351
906,899,907,8,0.875,0.8750011190509016,0.125,12.749067498444372,47.871623201233305,0.053225582817431005,0.11823717619337824,0.14001535715176283,0.0015037581072264194,0.00036570718213493355,0.14002338513148374,0.1400314723436908,0.1400478244244424,0.13998383776042894,2.0319448975352836,0.1207665597898662,0.04759258116535201,0.046829324524807155,0.04721369941247429,0.04720374923247823,0.07317397862451419,0.07393723526505905,0.07355286037739191,0.07356281055738798
908,907,915,8,0.125,0.1250073862384976,0.125,12.839298653435128,48.213713603121356,0.09934926965886946,0.04954132967336642,0.13962683472261828,0.0011439481681310825,0.0007686714703927257,0.1396985106936218,0.13977041411669802,0.13991490191528508,0.13934241236253117,2.0283487439134067,0.05146696962230921,0.011373454695266268,0.010804752530775437,0.010949664171869962,0.010947952965269887,0.040093514927042946,0.040662217091533774,0.04051730545043925,0.040519016657039324
909,907,915,8,0.25,0.2500111912704509,0.25,12.839298653435128,48.213713603121356,0.09934926965886946,0.184990293169406,0.13996605922981764,0.0027189890464917395,0.0016187705320411065,0.1400873533426245,0.14020971060883153,0.1404576034635271,0.13949156941551352,2.001175024427476,0.20369356525969998,0.027181603616691564,0.027356259047765653,0.027077921345405712,0.027091830007836656,0.17651196164300842,0.17633730621193433,0.17661564391429427,0.17660173525186332
911,907,915,8,0.5,0.5000143248261771,0.5,12.839298653435128,48.213713603121356,0.09934926965886946,0.35627640796029586,0.14001946095587786,0.003978923138635943,0.0020091396006221736,0.14010704035491564,0.14019636460299226,0.14038023425818563,0.13968665650746928,2.0475147313344615,0.3411252686663678,0.02889174626192664,0.025687319734075117,0.027173383843779948,0.02731729007765452,0.31223352240444113,0.31543794893229266,0.31395188482258785,0.31380797858871323
912,907,915,8,0.625,0.6250163392548583,0.375,12.839298653435128,48.213713603121356,0.09934926965886946,0.23690173474798507,0.14058156902767996,0.0030374341671407725,0.0013437968568893466,0.1405995473244471,0.1406183259363572,0.14065828280979092,0.14051766493062262,2.0600104651365863,0.20425689359331053,0.03973906937329789,0.03616903939586671,0.037954881401756034,0.03800712871785889,0.16451782422001265,0.16808785419744382,0.1663020121915545,0.16624976487545165
913,907,915,8,0.75,0.7500111912704509,0.25,12.839298653435128,48.213713603121356,0.09934926965886946,0.06403506254124844,0.1401162202789233,0.0015700001197548365,0.0005733813299074213,0.14009839312904,0.1400807103965246,0.14004577840196758,0.1401889719435501,2.0467875565959943,0.016934799002507425,0.0442211659370965,0.04184534278581736,0.0430650779968116,0.04308019830456829,-0.027286366934589072,-0.024910543783309938,-0.026130278994304174,-0.026145399302060862
914,907,915,8,0.875,0.8750087291909517,0.125,12.839298653435128,48.213713603121356,0.09934926965886946,0.06770657929388213,0.14035034302393057,0.0015425014716624525,0.00029771972335998557,0.14030878390130352,0.14026725196003373,0.14018426971818565,0.14051685084542812,2.059653749098784,0.10011096062292558,0.04232667000569161,0.040406252945047086,0.04139974826952658,0.04136663022426092,0.057784290617233974,0.0597047076778785,0.058711212353399,0.05874433039866467
916,915,923,8,0.125,0.12500861828903906,0.125,12.90530372448851,48.46725814201065,0.06347467204841808,0.15124765875723944,0.1364778835151786,0.0018123834123611906,0.0006055924718726749,0.13653342683553063,0.136589115382244,0.136700927444353,0.13625716604238847,2.0715535478146436,0.15210339642643642,0.008527142079407265,0.009438757624205887,0.008988593914232096,0.008981159543200046,0.14357625434702914,0.14266463880223051,0.14311480251220432,0.14312223688323636
917,915,923,8,0.25,0.25001096873150425,0.25,12.90530372448851,48.46725814201065,0.06347467204841808,0.27545793781991895,0.136475885835371,0.0022456102411910484,0.0009648334858772524,0.1365511007580212,0.1366267001170059,0.13677904959094805,0.13617888319929175,2.0641961456877196,0.28204467928417676,0.022291193192998132,0.021157553734339987,0.021632676224528698,0.021684300719896597,0.25975348609117865,0.2608871255498368,0.26041200305964807,0.2603603785642802
918,915,923,8,0.375,0.3750160053939297,0.375,12.90530372448851,48.46725814201065,0.06347467204841808,0.26807749323392394,0.13647543639640605,0.0016663338248184235,0.0007554395832814579,0.1365049847382539,0.13653478792349194,0.13659515815547174,0.13635979475486382,2.0476661102081772,0.24886413409029637,0.03127120009523996,0.030488186187196734,0.030905352381180407,0.030930311031119307,0.21759293399505641,0.21837594790309964,0.21795878170911595,0.21793382305917705
919,915,923,8,0.5,0.5000147742097812,0.5,12.90530372448851,48.46725814201065,0.06347467204841808,0.13672888341410874,0.13688991081415922,0.0007683980668740687,0.0003794380105181698,0.13684808976954946,0.13680632171464646,0.13672294476815566,0.1370577239186046,2.014675210318999,0.1316116287219901,0.04549682878312852,0.044252366730302965,0.044898681802807816,0.044926322759872656,0.08611479993886156,0.08735926199168711,0.08671294691918227,0.08668530596211743
921,915,923,8,0.75,0.7500114164348309,0.25,12.90530372448851,48.46725814201065,0.06347467204841808,0.16201867412078919,0.13757742168660403,0.0014509646873421458,0.0008576495057037466,0.13747884571428728,0.1373805336474795,0.13718470349837164,0.1379743532953877,1.9958495469217354,0.19396341766306732,0.053829774516682874,0.05516424818349316,0.05453814780107182,0.05451744565949886,0.14013364314638443,0.13879916947957416,0.1394252698619955,0.13944597200356845
922,915,923,8,0.875,0.8750092898440291,0.125,12.90530372448851,48.46725814201065,0.06347467204841808,0.12890460522848662,0.1375137069614703,0.0009019859209650179,0.0005647137240313583,0.13744656500850594,0.1373795353234554,0.1372458134147887,0.1377833941658554,2.034005573359107,0.14284122261773896,0.03441926206943892,0.035299183239759606,0.034879044806608264,0.03485496005158014,0.10842196054830004,0.10754203937797935,0.1079621778111307,0.10798626256615881
924,923,931,8,0.125,0.12497582759164029,0.125,13.134257325804677,49.319831436532084,0.06236071453247165,0.15883602963958934,0.13700075849159407,0.0012685488914022762,0.00038281557826094347,0.13705293107984926,0.1371051506193498,0.13720973033761338,0.13679253872473277,2.191955745649762,0.15478108693508444,0.040263030915251276,0.04058807739161912,0.040456953146910016,0.04044008416345374,0.11451805601983317,0.11419300954346531,0.11432413378817442,0.1143410027716307
926,923,931,8,0.375,0.3749167394823165,0.375,13.134257325804677,49.319831436532084,0.06236071453247165,0.08730526934131017,0.1378052932759433,0.0006193249860869783,0.0004902656809507331,0.13776198769216447,0.1377187775721893,0.13763264408310463,0.1379794684484136,2.165101792232834,0.06673801202313166,0.05813452416424069,0.057654165869536284,0.05797100106270358,0.057951555119687095,0.008603487858890972,0.009083846153595379,0.008767010960428083,0.008786456903444567
927,923,931,8,0.5,0.4998836143301199,0.5,13.134257325804677,49.319831436532084,0.06236071453247165,0.06928819835635994,0.13805418930165322,0.0008498284831414125,0.0010193876943388742,0.13791729974203326,0.1377807455577153,0.13750864730910112,0.13860508138317792,2.1461363064154164,0.12232741979789281,0.054171511207671184,0.053923740853832246,0.05410885911951117,0.05411458849027428,0.06815590859022164,0.06840367894406058,0.06821856067838164,0.06821283130761854
928,923,931,8,0.625,0.6248513844523069,0.375,13.134257325804677,49.319831436532084,0.06236071453247165,0.16225979268230964,0.13846549867802685,0.0009683853826492225,0.001261177184257221,0.13829043917935102,0.1381158775581836,0.13776825551310692,0.13917067779156925,2.1247867606473942,0.18480529427054587,0.02155323645879165,0.020264547363391273,0.020948497797945404,0.020940360329023865,0.16325205781175423,0.1645407469071546,0.16385679647260046,0.16386493394152202
929,923,931,8,0.75,0.7498137829281918,0.25,13.134257325804677,49.319831436532084,0.06236071453247165,0.16613676990136414,0.1386857795515282,0.000983556952623181,0.0011068218676159418,0.13853324760919236,0.13838110083503213,0.13807796788097257,0.1392997336493668,2.111784998252921,0.17311455363106248,0.02105066107737177,0.021898483309305786,0.021478533528545892,0.021465253652633156,0.1520638925536907,0.1512160703217567,0.1516360201025166,0.15164929997842932
932,931,939,8,0.125,0.12454476648412804,0.125,13.158517626857384,49.143691835980974,0.09112509954807924,0.018244705418138083,0.13944691765766853,0.0010401786727549586,0.0008891372664391856,0.1393185445284909,0.13919040798662985,0.13893484728203953,0.13996276300974725,2.20656771087474,0.021687337032571957,0.016669746649815513,0.017346162457353386,0.01701115777719385,0.017013296418737698,0.0050175903827564435,0.00434117457521857,0.004676179255378107,0.0046740406138342586
933,931,939,8,0.25,0.24908597123903656,0.25,13.158517626857384,49.143691835980974,0.09112509954807924,0.10319869040368068,0.140042084384239,0.0011308646757824776,0.001832821544268254,0.13979175101596164,0.13954247313949464,0.13904710654485916,0.14105386002691842,2.1689637711363043,0.12640573544561537,0.02823897490239459,0.02836497583556391,0.028335244164915892,0.028354093583103795,0.09816676054322078,0.09804075961005146,0.09807049128069947,0.09805164186251157
934,931,939,8,0.375,0.3742317795289613,0.375,13.158517626857384,49.143691835980974,0.09112509954807924,0.3285145177962507,0.1405253404198311,0.0018493265737677548,0.002410998759846884,0.14021929128160635,0.13991516933234951,0.13931275740577617,0.14176855805945884,2.1227692566547054,0.35426287419460406,0.029354575349870272,0.0298670340935626,0.02961350028917028,0.02968611762065144,0.32490829884473377,0.32439584010104144,0.3246493739054338,0.32457675657395263
936,931,939,8,0.625,0.6245305195672499,0.375,13.158517626857384,49.143691835980974,0.09112509954807924,0.18674590438640912,0.14072565420505925,0.0011898124561616496,0.0013785775179293311,0.14066821868185736,0.14061160443686138,0.14050084373825422,0.14096358878685078,2.055225875703064,0.13680129697993326,0.0849763635436827,0.08296791728657203,0.08391225742210857,0.08399331239313035,0.05182493343625057,0.05383337969336123,0.05288903955782469,0.052807984586802914
937,931,939,8,0.75,0.7496825608833089,0.25,13.158517626857384,49.143691835980974,0.09112509954807924,0.1322167750418295,0.14000474429557888,0.0023549625513524103,0.0008105314862143682,0.14008654232990736,0.14016858556320216,0.1403334059051945,0.13968001274401812,2.129368760091506,0.20304839704062372,0.0812028817565991,0.07967143745123069,0.08044041338605705,0.08040842555470226,0.12184551528402462,0.12337695958939303,0.12260798365456667,0.12263997148592146
938,931,939,8,0.875,0.8748417256578068,0.125,13.158517626857384,49.143691835980974,0.09112509954807924,0.17939213014893454,0.14096624370989058,0.001957204440523895,0.0005945366870497106,0.14106358314947162,0.1411610119703508,0.14135613701656866,0.14057778347537744,2.1746514420093823,0.23261819322008573,0.0600782364513558,0.05922430587259728,0.05970624683338254,0.059588714764715695,0.17253995676872994,0.17339388734748845,0.17291194638670318,0.17302947845537003
941,939,947,8,0.25,0.24998066025446658,0.25,13.309791910145405,49.63895891516966,0.053945130885648215,0.5603288967246782,0.14420185878080513,0.003619403160943542,0.0022503452295329182,0.14395953348593277,0.14371900185376343,0.1432433556527873,0.14518891596920122,2.083347056902671,0.5634987014230644,0.022731652725436643,0.023347585833237323,0.023107010818846682,0.02300034726215172,0.5407670486976277,0.540151115589827,0.5403916906042177,0.5404983541609126
942,939,947,8,0.375,0.37497677007576735,0.375,13.309791910145405,49.63895891516966,0.053945130885648215,0.5012823124067545,0.14450018095597636,0.0032509587010512487,0.0017983675422751358,0.14441367958349052,0.14432852687914235,0.14416227699646422,0.14485962424170779,2.0656078541920144,0.4672619508744104,0.0328818052337732,0.03505569086947922,0.03394707355870091,0.03388390429922305,0.4343801456406372,0.4322062600049312,0.4333148773157095,0.43337804657518736
943,939,947,8,0.5,0.49997465826447346,0.5,13.309791910145405,49.63895891516966,0.053945130885648215,0.13614448970502716,0.14164846814282836,0.0006857540838263935,0.001375600252466692,0.14187650819816167,0.1421050145642406,0.14256341725500088,0.140741016292712,2.118744269260439,0.07201442516265955,0.08787851195186303,0.08965693269394111,0.08870538861379498,0.08870164101980725,-0.01586408678920348,-0.017642507531281562,-0.016690963451135438,-0.016687215857147705
944,939,947,8,0.625,0.6249778815553957,0.375,13.309791910145405,49.63895891516966,0.053945130885648215,0.3330663326330226,0.1389904852794295,0.004348573329152934,0.0022375600394702617,0.13947406967474116,0.13995821897775101,0.14092818901164525,0.1370619162575114,2.298150319361114,0.43587730649635575,0.1034666794213192,0.10518705616549637,0.10426246731466683,0.1042914295276088,0.33241062707503655,0.3306902503308594,0.33161483918168894,0.331585876968747
946,939,947,8,0.875,0.8749896632394563,0.125,13.309791910145405,49.63895891516966,0.053945130885648215,0.4396652564889709,0.14093999970770107,0.002449483888006427,0.0014933409884688494,0.14121675237446904,0.14149394878647967,0.14204966245095055,0.13983747912273112,2.3279720154367185,0.47639131527728495,0.04051945500776804,0.041122061758924515,0.04076400019045644,0.04083943041367579,0.4358718602695169,0.43526925351836043,0.4356273150868285,0.4355518848636092
948,947,955,8,0.125,0.1249904432721525,0.125,13.34348674696298,49.754227484557056,0.09193976434514996,0.40931274304065896,0.1417886027278044,0.002128714594253523,0.0009190932737633049,0.14175863118498475,0.14172902581663932,0.14167091451877842,0.14191214596119325,2.096109084386434,0.4264011693281863,0.02862584757122076,0.029391627560828932,0.029040968031592628,0.029004467531158904,0.3977753217569655,0.39700954176735737,0.39736020129659366,0.39739670179702735
949,947,955,8,0.25,0.24997999754636568,0.25,13.34348674696298,49.754227484557056,0.09193976434514996,0.3647315287142156,0.14105630204242742,0.002285535871962303,0.0012359718605068474,0.14135947315910535,0.1416626694336237,0.14226913681278786,0.1398438724263355,2.119433851284479,0.3507209396738628,0.019811941311691127,0.019895881800271353,0.019794061468157785,0.019748590528678577,0.3309089983621717,0.33082505787359145,0.33092687820570504,0.33097234914518425
951,947,955,8,0.5,0.4999742190597602,0.5,13.34348674696298,49.754227484557056,0.09193976434514996,0.8682702146879547,0.1315294438348628,0.008769581585189146,0.006483315799368715,0.1329248982466763,0.13432541354948238,0.13714100607348545,0.1260015889252099,2.63229722244892,0.9486874934180249,0.0845170008265797,0.08334652850180882,0.08383258663771549,0.0838706068781139,0.8641704925914453,0.8653409649162161,0.8648549067803094,0.8648168865399111
952,947,955,8,0.625,0.624977108303063,0.375,13.34348674696298,49.754227484557056,0.09193976434514996,1.24414994905457,0.1293904184476851,0.011402953732317962,0.0071205095345275166,0.13082527213213038,0.13226851846841256,0.1351791122829493,0.1237407438420768,2.8868457827664122,1.3034351615305173,0.06399489246595771,0.0628799740954365,0.06333060570967937,0.06341313149475665,1.2394402690645596,1.2405551874350809,1.240104555820838,1.2400220300357607
953,947,955,8,0.75,0.749980886544305,0.25,13.34348674696298,49.754227484557056,0.09193976434514996,1.0527588766793436,0.1320828401959815,0.00847133847216348,0.005451705591747734,0.13309309863351704,0.13410959797955327,0.13616075944693876,0.12810715484712565,2.75625289347602,1.08541114837261,0.03526258590544238,0.03422389625096163,0.034650407989686965,0.03474876019965465,1.0501485624671678,1.0511872521216485,1.050760740382923,1.0506623881729555
954,947,955,8,0.875,0.8749908877711221,0.125,13.34348674696298,49.754227484557056,0.09193976434514996,0.4988328156238542,0.13625765000062595,0.0039342403698710855,0.0024540900144130245,0.13665896675604666,0.1370618547433688,0.13787228926289344,0.13466837541306007,2.40285376229806,0.5290887611605658,0.03530499079178629,0.03483922975976009,0.035154730809322826,0.034953808892945,0.4937837703687795,0.49424953140080574,0.49393403035124295,0.49413495226762083
956,955,963,8,0.125,0.12499188953051714,0.125,13.318466961932444,49.650915840703355,0.14919749266918897,0.12043096210585515,0.13977068656024677,0.0005927928943189006,0.0011814715172024151,0.1400372723612458,0.1403039734419555,0.14083771882259433,0.13870550944279492,2.0344381628487334,0.11536066002118135,0.005492976346247097,0.009066895970152531,0.007570378333721484,0.007507867683614563,0.10986768367493426,0.10629376405102882,0.10779028168745987,0.10785279233756678
957,955,963,8,0.25,0.24998289024246081,0.25,13.318466961932444,49.650915840703355,0.14919749266918897,0.3120470491405045,0.1370517751384716,0.0025559270231700526,0.0038210133758829227,0.137877309963988,0.13870451021905308,0.1403637891808922,0.13376690588644022,2.1612447171264635,0.32870521650932494,0.036772143812424385,0.03818407775503466,0.037341719707194056,0.03736713197895583,0.29193307269690055,0.2905211387542903,0.29136349680213086,0.29133808453036913
958,955,963,8,0.375,0.3749810015029922,0.375,13.318466961932444,49.650915840703355,0.14919749266918897,0.9309838800319383,0.1324636094366766,0.007198175722030632,0.00660514667001121,0.1338485311002793,0.13523943295403532,0.13803845336619724,0.1269876252526903,2.5777483131148995,0.9902031807497416,0.0716568565930013,0.07276677160614473,0.07203190758197481,0.07208665511320946,0.9185463241567402,0.9174364091435968,0.9181712731677667,0.9181165256365321
959,955,963,8,0.5,0.4999791127635236,0.5,13.318466961932444,49.650915840703355,0.14919749266918897,1.3538526908863695,0.13050307051574572,0.009148645315412889,0.007903675058743698,0.13208118255622692,0.1336698719487465,0.13687750713418165,0.12430441274418164,2.927392196674715,1.4206784583652339,0.07299104875559478,0.07424933443894265,0.0734018430170768,0.07353763820685473,1.3476874096096392,1.3464291239262913,1.347276615348157,1.3471408201583792
961,955,963,8,0.75,0.7499877787446149,0.25,13.318466961932444,49.650915840703355,0.14919749266918897,0.877201580325942,0.13517135754431328,0.004557565104734084,0.00415562981100042,0.13585066019543338,0.13653448834667534,0.1379154514380724,0.13250078706796423,2.5931782924611992,0.919169651863535,0.04254034168597869,0.043028322062502546,0.04264327680997889,0.04274585062612391,0.8766293101775564,0.8761413298010325,0.8765263750535561,0.8764238012374111
962,955,963,8,0.875,0.8749992222837483,0.125,13.318466961932444,49.650915840703355,0.14919749266918897,0.290141981760668,0.1394136422748938,0.000574077615686613,0.0012218546300380466,0.13957172535775267,0.13973029736753556,0.14004890151963442,0.13878623254963643,2.230341281453663,0.3098599516385392,0.022470183968259175,0.022582700141024592,0.02246010855122283,0.0224922656960195,0.28738976767028,0.2872772514975146,0.28739984308731636,0.2873676859425197
964,963,971,8,0.125,0.12501030211166414,0.125,12.804422857464035,48.11143660595841,0.05315195307479698,0.11125090231050894,0.14212875592718227,0.0005845310764213985,0.001233495069320449,0.1421574185684372,0.1421867442324913,0.14224738297946388,0.14202074347954569,2.126097349877161,0.08871206341672735,0.04065941139021074,0.040587094436646674,0.0406222991669778,0.040628081681525915,0.04805265202651662,0.04812496898008068,0.048089764249749554,0.04808398173520144
966,963,971,8,0.375,0.3750210521412267,0.375,12.804422857464035,48.11143660595841,0.05315195307479698,0.917316498146941,0.1362472170250396,0.005999569948782953,0.004276485087909601,0.13649653884638874,0.13675376458294514,0.13729174873422095,0.13532982181710823,2.683900187740146,0.9600415157117761,0.042410027779518814,0.0424987724192538,0.042395169083926425,0.04251481254786667,0.9176314879322572,0.9175427432925223,0.9176463466278497,0.9175267031639094
967,963,971,8,0.5,0.5000206042233283,0.5,12.804422857464035,48.11143660595841,0.05315195307479698,0.6819700186739738,0.13808066951770206,0.004746789938324771,0.0036177818386699816,0.13821516546887933,0.13835544326083285,0.13865327344878065,0.1376008322711596,2.525266592784946,0.7335833043015645,0.05954687668505424,0.05963589839287675,0.05952800955171944,0.059654186012362304,0.6740364276165103,0.6739474059086877,0.674055294749845,0.6739291182892022
968,963,971,8,0.625,0.6250210521412267,0.375,12.804422857464035,48.11143660595841,0.05315195307479698,0.23892408281775768,0.14208129984032108,0.001797329348427187,0.0015917024500053778,0.14206727867151525,0.1420543708005173,0.14203189613988537,0.14214851051248473,2.2056663816823865,0.23177781449395568,0.02911617989528494,0.029193823967227032,0.029110724138327743,0.02919676619594441,0.20266163459867073,0.20258399052672865,0.20266709035562794,0.20258104829801127
969,963,971,8,0.75,0.750015229208547,0.25,12.804422857464035,48.11143660595841,0.05315195307479698,0.5291929357553828,0.14512115931888442,0.002213174785310748,0.0004461651068052702,0.14505127665932122,0.14498144612968125,0.14484194176170645,0.1454012097522492,2.1088794453105986,0.5286254645321408,0.02329929653737162,0.023556545750622982,0.023554867112473087,0.023305894021917014,0.5053261679947691,0.5050689187815178,0.5050705974196676,0.5053195705102238
972,971,985,14,0.07142857142857142,0.07143972617118396,0.07142857142857142,15.218539654116114,32.68290374539134,0.11368385541805252,0.7151454139827941,0.13316576457252344,0.0036676747922606443,0.0010008922337481961,0.13327208641509258,0.13337879293139907,0.1335933562948438,0.13274434237576957,2.716900135277221,0.7432693026961557,0.037444833081150465,0.03816429180881611,0.037763582818518215,0.037787594317744644,0.7058244696150052,0.7051050108873396,0.7055057198776374,0.7054817083784111
973,971,985,14,0.14285714285714285,0.1428753561745889,0.14285714285714285,15.218539654116114,32.68290374539134,0.11368385541805252,1.1508120901559842,0.13267503199201308,0.004271780915195972,0.0011297580834501333,0.1324592921764889,0.13224380362753152,0.1318135852571202,0.13354047954265227,3.1947654690838196,1.1755533851179374,0.028369476573612846,0.029671727495092018,0.028940690899294755,0.029060207340543324,1.1471839085443245,1.1458816576228454,1.1466126942186425,1.1464931777773941
974,971,985,14,0.21428571428571427,0.21431098617799385,0.21428571428571427,15.218539654116114,32.68290374539134,0.11368385541805252,1.3952807414091766,0.13626007778130328,0.002448340764352689,0.0038426113749359756,0.13546638084534177,0.13467485878765895,0.13309849440573812,0.13945587009952976,3.4056420183004326,1.422495399019978,0.03925783222738752,0.04045904705805986,0.0397643172785996,0.039928621751669266,1.3832375667925905,1.382036351961918,1.3827310817413785,1.3825667772683088
976,971,985,14,0.35714285714285715,0.35717712597507995,0.35714285714285715,15.218539654116114,32.68290374539134,0.11368385541805252,1.844766464262894,0.14284734415291342,0.007065853928252718,0.00695289412504846,0.14150267009777123,0.14016665223991667,0.13752159262133226,0.14830787065898549,3.4948271445742276,1.8832123217371473,0.04830023349963103,0.04749345284186209,0.048083392914810015,0.04786304645874469,1.8349120882375163,1.8357188688952852,1.8351289288223371,1.8353492752784026
977,971,985,14,0.42857142857142855,0.42860661172681636,0.42857142857142855,15.218539654116114,32.68290374539134,0.11368385541805252,1.7788946977457034,0.14045991717519019,0.0048017361954194775,0.005290019729825281,0.13941775814764043,0.13838038979407224,0.13632046207605225,0.1446743823300381,3.5071084180811045,1.8116617223671765,0.04111202458910413,0.040396252252171375,0.04087634673127481,0.040722402679740526,1.7705496977780724,1.771265470115005,1.7707853756359018,1.770939319687436
978,971,985,14,0.5,0.5000366094995251,0.5,15.218539654116114,32.68290374539134,0.11368385541805252,1.6578559140370752,0.13529056261023595,0.00101477978436123,0.0034441058989911795,0.13470446662401742,0.13412133707471124,0.13296413320419986,0.1376638502836931,3.58166998581316,1.6720855629017204,0.019277288415521975,0.02048733899764767,0.019563286298198326,0.019967402065005534,1.6528082744861985,1.6515982239040727,1.6525222766035221,1.6521181608367148
979,971,985,14,0.5714285714285714,0.571464047167372,0.4285714285714286,15.218539654116114,32.68290374539134,0.11368385541805252,1.6699541576505914,0.13175993442151554,0.004612364924199006,0.0031781260411781983,0.13154122559007295,0.13132695953747106,0.1309118425755205,0.13267875143094132,3.6673624742206257,1.677101393594969,0.0,0.0,0.0,0.0,1.677101393594969,1.677101393594969,1.677101393594969,1.677101393594969
981,971,985,14,0.7142857142857143,0.7143148263352866,0.2857142857142857,15.218539654116114,32.68290374539134,0.11368385541805252,1.3593842143642745,0.1333829662211426,0.0027307569179023444,0.0021996164436410694,0.13307637364108657,0.13277135065230022,0.1321660568617042,0.13462481715689706,3.3140823456544855,1.3391057742974837,0.020980274732804515,0.017367211750839252,0.020254389648464193,0.018364324258948343,1.3181254995646792,1.3217385625466445,1.3188513846490195,1.3207414500385353
982,971,985,14,0.7857142857142857,0.7857391918772993,0.2142857142857143,15.218539654116114,32.68290374539134,0.11368385541805252,1.1277567432886093,0.1364838836039849,0.001280020023433627,0.0025358343223427144,0.13597807764194872,0.13547334985796056,0.13446717736200114,0.13851765263304547,2.9954650694946157,1.1325082625982184,0.04910799932004436,0.048230124996577806,0.04895784568018223,0.0484770445843368,1.083400263278174,1.0842781376016406,1.083550416918036,1.0840312180138816
983,971,985,14,0.8571428571428571,0.8571604852934777,0.1428571428571429,15.218539654116114,32.68290374539134,0.11368385541805252,0.9345611332496279,0.13887458678547257,0.0038430070379447934,0.0030602421176234283,0.13833259965457906,0.137792728526507,0.13671943444745802,0.14106320610873585,2.644941003343629,0.9603302723565762,0.04200728463566843,0.04130785921375151,0.04191340968066917,0.04148109609638885,0.9183229877209078,0.9190224131428247,0.918416862675907,0.9188491762601874
984,971,985,14,0.9285714285714286,0.928581778709656,0.0714285714285714,15.218539654116114,32.68290374539134,0.11368385541805252,0.5839979335679027,0.1377943069594568,0.0028921771360422865,0.0019131587398252556,0.13746730019864292,0.13714118177781645,0.13649163540883033,0.1391110918547636,2.27562727865116,0.5961134407762417,0.024419320526744885,0.02395210102249979,0.024229615760533868,0.02415029830092866,0.5716941202494968,0.572161339753742,0.5718838250157079,0.5719631424753131
986,985,990,5,0.2,0.2000094639666639,0.2,2.488859275346387,14.96888708630629,0.028477364847304898,0.4134416703994717,0.13378701680081465,0.003397771113591757,0.0009871068519667955,0.1339127190555775,0.13403875776336754,0.134291840746192,0.13328759131215756,2.2727696039096204,0.4206936288068794,0.0,0.0,0.0,0.0,0.4206936288068794,0.4206936288068794,0.4206936288068794,0.4206936288068794
987,985,990,5,0.4,0.4000103243272697,0.4,2.488859275346387,14.96888708630629,0.028477364847304898,0.5627212989401762,0.1326652547280512,0.004243174396669797,0.001150978970263509,0.13279589549303739,0.1329270307409687,0.13319077883794045,0.13214766574495462,2.402091790518853,0.5608901874644706,0.006603095319058823,0.006975180524545626,0.006855428222661694,0.006723645213281751,0.5542870921454118,0.553915006939925,0.5540347592418089,0.5541665422511889
988,985,990,5,0.6,0.6000126186222186,0.4,2.488859275346387,14.96888708630629,0.028477364847304898,0.41739190019257694,0.13426397290169498,0.002643121105763165,0.00046681817319796343,0.13428556735511296,0.1343072597454171,0.13435093814671425,0.1341785753993743,2.3003677043486364,0.4014712898036646,0.02403039130246262,0.023934342501058303,0.023984634049283037,0.023978470465108922,0.377440898501202,0.3775369473026063,0.37748665575438156,0.37749281933855566
989,985,990,5,0.8,0.8000048753767662,0.19999999999999996,2.488859275346387,14.96888708630629,0.028477364847304898,0.16375152751308011,0.13550775814521046,0.000961248722411106,0.00040861909562704636,0.13545865490963171,0.1354096109347789,0.1353117010249231,0.13570476240705098,2.1318075840268063,0.15628363424405195,0.03204141767458943,0.032009301436555095,0.03203336651190248,0.032016303465248544,0.12424221656946252,0.12427433280749686,0.12425026773214948,0.1242673307788034
991,990,1041,51,0.0196078431372549,0.01946266493863675,0.0196078431372549,8.375403957793582,4.902332257309011,0.15618949440329094,0.15925534820572823,0.015101157961204639,0.0029766050988784877,0.003185650135763175,0.014942976606500763,0.014825945966583038,0.014718918412456932,0.016116454879436748,0.4446742779476363,0.17091242041829358,0.0,0.0,0.0,0.0,0.17091242041829358,0.17091242041829358,0.17091242041829358,0.17091242041829358
992,990,1041,51,0.0392156862745098,0.038925469429598014,0.0392156862745098,8.375403957793582,4.902332257309011,0.15618949440329094,0.3592579790063263,0.016806589878165204,0.004624431528389479,0.006131761060755244,0.01634390223378174,0.016015137490363946,0.01578945981314033,0.019768987654589315,0.6191310155974824,0.38376423791327985,0.022563885008301313,0.022788326856099904,0.022674525402945928,0.022675244466974904,0.36120035290497854,0.36097591105717997,0.36108971251033395,0.36108899344630496
993,990,1041,51,0.058823529411764705,0.058388413472883795,0.058823529411764705,8.375403957793582,4.902332257309011,0.15618949440329094,0.495410064647852,0.019200750127078833,0.007451884173316429,0.009202723259410461,0.018276559944630306,0.01760632686850025,0.017135978053588997,0.024760373539398403,0.7573599619620954,0.5178038492018224,0.016386808180379218,0.01687152289676485,0.016621733507662235,0.01663813339009605,0.5014170410214432,0.5009323263050576,0.5011821156941602,0.5011657158117264
994,990,1041,51,0.0784313725490196,0.07790941128316828,0.0784313725490196,8.375403957793582,4.902332257309011,0.15618949440329094,0.46428252289525046,0.020789881709100892,0.010109720304485946,0.012581333871115175,0.019256223926934466,0.01814308087445856,0.017471936548193946,0.029593068785876902,0.7214961588258484,0.4788286873642092,0.0,0.0,0.0,0.0,0.4788286873642092,0.4788286873642092,0.4788286873642092,0.4788286873642092
996,990,1041,51,0.11764705882352941,0.11714664060573524,0.11764705882352941,8.375403957793582,4.902332257309011,0.15618949440329094,0.1688474257016922,0.026546486306584537,0.018081089070718925,0.019888525869004917,0.02312586227208953,0.020355325079322438,0.01793709323065302,0.04334512059471489,0.5593932040375562,0.170327565099882,0.002057716350413983,0.000850037039973244,0.0016351354650095532,0.001563359095690592,0.16826984874946802,0.16947752805990876,0.16869242963487247,0.16876420600419142
997,990,1041,51,0.13725490196078433,0.13684668404837386,0.13725490196078433,8.375403957793582,4.902332257309011,0.15618949440329094,0.20065747906086467,0.030183159001396443,0.021897515051104974,0.023305133586157177,0.02584069629292327,0.02218898913732218,0.01858074315798861,0.05062667934243053,0.6341024232478388,0.1875574731161341,0.021227489993523,0.02105859680268865,0.021147074357313507,0.021118634668210925,0.1663299831226111,0.16649887631344545,0.1664103987588206,0.16643883844792318
998,990,1041,51,0.1568627450980392,0.15654840211890667,0.1568627450980392,8.375403957793582,4.902332257309011,0.15618949440329094,0.39109471342979185,0.03328013093853972,0.025113427854769905,0.026506444207979093,0.02802943689090483,0.023485218705068988,0.018623632090407505,0.057214314008255496,0.8075790999838016,0.3643141193630662,0.013449320543648903,0.01332334138722992,0.01341255543255308,0.013326701514073442,0.3508647988194173,0.3509907779758363,0.3509015639305131,0.35098741784899273
999,990,1041,51,0.17647058823529413,0.17625053884641304,0.17647058823529413,8.375403957793582,4.902332257309011,0.15618949440329094,0.5978198140290534,0.036730887624319246,0.028604565902066455,0.029697046388386442,0.0306073058955269,0.025193165009950426,0.019005007310280115,0.064038699525091,1.0058784552297286,0.5709346688646239,0.012786066720837702,0.01282320913140071,0.012854529911148846,0.01269940922534745,0.5581486021437861,0.5581114597332232,0.558080138953475,0.5582352596392764
1001,990,1041,51,0.21568627450980393,0.21565830110953868,0.21568627450980393,8.375403957793582,4.902332257309011,0.15618949440329094,0.9903744971712799,0.04326797391354253,0.03571266546263332,0.036207716087779895,0.035287206428502256,0.02796660770470965,0.01864521597037388,0.07757956214861397,1.318558667848739,0.9465866419867323,0.045288002377295807,0.044965849846148764,0.04511754244134341,0.045138769936345836,0.9012986396094365,0.9016207921405834,0.9014690995453889,0.9014478720503865
1002,990,1041,51,0.23529411764705882,0.23536420574980696,0.23529411764705882,8.375403957793582,4.902332257309011,0.15618949440329094,1.2147510565627189,0.04659580448964811,0.039163711497905616,0.03853563933409254,0.037945432293531305,0.02990262706200459,0.018964782198189808,0.08338264823106042,1.4796917928038575,1.1640671745537365,0.04636906784362754,0.04570803057976677,0.0460093809942131,0.04608127783213664,1.117698106710109,1.1183591439739697,1.1180577935595235,1.1179858967215999
1003,990,1041,51,0.2549019607843137,0.25507038949472427,0.2549019607843137,8.375403957793582,4.902332257309011,0.15618949440329094,1.4177211946717396,0.048226949896278945,0.040637263553618706,0.03965503780101732,0.039296166485382464,0.03096940356982366,0.019458423115532014,0.08612834149368927,1.660882530057652,1.3667522497207425,0.05629177764174961,0.05560955664717363,0.05591466457770502,0.05599984653146225,1.310460472078993,1.3111426930735688,1.3108375851430374,1.3107524031892803
1004,990,1041,51,0.27450980392156865,0.2747782478675358,0.27450980392156865,8.375403957793582,4.902332257309011,0.15618949440329094,1.6195594532716013,0.047990544627300145,0.04029692996926515,0.03944989141879798,0.039081578378447966,0.03076010248838621,0.019168265519984875,0.08574001522110337,1.857504773528493,1.5596233292927013,0.061772989530563066,0.06095619047694206,0.061306493867766765,0.06142913572484995,1.4978503397621383,1.4986671388157593,1.4983168354249345,1.4981941935678513
1006,990,1041,51,0.3137254901960784,0.31419633700267563,0.3137254901960784,8.375403957793582,4.902332257309011,0.15618949440329094,2.261732995583681,0.045026119717151654,0.03706813244223677,0.03561979076110306,0.036964401883665246,0.029393515325392045,0.018302753249640414,0.07910278835021464,2.4832544698833203,2.1721518700466187,0.09221810667375431,0.09181346501986129,0.09197473092169553,0.09206076523444975,2.0799337633728645,2.0803384050267573,2.080177139124923,2.080091104812169
1007,990,1041,51,0.3333333333333333,0.33390670731732847,0.3333333333333333,8.375403957793582,4.902332257309011,0.15618949440329094,2.6006136453392767,0.041916060580474875,0.03382602108793428,0.0324428734570837,0.034610219868959145,0.027755107799077215,0.01760698447681849,0.0728627918975786,2.8149594947039884,2.504720887856402,0.09701385582080604,0.09664528847261057,0.09678676841448629,0.09687272843751021,2.4077070320355958,2.4080755993837912,2.407934119441916,2.407848159418892
1008,990,1041,51,0.35294117647058826,0.35361847315522643,0.35294117647058826,8.375403957793582,4.902332257309011,0.15618949440329094,2.8767642781130602,0.03913155014108696,0.031029701157481382,0.028441352362193167,0.03275316466781524,0.02674649866044987,0.017433514471778218,0.06615474324968669,3.085097194616701,2.7816396287701983,0.08990887925697828,0.08942893535588613,0.08960303826524436,0.08973657112705939,2.69173074951322,2.6922106934143124,2.692036590504954,2.691903057643139
1009,990,1041,51,0.37254901960784315,0.3733310763070715,0.37254901960784315,8.375403957793582,4.902332257309011,0.15618949440329094,3.0747952627733817,0.034578319782961664,0.026212856790677214,0.023661737690965808,0.029408144321480905,0.024576460987555757,0.017096303273251134,0.05673440290975733,3.285028334976335,2.984883481335642,0.09538118798127268,0.09463960459160829,0.09489696609915525,0.09512421687693914,2.8895022933543695,2.8902438767440337,2.8899865152364868,2.8897592644587027
1011,990,1041,51,0.4117647058823529,0.4127594923142255,0.4117647058823529,8.375403957793582,4.902332257309011,0.15618949440329094,3.22916598317036,0.027828987295371126,0.01848515880773755,0.01132002911575437,0.025721030221485208,0.023763588529952057,0.02047035112904953,0.03723111482064873,3.434560773506584,3.137245488775307,0.0939165258205407,0.09327517363025335,0.09349110862365549,0.09370077887435103,3.0433289629547664,3.0439703151450535,3.0437543801516513,3.043544709900956
1012,990,1041,51,0.43137254901960786,0.4324755842741835,0.43137254901960786,8.375403957793582,4.902332257309011,0.15618949440329094,3.3285830715691245,0.020959750462241192,0.010512928709621052,0.003923766228052386,0.020704524831300565,0.02049312202220574,0.02020700204634053,0.022385067120802637,3.518735677455486,3.222882581952831,0.10770456668946589,0.10689520467908276,0.10715644882863107,0.10743880148916198,3.115178015263365,3.1159873772737483,3.1157261331242,3.115443780463669
1013,990,1041,51,0.45098039215686275,0.45219223444343953,0.45098039215686275,8.375403957793582,4.902332257309011,0.15618949440329094,3.5475996188558376,0.014559707805487633,0.003401034047413724,0.005943952865936707,0.015761857968969267,0.017008926005065757,0.019603247795879915,0.010504475710888151,3.725469892522127,3.42288504094888,0.1309999563174766,0.12993160159293393,0.13026143368873988,0.1306574902837526,3.2918850846314034,3.292953439355946,3.29262360726014,3.2922275506651273
1014,990,1041,51,0.47058823529411764,0.4719102801359407,0.47058823529411764,8.375403957793582,4.902332257309011,0.15618949440329094,3.8156517024982857,0.01135284693811246,0.00828270059106296,0.014865456338259642,0.012063624582983769,0.013776707392414711,0.01900523863634895,0.018399422704673526,3.997274632781179,3.683695351522664,0.1388794816649042,0.13777522123627542,0.1381024957968253,0.13854918771729635,3.54481586985776,3.5459201302863885,3.5455928557258387,3.545146163805368
1016,990,1041,51,0.5098039215686274,0.5113490230151089,0.4901960784313726,8.375403957793582,4.902332257309011,0.15618949440329094,4.213111486682744,0.021367985226054476,0.025930449856385054,0.03309167690716563,0.014819539855710495,0.010932937186096482,0.01816581896511962,0.05266215688352257,4.404983478528619,4.079526316613106,0.14338059993745614,0.14167839563630175,0.14211862828834168,0.14295025170944814,3.9361457166756497,3.9378479209768043,3.937407688324764,3.9365760649036576
1017,990,1041,51,0.5294117647058824,0.5310697202017759,0.47058823529411764,8.375403957793582,4.902332257309011,0.15618949440329094,4.265177458134722,0.02771987827697165,0.032997369580968876,0.04095633743568627,0.018681243519809286,0.011801006915552893,0.0186774373195208,0.06740014681621409,4.50270507249097,4.162389805276188,0.1099321055025417,0.10783279644403891,0.10836027822263568,0.10939841069220722,4.052457699773647,4.054557008832149,4.054029527053553,4.052991394583981
1018,990,1041,51,0.5490196078431373,0.5507918129116881,0.4509803921568627,8.375403957793582,4.902332257309011,0.15618949440329094,4.270898906819286,0.03499423918083418,0.040613948975013185,0.047465798327297866,0.02399325803592221,0.014435419559791792,0.01785124380296415,0.08146490451767203,4.495899082564291,4.144588317366893,0.13203648982312738,0.131070786235711,0.13131455686959279,0.13181109014758421,4.012551827543766,4.013517531131182,4.013273760497301,4.012777227219309
1019,990,1041,51,0.5686274509803921,0.5705144638308983,0.43137254901960786,8.375403957793582,4.902332257309011,0.15618949440329094,4.360940513541743,0.03818183041333104,0.044040537931207845,0.052378197664159964,0.02583068867923897,0.014816586327267772,0.018786912528334483,0.08972016187105927,4.565966132790871,4.21765612215652,0.1521740599291755,0.15148191662063115,0.151652664103024,0.15203115959360738,4.065482062227344,4.066174205535889,4.066003458053497,4.065624962562913
1021,990,1041,51,0.6078431372549019,0.6099636731344052,0.3921568627450981,8.375403957793582,4.902332257309011,0.15618949440329094,4.672492134551165,0.042397941056031424,0.04897426661215603,0.05716448432251936,0.028512390100213832,0.015388296076735652,0.017604063179550933,0.09910007218398446,4.837768898466249,4.50724241633376,0.1748284860577816,0.1744138428517772,0.17451658189780367,0.17475563767355154,4.332413930275979,4.332828573481983,4.332725834435957,4.332486778660209
1022,990,1041,51,0.6274509803921569,0.6296899524140529,0.37254901960784315,8.375403957793582,4.902332257309011,0.15618949440329094,4.768127557440259,0.0428554903194453,0.04961345412057418,0.05775637160770073,0.02876251441579029,0.01532795577296189,0.017355075236918083,0.10021768500187325,4.93545804862193,4.614224640943052,0.1608179578289298,0.16042795827405337,0.16052133996448853,0.16075072231621365,4.453406683114122,4.453796682668998,4.453703300978563,4.453473918626838
1023,990,1041,51,0.6470588235294118,0.6494167899029986,0.3529411764705882,8.375403957793582,4.902332257309011,0.15618949440329094,4.8926169617272075,0.04336844816253948,0.05040737410491293,0.05764023048542688,0.029208915485219776,0.015517690321700325,0.016185586644298096,0.10071972854341861,5.024889331707445,4.7135008686763085,0.19085099109362888,0.19015839339517399,0.1903052247064223,0.19072586394847504,4.52264987758268,4.523342475281135,4.523195643969887,4.5227750047278334
1024,990,1041,51,0.6666666666666666,0.669145162467514,0.33333333333333337,8.375403957793582,4.902332257309011,0.15618949440329094,5.0201073652663295,0.04159779827071226,0.04865195695327297,0.05679822374734166,0.0276497508979492,0.014208990325601745,0.016924334598493407,0.09811420377318543,5.1644910124938965,4.8567227282224135,0.17454873549462438,0.1727558930027024,0.17308355623981866,0.17423533742478556,4.6821739927277894,4.683966835219711,4.683639171982595,4.682487390797628
1026,990,1041,51,0.7058823529411765,0.7082953111395829,0.2941176470588235,8.375403957793582,4.902332257309011,0.15618949440329094,5.176347401076742,0.03804889538921638,0.04536684401262045,0.05299229361781464,0.02497958466221017,0.012298933177845334,0.016090390477705,0.0908454873987002,5.333571923164364,5.020525672702757,0.17507457544460434,0.1741736445335069,0.1743174506881698,0.17496455235479572,4.845451097258152,4.84635202816925,4.846208222014587,4.845561120347961
1027,990,1041,51,0.7254901960784313,0.7277461141306357,0.27450980392156865,8.375403957793582,4.902332257309011,0.15618949440329094,5.192229590423947,0.03479189872813358,0.042175281063805914,0.05020217224056969,0.022426922010444876,0.010511408413025754,0.01645090408999049,0.08479879942654257,5.354778322601119,5.04604145630505,0.1569799459051771,0.1559036021139123,0.15607540198254416,0.1568258303291189,4.889061510399873,4.8901378541911384,4.889966054322506,4.889215625975932
1028,990,1041,51,0.7450980392156863,0.7471969171216887,0.2549019607843137,8.375403957793582,4.902332257309011,0.15618949440329094,5.146367959974874,0.03279396677599958,0.040381447809915975,0.04681209580912345,0.021231190471664062,0.010000208999721795,0.01484083084574939,0.07945679883876325,5.327873563604977,5.020554556550259,0.1402026883540605,0.1380823647780773,0.13838705366939627,0.13991854796665032,4.880351868196199,4.882472191772182,4.882167502880863,4.8806360085836085
1029,990,1041,51,0.7647058823529411,0.7666464641418209,0.23529411764705888,8.375403957793582,4.902332257309011,0.15618949440329094,5.02584415659313,0.029062401944511103,0.03658866195216262,0.04297857337996363,0.018502933296092445,0.008425473016815446,0.014863810723307384,0.07185143759107522,5.227555170924746,4.917992290396117,0.1264856617538611,0.1252852833735024,0.12544290734664254,0.12635497471316776,4.791506628642256,4.7927070070226145,4.792549383049474,4.791637315682949
1031,990,1041,51,0.803921568627451,0.8055445813158137,0.196078431372549,8.375403957793582,4.902332257309011,0.15618949440329094,4.636208152152659,0.02195451125131982,0.029471362667804715,0.035264811820230196,0.013431567307822717,0.005853572028628857,0.014433694019982804,0.05694632131172886,4.848776933488239,4.547144535705676,0.1102690541572622,0.1083559423529325,0.10859953099760096,0.11004423031296436,4.436875481548413,4.438788593352744,4.438545004708074,4.437100305392711
1032,990,1041,51,0.8235294117647058,0.8249930119173499,0.17647058823529416,8.375403957793582,4.902332257309011,0.15618949440329094,4.373345146321282,0.01915519340099002,0.026380515505235125,0.031661103471588126,0.011664767763945927,0.00552407131326903,0.013975765812224268,0.050431852875913105,4.592200789863926,4.290452996073998,0.10091616775785411,0.09877558306398153,0.0990416177443174,0.1006628697441576,4.189536828316143,4.191677413010016,4.19141137832968,4.18979012632984
1033,990,1041,51,0.8431372549019608,0.8444404656526143,0.1568627450980392,8.375403957793582,4.902332257309011,0.15618949440329094,4.1097137944842075,0.016217189777699755,0.023238741894848664,0.02824114866330105,0.00974225510817659,0.005149867437856071,0.013741406910516372,0.04395785686696767,4.325226571464704,4.019026983583789,0.11314363081706148,0.11105642733427655,0.11130556483074483,0.11290471673754843,3.905883352766727,3.9079705562495124,3.9077214187530442,3.9061222668462405
1034,990,1041,51,0.8627450980392157,0.8638877798355543,0.13725490196078427,8.375403957793582,4.902332257309011,0.15618949440329094,3.7790681984277907,0.014362206587696786,0.02055931247490441,0.024892982019190497,0.00905656587531198,0.0059352642793744055,0.013191361679835322,0.03844288023526094,4.018934507201493,3.7064939085294766,0.08729315644076427,0.08493479096283338,0.08520340771976712,0.08703298880092898,3.6192007520887124,3.621559117566643,3.6212905008097094,3.6194609197285477
1036,990,1041,51,0.9019607843137255,0.902779896259593,0.0980392156862745,8.375403957793582,4.902332257309011,0.15618949440329094,2.9886950447998064,0.01031256462009294,0.013876508263220672,0.017855244718801438,0.00807632828893353,0.007997273830106044,0.013452459640078787,0.02587177681675167,3.2617744909161095,2.9381737568920396,0.05565545050488637,0.05480640131449869,0.054884038120962535,0.05557986470536089,2.882518306387153,2.883367355577541,2.8832897187710773,2.8825938921866787
1037,990,1041,51,0.9215686274509803,0.9222248380530162,0.07843137254901966,8.375403957793582,4.902332257309011,0.15618949440329094,2.5181530219818336,0.009307645213325215,0.010631283417443032,0.014283706769894036,0.00853337980918043,0.009192818795362151,0.013579238378338814,0.01992278499796536,2.790554557353167,2.4701367089936737,0.053677271037173756,0.052712067550949954,0.05280332485181989,0.053587521284852925,2.4164594379565,2.417424641442724,2.4173333841418536,2.4165491877088208
1038,990,1041,51,0.9411764705882353,0.9416697798464394,0.05882352941176472,8.375403957793582,4.902332257309011,0.15618949440329094,1.984810587863306,0.008966211049251195,0.00881815619854715,0.010700191478243744,0.00879568976921825,0.009415260944967595,0.012415650831893308,0.015350103938478533,2.2701011034737992,1.949390638889166,0.05995654675455119,0.05882264817898898,0.05892673072067264,0.05985617089672018,1.8894340921346149,1.890567990710177,1.8904639081684933,1.8895344679924457
1039,990,1041,51,0.9607843137254902,0.9611136052212665,0.039215686274509776,8.375403957793582,4.902332257309011,0.15618949440329094,1.3673381910060216,0.00989982257023766,0.005982806331277391,0.007131428754463879,0.01015196616456051,0.010699322716909314,0.012504925602295948,0.011889254042428613,1.6776491184995381,1.3464772815966835,0.028255479046964956,0.02625170896414057,0.026438163209774553,0.02808116524908656,1.3182218025497185,1.320225572632543,1.320039118386909,1.3183961163475968
1042,1041,1052,11,0.09090909090909091,0.09092386388406312,0.09090909090909091,12.712717939374992,34.79842725033139,0.09582550501610401,0.23785150604675467,0.011638651942206316,0.003225761382580597,0.000495199055329511,0.011581373634762738,0.011525140531342012,0.011415871432122103,0.011877910662978674,0.6255078018472231,0.23400458084403863,0.020319427824532835,0.02193135503907769,0.021166527864415034,0.021130815522596137,0.2136851530195058,0.21207322580496094,0.2128380529796236,0.2128737653214425
1043,1041,1052,11,0.18181818181818182,0.18184250679705172,0.18181818181818182,12.712717939374992,34.79842725033139,0.09582550501610401,0.4278953958542186,0.013630196868222541,0.006669362059571671,0.0007337766048068028,0.0135757606987684,0.013523593973022335,0.013426173515961544,0.013870084868659736,0.7438844139044954,0.4333300066493368,0.012849476750305773,0.01732546414479242,0.015356551528553898,0.015133143342669835,0.420480529899031,0.4160045425045444,0.4179734551207829,0.41819686330666694
1044,1041,1052,11,0.2727272727272727,0.27276114971004034,0.2727272727272727,12.712717939374992,34.79842725033139,0.09582550501610401,0.5236815919528373,0.014816516521987597,0.009208321016225176,0.0008153446863014052,0.014729774438138232,0.014645355800396687,0.014483650253745995,0.015185907050116765,0.825957788959271,0.5464366389368426,0.035081459334706105,0.0348547332051333,0.035050773346975865,0.03501857856307588,0.5113551796021365,0.5115819057317093,0.5113858655898668,0.5114180603737667
1046,1041,1052,11,0.45454545454545453,0.45458734097248416,0.45454545454545453,12.712717939374992,34.79842725033139,0.09582550501610401,0.5766239174413945,0.01623919567118789,0.01101292163794768,0.0010933996394486883,0.015976337643332922,0.01571383763715503,0.015189985908893616,0.0172938811643009,0.9182163801596247,0.5950983857754556,0.023916072290061152,0.026983440578616555,0.025618334291473123,0.025307621677247785,0.5711823134853944,0.568114945196839,0.5694800514839825,0.5697907640982078
1047,1041,1052,11,0.5454545454545454,0.5454948893219395,0.4545454545454546,12.712717939374992,34.79842725033139,0.09582550501610401,0.534298927880769,0.015997468825360482,0.011428856802719472,0.0012543200668948843,0.015699086622456164,0.015401308307873111,0.01480770899852671,0.017196406877953967,0.848023642153448,0.5543948048104594,0.021305578088150767,0.024881640335083492,0.02333161794569822,0.022881509305920294,0.5330892267223086,0.529513164475376,0.5310631868647612,0.5315132955045392
1048,1041,1052,11,0.6363636363636364,0.636403090292779,0.36363636363636365,12.712717939374992,34.79842725033139,0.09582550501610401,0.45488810673803126,0.016895416011937756,0.01168254163027626,0.0015056079131558582,0.016617890023699417,0.01634432049250177,0.015809869389114592,0.018041394200791077,0.74562386315657,0.5030975400643796,0.051325895969565834,0.05221802943608157,0.05186362667587068,0.05159890817502486,0.45177164409481374,0.450879510628298,0.4512339133885089,0.4514986318893547
1049,1041,1052,11,0.7272727272727273,0.7273047650497755,0.2727272727272727,12.712717939374992,34.79842725033139,0.09582550501610401,0.34406183839731125,0.015205797215778118,0.009066426649198819,0.0016916545576028785,0.01504235617827017,0.014889137037226219,0.01461462904183226,0.015955204360611677,0.5620646127469011,0.3903405792386613,0.05881730536604643,0.05845526723858971,0.058700669390353837,0.05850928850019614,0.3315232738726148,0.33188531200007154,0.33163990984830743,0.3318312907384651
1051,1041,1052,11,0.9090909090909091,0.9091035462140781,0.09090909090909094,12.712717939374992,34.79842725033139,0.09582550501610401,0.1329645690525165,0.013052902037122964,0.003317433670292574,0.0007721570863085198,0.013096792879067613,0.013143372632791056,0.013244483758193275,0.012904751306874743,0.3576057115157198,0.1516915907702449,0.0487427747400365,0.0484429831884459,0.04863451345932886,0.04855442623329533,0.10294881603020842,0.10324860758179902,0.10305707731091605,0.10313716453694957
1053,1052,1068,16,0.0625,0.06211981320166459,0.0625,10.762041745829775,20.13357541411907,0.12867672383009454,0.41590019205160356,0.014367908617508324,0.0011939284723396864,0.0010884939280380518,0.014334227070760716,0.01430564349374437,0.01426388737388388,0.0145528262248282,0.359323391483175,0.4139493899795747,0.0,0.0,0.0,0.0,0.4139493899795747,0.4139493899795747,0.4139493899795747,0.4139493899795747
1054,1052,1068,16,0.125,0.12423918037100969,0.125,10.762041745829775,20.13357541411907,0.12867672383009454,0.8241756368625367,0.012332152266884644,0.0027875100540052243,0.001276951177455887,0.01228000858340041,0.012235974322539454,0.012172569895665748,0.01261957645175147,0.5814689035355332,0.8500211798261424,0.0,0.0,0.0,0.0,0.8500211798261424,0.8500211798261424,0.8500211798261424,0.8500211798261424
1056,1052,1068,16,0.25,0.24880307227061674,0.25,10.762041745829775,20.13357541411907,0.12867672383009454,1.4843986130959703,0.013631858573571614,0.0012831399110159317,0.000535750496568386,0.013656062244543918,0.013681534360523107,0.013736255350122828,0.013547858963138214,1.2278679654296976,1.502353006866924,0.04176336462960887,0.03963276635942288,0.040988988062952356,0.04047697483180663,1.460589642237315,1.462720240507501,1.4613640188039716,1.4618760320351174
1057,1052,1068,16,0.3125,0.31139790989255084,0.3125,10.762041745829775,20.13357541411907,0.12867672383009454,1.729337283810218,0.013793981637302551,0.0024834457951072595,0.0017940656821991395,0.013830502638781005,0.013881426837015619,0.014025812935035808,0.013793541012950654,1.5267030807535757,1.7395337505913873,0.0,0.0,0.0,0.0,1.7395337505913873,1.7395337505913873,1.7395337505913873,1.7395337505913873
1058,1052,1068,16,0.375,0.3739949776760824,0.375,10.762041745829775,20.13357541411907,0.12867672383009454,1.8965429100131705,0.013650894229501661,0.0027288716589562415,0.002858184994467398,0.013822359287159006,0.014028167091405948,0.014536734205283912,0.013331002516698033,1.728904168335162,1.913923598744047,0.0,0.0,0.0,0.0,1.913923598744047,1.913923598744047,1.913923598744047,1.913923598744047
1059,1052,1068,16,0.4375,0.436591153394975,0.4375,10.762041745829775,20.13357541411907,0.12867672383009454,1.9771918294074962,0.012177282729291198,0.005248452026348291,0.0034408161440163255,0.01247633172446472,0.012826199510992958,0.01366221727945213,0.011558316478669098,1.7938224835172836,1.9909513457436239,0.02787564526242116,0.028740638085958194,0.027900706367612126,0.028454997358909932,1.9630757004812027,1.9622107076576656,1.9630506393760117,1.962496348384714
1061,1052,1068,16,0.5625,0.5617875191236357,0.4375,10.762041745829775,20.13357541411907,0.12867672383009454,1.899799298466191,0.011160421466121982,0.0033661420007534684,0.0036612339325942495,0.011898808456214677,0.012660326113198823,0.014237802647817547,0.008555948701524064,1.6249147375244737,1.8947302988189627,0.03312212643301243,0.033499710943484126,0.03310831690528292,0.03340818812462689,1.8616081723859503,1.8612305878754787,1.86162198191368,1.8613221106943358
1062,1052,1068,16,0.625,0.6243872631010843,0.375,10.762041745829775,20.13357541411907,0.12867672383009454,1.7925297037130765,0.010972569487957095,0.003441543423738872,0.0033895844362744868,0.011599427147006227,0.012252848625551855,0.013623947997502392,0.008840880532996306,1.499405727395536,1.779598814911023,0.0,0.0,0.0,0.0,1.779598814911023,1.779598814911023,1.779598814911023,1.779598814911023
1063,1052,1068,16,0.6875,0.6869865610462134,0.3125,10.762041745829775,20.13357541411907,0.12867672383009454,1.6371241218980048,0.011632787408930364,0.001915422848279471,0.003012120870977682,0.012175956918490624,0.012740495276015807,0.013923186881087459,0.009743413013919221,1.364461453032906,1.6273375805295118,0.0038219016835076207,0.0,0.0036311911583469902,0.0,1.6235156788460041,1.6273375805295118,1.6237063893711647,1.6273375805295118
1064,1052,1068,16,0.75,0.7495885351852595,0.25,10.762041745829775,20.13357541411907,0.12867672383009454,1.419485480419012,0.012935526708039144,0.0006527778824189359,0.002805273413572348,0.013307187240542657,0.013704681979562379,0.014568580732862524,0.011753777082650782,1.1750080339848064,1.3985644042164906,0.04258948689210609,0.04141591522688242,0.0424983144986202,0.0414806359384946,1.3559749173243845,1.3571484889896082,1.3560660897178705,1.3570837682779961
1066,1052,1068,16,0.875,0.8747924834633517,0.125,10.762041745829775,20.13357541411907,0.12867672383009454,0.8666995041017601,0.011079913051455049,0.001483386383411354,0.0021580217918581142,0.011314963144266775,0.011570412306447547,0.01213725412445712,0.010369673325723671,0.7557231344162285,0.848608020354178,0.052099440078737055,0.05145043718017574,0.05195323299715774,0.051573536814176646,0.796508580275441,0.7971575831740023,0.7966547873570203,0.7970344835400014
1067,1052,1068,16,0.9375,0.9373949036347173,0.0625,10.762041745829775,20.13357541411907,0.12867672383009454,0.48400678157503235,0.010471161390587472,0.00037192336136987627,0.0012620325282593837,0.010665982402204762,0.010866472799549583,0.011283244408864173,0.009755218580332512,0.5288918025100879,0.4753121378933898,0.0,0.0,0.0,0.0,0.4753121378933898,0.4753121378933898,0.4753121378933898,0.4753121378933898
1069,1068,1093,25,0.04,0.0400136155422441,0.04,8.982856798198462,10.741007128235545,0.4157520388908969,0.5226933552999062,0.010519117805291954,0.0012622161168657374,0.0010026642897156032,0.010444025716262113,0.010374448124214442,0.010252276635038568,0.010872220286473444,0.33309871619697773,0.5147818752371652,0.0,0.0,0.0,0.0,0.5147818752371652,0.5147818752371652,0.5147818752371652,0.5147818752371652
1071,1068,1093,25,0.12,0.1200431272870747,0.12,8.982856798198462,10.741007128235545,0.4157520388908969,1.4138551811407531,0.011558176339373828,0.004227822903999826,0.002182896623078576,0.01125274298269133,0.010965976412765898,0.010454489749009258,0.012938956681513313,1.1214170059630637,1.390055493956256,0.04703136070752992,0.045834738076692826,0.04631442699414054,0.0465312584075032,1.343024133248726,1.3442207558795631,1.3437410669621155,1.3435242355487527
1072,1068,1093,25,0.16,0.160059308572204,0.16,8.982856798198462,10.741007128235545,0.4157520388908969,1.7852343485662494,0.01177015286401466,0.005906329778263521,0.0023801332441513706,0.011430008629878384,0.011111337696173286,0.010546073652525275,0.013311025351936127,1.5008591546576058,1.7496618730240685,0.05823128094054009,0.05613664758924879,0.0569278992466885,0.057430679458223485,1.6914305920835284,1.6935252254348196,1.69273397377738,1.692231193565845
1073,1068,1093,25,0.2,0.2000749196922477,0.2,8.982856798198462,10.741007128235545,0.4157520388908969,2.124520011927812,0.012143711526481998,0.007403558257139289,0.002415197710496452,0.011806315888506148,0.01149076183625664,0.010932615218104085,0.01367785596251391,1.8496006814643855,2.0780387978425106,0.061307967201936577,0.05952565543577967,0.06016461778092319,0.060694966712362304,2.016730830640574,2.018513142406731,2.0178741800615874,2.017343831130148
1074,1068,1093,25,0.24,0.2400922413075482,0.24,8.982856798198462,10.741007128235545,0.4157520388908969,2.428473981804044,0.012576799709221447,0.008352679041984754,0.002338263916508183,0.01223957085112807,0.011921482000221093,0.011349066671270395,0.014088485505166738,2.141313918222859,2.371790824492896,0.07569407334830044,0.07426478246974773,0.07476159108736383,0.075256593473926,2.2960967511445958,2.2975260420231485,2.297029233405532,2.29653423101897
1076,1068,1093,25,0.32,0.320127169620692,0.32,8.982856798198462,10.741007128235545,0.4157520388908969,2.8877173370702485,0.011106014635711947,0.009080516489674112,0.0026486239456524024,0.010925131159544398,0.010781944245753333,0.010614362286598088,0.012167697113139636,2.590975669521062,2.8322021350457973,0.07131478109203444,0.06983533310211966,0.07030881251118694,0.0708659110383229,2.760887353953763,2.762366801943678,2.7618933225346103,2.7613362240074744
1077,1068,1093,25,0.36,0.36014449123599246,0.36,8.982856798198462,10.741007128235545,0.4157520388908969,3.1354511738832245,0.011629698362107734,0.009666345675500228,0.0027855950377531948,0.011496427734722429,0.011404199217396995,0.011346426990190466,0.01254103033933857,2.7947128834284567,3.03901881783565,0.10991671940632394,0.10780668274896975,0.10846259608901085,0.1092755096840351,2.929102098429326,2.93121213508668,2.930556221746639,2.9297433081516147
1078,1068,1093,25,0.4,0.40016409351163534,0.4,8.982856798198462,10.741007128235545,0.4157520388908969,3.4566102490793584,0.011725690605224486,0.010440063757189989,0.0029888438655515143,0.011758869220803816,0.011839207701154065,0.012137069318373526,0.012064060842236551,3.1070637896852333,3.3439484546261995,0.11651594057365569,0.11470953941349805,0.11523846334248387,0.11593545560289968,3.227432514052544,3.2292389152127012,3.228709991283716,3.2280129990232997
1079,1068,1093,25,0.44,0.44018255545710705,0.44,8.982856798198462,10.741007128235545,0.4157520388908969,3.762839699045606,0.011158341649282815,0.009938047564406213,0.0031918964661403256,0.011262359252026444,0.011421313797572132,0.01189446639779978,0.01130996250820353,3.4245918967603743,3.6606714199368455,0.10461833887069726,0.10452235610297392,0.10453248259224879,0.10461472627025013,3.5560530810661484,3.5561490638338715,3.556138937344597,3.5560566936665956
1081,1068,1093,25,0.52,0.5202223301734784,0.48,8.982856798198462,10.741007128235545,0.4157520388908969,3.8952499115111343,0.010812710701134959,0.010042828558581875,0.0027444302397787988,0.010866975072500697,0.010963989644006926,0.011281372868221753,0.0110283201940754,3.564685429638704,3.8283781047882375,0.07914325910069922,0.07714049686824895,0.0776671440346941,0.07862804542882475,3.749234845687538,3.7512376079199887,3.750710960753543,3.7497500593594126
1082,1068,1093,25,0.56,0.5602436429443781,0.43999999999999995,8.982856798198462,10.741007128235545,0.4157520388908969,3.921900699849596,0.011437686291070837,0.010524838519888972,0.0020045036260265157,0.011489866740052602,0.011563548852481821,0.011773685651820725,0.011448044860652712,3.585303583286511,3.848658191600608,0.08119434351011674,0.07738443019369312,0.07833196617376671,0.08024329628956174,3.7674638480904914,3.771273761406915,3.7703262254268415,3.7684148953110466
1083,1068,1093,25,0.6,0.600264670632735,0.4,8.982856798198462,10.741007128235545,0.4157520388908969,3.8365121597396774,0.010762133301597917,0.010578592256767754,0.0012567217690621314,0.01077742882629107,0.010801844736468908,0.010877769119751373,0.010792583777287923,3.5231968670198763,3.7782409363032836,0.07636912244661538,0.07189727260577669,0.07295774508122102,0.07536109412688703,3.7018718138566684,3.706343663697507,3.7052831912220627,3.7028798421763964
1084,1068,1093,25,0.64,0.6402868386512631,0.36,8.982856798198462,10.741007128235545,0.4157520388908969,3.6862366525077483,0.010908904199812056,0.010487107268571548,0.0007112135886189027,0.010836030198946427,0.01076559976036441,0.010632262127334762,0.01122385999887158,3.3627328248471735,3.6183025873971046,0.07508679340433519,0.07339808569082464,0.07378071802421436,0.07473206838938926,3.5432157939927693,3.54490450170628,3.54452186937289,3.5435705190077154
1086,1068,1093,25,0.72,0.7203303194406908,0.28,8.982856798198462,10.741007128235545,0.4157520388908969,3.3295132168527193,0.011013003704094028,0.010033812055220135,0.0007149934674608292,0.010970189401622324,0.01093013094092924,0.010858401448398686,0.011211157410152356,3.008956675437672,3.2651617894872533,0.07252772201820892,0.0707914450054778,0.0711632177440427,0.07212737627747333,3.1926340674690445,3.1943703444817757,3.1939985717432107,3.19303441320978
1087,1068,1093,25,0.76,0.7602284765531012,0.24,8.982856798198462,10.741007128235545,0.4157520388908969,2.9982602182745333,0.010932612709969636,0.008859482430047652,0.001100242783954355,0.010921279884082195,0.010916867898792431,0.010928826829307868,0.011046531303294584,2.6997033467980542,2.9581894729452,0.05157606507522511,0.046742251936836766,0.047768385504206964,0.050499903761367954,2.906613407869975,2.911447221008363,2.910421087440993,2.907689569183832
1088,1068,1093,25,0.8,0.8001277739956827,0.19999999999999996,8.982856798198462,10.741007128235545,0.4157520388908969,2.6389606720607297,0.011057048860511454,0.008793096038994948,0.0014912182079370772,0.011053376408578546,0.011062273591973046,0.011117613521589501,0.01119655268729673,2.3471242695111525,2.5893104632873065,0.06457829516136085,0.06090751075321991,0.061618276485132864,0.06381939301318769,2.524732168125946,2.5284029525340865,2.527692186802174,2.5254910702741187
1089,1068,1093,25,0.84,0.840025931108093,0.16000000000000003,8.982856798198462,10.741007128235545,0.4157520388908969,2.2609517485476216,0.010172540016293169,0.007938766492528681,0.0019413863091854824,0.010215163906079574,0.010280549570584437,0.01047775352659855,0.010233073018649341,1.9858504938789188,2.2102609318157396,0.06539619966596671,0.06108061775722047,0.06185568740867359,0.0645898633379158,2.144864732149773,2.149180314058519,2.148405244407066,2.145671068477824
1091,1068,1093,25,0.92,0.9200121103064182,0.07999999999999996,8.982856798198462,10.741007128235545,0.4157520388908969,1.2803021856996115,0.010100879878642244,0.004731191830042552,0.0017445562908689923,0.010295998234464034,0.010505608956500876,0.01096492604156862,0.009482241235724323,1.113301565259751,1.253624826145598,0.035699348138200186,0.03516996031468498,0.03522112759841075,0.035613358063893395,1.2179254780073978,1.2184548658309131,1.2184036985471873,1.2180114680817047
1092,1068,1093,25,0.96,0.9600066253182946,0.040000000000000036,8.982856798198462,10.741007128235545,0.4157520388908969,0.6821008161832152,0.009457638456839274,0.0025795419009741884,0.0010057907796607289,0.009600065162764761,0.009746898427957963,0.010053006530177969,0.008936114382083,0.6312071424286937,0.6840786585635068,0.0,0.0,0.0,0.0,0.6840786585635068,0.6840786585635068,0.6840786585635068,0.6840786585635068
1094,1093,1104,11,0.09090909090909091,0.09090626338471985,0.09090909090909091,13.191948882091362,35.85309641919749,0.2078934361515313,0.18878372894936946,0.011841520139541782,0.0026716913587772214,0.00038529153432313056,0.01192574879979156,0.012010159276716077,0.012179510551422551,0.01150650339116867,0.2731659926985616,0.18048600602058754,0.0,0.0,0.0,0.0,0.18048600602058754,0.18048600602058754,0.18048600602058754,0.18048600602058754
1096,1093,1104,11,0.2727272727272727,0.27271814217982454,0.2727272727272727,13.191948882091362,35.85309641919749,0.2078934361515313,0.3751441897426059,0.012836194979885715,0.004124469707202244,0.0012710314362297716,0.013119549160504484,0.01340444623631013,0.013978491216814281,0.011720436350601484,0.1606146726499849,0.413911692963496,0.03239219131537923,0.02845793902864634,0.03015229132738128,0.030175242174569534,0.38151950164811677,0.38545375393484965,0.3837594016361147,0.3837364507889265
1097,1093,1104,11,0.36363636363636365,0.3636250535388794,0.36363636363636365,13.191948882091362,35.85309641919749,0.2078934361515313,0.3134597188259379,0.012672709618521518,0.003826996280452003,0.001450265320663238,0.012962082331645058,0.01325505550184021,0.013850886556048237,0.011556583351616271,0.23105927808807286,0.3780845848162627,0.06074652195352614,0.05824019398336909,0.05924979350479513,0.05927556841255129,0.3173380628627366,0.3198443908328936,0.3188347913114676,0.31880901640371145
1098,1093,1104,11,0.45454545454545453,0.4545339088209394,0.45454545454545453,13.191948882091362,35.85309641919749,0.2078934361515313,0.21198739881717987,0.012087212060044296,0.0030913708525600013,0.001347685600232096,0.012259509791659694,0.012438548843765908,0.012815710184439902,0.011471332799267476,0.33560822759113346,0.2947301245361805,0.08345446484924558,0.08619706541529679,0.08470267400076627,0.08462211749394925,0.21127565968693496,0.20853305912088374,0.21002745053541427,0.21010800704223126
1099,1093,1104,11,0.5454545454545454,0.5454414681543294,0.4545454545454546,13.191948882091362,35.85309641919749,0.2078934361515313,0.10146436868966649,0.01277370531704646,0.0034610853518481435,0.0011339263551525763,0.012672674505430786,0.012577222838799251,0.012403564634262943,0.013230958293901578,0.34442294731319867,0.1669807851111892,0.118153572870147,0.12241036733066145,0.1203272910893781,0.12021374356106376,0.048827212241042195,0.04457041778052774,0.046653494021811084,0.04676704155012543
1101,1093,1104,11,0.7272727272727273,0.7272624185901245,0.2727272727272727,13.191948882091362,35.85309641919749,0.2078934361515313,0.4669552391630561,0.01563365472884191,0.005807924703624468,0.00214512563164532,0.015101401294900325,0.014569443278846968,0.013506553102779742,0.017765091375902244,0.3620818594115642,0.39541284825036127,0.07772397004368954,0.08261186206582469,0.0804101963404959,0.07998894444203515,0.31768887820667174,0.31280098618453656,0.31500265190986537,0.31542390380832613
1102,1093,1104,11,0.8181818181818182,0.8181745137438596,0.18181818181818177,13.191948882091362,35.85309641919749,0.2078934361515313,0.4719410255883175,0.014795245099785342,0.0045216706336817115,0.0017092347873565487,0.014368463749128759,0.013941714704516021,0.013088326173375723,0.016502643431323107,0.37274675572042015,0.4408971410190607,0.048086662992171327,0.0509230415363123,0.04977660151187584,0.04917564891560359,0.39281047802688934,0.3899740994827484,0.39112053950718484,0.3917214921034571
1103,1093,1104,11,0.9090909090909091,0.9090853129489247,0.09090909090909094,13.191948882091362,35.85309641919749,0.2078934361515313,0.27967920277733616,0.013393811873891095,0.0023651466206543004,0.0007522064427269678,0.013206349102513238,0.01301890331549775,0.012644065715963724,0.014143819295428057,0.34595542156762304,0.29551959945065015,0.05265863479135171,0.05179602780631264,0.05247258213441721,0.05192986802247749,0.24286096465929843,0.2437235716443375,0.24304701731623293,0.24358973142817267
1106,1104,1115,11,0.18181818181818182,0.18181064247621676,0.18181818181818182,11.652169921305239,31.665246384559378,0.22058657960354036,0.0795996536883372,0.00887976879793352,0.003780141377025756,0.0024721605687225037,0.008421473722190622,0.007984741237950857,0.007191500560250644,0.010872261184156445,0.43752431948864884,0.050290563068571256,0.09764315592347507,0.0996877793079964,0.09860078557693715,0.09858315175015386,-0.04735259285490381,-0.04939721623942514,-0.04831022250836589,-0.04829258868158261
1107,1104,1115,11,0.2727272727272727,0.2727166116265253,0.2727272727272727,11.652169921305239,31.665246384559378,0.22058657960354036,0.23795414064375955,0.009492377128496862,0.004757144302762697,0.003596160650426636,0.008728531097895285,0.007992861385774146,0.006643239302225003,0.012725665464719229,0.31523095533002765,0.1606638681561077,0.08539842727047339,0.08695359831352051,0.0861325786515147,0.08610343720928089,0.0752654408856343,0.07371026984258719,0.07453128950459299,0.07456043094682681
1108,1104,1115,11,0.36363636363636365,0.36362517242563425,0.36363636363636365,11.652169921305239,31.665246384559378,0.22058657960354036,0.39459724625228954,0.010626352510002485,0.005589426996920936,0.004165045548178736,0.00966149105228663,0.00871423557131052,0.006901466346143694,0.01459122018350502,0.324408179564931,0.3173666957697555,0.08526696302563283,0.08774404501173129,0.08657139482096735,0.0864067532456331,0.23209973274412268,0.22962265075802424,0.23079530094878817,0.2309599425241224
1109,1104,1115,11,0.45454545454545453,0.4545337332247433,0.45454545454545453,11.652169921305239,31.665246384559378,0.22058657960354036,0.49113156707495137,0.011909732337687612,0.00588395523754587,0.004622928414195537,0.01080143064742819,0.009704201002523958,0.007562211541658972,0.016408514239731647,0.31874846306132487,0.4331260847519371,0.07168540674033679,0.07587545906568174,0.07392488027425174,0.07357930732009442,0.3614406780116003,0.3572506256862553,0.35920120447768533,0.35954677743184266
1111,1104,1115,11,0.6363636363636364,0.6363521506473615,0.36363636363636365,11.652169921305239,31.665246384559378,0.22058657960354036,0.729472830799336,0.012851181416130019,0.005316588709191042,0.0037867083787242566,0.011916886877461303,0.01098471287532448,0.009129323649050159,0.016602394344866787,0.2986345136484857,0.6723878907841921,0.07114808625431601,0.07238799064457262,0.07168533321222148,0.07176132014413111,0.6012398045298761,0.5999999001396196,0.6007025575719707,0.6006265706400611
1112,1104,1115,11,0.7272727272727273,0.7272652468318713,0.2727272727272727,11.652169921305239,31.665246384559378,0.22058657960354036,0.6444159152148938,0.011612361935016744,0.003526559535533806,0.0023987547193729123,0.011023247490548697,0.010435337742086583,0.009264049329254663,0.013977815918526607,0.30440824546412604,0.6635846440932672,0.06972188048381762,0.06594465609780084,0.06761239392495501,0.06813298973315805,0.5938627636094496,0.5976399879954664,0.5959722501683122,0.5954516543601092
1113,1104,1115,11,0.8181818181818182,0.8181744555431805,0.18181818181818177,11.652169921305239,31.665246384559378,0.22058657960354036,0.43266852022545926,0.010748992174047496,0.0019105064781392326,0.0012324331521129264,0.010472730487378876,0.010198293798431141,0.009655516857098667,0.011869727995476819,0.24141743698201537,0.45076364274382164,0.0900582369599777,0.08725580434775247,0.08855656968445569,0.08883481254796229,0.3607054057838439,0.36350783839606915,0.36220707305936595,0.36192883019585936
1114,1104,1115,11,0.9090909090909091,0.9090881996398904,0.09090909090909094,11.652169921305239,31.665246384559378,0.22058657960354036,0.24144719642861784,0.009824932751360609,0.0007020263057423276,0.0006031485563030908,0.009751323515036986,0.009679503631059181,0.009541392540353022,0.010136469399665412,0.37849053175878644,0.23352884951833416,0.04247506359261519,0.041064536241907236,0.04168642983991335,0.041859795360141255,0.19105378592571898,0.19246431327642693,0.1918424196784208,0.1916690541581929
1116,1115,1126,11,0.09090909090909091,0.09077729445222193,0.09090909090909091,13.552143639721928,36.77244139281876,0.18844898292534903,0.15851079010277408,0.012023360277030848,0.0024163145229864017,0.00025016899082649176,0.011991174922699686,0.011959230024034886,0.011896069327566027,0.012154467833033733,0.4708712961351543,0.14016513853727355,0.025963825213476482,0.026856407119709727,0.026447722039320914,0.026434425102765245,0.11420131332379707,0.11330873141756383,0.11371741649795264,0.1137307134345083
1117,1115,1126,11,0.18181818181818182,0.1815532950525692,0.18181818181818182,13.552143639721928,36.77244139281876,0.18844898292534903,0.34514119714202923,0.013119166282962854,0.004102207355476068,0.0006031232968183917,0.012999056226840068,0.012879591271890787,0.012642669716380556,0.013605714453306118,0.5452150813815531,0.3084045243185964,0.05795175813240213,0.05652283518017019,0.057294743863607916,0.05715768235760247,0.2504527661861943,0.2518816891384262,0.25110978045498844,0.2512468419609939
1118,1115,1126,11,0.2727272727272727,0.2723318833566658,0.2727272727272727,13.552143639721928,36.77244139281876,0.18844898292534903,0.5332714170188522,0.014406929811844611,0.00541058775740218,0.0006517290797169376,0.014264044474635728,0.014121593281019041,0.01383804691357493,0.014982563612787724,0.7027160851757938,0.4714033939319916,0.07800465449820249,0.07575224173258996,0.07695362685049965,0.07667774995891828,0.3933987394337891,0.3956511521994016,0.39444976708149193,0.3947256439730733
1119,1115,1126,11,0.36363636363636365,0.3631046493273264,0.36363636363636365,13.552143639721928,36.77244139281876,0.18844898292534903,0.6779244700676231,0.014956994621760308,0.005501512284591087,0.0003393585593079794,0.01493033140596407,0.014904103434874545,0.01485296241143163,0.015067953155584336,0.8769650482455875,0.6388221953735941,0.06050925041076677,0.056358285590099706,0.05855172133723485,0.058078151664330946,0.5783129449628273,0.5824639097834944,0.5802704740363592,0.5807440437092631
1121,1115,1126,11,0.5454545454545454,0.5442115654831372,0.4545454545454546,13.552143639721928,36.77244139281876,0.18844898292534903,0.7575561928707745,0.014493505835420686,0.003823022799954549,0.0013857333628104701,0.014691119628370653,0.0148941704229515,0.015315712267174443,0.013762009099600288,0.9899203648273345,0.7124193368642411,0.0539820310759991,0.048607879251684805,0.0514558026971043,0.05090726419273428,0.658437305788242,0.6638114576125562,0.6609635341671368,0.6615120726715068
1122,1115,1126,11,0.6363636363636364,0.6347650235610426,0.36363636363636365,13.552143639721928,36.77244139281876,0.18844898292534903,0.7485549473709311,0.014384119630525436,0.0030390571931114075,0.0011995956066587973,0.014513289233084039,0.014647460868132683,0.014930265805786776,0.013920165850237512,0.9917221908946442,0.7143571860891484,0.07592911706185425,0.08217549140828409,0.07844184561571936,0.07979552849956842,0.6384280690272942,0.6321816946808644,0.6359153404734291,0.63456165758958
1123,1115,1126,11,0.7272727272727273,0.726061152615004,0.2727272727272727,13.552143639721928,36.77244139281876,0.18844898292534903,0.6804750330184178,0.01466783694987285,0.003465868959088934,0.0005325849823903994,0.014681206334189765,0.014695769932585548,0.014728465310976886,0.014626362660839392,0.8964688511478216,0.649147569327667,0.08639569997647112,0.09278618325884061,0.08888559164958303,0.090393333938984,0.5627518693511959,0.5563613860688265,0.560261977678084,0.5587542353886831
1124,1115,1126,11,0.8181818181818182,0.8173669855580253,0.18181818181818177,13.552143639721928,36.77244139281876,0.18844898292534903,0.5339482983813825,0.01511098742901792,0.003798711138287118,0.0004134929222114368,0.015035693225185309,0.014960734356755932,0.014811842967884122,0.015415418996837377,0.741561951754018,0.49582368269068466,0.04261082104165361,0.04696699086803294,0.04427909953242901,0.04522127000681193,0.4532128616490311,0.44885669182265175,0.45154458315825563,0.45060241268387274
1127,1126,1139,13,0.07692307692307693,0.07688256633211286,0.07692307692307693,7.958147261418008,18.178470208021665,0.1533478075067,0.3736631643190652,0.014569337671220293,0.00538379663331041,0.003505765284286708,0.013808476866980666,0.013062111826668967,0.011623989232661246,0.01771989997522765,0.31861005198472653,0.3470952236305642,0.014347918380659649,0.013758166231287462,0.014021203997213232,0.014049733555779702,0.3327473052499046,0.33333705739927677,0.333074019633351,0.3330454900747845
1128,1126,1139,13,0.15384615384615385,0.15377384642112388,0.15384615384615385,7.958147261418008,18.178470208021665,0.1533478075067,0.7228790020024166,0.018205231139682306,0.00943943485028889,0.0063703024557263815,0.01674058623852699,0.015301523079158996,0.012535276340134266,0.024225796901853513,0.6602283412955324,0.7000580090657691,0.03319576542329318,0.03326010474163134,0.03310259828430032,0.03326690180812568,0.6668622436424759,0.6667979043241378,0.6669554107814688,0.6667911072576435
1129,1126,1139,13,0.23076923076923078,0.23067002799839012,0.23076923076923078,7.958147261418008,18.178470208021665,0.1533478075067,1.0209819606597454,0.02090591714567504,0.012299841973725583,0.00823184540377276,0.01894181085393315,0.01699992455849395,0.013221918834380486,0.02889328924238193,0.9437205320269846,0.9889427016087615,0.07533254403157538,0.07648910668788615,0.07564798872598967,0.07614226602220302,0.9136101575771861,0.9124535949208754,0.9132947128827719,0.9128004355865585
1131,1126,1139,13,0.38461538461538464,0.3844836309353619,0.38461538461538464,7.958147261418008,18.178470208021665,0.1533478075067,1.3674918883453913,0.02250990489167811,0.014024925400308341,0.008851858009038175,0.020331277692328606,0.018160955667290223,0.013860826034989919,0.031272670473064534,1.3059604022482518,1.3502400677836428,0.14012026115745121,0.1422441954172822,0.140637465756167,0.14174564629741618,1.2101198066261916,1.2079958723663606,1.2096026020274757,1.2084944214862265
1132,1126,1139,13,0.46153846153846156,0.46140159690487353,0.46153846153846156,7.958147261418008,18.178470208021665,0.1533478075067,1.4198709723908365,0.02250316214562383,0.014054940850250566,0.007809625330587132,0.020602418984901907,0.018712317079457842,0.014980134789586527,0.030172183719422586,1.345566878267375,1.3881935449588276,0.11188882642420804,0.11396829194787923,0.11221176421123409,0.11365322747661857,1.2763047185346197,1.2742252530109484,1.2759817807475935,1.274540317482209
1133,1126,1139,13,0.5384615384615384,0.5383233751430282,0.46153846153846156,7.958147261418008,18.178470208021665,0.1533478075067,1.4063706883325342,0.020739625268350884,0.012334142016638653,0.006014438193456413,0.01933138973663784,0.017938642238916027,0.015216584632284468,0.026477662250236084,1.3386695935250277,1.3827376892336656,0.04690382656511405,0.0483289941067434,0.04693780811744558,0.04830825369099574,1.3358338626685515,1.3344086951269223,1.33579988111622,1.3344294355426698
1134,1126,1139,13,0.6153846153846154,0.6152544117478871,0.3846153846153846,7.958147261418008,18.178470208021665,0.1533478075067,1.3436155336437448,0.01799131822886987,0.009658027843443958,0.00396246226113949,0.01727920566424659,0.016595692319350916,0.015329612816054473,0.021066092387452842,1.2683723509307456,1.3169080821550132,0.06458903127442393,0.06482094745302973,0.06452697321579343,0.06492467194531093,1.2523190508805893,1.2520871347019835,1.2523811089392198,1.2519834102097023
1136,1126,1139,13,0.7692307692307693,0.769133367861595,0.23076923076923073,7.958147261418008,18.178470208021665,0.1533478075067,0.8819137024352777,0.011558766854930085,0.0034798105829706273,0.003918185682795325,0.011842584580581201,0.012198670020556236,0.013102904214586873,0.011235143152018448,0.8697975179631479,0.911459462771028,0.2337278425946813,0.23499237690178232,0.23368107151999834,0.23506319620095217,0.6777316201763467,0.6764670858692456,0.6777783912510296,0.6763962665700758
1137,1126,1139,13,0.8461538461538461,0.8460818319802502,0.15384615384615385,7.958147261418008,18.178470208021665,0.1533478075067,0.6670518985173031,0.009587273135125713,0.002395036398336212,0.00412795750366502,0.010013479949186048,0.010523961201088056,0.011752094669995846,0.008933081747448115,0.5836117738926727,0.6101325766812121,0.13895868409043308,0.1397758931180953,0.1389007289367193,0.13985648085997973,0.471173892590779,0.47035668356311683,0.47123184774449284,0.4702760958212324
1138,1126,1139,13,0.9230769230769231,0.9230390098558037,0.07692307692307687,7.958147261418008,18.178470208021665,0.1533478075067,0.3878875780950262,0.008115045617375003,0.002804695945985346,0.002875139631250093,0.008407065583067013,0.008748533680068853,0.009557872759150654,0.0075424037854261335,0.3574170123442023,0.3663883507536048,0.04584704094059998,0.046088488835270836,0.045729419326643,0.04622462384686197,0.3205413098130048,0.320299861918334,0.32065893142696184,0.32016372690674283
1141,1139,1177,38,0.05263157894736842,0.05274137766327435,0.05263157894736842,1.404131333293038,1.0988485765562304,0.12458591053839713,0.36130212092470393,0.0034529278707175863,0.0012301661171113935,0.006586432451543883,0.004930712274631936,0.006490282947982939,0.009696152888066025,0.0040733555957595076,0.39832100446950813,0.41926511381423026,0.06761826933937291,0.06756837810867507,0.06760553153122323,0.06758115330370304,0.35164684447485733,0.3516967357055552,0.35165958228300703,0.3516839605105272
1142,1139,1177,38,0.07894736842105263,0.07911589143005555,0.07894736842105263,1.404131333293038,1.0988485765562304,0.12458591053839713,0.3958852613021132,0.004530750674987765,0.002442243149333529,0.008421388238894512,0.006509976601600861,0.00854967025748096,0.012693538170246413,0.004665731648807528,0.4894900959963325,0.5122629329766816,0.12759821149445483,0.12756719438999908,0.12759669244475094,0.1275688542986036,0.38466472148222675,0.3846957385866825,0.38466624053193066,0.384694078678078
1143,1139,1177,38,0.10526315789473684,0.10549152469004965,0.10526315789473684,1.404131333293038,1.0988485765562304,0.12458591053839713,0.37267850363660254,0.00586265104150006,0.0038718071730301454,0.009816475114512039,0.008215661615752233,0.010614561333089322,0.015464434654727728,0.0047242970510040444,0.47425422025518926,0.4996765091330817,0.16627112768480287,0.16624836959169847,0.16627875603736658,0.1662411198958813,0.3334053814482788,0.33342813954138323,0.3333977530957151,0.3334353892372004
1144,1139,1177,38,0.13157894736842105,0.1318705164296824,0.13157894736842105,1.404131333293038,1.0988485765562304,0.12458591053839713,0.3334701178434538,0.007543313890800689,0.005608598699687386,0.011016333059950797,0.010228212260854276,0.01294221839222331,0.018405983983822913,0.004212138491678474,0.43618258535229537,0.45719326006107197,0.17532181743606368,0.1753514107181859,0.17534135007549154,0.17533198485652415,0.2818714426250083,0.28184184934288603,0.2818519099855804,0.28186127520454785
1146,1139,1177,38,0.18421052631578946,0.18463409737501232,0.18421052631578946,1.404131333293038,1.0988485765562304,0.12458591053839713,0.2923716215809817,0.009457243461039285,0.007624890044806267,0.013663249322909451,0.012840511391784482,0.016237412339446883,0.02304799028355978,0.004586699878087157,0.37242099195531686,0.3766798443451207,0.1972324491617185,0.19720771598778888,0.1972320353541039,0.19720720008540152,0.1794473951834022,0.1794721283573318,0.17944780899101678,0.17947264425971918
1147,1139,1177,38,0.21052631578947367,0.21101887316291162,0.21052631578947367,1.404131333293038,1.0988485765562304,0.12458591053839713,0.2181512428848691,0.009516848957223666,0.00773333627619514,0.015039517471352737,0.013233826979832644,0.016969717873644034,0.02446356021173338,0.005920238294052339,0.2984041928327535,0.2922666839729808,0.19812704741530324,0.19803545430550135,0.19809501362093462,0.19806551477876286,0.09413963655767754,0.09423122966747943,0.09417167035204616,0.09420116919421792
1148,1139,1177,38,0.23684210526315788,0.23740663426604533,0.23684210526315788,1.404131333293038,1.0988485765562304,0.12458591053839713,0.2026916281038119,0.00957227593890035,0.007783877104902208,0.016437666117786198,0.01360188323106461,0.01766829354062131,0.025841965101837304,0.007472851381899283,0.15130750431705486,0.1476091744906435,0.2007146119434173,0.20064593902912217,0.20069710651899347,0.20066173445506502,-0.053105437452773796,-0.053036764538478665,-0.053087932028349966,-0.053052559964421514
1149,1139,1177,38,0.2631578947368421,0.26379607460899834,0.2631578947368421,1.404131333293038,1.0988485765562304,0.12458591053839713,0.2605504256104128,0.009119784393818447,0.007466491800443431,0.017710998437645814,0.013486148302352438,0.01788272512464588,0.026706796535838847,0.008969218744648831,0.12396711354155449,0.11356167356973079,0.15650038572678224,0.1563682767171717,0.1564468147298422,0.15642095310691376,-0.042938712157051445,-0.04280660314744092,-0.04288514116011141,-0.042859279537182965
1151,1139,1177,38,0.3157894736842105,0.316582045418586,0.3157894736842105,1.404131333293038,1.0988485765562304,0.12458591053839713,0.22885464979117984,0.009639243072406815,0.008083412953639986,0.01944507817411388,0.01445805438099249,0.0192981747610544,0.02899964868418496,0.010053483008715546,0.14988387829990188,0.15273066849349373,0.09550943480859041,0.09537128722952164,0.09545524147412053,0.09542768208024166,0.057221233684903325,0.057359381263972095,0.0572754270193732,0.05730298641325207
1152,1139,1177,38,0.34210526315789475,0.34297521740558196,0.34210526315789475,1.404131333293038,1.0988485765562304,0.12458591053839713,0.22219953084684574,0.010632143267016473,0.00911564762513744,0.019698711756022867,0.015510872971294325,0.02041168282672334,0.030236579562023677,0.009376176565311258,0.11215776899224798,0.11550652324711057,0.1398389741227389,0.13981596912853547,0.1398588172543696,0.1397962837826538,-0.02433245087562834,-0.024309445881424904,-0.024352294007259037,-0.02428976053554323
1153,1139,1177,38,0.3684210526315789,0.36912489961877526,0.3684210526315789,1.404131333293038,1.0988485765562304,0.12458591053839713,0.30380714466103553,0.011966675073473269,0.010504736284973185,0.019628193235306266,0.01682143819886566,0.021699735022638757,0.03148314902662461,0.008108384016594852,0.13696031227073374,0.12096373787777473,0.18680798050820946,0.18667384200978,0.18675789901361006,0.18672549752543113,-0.06584424263043473,-0.06571010413200526,-0.06579416113583533,-0.0657617596476564
1154,1139,1177,38,0.39473684210526316,0.39529286688777904,0.39473684210526316,1.404131333293038,1.0988485765562304,0.12458591053839713,0.37854393215754994,0.013851146429763955,0.012424612625101993,0.019375606046256898,0.018634096553591887,0.023442090670967978,0.03308951537062562,0.00629449812885385,0.24988587178994248,0.22320066633006588,0.15370860421500954,0.15353571731635066,0.15363323273512702,0.15361233388170786,0.06949206211505635,0.06966494901371523,0.06956743359493886,0.06958833244835802
1156,1139,1177,38,0.4473684210526316,0.44785755120561954,0.4473684210526316,1.404131333293038,1.0988485765562304,0.12458591053839713,0.4308545859800867,0.014637138416590994,0.013387632529000708,0.018409323165574254,0.019182396824506585,0.0237496478345692,0.032913482240762015,0.00479590321722953,0.34331348200108897,0.3137525452705823,0.1301586250593159,0.1299802469841489,0.1300903318725209,0.1300476051805183,0.18359392021126636,0.18377229828643338,0.18366221339806138,0.18370494009006397
1157,1139,1177,38,0.47368421052631576,0.47414082627555054,0.47368421052631576,1.404131333293038,1.0988485765562304,0.12458591053839713,0.4600033768334616,0.014972159731351896,0.013829882606103789,0.01771834448937203,0.019353822076745717,0.023753268351240718,0.032576675911348496,0.003869209673475964,0.36375509009059287,0.33181783264630504,0.13505536934450865,0.13495597896585412,0.13503344062593434,0.1349771423872462,0.1967624633017964,0.19686185368045092,0.1967843920203707,0.19684069025905884
1158,1139,1177,38,0.5,0.5004259671675031,0.5,1.404131333293038,1.0988485765562304,0.12458591053839713,0.4846521899821463,0.01589337391385191,0.014785961179423601,0.016843624125941713,0.02004790726842188,0.02422191768900593,0.03259842167265826,0.0031554588532548456,0.39492927418719764,0.36033927679606303,0.1290907788718675,0.1288511654249677,0.12897735400386343,0.12896381891325143,0.23124849792419552,0.23148811137109535,0.2313619227921996,0.2313754578828116
1159,1139,1177,38,0.5263157894736842,0.5267111080594555,0.4736842105263158,1.404131333293038,1.0988485765562304,0.12458591053839713,0.48981619431148643,0.015544536400075215,0.014574691426314576,0.01578701268738633,0.019453937032616476,0.02337589445227115,0.03123855239587809,0.002424377689201712,0.41038333795006643,0.37680987987554965,0.11714358934505739,0.11706366340661292,0.11713277704421418,0.11707388244285012,0.2596662905304923,0.2597462164689367,0.2596771028313355,0.25973599743269954
1161,1139,1177,38,0.5789473684210527,0.579284561740797,0.42105263157894735,1.404131333293038,1.0988485765562304,0.12458591053839713,0.5196500142998216,0.01638983303006903,0.015571206946231266,0.013056851102518056,0.019620780242353125,0.022861180590097556,0.029357813432700306,0.004041629050828655,0.419908428756582,0.38279376869808157,0.15053546252849234,0.15038704756925306,0.1504860421744748,0.15043478695783694,0.23225830616958923,0.23240672112882851,0.23230772652360676,0.23235898174024464
1162,1139,1177,38,0.6052631578947368,0.6055730611123882,0.39473684210526316,1.404131333293038,1.0988485765562304,0.12458591053839713,0.5696798486562838,0.017138323258752128,0.016321390361358715,0.011397508133471375,0.01993355042635877,0.022742221528150242,0.028383917132342725,0.006450106958210686,0.4493423836768627,0.41145764718281297,0.16215254882172392,0.1621840286320309,0.16221617365223673,0.1621198707152826,0.24930509836108905,0.24927361855078206,0.24924147353057624,0.24933777646753036
1163,1139,1177,38,0.631578947368421,0.6318615604839793,0.368421052631579,1.404131333293038,1.0988485765562304,0.12458591053839713,0.6092967401097678,0.018097713821123875,0.017357872166770417,0.00950611086012222,0.02041747651650161,0.022748960789739755,0.02743512821762262,0.009115948560356775,0.5057897760599058,0.46308814153782635,0.14629748985536353,0.1462072967741908,0.14626716367585338,0.14623678225874584,0.3167906516824628,0.31688084476363554,0.31682097786197294,0.3168513592790805
1164,1139,1177,38,0.6578947368421053,0.658151925677592,0.3421052631578947,1.404131333293038,1.0988485765562304,0.12458591053839713,0.6343244776755593,0.01850476150636105,0.017871665734648205,0.007369325059265756,0.020292251027023627,0.022088754470517776,0.025701233931951353,0.011528784621457623,0.5436329829600413,0.5005746072193922,0.1335988827815386,0.13339209497297583,0.13347617930107622,0.1335149090484845,0.36697572443785353,0.36718251224641635,0.36709842791831593,0.36705969817090767
1166,1139,1177,38,0.7105263157894737,0.7107345218868386,0.2894736842105263,1.404131333293038,1.0988485765562304,0.12458591053839713,0.6792751094803418,0.01899821012038348,0.018488757908460406,0.0023759956790223354,0.019451516843511773,0.019912224804926864,0.02085387453973537,0.01727051253353315,0.5855268450705031,0.5388378932089491,0.14349221156257477,0.14322298698122352,0.14331395282457302,0.14340200293649533,0.3953456816463744,0.39561490622772566,0.3955239403843761,0.39543589027245385
1167,1139,1177,38,0.7368421052631579,0.7370263797380684,0.26315789473684215,1.404131333293038,1.0988485765562304,0.12458591053839713,0.6747975537802328,0.020979247306449643,0.020505066967937816,0.0020417153605143895,0.02065948059596004,0.020347494554519556,0.019748330373829306,0.022329314493803005,0.6138914671758738,0.5670322776048319,0.11133050513728651,0.11143719813290946,0.11143439010968494,0.11133392724869808,0.4557017724675454,0.4555950794719224,0.45559788749514696,0.4556983503561338
1168,1139,1177,38,0.7631578947368421,0.7633201034113197,0.23684210526315785,1.404131333293038,1.0988485765562304,0.12458591053839713,0.6054419864120134,0.021720618121358854,0.021298257288529947,0.0046443973151982865,0.02061368517893365,0.019513049096467602,0.017335458797479445,0.02619529011619342,0.6081136484401041,0.5571278375250782,0.059234828096460815,0.059831112897485585,0.05971403538654585,0.05934975752654216,0.4978930094286174,0.4972967246275926,0.49741380213853237,0.49777807999853607
1169,1139,1177,38,0.7894736842105263,0.7896140136667732,0.21052631578947367,1.404131333293038,1.0988485765562304,0.12458591053839713,0.5407836719124514,0.022069898190835702,0.02172117900210436,0.007581334341745019,0.020206131596323083,0.01834883322781491,0.014663467212468693,0.0295651281481952,0.5406513282344811,0.48489293729817934,0.05428192925957894,0.054694496061738276,0.05460894759702741,0.054363062824376626,0.4306110080386004,0.4301984412364411,0.43028398970115195,0.4305298744738027
1171,1139,1177,38,0.8421052631578947,0.8422053792395208,0.1578947368421053,1.404131333293038,1.0988485765562304,0.12458591053839713,0.29607720054568276,0.022530399985925726,0.022271597770583386,0.011509995339080899,0.019655050404194997,0.016780437668466517,0.011035726053033998,0.03403543128778178,0.39359150600853837,0.32655590078649593,0.2165319952044799,0.21649358425187126,0.21653436213411645,0.21649278614307033,0.11002390558201602,0.11006231653462467,0.11002153865237949,0.11006311464342561
1172,1139,1177,38,0.868421052631579,0.8685026479746129,0.13157894736842102,1.404131333293038,1.0988485765562304,0.12458591053839713,0.25067982456505605,0.02203306794390277,0.02182282588562025,0.012312213231854023,0.01895940896553973,0.015887451587899913,0.009755073050901125,0.034335577833293156,0.26283057206391763,0.20572831337673075,0.08307070451415621,0.08292442300061251,0.08304463686760201,0.08295155812300205,0.12265760886257454,0.12280389037611825,0.12268367650912874,0.1227767552537287
1173,1139,1177,38,0.8947368421052632,0.8947999167097049,0.10526315789473684,1.404131333293038,1.0988485765562304,0.12458591053839713,0.25166639404193475,0.020726341617376142,0.02057589253134998,0.01196284049839993,0.017740549805394724,0.01475675005053526,0.008803231432993204,0.03267850510041476,0.22339911501514126,0.18727101894274345,0.13227399282558783,0.13221806796143898,0.13229306391187057,0.13219958186881955,0.05499702611715562,0.05505295098130447,0.05497795503087288,0.055071437073923896
1174,1139,1177,38,0.9210526315789473,0.9210990512668186,0.07894736842105265,1.404131333293038,1.0988485765562304,0.12458591053839713,0.2846207024497198,0.017802370123128415,0.017714855191306146,0.010455843892189665,0.015191711269020445,0.012582423633741536,0.007373786187972579,0.028251112973676943,0.21145678908014834,0.18217347071524417,0.20235899222487863,0.202362190690066,0.20240143683384693,0.20231999255576466,-0.020185521509634458,-0.020188719974821828,-0.020227966118602753,-0.020146521840520487
1176,1139,1177,38,0.9736842105263158,0.9736989996208649,0.02631578947368418,1.404131333293038,1.0988485765562304,0.12458591053839713,0.14771837410403102,0.0071746027135735375,0.007306779703147911,0.004311650695021053,0.00609762323357144,0.005021044270273659,0.0028708906089252094,0.011484271798358413,0.18664517879365586,0.13220748378911315,0.04844603534937888,0.04847469363140208,0.04848639334538279,0.0484341830331687,0.08376144843973427,0.08373279015771107,0.08372109044373036,0.08377330075594444
1178,1177,1198,21,0.047619047619047616,0.0480645634229252,0.047619047619047616,11.143762276505933,15.93639353526949,0.3015644707500325,0.36586848940713984,0.001938557674831666,0.0010292665995258873,0.001426315242358098,0.0019734809910503417,0.002070155907594466,0.002414595761227829,0.0023988516770163445,0.36722304953530593,0.3614207155699606,0.1362307550094019,0.1360870426283532,0.13620877786220678,0.13621419643873603,0.22518996056055868,0.2253336729416074,0.2252119377077538,0.22520651913122455
1179,1177,1198,21,0.09523809523809523,0.09612946780182276,0.09523809523809523,11.143762276505933,15.93639353526949,0.3015644707500325,0.6538588741376554,0.0018214612880871853,0.0009947825228942095,0.002595294160795517,0.001968130140319415,0.00229593014856698,0.003254634412760936,0.00308446119271923,0.6977839506971086,0.7029537965465499,0.15068209195263113,0.15049103238500935,0.15065226301723275,0.15067140988955294,0.5522717045939187,0.5524627641615405,0.5523015335293171,0.5522823866569969
1181,1177,1198,21,0.19047619047619047,0.19226541376712025,0.19047619047619047,11.143762276505933,15.93639353526949,0.3015644707500325,1.046046813003218,0.0024150960689730203,0.0014486748889234319,0.0038251566683045347,0.002843835782942873,0.003488709337342087,0.005081870563786966,0.003886337181949481,1.172406015616586,1.1971074712962742,0.15390799578299882,0.15342784377311622,0.15354708581936216,0.15359269649320922,1.0431994755132754,1.043679627523158,1.043560385476912,1.0435147748030649
1182,1177,1198,21,0.23809523809523808,0.24033679630949256,0.23809523809523808,11.143762276505933,15.93639353526949,0.3015644707500325,1.1491177138570645,0.0017426321526026174,0.002060342950130035,0.004043287184785167,0.0027298701312880353,0.0037297635924336777,0.00574104447996403,0.002410453159664845,1.3314150626703012,1.3662509304216002,0.22549464617614548,0.22577810628895076,0.22551219164583394,0.2254998325391148,1.1407562842454546,1.1404728241326494,1.1407387387757661,1.1407510978824853
1183,1177,1198,21,0.2857142857142857,0.2884078378958925,0.2857142857142857,11.143762276505933,15.93639353526949,0.3015644707500325,1.2214135120211218,0.0019111738088451223,0.0029936907629733857,0.004059611463767001,0.002822005650164334,0.0037861460756415787,0.005766926521375933,0.002647379766066231,1.4252732078507475,1.4703418784780218,0.24920363485716884,0.24935798627086897,0.2491859975422884,0.24920853553102035,1.2211382436208529,1.2209838922071528,1.2211558809357335,1.2211333429470015
1184,1177,1198,21,0.3333333333333333,0.3363909128414248,0.3333333333333333,11.143762276505933,15.93639353526949,0.3015644707500325,1.2467654395459113,0.003049471697065312,0.004210955878920479,0.0038902610743474157,0.003766673635802678,0.004579099183182627,0.006340669258125518,0.0029432517858031908,1.4807571017591123,1.5350051877166278,0.28860587193761456,0.28929373775784895,0.28892274872148893,0.288887124008156,1.2463993157790132,1.2457114499587787,1.2460824389951388,1.2461180637084717
1186,1177,1198,21,0.42857142857142855,0.43121997456468447,0.42857142857142855,11.143762276505933,15.93639353526949,0.3015644707500325,1.1865314168057781,0.004872033132526342,0.006199479727678882,0.003573859551206864,0.005195958315022948,0.0056440958345820936,0.006808903346452852,0.005163060438445024,1.485185931333506,1.5455599097698929,0.3720533792512116,0.3732895959141822,0.372745359426818,0.3726128209352712,1.1735065305186811,1.1722703138557107,1.172814550343075,1.1729470888346216
1187,1177,1198,21,0.47619047619047616,0.47863024347665983,0.47619047619047616,11.143762276505933,15.93639353526949,0.3015644707500325,1.0551068277235576,0.006295277893219639,0.0076032635974635525,0.003702266452505493,0.006437925321012092,0.006706458695591039,0.007561484058116595,0.007035521310838618,1.4085900422551352,1.4718688677649454,0.4246343796713779,0.4250798568575511,0.42484996191310387,0.4248377449334324,1.0472344880935676,1.0467890109073943,1.0470189058518415,1.047031122831513
1188,1177,1198,21,0.5238095238095238,0.5260394895207182,0.47619047619047616,11.143762276505933,15.93639353526949,0.3015644707500325,0.8851417817313649,0.006499315624301743,0.00813854200979617,0.004155962796259418,0.0062249347703529035,0.006116986639799922,0.006421056058051166,0.008820221074085139,1.270443754245779,1.336347902395782,0.4561789191156555,0.45685273690752676,0.45649851920250034,0.4564834761212786,0.8801689832801265,0.8794951654882552,0.8798493831932817,0.8798644262745035
1189,1177,1198,21,0.5714285714285714,0.5734453260050529,0.4285714285714286,11.143762276505933,15.93639353526949,0.3015644707500325,0.6673408165770846,0.007132086310230404,0.008895283272288727,0.004777695265897367,0.006496128420267081,0.006032081753039289,0.005772222400515388,0.010680238898999132,1.0969604580023087,1.1653467073988792,0.5050282993967754,0.5056454969359017,0.5052978644722889,0.5053400628155302,0.6603184080021038,0.6597012104629776,0.6600488429265904,0.660006644583349
1191,1177,1198,21,0.6666666666666666,0.6682512027221925,0.33333333333333337,11.143762276505933,15.93639353526949,0.3015644707500325,0.17245917777701714,0.007560727816944563,0.009750030081467758,0.006234411059655393,0.006115715427942872,0.004743187791647037,0.002695365719548408,0.013594115506469249,0.6141242922069813,0.6882374825265359,0.5193573416130592,0.5203495561745629,0.5197747458582548,0.5198485923692437,0.1688801409134767,0.16788792635197303,0.16846273666828115,0.1683888901572922
1192,1177,1198,21,0.7142857142857143,0.7156512429549973,0.2857142857142857,11.143762276505933,15.93639353526949,0.3015644707500325,0.18211229713611668,0.009267221907151013,0.011518006577165982,0.006401388480151046,0.00773449448730878,0.0062358343372212735,0.003518344088212373,0.015535108869181503,0.3639308774053987,0.4377096466917453,0.45889587920087244,0.459719587529401,0.4592093887092837,0.459278134532915,-0.021186232509127156,-0.022009940837655728,-0.021499742017538404,-0.021568487841169715
1193,1177,1198,21,0.7619047619047619,0.763047532672106,0.23809523809523814,11.143762276505933,15.93639353526949,0.3015644707500325,0.32359842356198176,0.010422990394391214,0.012612964573976423,0.005938061611148328,0.008998529519424484,0.007597098803132697,0.004942001571878075,0.016228839434238144,0.3129181003311772,0.35198706848955785,0.4303332981064206,0.4319688910477143,0.4311009285100819,0.43115500753135483,-0.07834622961686277,-0.07998182255815645,-0.07911386002052406,-0.07916793904179698
1194,1177,1198,21,0.8095238095238095,0.8104434814332425,0.19047619047619047,11.143762276505933,15.93639353526949,0.3015644707500325,0.37594673116873045,0.009360800521738877,0.011429092122284096,0.005224140359636561,0.008126730403025282,0.00691913021927433,0.004665829060665727,0.014424371632296106,0.35811348662700954,0.34734482415535234,0.42577069075598883,0.42793123866182203,0.42686449322093195,0.4268995950286925,-0.0784258666006365,-0.0805864145064697,-0.07951966906557961,-0.07955477087334017
1196,1177,1198,21,0.9047619047619048,0.9052261731442619,0.09523809523809523,11.143762276505933,15.93639353526949,0.3015644707500325,0.3327854990998972,0.0051274410948468,0.005634714818230583,0.0031459829851379377,0.004343083136230272,0.0035596686914851922,0.0020001086661843087,0.008268935092940143,0.2517554432392748,0.16702855541220216,0.24204368839948698,0.2435758678527496,0.2429541596398686,0.24274837626681836,-0.07501513298728482,-0.07654731244054744,-0.07592560422766645,-0.0757198208546162
1197,1177,1198,21,0.9523809523809523,0.9526135980060895,0.04761904761904767,11.143762276505933,15.93639353526949,0.3015644707500325,0.20615503658486953,0.00419725854459085,0.00283933352134988,0.0015939713141207323,0.0038678637240738166,0.0035526544096843742,0.00298263301367758,0.005605296422713227,0.18627664517985407,0.10807497907736786,0.10115355689836325,0.10176156943592288,0.10160457620288223,0.10134232562629349,0.006921422179004613,0.006313409641444986,0.006470402874485637,0.006732653451074377
1199,1198,1235,37,0.02702702702702703,0.02702499301379525,0.02702702702702703,15.674528803553176,12.784946991159423,1.303136687474907,0.7655737588601823,0.004142881095704866,0.003387537279652809,0.0009530698220547983,0.00392737179246843,0.003714643641066808,0.0032996760492423334,0.00502550989331199,0.724044158948364,0.7794118345023514,0.10622546669775566,0.10684018396565528,0.10653141183213763,0.10652053866579739,0.6731863678045957,0.6725716505366961,0.6728804226702138,0.672891295836554
1201,1198,1235,37,0.08108108108108109,0.08107186757928443,0.08108108108108109,15.674528803553176,12.784946991159423,1.303136687474907,2.1286908549256025,0.004481503369094676,0.0037794716752729005,0.0027796668815647583,0.00407295882676588,0.003749657752170461,0.0034495315704963906,0.006612229032898018,2.1405939384536885,2.2017262184474697,0.2071965340299536,0.20883560700717227,0.2080551046227283,0.20790408119930717,1.9945296844175162,1.9928906114402976,1.9936711138247414,1.9938221372481626
1202,1198,1235,37,0.10810810810810811,0.10809374913097836,0.10810810810810811,15.674528803553176,12.784946991159423,1.303136687474907,2.721109550206303,0.004768343241906591,0.004031758741743031,0.003752821178795546,0.0042256254101752655,0.0038386431576281476,0.0037114820100037226,0.007737339945661234,2.738551596865967,2.8007903932540037,0.17011111923792283,0.17223424207694862,0.1712653564228435,0.17100551321104124,2.6306792740160807,2.628556151177055,2.62952503683116,2.6297848800429624
1203,1198,1235,37,0.13513513513513514,0.13511349155247762,0.13513513513513514,15.674528803553176,12.784946991159423,1.303136687474907,3.266136578827822,0.00540414239802057,0.004639987795974957,0.004652546291890084,0.004650532322777489,0.004093399575790908,0.00388975302752948,0.009304391731722777,3.290732774211154,3.3531773466565338,0.12517012319968207,0.1274413251721369,0.1264508818406641,0.12611841744136743,3.2280072234568515,3.225736021484397,3.2267264648158696,3.2270589292151666
1204,1198,1235,37,0.16216216216216217,0.16213284504121422,0.16216216216216217,15.674528803553176,12.784946991159423,1.303136687474907,3.7652529278658187,0.006176999657153719,0.005448767864424075,0.005417048380725183,0.005301243220123951,0.004660374044884244,0.00446710804565386,0.010725876260504055,3.802614791088184,3.864616422067436,0.1265325869422227,0.12885938489635265,0.1278507079540664,0.12750125602442264,3.738083835125213,3.735757037171083,3.7367657141133694,3.7371151660430133
1206,1198,1235,37,0.21621621621621623,0.2161664958927728,0.21621621621621623,15.674528803553176,12.784946991159423,1.303136687474907,4.673620090368045,0.007596390178892323,0.0069717711129194644,0.0065347110362027816,0.006702095116223901,0.006121178006289883,0.006211579572277812,0.012737011555719949,4.689979115004192,4.751328850160067,0.17055132323964783,0.17464174006136493,0.17294192096091351,0.17206024825260124,4.580777526920419,4.576687110098701,4.578386929199153,4.579268601907465
1207,1198,1235,37,0.24324324324324326,0.24318098772197608,0.24324324324324326,15.674528803553176,12.784946991159423,1.303136687474907,5.080009308208892,0.007906910980730375,0.007204773901898862,0.007006041668143933,0.006825416300510012,0.006065389647443259,0.005966654994325883,0.013696961356615368,5.0854937559560796,5.146892993769382,0.15463452216449747,0.1595482008698678,0.1576324165915356,0.15638803008643049,4.992258471604885,4.987344792899514,4.989260577177846,4.990504963682951
1208,1198,1235,37,0.2702702702702703,0.27019489615203535,0.2702702702702703,15.674528803553176,12.784946991159423,1.303136687474907,5.445855826593913,0.008056432520911337,0.00739242371721529,0.007531211879111912,0.0069842707007590765,0.006304273433550838,0.006552953400566125,0.01415306738463994,5.453021336125164,5.514343648600843,0.1308185249205977,0.13612107256021835,0.13415078437201747,0.1326626713973339,5.383525123680245,5.378222576040624,5.3801928642288255,5.381680977203509
1209,1198,1235,37,0.2972972972972973,0.29720685991828133,0.2972972972972973,15.674528803553176,12.784946991159423,1.303136687474907,5.745844636444561,0.008689114314934293,0.00801446328101461,0.008087274788451485,0.00748180472634097,0.006680538753438263,0.0068161936039366705,0.015341086888401821,5.769517927853799,5.830531039281835,0.1277244289025623,0.13301762622972907,0.13111229209669564,0.12954740114957472,5.702806610379273,5.697513413052106,5.699418747185139,5.700983638132261
1211,1198,1235,37,0.35135135135135137,0.3512274815222906,0.35135135135135137,15.674528803553176,12.784946991159423,1.303136687474907,6.195048926609171,0.009434533277033726,0.008750947411042894,0.00900847304753549,0.00804974035578765,0.007122520253867833,0.0072819272656449085,0.016949912828835463,6.2486433817131966,6.308864924955721,0.16755556676788913,0.17308943201323523,0.1711211597967833,0.16933846347987783,6.141309358187832,6.135775492942486,6.1377437651589375,6.1395264614758425
1212,1198,1235,37,0.3783783783783784,0.37823633382643523,0.3783783783783784,15.674528803553176,12.784946991159423,1.303136687474907,6.363139358307143,0.009989695860651824,0.00927939868153455,0.00929708448074013,0.008505549020370125,0.007463188150366425,0.0074042029461803055,0.017822384385722975,6.390769252265495,6.450765491785255,0.1541818185306046,0.16099255588507558,0.1587118091606612,0.15637281651043705,6.29658367325465,6.289772935900179,6.292053682624593,6.294392675274818
1213,1198,1235,37,0.40540540540540543,0.4052428525340039,0.40540540540540543,15.674528803553176,12.784946991159423,1.303136687474907,6.559821246666466,0.010219846379363842,0.009488460470033521,0.009497752154171556,0.008705223107532398,0.007641496625910262,0.0075791377702767206,0.018217073932410212,6.527606325721326,6.58726449321872,0.1357595319483632,0.14419622492184084,0.14144781162589581,0.13839787644857357,6.451504961270357,6.443068268296879,6.445816681592825,6.448866616770147
1214,1198,1235,37,0.43243243243243246,0.4322575388295885,0.43243243243243246,15.674528803553176,12.784946991159423,1.303136687474907,6.781086363992396,0.010316216957321172,0.009581571268956071,0.009746205658248049,0.008847715156600544,0.007874856206037386,0.00806824953676099,0.018377406332214876,6.684290852564002,6.743874688754136,0.12585344066266527,0.1343662645331632,0.13164221268662588,0.1283440681059372,6.618021248091471,6.609508424220973,6.61223247606751,6.615530620648199
1216,1198,1235,37,0.4864864864864865,0.4863528355240295,0.4864864864864865,15.674528803553176,12.784946991159423,1.303136687474907,7.408731010389125,0.010915574311515743,0.010188297724779246,0.010305470512664845,0.009707272144180377,0.009087785358549087,0.009956268585147735,0.0187504049539112,7.155411042669767,7.215509530270415,0.2192232320550995,0.22415880480394115,0.22269326103169124,0.22057719355236316,6.996286298215316,6.991350725466474,6.992816269238724,6.994932336718052
1217,1198,1235,37,0.5135135135135135,0.513397858575102,0.4864864864864865,15.674528803553176,12.784946991159423,1.303136687474907,7.59366194612238,0.011058530011521666,0.010343636798639179,0.011101106539253454,0.009996541231186387,0.00964234971142303,0.011192676761925991,0.019125252723198323,7.438472806971677,7.4988265297917085,0.1931474669363075,0.20065340940441412,0.19842992473465781,0.19487897432461837,7.305679062855401,7.298173120387294,7.300396605057051,7.30394755546709
1218,1198,1235,37,0.5405405405405406,0.5404428816261746,0.45945945945945943,15.674528803553176,12.784946991159423,1.303136687474907,7.603259018076647,0.011693920961268906,0.010943205862949881,0.011490496207926559,0.010524900015935593,0.010064948640232834,0.011483655618522683,0.02014160457214687,7.546659797612394,7.607504104843377,0.1959257022570616,0.1996044779506063,0.19905275332744823,0.19710686523295165,7.411578402586316,7.407899626892771,7.408451351515929,7.410397239610425
1219,1198,1235,37,0.5675675675675675,0.5674853766142898,0.43243243243243246,15.674528803553176,12.784946991159423,1.303136687474907,7.498639405395579,0.01245926380982551,0.011664722666878433,0.011192750483058976,0.011103478705341705,0.010344125480635291,0.011018504477624922,0.020966983454809223,7.487827923351955,7.548244590467527,0.20875324881753457,0.21227506940017504,0.21126909857000886,0.21035139516104837,7.3394913416499925,7.3359695210673515,7.336975491897518,7.337893195306479
1221,1198,1235,37,0.6216216216216216,0.6215678385275628,0.3783783783783784,15.674528803553176,12.784946991159423,1.303136687474907,7.209119212877973,0.011282517071285894,0.0104636179703193,0.009436714126392555,0.01040639159983775,0.010021089136536036,0.01086623440997713,0.017737487975518242,7.165058998260619,7.225758054107261,0.12657822788914974,0.1339600819088356,0.13142608399808803,0.12872771607073583,7.099179826218111,7.0917979721984254,7.094331970109173,7.097030338036525
1222,1198,1235,37,0.6486486486486487,0.648607416519958,0.3513513513513513,15.674528803553176,12.784946991159423,1.303136687474907,7.063340146179899,0.009428546585982652,0.008638445717956647,0.008042618335677461,0.009124032719588521,0.009256560869127921,0.01071504560748013,0.013869037402230293,6.957320646852943,7.0184158122682305,0.13258071821134504,0.140527701426009,0.13819280197522013,0.13457130044887133,6.885835094056885,6.877888110842221,6.88022301029301,6.883844511819359
1223,1198,1235,37,0.6756756756756757,0.6756450498485399,0.32432432432432434,15.674528803553176,12.784946991159423,1.303136687474907,6.932834955940032,0.008412521669447903,0.007649777660915464,0.006852093322265027,0.008498297186709155,0.008918547368851932,0.010572891986135795,0.011120133206100703,6.788140223983005,6.849563420895188,0.12415741768622596,0.13185756280031305,0.1299232976749802,0.12584427882990346,6.7254060032089615,6.717705858094875,6.719640123220207,6.723719142065285
1224,1198,1235,37,0.7027027027027027,0.7026819053115964,0.29729729729729726,15.674528803553176,12.784946991159423,1.303136687474907,6.663627088367474,0.0076840522237042784,0.0070165738528468885,0.00597283427380779,0.008108673634235687,0.008770168829291882,0.01061246619043543,0.008764381155269375,6.595097806265129,6.656726140427782,0.07875069003053851,0.08832754792440572,0.0861359494185331,0.08049027397420343,6.577975450397243,6.568398592503376,6.5705901910092495,6.576235866453579
1226,1198,1235,37,0.7567567567567568,0.7567515324437015,0.2432432432432432,15.674528803553176,12.784946991159423,1.303136687474907,6.006855543085173,0.006897125195909525,0.006303538165949288,0.005486798692733855,0.007573840378896378,0.008421336009730244,0.010455617837162787,0.00678458896090797,5.917558874646387,5.979275506366734,0.1709915390577055,0.17654244827861812,0.17560711348318808,0.1722386218662302,5.808283967309028,5.802733058088116,5.803668392883545,5.807036884500503
1227,1198,1235,37,0.7837837837837838,0.7837839151799874,0.21621621621621623,15.674528803553176,12.784946991159423,1.303136687474907,5.570827912285661,0.006768703704200816,0.005924297775975401,0.00509622756569102,0.007136607456577891,0.007700222338898282,0.009260521907664439,0.007603716490691339,5.522935659258633,5.5844239544602265,0.19682494460280292,0.20049775485256802,0.19971021654930873,0.1979374653144331,5.387599009857424,5.383926199607658,5.384713737910918,5.386486489145794
1228,1198,1235,37,0.8108108108108109,0.8108159089835106,0.18918918918918914,15.674528803553176,12.784946991159423,1.303136687474907,5.0497547646625724,0.006572604935147802,0.005697332580033447,0.004167147328689098,0.006889686529705361,0.007342143074678753,0.008561398989305077,0.006915992505127902,5.012078708155288,5.0731741715283425,0.08992940189759321,0.09435659760668225,0.09282971365838939,0.0915851612879076,4.983244769630749,4.97881757392166,4.980344457869953,4.981589010240435
1229,1198,1235,37,0.8378378378378378,0.8378455691904578,0.16216216216216217,15.674528803553176,12.784946991159423,1.303136687474907,4.476024086226994,0.006102440063857681,0.005180863594450664,0.002791928755652172,0.006322887163114621,0.006610021761996181,0.007351355911902908,0.00600223692266101,4.442163349030707,4.503250247761145,0.10652102683034151,0.10838819285211071,0.1075836534890072,0.10702050451792557,4.396729220930804,4.3948620549090345,4.3956665942721385,4.39622974324322
1231,1198,1235,37,0.8918918918918919,0.8919021670750137,0.10810810810810811,15.674528803553176,12.784946991159423,1.303136687474907,3.220674473727684,0.0048653851509274535,0.004434668023272751,0.001035436503523729,0.005094902660252132,0.0053271108175186824,0.005798302426900345,0.003983452247183461,3.19347840810223,3.254917281451323,0.07279737061655793,0.0811410413398745,0.08014257657679812,0.07373080180637052,3.182119910834765,3.1737762401114487,3.1747747048745247,3.1811864796449525
1232,1198,1235,37,0.918918918918919,0.9189291047526222,0.08108108108108103,15.674528803553176,12.784946991159423,1.303136687474907,2.495273633769795,0.003444326446269363,0.0030534812597649195,0.001061068230950768,0.0036743560527821182,0.00390885320274428,0.004388372699316473,0.0025924285853811545,2.4849479752511976,2.546798973075937,0.12399168559832638,0.12641792783897776,0.12610274694002524,0.1243708615443413,2.4228072874776108,2.4203810452369594,2.4206962261359117,2.4224281115315955
1233,1198,1235,37,0.9459459459459459,0.9459539033000361,0.05405405405405406,15.674528803553176,12.784946991159423,1.303136687474907,1.721583273516121,0.003085328201081857,0.0027094690510570067,0.0011184702087121347,0.0033112164890726358,0.003544775185762014,0.004029528499797944,0.0023029006712515765,1.677793738682268,1.73923866646949,0.1620975879954314,0.16413674464756134,0.1638321350714406,0.1624568522518479,1.5771410784740587,1.5751019218219287,1.5754065313980494,1.5767818142176422
1234,1198,1235,37,0.972972972972973,0.9729781184483061,0.027027027027026973,15.674528803553176,12.784946991159423,1.303136687474907,0.8991758409787393,0.0009230738578611051,0.0009418064193932863,0.0008096031898136522,0.0011171927444883726,0.0013138135618224345,0.001711103581279688,0.0002952454541186343,0.856529194711575,0.9179100606922179,0.04526118458217267,0.04626804784545232,0.04609975201145308,0.04545303724609332,0.8726488761100453,0.8716420128467656,0.8718103086807648,0.8724570234461246
1236,1235,1245,10,0.1,0.09992865988456134,0.1,14.853356662726618,44.80295404452494,0.0926300891342651,0.09201876370202035,0.007028381900732161,0.0007311234781487703,0.0004998682903531059,0.006989212742837721,0.0069520695426045585,0.0068839904025016045,0.0072046316379635695,0.08918250551670688,0.10566722303569609,0.01995437956920733,0.020053194762286824,0.01999587762989051,0.019994166734654394,0.08571284346648876,0.08561402827340926,0.08567134540580558,0.08567305630104169
1237,1235,1245,10,0.2,0.19985012822522766,0.2,14.853356662726618,44.80295404452494,0.0926300891342651,0.12884776600582576,0.006266434670539274,0.0004429990432588929,0.0007859303453259927,0.006198429911584859,0.0061359656184651465,0.006028332100646749,0.006590219424267597,0.14280044897053962,0.1655483293102247,0.06405616481940146,0.06590745821990102,0.06499755851420587,0.06497114570543704,0.10149216449082324,0.09964087109032368,0.10055077079601883,0.10057718360478766
1238,1235,1245,10,0.3,0.2997687199483359,0.3,14.853356662726618,44.80295404452494,0.0926300891342651,0.13651966460311415,0.006375901425395534,0.0009525033496431532,0.0008899742101936537,0.006303483045608312,0.006238163574966058,0.0061297045309795075,0.006731646791479065,0.1686974685261471,0.18657484396304505,0.10237867390541834,0.10400756243737301,0.10323494247636192,0.10318264718516444,0.08419617005762671,0.08256728152567204,0.08333990148668313,0.08339219677788061
1239,1235,1245,10,0.4,0.3996801201275492,0.4,14.853356662726618,44.80295404452494,0.0926300891342651,0.15103547459818392,0.005667025102087529,0.0016848989059851677,0.0009593684156986961,0.005589329506336665,0.005520967634640816,0.005413611328524865,0.006063327049824052,0.17024815970643126,0.1729891191824895,0.1090119900156465,0.11083450171515837,0.10996490813102026,0.10988090089628108,0.06397712916684299,0.06215461746733113,0.06302421105146923,0.06310821828620841
1241,1235,1245,10,0.6,0.5994914140157437,0.4,14.853356662726618,44.80295404452494,0.0926300891342651,0.14190452323931355,0.00605298551181232,0.0007693195269768199,0.0012618318918561655,0.0058595834483789605,0.005677132219372455,0.005349498736135611,0.0069169769358524025,0.15123458032459786,0.15354221307205726,0.17132519647332,0.17314468184170165,0.1723579040350905,0.17225865240956284,-0.017782983401262747,-0.019602468769644388,-0.018815690963033233,-0.01871643933750558
1242,1235,1245,10,0.7,0.6993913077247249,0.30000000000000004,14.853356662726618,44.80295404452494,0.0926300891342651,0.20539290852080266,0.005070550552913982,0.001481584774382939,0.0013028420154273892,0.004874756143047133,0.004693419506430568,0.00438116298208718,0.0059683474578837254,0.12234158292933445,0.11215349345944946,0.2807009202448434,0.28159855150491214,0.281266739545482,0.28120431641001825,-0.16854742678539392,-0.16944505804546267,-0.1691132460860325,-0.16905082295056878
1243,1235,1245,10,0.8,0.7992832907354217,0.19999999999999996,14.853356662726618,44.80295404452494,0.0926300891342651,0.38133472826271214,0.006316366315707624,0.0006583769421540321,0.001167975309565984,0.006171106382754308,0.006036484517565074,0.005802059150790981,0.006989807517138498,0.16334058222644338,0.10132654447927629,0.2810134135171149,0.28249858953956253,0.281794148569707,0.2818275789548045,-0.1796868690378386,-0.18117204506028622,-0.18046760409043072,-0.18050103447552818
1244,1235,1245,10,0.9,0.8993018449186708,0.09999999999999998,14.853356662726618,44.80295404452494,0.0926300891342651,0.3087203041708318,0.0062435943917283675,0.0009333336490523396,0.000673464392767349,0.006177781993608649,0.006115897651099878,0.0060043912575047,0.006543648528175709,0.2835774019365495,0.21426577278276981,0.09134570772390486,0.09214010794385612,0.09177778748909893,0.0917682896432032,0.12292006505886495,0.1221256648389137,0.12248798529367089,0.12249748313956661
1246,1245,1257,12,0.08333333333333333,0.08304154358947613,0.08333333333333333,13.327063519953455,33.12875800100212,0.48434952021670724,0.35391081602061636,0.004136892123846602,0.002018414856131933,0.002179006535857431,0.0037714573338594056,0.003453608704429825,0.0030191032549313217,0.005882933570198615,0.36310492096137387,0.40886596630790206,0.09906324992119075,0.10038074796100041,0.09945028469897801,0.09944028471520226,0.3098027163867113,0.3084852183469017,0.3094156816089241,0.3094256815926998
1247,1245,1257,12,0.16666666666666666,0.1663829767058143,0.16666666666666666,13.327063519953455,33.12875800100212,0.48434952021670724,0.511906886479923,0.0056864841463910975,0.0031659218591570484,0.003648244650269241,0.004857622088617391,0.004064553344835974,0.002712919157104988,0.009161421920082199,0.5968951457095707,0.6335463217476973,0.33245881739081906,0.333766638055609,0.33271116677558443,0.3326527572626667,0.30108750435687825,0.2997796836920883,0.3008351549721129,0.30089356448503063
1248,1245,1257,12,0.25,0.24972974382559468,0.25,13.327063519953455,33.12875800100212,0.48434952021670724,0.749789332244869,0.0065585116716959735,0.003919891711395374,0.004389789074724974,0.005468543261789545,0.004382309491515172,0.002242837861140172,0.010933358370845147,0.638485436327888,0.6498735394680668,0.40458830683494973,0.40489854519525664,0.4042989312311201,0.40409548613962737,0.24528523263311708,0.24497499427281016,0.2455746082369467,0.24577805332843944
1249,1245,1257,12,0.3333333333333333,0.33307828894652247,0.3333333333333333,13.327063519953455,33.12875800100212,0.48434952021670724,0.9978479556752403,0.006298197795782425,0.003702549918804682,0.004519761906834355,0.005328208540393512,0.004434619260641868,0.0031430119863197943,0.010502978719981631,0.8512072689243488,0.8356846434641342,0.21870532184987798,0.2195327825303052,0.21866745525315034,0.2182916365130596,0.6169793216142562,0.616151860933829,0.6170171882109838,0.6173930069510746
1251,1245,1257,12,0.5,0.49978723252936075,0.5,13.327063519953455,33.12875800100212,0.48434952021670724,1.0712347449017945,0.008409576737457028,0.007656792070490582,0.00885442234369987,0.00641463132231989,0.004623214085403165,0.0033507661177808496,0.016941544153692513,0.975383964932012,0.961139374488367,0.3812364953624422,0.37724262490640675,0.3796997513883061,0.3795706406716907,0.5799028791259248,0.5838967495819603,0.5814396231000609,0.5815687338166762
1252,1245,1257,12,0.5833333333333334,0.5831488163253695,0.41666666666666663,13.327063519953455,33.12875800100212,0.48434952021670724,1.3862889123131088,0.01319227009045043,0.013361434704985905,0.01134739515385321,0.01047938972878427,0.007854594205515443,0.003706075891841178,0.024328249738073734,1.0918474190121052,1.1015890892328895,0.39928674004394865,0.3941399648269506,0.3968892007955844,0.39723974572611626,0.7023023491889409,0.7074491244059389,0.704699888437305,0.7043493435067731
1253,1245,1257,12,0.6666666666666666,0.6665104001213782,0.33333333333333337,13.327063519953455,33.12875800100212,0.48434952021670724,1.580434439087985,0.016131887493557064,0.01687323360910564,0.011229669792455052,0.013498028488979817,0.010950750546413826,0.006530912859514483,0.027019136417105384,1.4528658752895622,1.4774036932190662,0.19464997460604322,0.18490229938559397,0.18939636726264553,0.19008263469947626,1.282753718613023,1.2925013938334722,1.2880073259564206,1.28732105851959
1254,1245,1257,12,0.75,0.7498790959219765,0.25,13.327063519953455,33.12875800100212,0.48434952021670724,1.4275131394991014,0.015146099355494571,0.01626439137028974,0.008348304902145888,0.013268183746396602,0.011462846440224904,0.008260536829252138,0.02302087253220397,1.4952961176587125,1.5183335047321078,0.3803987096657595,0.3768819079248315,0.37839878668384097,0.37837392350702576,1.1379347950663483,1.1414515968072763,1.1399347180482668,1.139959581225082
1256,1245,1257,12,0.9166666666666666,0.9166230068607137,0.08333333333333337,13.327063519953455,33.12875800100212,0.48434952021670724,0.49010130015687664,0.0034838823593279344,0.0051006237581315075,0.002056293976349587,0.0033810859541353808,0.003354786323972597,0.0035335419516364986,0.004499515940369668,0.6360903423181878,0.6302076349270234,0.3054397263028868,0.3044372482612611,0.30461804873744247,0.3049961916221319,0.32476790862413657,0.32577038666576225,0.3255895861895809,0.3252114433048915
1258,1257,1261,4,0.25,0.24998711763817444,0.25,2.6055557169463253,19.4185928299632,0.15792500722866276,0.12490973583675427,0.002919848839310304,0.0018948436278663529,0.00023871664101042048,0.002892874130709028,0.002866888109460246,0.002817990496303465,0.003037093235476539,0.30821923004607016,0.2903368010205656,0.36833508316034497,0.367880451687262,0.3681021350993454,0.3681128123187949,-0.07799828213977938,-0.07754365066669644,-0.07776533407877984,-0.07777601129822931
1259,1257,1261,4,0.5,0.4999777890313352,0.5,2.6055557169463253,19.4185928299632,0.15792500722866276,0.34855154221624396,0.002616123699991453,0.0014554954746329243,0.00043528245712442577,0.002599344348411093,0.00258703744112093,0.002576074074751361,0.0027259843036357154,0.18598986614389967,0.15789117527871296,0.41087677805659706,0.4102701641909193,0.4105570963096777,0.41058846956172607,-0.25298560277788407,-0.25237898891220634,-0.25266592103096475,-0.25269729428301313
1262,1261,1299,38,0.02631578947368421,0.02650929211784026,0.02631578947368421,13.941473082605793,11.016138599522844,1.4211241862948003,0.8945758802509399,0.001669229226555743,0.0018110004750412866,0.0010377095455244084,0.001673282468349401,0.0017169820513306447,0.0019100128452007004,0.0020194517955347837,0.7935122699435024,0.8083165290255633,0.1733842305355718,0.17343874982680396,0.17349456184638562,0.17348477430582798,0.6349322984899914,0.6348777791987593,0.6348219671791777,0.6348317547197353
1263,1261,1299,38,0.05263157894736842,0.053018772626971494,0.05263157894736842,13.941473082605793,11.016138599522844,1.4211241862948003,1.695072357505249,0.002774566144159262,0.003220906587315529,0.0017588190044798841,0.002459784423937646,0.002188502244113979,0.001851374895025208,0.004260954606158035,1.6475363028989796,1.6641981012433975,0.07735540316961378,0.07802052944398814,0.07783237596748292,0.07783062104433773,1.5868426980737838,1.5861775717994093,1.5863657252759147,1.5863674801990597
1264,1261,1299,38,0.07894736842105263,0.07953013704901245,0.07894736842105263,13.941473082605793,11.016138599522844,1.4211241862948003,2.377906121254647,0.0047300860790194,0.005063636812258228,0.0019110562669224305,0.00435377702382633,0.003999193848562771,0.003382226572762686,0.006372773662311527,2.3790138425922107,2.3983634353246996,0.08682939113656823,0.08635912452428528,0.08625959241397772,0.08635593220019439,2.3115340441881314,2.3120043108004142,2.312103842910722,2.312007503124505
1266,1261,1299,38,0.13157894736842105,0.132555126588586,0.13157894736842105,13.941473082605793,11.016138599522844,1.4211241862948003,3.587502482548481,0.00499089727607724,0.0051002564912965166,0.00342872962122609,0.004377068627684266,0.0038571916305125513,0.0032748881410475704,0.007912369590412383,3.5595916889547166,3.5861252408324225,0.11864004765233761,0.12050199023815127,0.11905440178708976,0.11910806114701475,3.4674851931800847,3.465623250594271,3.467070839045333,3.4670171796854077
1267,1261,1299,38,0.15789473684210525,0.15906912848870058,0.15789473684210525,13.941473082605793,11.016138599522844,1.4211241862948003,4.1686037151918045,0.004745996720266154,0.004779550057463344,0.003914039612392275,0.003981141537819153,0.003330083224251537,0.0027044919552099084,0.008268863596438745,4.100419685473561,4.13038430783858,0.05013202932869078,0.05710189367410264,0.054384648990526696,0.05318695239003108,4.080252278509889,4.073282414164477,4.075999658848053,4.077197355448549
1268,1261,1299,38,0.18421052631578946,0.18558501430172486,0.18421052631578946,13.941473082605793,11.016138599522844,1.4211241862948003,4.713109407301652,0.005135193471378163,0.005133395271079792,0.004256984695679347,0.004551137331209015,0.004161818095973147,0.004163196739175126,0.008464753645936081,4.63605433292466,4.66887367545384,0.09495220876488,0.09917154974968626,0.0981311463562738,0.09682631295451945,4.57392146668896,4.569702125704154,4.570742529097566,4.572047362499321
1269,1261,1299,38,0.21052631578947367,0.21210127689733108,0.21052631578947367,13.941473082605793,11.016138599522844,1.4211241862948003,5.162096045798673,0.004702295347555278,0.0046776999101518805,0.00521351558336414,0.004291026429560987,0.0042557992427967655,0.005263311241350639,0.008419157162324217,5.127471650170176,5.163001002612614,0.09010453960644173,0.08417626579799807,0.08545699403743194,0.08719173230477004,5.072896463006172,5.0788247368146155,5.077544008575182,5.075809270307843
1271,1261,1299,38,0.2631578947368421,0.265137569914363,0.2631578947368421,13.941473082605793,11.016138599522844,1.4211241862948003,5.903369359236569,0.005423642090718455,0.005530716164228917,0.008991618696404904,0.003549323815987221,0.002426037184576741,0.00477284220401787,0.014062367436354634,5.854662563978042,5.895997195878404,0.12601905031759109,0.12087039487537335,0.12132932503963455,0.1234229442456581,5.769978145560812,5.77512680100303,5.774667870838769,5.772574251632745
1272,1261,1299,38,0.2894736842105263,0.2916579771183706,0.2894736842105263,13.941473082605793,11.016138599522844,1.4211241862948003,6.19736921837205,0.007223046031221661,0.00739943359493136,0.010806487147005692,0.004721430784173143,0.0026474410073938455,0.0044983970517633734,0.01782328647639873,6.153360991884317,6.197685709486088,0.009723792577602022,0.0,0.0,0.0,6.1879619169084865,6.197685709486088,6.197685709486088,6.197685709486088
1273,1261,1299,38,0.3157894736842105,0.31817857271366917,0.3157894736842105,13.941473082605793,11.016138599522844,1.4211241862948003,6.4544043900348145,0.00862528735947276,0.008861520918502338,0.012234165590894627,0.00563519637223102,0.002797256734179316,0.004011372868863886,0.020785804463257316,6.401195678307856,6.4485524265889245,0.006140968849798447,0.0,0.0,0.0,6.442411457739126,6.4485524265889245,6.4485524265889245,6.4485524265889245
1274,1261,1299,38,0.34210526315789475,0.34470105222187747,0.34210526315789475,13.941473082605793,11.016138599522844,1.4211241862948003,6.6477812708532005,0.009364319373818524,0.009643436427739419,0.013394863327235799,0.006065976992640889,0.002886082441656978,0.004321995854101585,0.02270563880663856,6.615075311327559,6.6652755509008506,0.015092151741220236,0.0,0.0,0.0,6.65018339915963,6.6652755509008506,6.6652755509008506,6.6652755509008506
1276,1261,1299,38,0.39473684210526316,0.39769778306780523,0.39473684210526316,13.941473082605793,11.016138599522844,1.4211241862948003,6.937462459398047,0.011017723785637366,0.01137718089753145,0.015836736200264885,0.007088802363439809,0.0032345443518090144,0.004993538189443235,0.026822555399091424,6.8779123679362515,6.933166948095018,0.007364524489340959,0.0,0.0,0.0,6.925802423605678,6.933166948095018,6.933166948095018,6.933166948095018
1277,1261,1299,38,0.42105263157894735,0.42389811346845135,0.42105263157894735,13.941473082605793,11.016138599522844,1.4211241862948003,7.052651397789539,0.012308175183312054,0.012703181241642986,0.017040161921271897,0.00805456370736826,0.003815325212470042,0.004775541410385012,0.029341281388688908,6.971487467805358,7.025113561419782,0.0775313008634942,0.0570955302818858,0.062386449037241075,0.07032380829873854,6.947582260556287,6.9680180311378965,6.962727112382541,6.954789753121044
1278,1261,1299,38,0.4473684210526316,0.4500984438690974,0.4473684210526316,13.941473082605793,11.016138599522844,1.4211241862948003,7.229255051088254,0.013697608083812889,0.014129576848326912,0.01799643229154915,0.009202395637131515,0.004714620940213239,0.004332045892440972,0.031689516614645356,7.050649037504912,7.102593349465458,0.13185087773307125,0.1254226224203914,0.12651028376264534,0.12925428553006416,6.970742471732387,6.977170727045067,6.976083065702813,6.973339063935394
1279,1261,1299,38,0.47368421052631576,0.4762963251829609,0.47368421052631576,13.941473082605793,11.016138599522844,1.4211241862948003,7.48977937053163,0.014715201955612794,0.015182271263585886,0.018503514131099096,0.010090441574662134,0.005467573332735575,0.0038002059553530784,0.033217357545196315,7.223167466763851,7.2735261140095115,0.21645278106468777,0.21404205541394153,0.21424067000003028,0.21538415482841736,7.057073332944824,7.05948405859557,7.059285444009482,7.0581419591810945
1281,1261,1299,38,0.5263157894736842,0.5286894503326143,0.4736842105263158,13.941473082605793,11.016138599522844,1.4211241862948003,7.875710325155133,0.016293191371605616,0.0168147156040165,0.018791252951922858,0.01160267672788671,0.006922068178645412,0.0026301263124506344,0.0350747912428624,7.665970280755855,7.713024060595729,0.17112083095782676,0.17444304856781706,0.17358818304519766,0.17184078150860618,7.541903229637902,7.538581012027912,7.539435877550532,7.541183279087123
1282,1261,1299,38,0.5526315789473685,0.5548845057771131,0.4473684210526315,13.941473082605793,11.016138599522844,1.4211241862948003,7.8325698886741035,0.017026580589160862,0.01756564913180184,0.01850084497495499,0.012404682840443533,0.007786721022562083,0.0015818452518784436,0.035522798148402056,7.739040523746476,7.784480605012442,0.14285748158534592,0.11858296026688052,0.12403128621417793,0.13563524759528525,7.641623123427096,7.665897644745562,7.660449318798264,7.648845357417157
1283,1261,1299,38,0.5789473684210527,0.5810776773087023,0.42105263157894735,13.941473082605793,11.016138599522844,1.4211241862948003,7.711874923882015,0.01696935673271936,0.017531689056793132,0.01788084026915402,0.012499200795803826,0.0080291051329977,0.0009144478753179534,0.0348501193454183,7.632276814378192,7.6759175865915665,0.029672741139279923,0.034896160553309526,0.030786786642784093,0.02795759148089151,7.646244845452286,7.641021426038257,7.645130799948783,7.647959995110675
1284,1261,1299,38,0.6052631578947368,0.6072700952751275,0.39473684210526316,13.941473082605793,11.016138599522844,1.4211241862948003,7.634881753929581,0.016067047662375013,0.016636161851176428,0.016896321637110266,0.011847796775932493,0.007633889369819819,0.0010702129080739425,0.03295642661501414,7.487016677752443,7.5290805651814185,0.13397712921337057,0.13789641954745024,0.13704901595121347,0.13474927377973048,7.395103435968048,7.391184145633968,7.392031549230205,7.394331291401688
1286,1261,1299,38,0.6578947368421053,0.6596505982082858,0.3421052631578947,13.941473082605793,11.016138599522844,1.4211241862948003,7.465452267663607,0.013388568548447697,0.0139614845556321,0.014022444548070005,0.009926246624366378,0.0065104220452263,0.0019575234837168145,0.02734837361839025,7.292467515735665,7.331108744600094,0.1414715736162142,0.1347212573721946,0.13585845891550194,0.1392943757180884,7.18963717098388,7.1963874872278994,7.195250285684592,7.191814368882006
1287,1261,1299,38,0.6842105263157895,0.6858384947837277,0.3157894736842105,13.941473082605793,11.016138599522844,1.4211241862948003,7.22696255023358,0.01265325427114854,0.013209929290992798,0.012608982569832172,0.00955501788240829,0.0065088551218118644,0.002029474578874942,0.02518062356509556,7.1256237937438796,7.16241853542918,0.090273519752374,0.0801140613649061,0.0826516879596786,0.08720164183713999,7.0721450156768055,7.082304474064274,7.079766847469501,7.07521689359204
1288,1261,1299,38,0.7105263157894737,0.7120260145765878,0.2894736842105263,13.941473082605793,11.016138599522844,1.4211241862948003,6.914414438567436,0.011459036052781011,0.012035514170361729,0.01119913824317277,0.008678896021611945,0.005917309542577387,0.0011958034459171798,0.022628090140707702,6.82591988067539,6.860988563294296,0.09311871555350484,0.07420604636676062,0.07861878153549307,0.08807841657245655,6.7678698477407915,6.786782516927536,6.782369781758804,6.7729101467218396
1289,1261,1299,38,0.7368421052631579,0.738211650456538,0.26315789473684215,13.941473082605793,11.016138599522844,1.4211241862948003,6.561413712771941,0.010878109770232564,0.011436027271251899,0.009918526662752222,0.008416313153190367,0.005969298820369705,0.001456149106502353,0.020767775914756693,6.472972204037356,6.506149685274514,0.07188524377396222,0.06733655071721742,0.068126892300694,0.07009954857284978,6.434264441500552,6.4388131345572965,6.43802279297382,6.436050136701664
1291,1261,1299,38,0.7894736842105263,0.7905793427819101,0.21052631578947367,13.941473082605793,11.016138599522844,1.4211241862948003,5.708784103369251,0.008139693888222348,0.008614023603025715,0.0076982148809928725,0.006278972977900631,0.004472605590110844,0.001839848122097802,0.015736874428660213,5.6378336408819205,5.667476702534639,0.06899331934749674,0.05320990519582283,0.05611815722044386,0.06484146731034657,5.598483383187142,5.614266797338816,5.611358545314196,5.602635235224293
1292,1261,1299,38,0.8157894736842105,0.816761776009914,0.1842105263157895,13.941473082605793,11.016138599522844,1.4211241862948003,5.192470811349838,0.008005161418880169,0.008495143276524288,0.006667728247410788,0.006377022990696418,0.004775726133592729,0.0019395388252089227,0.014605499231207377,5.131322773720738,5.159041235704253,0.10791217255808468,0.08647655097117238,0.09107342161827273,0.10294765863329003,5.051129063146168,5.072564684733081,5.06796781408598,5.056093577070962
1293,1261,1299,38,0.8421052631578947,0.842942136933717,0.1578947368421053,13.941473082605793,11.016138599522844,1.4211241862948003,4.6175515805389935,0.007745979981479886,0.008291082351342918,0.0056765011836672945,0.006343885989152168,0.004951505450290769,0.002268466314300865,0.013390287663235963,4.557823031444721,4.5834898290295305,0.09002917214722245,0.07134655340966746,0.07515261193656596,0.08573670784791715,4.493460656882308,4.512143275619863,4.508337217092965,4.4977531211816135
1294,1261,1299,38,0.868421052631579,0.8691219326836471,0.13157894736842102,13.941473082605793,11.016138599522844,1.4211241862948003,3.995905716148093,0.006792720200379933,0.0073946037236452015,0.004736605559725713,0.005613749490677281,0.004437538506431291,0.0021119101272748164,0.011519235890998191,3.947052440256137,3.9706317470722676,0.04498187807795962,0.029271404102551486,0.032171540293090495,0.04104837260086668,3.925649868994308,3.941360342969716,3.938460206779177,3.929583374471401
1296,1261,1299,38,0.9210526315789473,0.9214771911838151,0.07894736842105265,13.941473082605793,11.016138599522844,1.4211241862948003,2.6092836062305484,0.004309790561918987,0.004777511450107231,0.0028714184326199626,0.0036127806269859743,0.0029258679920228796,0.0016339015372647103,0.007139260660048457,2.560398392758131,2.58035144189903,0.03410578135999384,0.02514593687705636,0.026571823385989794,0.03201468591114871,2.5462456605390362,2.5552055050219735,2.5537796185130404,2.5483367559878816
1297,1261,1299,38,0.9473684210526315,0.9476526539340528,0.052631578947368474,13.941473082605793,11.016138599522844,1.4211241862948003,1.8130050725120572,0.002940136306878197,0.0032294509413438232,0.0018664854943991167,0.00251175712068049,0.0020997421689713833,0.0013839497460856897,0.004726629063927137,1.7880548677307644,1.805974675913907,0.03898319947521479,0.029437756083813483,0.031182253043501185,0.037135096338680895,1.7669914764386923,1.7765369198300935,1.774792422870406,1.768839579575226
1298,1261,1299,38,0.9736842105263158,0.9738275515104178,0.02631578947368418,13.941473082605793,11.016138599522844,1.4211241862948003,0.9367451300350461,0.001654114985041688,0.0021361770537424987,0.0008713446401908838,0.00144533334984655,0.0012396716443749903,0.0008468151681387993,0.002504711520807829,0.931641741514557,0.9470576456466699,0.017610396906470423,0.014875484856944066,0.01549382887065667,0.016694604970706014,0.9294472487401996,0.9321821607897258,0.9315638167760133,0.930363040675964
1301,1299,1309,10,0.2,0.19994055899016488,0.2,14.718294577246322,44.4246000998282,0.20453182128758723,0.1903960849511657,0.003878201868766233,0.0014422737647670472,0.00044372659391623827,0.003883474223185046,0.0038919026209107616,0.003918138452310801,0.003888814358981975,0.1822875290396294,0.21516870621685555,0.03891397960163241,0.03339144321259628,0.03595686050816365,0.03603908205011912,0.17625472661522312,0.18177726300425928,0.1792118457086919,0.17912962416673645
1302,1299,1309,10,0.3,0.2999050814867161,0.3,14.718294577246322,44.4246000998282,0.20453182128758723,0.18116005219870698,0.0043077798139103006,0.0017657750168767648,0.0004722024664712761,0.0043130385966436815,0.004321516960896038,0.004348049947523675,0.0043190677052795225,0.18924712294410156,0.2273766911747769,0.044970371003822056,0.038455447938939916,0.0414018926178997,0.041494893348439754,0.18240632017095484,0.18892124323583698,0.1859747985568772,0.18588179782633715
1303,1299,1309,10,0.4,0.39986168811028683,0.4,14.718294577246322,44.4246000998282,0.20453182128758723,0.1537754018425662,0.0035682758862671097,0.0009474951283552021,0.0004885280028997323,0.0035382115835020608,0.003512139244099557,0.0034723163945962255,0.003726328444472286,0.16021612568484092,0.1989071749634806,0.060381298448311985,0.057649201176014804,0.058600389771331855,0.05863396845453216,0.13852587651516862,0.1412579737874658,0.14030678519214873,0.14027320650894842
1304,1299,1309,10,0.5,0.4998168554842247,0.5,14.718294577246322,44.4246000998282,0.20453182128758723,0.13096308172092214,0.004003467002820072,0.0011759708122658131,0.0005298830107802264,0.003925511242388216,0.0038505358050799398,0.0037102414924493655,0.00434179181482398,0.13549875083646445,0.1711564027098386,0.04253140682362521,0.03957597025977685,0.04072828192777564,0.040750879225423,0.12862499588621337,0.13158043245006174,0.13042812078206295,0.1304055234844156
1306,1299,1309,10,0.7,0.6997408631036123,0.30000000000000004,14.718294577246322,44.4246000998282,0.20453182128758723,0.14337591749795967,0.004512077730219518,0.0016984684014010958,0.0005672682183685003,0.004393854808394619,0.004277066619180335,0.004048289626750445,0.004997262095205009,0.08064151784044736,0.13980355979762502,0.08614959610222782,0.0938805319313426,0.0900981683142167,0.08986200499514524,0.0536539636953972,0.04592302786628241,0.049705391483408315,0.049941554802479776
1307,1299,1309,10,0.8,0.7998313199430345,0.19999999999999996,14.718294577246322,44.4246000998282,0.20453182128758723,0.16279325895938354,0.004481043281174234,0.0015516465852358815,0.0004278683303049814,0.004394152228712048,0.00430816464912172,0.0041391245516613565,0.004836660866497005,0.09860771127228468,0.14542935851869782,0.050449593812705376,0.05619661905168126,0.05348060904329312,0.05315178872514188,0.09497976470599244,0.08923273946701656,0.0919487494754047,0.09227756979355593
1308,1299,1309,10,0.9,0.899918898283191,0.09999999999999998,14.718294577246322,44.4246000998282,0.20453182128758723,0.09673672510149622,0.003584419954244236,0.0007059817844282451,0.000194943593332335,0.0035512174213802564,0.00351837665905978,0.0034538216114819434,0.0037206525102448647,0.07237024982452873,0.11920067474890522,0.030333081017222742,0.029231224474559583,0.029867917083094834,0.0296124878171802,0.08886759373168249,0.08996945027434564,0.08933275766581039,0.08958818693172502
1311,1309,1320,11,0.18181818181818182,0.1818565215998305,0.18181818181818182,14.872605704382044,40.787733645122145,0.21208956664713902,0.38986199615822115,0.0022128905173625204,0.00425933548530707,0.00043621972867261943,0.002151246938832738,0.002093472784227649,0.001990858101576299,0.0024921533272293777,0.35542359268874735,0.34414413410390143,0.047274005712488965,0.04262815455055265,0.045039788407142664,0.04494587825856136,0.29687012839141247,0.3015159795533488,0.29910434569675876,0.2991982558453401
1312,1309,1320,11,0.2727272727272727,0.27277987847418605,0.2727272727272727,14.872605704382044,40.787733645122145,0.21208956664713902,0.5882232930232218,0.00239983172190708,0.004616281402601138,0.0011908000356058474,0.002450307979176994,0.002534970745938472,0.0027931994977903746,0.002559771591780013,0.510588449182137,0.49637077270143515,0.10356779508830143,0.10481349483052035,0.10410910698017894,0.10426567170528347,0.3928029776131337,0.39155727787091477,0.3922616657212562,0.3921051009961517
1313,1309,1320,11,0.36363636363636365,0.36369604292438734,0.36363636363636365,14.872605704382044,40.787733645122145,0.21208956664713902,0.7305959314880579,0.0016229995140019987,0.003970395767398852,0.002168939580288708,0.00186019533943529,0.0022078413308321506,0.003076873203965687,0.0022824775875142996,0.6658290134556609,0.6501543090458562,0.11863173336027204,0.12237979862586942,0.12011788994836863,0.12052323095842625,0.5315225756855843,0.5277745104199868,0.5300364190974877,0.52963107808743
1314,1309,1320,11,0.45454545454545453,0.45461089966110607,0.45454545454545453,14.872605704382044,40.787733645122145,0.21208956664713902,0.8105358345924281,0.0008276951799072929,0.002203852000324288,0.002965213638811299,0.00014350700062624826,0.0006746633961389508,0.002149769300933009,0.0037859786610643558,0.7552934217719901,0.7402039126393779,0.09855684030440759,0.10396866357071559,0.10076894848813281,0.1013551631636487,0.6416470723349703,0.6362352490686624,0.6394349641512451,0.6388487494757292
1316,1309,1320,11,0.6363636363636364,0.6364249205727524,0.36363636363636365,14.872605704382044,40.787733645122145,0.21208956664713902,0.7482902475919427,0.0025680302589940122,0.0008888503552543959,0.0023876375067012285,0.0021475949167583377,0.0018281548210666851,0.0017146215676273585,0.004653091169196904,0.7335756701948019,0.720088503947671,0.11997075806756782,0.11522494410937936,0.11812601769054479,0.1173118278124676,0.6001177458801031,0.6048635598382917,0.6019624862571262,0.6027766761352034
1317,1309,1320,11,0.7272727272727273,0.7273234308909386,0.2727272727272727,14.872605704382044,40.787733645122145,0.21208956664713902,0.6436244135197176,0.0024921694458181678,0.0006254420660071331,0.0014291781308402517,0.0022572112537897885,0.002057769546866012,0.0018108554702639524,0.003636993238720456,0.609564735505898,0.5897985781824339,0.16353157115004002,0.15891400283303578,0.16173231891076711,0.160923729596875,0.42626700703239384,0.43088457534939806,0.42806625927166675,0.42887484858555885
1318,1309,1320,11,0.8181818181818182,0.8182212873523836,0.18181818181818177,14.872605704382044,40.787733645122145,0.21208956664713902,0.5215161804207529,0.0012504293603608767,0.0018477212203841852,0.0007321834758262477,0.001184895762461152,0.0011451610938328395,0.0011520679656777735,0.0016947188137005015,0.4761972529127883,0.448657392728323,0.1025022767473688,0.09885101987941661,0.10101402198688793,0.10045717544509808,0.3461551159809542,0.34980637284890637,0.3476433707414351,0.3482002172832249
1319,1309,1320,11,0.9090909090909091,0.9091112975329332,0.09090909090909094,14.872605704382044,40.787733645122145,0.21208956664713902,0.31147936877186366,0.0018896023840007784,0.0015725409959629856,0.0003488933269152077,0.0018250047505906203,0.0017623573215810125,0.0016437982738227593,0.0021639257568946196,0.31388300210643116,0.281461898302621,0.02868738467375443,0.02652184528991597,0.027585221748823288,0.027578448362089735,0.2527745136288666,0.25494005301270506,0.25387667655379775,0.2538834499405313
1321,1320,1332,12,0.08333333333333333,0.08335357322553116,0.08333333333333333,8.57594173573629,21.571291332687853,0.26814812137929833,0.31713087762541264,0.0009631652829518497,0.0009652794441668958,0.0002688957794977531,0.0009208949086597455,0.0008817287682935205,0.0008144669112402205,0.0011561264011887488,0.3359415113315861,0.33665047085696,0.03603049774532575,0.0351787248116342,0.03560454054083863,0.03555880765306676,0.30061997311163424,0.3014717460453258,0.30104593031612137,0.30109166320389325
1322,1320,1332,12,0.16666666666666666,0.16670654675055277,0.16666666666666666,8.57594173573629,21.571291332687853,0.26814812137929833,0.558071094409678,0.0011856213678974599,0.001121801391261722,0.00012316904810844687,0.0011615655575860201,0.0011378345169341154,0.0010914311957445138,0.0012847237951441948,0.5888852090637009,0.5885973797938499,0.08978543513627175,0.08782245818785013,0.0888680174962434,0.08869621430657064,0.4988119446575781,0.5007749216059997,0.49972936229760645,0.4999011654872792
1323,1320,1332,12,0.25,0.2500523238694596,0.25,8.57594173573629,21.571291332687853,0.26814812137929833,0.7453020514160286,0.0007050773435147349,0.0006852506881197581,0.0003923952116205419,0.0007785652537276386,0.0008569949816360191,0.0010240770175196118,0.0005034703437831581,0.7707576675156435,0.7704174800162389,0.11839092232006032,0.1158528939808114,0.11726618098519699,0.11692420398983423,0.6520265576961786,0.6545645860354274,0.6531512990310419,0.6534932760264046
1324,1320,1332,12,0.3333333333333333,0.33339750128785683,0.3333333333333333,8.57594173573629,21.571291332687853,0.26814812137929833,0.8984418866749955,0.0007818842229356339,0.0008291105062811678,0.0008102651272819239,0.0005852320894734575,0.000394609244803722,0.00016838872390418993,0.0015834741130791167,0.8975250485480742,0.8969821054091781,0.09822540743855283,0.09538961911489163,0.09704001837471235,0.09650641230228434,0.7987566979706253,0.8015924862942865,0.7999420870344658,0.8004756931068938
1326,1320,1332,12,0.5,0.5000716642108931,0.5,8.57594173573629,21.571291332687853,0.26814812137929833,1.0088949264720166,0.001302538713139061,0.0014000405066731283,0.0008052776516234718,0.0011013359348726315,0.0009001853118572612,0.0004982932271694426,0.002107572596760946,1.0116950928749053,1.011182992602984,0.0,0.0,0.0,0.0,1.011182992602984,1.011182992602984,1.011182992602984,1.011182992602984
1327,1320,1332,12,0.5833333333333334,0.5834018491165512,0.41666666666666663,8.57594173573629,21.571291332687853,0.26814812137929833,0.9874278747298437,0.0008671721837071823,0.0008847169813168089,0.000594200260892377,0.0007628141843847496,0.0006752167114023772,0.0005799867184176911,0.0013688456811997967,0.9967207474915926,0.9962597611752222,0.0223647600380802,0.02077335637860183,0.021837155929589704,0.02115345983656318,0.973895001137142,0.9754864047966204,0.9744226052456325,0.975106301338659
1328,1320,1332,12,0.6666666666666666,0.6667308346211902,0.33333333333333337,8.57594173573629,21.571291332687853,0.26814812137929833,0.899562343389666,0.0004984282890253775,0.0006507218071071524,0.0005761132217892411,0.00038086499186643487,0.00028839873491060843,0.0002896033899239694,0.0010376918057817747,0.9116974844577576,0.9112062844763548,0.05703231360563735,0.05531632167283516,0.05657567456856245,0.05569633119215035,0.8541739708707174,0.8558899628035196,0.8546306099077923,0.8555099532842044
1329,1320,1332,12,0.75,0.7500526237197144,0.25,8.57594173573629,21.571291332687853,0.26814812137929833,0.7636085123013608,0.0006822455586430491,0.000713593226156757,0.0006295253529567279,0.0005496061539719676,0.00043383478183675145,0.0003303291064714187,0.0012705923917704215,0.7628624719601947,0.7625637636161721,0.06234194109658788,0.060674977600831466,0.061963786064737916,0.06100286026347213,0.7002218225195842,0.7018887860153405,0.7005999775514341,0.7015609033526999
1331,1320,1332,12,0.9166666666666666,0.9166866067086097,0.08333333333333337,8.57594173573629,21.571291332687853,0.26814812137929833,0.3090437432107149,0.0007793337653801754,0.0008392233076456269,0.00038526886823294406,0.0007623344887025609,0.0007572982504089318,0.0007834897655351652,0.0009474862662244306,0.33252135333626837,0.33261228604365084,0.028224055733172042,0.02794729919311951,0.028204317981294254,0.027952167445224434,0.3043882303104788,0.30466498685053134,0.3044079680623566,0.3046601185984264
