scenario,kappa,algorithm,sampler,admission,beta,seeds,steps_mean,steps_q05,steps_p95,steps_worst,batch_size_mean,batch_size_q05,batch_size_p95,batch_size_worst,initial_views_mean,initial_views_q05,initial_views_p95,initial_views_worst,final_views_mean,final_views_q05,final_views_p95,final_views_worst,target_final_views_mean,target_final_views_q05,target_final_views_p95,target_final_views_worst,mean_count_mean,mean_count_q05,mean_count_p95,mean_count_worst,count_std_mean,count_std_q05,count_std_p95,count_std_worst,count_min_mean,count_min_q05,count_min_p95,count_min_worst,count_max_mean,count_max_q05,count_max_p95,count_max_worst,jain_index_mean,jain_index_q05,jain_index_p95,jain_index_worst,oracle_jain_index_mean,oracle_jain_index_q05,oracle_jain_index_p95,oracle_jain_index_worst,jain_regret_mean,jain_regret_q05,jain_regret_p95,jain_regret_worst,fairness_rmse_updates_mean,fairness_rmse_updates_q05,fairness_rmse_updates_p95,fairness_rmse_updates_worst,fairness_nrmse_mean,fairness_nrmse_q05,fairness_nrmse_p95,fairness_nrmse_worst,cohort_mid_first_ratio_mean,cohort_mid_first_ratio_q05,cohort_mid_first_ratio_p95,cohort_mid_first_ratio_worst,admission_tracking_rmse_mean,admission_tracking_rmse_q05,admission_tracking_rmse_p95,admission_tracking_rmse_worst,admission_tracking_nrmse_mean,admission_tracking_nrmse_q05,admission_tracking_nrmse_p95,admission_tracking_nrmse_worst,admission_max_lag_mean,admission_max_lag_q05,admission_max_lag_p95,admission_max_lag_worst,admission_max_overshoot_mean,admission_max_overshoot_q05,admission_max_overshoot_p95,admission_max_overshoot_worst,admission_rate_ratio_mean,admission_rate_ratio_q05,admission_rate_ratio_p95,admission_rate_ratio_worst,admission_pool_rate_cv_mean,admission_pool_rate_cv_q05,admission_pool_rate_cv_p95,admission_pool_rate_cv_worst,budget_violation_mean,budget_violation_q05,budget_violation_p95,budget_violation_worst,entropy_ratio_mean,entropy_ratio_q05,entropy_ratio_p95,entropy_ratio_worst,shuffle_kl_norm_mean,shuffle_kl_norm_q05,shuffle_kl_norm_p95,shuffle_kl_norm_worst,duplicate_rate_mean,duplicate_rate_q05,duplicate_rate_p95,duplicate_rate_worst,temporal_w1_mean,temporal_w1_q05,temporal_w1_p95,temporal_w1_worst,cohort_entropy_mean,cohort_entropy_q05,cohort_entropy_p95,cohort_entropy_worst,gradient_ratio_iid_mean,gradient_ratio_iid_q05,gradient_ratio_iid_p95,gradient_ratio_iid_worst,gradient_ratio_smooth_order_mean,gradient_ratio_smooth_order_q05,gradient_ratio_smooth_order_p95,gradient_ratio_smooth_order_worst,gradient_ratio_abrupt_regime_mean,gradient_ratio_abrupt_regime_q05,gradient_ratio_abrupt_regime_p95,gradient_ratio_abrupt_regime_worst,gradient_ratio_mean_mean,gradient_ratio_mean_q05,gradient_ratio_mean_p95,gradient_ratio_mean_worst,gradient_ratio_worst_mean,gradient_ratio_worst_q05,gradient_ratio_worst_p95,gradient_ratio_worst_worst,temporal_w1_to_uniform,temporal_w1_to_uniform_p95,cohort_entropy_to_uniform
base_stream,640,ercb_beta_0,softmax,token,0.0,24,12000.0,12000.0,12000.0,12000.0,32.0,32.0,32.0,32.0,32.0,32.0,32.0,32.0,50.0,50.0,50.0,50.0,50.0,50.0,50.0,50.0,240.0,240.0,240.0,240.0,92.89054274021322,92.19280664814684,93.66418822423812,94.019997872793,10.041666666666666,7.15,12.849999999999998,14.0,314.25,310.0,319.0,321.0,0.8697127753217982,0.867823007344293,0.8714133689453171,0.8716379893732802,0.9153062080643561,0.9153062080643561,0.9153062080643561,0.9153062080643561,0.04559343274255795,0.04389283911903909,0.047483200720063214,0.04835545447945455,32.627812515453826,31.50762283321622,33.43722593284374,34.10102637751539,0.13594921881439095,0.1312817618050676,0.13932177472018223,0.1420876099063141,0.9993709632555792,0.9793318823822803,1.022174237675602,1.0337609723160026,0.0,0.0,0.0,0.0,0.0,0.0,0.0,0.0,0.0,0.0,-0.0,-0.0,0.0,0.0,0.0,0.0,1.0,1.0,1.0,1.0,0.09459110034925282,0.09459110034925282,0.09459110034925282,0.09459110034925282,0.0,0.0,0.0,0.0,1.0,1.0,1.0,1.0,0.0,0.0,0.0,0.0,0.0,0.0,0.0,0.0,0.023617366092264253,0.022642804113374413,0.024759312944689114,0.024795796318169486,0.9868543357198828,0.9862561469541576,0.9875297107180058,0.9876582471136633,1.001311676809585,0.9439397698238876,1.0409055158100022,1.0731385256041563,0.9968285454111708,0.9083700684412785,1.085209056420514,1.0904336238182715,1.018301993194487,0.8814308835370339,1.1413771625839761,1.2330578461822916,1.0054807384717477,0.9295480604165426,1.0810483463667442,1.1185296696352254,1.050314521731232,0.9947582980154747,1.1413771625839761,1.2330578461822916,1.0,1.0483519986082994,1.0
base_stream,640,ercb_beta_0p001,softmax,token,0.001,24,12000.0,12000.0,12000.0,12000.0,32.0,32.0,32.0,32.0,32.0,32.0,32.0,32.0,50.0,50.0,50.0,50.0,50.0,50.0,50.0,50.0,240.0,240.0,240.0,240.0,89.40940263302157,88.18273540880705,90.22618035182644,91.12321328838223,11.166666666666666,8.15,13.849999999999998,14.0,312.5416666666667,307.0,317.85,323.0,0.8781255456088615,0.8761686257342038,0.8810544797820177,0.8815934311493897,0.9153062080643561,0.9153062080643561,0.9153062080643561,0.9153062080643561,0.037180662455494666,0.03425172828233846,0.039137582330152354,0.041300238118022525,28.719861312227312,27.28010329274895,30.108675998099272,30.695276509586943,0.11966608880094713,0.11366709705312064,0.12545281665874697,0.12789698545661227,0.9993512678319002,0.9621937796689378,1.025760377940224,1.0341939986043265,0.0,0.0,0.0,0.0,0.0,0.0,0.0,0.0,0.0,0.0,-0.0,-0.0,0.0,0.0,0.0,0.0,1.0,1.0,1.0,1.0,0.09459110034925282,0.09459110034925282,0.09459110034925282,0.09459110034925282,0.0,0.0,0.0,0.0,0.9995822839912227,0.9992974087735628,0.9999211942026137,1.0000330012611487,0.0004177160087773799,7.88057973862608e-05,0.0007025912264371943,0.0007397303695189038,0.0,0.0,0.0,0.0,0.02395129261734358,0.023059226116789334,0.025020134774758077,0.025128590266967076,0.9869553262423582,0.9861947379964607,0.9878233195556838,0.988146792403211,0.9962882825801308,0.9632266786693399,1.0485965165732722,1.05193916141281,1.0207757561249415,0.9588871660847132,1.090114950563863,1.1344142868467972,1.0223128327710735,0.9157291483765371,1.1219742388648166,1.1328693914999957,1.013125623825382,0.9658562318301134,1.0767115189552825,1.0817171888453645,1.0493696167481144,0.9802617641905987,1.1312645672977686,1.1344142868467972,1.0141390248080502,1.0593956445868573,1.0001023357944734
base_stream,640,ercb_beta_0p002,softmax,token,0.002,24,12000.0,12000.0,12000.0,12000.0,32.0,32.0,32.0,32.0,32.0,32.0,32.0,32.0,50.0,50.0,50.0,50.0,50.0,50.0,50.0,50.0,240.0,240.0,240.0,240.0,86.39640820900478,85.46859559219261,87.55729169991237,88.52095797041513,11.916666666666666,10.0,13.849999999999998,14.0,307.75,304.15,312.0,313.0,0.8852733054939605,0.8825383581116117,0.8874524953584623,0.8891084218325512,0.9153062080643561,0.9153062080643561,0.9153062080643561,0.9153062080643561,0.03003290257039549,0.027853712705893856,0.032767849952744406,0.035056265983579804,25.39820301557745,24.193013057870502,26.555125667883882,28.599300690751164,0.1058258458982394,0.10080422107446042,0.11064635694951616,0.11916375287812984,1.0035302989118675,0.9879017525701558,1.025347808761489,1.03125,0.0,0.0,0.0,0.0,0.0,0.0,0.0,0.0,0.0,0.0,-0.0,-0.0,0.0,0.0,0.0,0.0,1.0,1.0,1.0,1.0,0.09459110034925282,0.09459110034925282,0.09459110034925282,0.09459110034925282,0.0,0.0,0.0,0.0,0.9984383971742684,0.9978981186306245,0.9990755151830818,0.9991680129274745,0.0015616028257314175,0.000924484816918178,0.0021018813693754945,0.0022189211337679364,0.0,0.0,0.0,0.0,0.02483897384890561,0.024047049768126178,0.025631140638752797,0.025764286449221324,0.9868244399819749,0.9861067763030396,0.9873622414219172,0.9874574843505529,0.9941304981503887,0.9495473639726016,1.0249419686140664,1.0475100433253228,1.1010723804142142,1.0403066746646603,1.1701183353146054,1.2122143471577167,1.1362961116191659,1.0077564319004422,1.2316039880042844,1.233900654475905,1.0771663300612562,1.008138607214061,1.1225563341445213,1.1295660082980754,1.1473327535028541,1.0525587647826908,1.2316039880042844,1.233900654475905,1.051724978639404,1.08526668632825,0.9999697060277025
base_stream,640,ercb_beta_0p003,softmax,token,0.003,24,12000.0,12000.0,12000.0,12000.0,32.0,32.0,32.0,32.0,32.0,32.0,32.0,32.0,50.0,50.0,50.0,50.0,50.0,50.0,50.0,50.0,240.0,240.0,240.0,240.0,83.6771640893997,83.17643549938535,84.23517408669053,84.67726967728707,13.083333333333334,12.0,15.0,15.0,304.5,299.3,309.7,313.0,0.8916138996340336,0.8903237598093797,0.8927696849713991,0.8928045533032218,0.9153062080643561,0.9153062080643561,0.9153062080643561,0.9153062080643561,0.023692308430322554,0.02253652309295707,0.024982448254976447,0.026008901153033892,22.305202012238738,21.498257663279503,23.71716334446312,24.089831879861677,0.09293834171766141,0.08957607359699793,0.09882151393526299,0.10037429949942366,1.0004490799538674,0.9872528970688481,1.0250566414845683,1.0279134682484299,0.0,0.0,0.0,0.0,0.0,0.0,0.0,0.0,0.0,0.0,-0.0,-0.0,0.0,0.0,0.0,0.0,1.0,1.0,1.0,1.0,0.09459110034925282,0.09459110034925282,0.09459110034925282,0.09459110034925282,0.0,0.0,0.0,0.0,0.9965431099671268,0.9962065138586957,0.9969859367923439,0.9976776443660875,0.003456890032873201,0.0030140632076560256,0.0037934861413042786,0.004040248030040657,0.0,0.0,0.0,0.0,0.025832526482352233,0.024824116297201756,0.026583086871245994,0.02672370687911069,0.986563391104904,0.9861606509559799,0.98712468207793,0.9874526890465454,1.0087692302349531,0.9542755230223564,1.0476475480508558,1.0540915002668125,1.1755598159596485,1.0829758304989066,1.2675327161314043,1.2947833962708788,1.2322687849742617,1.0521227411294938,1.3301776542028927,1.4117462096802795,1.1388659437229542,1.034787571068109,1.199768265675284,1.2450571536389115,1.2384315978748446,1.08652920992754,1.3301776542028927,1.4117462096802795,1.0937937101637063,1.12557373110091,0.9997051797773513
base_stream,640,ercb_beta_0p004,softmax,token,0.004,24,12000.0,12000.0,12000.0,12000.0,32.0,32.0,32.0,32.0,32.0,32.0,32.0,32.0,50.0,50.0,50.0,50.0,50.0,50.0,50.0,50.0,240.0,240.0,240.0,240.0,81.25678995880962,80.45942511584005,81.95950217615383,82.12380897157657,14.083333333333334,12.0,15.0,15.0,301.9583333333333,298.15,305.85,306.0,0.8971567633403993,0.8955591461020199,0.8989645104235509,0.8998279079126117,0.9153062080643561,0.9153062080643561,0.9153062080643561,0.9153062080643561,0.018149444723956968,0.016341697640805265,0.019747061962336183,0.02012229750317529,19.453909762692728,18.20513847423389,20.559505993615964,21.514646174176324,0.08105795734455302,0.07585474364264122,0.08566460830673318,0.08964435905906802,1.0006808663821605,0.9786619094414912,1.017429913169548,1.0214979195561722,0.0,0.0,0.0,0.0,0.0,0.0,0.0,0.0,0.0,0.0,-0.0,-0.0,0.0,0.0,0.0,0.0,1.0,1.0,1.0,1.0,0.09459110034925282,0.09459110034925282,0.09459110034925282,0.09459110034925282,0.0,0.0,0.0,0.0,0.9940831727325135,0.9933788289961322,0.9948817116343841,0.9953690416380068,0.005916827267486648,0.005118288365615971,0.006621171003867851,0.006721149801104375,0.0,0.0,0.0,0.0,0.027466701650650942,0.026759008662785477,0.028332358556698942,0.028677125077428048,0.9860491597922006,0.9855721338612402,0.9865627099465324,0.9865941379848505,1.0246118009108331,0.9805298061076589,1.0840118224863529,1.0932891799836577,1.30155890317224,1.2236144642631592,1.4174390735335853,1.4252464569978407,1.4316611490945377,1.308662234873288,1.5815469813342165,1.6349843793681431,1.2526106177258702,1.1882766492477599,1.338854602948133,1.348109777486548,1.433727586174656,1.308662234873288,1.5815469813342165,1.6349843793681431,1.162987504336799,1.199640910252861,0.9991840985051813
base_stream,640,ercb_beta_0p005,softmax,token,0.005,24,12000.0,12000.0,12000.0,12000.0,32.0,32.0,32.0,32.0,32.0,32.0,32.0,32.0,50.0,50.0,50.0,50.0,50.0,50.0,50.0,50.0,240.0,240.0,240.0,240.0,79.43722103443777,78.86142152905974,79.9569758206016,80.1014356925018,14.25,13.0,15.0,15.0,299.5416666666667,297.15,303.85,305.0,0.9012624219785866,0.9000967886318426,0.9025507787981679,0.9026204199065412,0.9153062080643561,0.9153062080643561,0.9153062080643561,0.9153062080643561,0.014043786085769608,0.012755429266188228,0.015209419432513499,0.015534525128900967,17.231410101377673,15.961755252766146,18.588102407167895,18.9356806056714,0.07179754208907364,0.06650731355319227,0.0774504266965329,0.0788986691902975,0.9993586220540323,0.9788610398660625,1.0230406235120166,1.0281293952180028,0.0,0.0,0.0,0.0,0.0,0.0,0.0,0.0,0.0,0.0,-0.0,-0.0,0.0,0.0,0.0,0.0,1.0,1.0,1.0,1.0,0.09459110034925282,0.09459110034925282,0.09459110034925282,0.09459110034925282,0.0,0.0,0.0,0.0,0.9911959350434228,0.9903163262260493,0.9921660071752358,0.9922456404742029,0.008804064956577212,0.007833992824764106,0.009683673773950697,0.009808803178150213,0.0,0.0,0.0,0.0,0.028824208581175414,0.027862510278519406,0.029702872525524192,0.02976784751222696,0.9857688311817081,0.9851484992786669,0.9864752699310779,0.9866744875554787,1.0302961737634886,0.9826921051873762,1.0761298728462054,1.0856486728490315,1.4273856504458748,1.3526170420644923,1.4943903102935308,1.5440318262207577,1.5980104295483286,1.4313634379327063,1.7868314249315893,1.8009956591628418,1.3518974179192307,1.2747611912875993,1.4263444197703243,1.461561580096925,1.5980609301969826,1.4313634379327063,1.7868314249315893,1.8009956591628418,1.2204666883076618,1.257670834651338,0.998900035700423
base_stream,640,ercb_beta_0p006,softmax,token,0.006,24,12000.0,12000.0,12000.0,12000.0,32.0,32.0,32.0,32.0,32.0,32.0,32.0,32.0,50.0,50.0,50.0,50.0,50.0,50.0,50.0,50.0,240.0,240.0,240.0,240.0,77.98836477831695,77.57341597271869,78.53091321971291,78.55876781111068,14.458333333333334,13.15,15.0,15.0,299.2916666666667,296.0,302.85,304.0,0.9044906999431638,0.9032870424241926,0.9054093174549414,0.9061225568513248,0.9153062080643561,0.9153062080643561,0.9153062080643561,0.9153062080643561,0.010815508121192438,0.009896890609414793,0.012019165640163537,0.012081130020064279,15.517689548093726,14.454769357440897,16.649883020407476,16.926901665691805,0.06465703978372385,0.060228205656003744,0.06937451258503115,0.07052875694038252,1.0055475854881493,0.9895710187760779,1.0266028170920707,1.0348011363636362,0.0,0.0,0.0,0.0,0.0,0.0,0.0,0.0,0.0,0.0,-0.0,-0.0,0.0,0.0,0.0,0.0,1.0,1.0,1.0,1.0,0.09459110034925282,0.09459110034925282,0.09459110034925282,0.09459110034925282,0.0,0.0,0.0,0.0,0.9878067614082872,0.9869118082074406,0.9884639717670488,0.9888661407107859,0.012193238591712714,0.011536028232951143,0.013088191792559385,0.013700918704281723,0.0,0.0,0.0,0.0,0.030090900317655694,0.02932968659151336,0.031065745614385906,0.03146603330319135,0.98511190902983,0.9845861517078638,0.9855875424373998,0.9858507957053338,1.023831510166348,0.9866338513522626,1.070660971826471,1.08119126567483,1.5212613662041503,1.42376713440616,1.5978100874492545,1.700059282002679,1.7480386011764288,1.6125067699399578,1.9171922921131004,1.928949549514039,1.4310438258489757,1.3582050422111198,1.4978690590368355,1.5435731062672258,1.7480386011764288,1.6125067699399578,1.9171922921131004,1.928949549514039,1.274100600384554,1.3153772310182097,0.9982343628365561
base_stream,640,ercb_beta_0p0075,softmax,token,0.0075,24,12000.0,12000.0,12000.0,12000.0,32.0,32.0,32.0,32.0,32.0,32.0,32.0,32.0,50.0,50.0,50.0,50.0,50.0,50.0,50.0,50.0,240.0,240.0,240.0,240.0,76.37862471726622,75.92863184596574,76.91882641142912,77.06153385444647,14.958333333333334,15.0,15.0,15.0,295.4583333333333,291.15,300.85,302.0,0.9080338891534302,0.906850890829404,0.9090169125226305,0.909427925626479,0.9153062080643561,0.9153062080643561,0.9153062080643561,0.9153062080643561,0.007272318910925941,0.006289295541725609,0.008455317234952232,0.008768941198670999,13.039897614830423,11.78209662124243,13.878968868923318,13.99142594591416,0.054332906728460105,0.04909206925517679,0.057829036953847154,0.05829760810797567,1.0050329820820403,0.9831807465293345,1.0259254155359565,1.0293276108726752,0.0,0.0,0.0,0.0,0.0,0.0,0.0,0.0,0.0,0.0,-0.0,-0.0,0.0,0.0,0.0,0.0,1.0,1.0,1.0,1.0,0.09459110034925282,0.09459110034925282,0.09459110034925282,0.09459110034925282,0.0,0.0,0.0,0.0,0.9823013014797978,0.98105111366603,0.983464951739237,0.9841005535095209,0.017698698520202116,0.016535048260762988,0.018948886333969944,0.019829010622582854,0.0,0.0,0.0,0.0,0.031580629542995106,0.030632657364690154,0.03275286409286243,0.03288069310451177,0.9847152509092595,0.9839612284122163,0.9853162433778067,0.9854492203374808,1.0342688929995563,0.9723601720769522,1.0892038510615938,1.0928991908970869,1.6552046197054384,1.5410999903435187,1.7741154618695936,1.7996395619039143,1.9333663949648174,1.7054452314427866,2.169458068060624,2.2240918990658103,1.5409466358899373,1.423108526973655,1.6501958292776455,1.6862484803286382,1.9333663949648174,1.7054452314427866,2.169458068060624,2.2240918990658103,1.3371783042876733,1.3868127362259277,0.9978324209225236
base_stream,640,ercb_beta_0p01,softmax,token,0.01,24,12000.0,12000.0,12000.0,12000.0,32.0,32.0,32.0,32.0,32.0,32.0,32.0,32.0,50.0,50.0,50.0,50.0,50.0,50.0,50.0,50.0,240.0,240.0,240.0,240.0,74.88108864446366,74.56503061499218,75.06577108717276,75.1361431003748,15.0,15.0,15.0,15.0,293.375,291.15,295.85,299.0,0.9112887026553346,0.9108898303040686,0.9119703732755428,0.9120949490841996,0.9153062080643561,0.9153062080643561,0.9153062080643561,0.9153062080643561,0.004017505409021553,0.0033358347888133412,0.00441637776028761,0.004568611804451894,10.438226370238699,9.350816929772893,11.464603724063723,11.60861748874516,0.04349260987599458,0.038961737207387055,0.047769182183598845,0.048369239536438166,0.9994797567353398,0.9799063321999102,1.0164953806733474,1.0201729106628241,0.0,0.0,0.0,0.0,0.0,0.0,0.0,0.0,0.0,0.0,-0.0,-0.0,0.0,0.0,0.0,0.0,1.0,1.0,1.0,1.0,0.09459110034925282,0.09459110034925282,0.09459110034925282,0.09459110034925282,0.0,0.0,0.0,0.0,0.9721549442745333,0.9704765255533393,0.973425131085,0.9738146550788593,0.027845055725466746,0.026574868915000025,0.029523474446660727,0.0300241400906234,0.0,0.0,0.0,0.0,0.03331610028626742,0.03279245252806353,0.03453106095299476,0.034690520755971774,0.9840080777708883,0.9831959120839399,0.984590470087512,0.9846187927268766,1.0433593406878778,0.9889651893045007,1.0819664826650444,1.0871620575890113,1.8185644791822,1.7366929154701534,1.940922494526097,2.0031645289610873,2.211059583383365,2.035162033095782,2.4165361419089253,2.4783719085105163,1.6909944677511473,1.6140269251880524,1.8001532141478531,1.8292281009370595,2.211059583383365,2.035162033095782,2.4165361419089253,2.4783719085105163,1.410661127752935,1.462104657144864,0.9971158276900934
base_stream,640,ercb_beta_0p0125,softmax,token,0.0125,24,12000.0,12000.0,12000.0,12000.0,32.0,32.0,32.0,32.0,32.0,32.0,32.0,32.0,50.0,50.0,50.0,50.0,50.0,50.0,50.0,50.0,240.0,240.0,240.0,240.0,74.20185515152507,74.04999526734963,74.33624952384521,74.34002959375252,15.0,15.0,15.0,15.0,290.7916666666667,288.0,296.85,297.0,0.9127511098822021,0.9124625561984209,0.9130769463543071,0.9133914605510034,0.9153062080643561,0.9153062080643561,0.9153062080643561,0.9153062080643561,0.0025550981821539968,0.0022292617100490076,0.0028436518659352484,0.002851775341712548,8.615261599139377,8.136574798842698,9.218994774337267,9.314504817756015,0.0358969233297474,0.03390239499517791,0.038412478226405276,0.038810436740650066,1.0004248169352834,0.9801536453654349,1.0174632171575158,1.0298833819241984,0.0,0.0,0.0,0.0,0.0,0.0,0.0,0.0,0.0,0.0,-0.0,-0.0,0.0,0.0,0.0,0.0,1.0,1.0,1.0,1.0,0.09459110034925282,0.09459110034925282,0.09459110034925282,0.09459110034925282,0.0,0.0,0.0,0.0,0.961844342610973,0.9608216337318324,0.9628163552363802,0.963668481652881,0.038155657389027015,0.03718364476361985,0.03917836626816764,0.03934400612900351,0.0,0.0,0.0,0.0,0.034589106016056304,0.0338999805273656,0.035321712726216474,0.03534823072171723,0.9836902137579931,0.9829085575902412,0.9842895742597991,0.984516918979768,1.05179398247329,1.0069207079335698,1.1017241573647605,1.1303271162951976,1.9309533558086127,1.8328559335558483,2.040781674970172,2.0557358571048336,2.40399187440951,2.204003255503168,2.573075282001242,2.61151431522618,1.7955797375638045,1.70380014938237,1.8835294446565676,1.8874315781879216,2.40399187440951,2.204003255503168,2.573075282001242,2.61151431522618,1.4645623851927243,1.495582216417686,0.9967937294822934
base_stream,640,ercb_beta_0p015,softmax,token,0.015,24,12000.0,12000.0,12000.0,12000.0,32.0,32.0,32.0,32.0,32.0,32.0,32.0,32.0,50.0,50.0,50.0,50.0,50.0,50.0,50.0,50.0,240.0,240.0,240.0,240.0,73.80035031472715,73.66814775496762,73.94384353668495,73.98837746565334,15.0,15.0,15.0,15.0,289.5833333333333,286.0,293.85,294.0,0.9136114236106475,0.9133043904786807,0.9138941034410015,0.9139300069242892,0.9153062080643561,0.9153062080643561,0.9153062080643561,0.9153062080643561,0.0016947844537086078,0.0014121046233546096,0.002001817585675414,0.002097210672709293,7.232278806005508,6.308037720482293,8.16782458703698,8.37615663654877,0.03013449502502295,0.026283490502009555,0.03403260244598742,0.03490065265228654,1.005103694146199,0.9896781291112825,1.0223705704950992,1.023982558139535,0.0,0.0,0.0,0.0,0.0,0.0,0.0,0.0,0.0,0.0,-0.0,-0.0,0.0,0.0,0.0,0.0,1.0,1.0,1.0,1.0,0.09459110034925282,0.09459110034925282,0.09459110034925282,0.09459110034925282,0.0,0.0,0.0,0.0,0.9512258140524197,0.9496293741799056,0.9528717976872068,0.9529584510572736,0.04877418594758034,0.04712820231279318,0.05037062582009443,0.05167893778292548,0.0,0.0,0.0,0.0,0.035387326050489006,0.03451406810189213,0.03626636695176566,0.03641877618731816,0.983466575376136,0.9828444180120438,0.9841149934031371,0.9842182896284207,1.0366102297175257,0.9932821376285661,1.085611910177614,1.0865480478001932,2.022605535655153,1.9128229764777416,2.1226484460977795,2.1473944538512875,2.51453142001042,2.3747909148625146,2.65958597559994,2.686584015657457,1.8579157284610328,1.7659994949838016,1.9443748562326868,1.9569894423125576,2.51453142001042,2.3747909148625146,2.65958597559994,2.686584015657457,1.498360397693964,1.5355805050438933,0.9965671120639344
base_stream,640,ercb_beta_0p02,softmax,token,0.02,24,12000.0,12000.0,12000.0,12000.0,32.0,32.0,32.0,32.0,32.0,32.0,32.0,32.0,50.0,50.0,50.0,50.0,50.0,50.0,50.0,50.0,240.0,240.0,240.0,240.0,73.41360709651887,73.34000259025784,73.47025248042252,73.5222415327498,15.0,15.0,15.0,15.0,287.5416666666667,285.15,290.7,292.0,0.9144372609957531,0.9143165107901742,0.9145941213298753,0.9145992911855493,0.9153062080643561,0.9153062080643561,0.9153062080643561,0.9153062080643561,0.0008689470686029469,0.0007120867344808269,0.0009896972741819832,0.0011005956037336562,5.681785012049232,5.186661441210096,6.35693779373287,6.723094525588644,0.02367410421687181,0.0216110893383754,0.026487240807220293,0.028012893856619352,1.0029022406770938,0.9882457386363636,1.0205903790087465,1.0217706821480406,0.0,0.0,0.0,0.0,0.0,0.0,0.0,0.0,0.0,0.0,-0.0,-0.0,0.0,0.0,0.0,0.0,1.0,1.0,1.0,1.0,0.09459110034925282,0.09459110034925282,0.09459110034925282,0.09459110034925282,0.0,0.0,0.0,0.0,0.93069628107424,0.9290660270674589,0.9326386322877285,0.9340695329608993,0.06930371892576,0.06736136771227146,0.0709339729325411,0.07208957092048726,0.0,0.0,0.0,0.0,0.0363234012546767,0.03566110178489075,0.037250398176601,0.037578811086293316,0.9830061005892694,0.9824475780431087,0.9836822376551979,0.9842470805977567,1.0479857925299285,1.000151454659252,1.0959519878649244,1.105647744288629,2.122227671216159,1.9906282567172928,2.2406421953910343,2.2596497217393723,2.66106572808636,2.477428882794093,2.8226243883432716,2.9366768970750003,1.9437597306108163,1.8493598076906395,2.049477690018935,2.0810824374377215,2.66106572808636,2.477428882794093,2.8226243883432716,2.9366768970750003,1.5379954357642889,1.5772460837113491,0.9961005033961712
base_stream,640,ercb_beta_inf,least_count,token,inf,24,12000.0,12000.0,12000.0,12000.0,32.0,32.0,32.0,32.0,32.0,32.0,32.0,32.0,50.0,50.0,50.0,50.0,50.0,50.0,50.0,50.0,240.0,240.0,240.0,240.0,73.00520529386928,73.00520529386928,73.00520529386928,73.00520529386928,15.0,15.0,15.0,15.0,277.0,277.0,277.0,277.0,0.9153062080643561,0.9153062080643561,0.9153062080643561,0.9153062080643561,0.9153062080643561,0.9153062080643561,0.9153062080643561,0.9153062080643561,0.0,0.0,0.0,0.0,0.0,0.0,0.0,0.0,0.0,0.0,0.0,0.0,0.9999399402141022,0.9992779783393502,1.000722543352601,1.000722543352601,0.0,0.0,0.0,0.0,0.0,0.0,0.0,0.0,0.0,0.0,-0.0,-0.0,0.0,0.0,0.0,0.0,1.0,1.0,1.0,1.0,0.09459110034925282,0.09459110034925282,0.09459110034925282,0.09459110034925282,0.0,0.0,0.0,0.0,0.5900101557981835,0.5900101557981835,0.5900101557981835,0.5900101557981835,0.40998984420181656,0.40998984420181656,0.40998984420181656,0.40998984420181656,0.0,0.0,0.0,0.0,0.03802493239671761,0.03771124775004211,0.03845190123000675,0.038605239446821024,0.9820050314109529,0.9812659205985242,0.9829001101617297,0.9829268255027322,1.0443777954427016,0.9963212297305571,1.1011855086343942,1.1108116488511826,2.2850191062775753,2.220245986999444,2.3422409732279625,2.3789821029602933,2.970388131795809,2.8668310817744365,3.089980411420438,3.122516760898868,2.099928344505362,2.042809767268682,2.158197365110084,2.162059692903956,2.970388131795809,2.8668310817744365,3.089980411420438,3.122516760898868,1.6100411979967775,1.628119794552428,0.9950860992008588
base_stream,768,ercb_beta_0,softmax,token,0.0,24,12000.0,12000.0,12000.0,12000.0,32.0,32.0,32.0,32.0,32.0,32.0,32.0,32.0,47.0,47.0,47.0,47.0,47.0,47.0,47.0,47.0,255.31914893617022,255.31914893617022,255.31914893617022,255.31914893617022,92.41008075173836,91.66750751156495,93.15354283684127,93.3244412543997,9.958333333333334,8.0,12.0,13.0,323.25,320.0,326.85,328.0,0.8841711159983499,0.8825217631223861,0.8858154540503527,0.8867916813028349,0.918613568182676,0.9186135681826759,0.9186135681826759,0.9186135681826759,0.03444245218432601,0.03279811413232325,0.03609180506028981,0.036472394940551434,27.311091448744435,25.86450656396096,28.929197295348356,29.005502045925187,0.10696844150758238,0.10130265070884707,0.11330602274011439,0.11360488301320698,1.0002260492026618,0.9748625780624499,1.0269711857335415,1.0299251870324189,0.0,0.0,0.0,0.0,0.0,0.0,0.0,0.0,0.0,0.0,-0.0,-0.0,0.0,0.0,0.0,0.0,1.0,1.0,1.0,1.0,0.11673095170843167,0.11673095170843167,0.11673095170843167,0.11673095170843167,0.0,0.0,0.0,0.0,1.0,1.0,1.0,1.0,0.0,0.0,0.0,0.0,0.0,0.0,0.0,0.0,0.0217625953539755,0.02116189181745158,0.022314607971096037,0.022405273817213404,0.9883321401171479,0.9878868985096338,0.9888572494391529,0.9889104817362904,0.9992952483458494,0.962825814649426,1.0319961265246056,1.061258419883895,0.9802419416330177,0.9060222621170771,1.0553137358467621,1.065644684558113,0.9593176692717741,0.8701230347378162,1.0618804444867695,1.0898547641165368,0.9796182864168804,0.9369541163281985,1.030635788694815,1.0344331078664617,1.022664456179679,0.9731212291989992,1.0649867448569803,1.0898547641165368,1.0,1.0253652015369434,1.0
base_stream,768,ercb_beta_0p001,softmax,token,0.001,24,12000.0,12000.0,12000.0,12000.0,32.0,32.0,32.0,32.0,32.0,32.0,32.0,32.0,47.0,47.0,47.0,47.0,47.0,47.0,47.0,47.0,255.31914893617022,255.31914893617022,255.31914893617022,255.31914893617022,89.36875594314722,88.66689450614797,90.05306874736327,90.27148329981085,11.791666666666666,9.15,14.0,14.0,323.125,318.15,327.0,331.0,0.8908518777608702,0.8893609753691376,0.8923771032855242,0.8924996117626689,0.918613568182676,0.9186135681826759,0.9186135681826759,0.9186135681826759,0.02776169042180578,0.026236464897151646,0.029252592813538307,0.029730221097370668,24.261332633387166,23.14283485074814,25.039747845408243,25.740935194371847,0.09502355281409973,0.09064276983209688,0.09807234572784895,0.10081866284462307,1.0027884389585284,0.9775694209197686,1.0254622300807075,1.025514403292181,0.0,0.0,0.0,0.0,0.0,0.0,0.0,0.0,0.0,0.0,-0.0,-0.0,0.0,0.0,0.0,0.0,1.0,1.0,1.0,1.0,0.11673095170843167,0.11673095170843167,0.11673095170843167,0.11673095170843167,0.0,0.0,0.0,0.0,0.9996038352251517,0.9994143801703622,0.9998198616428137,0.9998492350719456,0.0003961647748481852,0.00018013835718633126,0.0005856198296377759,0.0006629422167653347,0.0,0.0,0.0,0.0,0.022057556328560424,0.02129974861208354,0.022823547720260504,0.022871628528904998,0.9884965627394475,0.9880099578540606,0.989095043041425,0.9893826256025525,1.0053027948696276,0.9692722605964874,1.0335677685183837,1.042215508512494,1.016923696749392,0.9530079288678942,1.074167597529592,1.1224091589597955,1.0290736011658306,0.9077101084785958,1.1514438863060534,1.161645936459767,1.0171000309282834,0.9554301957151499,1.0792343074719382,1.0912746768760364,1.0604362166078927,1.00495310828337,1.1514438863060534,1.161645936459767,1.013553575287657,1.048751187486064,1.0001663637310025
base_stream,768,ercb_beta_0p002,softmax,token,0.002,24,12000.0,12000.0,12000.0,12000.0,32.0,32.0,32.0,32.0,32.0,32.0,32.0,32.0,47.0,47.0,47.0,47.0,47.0,47.0,47.0,47.0,255.31914893617022,255.31914893617022,255.31914893617022,255.31914893617022,86.34656062392206,85.77024285789099,86.96666090460563,87.038535457548,12.916666666666666,10.0,14.849999999999998,15.0,319.125,315.15,322.0,324.0,0.8973646313159115,0.896040011369297,0.8985926505173114,0.898931428973736,0.918613568182676,0.9186135681826759,0.9186135681826759,0.9186135681826759,0.02124893686676446,0.020020917665364547,0.02257355681337888,0.022727566291958268,20.35640651820962,19.32669844369147,21.54213818869563,21.591960678860243,0.07972925886298769,0.07569623557112493,0.08437337457239122,0.08456851265886928,1.0007038944775979,0.9791487238528838,1.0236423932038767,1.0274086378737541,0.0,0.0,0.0,0.0,0.0,0.0,0.0,0.0,0.0,0.0,-0.0,-0.0,0.0,0.0,0.0,0.0,1.0,1.0,1.0,1.0,0.11673095170843167,0.11673095170843167,0.11673095170843167,0.11673095170843167,0.0,0.0,0.0,0.0,0.9984116264112348,0.9981524703432325,0.998746312057576,0.9988997681587302,0.0015883735887652392,0.0012536879424240508,0.001847529656767509,0.001957057311017952,0.0,0.0,0.0,0.0,0.022630494297520874,0.02194872852467439,0.02348038938315565,0.023505233217312356,0.9883123989608492,0.9877128355826309,0.988737708552368,0.9888567886176649,1.0034133511690018,0.9697510738553531,1.041440521395124,1.0469292432226969,1.0923249835762228,1.0270252151164536,1.1615441055776166,1.1668171769042353,1.0894748251765163,0.9988967422451476,1.1778948302721928,1.2674920587173932,1.0617377199739135,1.0180170925164607,1.1157434728806084,1.1411051275057018,1.1113381895624983,1.0458939643514165,1.1778948302721928,1.2674920587173932,1.0398803051487528,1.0789333257931641,0.9999800257873873
base_stream,768,ercb_beta_0p003,softmax,token,0.003,24,12000.0,12000.0,12000.0,12000.0,32.0,32.0,32.0,32.0,32.0,32.0,32.0,32.0,47.0,47.0,47.0,47.0,47.0,47.0,47.0,47.0,255.31914893617022,255.31914893617022,255.31914893617022,255.31914893617022,83.84207418220727,83.08561644332252,84.67379577620437,84.78737019129997,13.625,12.0,15.0,15.0,315.875,312.0,320.85,323.0,0.9026596797500565,0.9009134296118476,0.9042430440973854,0.9056948393319368,0.918613568182676,0.9186135681826759,0.9186135681826759,0.9186135681826759,0.015953888432619422,0.014370524085290515,0.017700138570828326,0.017939616381391854,17.843280794152548,16.700841753804546,18.978075514848467,19.2508634788378,0.06988618311043081,0.06541163020240114,0.07433079576648982,0.07539921529211471,0.9956722441354318,0.9757771732170869,1.0161363636363636,1.0329113924050632,0.0,0.0,0.0,0.0,0.0,0.0,0.0,0.0,0.0,0.0,-0.0,-0.0,0.0,0.0,0.0,0.0,1.0,1.0,1.0,1.0,0.11673095170843167,0.11673095170843167,0.11673095170843167,0.11673095170843167,0.0,0.0,0.0,0.0,0.9965243044242896,0.995864547910931,0.9969260946267905,0.9971819417171186,0.0034756955757104823,0.0030739053732094417,0.004135452089068943,0.00425904622468262,0.0,0.0,0.0,0.0,0.023536399450716356,0.022610174334960247,0.02453235595150953,0.024560677026145658,0.988273205563123,0.9879413606366955,0.9887898276553128,0.9891339253895832,1.0085689223640297,0.9585657008736826,1.0541542400762076,1.0695026822199523,1.2111926633454044,1.1225852047067644,1.2994782420380586,1.321935728168552,1.1855310704589799,1.0311959027128739,1.3285179534552487,1.4669199634360748,1.135097552056138,1.0576302393065944,1.1972212534722761,1.26788173812211,1.2276138053449142,1.1225852047067644,1.3285179534552487,1.4669199634360748,1.0815070109005553,1.127271612254099,0.9999403696878482
base_stream,768,ercb_beta_0p004,softmax,token,0.004,24,12000.0,12000.0,12000.0,12000.0,32.0,32.0,32.0,32.0,32.0,32.0,32.0,32.0,47.0,47.0,47.0,47.0,47.0,47.0,47.0,47.0,255.31914893617022,255.31914893617022,255.31914893617022,255.31914893617022,82.17208315439787,81.76706724976228,82.61569690503575,82.74907118665692,14.458333333333334,13.15,15.0,15.0,313.9166666666667,311.0,316.85,317.0,0.9061399342767037,0.9052208287323388,0.9069777759550918,0.9076449001191624,0.918613568182676,0.9186135681826759,0.9186135681826759,0.9186135681826759,0.01247363390597219,0.011635792227584096,0.013392739450337093,0.01366989483054093,15.732093224870704,14.379894827391,16.7863802160473,16.906501330377097,0.0616173651307436,0.05632125474061475,0.06574665584618525,0.06621713021064363,1.0049719369236492,0.9851453796590817,1.027570388043828,1.0291666666666666,0.0,0.0,0.0,0.0,0.0,0.0,0.0,0.0,0.0,0.0,-0.0,-0.0,0.0,0.0,0.0,0.0,1.0,1.0,1.0,1.0,0.11673095170843167,0.11673095170843167,0.11673095170843167,0.11673095170843167,0.0,0.0,0.0,0.0,0.9942868550012346,0.993747454415841,0.9949464984195934,0.99519965691287,0.005713144998765254,0.005053501580406557,0.006252545584159082,0.006332876410467424,0.0,0.0,0.0,0.0,0.024232181120128694,0.02350184230888704,0.02520962813978442,0.02591101324836642,0.9881106920087713,0.9875209469769997,0.9884872157468614,0.9885500631586307,1.020930206216804,0.9845326463776164,1.0573553316661866,1.0704197392110402,1.2903070599626045,1.2083515393328155,1.3905263890138917,1.5054892658939316,1.2514816369513573,1.0740930776324578,1.3818837600079097,1.6681858473866824,1.1875729677102553,1.1070812454975931,1.2595095904091829,1.3997005992127693,1.3082305200452184,1.216130118168906,1.3926098115820582,1.6681858473866824,1.1134784581519162,1.1583925414107021,0.9997759375624977
base_stream,768,ercb_beta_0p005,softmax,token,0.005,24,12000.0,12000.0,12000.0,12000.0,32.0,32.0,32.0,32.0,32.0,32.0,32.0,32.0,47.0,47.0,47.0,47.0,47.0,47.0,47.0,47.0,255.31914893617022,255.31914893617022,255.31914893617022,255.31914893617022,80.74555933310069,80.13033020253268,81.1398070731612,81.2812575247677,14.666666666666666,14.0,15.0,15.0,311.3333333333333,307.15,315.7,317.0,0.9090767189555997,0.9082690898589797,0.9103338455381564,0.9105533128964701,0.918613568182676,0.9186135681826759,0.9186135681826759,0.9186135681826759,0.009536849227076316,0.008279722644519472,0.010344478323696232,0.010635127575872372,14.11297551692875,13.051924428500653,14.981902045231013,15.016303196929918,0.05527582077463761,0.05112003734496089,0.05867911634382147,0.05881385418797551,1.0031145623036353,0.9889273375498085,1.019225240124674,1.0243492863140218,0.0,0.0,0.0,0.0,0.0,0.0,0.0,0.0,0.0,0.0,-0.0,-0.0,0.0,0.0,0.0,0.0,1.0,1.0,1.0,1.0,0.11673095170843167,0.11673095170843167,0.11673095170843167,0.11673095170843167,0.0,0.0,0.0,0.0,0.9916129482807025,0.9906341208145276,0.9924325437717038,0.9924962673904837,0.008387051719297557,0.0075674562282962415,0.009365879185472367,0.010189339214016095,0.0,0.0,0.0,0.0,0.025274567308194346,0.024614656091535805,0.025718203647642494,0.02610498392196436,0.987851073432029,0.9873478121527557,0.9883603948552913,0.9886337080970116,1.0192601014865812,0.9933524370086532,1.0580834744493144,1.059306397564973,1.4221367811971983,1.3081009657184564,1.5078854633637937,1.5182387221299882,1.3667136435196554,1.1897905127135835,1.5200514346419143,1.5761968308758347,1.2693701754011448,1.167895475063335,1.3312733031389228,1.3620750168280438,1.4319540347451891,1.3081009657184564,1.5209699520398317,1.5761968308758347,1.1613765222895298,1.181761790325454,0.9995132540311177
base_stream,768,ercb_beta_0p006,softmax,token,0.006,24,12000.0,12000.0,12000.0,12000.0,32.0,32.0,32.0,32.0,32.0,32.0,32.0,32.0,47.0,47.0,47.0,47.0,47.0,47.0,47.0,47.0,255.31914893617022,255.31914893617022,255.31914893617022,255.31914893617022,79.42745086821675,78.99850612809644,79.72312585074157,79.74776896311795,14.916666666666666,14.15,15.0,15.0,311.1666666666667,308.0,315.85,316.0,0.9117614237963041,0.9111622440760198,0.9126293771513261,0.9127195570663261,0.918613568182676,0.9186135681826759,0.9186135681826759,0.9186135681826759,0.006852144386371902,0.005984191031349834,0.007451324106656193,0.007501370485906822,12.265818685267002,11.225611251018316,13.515734313990935,13.547395133147074,0.04804112318396242,0.04396697739982174,0.05293662606313116,0.05306063093815937,1.0013439023206687,0.9867897776227652,1.014965969085936,1.015126050420168,0.0,0.0,0.0,0.0,0.0,0.0,0.0,0.0,0.0,0.0,-0.0,-0.0,0.0,0.0,0.0,0.0,1.0,1.0,1.0,1.0,0.11673095170843167,0.11673095170843167,0.11673095170843167,0.11673095170843167,0.0,0.0,0.0,0.0,0.9882514500169695,0.9876330166826006,0.9892249237753923,0.9895285834198148,0.011748549983030607,0.010775076224607766,0.012366983317399391,0.013417314456726871,0.0,0.0,0.0,0.0,0.02613460070022297,0.025496030482238082,0.026869233561381496,0.027390893816065378,0.9876666301844113,0.9869671615572622,0.9882993128626933,0.9884645202327007,1.039883314224659,0.9940791966844553,1.0760319963726053,1.1136269935590355,1.5393770534400764,1.4464609017630283,1.623529646012845,1.653345712716341,1.4454622851160739,1.3233057593316526,1.606071027372555,1.6081910686060905,1.3415742175936032,1.2689734527402377,1.4111123269374177,1.4325476905455672,1.5406642296773712,1.4473916820260688,1.623529646012845,1.653345712716341,1.200895402185972,1.2346520773071827,0.9993266333191818
base_stream,768,ercb_beta_0p0075,softmax,token,0.0075,24,12000.0,12000.0,12000.0,12000.0,32.0,32.0,32.0,32.0,32.0,32.0,32.0,32.0,47.0,47.0,47.0,47.0,47.0,47.0,47.0,47.0,255.31914893617022,255.31914893617022,255.31914893617022,255.31914893617022,78.25099746238,77.94062289403405,78.46312474901725,78.60650895657128,14.958333333333334,15.0,15.0,15.0,307.625,305.0,310.85,311.0,0.9141334199630405,0.9137077608948141,0.9147555664310362,0.9148737312242021,0.918613568182676,0.9186135681826759,0.9186135681826759,0.9186135681826759,0.004480148219635193,0.0038580017516396947,0.0049058072878618575,0.0051941466758070876,10.526876168222111,9.154652248515363,11.514059587778533,11.658254312589913,0.041230264992203274,0.03585572130668517,0.045096733385465916,0.04566149605764382,0.9995962516435526,0.9804941289161203,1.0188957567950008,1.0247863247863247,0.0,0.0,0.0,0.0,0.0,0.0,0.0,0.0,0.0,0.0,-0.0,-0.0,0.0,0.0,0.0,0.0,1.0,1.0,1.0,1.0,0.11673095170843167,0.11673095170843167,0.11673095170843167,0.11673095170843167,0.0,0.0,0.0,0.0,0.9827350751444163,0.9818976233982527,0.9840607535228122,0.9841862982353906,0.017264924855583758,0.01593924647718782,0.018102376601747315,0.01810936516510834,0.0,0.0,0.0,0.0,0.027416560001399127,0.02682070548359629,0.028415816040027447,0.02851186074625333,0.9872906910987554,0.9867284793072408,0.9877034200328264,0.9877564352160295,1.0335977951834439,0.990082264451588,1.0844947604340396,1.113673247065579,1.6885114118393638,1.5829838232275477,1.7648406895875317,1.7854155754702867,1.5889489954765974,1.437904606067674,1.7350419669759516,1.771897234662985,1.437019400833135,1.3587028829301906,1.5090212614453116,1.535076840628193,1.6887529711477864,1.5829838232275477,1.7648406895875317,1.7854155754702867,1.259801947123498,1.305718163566211,0.9989462560447857
base_stream,768,ercb_beta_0p01,softmax,token,0.01,24,12000.0,12000.0,12000.0,12000.0,32.0,32.0,32.0,32.0,32.0,32.0,32.0,32.0,47.0,47.0,47.0,47.0,47.0,47.0,47.0,47.0,255.31914893617022,255.31914893617022,255.31914893617022,255.31914893617022,77.27559533480083,77.10367587585924,77.57984749826733,77.67803336439972,15.0,15.0,15.0,15.0,306.0416666666667,303.0,309.7,316.0,0.9160823102992653,0.9154763267795278,0.9164243060476461,0.9165558164543003,0.918613568182676,0.9186135681826759,0.9186135681826759,0.9186135681826759,0.002531257883410539,0.002189262135029796,0.0031372414031480716,0.0033331562017417937,8.49704412004029,7.706389226918089,9.648133737366816,9.854257099280666,0.03328008947015779,0.030183357805429183,0.0377885238046867,0.03859584030551594,0.9990536728181015,0.9778151153988099,1.0186853461603016,1.0254885301614274,0.0,0.0,0.0,0.0,0.0,0.0,0.0,0.0,0.0,0.0,-0.0,-0.0,0.0,0.0,0.0,0.0,1.0,1.0,1.0,1.0,0.11673095170843167,0.11673095170843167,0.11673095170843167,0.11673095170843167,0.0,0.0,0.0,0.0,0.9735539885540369,0.9720864644481069,0.9754670636675342,0.9758569418964002,0.026446011445963136,0.024532936332465734,0.02791353555189308,0.028878767048733153,0.0,0.0,0.0,0.0,0.02838731903312396,0.027551905685606108,0.02903583424383577,0.0292083218316474,0.9869238025151966,0.9864051396310434,0.9873632181760937,0.9876373313627668,1.0396520729032925,1.0003072732432792,1.0803563837772032,1.0821244405134256,1.8251107617813496,1.775738029022369,1.9071947422640945,1.926947267819452,1.6945430833546016,1.4674650494387997,1.8499782821074806,1.8887732579730685,1.5197686393464143,1.422906777806245,1.592924361182186,1.5998560882239035,1.8283747922894673,1.775738029022369,1.9071947422640945,1.926947267819452,1.304408714649849,1.3342082491338343,0.9985750361191489
base_stream,768,ercb_beta_0p0125,softmax,token,0.0125,24,12000.0,12000.0,12000.0,12000.0,32.0,32.0,32.0,32.0,32.0,32.0,32.0,32.0,47.0,47.0,47.0,47.0,47.0,47.0,47.0,47.0,255.31914893617022,255.31914893617022,255.31914893617022,255.31914893617022,76.78364396340747,76.62324121326394,76.93661462497508,77.03083283845716,15.0,15.0,15.0,15.0,305.0416666666667,302.0,309.0,309.0,0.9170591413879517,0.9167559654102846,0.9173767954880245,0.917442859428819,0.918613568182676,0.9186135681826759,0.9186135681826759,0.9186135681826759,0.0015544267947242378,0.0012367726946513724,0.0018576027723912869,0.002044590371206856,6.851026580698945,6.146360924051434,7.565934471094353,8.00531738177686,0.026833187441070865,0.024073246952534783,0.02963324334511955,0.0313541597452927,1.0040273561384705,0.9888655462184874,1.0260909343415316,1.0272804774083546,0.0,0.0,0.0,0.0,0.0,0.0,0.0,0.0,0.0,0.0,-0.0,-0.0,0.0,0.0,0.0,0.0,1.0,1.0,1.0,1.0,0.11673095170843167,0.11673095170843167,0.11673095170843167,0.11673095170843167,0.0,0.0,0.0,0.0,0.9638297662865969,0.9624345679101243,0.9653800716176513,0.965482573848733,0.03617023371340309,0.034619928382348786,0.037565432089875714,0.03762260691027005,0.0,0.0,0.0,0.0,0.029037442157932924,0.028262906996515586,0.029678874740644175,0.030353382803970437,0.9866903647019173,0.9859443731043345,0.9871674044566483,0.9880357104588491,1.0512637092194341,1.016078071556174,1.0904949558003907,1.0994805219340946,1.9053530478884724,1.8187121189827942,2.0124010044760583,2.0169682999236964,1.7548115148177577,1.6279883431340483,1.883244161655251,1.8942346999852313,1.5704760906418882,1.5089694455478844,1.6459014992386627,1.661356362298691,1.9053530478884724,1.8187121189827942,2.0124010044760583,2.0169682999236964,1.3342821334326047,1.3637562183144007,0.9983388424310111
base_stream,768,ercb_beta_0p015,softmax,token,0.015,24,12000.0,12000.0,12000.0,12000.0,32.0,32.0,32.0,32.0,32.0,32.0,32.0,32.0,47.0,47.0,47.0,47.0,47.0,47.0,47.0,47.0,255.31914893617022,255.31914893617022,255.31914893617022,255.31914893617022,76.51649732262591,76.38658851609078,76.62289705296911,76.62595149052886,15.0,15.0,15.0,15.0,303.5833333333333,301.0,306.85,308.0,0.9175878269409132,0.9173774802726171,0.9178445139242752,0.9179244249872798,0.918613568182676,0.9186135681826759,0.9186135681826759,0.9186135681826759,0.0010257412417626806,0.000769054258400692,0.0012360879100588584,0.001242130909324013,5.897302593505898,5.031538030148658,6.646119270985922,6.788601209599715,0.023097768491231435,0.01970685728474891,0.02603063381136153,0.026588688070932218,1.0060049042660868,0.9885084579464724,1.0213095327333577,1.025974025974026,0.0,0.0,0.0,0.0,0.0,0.0,0.0,0.0,0.0,0.0,-0.0,-0.0,0.0,0.0,0.0,0.0,1.0,1.0,1.0,1.0,0.11673095170843167,0.11673095170843167,0.11673095170843167,0.11673095170843167,0.0,0.0,0.0,0.0,0.9533991544460539,0.9518131553368332,0.9547845431094614,0.955861505584731,0.046600845553945856,0.0452154568905386,0.048186844663166827,0.048389899199671536,0.0,0.0,0.0,0.0,0.029527646018437426,0.028979457000775526,0.030061195051902405,0.030331762660918363,0.9865174609896944,0.9860239982711319,0.9871049340359965,0.9871554712744878,1.058328031374333,1.0120070142548852,1.089791356426352,1.0931187556403843,1.9959697672023424,1.929383960565,2.0719443344639457,2.110310572008462,1.8753856042579962,1.7362774908012275,2.0289367320285545,2.104636532192272,1.6432278009448906,1.5833886392436294,1.7126018095268223,1.741127172269674,1.9959697672023424,1.929383960565,2.0719443344639457,2.110310572008462,1.3568071977703449,1.3813239902202634,0.9981638974856789
base_stream,768,ercb_beta_0p02,softmax,token,0.02,24,12000.0,12000.0,12000.0,12000.0,32.0,32.0,32.0,32.0,32.0,32.0,32.0,32.0,47.0,47.0,47.0,47.0,47.0,47.0,47.0,47.0,255.31914893617022,255.31914893617022,255.31914893617022,255.31914893617022,76.27032557613875,76.20596569578598,76.32521580587884,76.35000770053291,15.0,15.0,15.0,15.0,301.875,299.0,305.85,306.0,0.918073924032655,0.9179656509143262,0.9182008387128651,0.9182187805455202,0.918613568182676,0.9186135681826759,0.9186135681826759,0.9186135681826759,0.0005396441500210014,0.0004127294698108741,0.0006479172683496681,0.000696843423779514,4.490699782674587,3.9372220571094414,5.296305053939848,5.465559479644505,0.017588574148808798,0.015420786390345312,0.020743861461264407,0.021406774628607645,0.9975538975095749,0.987703405336576,1.0068091126959835,1.0102476515798462,0.0,0.0,0.0,0.0,0.0,0.0,0.0,0.0,0.0,0.0,-0.0,-0.0,0.0,0.0,0.0,0.0,1.0,1.0,1.0,1.0,0.11673095170843167,0.11673095170843167,0.11673095170843167,0.11673095170843167,0.0,0.0,0.0,0.0,0.9341293306913915,0.9328259727879802,0.9355094956460135,0.9357527047832266,0.06587066930860848,0.06449050435398652,0.06717402721201989,0.06734234225039795,0.0,0.0,0.0,0.0,0.029942783960474822,0.02922161232040301,0.030535850264209248,0.030660073563921107,0.9862340357281759,0.9856362206522084,0.9868728843112907,0.9868888110524996,1.0661500932019434,1.038419650107083,1.097833159510781,1.1038189159381429,2.06993478795672,1.9761814054558873,2.1402851266484606,2.190334452623378,1.9454240506108906,1.7844925089184247,2.1250448902694066,2.153764529342632,1.6938363105898515,1.6193077388648898,1.7575903377780313,1.8087862649440696,2.0733423174992436,1.9761814054558873,2.1402851266484606,2.190334452623378,1.3758829529955396,1.403134587926393,0.9978771262171812
base_stream,768,ercb_beta_inf,least_count,token,inf,24,12000.0,12000.0,12000.0,12000.0,32.0,32.0,32.0,32.0,32.0,32.0,32.0,32.0,47.0,47.0,47.0,47.0,47.0,47.0,47.0,47.0,255.31914893617022,255.31914893617022,255.31914893617022,255.31914893617022,75.99639027905144,75.99639027905144,75.99639027905144,75.99639027905144,15.0,15.0,15.0,15.0,293.0,293.0,293.0,293.0,0.918613568182676,0.9186135681826759,0.9186135681826759,0.9186135681826759,0.918613568182676,0.9186135681826759,0.9186135681826759,0.9186135681826759,0.0,0.0,0.0,0.0,0.0,0.0,0.0,0.0,0.0,0.0,0.0,0.0,1.0001789157260277,0.9984200442313167,1.0017121090500016,1.0034246575342465,0.0,0.0,0.0,0.0,0.0,0.0,0.0,0.0,0.0,0.0,-0.0,-0.0,0.0,0.0,0.0,0.0,1.0,1.0,1.0,1.0,0.11673095170843167,0.11673095170843167,0.11673095170843167,0.11673095170843167,0.0,0.0,0.0,0.0,0.6236074844390146,0.6236074844390146,0.6236074844390146,0.6236074844390146,0.37639251556098535,0.3763925155609854,0.3763925155609854,0.3763925155609854,0.0,0.0,0.0,0.0,0.03107711292261366,0.030578407132723015,0.031578944040421185,0.03191059308166813,0.9857527574612251,0.98529619982139,0.986252337137437,0.9866487427482917,1.07039335878734,1.0238143022149981,1.1059281335603275,1.11165575386765,2.2116678550291895,2.162620927989316,2.277171800882524,2.280944407590452,2.072350929525952,1.9579095415016186,2.1886112814088623,2.1924622132225475,1.784804047780827,1.7298774964074715,1.8408552919018124,1.8503821112234007,2.2116678550291895,2.162620927989316,2.277171800882524,2.280944407590452,1.4280058245413556,1.4510651660236138,0.9973901661686152
base_stream,896,ercb_beta_0,softmax,token,0.0,24,12000.0,12000.0,12000.0,12000.0,32.0,32.0,32.0,32.0,32.0,32.0,32.0,32.0,45.0,45.0,45.0,45.0,45.0,45.0,45.0,45.0,266.6666666666667,266.6666666666667,266.6666666666667,266.6666666666667,92.62332198558549,91.35371067725491,93.42663894011321,93.85426054379323,7.958333333333333,6.15,10.0,10.0,330.625,326.0,334.85,336.0,0.8923421216700534,0.8906741367471541,0.8949673684950029,0.8956385202932097,0.9192702602856287,0.9192702602856287,0.9192702602856287,0.9192702602856287,0.02692813861557541,0.02430289179062578,0.028596123538474648,0.029488623821487536,23.2056303932502,21.835843885702456,24.16648611381933,24.31003450795119,0.08702111397468826,0.08188441457138419,0.09062432292682249,0.09116262940481695,1.0003664791697728,0.9816121442181842,1.0151237810496896,1.0322841000807101,0.0,0.0,0.0,0.0,0.0,0.0,0.0,0.0,0.0,0.0,-0.0,-0.0,0.0,0.0,0.0,0.0,1.0,1.0,1.0,1.0,0.05972588991616814,0.05972588991616814,0.05972588991616814,0.05972588991616814,0.0,0.0,0.0,0.0,1.0,1.0,1.0,1.0,0.0,0.0,0.0,0.0,0.0,0.0,0.0,0.0,0.020282895504144447,0.01973867067726099,0.020993828329651548,0.021045015804670605,0.9894296464157152,0.9890989832207664,0.9898702931364621,0.9899756200336323,0.9867116639265493,0.9482179797589726,1.0403417475261998,1.063546431247273,0.9906388546073154,0.9112738052770971,1.0768544232376747,1.1206402665384525,0.9911418983882815,0.8841027348242882,1.094094507222521,1.1360221436459237,0.989497472307382,0.9252893857845851,1.055964544621827,1.075655127308736,1.0322137674444012,0.9588645513825814,1.094094507222521,1.1360221436459237,1.0,1.0350508548132014,1.0
base_stream,896,ercb_beta_0p001,softmax,token,0.001,24,12000.0,12000.0,12000.0,12000.0,32.0,32.0,32.0,32.0,32.0,32.0,32.0,32.0,45.0,45.0,45.0,45.0,45.0,45.0,45.0,45.0,266.6666666666667,266.6666666666667,266.6666666666667,266.6666666666667,89.7742559893258,88.76610849711776,90.93147400447178,91.71307915934831,9.25,8.0,11.0,11.0,328.8333333333333,325.15,334.7,337.0,0.8981985147250121,0.8958355979845333,0.9002485257885803,0.9006108393017564,0.9192702602856287,0.9192702602856287,0.9192702602856287,0.9192702602856287,0.021071745560616792,0.019021734497048453,0.023434662301095505,0.025042833659783548,20.099708601806213,18.501168273833233,21.870367233553974,22.34775653666878,0.07537390725677329,0.06937938102687462,0.08201387712582739,0.08380408701250791,0.9985281996763321,0.9752440444149568,1.0229461639125899,1.0233494363929148,0.0,0.0,0.0,0.0,0.0,0.0,0.0,0.0,0.0,0.0,-0.0,-0.0,0.0,0.0,0.0,0.0,1.0,1.0,1.0,1.0,0.05972588991616814,0.05972588991616814,0.05972588991616814,0.05972588991616814,0.0,0.0,0.0,0.0,0.9996248159699519,0.9993835741203267,0.9998826733442707,1.0000784677639751,0.000375184030048179,0.00011732665572922397,0.0006164258796732471,0.0006620837854174404,0.0,0.0,0.0,0.0,0.020496607107625967,0.019826869479133136,0.02135821365345905,0.021729881374611536,0.9895102212934374,0.9890341866283815,0.9899858414107102,0.9901437823670028,1.0100884924932354,0.9826693400289069,1.046884694486864,1.0683710465284673,1.0190329768766995,0.9345948380597341,1.1374643753390503,1.163861568247002,1.0372133324119486,0.9285795632144481,1.158485311609777,1.2878237271977961,1.0221116005939612,0.9637943471463696,1.1032390421219616,1.1536212259840877,1.0693144425638408,1.0111365462727717,1.158485311609777,1.2878237271977961,1.010536543139901,1.0530160079508808,1.0000814356816718
base_stream,896,ercb_beta_0p002,softmax,token,0.002,24,12000.0,12000.0,12000.0,12000.0,32.0,32.0,32.0,32.0,32.0,32.0,32.0,32.0,45.0,45.0,45.0,45.0,45.0,45.0,45.0,45.0,266.6666666666667,266.6666666666667,266.6666666666667,266.6666666666667,87.29287613259673,86.72458307666002,87.97039902565017,88.17810259796804,9.958333333333334,8.0,11.0,11.0,326.0833333333333,321.15,330.0,331.0,0.9032128913801984,0.901854144510636,0.9043502895619779,0.905088463912143,0.9192702602856287,0.9192702602856287,0.9192702602856287,0.9192702602856287,0.016057368905430292,0.014919970723650849,0.01741611577499283,0.017834385616765536,17.328828361822314,16.13886661628654,18.49564134506622,18.83613548475377,0.06498310635683367,0.06052074981107451,0.06935865504399831,0.07063550806782663,1.0013548044675555,0.9847639821731216,1.0303386133664507,1.0382113821138212,0.0,0.0,0.0,0.0,0.0,0.0,0.0,0.0,0.0,0.0,-0.0,-0.0,0.0,0.0,0.0,0.0,1.0,1.0,1.0,1.0,0.05972588991616814,0.05972588991616814,0.05972588991616814,0.05972588991616814,0.0,0.0,0.0,0.0,0.9985372640428514,0.9982155975722663,0.9988463740768684,0.9990225160929581,0.0014627359571486118,0.001153625923131566,0.0017844024277337812,0.0018871194422180096,0.0,0.0,0.0,0.0,0.020860723724393154,0.020116421789394323,0.021665666878184362,0.021858144860195362,0.9895435647180418,0.9890394462655997,0.9900644073491327,0.9900951280060803,1.0013083476006368,0.9550114709542581,1.053261991500702,1.0638755100911355,1.0486420606735865,0.9740820411122469,1.1428943314784883,1.149639301130652,1.0459670918415251,0.9128490382179311,1.1722662736444907,1.1794618120707174,1.0319725000385829,0.9637088566456369,1.0920010049028201,1.1209010902286864,1.0685018448168966,0.9960111712447589,1.1722662736444907,1.1794618120707174,1.028488448315017,1.0681742591316594,1.000115135323405
base_stream,896,ercb_beta_0p003,softmax,token,0.003,24,12000.0,12000.0,12000.0,12000.0,32.0,32.0,32.0,32.0,32.0,32.0,32.0,32.0,45.0,45.0,45.0,45.0,45.0,45.0,45.0,45.0,266.6666666666667,266.6666666666667,266.6666666666667,266.6666666666667,85.22700282229111,84.39648403910303,86.26116516235116,86.59766483892943,10.291666666666666,9.15,11.0,11.0,322.9583333333333,320.0,326.85,328.0,0.9073197304560691,0.9052730122236997,0.908955388205184,0.9093079030223121,0.9192702602856287,0.9192702602856287,0.9192702602856287,0.9192702602856287,0.011950529829559686,0.01031487208044483,0.013997248061929044,0.014666903415646804,14.852733478352855,13.575850658244448,16.303924921218755,16.43302907088174,0.055697750543823206,0.05090943996841668,0.06113971845457033,0.061623859015806526,0.9993284240674276,0.9654190733609795,1.0214746783120918,1.0242718446601942,0.0,0.0,0.0,0.0,0.0,0.0,0.0,0.0,0.0,0.0,-0.0,-0.0,0.0,0.0,0.0,0.0,1.0,1.0,1.0,1.0,0.05972588991616814,0.05972588991616814,0.05972588991616814,0.05972588991616814,0.0,0.0,0.0,0.0,0.9967585613187445,0.9963576983122756,0.9973932274735536,0.9977727147504498,0.0032414386812555057,0.0026067725264464123,0.0036423016877244457,0.003901451094189196,0.0,0.0,0.0,0.0,0.021513613641425105,0.021059865635623145,0.02224591310118912,0.022366027431040207,0.9894935476640819,0.9890402444051749,0.9898491746523451,0.9903576004936228,1.004221283657232,0.9659122835542729,1.0449351911879823,1.078234603042887,1.0996198153826624,1.0541991963839048,1.172429096242996,1.2238328454322787,1.1109516879751664,0.9890473721251168,1.262119569025414,1.3905741632456394,1.071597595671687,1.0156887178107623,1.128089435506639,1.2200703410263853,1.133770329850692,1.057415222884842,1.262119569025414,1.3905741632456394,1.0606776353518748,1.0967819213308851,1.0000645839232716
base_stream,896,ercb_beta_0p004,softmax,token,0.004,24,12000.0,12000.0,12000.0,12000.0,32.0,32.0,32.0,32.0,32.0,32.0,32.0,32.0,45.0,45.0,45.0,45.0,45.0,45.0,45.0,45.0,266.6666666666667,266.6666666666667,266.6666666666667,266.6666666666667,83.56510256109338,83.2144885363946,84.02310079089665,84.0439038704044,10.625,9.15,11.0,11.0,323.1666666666667,320.0,327.85,329.0,0.9105801660092391,0.9096866795090731,0.9112631066694071,0.9113594692242452,0.9192702602856287,0.9192702602856287,0.9192702602856287,0.9192702602856287,0.008690094276389634,0.008007153616221646,0.009583580776555689,0.009624260397060436,13.376682363817539,12.339636646181283,14.628498490764201,14.769337606451188,0.05016255886431576,0.0462736374231798,0.05485686934036575,0.05538501602419195,0.9939413006120029,0.9700486486486486,1.019263573031117,1.0207296849087895,0.0,0.0,0.0,0.0,0.0,0.0,0.0,0.0,0.0,0.0,-0.0,-0.0,0.0,0.0,0.0,0.0,1.0,1.0,1.0,1.0,0.05972588991616814,0.05972588991616814,0.05972588991616814,0.05972588991616814,0.0,0.0,0.0,0.0,0.9945417622949461,0.9940111353577726,0.9952253666429749,0.9953828453661112,0.005458237705053843,0.0047746333570250305,0.0059888646422273685,0.006300713569036705,0.0,0.0,0.0,0.0,0.022118076797840197,0.021511352362462936,0.02282886229526166,0.022839175693214222,0.9894419109969484,0.9889520852911604,0.9898593503760271,0.9898912521162989,1.0009599543209657,0.946339983798678,1.0464018785623155,1.0548695915760156,1.159712481816601,1.0825060054918676,1.251215054299529,1.2843390230563438,1.1728275836259272,1.0819634164970307,1.3319213151257783,1.3679439440133898,1.111166673254498,1.0500361066963007,1.1987225520419904,1.2273052898813148,1.1853939747040096,1.0835726166498967,1.3319213151257783,1.3679439440133898,1.0904792559484795,1.125522847100257,1.000012395607184
base_stream,896,ercb_beta_0p005,softmax,token,0.005,24,12000.0,12000.0,12000.0,12000.0,32.0,32.0,32.0,32.0,32.0,32.0,32.0,32.0,45.0,45.0,45.0,45.0,45.0,45.0,45.0,45.0,266.6666666666667,266.6666666666667,266.6666666666667,266.6666666666667,82.22466096225678,81.76638796306665,82.77735898518083,82.79720875595854,10.958333333333334,11.0,11.0,11.0,321.9166666666667,319.0,326.0,327.0,0.9131786730543453,0.912111198018616,0.9140615342530828,0.9140705159699545,0.9192702602856287,0.9192702602856287,0.9192702602856287,0.9192702602856287,0.006091587231283391,0.005208726032545935,0.0071590622670127555,0.007197495120423891,11.592195597492045,10.444722251929292,12.872410007180708,12.98546195644276,0.04347073349059518,0.03916770844473484,0.04827153752692765,0.04869548233666035,0.9969189264084615,0.9796905179282868,1.0127490587588306,1.0155865463494669,0.0,0.0,0.0,0.0,0.0,0.0,0.0,0.0,0.0,0.0,-0.0,-0.0,0.0,0.0,0.0,0.0,1.0,1.0,1.0,1.0,0.05972588991616814,0.05972588991616814,0.05972588991616814,0.05972588991616814,0.0,0.0,0.0,0.0,0.9916501146256117,0.9906085924579984,0.9925021993410882,0.9925587619857723,0.008349885374388131,0.007497800658911822,0.009391407542001653,0.00948783258985411,0.0,0.0,0.0,0.0,0.022910781235342976,0.021931878580733522,0.0235131616723327,0.024276593917641094,0.9890396285564185,0.9885616158306404,0.9897455902536137,0.9898170777910086,0.9977618644650034,0.9530508425619892,1.0262338675022198,1.030445994936372,1.2404228733934586,1.1116190473736904,1.3453882266684487,1.418070510161761,1.2820062628204145,1.1396223287033702,1.4603715532257329,1.471793391390054,1.1733970002262921,1.0896788787857048,1.2598350177442401,1.3024442621629357,1.2926657696269883,1.1396223287033702,1.4603715532257329,1.471793391390054,1.1295616659200145,1.1592606029808814,0.9996058154708527
base_stream,896,ercb_beta_0p006,softmax,token,0.006,24,12000.0,12000.0,12000.0,12000.0,32.0,32.0,32.0,32.0,32.0,32.0,32.0,32.0,45.0,45.0,45.0,45.0,45.0,45.0,45.0,45.0,266.6666666666667,266.6666666666667,266.6666666666667,266.6666666666667,81.50229986171131,81.14792653142263,82.05947859493082,82.21759746753327,11.0,11.0,11.0,11.0,320.5,318.0,324.0,325.0,0.9145678487111701,0.9134975935083764,0.9152468831518654,0.9154496431176782,0.9192702602856287,0.9192702602856287,0.9192702602856287,0.9192702602856287,0.00470241157445866,0.004023377133763289,0.005772666777252342,0.006077246668779401,10.505021973175593,9.230242047930524,11.434289573864035,11.758684733704985,0.03939383239940847,0.034613407679739465,0.042878585901990125,0.04409506775139369,1.0021495115172783,0.9827052624064855,1.0154239397358467,1.0186839967506092,0.0,0.0,0.0,0.0,0.0,0.0,0.0,0.0,0.0,0.0,-0.0,-0.0,0.0,0.0,0.0,0.0,1.0,1.0,1.0,1.0,0.05972588991616814,0.05972588991616814,0.05972588991616814,0.05972588991616814,0.0,0.0,0.0,0.0,0.9888041140369804,0.9878914944311501,0.9896433169753209,0.9902862988049473,0.011195885963019426,0.010356683024679061,0.012108505568849966,0.012251476987631299,0.0,0.0,0.0,0.0,0.023360919008295886,0.022400118104684726,0.024001379898063092,0.02417089062263753,0.9890401901565822,0.9885254224643559,0.989425200124405,0.9897584953514253,1.001463460647577,0.9570796076232212,1.0415761588085606,1.061414326744827,1.2824515969992267,1.1679816692042724,1.3658838996073532,1.3841841793887621,1.3178839110853222,1.1579249669195846,1.464370312404169,1.5105708574033,1.200599656244042,1.1155252636202033,1.2882227197926215,1.2946439671083538,1.328779218695233,1.2202218518312757,1.464370312404169,1.5105708574033,1.151754639938982,1.1833310432999489,0.999606383070748
base_stream,896,ercb_beta_0p0075,softmax,token,0.0075,24,12000.0,12000.0,12000.0,12000.0,32.0,32.0,32.0,32.0,32.0,32.0,32.0,32.0,45.0,45.0,45.0,45.0,45.0,45.0,45.0,45.0,266.6666666666667,266.6666666666667,266.6666666666667,266.6666666666667,80.59197483689398,80.37301921866359,80.95550803714463,81.00864151434709,11.0,11.0,11.0,11.0,318.7083333333333,316.0,324.55,326.0,0.9163071185806194,0.9156144590474375,0.9167236754355795,0.916806670685336,0.9192702602856287,0.9192702602856287,0.9192702602856287,0.9192702602856287,0.0029631417050092804,0.0025465848500491996,0.0036558012381911805,0.0037572353962628258,8.7127042263413,7.737564604656358,9.586440708314768,9.854496999396321,0.032672640848779876,0.029015867267461342,0.03594915265618037,0.0369543637477362,1.0015965045776187,0.9790890683561342,1.0276910383346027,1.0287120590648071,0.0,0.0,0.0,0.0,0.0,0.0,0.0,0.0,0.0,0.0,-0.0,-0.0,0.0,0.0,0.0,0.0,1.0,1.0,1.0,1.0,0.05972588991616814,0.05972588991616814,0.05972588991616814,0.05972588991616814,0.0,0.0,0.0,0.0,0.9837298236085262,0.9829163731841521,0.984351786286962,0.9848166016288004,0.016270176391473736,0.015648213713038026,0.017083626815847824,0.01746370058015172,0.0,0.0,0.0,0.0,0.024118483699198463,0.02338550605386589,0.02474793027173335,0.025292905274978093,0.9888577568844137,0.9879353060552976,0.9893997738480877,0.98942128227156,1.0043168463135952,0.960897718114666,1.047823807377389,1.0605955287836135,1.36017726149073,1.247723615455022,1.4745805735938342,1.4827537272501612,1.406926006847289,1.2382093449161284,1.554579160690928,1.588276189520482,1.2571400382172047,1.178945571096131,1.336152791631221,1.3616644666000504,1.4160817080333734,1.2973548222625653,1.554579160690928,1.588276189520482,1.189104568145622,1.220137936749541,0.9994220008129197
base_stream,896,ercb_beta_0p01,softmax,token,0.01,24,12000.0,12000.0,12000.0,12000.0,32.0,32.0,32.0,32.0,32.0,32.0,32.0,32.0,45.0,45.0,45.0,45.0,45.0,45.0,45.0,45.0,266.6666666666667,266.6666666666667,266.6666666666667,266.6666666666667,79.94383322401899,79.79889984626192,80.13697742820665,80.24434905683736,11.0,11.0,11.0,11.0,316.9583333333333,314.15,320.85,321.0,0.9175374307986471,0.9171716357235059,0.9178117109783135,0.9179306859064938,0.9192702602856287,0.9192702602856287,0.9192702602856287,0.9192702602856287,0.0017328294869816314,0.001458549307315271,0.002098624562122858,0.0023022836728969764,7.298445004417597,6.608102504412889,8.383399297386736,8.594571930391103,0.027369168766565987,0.02478038439154833,0.03143774736520026,0.03222964473896663,1.0001299161147104,0.985254360892912,1.0186938407645478,1.0197693574958815,0.0,0.0,0.0,0.0,0.0,0.0,0.0,0.0,0.0,0.0,-0.0,-0.0,0.0,0.0,0.0,0.0,1.0,1.0,1.0,1.0,0.05972588991616814,0.05972588991616814,0.05972588991616814,0.05972588991616814,0.0,0.0,0.0,0.0,0.9751696864590036,0.9739196670694508,0.9764163886146676,0.9767672628899822,0.024830313540996508,0.02358361138533242,0.026080332930549198,0.02643399621352252,0.0,0.0,0.0,0.0,0.02480434493864071,0.024095744572560328,0.025428631356347434,0.02588058292480087,0.9887202078270239,0.9882802642820904,0.9891954371535348,0.9893628351514553,1.0032485190541929,0.9643786150031193,1.0311924072048966,1.0536099653908255,1.4262293301262103,1.3239804278082723,1.5221090103353814,1.6007747004292456,1.519433923150394,1.3661799631161846,1.6536868088752257,1.7070760081417178,1.3163039241102659,1.2509329138221055,1.3833565822988814,1.4214425008575036,1.5233852943582349,1.3896133307130365,1.6536868088752257,1.7070760081417178,1.2229193279417323,1.2536982873649154,0.9992829822804872
base_stream,896,ercb_beta_0p0125,softmax,token,0.0125,24,12000.0,12000.0,12000.0,12000.0,32.0,32.0,32.0,32.0,32.0,32.0,32.0,32.0,45.0,45.0,45.0,45.0,45.0,45.0,45.0,45.0,266.6666666666667,266.6666666666667,266.6666666666667,266.6666666666667,79.58834450872467,79.4512143005546,79.70329678670721,79.7292641102096,11.0,11.0,11.0,11.0,315.2083333333333,312.15,317.85,320.0,0.9182093793491815,0.9179923840769311,0.9184680771556322,0.9185045368383467,0.9192702602856287,0.9192702602856287,0.9192702602856287,0.9192702602856287,0.0010608809364472764,0.0008021831299965809,0.0012778762086976868,0.0013269352539453383,6.040077747248486,5.195821407410935,6.670765162794136,6.723094525588644,0.022650291552181828,0.019484330277791003,0.025015369360478008,0.025211604470957414,1.0033805553835238,0.9934522035341707,1.0129827790202142,1.0265120132560066,0.0,0.0,0.0,0.0,0.0,0.0,0.0,0.0,0.0,0.0,-0.0,-0.0,0.0,0.0,0.0,0.0,1.0,1.0,1.0,1.0,0.05972588991616814,0.05972588991616814,0.05972588991616814,0.05972588991616814,0.0,0.0,0.0,0.0,0.9655249197479178,0.9641211402074541,0.9666454141111186,0.9671882000494055,0.03447508025208213,0.03335458588888134,0.03587885979254589,0.036219962352112965,0.0,0.0,0.0,0.0,0.025272225591157525,0.024617858663486158,0.025835928525082624,0.025937607489000224,0.988600905460531,0.9881159439702604,0.9892132075386966,0.9893258236268082,1.0101298822812868,0.9725597477755735,1.0562491386922703,1.0626033757388258,1.4922140901203864,1.4014897417730825,1.5670440253454745,1.5726410705281502,1.5542084723599803,1.4141693933906283,1.6969668436043193,1.7005835637422284,1.3521841482538843,1.287536767649563,1.4125206112409394,1.4170343590884473,1.5566450340680449,1.4340927455122852,1.6969668436043193,1.7005835637422284,1.2459870725061715,1.2737791071202587,0.9991624053734529
base_stream,896,ercb_beta_0p015,softmax,token,0.015,24,12000.0,12000.0,12000.0,12000.0,32.0,32.0,32.0,32.0,32.0,32.0,32.0,32.0,45.0,45.0,45.0,45.0,45.0,45.0,45.0,45.0,266.6666666666667,266.6666666666667,266.6666666666667,266.6666666666667,79.41363052597042,79.33837496302334,79.5065053306393,79.51184398146815,11.0,11.0,11.0,11.0,314.6666666666667,312.0,318.85,321.0,0.9185388891862768,0.9183638271458135,0.9186806828106284,0.9187107502364245,0.9192702602856287,0.9192702602856287,0.9192702602856287,0.9192702602856287,0.0007313710993521091,0.000589577475000308,0.0009064331398151936,0.000916501234104472,5.323729036327537,4.88169467460383,6.121662049500799,6.1895970071654185,0.019963983886228262,0.01830635502976436,0.022956232685627992,0.023210988776870316,0.998176620513504,0.9824614734155311,1.014135423508438,1.0206611570247934,0.0,0.0,0.0,0.0,0.0,0.0,0.0,0.0,0.0,0.0,-0.0,-0.0,0.0,0.0,0.0,0.0,1.0,1.0,1.0,1.0,0.05972588991616814,0.05972588991616814,0.05972588991616814,0.05972588991616814,0.0,0.0,0.0,0.0,0.9559143198665624,0.954388003390364,0.9572528141519866,0.957836280930157,0.044085680133437666,0.04274718584801341,0.04561199660963603,0.045718277873442875,0.0,0.0,0.0,0.0,0.025382461145762907,0.02492249329545728,0.026077256727662382,0.026413634996312392,0.9884325634055444,0.9878772545635617,0.9890177558646505,0.9894754223351657,0.9916506028003355,0.9580190914886754,1.0344780162078708,1.0708714176754923,1.491476537847112,1.4243459424831824,1.5911626779512478,1.6437027437135001,1.5508821642681363,1.3496738696680846,1.745275518291928,1.7691082379950802,1.3446697683051945,1.261442931125127,1.4430225777582766,1.4553409896519198,1.5619639134512082,1.446164446039311,1.745275518291928,1.7691082379950802,1.2514219747657063,1.2856772211015908,0.9989922648732199
base_stream,896,ercb_beta_0p02,softmax,token,0.02,24,12000.0,12000.0,12000.0,12000.0,32.0,32.0,32.0,32.0,32.0,32.0,32.0,32.0,45.0,45.0,45.0,45.0,45.0,45.0,45.0,45.0,266.6666666666667,266.6666666666667,266.6666666666667,266.6666666666667,79.23738788117926,79.19410750868232,79.28944157913034,79.32520966810544,11.0,11.0,11.0,11.0,313.25,311.0,316.0,318.0,0.9188707745733055,0.9187728170063499,0.9189522061097383,0.9189561118047953,0.9192702602856287,0.9192702602856287,0.9192702602856287,0.9192702602856287,0.00039948571232337654,0.0003180541758904698,0.0004974432792788086,0.0005647852029309064,4.180972300520146,3.7010115148469733,4.912132631247157,4.953113498935123,0.015678646126950548,0.01387879318067615,0.018420497367176842,0.01857417562100671,0.999836152880523,0.9838155003828415,1.0146127521626094,1.0189612530915086,0.0,0.0,0.0,0.0,0.0,0.0,0.0,0.0,0.0,0.0,-0.0,-0.0,0.0,0.0,0.0,0.0,1.0,1.0,1.0,1.0,0.05972588991616814,0.05972588991616814,0.05972588991616814,0.05972588991616814,0.0,0.0,0.0,0.0,0.9385194450430498,0.9377420629404583,0.9393647814365323,0.9401822221197093,0.06148055495695018,0.06063521856346769,0.06225793705954175,0.06327791783701585,0.0,0.0,0.0,0.0,0.025799657382584024,0.02521802082878897,0.02669552877561465,0.027208692812188896,0.9883282024490914,0.9879069132937239,0.9887486035157765,0.9888260764699979,1.009611219566119,0.9700646051222788,1.0488041838986895,1.085860519921292,1.5427633714586821,1.4491863032064478,1.6633012869764194,1.7781523020074261,1.6161181260846282,1.4599740866361757,1.8043220968838838,1.9165711305213076,1.3894975723698098,1.3207035321416905,1.5019182464648924,1.5761880483452595,1.6178267785085592,1.4847671804759128,1.8043220968838838,1.9165711305213076,1.271990844567154,1.3161596563054765,0.9988867889994868
base_stream,896,ercb_beta_inf,least_count,token,inf,24,12000.0,12000.0,12000.0,12000.0,32.0,32.0,32.0,32.0,32.0,32.0,32.0,32.0,45.0,45.0,45.0,45.0,45.0,45.0,45.0,45.0,266.6666666666667,266.6666666666667,266.6666666666667,266.6666666666667,79.02489059361824,79.02489059361824,79.02489059361824,79.02489059361824,11.0,11.0,11.0,11.0,305.0,305.0,305.0,305.0,0.9192702602856287,0.9192702602856287,0.9192702602856287,0.9192702602856287,0.9192702602856287,0.9192702602856287,0.9192702602856287,0.9192702602856287,0.0,0.0,0.0,0.0,0.0,0.0,0.0,0.0,0.0,0.0,0.0,0.0,1.0000002533078292,0.9991783073130649,1.0008223684210527,1.0008223684210527,0.0,0.0,0.0,0.0,0.0,0.0,0.0,0.0,0.0,0.0,-0.0,-0.0,0.0,0.0,0.0,0.0,1.0,1.0,1.0,1.0,0.05972588991616814,0.05972588991616814,0.05972588991616814,0.05972588991616814,0.0,0.0,0.0,0.0,0.6494612900635299,0.6494612900635299,0.6494612900635299,0.6494612900635299,0.35053870993647,0.35053870993647,0.35053870993647,0.35053870993647,0.0,0.0,0.0,0.0,0.026421997862989512,0.02604879204781493,0.026809859066507014,0.026905229994638194,0.9880219887513579,0.9874725197294563,0.9885890933249197,0.9886286247151753,1.0219060770066135,0.982771472145885,1.0535757690782124,1.0619498365228268,1.6262060342119409,1.5655592413285428,1.705619782227117,1.7115005824875693,1.7078438889118726,1.6143785287782193,1.789096162922025,1.8468124584000891,1.4519853333768094,1.4039186765077103,1.4917290395909444,1.5297674594343407,1.7078438889118726,1.6143785287782193,1.789096162922025,1.8468124584000891,1.302673864172433,1.3217964398144681,0.9985773039351948
base_stream,1024,ercb_beta_0,softmax,token,0.0,24,12000.0,12000.0,12000.0,12000.0,32.0,32.0,32.0,32.0,32.0,32.0,32.0,32.0,43.0,43.0,43.0,43.0,43.0,43.0,43.0,43.0,279.06976744186045,279.06976744186045,279.06976744186045,279.06976744186045,88.22328083943353,87.44366303448378,88.8432154172528,88.86556225985333,16.958333333333332,14.0,20.849999999999998,22.0,337.3333333333333,334.0,342.85,344.0,0.909138810204278,0.9079767178758461,0.9105959981109648,0.9111545014695973,0.9310151280777469,0.9310151280777469,0.9310151280777469,0.9310151280777469,0.02187631787346875,0.02041912996678204,0.023038410201900755,0.023080437131527853,20.62376643000788,19.419103870108774,21.9845528855972,22.94685467629243,0.07390182970752825,0.06958512220122312,0.07877798117338998,0.08222622925671454,1.0036268209157506,0.9768493424572994,1.0261786475937245,1.0329153605015673,0.0,0.0,0.0,0.0,0.0,0.0,0.0,0.0,0.0,0.0,-0.0,-0.0,0.0,0.0,0.0,0.0,1.0,1.0,1.0,1.0,0.15525844990643317,0.15525844990643317,0.15525844990643317,0.15525844990643317,0.0,0.0,0.0,0.0,1.0,1.0,1.0,1.0,0.0,0.0,0.0,0.0,0.0,0.0,0.0,0.0,0.019170466722717713,0.018461579564469414,0.0197801017192393,0.020525662302817382,0.9904608230606314,0.9900002428676734,0.9909411766270441,0.9913189260697596,1.005239638358298,0.9579500513472535,1.0702095509659342,1.0737729559003852,0.9874890120382579,0.8918997517418901,1.0830662359945802,1.1950791864269206,0.9928430092892405,0.8676967349770691,1.0771120994051182,1.22151442471182,0.9951905532285988,0.9201418901558448,1.055633290301279,1.1447060766590582,1.0338810883773422,0.9725667955615391,1.0830662359945802,1.22151442471182,1.0,1.03180073836174,1.0
base_stream,1024,ercb_beta_0p001,softmax,token,0.001,24,12000.0,12000.0,12000.0,12000.0,32.0,32.0,32.0,32.0,32.0,32.0,32.0,32.0,43.0,43.0,43.0,43.0,43.0,43.0,43.0,43.0,279.06976744186045,279.06976744186045,279.06976744186045,279.06976744186045,85.36125246347444,84.32299909673021,86.10925574726575,86.24799164465578,19.083333333333332,15.15,21.849999999999998,22.0,334.4166666666667,333.0,337.0,338.0,0.914441265326702,0.9130684457966308,0.9163389558975316,0.9167527278900538,0.9310151280777469,0.9310151280777469,0.9310151280777469,0.9310151280777469,0.016573862751044777,0.014676172180215285,0.017946682281116094,0.018202583122521432,17.47274336213144,16.239598426087667,18.904034267372616,19.202712986620188,0.06261066371430433,0.058191894360147475,0.06773945612475188,0.06880972153538902,1.0029246843708635,0.9830048926298346,1.0312308284696954,1.0354889589905363,0.0,0.0,0.0,0.0,0.0,0.0,0.0,0.0,0.0,0.0,-0.0,-0.0,0.0,0.0,0.0,0.0,1.0,1.0,1.0,1.0,0.15525844990643317,0.15525844990643317,0.15525844990643317,0.15525844990643317,0.0,0.0,0.0,0.0,0.9996134647336463,0.9993909250187458,0.9998665390875213,0.9999403092023434,0.00038653526635371174,0.00013346091247865466,0.0006090749812542774,0.0006182009916844316,0.0,0.0,0.0,0.0,0.01935525988626318,0.01875706577322147,0.019895005042919432,0.02000222377992306,0.9905864158166092,0.9901894383482684,0.9909762124074104,0.9909925349176062,0.9980087323887421,0.9668957601394111,1.0391332802440834,1.0418008408834962,1.0205591412852082,0.9464324563663352,1.0704274923951085,1.072144106758396,1.0456335347390429,0.9671662813368317,1.174656262724667,1.197313295118344,1.0214004694709977,0.9859776865043249,1.0800092451837895,1.0969224791092305,1.0590869220486827,1.0017788103468654,1.174656262724667,1.197313295118344,1.0096394712877013,1.0377945060327152,1.0001268023459926
base_stream,1024,ercb_beta_0p002,softmax,token,0.002,24,12000.0,12000.0,12000.0,12000.0,32.0,32.0,32.0,32.0,32.0,32.0,32.0,32.0,43.0,43.0,43.0,43.0,43.0,43.0,43.0,43.0,279.06976744186045,279.06976744186045,279.06976744186045,279.06976744186045,83.01056975255078,82.35983028225469,83.77197304336593,83.79637427601735,20.666666666666668,18.15,23.0,23.0,331.7916666666667,329.0,335.85,337.0,0.9187111747581365,0.9173388024929543,0.9198807567007683,0.9204669155362044,0.9310151280777469,0.9310151280777469,0.9310151280777469,0.9310151280777469,0.012303953319610525,0.011134371376978536,0.01367632558479262,0.013720501044391376,15.165716284347722,14.008795161316742,16.32329750801283,16.870229730587273,0.05434381668557934,0.050198182661384996,0.0584918160703793,0.060451656534604395,0.9997094465013925,0.9791977193139983,1.0237200030091025,1.0261697065820776,0.0,0.0,0.0,0.0,0.0,0.0,0.0,0.0,0.0,0.0,-0.0,-0.0,0.0,0.0,0.0,0.0,1.0,1.0,1.0,1.0,0.15525844990643317,0.15525844990643317,0.15525844990643317,0.15525844990643317,0.0,0.0,0.0,0.0,0.9985920329001287,0.9981916042417056,0.9989434744757617,0.9990319427114649,0.0014079670998713469,0.0010565255242382364,0.0018083957582943917,0.001976593976029172,0.0,0.0,0.0,0.0,0.019529372939843997,0.019116775169111422,0.0200457056174346,0.020572373613299295,0.9906529825146614,0.9903659291867545,0.9909320976212571,0.9911377677871543,0.97982234771055,0.9383161082750116,1.0198139324055675,1.027718728796823,1.0357547272293404,0.9457090381257724,1.1304803401771422,1.1632856692527636,1.0510960709506618,0.9351673567845494,1.1478026413616813,1.1576987335544147,1.0222243819635175,0.9522927938504415,1.0775799874439798,1.1002147178818895,1.064637483582733,0.9719350279387877,1.156340679485542,1.1632856692527636,1.0187218299020842,1.045655586135506,1.0001940101511901
base_stream,1024,ercb_beta_0p003,softmax,token,0.003,24,12000.0,12000.0,12000.0,12000.0,32.0,32.0,32.0,32.0,32.0,32.0,32.0,32.0,43.0,43.0,43.0,43.0,43.0,43.0,43.0,43.0,279.06976744186045,279.06976744186045,279.06976744186045,279.06976744186045,81.0216199022697,80.41706867779148,81.70201961854595,81.83715973748969,21.791666666666668,19.15,23.0,23.0,331.6666666666667,328.0,334.85,343.0,0.9222610456458248,0.921054837579701,0.9233295983543973,0.9236112914148585,0.9310151280777469,0.9310151280777469,0.9310151280777469,0.9310151280777469,0.008754082431922036,0.007685529723349527,0.009960290498045948,0.01020096414497107,12.92842108854313,12.274665161423771,13.960742097708263,14.17826702435645,0.04632684223394621,0.04398421682843518,0.05002599251678794,0.05080545683727728,1.000013909526045,0.9769975309986747,1.024491108078817,1.0278884462151394,0.0,0.0,0.0,0.0,0.0,0.0,0.0,0.0,0.0,0.0,-0.0,-0.0,0.0,0.0,0.0,0.0,1.0,1.0,1.0,1.0,0.15525844990643317,0.15525844990643317,0.15525844990643317,0.15525844990643317,0.0,0.0,0.0,0.0,0.9968628557617976,0.9964247089804537,0.9974698909000748,0.9974910856113831,0.0031371442382024453,0.0025301090999251623,0.0035752910195464066,0.003687665553988045,0.0,0.0,0.0,0.0,0.01989807440549121,0.019208114332198847,0.020353234570604305,0.020438406118305198,0.9906127995947207,0.990263311920811,0.9908937034548229,0.9909018872173951,0.9768961913342017,0.9397733191529716,1.0163345567891404,1.0267722596376287,1.083737178564368,1.002223161267265,1.183905099738495,1.2147998203931123,1.0753515683260384,0.9813257756998004,1.171382511704661,1.2297728378193158,1.045328312741536,0.9874938622031649,1.1078017281683756,1.1571149726166856,1.0967682597026032,1.0082383298822664,1.1852781839566853,1.2297728378193158,1.0379546149448335,1.061697394486748,1.0001534402275696
base_stream,1024,ercb_beta_0p004,softmax,token,0.004,24,12000.0,12000.0,12000.0,12000.0,32.0,32.0,32.0,32.0,32.0,32.0,32.0,32.0,43.0,43.0,43.0,43.0,43.0,43.0,43.0,43.0,279.06976744186045,279.06976744186045,279.06976744186045,279.06976744186045,79.66855841767426,79.29064698139207,80.19305723094115,80.22827760741778,22.416666666666668,21.15,23.0,23.0,330.2083333333333,326.15,334.0,335.0,0.9246424816486062,0.9237236208692557,0.9253031344090235,0.9254142346909109,0.9310151280777469,0.9310151280777469,0.9310151280777469,0.9310151280777469,0.006372646429140839,0.005711993668723431,0.0072915072084910985,0.007353396864978379,11.543148504474049,10.64017165324738,12.835589225863796,12.855186266775304,0.04136294880769868,0.03812728175746978,0.04599419472601194,0.04606441745594484,1.001852273919644,0.9802511482975342,1.0201305284581732,1.0449077786688052,0.0,0.0,0.0,0.0,0.0,0.0,0.0,0.0,0.0,0.0,-0.0,-0.0,0.0,0.0,0.0,0.0,1.0,1.0,1.0,1.0,0.15525844990643317,0.15525844990643317,0.15525844990643317,0.15525844990643317,0.0,0.0,0.0,0.0,0.9948094274094963,0.9940569785872654,0.9954645306864656,0.9955131242531724,0.005190572590503658,0.004535469313534433,0.005943021412734641,0.006037371893495758,0.0,0.0,0.0,0.0,0.020592701068730148,0.02002926692143937,0.021322725575599017,0.021733338313151794,0.9904606751682539,0.9901297780884105,0.9909217689225944,0.9909875672611439,0.974552375465966,0.9378678559288295,1.0193556306183322,1.0258851570086143,1.1508846546854208,1.0662033543981644,1.2491378751954512,1.330887968982575,1.1362711730869761,1.0153920779690297,1.2370689585814225,1.3771937608030222,1.087236067746121,1.011963305588365,1.1484843961762894,1.2338856294944243,1.1657811595153753,1.0662033543981644,1.2513300948652797,1.3771937608030222,1.0741888221389537,1.1122695072588293,0.9999998506832637
base_stream,1024,ercb_beta_0p005,softmax,token,0.005,24,12000.0,12000.0,12000.0,12000.0,32.0,32.0,32.0,32.0,32.0,32.0,32.0,32.0,43.0,43.0,43.0,43.0,43.0,43.0,43.0,43.0,279.06976744186045,279.06976744186045,279.06976744186045,279.06976744186045,78.59265312025508,78.24488826944774,78.92517537968617,79.08735098606115,22.833333333333332,22.0,23.0,23.0,328.1666666666667,325.15,331.85,333.0,0.9265156680299702,0.9259392613521303,0.9271178286443766,0.9278711261235505,0.9310151280777469,0.9310151280777469,0.9310151280777469,0.9310151280777469,0.004499460047776668,0.0038972994333702437,0.0050758667256165175,0.005357887974433817,10.246155540141393,9.224461522774076,11.150529736986858,11.364980892974454,0.036715390685506666,0.03305432045660711,0.03995606489086958,0.0407245148664918,0.9976881911002803,0.9792534110915493,1.01095105761738,1.0150913423351866,0.0,0.0,0.0,0.0,0.0,0.0,0.0,0.0,0.0,0.0,-0.0,-0.0,0.0,0.0,0.0,0.0,1.0,1.0,1.0,1.0,0.15525844990643317,0.15525844990643317,0.15525844990643317,0.15525844990643317,0.0,0.0,0.0,0.0,0.9922484755062303,0.9915745113907636,0.9929951431942775,0.99306120509845,0.007751524493769809,0.007004856805722523,0.008425488609236394,0.009072588654409613,0.0,0.0,0.0,0.0,0.020967714612469684,0.02024627268554837,0.021758070343050752,0.02180742834664178,0.9903644884497499,0.989884688066168,0.9908220623616297,0.990831122502875,0.9670365615717963,0.9360257373985144,1.0056807268957537,1.0077971025379309,1.2100867467791256,1.0914697455348297,1.304612179553003,1.3092313965802411,1.1853052652089362,1.0097846097152743,1.2961156053694791,1.3319197264969223,1.1208095245199525,1.0270356470289197,1.1900359499578492,1.203543511603078,1.2196240070722728,1.1051313887315277,1.3088141970780973,1.3319197264969223,1.0937508677147734,1.134978644900003,0.9999027375857392
base_stream,1024,ercb_beta_0p006,softmax,token,0.006,24,12000.0,12000.0,12000.0,12000.0,32.0,32.0,32.0,32.0,32.0,32.0,32.0,32.0,43.0,43.0,43.0,43.0,43.0,43.0,43.0,43.0,279.06976744186045,279.06976744186045,279.06976744186045,279.06976744186045,77.84619326541441,77.60100516995152,78.1452122773045,78.53673273263925,22.958333333333332,23.0,23.0,23.0,327.25,324.15,330.85,331.0,0.9278047927896713,0.9272899066542889,0.9282266605151064,0.9284988444638443,0.9310151280777469,0.9310151280777469,0.9310151280777469,0.9310151280777469,0.0032103352880754935,0.00278846756264054,0.003725221423457986,0.004402023680997291,9.179472334019653,8.435816409246456,10.296259704622393,10.407957599613328,0.03289310919690376,0.030228342133133135,0.03689493060823024,0.03729518139861442,0.9992366258728541,0.980624771674891,1.020490657740459,1.0296712109061747,0.0,0.0,0.0,0.0,0.0,0.0,0.0,0.0,0.0,0.0,-0.0,-0.0,0.0,0.0,0.0,0.0,1.0,1.0,1.0,1.0,0.15525844990643317,0.15525844990643317,0.15525844990643317,0.15525844990643317,0.0,0.0,0.0,0.0,0.9892559696145913,0.9885124402379704,0.9902224861827582,0.9906322042535455,0.010744030385408799,0.00977751381724184,0.011487559762029668,0.011666244990754693,0.0,0.0,0.0,0.0,0.02125383662434364,0.020665784638191624,0.021883535137206717,0.022086178506501603,0.9902783860490366,0.9898185770414666,0.9907561248943082,0.9907802407740449,0.9581232886108331,0.9148701808067355,1.0069660223340837,1.0150155994561856,1.2429543626178785,1.1280372194193922,1.3167943964136586,1.343402934236809,1.218814158221866,1.0756555950827966,1.3403833823173568,1.3532025444423854,1.139963936483526,1.063170780865458,1.2038578236714508,1.2120283053896086,1.2546270576078966,1.1280372194193922,1.343453029028771,1.3532025444423854,1.1086760135660683,1.1415233365849105,0.9998158059285666
base_stream,1024,ercb_beta_0p0075,softmax,token,0.0075,24,12000.0,12000.0,12000.0,12000.0,32.0,32.0,32.0,32.0,32.0,32.0,32.0,32.0,43.0,43.0,43.0,43.0,43.0,43.0,43.0,43.0,279.06976744186045,279.06976744186045,279.06976744186045,279.06976744186045,77.25617156648774,76.95274464757655,77.49785468673296,77.57408922153432,23.0,23.0,23.0,23.0,325.9166666666667,324.0,329.85,331.0,0.9288176111305028,0.9284036831301775,0.9293364211128187,0.929377014965203,0.9310151280777469,0.9310151280777469,0.9310151280777469,0.9310151280777469,0.0021975169472441963,0.0016787069649282227,0.0026114449475694132,0.0027422571102544424,7.96165918591403,7.107558949679827,8.836100526445799,8.850174088420456,0.028529278749525277,0.025468752903019382,0.03166269355309745,0.031713123816839967,1.0028789056607188,0.9849556555373934,1.020301650053759,1.0321027287319422,0.0,0.0,0.0,0.0,0.0,0.0,0.0,0.0,0.0,0.0,-0.0,-0.0,0.0,0.0,0.0,0.0,1.0,1.0,1.0,1.0,0.15525844990643317,0.15525844990643317,0.15525844990643317,0.15525844990643317,0.0,0.0,0.0,0.0,0.9847416503717207,0.9839018711804471,0.9856017211612658,0.9857704685320174,0.015258349628279285,0.014398278838734228,0.016098128819552845,0.01623813526563623,0.0,0.0,0.0,0.0,0.02157004052654614,0.020957759613653724,0.022230866991558844,0.022257694861935042,0.9903629793163381,0.98993616113428,0.9907352252053057,0.9907911998195743,0.961370792813027,0.9308314994134563,0.9951631874566895,0.9980683704970713,1.287860707510068,1.1682674022583053,1.3753795191265275,1.3912385662258742,1.256227354316001,1.1353184404139187,1.3808694959996137,1.3878606186518454,1.1684862848796989,1.0960934306299819,1.2349914793741765,1.2357570208966526,1.2953563585549606,1.1682674022583053,1.3872639332087024,1.3912385662258742,1.1251703382362017,1.1596414063938487,0.9999012139177893
base_stream,1024,ercb_beta_0p01,softmax,token,0.01,24,12000.0,12000.0,12000.0,12000.0,32.0,32.0,32.0,32.0,32.0,32.0,32.0,32.0,43.0,43.0,43.0,43.0,43.0,43.0,43.0,43.0,279.06976744186045,279.06976744186045,279.06976744186045,279.06976744186045,76.68373685802955,76.55599722590158,76.78868462608985,76.91898345808391,23.0,23.0,23.0,23.0,325.0833333333333,322.0,329.85,333.0,0.9297949139830594,0.9296162226546921,0.9300123260622207,0.9301152602706008,0.9310151280777469,0.9310151280777469,0.9310151280777469,0.9310151280777469,0.0012202140946874912,0.0010028020155261942,0.0013989054230548136,0.0016210898926634076,6.837498100668552,6.010558023591288,7.570828106617387,8.14690696051304,0.024501034860728983,0.02153783291786878,0.02712880071537897,0.029193083275171727,0.9999303125218736,0.9777418324443982,1.0196410713369917,1.022417934347478,0.0,0.0,0.0,0.0,0.0,0.0,0.0,0.0,0.0,0.0,-0.0,-0.0,0.0,0.0,0.0,0.0,1.0,1.0,1.0,1.0,0.15525844990643317,0.15525844990643317,0.15525844990643317,0.15525844990643317,0.0,0.0,0.0,0.0,0.9764500243056053,0.9753329327962306,0.9778184243309801,0.9779829470375557,0.023549975694394598,0.022181575669019904,0.0246670672037695,0.02501862321963318,0.0,0.0,0.0,0.0,0.022126296379580215,0.02152632445000852,0.022814624636000543,0.02300910986161726,0.9902859498814011,0.9899246030728992,0.9908043201431226,0.9909854893708916,0.9614911643637655,0.9212888294156222,0.9907621606316903,0.9925809842849087,1.3554403260191874,1.2541562491779503,1.4914565939962596,1.5250784804591484,1.318486594874788,1.1924540233709646,1.423934136720919,1.4648282598103548,1.211806028419247,1.1422559567759905,1.2819136530176627,1.3210334616424622,1.359840624539875,1.2653911541929066,1.4914565939962596,1.5250784804591484,1.1541866298622627,1.1900922896657684,0.9998234426085728
base_stream,1024,ercb_beta_0p0125,softmax,token,0.0125,24,12000.0,12000.0,12000.0,12000.0,32.0,32.0,32.0,32.0,32.0,32.0,32.0,32.0,43.0,43.0,43.0,43.0,43.0,43.0,43.0,43.0,279.06976744186045,279.06976744186045,279.06976744186045,279.06976744186045,76.41376367640926,76.34279950625397,76.52217629440474,76.54012334286682,23.0,23.0,23.0,23.0,323.5,320.3,326.85,327.0,0.9302539951614834,0.9300698233238501,0.9303744919464025,0.9304651744331431,0.9310151280777469,0.9310151280777469,0.9310151280777469,0.9310151280777469,0.0007611329162635025,0.0006406361313443298,0.0009453047538968138,0.0009758114406688279,5.785344175197643,5.072967206714065,6.389663413485834,6.671703523611997,0.020730816627791557,0.0181781324907254,0.02289629389832424,0.023906937626276326,1.0014610518203924,0.9890048019492098,1.0120270031565124,1.0135458167330678,0.0,0.0,0.0,0.0,0.0,0.0,0.0,0.0,0.0,0.0,-0.0,-0.0,0.0,0.0,0.0,0.0,1.0,1.0,1.0,1.0,0.15525844990643317,0.15525844990643317,0.15525844990643317,0.15525844990643317,0.0,0.0,0.0,0.0,0.9672446247238885,0.9654923588524339,0.9684903063744829,0.968771949002408,0.032755375276111505,0.031509693625517074,0.034507641147566125,0.034604778155334213,0.0,0.0,0.0,0.0,0.02221321431307782,0.021781998190128108,0.022745835707274436,0.023011742001263776,0.9902416950910226,0.9897639255930819,0.990812045708218,0.990892226140104,0.9755463323995777,0.9383788417605946,1.0035019356989252,1.0173157876611267,1.3632090491243423,1.295078651874062,1.457151270187283,1.4813801566968174,1.3195987475179691,1.1713571353425247,1.474365608871311,1.4919510557027695,1.2194513763472965,1.1491790780175377,1.3010235558664167,1.3116550841684502,1.3700307681247168,1.295078651874062,1.474365608871311,1.4919510557027695,1.1587205796483995,1.186504013505304,0.99977876159813
base_stream,1024,ercb_beta_0p015,softmax,token,0.015,24,12000.0,12000.0,12000.0,12000.0,32.0,32.0,32.0,32.0,32.0,32.0,32.0,32.0,43.0,43.0,43.0,43.0,43.0,43.0,43.0,43.0,279.06976744186045,279.06976744186045,279.06976744186045,279.06976744186045,76.29365209726744,76.21137836496419,76.3946591645555,76.40570882994531,23.0,23.0,23.0,23.0,322.7916666666667,320.0,326.0,326.0,0.93045784162282,0.9302864631363977,0.9305973781925233,0.9306916993778946,0.9310151280777469,0.9310151280777469,0.9310151280777469,0.9310151280777469,0.0005572864549269474,0.00041774988522360056,0.0007286649413491774,0.0007474264917076701,5.1433093539105705,4.511119219838983,5.926067059838199,6.605142464530511,0.018430191851512876,0.01616484387108969,0.02123507363108688,0.023668427164567664,1.0005052007906132,0.985136745164545,1.013637110754414,1.024232633279483,0.0,0.0,0.0,0.0,0.0,0.0,0.0,0.0,0.0,0.0,-0.0,-0.0,0.0,0.0,0.0,0.0,1.0,1.0,1.0,1.0,0.15525844990643317,0.15525844990643317,0.15525844990643317,0.15525844990643317,0.0,0.0,0.0,0.0,0.9584584984871038,0.9571619150454224,0.9601003939020354,0.9601574540451704,0.04154150151289616,0.039899606097964634,0.04283808495457771,0.04335865733669844,0.0,0.0,0.0,0.0,0.02239602952307403,0.02191266197424883,0.023257356808272397,0.02346138566438178,0.9902400840184179,0.9897517492335465,0.9906847873948217,0.9908268723894396,0.9541954025371009,0.9146011087289403,1.0006009765501673,1.0276206016765088,1.4077605056488014,1.3240921915961317,1.5036244652808346,1.5545473791299051,1.3589502928897985,1.2672203911998563,1.5153830232669294,1.5205442613701952,1.2403020670252334,1.174460042169697,1.3180598220707742,1.3378496362308,1.4131995596008426,1.3240921915961317,1.519977975987922,1.5545473791299051,1.168256873815905,1.2131867807220138,0.9997771350092057
base_stream,1024,ercb_beta_0p02,softmax,token,0.02,24,12000.0,12000.0,12000.0,12000.0,32.0,32.0,32.0,32.0,32.0,32.0,32.0,32.0,43.0,43.0,43.0,43.0,43.0,43.0,43.0,43.0,279.06976744186045,279.06976744186045,279.06976744186045,279.06976744186045,76.13988619014668,76.08182417438113,76.19064074389425,76.22652756486471,23.0,23.0,23.0,23.0,321.0416666666667,319.0,324.85,325.0,0.9307184973005226,0.9306325233179205,0.9308168266904805,0.9308236311453122,0.9310151280777469,0.9310151280777469,0.9310151280777469,0.9310151280777469,0.0002966307772242725,0.0001983013872663475,0.0003826047598264715,0.00044342825205334613,4.168039131282662,3.4268946390279114,4.83108111429822,4.908464449887964,0.014935473553762874,0.012279705789850017,0.017311373992901957,0.017588664278765206,1.0024358805650275,0.9899738832356201,1.0186334732683047,1.0241935483870968,0.0,0.0,0.0,0.0,0.0,0.0,0.0,0.0,0.0,0.0,-0.0,-0.0,0.0,0.0,0.0,0.0,1.0,1.0,1.0,1.0,0.15525844990643317,0.15525844990643317,0.15525844990643317,0.15525844990643317,0.0,0.0,0.0,0.0,0.9419410959856848,0.9409486537874009,0.9436333236934464,0.9438643395544631,0.058058904014315356,0.05636667630655356,0.05905134621259914,0.0591705490805928,0.0,0.0,0.0,0.0,0.02273103630445661,0.022312643687533672,0.023287296172290403,0.02334509302198677,0.9902092094025857,0.9898102982544743,0.990707140405846,0.9907664471070303,0.9561345666486919,0.9283078315426675,0.99377427951913,1.0013089268344437,1.4565451138980923,1.37795587321702,1.539816181748421,1.5492551039646565,1.4071185873739385,1.3362038528521931,1.5171507121803667,1.5238524423424968,1.2732660893069074,1.2237786038597216,1.3382477267957478,1.3478441624260602,1.4570669415281154,1.37795587321702,1.539816181748421,1.5492551039646565,1.1857320238071976,1.2147485248595484,0.9997459630384287
base_stream,1024,ercb_beta_inf,least_count,token,inf,24,12000.0,12000.0,12000.0,12000.0,32.0,32.0,32.0,32.0,32.0,32.0,32.0,32.0,43.0,43.0,43.0,43.0,43.0,43.0,43.0,43.0,279.06976744186045,279.06976744186045,279.06976744186045,279.06976744186045,75.96461702319574,75.96461702319574,75.96461702319574,75.96461702319574,23.0,23.0,23.0,23.0,314.0,314.0,314.0,314.0,0.9310151280777469,0.9310151280777469,0.9310151280777469,0.9310151280777469,0.9310151280777469,0.9310151280777469,0.9310151280777469,0.9310151280777469,0.0,0.0,0.0,0.0,0.0,0.0,0.0,0.0,0.0,0.0,0.0,0.0,1.00000007968097,0.9992019154030327,1.0007987220447285,1.0007987220447285,0.0,0.0,0.0,0.0,0.0,0.0,0.0,0.0,0.0,0.0,-0.0,-0.0,0.0,0.0,0.0,0.0,1.0,1.0,1.0,1.0,0.15525844990643317,0.15525844990643317,0.15525844990643317,0.15525844990643317,0.0,0.0,0.0,0.0,0.6712996869066155,0.6712996869066155,0.6712996869066155,0.6712996869066155,0.32870031309338454,0.32870031309338454,0.32870031309338454,0.32870031309338454,0.0,0.0,0.0,0.0,0.023038940517488102,0.022407683476486216,0.02353620971136188,0.024082995150676613,0.9900302994729501,0.9895262969433476,0.9905046464168031,0.9905737475553473,0.9677296987390028,0.9252397746692269,1.0066547099118506,1.0092583360312228,1.5143537778420164,1.4373395416888777,1.5844578330113137,1.602917916444174,1.4383579269458027,1.329833448615253,1.5919888115590117,1.6032617449429738,1.3068138011756074,1.2462669771459007,1.3765919859483382,1.3936140525455498,1.5148624286514696,1.4373395416888777,1.5919888115590117,1.6032617449429738,1.2017934070528447,1.227732743901879,0.9995653300184545
base_stream,1280,ercb_beta_0,softmax,token,0.0,24,12000.0,12000.0,12000.0,12000.0,32.0,32.0,32.0,32.0,32.0,32.0,32.0,32.0,41.0,41.0,41.0,41.0,41.0,41.0,41.0,41.0,292.6829268292683,292.6829268292683,292.6829268292683,292.6829268292683,88.1841426597224,87.36504117188119,89.15181440402884,89.23917957893536,12.083333333333334,10.0,14.0,15.0,345.9583333333333,342.15,350.0,351.0,0.9167736023282614,0.9150951733081957,0.9181887968885499,0.919516684151319,0.9321572460719185,0.9321572460719185,0.9321572460719185,0.9321572460719185,0.015383643743657083,0.013968449183368625,0.017062072763722794,0.017214306488345654,16.292815505604498,15.109586888319727,16.98097912249792,17.04942599706126,0.0556671196441487,0.05162442186842573,0.05801834533520122,0.058252205489959304,0.9985679876522796,0.978108830214227,1.0153846153846153,1.016793893129771,0.0,0.0,0.0,0.0,0.0,0.0,0.0,0.0,0.0,0.0,-0.0,-0.0,0.0,0.0,0.0,0.0,1.0,1.0,1.0,1.0,0.15457026479566752,0.15457026479566752,0.15457026479566752,0.15457026479566752,0.0,0.0,0.0,0.0,1.0,1.0,1.0,1.0,0.0,0.0,0.0,0.0,0.0,0.0,0.0,0.0,0.017045671394830486,0.016396824269827675,0.017656827513241095,0.017751606361982263,0.991893436042143,0.9915272334571191,0.9923045736259026,0.9923758579699657,1.0030883371379653,0.9555230801076484,1.0528176113949874,1.0845645562312145,0.9869443525917029,0.8993532101262861,1.0466799518702041,1.0712274715176502,0.9845703156848685,0.8674823151205587,1.1088949008107616,1.1892706944155735,0.9915343351381788,0.9309982981426493,1.057301204467981,1.073901485093864,1.0371653037335669,0.9834807146926826,1.1088949008107616,1.1892706944155735,1.0,1.0358540361511344,1.0
base_stream,1280,ercb_beta_0p001,softmax,token,0.001,24,12000.0,12000.0,12000.0,12000.0,32.0,32.0,32.0,32.0,32.0,32.0,32.0,32.0,41.0,41.0,41.0,41.0,41.0,41.0,41.0,41.0,292.6829268292683,292.6829268292683,292.6829268292683,292.6829268292683,85.55692254277692,84.75807276214498,86.68503910741344,86.83048779631417,13.125,12.0,14.849999999999998,15.0,342.7916666666667,340.0,346.7,349.0,0.9212737218279511,0.919354962956825,0.9226263256414814,0.9229299405676701,0.9321572460719185,0.9321572460719185,0.9321572460719185,0.9321572460719185,0.010883524243967366,0.009530920430437096,0.01280228311509361,0.013051073760803833,13.33432654027969,12.465068757429359,14.631935041618044,14.77308033008094,0.04555894901262227,0.042588984921216974,0.04999244472552832,0.05047469112777655,1.0022331443689343,0.9837597407342614,1.0203603879693814,1.0234493192133132,0.0,0.0,0.0,0.0,0.0,0.0,0.0,0.0,0.0,0.0,-0.0,-0.0,0.0,0.0,0.0,0.0,1.0,1.0,1.0,1.0,0.15457026479566752,0.15457026479566752,0.15457026479566752,0.15457026479566752,0.0,0.0,0.0,0.0,0.9996481220480824,0.9994467325480081,0.9998924590842229,0.9999539982175125,0.00035187795191750403,0.00010754091577716222,0.0005532674519919505,0.0006503038315491402,0.0,0.0,0.0,0.0,0.01721228589092595,0.016548286304859793,0.01770463854980957,0.017904529585947137,0.9919935093185209,0.991568724795422,0.9923135373783994,0.9923619681716799,0.9821775602071922,0.9452679732912986,1.0266754513548797,1.0550585461872721,1.0069460329350557,0.9391408063741669,1.0632342677521591,1.0647410140242157,1.0094922373677289,0.9094268065308283,1.1819097575978512,1.2293444806282257,0.9995386101699922,0.9465251855870982,1.0810005700162595,1.088481531345047,1.0470630600475788,0.9593125821670331,1.1819097575978512,1.2293444806282257,1.0097745927535593,1.0386589146132978,1.0001008911569949
base_stream,1280,ercb_beta_0p002,softmax,token,0.002,24,12000.0,12000.0,12000.0,12000.0,32.0,32.0,32.0,32.0,32.0,32.0,32.0,32.0,41.0,41.0,41.0,41.0,41.0,41.0,41.0,41.0,292.6829268292683,292.6829268292683,292.6829268292683,292.6829268292683,83.609390829687,82.9949988028628,84.08653675922297,84.45216253765992,14.25,13.0,15.0,15.0,341.5,338.15,345.0,345.0,0.9245512532989503,0.9237544174325267,0.9255746029166498,0.9256659633062412,0.9321572460719185,0.9321572460719185,0.9321572460719185,0.9321572460719185,0.007605992772968302,0.006582643155268658,0.008402828639391752,0.00901625937754702,11.316702334208108,10.470166544865242,11.984383476230349,12.233500585906139,0.0386653996418777,0.03577306902828958,0.04094664354378703,0.04179779366851264,0.9969858147389222,0.9799411818633085,1.0154855063293344,1.0174374526156178,0.0,0.0,0.0,0.0,0.0,0.0,0.0,0.0,0.0,0.0,-0.0,-0.0,0.0,0.0,0.0,0.0,1.0,1.0,1.0,1.0,0.15457026479566752,0.15457026479566752,0.15457026479566752,0.15457026479566752,0.0,0.0,0.0,0.0,0.9986663047918007,0.9982875713769529,0.9990628124137176,0.9992273876007771,0.00133369520819926,0.0009371875862823264,0.0017124286230470948,0.001788920372987623,0.0,0.0,0.0,0.0,0.01733800557792196,0.016786407999122854,0.017963987746942436,0.01799166589834618,0.992108731129259,0.9917653575351728,0.9924935742685999,0.9926807743384555,0.993392121805667,0.9538096119819629,1.030993146999367,1.045166125048458,1.0263119626332304,0.975813626185352,1.0942529102562988,1.0993330064127782,1.0307155677011546,0.8909878187473093,1.1548160563399779,1.1779777810173122,1.0168065507133506,0.9721847661501066,1.0489300514142421,1.086267854705254,1.0665096258805171,1.022693185015347,1.1548160563399779,1.1779777810173122,1.0171500538946288,1.0538738739496323,1.0002170546545555
base_stream,1280,ercb_beta_0p003,softmax,token,0.003,24,12000.0,12000.0,12000.0,12000.0,32.0,32.0,32.0,32.0,32.0,32.0,32.0,32.0,41.0,41.0,41.0,41.0,41.0,41.0,41.0,41.0,292.6829268292683,292.6829268292683,292.6829268292683,292.6829268292683,82.20336548830691,81.54426851485448,82.78361110326202,83.15206141920319,14.416666666666666,14.0,15.0,15.0,342.0833333333333,339.0,346.7,349.0,0.9268831392627561,0.9259252990761406,0.9279680566002775,0.9280546871691993,0.9321572460719185,0.9321572460719185,0.9321572460719185,0.9321572460719185,0.005274106809162446,0.004189189471641086,0.0062319469957778486,0.006843436174556405,9.92154457257075,8.51398705241816,11.861436970510688,12.233500585906139,0.03389861062295006,0.029089455762428714,0.040526576315911514,0.04179779366851264,0.9994155427563157,0.9772713387241689,1.0211637471439452,1.0309597523219813,0.0,0.0,0.0,0.0,0.0,0.0,0.0,0.0,0.0,0.0,-0.0,-0.0,0.0,0.0,0.0,0.0,1.0,1.0,1.0,1.0,0.15457026479566752,0.15457026479566752,0.15457026479566752,0.15457026479566752,0.0,0.0,0.0,0.0,0.9971749922988392,0.9965878595721274,0.9977712187946377,0.9979494448732765,0.002825007701160846,0.002228781205362304,0.003412140427872656,0.003581446350448423,0.0,0.0,0.0,0.0,0.017541505028067953,0.016969323229861784,0.018186906299235122,0.018349289743240217,0.9921052654375523,0.9916437027591865,0.9924316038678686,0.9924417921458402,0.9811061999534134,0.9297068110741665,1.0182015279164587,1.0630355491097632,1.0486597280307466,0.9985017089850466,1.08937012862816,1.1471559703794862,1.0481679830273176,0.9259670983968192,1.1422198254971938,1.1619355240714384,1.025977970337159,0.9826409196118039,1.0756937326304223,1.0947226283965092,1.0769960330507298,1.0153703779268697,1.1465449493520146,1.1619355240714384,1.0290885364238478,1.066951595978246,1.0002135606383833
base_stream,1280,ercb_beta_0p004,softmax,token,0.004,24,12000.0,12000.0,12000.0,12000.0,32.0,32.0,32.0,32.0,32.0,32.0,32.0,32.0,41.0,41.0,41.0,41.0,41.0,41.0,41.0,41.0,292.6829268292683,292.6829268292683,292.6829268292683,292.6829268292683,81.29763156216676,80.84678130506599,81.76249856947956,82.0081611121396,14.833333333333334,14.0,15.0,15.0,340.4166666666667,337.0,343.0,345.0,0.92837131722107,0.9276099201532945,0.9291080348881692,0.9294595096132899,0.9321572460719185,0.9321572460719185,0.9321572460719185,0.9321572460719185,0.0037859288508485475,0.0030492111837493396,0.004547325918624039,0.004951248831412403,8.995343114894004,7.545337733679786,9.764722507774056,9.975579939128913,0.030734088975887846,0.025779903923405935,0.03336280190156136,0.03408323145869045,0.9970592736126435,0.9789435444612341,1.0150632454805717,1.0262548262548263,0.0,0.0,0.0,0.0,0.0,0.0,0.0,0.0,0.0,0.0,-0.0,-0.0,0.0,0.0,0.0,0.0,1.0,1.0,1.0,1.0,0.15457026479566752,0.15457026479566752,0.15457026479566752,0.15457026479566752,0.0,0.0,0.0,0.0,0.9954669593734201,0.9947275921087363,0.9962144988582788,0.9964357000106795,0.004533040626579904,0.0037855011417211298,0.005272407891263728,0.005803410185737727,0.0,0.0,0.0,0.0,0.01762630460932685,0.01704332072837795,0.0182238339577202,0.018408152171366352,0.9921489973561627,0.9917754034506058,0.9925014087031773,0.9925553479174305,0.9728523165048818,0.9262476130280616,1.0237419437692834,1.036006353867212,1.0619864587933308,0.9996609174190806,1.1412594338238842,1.144530279204595,1.0763932951728856,0.9724134999294364,1.1622497944037178,1.2210065995649821,1.0370773568236995,0.9892059583938995,1.097264093456346,1.1086432628342375,1.0962816417596868,1.0158644083393475,1.1622497944037178,1.2210065995649821,1.0340633819018976,1.0691179910488606,1.00025764996998
base_stream,1280,ercb_beta_0p005,softmax,token,0.005,24,12000.0,12000.0,12000.0,12000.0,32.0,32.0,32.0,32.0,32.0,32.0,32.0,32.0,41.0,41.0,41.0,41.0,41.0,41.0,41.0,41.0,292.6829268292683,292.6829268292683,292.6829268292683,292.6829268292683,80.53875246159764,80.22337103738828,80.92737645894202,80.96504485884415,14.916666666666666,14.15,15.0,15.0,339.125,336.15,342.0,346.0,0.9296089301161038,0.9289766772017067,0.9301210259967103,0.9302113099018616,0.9321572460719185,0.9321572460719185,0.9321572460719185,0.9321572460719185,0.002548315955814659,0.0020362200752082117,0.0031805688702117915,0.003241995370981021,7.686691572668326,6.571787934637069,8.969271177904101,9.006772519582817,0.026262862873283443,0.022453608776676653,0.030645009857839012,0.03077313944190796,1.0012285418861022,0.9853557523638387,1.0275651856085513,1.0326594090202177,0.0,0.0,0.0,0.0,0.0,0.0,0.0,0.0,0.0,0.0,-0.0,-0.0,0.0,0.0,0.0,0.0,1.0,1.0,1.0,1.0,0.15457026479566752,0.15457026479566752,0.15457026479566752,0.15457026479566752,0.0,0.0,0.0,0.0,0.9929003450955852,0.9920980512751563,0.9938227629856534,0.9942780525039732,0.007099654904414794,0.006177237014346565,0.007901948724843781,0.007999046180260374,0.0,0.0,0.0,0.0,0.018081092692186503,0.01763457416807313,0.018624588852812846,0.018919390112694938,0.9920526414253118,0.9916872890931601,0.9924041183013234,0.9924794642704506,0.973075376410407,0.9401912488271656,1.0043991326721466,1.0150088131189894,1.0999585273121715,1.0386471634218302,1.1583394975977186,1.1653059345994923,1.115855093957764,0.9933420675554188,1.2871535303019315,1.3085905652905807,1.0629629992267808,1.0096163168252565,1.1378014058400094,1.1522107620676483,1.1428268458968394,1.0646214188855727,1.2871535303019315,1.3085905652905807,1.060743943337429,1.0926286457957417,1.0001605065396986
base_stream,1280,ercb_beta_0p006,softmax,token,0.006,24,12000.0,12000.0,12000.0,12000.0,32.0,32.0,32.0,32.0,32.0,32.0,32.0,32.0,41.0,41.0,41.0,41.0,41.0,41.0,41.0,41.0,292.6829268292683,292.6829268292683,292.6829268292683,292.6829268292683,80.13914949233636,79.7434864491265,80.4317583867331,80.55431103038504,15.0,15.0,15.0,15.0,338.3333333333333,335.15,341.85,344.0,0.9302570753674578,0.9297830482785394,0.9308969407535462,0.9309569244162279,0.9321572460719185,0.9321572460719185,0.9321572460719185,0.9321572460719185,0.0019001707044607509,0.0012603053183722346,0.002374197793379151,0.002573258920421817,6.876996308702231,6.0616368409594985,7.79082348364743,8.322757516768515,0.023496404054732623,0.020710592539944953,0.026618646902462052,0.028436088182292426,0.9989526118625266,0.9800721306277743,1.0171961449908495,1.0275862068965518,0.0,0.0,0.0,0.0,0.0,0.0,0.0,0.0,0.0,0.0,-0.0,-0.0,0.0,0.0,0.0,0.0,1.0,1.0,1.0,1.0,0.15457026479566752,0.15457026479566752,0.15457026479566752,0.15457026479566752,0.0,0.0,0.0,0.0,0.9904977677129914,0.989392761225155,0.9913438924800861,0.9924092648246241,0.009502232287008664,0.008656107519913839,0.010607238774845075,0.011693362693235362,0.0,0.0,0.0,0.0,0.018141280589665753,0.017436588225124915,0.018706543673019327,0.018728610784014117,0.9920586626707536,0.9916231760185822,0.9924422633831611,0.9925292562501032,0.9770008038886017,0.9440895911492723,1.007687736704831,1.0184524646698556,1.1169999459863382,1.0240181822882923,1.2096494989718733,1.2639482149440067,1.1245647357370157,0.9837874759177164,1.2502938640635946,1.3384484461925852,1.0728551618706517,1.0013613383809747,1.1585668793891464,1.1640238337354198,1.155958863130733,1.0478264737320104,1.2623857853605671,1.3384484461925852,1.0642749217357046,1.097436600748536,1.00016657699568
base_stream,1280,ercb_beta_0p0075,softmax,token,0.0075,24,12000.0,12000.0,12000.0,12000.0,32.0,32.0,32.0,32.0,32.0,32.0,32.0,32.0,41.0,41.0,41.0,41.0,41.0,41.0,41.0,41.0,292.6829268292683,292.6829268292683,292.6829268292683,292.6829268292683,79.6962604882102,79.55415059280166,79.85205430504254,79.90770255750716,15.0,15.0,15.0,15.0,337.75,335.15,340.0,343.0,0.9309730516704021,0.930721695379278,0.9312021483219077,0.9312235050745732,0.9321572460719185,0.9321572460719185,0.9321572460719185,0.9321572460719185,0.0011841944015163336,0.0009550977500107916,0.001435550692640608,0.001525442079003958,6.233434222206145,5.177315604789454,6.9612148010718755,7.244846780853877,0.02129756692587099,0.0176891616496973,0.02378415057032891,0.024753226501250745,1.001009292551436,0.9806601122322246,1.0150329471961843,1.0177195685670262,0.0,0.0,0.0,0.0,0.0,0.0,0.0,0.0,0.0,0.0,-0.0,-0.0,0.0,0.0,0.0,0.0,1.0,1.0,1.0,1.0,0.15457026479566752,0.15457026479566752,0.15457026479566752,0.15457026479566752,0.0,0.0,0.0,0.0,0.9862297355843103,0.9855247320641495,0.9871402223877866,0.987399492500871,0.013770264415689716,0.01285977761221335,0.01447526793585053,0.014528255381288754,0.0,0.0,0.0,0.0,0.01822008472308891,0.017626743401451025,0.019071764451404336,0.019249929291682132,0.9920783427545673,0.9915567335396497,0.9925591838572062,0.9928193160716764,0.9686134769963073,0.9330557046092199,1.011585276292863,1.023554073154505,1.1196074608916093,1.050509617056835,1.2095247290549647,1.2198238236970689,1.1404835512015452,1.0232586287390326,1.3293711766930565,1.3427502616675793,1.0762348296964872,1.0273318615878062,1.1650392772543074,1.1715290552896176,1.1639801227754027,1.0679768879409686,1.3293711766930565,1.3427502616675793,1.0688980387486875,1.1188626138356927,1.0001864179212256
base_stream,1280,ercb_beta_0p01,softmax,token,0.01,24,12000.0,12000.0,12000.0,12000.0,32.0,32.0,32.0,32.0,32.0,32.0,32.0,32.0,41.0,41.0,41.0,41.0,41.0,41.0,41.0,41.0,292.6829268292683,292.6829268292683,292.6829268292683,292.6829268292683,79.42132517147002,79.28666290647647,79.54478354517953,79.5813555271034,15.0,15.0,15.0,15.0,336.0,334.15,338.85,339.0,0.9314159008220253,0.9312172338676945,0.931632435617396,0.9316864343569518,0.9321572460719185,0.9321572460719185,0.9321572460719185,0.9321572460719185,0.000741345249893291,0.0005248104545225452,0.0009400122042240055,0.0009989192558312876,5.374553645258494,4.535755608885647,6.099805711617686,6.507031843677588,0.01836305828796652,0.015497164997025959,0.020841002848027094,0.022232358799231758,1.0019536919559862,0.9879637739358818,1.0152273412415482,1.0176110260336906,0.0,0.0,0.0,0.0,0.0,0.0,0.0,0.0,0.0,0.0,-0.0,-0.0,0.0,0.0,0.0,0.0,1.0,1.0,1.0,1.0,0.15457026479566752,0.15457026479566752,0.15457026479566752,0.15457026479566752,0.0,0.0,0.0,0.0,0.978784560933898,0.9777106248283608,0.9802142570048645,0.9808965133712546,0.021215439066102005,0.01978574299513544,0.022289375171639186,0.023023031551500695,0.0,0.0,0.0,0.0,0.018444866297042464,0.01810440353690505,0.018805004068199675,0.018831145716201977,0.9920765622431192,0.9917264033902511,0.9924209678851106,0.9925183559868859,0.9712816994386402,0.9345948301264064,1.0095835246344718,1.0123364763892875,1.1342278187475736,1.0854349676317725,1.1987694558887636,1.2402379685333922,1.18020443099728,1.0840615209199895,1.2887914518309227,1.2929963487834724,1.0952379830611645,1.0498010808778366,1.1487247688073898,1.1548175755271506,1.1954852541690626,1.1078328349572,1.2887914518309227,1.2929963487834724,1.0820850566576286,1.1032128704477284,1.0001846228579825
base_stream,1280,ercb_beta_0p0125,softmax,token,0.0125,24,12000.0,12000.0,12000.0,12000.0,32.0,32.0,32.0,32.0,32.0,32.0,32.0,32.0,41.0,41.0,41.0,41.0,41.0,41.0,41.0,41.0,292.6829268292683,292.6829268292683,292.6829268292683,292.6829268292683,79.25642857864729,79.18137222688564,79.37065790548013,79.39418146168053,15.0,15.0,15.0,15.0,336.125,334.0,338.0,340.0,0.9316809846703485,0.9314974291183491,0.9318015216914868,0.9318060703981815,0.9321572460719185,0.9321572460719185,0.9321572460719185,0.9321572460719185,0.00047626140156989405,0.00035572438043173784,0.0006598169535694029,0.000697640331343341,4.825145249062502,4.271934197727874,5.524962734001938,5.901632680257467,0.01648591293429688,0.014595775175570236,0.018876956007839955,0.020163911657546343,1.0049619835914163,0.9917382188642966,1.0161681644743448,1.0192455735180908,0.0,0.0,0.0,0.0,0.0,0.0,0.0,0.0,0.0,0.0,-0.0,-0.0,0.0,0.0,0.0,0.0,1.0,1.0,1.0,1.0,0.15457026479566752,0.15457026479566752,0.15457026479566752,0.15457026479566752,0.0,0.0,0.0,0.0,0.9705201787226523,0.969185369893438,0.9720752475822417,0.9722611350312417,0.029479821277347672,0.027924752417758335,0.030814630106561942,0.03240464518303397,0.0,0.0,0.0,0.0,0.018620794628858756,0.01803746595499389,0.019144090792751076,0.01921062913414675,0.9920687264349765,0.991678655652917,0.9923953596889417,0.99247822144694,0.9654785699585204,0.9111132813252112,1.01234620728205,1.0298829507508482,1.1628282573998114,1.0942573277957628,1.2659709623987854,1.2729500209388578,1.1876670695667448,1.045395745842887,1.2843253198612328,1.3065465932855418,1.105324632308359,1.0409689830831994,1.1606970908945828,1.1696380258098535,1.2079307513888304,1.1291132037881493,1.2843253198612328,1.3065465932855418,1.0924060541555414,1.1231057052148141,1.0001767230092105
base_stream,1280,ercb_beta_0p015,softmax,token,0.015,24,12000.0,12000.0,12000.0,12000.0,32.0,32.0,32.0,32.0,32.0,32.0,32.0,32.0,41.0,41.0,41.0,41.0,41.0,41.0,41.0,41.0,292.6829268292683,292.6829268292683,292.6829268292683,292.6829268292683,79.17288780881945,79.11231256141237,79.265188014703,79.30196658109301,15.0,15.0,15.0,15.0,335.0833333333333,333.0,337.0,338.0,0.9318151212646336,0.9316669350745856,0.9319123349459058,0.9319628302157882,0.9321572460719185,0.9321572460719185,0.9321572460719185,0.9321572460719185,0.00034212480728498806,0.00024491112601276457,0.0004903109973328989,0.0005493988388365345,4.34942935853693,3.904281029614495,4.933578737139499,5.905764030207083,0.01486055030833451,0.013339626851182857,0.016856394018559952,0.02017802710320753,0.9977446045928743,0.9841294461588436,1.0090408359341898,1.017014694508894,0.0,0.0,0.0,0.0,0.0,0.0,0.0,0.0,0.0,0.0,-0.0,-0.0,0.0,0.0,0.0,0.0,1.0,1.0,1.0,1.0,0.15457026479566752,0.15457026479566752,0.15457026479566752,0.15457026479566752,0.0,0.0,0.0,0.0,0.9627475020806583,0.9618378500002489,0.9641588658495788,0.9642295748746132,0.03725249791934173,0.035841134150421214,0.038162149999751066,0.03823859851713648,0.0,0.0,0.0,0.0,0.018652932896588564,0.01810863658298761,0.019134993025172763,0.019290040209639255,0.9921240171421591,0.9917658339252525,0.9924992044378826,0.9926720267043166,0.9756221927508938,0.9457304172670834,1.0079904001627993,1.0448023080263984,1.1546368622157333,1.0829782429290922,1.2150960529350325,1.2254063557949468,1.2060088795502206,1.091141788614428,1.3148211211177792,1.3587043119768383,1.1120893115056159,1.0454677668650323,1.1650544773499594,1.1697192741698856,1.213532005626006,1.109695449231244,1.3148211211177792,1.3587043119768383,1.094291475209684,1.1225719763068949,1.0002324655972483
base_stream,1280,ercb_beta_0p02,softmax,token,0.02,24,12000.0,12000.0,12000.0,12000.0,32.0,32.0,32.0,32.0,32.0,32.0,32.0,32.0,41.0,41.0,41.0,41.0,41.0,41.0,41.0,41.0,292.6829268292683,292.6829268292683,292.6829268292683,292.6829268292683,79.0811472094089,79.04434965963914,79.1064546764999,79.11382322691789,15.0,15.0,15.0,15.0,333.5833333333333,331.15,335.0,340.0,0.9319623163454397,0.9319217312965075,0.9320213196073188,0.932029605143716,0.9321572460719185,0.9321572460719185,0.9321572460719185,0.9321572460719185,0.00019492972647880413,0.00013592646459974488,0.00023551477541110532,0.00024733437258295243,3.543019890314128,2.794073757660535,4.029651988693387,4.680004169270605,0.012105317958573268,0.009546418672006828,0.01376797762803574,0.0159900142450079,1.0008227948932864,0.99083584098828,1.0104189766842064,1.010819165378671,0.0,0.0,0.0,0.0,0.0,0.0,0.0,0.0,0.0,0.0,-0.0,-0.0,0.0,0.0,0.0,0.0,1.0,1.0,1.0,1.0,0.15457026479566752,0.15457026479566752,0.15457026479566752,0.15457026479566752,0.0,0.0,0.0,0.0,0.9481817822154799,0.9465826712087252,0.9498137126536496,0.9498455258384164,0.051818217784520226,0.05018628734635044,0.053417328791274865,0.0539302150225026,0.0,0.0,0.0,0.0,0.018708887500077678,0.018031274639188504,0.01926376033042812,0.01959821673729847,0.992090461307123,0.9916863961833416,0.9923903575257347,0.9925266977034983,0.9721818361488769,0.9430596857830763,1.0075096999538566,1.010082180990324,1.1799163597910256,1.1173108872961857,1.246854562653622,1.2550438296757918,1.1850546699588056,1.037260217111284,1.2903699330135898,1.3594220000544863,1.1123842886329025,1.06202005945149,1.1786963408425564,1.1868277903274758,1.2130663133648223,1.1214541363522719,1.2903699330135898,1.3594220000544863,1.0975741035200057,1.1301262287779597,1.000198635516499
base_stream,1280,ercb_beta_inf,least_count,token,inf,24,12000.0,12000.0,12000.0,12000.0,32.0,32.0,32.0,32.0,32.0,32.0,32.0,32.0,41.0,41.0,41.0,41.0,41.0,41.0,41.0,41.0,292.6829268292683,292.6829268292683,292.6829268292683,292.6829268292683,78.95952622500702,78.95952622500702,78.95952622500702,78.95952622500702,15.0,15.0,15.0,15.0,327.0,327.0,327.0,327.0,0.9321572460719185,0.9321572460719185,0.9321572460719185,0.9321572460719185,0.9321572460719185,0.9321572460719185,0.9321572460719185,0.9321572460719185,0.0,0.0,0.0,0.0,0.0,0.0,0.0,0.0,0.0,0.0,0.0,0.0,1.0000640773256861,0.9992337164750957,1.0007668711656441,1.0007668711656441,0.0,0.0,0.0,0.0,0.0,0.0,0.0,0.0,0.0,0.0,-0.0,-0.0,0.0,0.0,0.0,0.0,1.0,1.0,1.0,1.0,0.15457026479566752,0.15457026479566752,0.15457026479566752,0.15457026479566752,0.0,0.0,0.0,0.0,0.7057530445616255,0.7057530445616255,0.7057530445616255,0.7057530445616255,0.2942469554383746,0.2942469554383746,0.2942469554383746,0.2942469554383746,0.0,0.0,0.0,0.0,0.018989226138781633,0.01856134790267649,0.019509731523959732,0.019747642206588662,0.9918970138532716,0.9915489549834492,0.9923077062706904,0.9923190026478352,0.9649779284372522,0.9174632766208871,1.0032567684974998,1.0320769145926858,1.2074083018160657,1.1464245808287776,1.253851750146101,1.3009783508866566,1.21415632281656,1.106572821088303,1.3154700832337123,1.403793244052809,1.128847517689959,1.08434337558879,1.1710516846861037,1.2004071111865138,1.2434658484593866,1.1642533726282396,1.3154700832337123,1.403793244052809,1.114020427763296,1.1445563552208646,1.0000036070519258
base_stream,1536,ercb_beta_0,softmax,token,0.0,24,12000.0,12000.0,12000.0,12000.0,32.0,32.0,32.0,32.0,32.0,32.0,32.0,32.0,39.0,39.0,39.0,39.0,39.0,39.0,39.0,39.0,307.6923076923077,307.6923076923077,307.6923076923077,307.6923076923077,78.68897226332976,77.9841870574366,79.59177288560548,79.65249971004785,32.125,28.15,35.0,36.0,351.75,349.0,355.0,355.0,0.9386102560993012,0.937284542603122,0.9396410328799324,0.9400571758441968,0.9493096718952402,0.9493096718952402,0.9493096718952402,0.9493096718952402,0.01069941579593906,0.00966863901530774,0.012025129292118242,0.012114845960435217,12.914824205461457,12.22060355131599,13.631558221498022,13.662601021279464,0.041973178667749744,0.03971696154177697,0.04430256421986858,0.04440345331915826,1.0015573006746823,0.9792275728025199,1.0186133674691913,1.0208126858275521,0.0,0.0,0.0,0.0,0.0,0.0,0.0,0.0,0.0,0.0,-0.0,-0.0,0.0,0.0,0.0,0.0,1.0,1.0,1.0,1.0,0.41659779045053086,0.41659779045053086,0.41659779045053086,0.41659779045053086,0.0,0.0,0.0,0.0,1.0,1.0,1.0,1.0,0.0,0.0,0.0,0.0,0.0,0.0,0.0,0.0,0.015529208582422273,0.015084998181387976,0.0161818096956412,0.01634374732404435,0.9926524581251382,0.9923512758618047,0.9929674671748768,0.9930313359796032,1.0076395215740013,0.9692650237163064,1.0594642076672278,1.0655446937837185,1.002549828044706,0.9514351431937756,1.0616684941801404,1.1158404501558887,1.0066655139704899,0.9176127259383251,1.1325225714844254,1.2146139378404623,1.0056182878630657,0.9631741979464906,1.069819912547663,1.1088829393755688,1.0423866301072975,0.9827495021791317,1.1325225714844254,1.2146139378404623,1.0,1.042024106364159,1.0
base_stream,1536,ercb_beta_0p001,softmax,token,0.001,24,12000.0,12000.0,12000.0,12000.0,32.0,32.0,32.0,32.0,32.0,32.0,32.0,32.0,39.0,39.0,39.0,39.0,39.0,39.0,39.0,39.0,307.6923076923077,307.6923076923077,307.6923076923077,307.6923076923077,76.66211590085948,75.87755102747693,77.5387122206424,77.87700817549981,35.333333333333336,33.0,38.0,38.0,350.0416666666667,347.0,357.4,359.0,0.9415494275835729,0.9402875572099172,0.9426735989452947,0.9428436399892988,0.9493096718952402,0.9493096718952402,0.9493096718952402,0.9493096718952402,0.007760244311667284,0.006636072949945499,0.009022114685323046,0.009512823081064048,11.140507708082879,9.801454019056383,12.31214256730396,12.636942181252063,0.036206650051269364,0.03185472556193324,0.04001446334373787,0.04107006208906921,1.0042548626718766,0.9808241134074746,1.026202929640882,1.0278606965174129,0.0,0.0,0.0,0.0,0.0,0.0,0.0,0.0,0.0,0.0,-0.0,-0.0,0.0,0.0,0.0,0.0,1.0,1.0,1.0,1.0,0.41659779045053086,0.41659779045053086,0.41659779045053086,0.41659779045053086,0.0,0.0,0.0,0.0,0.9996979938434741,0.9995165540947438,0.999947707251006,1.0000334193279128,0.0003020061565259291,5.229274899392933e-05,0.0004834459052561324,0.0005998048238075685,0.0,0.0,0.0,0.0,0.0154626637903117,0.014888239030116206,0.01599788493440826,0.016061162637086585,0.9929208222130455,0.9926391170429547,0.9932018352304265,0.9932317754302461,0.9889285340193138,0.9349550149076513,1.0324745137882885,1.0355851152296676,0.9914914618451389,0.9205921123288416,1.0616247592509216,1.1387026361609154,0.9900080199449648,0.8739184021416865,1.1149847027309967,1.1330189800748576,0.9901426719364724,0.9285022764815006,1.0595179050875376,1.0819330616404617,1.0277965488421068,0.951506545454156,1.1247560467207613,1.1387026361609154,0.9957148626243647,1.0301803114755306,1.0002703504995234
base_stream,1536,ercb_beta_0p002,softmax,token,0.002,24,12000.0,12000.0,12000.0,12000.0,32.0,32.0,32.0,32.0,32.0,32.0,32.0,32.0,39.0,39.0,39.0,39.0,39.0,39.0,39.0,39.0,307.6923076923077,307.6923076923077,307.6923076923077,307.6923076923077,75.07819029108775,74.56093352354617,75.68485340959676,75.87207649794787,36.5,34.15,38.849999999999994,39.0,349.0833333333333,345.15,352.85,358.0,0.943806533377538,0.9429478048639062,0.944536389905019,0.9447518933910471,0.9493096718952402,0.9493096718952402,0.9493096718952402,0.9493096718952402,0.005503138517702312,0.004773281990221178,0.006361867031333968,0.006628275150923901,9.53527975021678,8.498355778440322,11.13007190453829,11.38149645426565,0.030989659188204538,0.027619656279931046,0.036172733689749444,0.03698986347636336,1.0013947143686615,0.986747000728849,1.0182333691993326,1.028028028028028,0.0,0.0,0.0,0.0,0.0,0.0,0.0,0.0,0.0,0.0,-0.0,-0.0,0.0,0.0,0.0,0.0,1.0,1.0,1.0,1.0,0.41659779045053086,0.41659779045053086,0.41659779045053086,0.41659779045053086,0.0,0.0,0.0,0.0,0.9989403063601331,0.9986679008280538,0.9993086441935962,0.9994997095509506,0.0010596936398667997,0.0006913558064038447,0.0013320991719461984,0.0013746030943524662,0.0,0.0,0.0,0.0,0.01556981585499307,0.015164984690730868,0.01601542601182573,0.016102169016110588,0.9929398745233461,0.992644594713789,0.9932011529249061,0.9932345494710823,1.0129866252498367,0.9845586605890478,1.0397505850367392,1.0630095279274936,1.0203278587356557,0.9560830824132014,1.0869053628009475,1.14078338104502,1.011849458233333,0.9399948630141611,1.1322766984910868,1.1475537291073743,1.0150546474062752,0.9683622447153512,1.0656616823736034,1.1057760149286981,1.0442429138694922,0.998173003291319,1.1322766984910868,1.1475537291073743,1.0026148964614179,1.031309865330408,1.00028954383365
base_stream,1536,ercb_beta_0p003,softmax,token,0.003,24,12000.0,12000.0,12000.0,12000.0,32.0,32.0,32.0,32.0,32.0,32.0,32.0,32.0,39.0,39.0,39.0,39.0,39.0,39.0,39.0,39.0,307.6923076923077,307.6923076923077,307.6923076923077,307.6923076923077,73.5961976712686,73.11297889045727,74.06449070221844,74.18243411058977,38.083333333333336,36.15,39.0,39.0,347.25,344.15,352.0,352.0,0.9458844211875622,0.9452321971827359,0.9465556446544485,0.9467436200919824,0.9493096718952402,0.9493096718952402,0.9493096718952402,0.9493096718952402,0.003425250707677935,0.0027540272407916176,0.004077474712504359,0.004242452217239512,7.894494218750062,6.77751930132995,8.845803706901092,9.492237044162145,0.025657106210937707,0.02202693772932234,0.02874886204742855,0.030849770393526973,0.9992962001864978,0.9805020127871181,1.0195288819346233,1.02,0.0,0.0,0.0,0.0,0.0,0.0,0.0,0.0,0.0,0.0,-0.0,-0.0,0.0,0.0,0.0,0.0,1.0,1.0,1.0,1.0,0.41659779045053086,0.41659779045053086,0.41659779045053086,0.41659779045053086,0.0,0.0,0.0,0.0,0.9973588222805246,0.996997328680766,0.9978268844867023,0.9979305136871758,0.0026411777194753593,0.0021731155132976633,0.003002671319234015,0.0033157473045883528,0.0,0.0,0.0,0.0,0.01564511411631006,0.015179184985616389,0.016135056962028473,0.016468300116558643,0.9930675628181834,0.9927595426720269,0.9933220523388663,0.9935463528760266,1.001888641881682,0.9585979332597222,1.0457986985161838,1.0585274892169398,1.0217173968525253,0.9440559312004032,1.1001422923499176,1.1037499782072906,1.0358716192130926,0.9537732200845453,1.1269207914391033,1.1294986111759295,1.0198258859824332,0.9863394914392365,1.0688544567453773,1.0781276629829037,1.0610120736295794,1.011912245746462,1.1269207914391033,1.1294986111759295,1.0074637115776126,1.0390134742791701,1.0004181772680332
base_stream,1536,ercb_beta_0p004,softmax,token,0.004,24,12000.0,12000.0,12000.0,12000.0,32.0,32.0,32.0,32.0,32.0,32.0,32.0,32.0,39.0,39.0,39.0,39.0,39.0,39.0,39.0,39.0,307.6923076923077,307.6923076923077,307.6923076923077,307.6923076923077,72.92271755911871,72.53644636734181,73.3558253545361,73.4274991616635,38.666666666666664,37.0,39.0,39.0,346.6666666666667,343.15,349.85,351.0,0.9468180380100382,0.9462191488909952,0.9473509923734038,0.94766455375641,0.9493096718952402,0.9493096718952402,0.9493096718952402,0.9493096718952402,0.002491633885202127,0.0019586795218363485,0.0030905230042449273,0.0031900043143854306,7.291332659580128,6.3173715841266835,8.077252030345983,8.726617108241095,0.023696831143635414,0.02053145764841172,0.026251069098624444,0.02836150560178356,0.9957342780488884,0.9747763454696553,1.0147890157420911,1.0179282868525896,0.0,0.0,0.0,0.0,0.0,0.0,0.0,0.0,0.0,0.0,-0.0,-0.0,0.0,0.0,0.0,0.0,1.0,1.0,1.0,1.0,0.41659779045053086,0.41659779045053086,0.41659779045053086,0.41659779045053086,0.0,0.0,0.0,0.0,0.9957422312659702,0.9949145103510216,0.9963256936709304,0.9967090343524206,0.0042577687340298945,0.0036743063290696995,0.005085489648978356,0.005607758218044192,0.0,0.0,0.0,0.0,0.015622485594724211,0.015035977294269432,0.01629288545865027,0.01635527955154504,0.9930904615533218,0.9927338034896607,0.9934696853325757,0.9935285459822493,1.0176857844408087,0.9678194579369044,1.0531566818840954,1.0839814942779364,1.0370772716975123,0.950272437207513,1.137445144572366,1.1628871873299,1.0241930095258154,0.8722170112535018,1.1980379369567735,1.2336227494119263,1.0263186885547122,0.9398464623587294,1.115433713755577,1.1277295774289826,1.0732122662053876,0.9832551914418518,1.1980379369567735,1.2336227494119263,1.0060065528650004,1.0491768058993305,1.000441245497957
base_stream,1536,ercb_beta_0p005,softmax,token,0.005,24,12000.0,12000.0,12000.0,12000.0,32.0,32.0,32.0,32.0,32.0,32.0,32.0,32.0,39.0,39.0,39.0,39.0,39.0,39.0,39.0,39.0,307.6923076923077,307.6923076923077,307.6923076923077,307.6923076923077,72.33001236411498,72.1485835322103,72.62707776579656,72.82685960063046,38.875,38.0,39.0,39.0,345.75,343.15,348.85,349.0,0.9476343187838605,0.9472262917773742,0.9478832651749303,0.9480519290703888,0.9493096718952402,0.9493096718952402,0.9493096718952402,0.9493096718952402,0.0016753531113796183,0.0014264067203099528,0.002083380117866007,0.002358694245295556,6.522667588076882,5.605161719759271,7.424962410976062,7.448971706697475,0.021198669661249864,0.01821677558921763,0.0241311278356722,0.024209158046766793,0.99851817576145,0.9826926256413925,1.016063406167041,1.017982017982018,0.0,0.0,0.0,0.0,0.0,0.0,0.0,0.0,0.0,0.0,-0.0,-0.0,0.0,0.0,0.0,0.0,1.0,1.0,1.0,1.0,0.41659779045053086,0.41659779045053086,0.41659779045053086,0.41659779045053086,0.0,0.0,0.0,0.0,0.9936468323828183,0.992986097811552,0.994364066127262,0.9947479177982789,0.0063531676171816485,0.005635933872737993,0.0070139021884480105,0.007144818628641413,0.0,0.0,0.0,0.0,0.015755120693023008,0.015275789522136757,0.016255018279620406,0.016402361764653758,0.9932610969308396,0.9930672388014032,0.9934688746697476,0.9935194867226105,1.0135578168253483,0.9619439096289016,1.049897972084889,1.054362443004952,1.0286940642370859,0.9643403459913867,1.1117645527152291,1.117494219281858,1.039475147209079,0.9116052200628265,1.137903392742307,1.2034252863762018,1.027242342757171,0.9659432704892746,1.0820893763460253,1.0953780753609654,1.0715028290002497,1.015707146127174,1.137903392742307,1.2034252863762018,1.0145475610944172,1.0467383571639115,1.0006131439062278
base_stream,1536,ercb_beta_0p006,softmax,token,0.006,24,12000.0,12000.0,12000.0,12000.0,32.0,32.0,32.0,32.0,32.0,32.0,32.0,32.0,39.0,39.0,39.0,39.0,39.0,39.0,39.0,39.0,307.6923076923077,307.6923076923077,307.6923076923077,307.6923076923077,72.05446660390304,71.87503523605486,72.26952886087342,72.36061892768492,39.0,39.0,39.0,39.0,345.5416666666667,343.0,349.55,350.0,0.9480118959678517,0.9477175315318406,0.9482573031390008,0.9485556007919965,0.9493096718952402,0.9493096718952402,0.9493096718952402,0.9493096718952402,0.0012977759273884125,0.001052368756239369,0.0015921403633996078,0.0017171077962295778,6.230852548787087,5.4207578238301135,6.8344900771719646,6.9319032055620955,0.020250270783558035,0.01761746292744787,0.022212092750808887,0.022528685418076812,0.9991038871427103,0.9802322094752992,1.0138602925811901,1.0220661985957875,0.0,0.0,0.0,0.0,0.0,0.0,0.0,0.0,0.0,0.0,-0.0,-0.0,0.0,0.0,0.0,0.0,1.0,1.0,1.0,1.0,0.41659779045053086,0.41659779045053086,0.41659779045053086,0.41659779045053086,0.0,0.0,0.0,0.0,0.9915592483515674,0.9905186723833408,0.9923992087558162,0.9926593573662241,0.008440751648432577,0.007600791244183731,0.009481327616659188,0.009542698198223478,0.0,0.0,0.0,0.0,0.01586540375482826,0.015345479564122416,0.016260740164245387,0.016328323254232696,0.9932060615747016,0.992942172807625,0.9934482947066577,0.9935020288032947,1.0031045478071938,0.9597213443373951,1.0401935817914265,1.041101128262477,1.052968319998729,1.001712614345566,1.112260358751935,1.1783225844719707,1.0655061154213465,0.9760302312610477,1.2136415758109074,1.252799467862125,1.040526327742423,0.9925586163039412,1.1152785281310729,1.144007212445063,1.0861854424785358,1.0084547190387856,1.2136415758109074,1.252799467862125,1.0216492148084437,1.0471068166764883,1.0005577011823543
base_stream,1536,ercb_beta_0p0075,softmax,token,0.0075,24,12000.0,12000.0,12000.0,12000.0,32.0,32.0,32.0,32.0,32.0,32.0,32.0,32.0,39.0,39.0,39.0,39.0,39.0,39.0,39.0,39.0,307.6923076923077,307.6923076923077,307.6923076923077,307.6923076923077,71.681569985615,71.53247443401628,71.821127478498,71.88992791553068,39.0,39.0,39.0,39.0,345.2083333333333,342.15,347.0,347.0,0.9485210962951663,0.9483308799669243,0.948724114439355,0.9487383993012225,0.9493096718952402,0.9493096718952402,0.9493096718952402,0.9493096718952402,0.0007885756000739439,0.0005855574558852273,0.0009787919283157974,0.0010727032096993216,5.481232108246874,4.591965393065214,5.9908047249855585,6.368995412473034,0.017814004351802342,0.014923887527461948,0.019470115356203067,0.020699235090537362,1.0058362130068295,0.9912885797731917,1.0198886637180797,1.0231854838709675,0.0,0.0,0.0,0.0,0.0,0.0,0.0,0.0,0.0,0.0,-0.0,-0.0,0.0,0.0,0.0,0.0,1.0,1.0,1.0,1.0,0.41659779045053086,0.41659779045053086,0.41659779045053086,0.41659779045053086,0.0,0.0,0.0,0.0,0.9877060621299484,0.9869512030265923,0.9887736553829228,0.9888494505343733,0.012293937870051697,0.011226344617077154,0.013048796973407622,0.013061664682157597,0.0,0.0,0.0,0.0,0.015942237946688413,0.01548669768224383,0.016586742208817482,0.016768628206950586,0.9932351852769882,0.9929027598194444,0.9935357486954629,0.993659171510486,1.0078261924849914,0.9709853091449964,1.057718938671065,1.0767244731407137,1.0620214774832841,0.9871579036834093,1.1453296370896457,1.1563357831531145,1.059771598121608,0.9464803438074355,1.1802880324324634,1.3244274700492578,1.0432064226966278,0.9777761799595414,1.1032210863711613,1.1210830416034134,1.0931824708390294,1.011555433341334,1.1802880324324634,1.3244274700492578,1.0265969358370042,1.068099647241022,1.000587040456184
base_stream,1536,ercb_beta_0p01,softmax,token,0.01,24,12000.0,12000.0,12000.0,12000.0,32.0,32.0,32.0,32.0,32.0,32.0,32.0,32.0,39.0,39.0,39.0,39.0,39.0,39.0,39.0,39.0,307.6923076923077,307.6923076923077,307.6923076923077,307.6923076923077,71.46175489408186,71.33749724569212,71.55417660778384,71.60115807907229,39.0,39.0,39.0,39.0,344.5416666666667,342.15,347.85,350.0,0.9488202247899588,0.9486945943746214,0.9489890211240379,0.948998826009369,0.9493096718952402,0.9493096718952402,0.9493096718952402,0.9493096718952402,0.0004894471052814495,0.00032065077120227995,0.0006150775206187564,0.0006790103735773156,4.860919158392904,3.740548199377153,5.831959574483796,5.883484054145521,0.01579798726477694,0.012156781647975748,0.018953868617072336,0.019121323175972944,1.0026084828803514,0.9902961224487795,1.0148775663881404,1.0161127895266868,0.0,0.0,0.0,0.0,0.0,0.0,0.0,0.0,0.0,0.0,-0.0,-0.0,0.0,0.0,0.0,0.0,1.0,1.0,1.0,1.0,0.41659779045053086,0.41659779045053086,0.41659779045053086,0.41659779045053086,0.0,0.0,0.0,0.0,0.9807574779660212,0.9797558398598619,0.9817677097908549,0.9818448011183818,0.019242522033978707,0.018232290209145092,0.020244160140138138,0.020500179108805014,0.0,0.0,0.0,0.0,0.016087109782775822,0.015522113655911078,0.016599108918681292,0.016862635963192263,0.993216721068681,0.99295791432821,0.9934584053684581,0.9934908365086789,1.0071836444899922,0.9664552232220761,1.054454469847903,1.0728651439089492,1.0740012529435103,0.991526164530442,1.1804065811058668,1.1867815543234526,1.0880045602210686,0.9945101453567107,1.2138271383571273,1.3252485963992566,1.0563964858848571,0.9944880997328291,1.119365729868526,1.1673669619141975,1.1082234249442262,1.0333340616607467,1.2138271383571273,1.3252485963992566,1.0359259261276872,1.068895998825726,1.000568439577139
base_stream,1536,ercb_beta_0p0125,softmax,token,0.0125,24,12000.0,12000.0,12000.0,12000.0,32.0,32.0,32.0,32.0,32.0,32.0,32.0,32.0,39.0,39.0,39.0,39.0,39.0,39.0,39.0,39.0,307.6923076923077,307.6923076923077,307.6923076923077,307.6923076923077,71.34337954146342,71.2742279830343,71.40669138040525,71.4247510953558,39.0,39.0,39.0,39.0,343.6666666666667,341.0,345.85,347.0,0.948981024404318,0.94889507713239,0.9490748595373314,0.9491105509337606,0.9493096718952402,0.9493096718952402,0.9493096718952402,0.9493096718952402,0.0003286474909222348,0.00023481235790880905,0.0004145947628502566,0.00043912634330611766,4.28381393511599,3.781085036889504,4.666541432645288,4.867474467555808,0.013922395289126968,0.012288526369890888,0.015166259656097188,0.015819292019556376,0.9977667995324028,0.98342467985082,1.011073754874158,1.0129870129870129,0.0,0.0,0.0,0.0,0.0,0.0,0.0,0.0,0.0,0.0,-0.0,-0.0,0.0,0.0,0.0,0.0,1.0,1.0,1.0,1.0,0.41659779045053086,0.41659779045053086,0.41659779045053086,0.41659779045053086,0.0,0.0,0.0,0.0,0.973896477650284,0.9728335903771707,0.9756860503522471,0.9764287460791293,0.026103522349715986,0.0243139496477529,0.0271664096228294,0.027381561276248887,0.0,0.0,0.0,0.0,0.016100055837167632,0.015576067927023087,0.016617519443120753,0.01673636288860747,0.9931269431615449,0.9928288485280465,0.993442667494898,0.9934600906087304,1.0079294556494545,0.968458388495037,1.0499744522281174,1.071347724410038,1.0749483327895006,1.0051407037000402,1.1345421143841832,1.1963487993230262,1.081643184491635,0.9876984693901404,1.1932900076671675,1.258528797683336,1.0548403243101967,0.9908058704503666,1.106349527453958,1.1685533170831233,1.1029213677359142,1.0051407037000402,1.1932900076671675,1.258528797683336,1.0367595844769262,1.0700815405319724,1.0004779971404119
base_stream,1536,ercb_beta_0p015,softmax,token,0.015,24,12000.0,12000.0,12000.0,12000.0,32.0,32.0,32.0,32.0,32.0,32.0,32.0,32.0,39.0,39.0,39.0,39.0,39.0,39.0,39.0,39.0,307.6923076923077,307.6923076923077,307.6923076923077,307.6923076923077,71.2774097974383,71.20531955251701,71.36872571213412,71.42187908913678,39.0,39.0,39.0,39.0,343.25,341.0,346.0,348.0,0.9490705259650483,0.9489466317914516,0.9491682778470302,0.9491764272983457,0.9493096718952402,0.9493096718952402,0.9493096718952402,0.9493096718952402,0.00023914593019177163,0.0001413940482099807,0.00036304010378868096,0.00043522478757751504,3.8736438538580784,3.2385002409808874,4.966083963032837,5.301185160184852,0.012589342525038754,0.010525125783187884,0.01613977287985672,0.01722885177060077,1.0017062177043512,0.9875648834083751,1.0158953996703084,1.0189620758483033,0.0,0.0,0.0,0.0,0.0,0.0,0.0,0.0,0.0,0.0,-0.0,-0.0,0.0,0.0,0.0,0.0,1.0,1.0,1.0,1.0,0.41659779045053086,0.41659779045053086,0.41659779045053086,0.41659779045053086,0.0,0.0,0.0,0.0,0.9667535593899496,0.9647436347820354,0.9680317093271464,0.9681507297204254,0.03324644061005053,0.03196829067285355,0.03525636521796459,0.035309283181036204,0.0,0.0,0.0,0.0,0.016159728832851297,0.01571404260407671,0.016566261297542493,0.016663315238024987,0.9931929205845726,0.9929559493525043,0.9934909761904248,0.993604974503817,1.0195285966135905,0.9881047314398741,1.0470094894301525,1.0588281637122203,1.0871930247379777,1.0176860225783522,1.1555398730100008,1.1857617953078898,1.0951969150257506,0.9961914596314998,1.1960219536543508,1.2741954107183222,1.0673061787924396,1.0369848743009742,1.119775032251913,1.1431598344630183,1.1144879401388443,1.059038258066412,1.1961527912951928,1.2741954107183222,1.0406022140202764,1.0667807834260192,1.0005444629235647
base_stream,1536,ercb_beta_0p02,softmax,token,0.02,24,12000.0,12000.0,12000.0,12000.0,32.0,32.0,32.0,32.0,32.0,32.0,32.0,32.0,39.0,39.0,39.0,39.0,39.0,39.0,39.0,39.0,307.6923076923077,307.6923076923077,307.6923076923077,307.6923076923077,71.22644167402713,71.19176120236746,71.26251712407353,71.2806493129056,39.0,39.0,39.0,39.0,342.5416666666667,341.0,344.0,345.0,0.9491396463892094,0.9490907410237542,0.9491866511554394,0.9491993641788059,0.9493096718952402,0.9493096718952402,0.9493096718952402,0.9493096718952402,0.00017002550603079092,0.00012302073980072215,0.00021893087148590616,0.0002435213518365842,3.505545284720666,2.9798452574006755,4.086874598537774,4.248680036350355,0.011393022175342165,0.009684497086552196,0.013282342445247767,0.013808210118138655,1.0009423078648312,0.9851833498513379,1.0108890517023048,1.0148957298907646,0.0,0.0,0.0,0.0,0.0,0.0,0.0,0.0,0.0,0.0,-0.0,-0.0,0.0,0.0,0.0,0.0,1.0,1.0,1.0,1.0,0.41659779045053086,0.41659779045053086,0.41659779045053086,0.41659779045053086,0.0,0.0,0.0,0.0,0.9540377069428058,0.9525490335961451,0.9556674879818943,0.9562928579427558,0.04596229305719431,0.04433251201810578,0.04745096640385493,0.0479274067390561,0.0,0.0,0.0,0.0,0.016197718700026977,0.01584248406050143,0.01662896771603501,0.016827980891970833,0.9931782912979831,0.992839619022231,0.9934624639448824,0.9935247054239246,1.014943575649887,0.9667397463355585,1.07417341254957,1.079620791740481,1.0928900407639965,0.9960665201328169,1.168538431244952,1.2124805516907204,1.104970406374344,1.0061903719842364,1.1972871818566877,1.2849968424118512,1.0709346742627428,1.0058003795728279,1.1142328891812983,1.1518730031723887,1.120059647034833,1.0326541575720654,1.2104523088845345,1.2849968424118512,1.043048563232089,1.070818749569606,1.000529725352051
base_stream,1536,ercb_beta_inf,least_count,token,inf,24,12000.0,12000.0,12000.0,12000.0,32.0,32.0,32.0,32.0,32.0,32.0,32.0,32.0,39.0,39.0,39.0,39.0,39.0,39.0,39.0,39.0,307.6923076923077,307.6923076923077,307.6923076923077,307.6923076923077,71.10092279907262,71.10092279907262,71.10092279907262,71.10092279907262,39.0,39.0,39.0,39.0,335.0,335.0,335.0,335.0,0.9493096718952402,0.9493096718952402,0.9493096718952402,0.9493096718952402,0.9493096718952402,0.9493096718952402,0.9493096718952402,0.9493096718952402,0.0,0.0,0.0,0.0,0.0,0.0,0.0,0.0,0.0,0.0,0.0,0.0,1.0000000825883861,0.9991542288557215,1.0008466135458167,1.000996015936255,0.0,0.0,0.0,0.0,0.0,0.0,0.0,0.0,0.0,0.0,-0.0,-0.0,0.0,0.0,0.0,0.0,1.0,1.0,1.0,1.0,0.41659779045053086,0.41659779045053086,0.41659779045053086,0.41659779045053086,0.0,0.0,0.0,0.0,0.7307456306302408,0.7307456306302409,0.7307456306302409,0.7307456306302409,0.2692543693697591,0.2692543693697591,0.2692543693697591,0.2692543693697591,0.0,0.0,0.0,0.0,0.01625368930757157,0.015824344458182982,0.01673781804861211,0.01686208871761793,0.9932109606644385,0.9929817886086609,0.993459552269581,0.9936126556204673,1.0193745077013558,0.9789081530954084,1.0674389915310043,1.0755495336494385,1.0963602572340492,1.0250616697223138,1.1697203687453186,1.1923689146511487,1.1049412903394202,0.9985606158615041,1.2475679269911846,1.346695539284807,1.0735586850916086,1.018146050019841,1.1408866891372473,1.187239651705206,1.1278251991902644,1.0517150817775085,1.2475679269911846,1.346695539284807,1.0466527782986539,1.0778281429974401,1.0005626365348
base_stream,2048,ercb_beta_0,softmax,token,0.0,24,12000.0,12000.0,12000.0,12000.0,32.0,32.0,32.0,32.0,32.0,32.0,32.0,32.0,37.0,37.0,37.0,37.0,37.0,37.0,37.0,37.0,324.3243243243243,324.3243243243243,324.3243243243243,324.3243243243243,70.24740947083068,69.63770788052497,71.294701247028,71.32114430197726,47.958333333333336,44.15,50.849999999999994,52.0,359.25,357.0,362.0,364.0,0.9551860896064254,0.9539043081247581,0.9559287406752947,0.956580530708487,0.9613583224008867,0.9613583224008867,0.9613583224008867,0.9613583224008867,0.0061722327944614035,0.005429581725592003,0.007454014276128573,0.007486630066901756,8.724359644002236,7.635698106255147,10.032212080192625,10.120890891242354,0.026900108902340233,0.023543402494286703,0.03093265391392726,0.03120608024799726,1.000500235395241,0.9858129132372608,1.0130915980553488,1.0321637426900585,0.0,0.0,0.0,0.0,0.0,0.0,0.0,0.0,0.0,0.0,-0.0,-0.0,0.0,0.0,0.0,0.0,1.0,1.0,1.0,1.0,0.38000313112484174,0.38000313112484174,0.38000313112484174,0.38000313112484174,0.0,0.0,0.0,0.0,1.0,1.0,1.0,1.0,0.0,0.0,0.0,0.0,0.0,0.0,0.0,0.0,0.013095002020986244,0.0126480420440255,0.013442329666373789,0.013480257183749835,0.9940490674202875,0.9938677068939745,0.9943093478794267,0.9943456286691592,1.0026319484029032,0.9446710993522126,1.05918012862694,1.063975820871568,0.9784540940157518,0.9102303688998808,1.0264083345065986,1.0430656813227535,0.9736983967626752,0.8848343299824335,1.1433986032622816,1.181151909824566,0.9849281463937767,0.9361728113992134,1.0357795546765,1.043958920205818,1.035752458561067,0.997112522459927,1.1433986032622816,1.181151909824566,1.0,1.026523680166747,1.0
base_stream,2048,ercb_beta_0p001,softmax,token,0.001,24,12000.0,12000.0,12000.0,12000.0,32.0,32.0,32.0,32.0,32.0,32.0,32.0,32.0,37.0,37.0,37.0,37.0,37.0,37.0,37.0,37.0,324.3243243243243,324.3243243243243,324.3243243243243,324.3243243243243,68.70775747901945,68.09697061168231,69.39056198800782,70.13155747788005,50.791666666666664,48.0,53.0,54.0,357.5416666666667,355.0,360.0,361.0,0.957046082752095,0.9562272728165997,0.9577758951208576,0.957807998925978,0.9613583224008867,0.9613583224008867,0.9613583224008867,0.9613583224008867,0.004312239648791645,0.0035824272800291045,0.00513104958428705,0.006028851756509357,7.207626889792716,6.41914296248166,8.080172508201565,8.298485697093469,0.02222351624352754,0.019792357467651785,0.024913865233621497,0.025586997566038196,1.0012153519611762,0.9827738883632924,1.0151249675269456,1.0329776915615907,0.0,0.0,0.0,0.0,0.0,0.0,0.0,0.0,0.0,0.0,-0.0,-0.0,0.0,0.0,0.0,0.0,1.0,1.0,1.0,1.0,0.38000313112484174,0.38000313112484174,0.38000313112484174,0.38000313112484174,0.0,0.0,0.0,0.0,0.9997312019080246,0.9995531776239791,0.9998948867699599,1.0000381002450496,0.00026879809197545226,0.00010511323004011466,0.00044682237602094006,0.0004661876633634266,0.0,0.0,0.0,0.0,0.01314162369080032,0.012732171944492728,0.013536890839285146,0.013588777245302988,0.9941489688085591,0.9939244732072315,0.9944226342582715,0.9946570830996425,1.0016366552772047,0.9667116000293303,1.0412658019415142,1.0817616628962436,0.9821714417925137,0.9011401879771408,1.0384823004766324,1.0611819558892934,1.0058762106253167,0.9282073841332473,1.0992112796961702,1.1306881457314488,0.9965614358983451,0.9575722723681692,1.0410370991165856,1.0522300198448493,1.0366192648955452,0.9924453013200608,1.0992112796961702,1.1306881457314488,1.0035602644229729,1.0337448453685403,1.000100499453745
base_stream,2048,ercb_beta_0p002,softmax,token,0.002,24,12000.0,12000.0,12000.0,12000.0,32.0,32.0,32.0,32.0,32.0,32.0,32.0,32.0,37.0,37.0,37.0,37.0,37.0,37.0,37.0,37.0,324.3243243243243,324.3243243243243,324.3243243243243,324.3243243243243,67.51100074675556,66.86982155294211,67.99489410108855,68.165162717676,53.0,51.0,55.0,55.0,357.8333333333333,356.0,361.0,361.0,0.958468294083103,0.9578970621662978,0.9592224947581982,0.9595044095757581,0.9613583224008867,0.9613583224008867,0.9613583224008867,0.9613583224008867,0.0028900283177837097,0.002135827642688459,0.0034612602345889644,0.003663455637391788,6.244298849654836,5.084668591936364,7.007007562826378,7.562353416046435,0.019253254786435744,0.015677728158470454,0.021604939985381332,0.023317256366143176,0.9984130285665623,0.9786261808733596,1.019253166808662,1.0204678362573099,0.0,0.0,0.0,0.0,0.0,0.0,0.0,0.0,0.0,0.0,-0.0,-0.0,0.0,0.0,0.0,0.0,1.0,1.0,1.0,1.0,0.38000313112484174,0.38000313112484174,0.38000313112484174,0.38000313112484174,0.0,0.0,0.0,0.0,0.998991365547059,0.9985797103502355,0.9993967938272439,0.9995250310390831,0.001008634452940975,0.0006032061727560624,0.0014202896497644882,0.0014360168278259526,0.0,0.0,0.0,0.0,0.012952571697600807,0.012633315195089095,0.013323366935320057,0.013803980286149414,0.9942031232560877,0.9938808394235696,0.9944208557081374,0.9944500290498395,1.0044830634070494,0.9587405842082523,1.053783959440171,1.0627630271801196,0.9688060067639833,0.9263913372106076,1.013561989913495,1.056113838046447,0.984795670886442,0.8960244491467276,1.097566718031756,1.155128966485868,0.9860282470191581,0.9405084008413542,1.0441099709638915,1.063696318909577,1.028068658780936,0.9664588001956274,1.097566718031756,1.155128966485868,0.9891233064983742,1.0174390896593855,1.0001549781000247
base_stream,2048,ercb_beta_0p003,softmax,token,0.003,24,12000.0,12000.0,12000.0,12000.0,32.0,32.0,32.0,32.0,32.0,32.0,32.0,32.0,37.0,37.0,37.0,37.0,37.0,37.0,37.0,37.0,324.3243243243243,324.3243243243243,324.3243243243243,324.3243243243243,66.5528575452236,66.14020845570032,66.95335141837522,67.05667391420002,54.375,53.0,55.0,55.0,356.375,354.0,359.0,361.0,0.9595919945991175,0.9591247230350396,0.9600721476019727,0.9601440087993998,0.9613583224008867,0.9613583224008867,0.9613583224008867,0.9613583224008867,0.0017663278017692602,0.0012861747989139638,0.0022335993658471162,0.0023546760425918745,5.400210553596909,4.645441056379028,6.1844983877125514,6.592378892286112,0.0166506492069238,0.014323443257168667,0.01906887002878037,0.020326501584548844,0.9983129886499732,0.9855392370493041,1.0066175181392574,1.0076190476190476,0.0,0.0,0.0,0.0,0.0,0.0,0.0,0.0,0.0,0.0,-0.0,-0.0,0.0,0.0,0.0,0.0,1.0,1.0,1.0,1.0,0.38000313112484174,0.38000313112484174,0.38000313112484174,0.38000313112484174,0.0,0.0,0.0,0.0,0.9978280585595155,0.9973506218060002,0.9982018396799657,0.9985157625964345,0.0021719414404845123,0.0017981603200343016,0.002649378193999752,0.0028266625108343247,0.0,0.0,0.0,0.0,0.013108770605787306,0.012777388119832972,0.013405323135277179,0.013408580861705866,0.9941639280885891,0.9939176063902074,0.9944797937144584,0.9945079900776654,1.002670353222393,0.9578190284248136,1.0386936117120658,1.056160873604578,0.9947812672688466,0.957984306417894,1.0416125941451606,1.0526468427359437,1.0248048239369292,0.9494777570161517,1.133026102240391,1.1823355112056153,1.0074188148093897,0.9752307818195906,1.0451855432148454,1.0711783929509702,1.0443753328016734,1.0058062911586443,1.133026102240391,1.1823355112056153,1.0010514381577793,1.0236976759372476,1.0001155482883755
base_stream,2048,ercb_beta_0p004,softmax,token,0.004,24,12000.0,12000.0,12000.0,12000.0,32.0,32.0,32.0,32.0,32.0,32.0,32.0,32.0,37.0,37.0,37.0,37.0,37.0,37.0,37.0,37.0,324.3243243243243,324.3243243243243,324.3243243243243,324.3243243243243,66.09416834765175,65.77693778572619,66.50592491931741,66.52252374259416,54.791666666666664,54.0,55.0,55.0,356.2083333333333,354.0,360.0,362.0,0.9601250801770144,0.9596472394434101,0.9604922645627817,0.9605103511665866,0.9613583224008867,0.9613583224008867,0.9613583224008867,0.9613583224008867,0.001233242223872393,0.0008660578381050555,0.001711082957476523,0.0017304149232514332,4.824661664196769,4.281382843672535,5.5699453796446505,5.723351881263003,0.014876040131273372,0.013200930434656985,0.017173998253904338,0.01764700163389426,1.001443865628354,0.9849769823579972,1.012393044877191,1.0204479065238559,0.0,0.0,0.0,0.0,0.0,0.0,0.0,0.0,0.0,0.0,-0.0,-0.0,0.0,0.0,0.0,0.0,1.0,1.0,1.0,1.0,0.38000313112484174,0.38000313112484174,0.38000313112484174,0.38000313112484174,0.0,0.0,0.0,0.0,0.9965444210697995,0.9959600623871916,0.9971113207767162,0.9975328069891638,0.003455578930200546,0.0028886792232838423,0.004039937612808345,0.004515919047558099,0.0,0.0,0.0,0.0,0.01301203347238887,0.012609175501418154,0.013276844468011745,0.013805200349318,0.9942290295781687,0.9939935076252693,0.9944670165831938,0.9944929572247245,1.010807358540075,0.9652470730064219,1.0487443479114462,1.0652590473417405,0.967180055047478,0.9076843788686825,1.0363410948617862,1.0663466289627115,0.9960729267222126,0.8795721290637804,1.1233421954073093,1.2900297640162546,0.991353446769922,0.921042848210724,1.053448154133265,1.1208553909912846,1.041157477182599,0.9658208727779365,1.1233421954073093,1.2900297640162546,0.993664105705031,1.013886400837058,1.0001810395118103
base_stream,2048,ercb_beta_0p005,softmax,token,0.005,24,12000.0,12000.0,12000.0,12000.0,32.0,32.0,32.0,32.0,32.0,32.0,32.0,32.0,37.0,37.0,37.0,37.0,37.0,37.0,37.0,37.0,324.3243243243243,324.3243243243243,324.3243243243243,324.3243243243243,65.83374419221646,65.53575001803297,66.10098860973675,66.18812421201876,54.958333333333336,55.0,55.0,55.0,356.0833333333333,353.15,359.85,361.0,0.9604264160925582,0.9601175984939924,0.960770112823553,0.9609353360186671,0.9613583224008867,0.9613583224008867,0.9613583224008867,0.9613583224008867,0.0009319063083285071,0.000588209577333787,0.0012407239068942864,0.001341733314227267,4.571696735426975,3.84508836554106,5.290736107809077,5.6759330700966,0.014096064934233174,0.011855689127084935,0.01631310299907799,0.01750079363279785,0.9995020936807585,0.9822197175448125,1.016846755601316,1.0225048923679059,0.0,0.0,0.0,0.0,0.0,0.0,0.0,0.0,0.0,0.0,-0.0,-0.0,0.0,0.0,0.0,0.0,1.0,1.0,1.0,1.0,0.38000313112484174,0.38000313112484174,0.38000313112484174,0.38000313112484174,0.0,0.0,0.0,0.0,0.9948150180768899,0.9941711745832932,0.9954721656895624,0.9960304608496284,0.005184981923109983,0.004527834310437617,0.0058288254167068515,0.005843514287242995,0.0,0.0,0.0,0.0,0.013109316380754804,0.012694001558615525,0.013489153637678443,0.01379423928440472,0.9942255622536201,0.9939117239335976,0.9945071116713183,0.994666510927847,1.0009997229828038,0.9386183532795744,1.0657924738644349,1.067936951250577,0.9769670195928892,0.9110579381428272,1.042792918939106,1.0514431457418083,1.0276661873559718,0.9029941347581557,1.1389245038106304,1.314377305429456,1.001877643310555,0.9418761222974614,1.0483766699607375,1.0986104314970124,1.0561736865995544,0.9791530415875171,1.1389245038106304,1.314377305429456,1.0010931162702854,1.0300993933456846,1.0001775514299216
base_stream,2048,ercb_beta_0p006,softmax,token,0.006,24,12000.0,12000.0,12000.0,12000.0,32.0,32.0,32.0,32.0,32.0,32.0,32.0,32.0,37.0,37.0,37.0,37.0,37.0,37.0,37.0,37.0,324.3243243243243,324.3243243243243,324.3243243243243,324.3243243243243,65.58837772962885,65.43746777802014,65.8319936545029,65.96848307850195,55.0,55.0,55.0,55.0,356.25,354.0,359.85,362.0,0.9607094236534023,0.9604287177039514,0.960883094106035,0.9609728248229958,0.9613583224008867,0.9613583224008867,0.9613583224008867,0.9613583224008867,0.0006488987474844813,0.00047522829485167065,0.0009296046969352711,0.0010873339279395822,4.345980164535139,3.5286368453749213,5.234017454996443,5.482157791787286,0.013400105507316679,0.010879963606572673,0.01613822048623903,0.0169033198580108,1.000630898812666,0.9864672364672364,1.016900694705481,1.0203094777562862,0.0,0.0,0.0,0.0,0.0,0.0,0.0,0.0,0.0,0.0,-0.0,-0.0,0.0,0.0,0.0,0.0,1.0,1.0,1.0,1.0,0.38000313112484174,0.38000313112484174,0.38000313112484174,0.38000313112484174,0.0,0.0,0.0,0.0,0.99288821293217,0.992116186587021,0.9937192662546117,0.9939876995276197,0.007111787067829893,0.006280733745388232,0.007883813412979005,0.007991708942452505,0.0,0.0,0.0,0.0,0.013035948582122758,0.01269805650642048,0.013465031977104592,0.01351951830196316,0.9942355045645906,0.9939425456844584,0.9944480405052175,0.9947031538839287,1.021002873675209,0.9766668666803205,1.0705141810937886,1.07248793272661,0.9915290962965836,0.936257864979018,1.0550047901148734,1.1002445642106997,1.0244696574766783,0.9170673276648307,1.16420635116313,1.2189862256036905,1.0123338758161569,0.9606897102820692,1.084302511611443,1.1120354041864606,1.0535032079636697,0.9878005642454697,1.16420635116313,1.2189862256036905,0.9954903833715455,1.0282573424215844,1.000187553261115
base_stream,2048,ercb_beta_0p0075,softmax,token,0.0075,24,12000.0,12000.0,12000.0,12000.0,32.0,32.0,32.0,32.0,32.0,32.0,32.0,32.0,37.0,37.0,37.0,37.0,37.0,37.0,37.0,37.0,324.3243243243243,324.3243243243243,324.3243243243243,324.3243243243243,65.40384672809058,65.26909036233616,65.55756812359202,65.71480315935818,55.0,55.0,55.0,55.0,354.9583333333333,352.0,358.7,359.0,0.960921629593685,0.9607450187956388,0.9610763140081807,0.9611460705745531,0.9613583224008867,0.9613583224008867,0.9613583224008867,0.9613583224008867,0.0004366928072016875,0.0002820083927060235,0.0006133036052479057,0.000794394530112319,3.8906389225193454,3.143207590679245,4.5202248210053035,4.579625855129758,0.01199613667776798,0.009691556737927673,0.013937359864766352,0.014120513053316755,0.9992788764457105,0.9860398708938961,1.013204293263127,1.0135396518375241,0.0,0.0,0.0,0.0,0.0,0.0,0.0,0.0,0.0,0.0,-0.0,-0.0,0.0,0.0,0.0,0.0,1.0,1.0,1.0,1.0,0.38000313112484174,0.38000313112484174,0.38000313112484174,0.38000313112484174,0.0,0.0,0.0,0.0,0.9897599956281619,0.9890593457768352,0.9911138720528053,0.9913054616951342,0.010240004371838177,0.008886127947194681,0.010940654223164831,0.011329255050048267,0.0,0.0,0.0,0.0,0.013134638603940077,0.012684086240377597,0.01360984500352149,0.013739194619801236,0.9942862691375433,0.994012053001686,0.9944737933053583,0.9945599775121903,1.015824479891104,0.9767944699629902,1.07647680653672,1.0816425594346704,0.9977620477898052,0.9210311778601554,1.0588854555897793,1.0696608861145294,1.03839033216436,0.9074602269799239,1.1343256084323337,1.188326353879584,1.017325619948423,0.9549965535867038,1.0646639036102266,1.085400890470197,1.0657610721050894,1.0105199137232055,1.1343256084323337,1.188326353879584,1.0030268481738538,1.0393159910712615,1.0002386217391375
base_stream,2048,ercb_beta_0p01,softmax,token,0.01,24,12000.0,12000.0,12000.0,12000.0,32.0,32.0,32.0,32.0,32.0,32.0,32.0,32.0,37.0,37.0,37.0,37.0,37.0,37.0,37.0,37.0,324.3243243243243,324.3243243243243,324.3243243243243,324.3243243243243,65.25357602997603,65.16395196999964,65.32019018508619,65.41429468294974,55.0,55.0,55.0,55.0,354.7916666666667,352.0,357.85,359.0,0.9610940746364465,0.96101772032902,0.961196750998767,0.961208264420597,0.9613583224008867,0.9613583224008867,0.9613583224008867,0.9613583224008867,0.00026424776444022396,0.00016157140211973676,0.00034060207186670797,0.00044860995792272984,3.3971751195438777,2.8221769454699994,3.947268768596489,3.9660723303704044,0.010474623285260288,0.008701712248532499,0.012170745369839175,0.01222872301864208,0.9992495787988123,0.9860354097144975,1.0096525096525097,1.0106796116504855,0.0,0.0,0.0,0.0,0.0,0.0,0.0,0.0,0.0,0.0,-0.0,-0.0,0.0,0.0,0.0,0.0,1.0,1.0,1.0,1.0,0.38000313112484174,0.38000313112484174,0.38000313112484174,0.38000313112484174,0.0,0.0,0.0,0.0,0.984093511760508,0.9833743849000819,0.9850479070529703,0.9851387038506311,0.015906488239491878,0.014952092947029743,0.01662561509991813,0.016694833784796654,0.0,0.0,0.0,0.0,0.013124171513283803,0.0124896365570952,0.013524975909649626,0.01370620196208431,0.9943036263189677,0.9940983315839117,0.9945353822060041,0.9946148155247188,1.02296348948829,0.9720026381877735,1.0671434410286047,1.0721577730371001,0.990390468730038,0.8881647502561356,1.0467449533887407,1.0712746025205526,1.0305577925516827,0.9064794902295615,1.143040039811715,1.1603625340425414,1.01463725025667,0.936746819003483,1.0577488605724648,1.0617012789543558,1.0586630028685458,1.0142829822942803,1.143040039811715,1.1603625340425414,1.0022275286594695,1.0328349616116363,1.0002560828303384
base_stream,2048,ercb_beta_0p0125,softmax,token,0.0125,24,12000.0,12000.0,12000.0,12000.0,32.0,32.0,32.0,32.0,32.0,32.0,32.0,32.0,37.0,37.0,37.0,37.0,37.0,37.0,37.0,37.0,324.3243243243243,324.3243243243243,324.3243243243243,324.3243243243243,65.1992820811982,65.13099233024681,65.28180166458966,65.29229665834892,55.0,55.0,55.0,55.0,354.3333333333333,353.0,356.0,358.0,0.9611562807987757,0.961061742071608,0.9612344737078587,0.9612761646020946,0.9613583224008867,0.9613583224008867,0.9613583224008867,0.9613583224008867,0.0002020416021109167,0.00012384869302792256,0.0002965803292787172,0.00030861265191439724,3.1416469363854986,2.5212150007811225,3.637578416891104,4.191368221424547,0.009686744720521953,0.007773746252408461,0.011215866785414237,0.012923385349392353,0.9967432637704099,0.9847042771117216,1.010860052599183,1.017391304347826,0.0,0.0,0.0,0.0,0.0,0.0,0.0,0.0,0.0,0.0,-0.0,-0.0,0.0,0.0,0.0,0.0,1.0,1.0,1.0,1.0,0.38000313112484174,0.38000313112484174,0.38000313112484174,0.38000313112484174,0.0,0.0,0.0,0.0,0.9783085208405314,0.9772798891372831,0.9797050630339589,0.9799802171375119,0.021691479159468535,0.020294936966041142,0.022720110862716882,0.022802008687281737,0.0,0.0,0.0,0.0,0.013117088727183706,0.01279718512188182,0.01340718228989828,0.013678169808224965,0.9943545752511339,0.9940624937761846,0.9946061553822941,0.994690603040427,1.0234295815718706,0.9885604922437511,1.0653368704579451,1.0890821669091488,0.9908883144847022,0.9369589488364913,1.0633892732268828,1.0774693233405173,1.035711665424105,0.9722453488105033,1.1000780346590042,1.1518038688465584,1.016676520493559,0.9851434538612938,1.050361334572649,1.0899410397555727,1.0550098414309075,1.0136655935919077,1.1000780346590042,1.1518038688465584,1.0016866516066256,1.0238396503041185,1.0003073367712514
base_stream,2048,ercb_beta_0p015,softmax,token,0.015,24,12000.0,12000.0,12000.0,12000.0,32.0,32.0,32.0,32.0,32.0,32.0,32.0,32.0,37.0,37.0,37.0,37.0,37.0,37.0,37.0,37.0,324.3243243243243,324.3243243243243,324.3243243243243,324.3243243243243,65.15349900909136,65.09114343279494,65.23738177832203,65.284845331431,55.0,55.0,55.0,55.0,353.7083333333333,351.15,356.0,356.0,0.9612087023291446,0.9611126512614214,0.961280058500379,0.9612923101127925,0.9613583224008867,0.9613583224008867,0.9613583224008867,0.9613583224008867,0.00014962007174225875,7.826390050769128e-05,0.0002456711394652865,0.00030006912292723786,2.869142638307109,2.3664999355801912,3.407387653573592,3.6465459406536067,0.008846523134780253,0.007296708134705589,0.01050611193185191,0.01124351665034862,1.001933855040087,0.9828624022723826,1.0152802414353315,1.021297192642788,0.0,0.0,0.0,0.0,0.0,0.0,0.0,0.0,0.0,0.0,-0.0,-0.0,0.0,0.0,0.0,0.0,1.0,1.0,1.0,1.0,0.38000313112484174,0.38000313112484174,0.38000313112484174,0.38000313112484174,0.0,0.0,0.0,0.0,0.9727681597482324,0.9715754871273856,0.9740904777030867,0.9743703629841898,0.0272318402517675,0.025909522296913325,0.02842451287261435,0.028564845728564086,0.0,0.0,0.0,0.0,0.013053333315151636,0.01280378947588966,0.013282797133817357,0.013348850748666919,0.9943114057508128,0.9940835116429197,0.9944433715296206,0.9947000308686317,1.0232027583428622,0.978196751991193,1.0614869734090373,1.0769229598600933,0.9905386094739773,0.9247235219771798,1.057645489421384,1.0612150046454953,1.0135384662441336,0.9235640264919804,1.087985184912689,1.1132417074847811,1.0090932780203243,0.9595337579126273,1.0483568521998485,1.0510969246426847,1.0481186332158263,1.0072352783271097,1.087985184912689,1.1132417074847811,0.9968179687358713,1.0143409762388849,1.0002639088342047
base_stream,2048,ercb_beta_0p02,softmax,token,0.02,24,12000.0,12000.0,12000.0,12000.0,32.0,32.0,32.0,32.0,32.0,32.0,32.0,32.0,37.0,37.0,37.0,37.0,37.0,37.0,37.0,37.0,324.3243243243243,324.3243243243243,324.3243243243243,324.3243243243243,65.11329229659492,65.07885197579547,65.14615750836147,65.19121730519113,55.0,55.0,55.0,55.0,353.1666666666667,351.0,355.0,355.0,0.9612547183639207,0.9612171193934576,0.9612941146466568,0.9613065566020504,0.9613583224008867,0.9613583224008867,0.9613583224008867,0.9613583224008867,0.00010360403696584956,6.420775422989466e-05,0.00014120300742913593,0.00019278744211470578,2.6019225030255435,2.0852957501465017,3.1352384656908767,3.4641016151377544,0.008022594384328759,0.006429661896285047,0.009666985269213536,0.010680979980008077,1.002152736928289,0.9924769746536988,1.01680322348927,1.0183930300096806,0.0,0.0,0.0,0.0,0.0,0.0,0.0,0.0,0.0,0.0,-0.0,-0.0,0.0,0.0,0.0,0.0,1.0,1.0,1.0,1.0,0.38000313112484174,0.38000313112484174,0.38000313112484174,0.38000313112484174,0.0,0.0,0.0,0.0,0.9618402121652183,0.9604937648550086,0.9634548273509742,0.9640764111801817,0.03815978783478171,0.036545172649025764,0.039506235144991415,0.0400330889741896,0.0,0.0,0.0,0.0,0.013131923680617774,0.012728702968509956,0.01369065152994382,0.013697448712797978,0.9943317107222233,0.9940606015385769,0.9946331988700949,0.9946930281068019,1.0251385033475655,0.9914471640653855,1.0538610600078058,1.0889398495801064,1.0039730769607298,0.935206142404083,1.0758648849141308,1.112546698162517,1.0222639992866591,0.8843704259125095,1.1738355940230856,1.1787343891917896,1.017125193198318,0.9526890509382366,1.0865572673934216,1.0886336668322631,1.0645865131030046,1.012003338124915,1.1738355940230856,1.1787343891917896,1.0028195230189625,1.0454867825146554,1.000284335362508
base_stream,2048,ercb_beta_inf,least_count,token,inf,24,12000.0,12000.0,12000.0,12000.0,32.0,32.0,32.0,32.0,32.0,32.0,32.0,32.0,37.0,37.0,37.0,37.0,37.0,37.0,37.0,37.0,324.3243243243243,324.3243243243243,324.3243243243243,324.3243243243243,65.0226796416966,65.0226796416966,65.0226796416966,65.0226796416966,55.0,55.0,55.0,55.0,347.0,347.0,347.0,347.0,0.9613583224008867,0.9613583224008867,0.9613583224008867,0.9613583224008867,0.9613583224008867,0.9613583224008867,0.9613583224008867,0.9613583224008867,0.0,0.0,0.0,0.0,0.0,0.0,0.0,0.0,0.0,0.0,0.0,0.0,0.9998806563156984,0.998076923076923,1.001926782273603,1.0028901734104045,0.0,0.0,0.0,0.0,0.0,0.0,0.0,0.0,0.0,0.0,-0.0,-0.0,0.0,0.0,0.0,0.0,1.0,1.0,1.0,1.0,0.38000313112484174,0.38000313112484174,0.38000313112484174,0.38000313112484174,0.0,0.0,0.0,0.0,0.7700357033084045,0.7700357033084045,0.7700357033084045,0.7700357033084045,0.2299642966915955,0.22996429669159552,0.22996429669159552,0.22996429669159552,0.0,0.0,0.0,0.0,0.013148154882943486,0.01275640525582162,0.013435574293556834,0.013628269563012213,0.9942595363720391,0.9941195621578065,0.9944278687869131,0.9945380184345872,1.0167161365169868,0.9769270440490815,1.0734081208219866,1.082726825177303,0.9933572409198111,0.9262608875799482,1.0775798675597819,1.1187185954736125,1.0342400485057808,0.9242832829252027,1.137617281669502,1.1724868589010067,1.0147711419808596,0.9550037706884161,1.079676288092267,1.0846870520905425,1.0563161984882092,0.9896283988979537,1.137617281669502,1.1724868589010067,1.004059018996107,1.0260078060335374,1.0002117289363772
long_stream,640,ercb_beta_0,softmax,token,0.0,24,18000.0,18000.0,18000.0,18000.0,32.0,32.0,32.0,32.0,32.0,32.0,32.0,32.0,60.0,60.0,60.0,60.0,60.0,60.0,60.0,60.0,300.0,300.0,300.0,300.0,140.15273785550755,139.20332139832718,141.31965876317022,141.89738076041667,1.4583333333333333,0.0,2.849999999999998,3.0,429.125,422.0,435.0,435.0,0.8208462621726734,0.8183957389282341,0.822837847796001,0.8234446274660261,0.8987052652811517,0.8987052652811516,0.8987052652811516,0.8987052652811516,0.07785900310847821,0.07586741748515063,0.08030952635291744,0.08152535919025572,65.50368015721678,64.17364966033601,67.04832725819412,68.18699778305734,0.2183456005240559,0.21391216553445339,0.2234944241939804,0.22728999261019112,0.9946472392031849,0.9774076454479406,1.0103017853999878,1.0156314273961333,0.0,0.0,0.0,0.0,0.0,0.0,0.0,0.0,0.0,0.0,-0.0,-0.0,0.0,0.0,0.0,0.0,1.0,1.0,1.0,1.0,0.0953484050082866,0.0953484050082866,0.0953484050082866,0.0953484050082866,0.0,0.0,0.0,0.0,1.0,1.0,1.0,1.0,0.0,0.0,0.0,0.0,0.0,0.0,0.0,0.0,0.027812263820614386,0.02718126970872199,0.028629087038247195,0.02874193370828259,0.9828397887972274,0.9820703684713201,0.9838090349934387,0.9839270766167623,1.0046304655227607,0.9722506768177193,1.0442976457293576,1.0516787880559604,1.0023846017685372,0.9108266048598974,1.083342089651719,1.1210669967052491,1.0165607735065774,0.9144609307051496,1.1019317868541858,1.1135416634415094,1.0078586135992917,0.9396987065658131,1.0612206111003963,1.0954291494009063,1.0373242218178962,0.9808572525195719,1.1019317868541858,1.1210669967052491,1.0,1.02936917407735,1.0
long_stream,640,ercb_beta_0p001,softmax,token,0.001,24,18000.0,18000.0,18000.0,18000.0,32.0,32.0,32.0,32.0,32.0,32.0,32.0,32.0,60.0,60.0,60.0,60.0,60.0,60.0,60.0,60.0,300.0,300.0,300.0,300.0,132.5415705247949,131.20168929866722,133.32270298715508,133.9793516429553,1.875,1.0,3.0,3.0,418.125,414.15,424.85,427.0,0.8366843923023524,0.8350735089941203,0.8394432175797311,0.8406864859024661,0.8987052652811517,0.8987052652811516,0.8987052652811516,0.8987052652811516,0.062020872978799206,0.0592620477014205,0.06363175628703131,0.06498955492757585,55.98514417197623,54.193435151798475,57.36026499241439,58.150093149825075,0.18661714723992073,0.18064478383932825,0.19120088330804796,0.19383364383275026,0.9929192170002613,0.9671539706229527,1.0156398694034843,1.0173508252221752,0.0,0.0,0.0,0.0,0.0,0.0,0.0,0.0,0.0,0.0,-0.0,-0.0,0.0,0.0,0.0,0.0,1.0,1.0,1.0,1.0,0.0953484050082866,0.0953484050082866,0.0953484050082866,0.0953484050082866,0.0,0.0,0.0,0.0,0.999109431743976,0.9988349809330869,0.9993304768982683,0.9994720984319371,0.000890568256023901,0.0006695231017317514,0.001165019066913095,0.0013337247419252989,0.0,0.0,0.0,0.0,0.02884270799179055,0.02798557658791593,0.029606844755668868,0.030197317301921055,0.9827568768759184,0.9821845630440783,0.9832130426617872,0.9832932537331627,0.9948632531133841,0.9695222512167168,1.030413635865621,1.0468174352010908,1.0977819711067,1.019208624268337,1.2172608934814386,1.2835143763869716,1.1422979152552113,1.0314035781924684,1.3133222651051188,1.3950652999158466,1.0783143798250985,1.014226819910334,1.1748643683390605,1.206312273627146,1.1461021261956421,1.0499551035831172,1.3133222651051188,1.3950652999158466,1.037049992687485,1.064524806273567,0.9999156404510133
long_stream,640,ercb_beta_0p002,softmax,token,0.002,24,18000.0,18000.0,18000.0,18000.0,32.0,32.0,32.0,32.0,32.0,32.0,32.0,32.0,60.0,60.0,60.0,60.0,60.0,60.0,60.0,60.0,300.0,300.0,300.0,300.0,125.67381763887833,124.63631649340259,126.76670934622182,126.91072978016214,2.0833333333333335,1.0,3.0,3.0,412.125,406.0,421.55,426.0,0.8507091162028059,0.8484978616719511,0.8528040217298739,0.8536915043467126,0.8987052652811517,0.8987052652811516,0.8987052652811516,0.8987052652811516,0.04799614907834556,0.0459012435512777,0.05020740360920048,0.05049953455191458,47.6207859081542,46.36395147549358,49.18734441498536,49.55434726977375,0.1587359530271806,0.15454650491831196,0.16395781471661786,0.1651811575659125,0.9957058696808261,0.9728170973346365,1.0135952412367506,1.0328151986183074,0.0,0.0,0.0,0.0,0.0,0.0,0.0,0.0,0.0,0.0,-0.0,-0.0,0.0,0.0,0.0,0.0,1.0,1.0,1.0,1.0,0.0953484050082866,0.0953484050082866,0.0953484050082866,0.0953484050082866,0.0,0.0,0.0,0.0,0.9965599624971514,0.9960124314715969,0.9969761243456491,0.9970568458730846,0.0034400375028485488,0.0030238756543509134,0.0039875685284031116,0.004060023914446152,0.0,0.0,0.0,0.0,0.03190755597722441,0.03118314666488873,0.032574195877550546,0.03273580859504992,0.9816905706532463,0.9813112667820458,0.9822688825583868,0.9824145941114436,1.0002239455742135,0.9515358514814244,1.0314214053966118,1.0460625667754762,1.3884322311253634,1.3105714124226127,1.4786308755455406,1.4866279954093462,1.5371182406117827,1.3777742341705408,1.6506480505429917,1.6961058609348196,1.3085914724371202,1.2292876283177663,1.3878770255026043,1.390869577205968,1.5371182406117827,1.3777742341705408,1.6506480505429917,1.6961058609348196,1.1472477099679532,1.1712169885792119,0.9988307167077682
long_stream,640,ercb_beta_0p003,softmax,token,0.003,24,18000.0,18000.0,18000.0,18000.0,32.0,32.0,32.0,32.0,32.0,32.0,32.0,32.0,60.0,60.0,60.0,60.0,60.0,60.0,60.0,60.0,300.0,300.0,300.0,300.0,119.93760563036051,118.85538684788281,120.88344937696286,120.97851048843344,2.25,1.0,3.0,3.0,403.5833333333333,398.3,410.85,413.0,0.8621913763217438,0.8603153039660054,0.8643324307464616,0.8643961008692623,0.8987052652811517,0.8987052652811516,0.8987052652811516,0.8987052652811516,0.03651388895940771,0.03437283453468999,0.038389961315146215,0.03857899874522408,40.285571275021795,38.98120063411884,41.27923100235023,42.14340596898484,0.13428523758340596,0.1299373354470628,0.13759743667450078,0.14047801989661612,0.9994229776007882,0.9848165296998459,1.0174955790571978,1.0179824561403508,0.0,0.0,0.0,0.0,0.0,0.0,0.0,0.0,0.0,0.0,-0.0,-0.0,0.0,0.0,0.0,0.0,1.0,1.0,1.0,1.0,0.0953484050082866,0.0953484050082866,0.0953484050082866,0.0953484050082866,0.0,0.0,0.0,0.0,0.9926647866090489,0.9918869165610062,0.9934181918043479,0.9936472935160089,0.007335213390951147,0.006581808195652163,0.00811308343899383,0.008440462201364032,0.0,0.0,0.0,0.0,0.035611280750969636,0.0347689275726888,0.036613748474686326,0.0366575752563461,0.9806264538390447,0.9798639687697356,0.9813990389735328,0.9815658207013689,1.0052742650791968,0.9725452548617584,1.04581896616982,1.066666798907589,1.7661883514584087,1.6179964537193716,1.902056587925788,1.9045286727667603,2.025143906237025,1.8441753811242128,2.219915099180044,2.236889081055013,1.5988688409248766,1.491406352738937,1.7034298813864612,1.7133169302131226,2.025143906237025,1.8441753811242128,2.219915099180044,2.236889081055013,1.280416473130628,1.3164605625360242,0.9977480205996835
long_stream,640,ercb_beta_0p004,softmax,token,0.004,24,18000.0,18000.0,18000.0,18000.0,32.0,32.0,32.0,32.0,32.0,32.0,32.0,32.0,60.0,60.0,60.0,60.0,60.0,60.0,60.0,60.0,300.0,300.0,300.0,300.0,115.34133741392857,114.78895666283998,115.9293772335927,116.18663147425066,2.5,2.0,3.0,3.0,399.5416666666667,393.3,407.7,408.0,0.8712177214735499,0.8700727727213228,0.8722915944828343,0.8727289652925387,0.8987052652811517,0.8987052652811516,0.8987052652811516,0.8987052652811516,0.02748754380760168,0.026413670798317253,0.028632492559828793,0.029134446789567114,34.72517311045164,33.88837745792374,35.979845520756285,36.0772319706857,0.11575057703483882,0.11296125819307912,0.11993281840252096,0.12025743990228567,0.9973846027115295,0.9798865323435844,1.0114157325530422,1.0185840707964602,0.0,0.0,0.0,0.0,0.0,0.0,0.0,0.0,0.0,0.0,-0.0,-0.0,0.0,0.0,0.0,0.0,1.0,1.0,1.0,1.0,0.0953484050082866,0.0953484050082866,0.0953484050082866,0.0953484050082866,0.0,0.0,0.0,0.0,0.9879236296102841,0.9873042449544733,0.9885081893663009,0.9886734586838317,0.012076370389715955,0.011491810633699006,0.01269575504552672,0.012803035903006776,0.0,0.0,0.0,0.0,0.03932887486566574,0.038434383225779155,0.040123813513352306,0.04014993973260502,0.9791256674880877,0.9784442682632939,0.9798252858628614,0.9803784265504377,0.9969013498984513,0.9671682745541879,1.039753670222144,1.044698342845923,2.161450969622999,2.00437877112359,2.2343176862098315,2.3231174152236846,2.5416662966977395,2.3815047065443027,2.7064617788428142,2.8225981035104932,1.9000062054063964,1.793665859444817,1.9786084097834276,2.048444440004452,2.5416662966977395,2.3815047065443027,2.7064617788428142,2.8225981035104932,1.4140839134610563,1.4426662199145626,0.9962210307809323
long_stream,640,ercb_beta_0p005,softmax,token,0.005,24,18000.0,18000.0,18000.0,18000.0,32.0,32.0,32.0,32.0,32.0,32.0,32.0,32.0,60.0,60.0,60.0,60.0,60.0,60.0,60.0,60.0,300.0,300.0,300.0,300.0,111.75133478121013,111.29547217222118,112.34425520475766,112.71852849761066,2.7916666666666665,2.0,3.0,3.0,392.0,387.15,398.55,401.0,0.8781479414526459,0.8770114679013074,0.8790205677508189,0.8792477026397295,0.8987052652811517,0.8987052652811516,0.8987052652811516,0.8987052652811516,0.020557323828505756,0.019684697530332657,0.021693797379844174,0.02241305882930411,29.87126917797399,28.56390436381074,31.14284209754265,31.306016461163928,0.09957089725991329,0.0952130145460358,0.1038094736584755,0.10435338820387977,0.9948826781981052,0.9794674112931542,1.0136065631332891,1.0273542600896859,0.0,0.0,0.0,0.0,0.0,0.0,0.0,0.0,0.0,0.0,-0.0,-0.0,0.0,0.0,0.0,0.0,1.0,1.0,1.0,1.0,0.0953484050082866,0.0953484050082866,0.0953484050082866,0.0953484050082866,0.0,0.0,0.0,0.0,0.9822637596505723,0.9814247400008586,0.9832844982038355,0.9834287748260258,0.017736240349427744,0.0167155017961646,0.018575259999141478,0.01879281339503184,0.0,0.0,0.0,0.0,0.042528686504713205,0.041754765373415395,0.043216817923530784,0.043370195299197056,0.9777212167086029,0.9771316244356956,0.9783091399006955,0.9788154539975297,0.9979608271979333,0.9742167550766647,1.0364186106308757,1.050394710174089,2.545675234419692,2.443001439012556,2.646365986802208,2.658527752404157,3.0780709993777435,2.8645401554034775,3.221131837223275,3.2406914001681955,2.2072356869984566,2.1097055519421013,2.2814649678656265,2.2909920515791753,3.0780709993777435,2.8645401554034775,3.221131837223275,3.2406914001681955,1.5291342976975157,1.55387631162547,0.9947920585359201
long_stream,640,ercb_beta_0p006,softmax,token,0.006,24,18000.0,18000.0,18000.0,18000.0,32.0,32.0,32.0,32.0,32.0,32.0,32.0,32.0,60.0,60.0,60.0,60.0,60.0,60.0,60.0,60.0,300.0,300.0,300.0,300.0,108.83166515047004,108.36115523942514,109.57510605484154,109.71933892132841,2.8333333333333335,2.0,3.0,3.0,390.2916666666667,385.3,395.85,399.0,0.8837009032251636,0.8822948791027372,0.8845892175490541,0.884905285637594,0.8987052652811517,0.8987052652811516,0.8987052652811516,0.8987052652811516,0.015004362055987985,0.014116047732097552,0.016410386178414352,0.016683802758896915,25.823200799313653,24.950050099009967,26.816115420908048,26.961083064298435,0.08607733599771218,0.08316683366336655,0.08938705140302683,0.08987027688099479,0.9973463821260516,0.9810763123070136,1.013375915939485,1.013932584269663,0.0,0.0,0.0,0.0,0.0,0.0,0.0,0.0,0.0,0.0,-0.0,-0.0,0.0,0.0,0.0,0.0,1.0,1.0,1.0,1.0,0.0953484050082866,0.0953484050082866,0.0953484050082866,0.0953484050082866,0.0,0.0,0.0,0.0,0.9758683195237573,0.9747743385080185,0.9767018368070094,0.9770986399539718,0.02413168047624274,0.023298163192990603,0.025225661491981487,0.025616738129240892,0.0,0.0,0.0,0.0,0.04565916098350359,0.04501309424989877,0.046176003281840565,0.047104423588412804,0.9763051931867537,0.975625042507871,0.977107050012619,0.9775842140740261,0.9898985910419124,0.9547093051747464,1.0308718350578623,1.0382528859159124,2.9536150837627275,2.847133549012377,3.0273350977254907,3.1441946742545412,3.604087776607816,3.3626096011663456,3.7786236181785475,3.830423394112252,2.5158671504708185,2.402783944448455,2.5882222407507034,2.6396341832867605,3.604087776607816,3.3626096011663456,3.7786236181785475,3.830423394112252,1.6416916392710588,1.6602748909499059,0.9933513114904815
long_stream,640,ercb_beta_0p0075,softmax,token,0.0075,24,18000.0,18000.0,18000.0,18000.0,32.0,32.0,32.0,32.0,32.0,32.0,32.0,32.0,60.0,60.0,60.0,60.0,60.0,60.0,60.0,60.0,300.0,300.0,300.0,300.0,106.06130892213575,105.62059492333371,106.53039453002624,106.53982041158758,2.875,2.0,3.0,3.0,384.375,381.15,388.85,397.0,0.8888972771557327,0.8880230117982886,0.889717438030854,0.8898257325737517,0.8987052652811517,0.8987052652811516,0.8987052652811516,0.8987052652811516,0.009807988125418882,0.008987827250297514,0.01068225348286297,0.010699850421466262,21.215346863567685,20.069736549286972,22.165257895790695,22.874294160330574,0.07071782287855895,0.06689912183095657,0.07388419298596897,0.07624764720110191,0.9987744376272394,0.9842279568204528,1.0099509899363568,1.015923566878981,0.0,0.0,0.0,0.0,0.0,0.0,0.0,0.0,0.0,0.0,-0.0,-0.0,0.0,0.0,0.0,0.0,1.0,1.0,1.0,1.0,0.0953484050082866,0.0953484050082866,0.0953484050082866,0.0953484050082866,0.0,0.0,0.0,0.0,0.9659113379767317,0.9647033447183498,0.9675455758455161,0.9677892593344527,0.0340886620232684,0.032454424154483796,0.03529665528165016,0.03554123428984376,0.0,0.0,0.0,0.0,0.04905325527877059,0.04822823185833726,0.04984222078679674,0.04988778994094305,0.9746307451134233,0.974013728371499,0.9752791925911983,0.9754215639578737,0.9942471710735276,0.9515394650672145,1.0338425476718327,1.040315589505669,3.4419215770870353,3.280679076815409,3.6100149123651035,3.63024615450195,4.194792577799597,3.9625337076961453,4.4163573797004245,4.436213723367273,2.876987108653387,2.755042814587525,2.9784987896021633,3.010919004167112,4.194792577799597,3.9625337076961453,4.4163573797004245,4.436213723367273,1.7637275266464438,1.7920950667041278,0.9916476278459888
long_stream,640,ercb_beta_0p01,softmax,token,0.01,24,18000.0,18000.0,18000.0,18000.0,32.0,32.0,32.0,32.0,32.0,32.0,32.0,32.0,60.0,60.0,60.0,60.0,60.0,60.0,60.0,60.0,300.0,300.0,300.0,300.0,103.59866281929551,103.33500393810661,103.827541161678,103.97563817228213,3.0,3.0,3.0,3.0,377.25,374.15,382.7,384.0,0.8934536800472408,0.8930329292959832,0.8939379989604884,0.8939728351454493,0.8987052652811517,0.8987052652811516,0.8987052652811516,0.8987052652811516,0.0052515852339108755,0.004767266320663171,0.005672335985168331,0.005944956214145591,16.044792069679485,15.014069270828966,16.93183930573915,17.400191569826656,0.053482640232264934,0.05004689756942989,0.05643946435246383,0.05800063856608886,0.9978776755426234,0.9881879600960616,1.0145996583419943,1.0169336384439358,0.0,0.0,0.0,0.0,0.0,0.0,0.0,0.0,0.0,0.0,-0.0,-0.0,0.0,0.0,0.0,0.0,1.0,1.0,1.0,1.0,0.0953484050082866,0.0953484050082866,0.0953484050082866,0.0953484050082866,0.0,0.0,0.0,0.0,0.9483908012321732,0.9466753705447433,0.9499101923000389,0.9501368157021974,0.051609198767826846,0.050089807699960985,0.05332462945525675,0.053838997568991284,0.0,0.0,0.0,0.0,0.052658888911333225,0.05183599152196,0.053297002403293325,0.05335383927590906,0.9725337383119307,0.9719202023382579,0.9730899602190393,0.9733406596223948,0.983380106044066,0.9439315122480222,1.0124182318866717,1.0447659328487604,4.015557074183919,3.914712599655769,4.132303409935621,4.196336201420086,4.953210419675924,4.7484910112185945,5.183857286713054,5.280542189673893,3.3173825333013025,3.22042487215517,3.416628772940496,3.480267944134873,4.953210419675924,4.7484910112185945,5.183857286713054,5.280542189673893,1.8933693873672583,1.9163129886532182,0.9895140076716786
long_stream,640,ercb_beta_0p0125,softmax,token,0.0125,24,18000.0,18000.0,18000.0,18000.0,32.0,32.0,32.0,32.0,32.0,32.0,32.0,32.0,60.0,60.0,60.0,60.0,60.0,60.0,60.0,60.0,300.0,300.0,300.0,300.0,102.51014967516544,102.33906855993483,102.71618432699627,102.75683270063683,3.0,3.0,3.0,3.0,375.375,372.15,379.0,380.0,0.8954480833424731,0.8950716032840866,0.8957605000900384,0.8957707676158297,0.8987052652811517,0.8987052652811516,0.8987052652811516,0.8987052652811516,0.00325718193867836,0.0029447651911131524,0.0036336619970649127,0.003708001652415027,12.9856107955613,12.207782066265752,13.880492960498687,13.971399357258385,0.043285369318537666,0.04069260688755251,0.04626830986832896,0.04657133119086128,0.997281345169144,0.9814162076742252,1.0150612965731243,1.0171375636868922,0.0,0.0,0.0,0.0,0.0,0.0,0.0,0.0,0.0,0.0,-0.0,-0.0,0.0,0.0,0.0,0.0,1.0,1.0,1.0,1.0,0.0953484050082866,0.0953484050082866,0.0953484050082866,0.0953484050082866,0.0,0.0,0.0,0.0,0.930646100896845,0.9295355232094415,0.9320779352413135,0.9324191912927984,0.06935389910315515,0.06792206475868647,0.07046447679055855,0.07052668609572792,0.0,0.0,0.0,0.0,0.05466136359366499,0.05391709346698018,0.055407576488440365,0.05544265825459661,0.9713521076655164,0.9705312478566358,0.9720426803751627,0.9724474947057433,0.9841678645692508,0.9479371884463684,1.014669346742276,1.0337275708839586,4.361662384039956,4.190782559818779,4.492106856277573,4.505222500754642,5.331040855270989,5.079730399145122,5.548211382070091,5.6172626871219915,3.5589570346267316,3.421750716882767,3.659828937933908,3.70525086271549,5.331040855270989,5.079730399145122,5.548211382070091,5.6172626871219915,1.965369088479238,1.9921994428721188,0.9883117459603774
long_stream,640,ercb_beta_0p015,softmax,token,0.015,24,18000.0,18000.0,18000.0,18000.0,32.0,32.0,32.0,32.0,32.0,32.0,32.0,32.0,60.0,60.0,60.0,60.0,60.0,60.0,60.0,60.0,300.0,300.0,300.0,300.0,101.87906814602229,101.7614857306694,102.00112714508323,102.07023725520253,3.0,3.0,3.0,3.0,370.8333333333333,368.15,373.85,374.0,0.8965987655801628,0.8963765771891348,0.8968127276469643,0.8969426215838944,0.8987052652811517,0.8987052652811516,0.8987052652811516,0.8987052652811516,0.002106499700988751,0.0018925376341873356,0.002328688092016856,0.002454580645211979,10.459810188274654,9.556651059575545,11.22898373116407,11.43969696568343,0.03486603396091551,0.03185550353191848,0.037429945770546896,0.03813232321894477,1.0003668440391935,0.9888812834287728,1.0092763215403544,1.0096818810511756,0.0,0.0,0.0,0.0,0.0,0.0,0.0,0.0,0.0,0.0,-0.0,-0.0,0.0,0.0,0.0,0.0,1.0,1.0,1.0,1.0,0.0953484050082866,0.0953484050082866,0.0953484050082866,0.0953484050082866,0.0,0.0,0.0,0.0,0.9142224454784126,0.9126782949854869,0.9152930537042839,0.9158309436548137,0.08577755452158742,0.08470694629571611,0.08732170501451306,0.08755298726631527,0.0,0.0,0.0,0.0,0.05619350078763926,0.055364419231865816,0.05684015424352958,0.05697713736721534,0.9702270521207619,0.9693504406368837,0.9708640793354583,0.9712166860491118,0.9790650732166198,0.9454460458709614,1.0100534261853642,1.020213965676704,4.668541747282497,4.54481727232841,4.802930002882131,4.8045680668643165,5.705263055951801,5.502722868293908,5.93268700601065,5.978283146679583,3.7842899588169723,3.6817065534280213,3.903918645559615,3.907213093312938,5.705263055951801,5.502722868293908,5.93268700601065,5.978283146679583,2.0204576351670003,2.0437082939433284,0.9871670471421383
long_stream,640,ercb_beta_0p02,softmax,token,0.02,24,18000.0,18000.0,18000.0,18000.0,32.0,32.0,32.0,32.0,32.0,32.0,32.0,32.0,60.0,60.0,60.0,60.0,60.0,60.0,60.0,60.0,300.0,300.0,300.0,300.0,101.31864993912296,101.23331138013687,101.40660660038334,101.43536529895938,3.0,3.0,3.0,3.0,367.75,365.15,370.85,371.0,0.8976170884539304,0.897457503400014,0.8977718798241917,0.8978254667196052,0.8987052652811517,0.8987052652811516,0.8987052652811516,0.8987052652811516,0.0010881768272211583,0.0009333854569598899,0.0012477618811375932,0.0012999631447286886,7.4822552172803185,6.90888380671591,7.938723517332993,7.941452428030194,0.02494085072426773,0.023029612689053035,0.02646241172444331,0.02647150809343398,0.9979900976994521,0.988738178628,1.0082685547093015,1.0121722846441947,0.0,0.0,0.0,0.0,0.0,0.0,0.0,0.0,0.0,0.0,-0.0,-0.0,0.0,0.0,0.0,0.0,1.0,1.0,1.0,1.0,0.0953484050082866,0.0953484050082866,0.0953484050082866,0.0953484050082866,0.0,0.0,0.0,0.0,0.8836146084365913,0.8821858984004121,0.8849700227887535,0.8850581463318509,0.11638539156340877,0.11502997721124658,0.11781410159958794,0.11799249343647808,0.0,0.0,0.0,0.0,0.05791812811754813,0.05753939950000054,0.058459961796675446,0.058522334597923366,0.968928767999263,0.9682370002913515,0.9698869934589865,0.9705659579203475,0.9755455139731702,0.9425325853729262,0.9988528019337939,1.0027859564628099,5.01021381794649,4.9144513941112775,5.128041302252568,5.174521240879118,6.084343157557295,5.894985945413286,6.217230804653312,6.312407032149688,4.023367496492319,3.9265747115953658,4.1196932027452915,4.128934792070157,6.084343157557295,5.894985945413286,6.217230804653312,6.312407032149688,2.0824672342788344,2.1019490600885593,0.985846095206434
long_stream,640,ercb_beta_inf,least_count,token,inf,24,18000.0,18000.0,18000.0,18000.0,32.0,32.0,32.0,32.0,32.0,32.0,32.0,32.0,60.0,60.0,60.0,60.0,60.0,60.0,60.0,60.0,300.0,300.0,300.0,300.0,100.71775745451578,100.71775745451578,100.71775745451578,100.71775745451578,3.0,3.0,3.0,3.0,355.0,355.0,355.0,355.0,0.8987052652811517,0.8987052652811516,0.8987052652811516,0.8987052652811516,0.8987052652811517,0.8987052652811516,0.8987052652811516,0.8987052652811516,0.0,0.0,0.0,0.0,0.0,0.0,0.0,0.0,0.0,0.0,0.0,0.0,1.0000591642908343,0.9986612108560605,1.0013406120303248,1.0014124293785311,0.0,0.0,0.0,0.0,0.0,0.0,0.0,0.0,0.0,0.0,-0.0,-0.0,0.0,0.0,0.0,0.0,1.0,1.0,1.0,1.0,0.0953484050082866,0.0953484050082866,0.0953484050082866,0.0953484050082866,0.0,0.0,0.0,0.0,0.5097517901041078,0.5097517901041078,0.5097517901041078,0.5097517901041078,0.4902482098958923,0.4902482098958923,0.4902482098958923,0.4902482098958923,0.0,0.0,0.0,0.0,0.061004730106078466,0.06066488268556426,0.06137763820075187,0.061692286947720804,0.9673418045703001,0.9666837781364975,0.9683200214059131,0.9684986847874798,0.9630274196287208,0.9300268521132564,0.9904574167680701,1.0184830784191157,5.707568420395476,5.657627507227829,5.753168816625271,5.807077687592445,6.86502061265066,6.807839549868714,6.911849719910575,6.930209012362157,4.5118721508916195,4.47961518912242,4.538252014677587,4.553912901962911,6.86502061265066,6.807839549868714,6.911849719910575,6.930209012362157,2.1934471246048624,2.2068551699577545,0.9842314236729331
long_stream,768,ercb_beta_0,softmax,token,0.0,24,18000.0,18000.0,18000.0,18000.0,32.0,32.0,32.0,32.0,32.0,32.0,32.0,32.0,55.0,55.0,55.0,55.0,55.0,55.0,55.0,55.0,327.27272727272725,327.27272727272725,327.27272727272725,327.27272727272725,141.31898815820423,140.23703220253503,142.38671408946684,142.73948992297497,6.708333333333333,4.15,9.0,9.0,447.2083333333333,440.3,455.4,457.0,0.842843468099974,0.8408403886464013,0.844870027476249,0.8451808868394354,0.9054890747712635,0.9054890747712634,0.9054890747712634,0.9054890747712634,0.06264560667128938,0.060619047295014425,0.0646486861248621,0.0653121241701673,58.63520975364789,57.339895541079244,60.30898596912846,60.85392345609279,0.17916314091392413,0.1752052363755199,0.1842774571278925,0.18594254389361686,0.9994379293974069,0.9790716361043412,1.0245929158972638,1.0265780730897012,0.0,0.0,0.0,0.0,0.0,0.0,0.0,0.0,0.0,0.0,-0.0,-0.0,0.0,0.0,0.0,0.0,1.0,1.0,1.0,1.0,0.08436578600401301,0.08436578600401301,0.08436578600401301,0.08436578600401301,0.0,0.0,0.0,0.0,1.0,1.0,1.0,1.0,0.0,0.0,0.0,0.0,0.0,0.0,0.0,0.0,0.02592590289696536,0.025158396442846037,0.02683452135151336,0.02710529428538289,0.9846167532520154,0.9840087550532969,0.9852002593608732,0.9852774946834099,1.0044004875059083,0.9699562555318482,1.048398114340124,1.0594902576019538,0.9936505281028761,0.9187385287412136,1.0692774398110347,1.1198408155292632,1.0042255923417107,0.9074469381532763,1.1405722329182337,1.1601245139213758,1.000758869316832,0.953977733258522,1.0745713443180975,1.0818409990320232,1.038063677331565,0.9876297696864367,1.147033268775254,1.1601245139213758,1.0,1.0350467429488965,1.0
long_stream,768,ercb_beta_0p001,softmax,token,0.001,24,18000.0,18000.0,18000.0,18000.0,32.0,32.0,32.0,32.0,32.0,32.0,32.0,32.0,55.0,55.0,55.0,55.0,55.0,55.0,55.0,55.0,327.27272727272725,327.27272727272725,327.27272727272725,327.27272727272725,132.99204373050023,131.8854935765395,133.9947848846934,134.34967328112043,7.5,6.0,9.0,10.0,438.375,433.15,443.0,444.0,0.8582702737749166,0.8564344317437638,0.8602922380378202,0.8612581216109227,0.9054890747712635,0.9054890747712634,0.9054890747712634,0.9054890747712634,0.047218800996346726,0.04519683673344319,0.049054643027499616,0.04970630096534778,48.802791001564195,47.41822801633809,50.36251195122917,50.407070211159144,0.14911963917144613,0.14488903004992196,0.15388545318431138,0.1540216034229863,1.0016501863402112,0.9784354737336929,1.0256033154383313,1.029126213592233,0.0,0.0,0.0,0.0,0.0,0.0,0.0,0.0,0.0,0.0,-0.0,-0.0,0.0,0.0,0.0,0.0,1.0,1.0,1.0,1.0,0.08436578600401301,0.08436578600401301,0.08436578600401301,0.08436578600401301,0.0,0.0,0.0,0.0,0.9989983879842629,0.998777241826773,0.999217155033227,0.999373159663146,0.0010016120157370601,0.0007828449667730394,0.0012227581732270536,0.0012621916879811104,0.0,0.0,0.0,0.0,0.027029652486471042,0.026398166264786863,0.027813228230046883,0.028492966935055795,0.9846939011042407,0.9841686817303349,0.985143628826065,0.9854276966381706,1.0013718903993933,0.9777040332105691,1.0318161041331078,1.0567394237258323,1.0748274075735835,1.0077985119484159,1.161809358651023,1.2202894312492203,1.1219434482192998,1.0228538201758104,1.2331734435637827,1.3162272811991904,1.0660475820640924,1.0140288054671511,1.1281990022230841,1.171239829926751,1.1245934118839458,1.0368174921355744,1.2331734435637827,1.3162272811991904,1.042573236268461,1.0727968989385683,1.0000783531785038
long_stream,768,ercb_beta_0p002,softmax,token,0.002,24,18000.0,18000.0,18000.0,18000.0,32.0,32.0,32.0,32.0,32.0,32.0,32.0,32.0,55.0,55.0,55.0,55.0,55.0,55.0,55.0,55.0,327.27272727272725,327.27272727272725,327.27272727272725,327.27272727272725,126.6754359472044,125.78249519656295,127.57759333807182,127.75665142555621,8.708333333333334,7.0,11.0,11.0,432.7916666666667,428.0,440.55,443.0,0.8697015210416809,0.8680857143069769,0.8712973988177561,0.8714277480292487,0.9054890747712635,0.9054890747712634,0.9054890747712634,0.9054890747712634,0.03578755372958256,0.03419167595350727,0.03740336046428648,0.037724898899355264,41.233620901477515,40.19325789128283,42.29042208822037,42.606444241559174,0.1259916194211813,0.12281273244558645,0.12922073415845114,0.13018635740476414,1.0030392631520584,0.9891663148833322,1.0160707202132555,1.020039100684262,0.0,0.0,0.0,0.0,0.0,0.0,0.0,0.0,0.0,0.0,-0.0,-0.0,0.0,0.0,0.0,0.0,1.0,1.0,1.0,1.0,0.08436578600401301,0.08436578600401301,0.08436578600401301,0.08436578600401301,0.0,0.0,0.0,0.0,0.996565976670789,0.9961795590079235,0.9970355547154836,0.9971460284499604,0.0034340233292109415,0.002964445284516464,0.0038204409920764753,0.0039740846890387056,0.0,0.0,0.0,0.0,0.02931670954202073,0.028589224222486262,0.030324909835371852,0.030341092600740697,0.9838963637026193,0.9832988189602261,0.9844675315101823,0.9847038710651015,1.0209009672108653,0.9911393072201898,1.060867652832349,1.0891006405896817,1.289783671388853,1.2349357817643603,1.361996044991498,1.366977679322472,1.3817381546132352,1.2727359546413655,1.4785281472393128,1.554102406658942,1.2308075977376511,1.1839278831180198,1.2804450051977727,1.3323119557329488,1.3817381546132352,1.2727359546413655,1.4785281472393128,1.554102406658942,1.1307883724833463,1.1696761326264706,0.9992683553808965
long_stream,768,ercb_beta_0p003,softmax,token,0.003,24,18000.0,18000.0,18000.0,18000.0,32.0,32.0,32.0,32.0,32.0,32.0,32.0,32.0,55.0,55.0,55.0,55.0,55.0,55.0,55.0,55.0,327.27272727272725,327.27272727272725,327.27272727272725,327.27272727272725,121.1598662432578,120.64326130458396,122.02658171640402,122.27784375912165,9.375,8.0,11.0,11.0,424.4583333333333,420.0,428.85,429.0,0.8794631433066215,0.8779447448764307,0.8803671774535321,0.8820112578936945,0.9054890747712635,0.9054890747712634,0.9054890747712634,0.9054890747712634,0.026025931464641994,0.025121897317731307,0.02754432989483266,0.027985844462496856,34.39522925907985,32.98369007407641,35.84189452628039,36.111947154269146,0.10509653384718842,0.1007834974485668,0.10951689994141231,0.11034206074915573,1.0033114077634717,0.9845296489267007,1.02419713551695,1.0251479289940828,0.0,0.0,0.0,0.0,0.0,0.0,0.0,0.0,0.0,0.0,-0.0,-0.0,0.0,0.0,0.0,0.0,1.0,1.0,1.0,1.0,0.08436578600401301,0.08436578600401301,0.08436578600401301,0.08436578600401301,0.0,0.0,0.0,0.0,0.9926782324697324,0.9920813480161111,0.9933068788891201,0.9936462034508898,0.007321767530267721,0.0066931211108799925,0.007918651983888855,0.008010073873934901,0.0,0.0,0.0,0.0,0.03232655612937818,0.03156957884848456,0.033765633590346594,0.03421898189063387,0.9830754810324734,0.9822009553537729,0.9837465042675324,0.9845694756360143,1.0399800760688054,0.9997395723614643,1.0728331891931795,1.0993674247565883,1.538915148431083,1.4564557872302073,1.63902020069836,1.6824364438694235,1.7282426493217848,1.5939803163093038,1.9266125039028867,2.013648478558723,1.4357126246072245,1.3725211178564973,1.5518894229729738,1.5630440085392916,1.7282426493217848,1.5939803163093038,1.9266125039028867,2.013648478558723,1.2468825582603729,1.3023898810597982,0.9984346475779013
long_stream,768,ercb_beta_0p004,softmax,token,0.004,24,18000.0,18000.0,18000.0,18000.0,32.0,32.0,32.0,32.0,32.0,32.0,32.0,32.0,55.0,55.0,55.0,55.0,55.0,55.0,55.0,55.0,327.27272727272725,327.27272727272725,327.27272727272725,327.27272727272725,116.82837446564007,115.97126641709305,117.47450630049462,118.1009513541013,10.208333333333334,9.0,11.0,11.0,418.125,414.0,423.85,425.0,0.8869707348780134,0.885861182467707,0.8884398100242528,0.8886755092439808,0.9054890747712635,0.9054890747712634,0.9054890747712634,0.9054890747712634,0.018518339893250007,0.017049264747010583,0.01962789230355643,0.020707804170742694,28.832924469193205,27.39780496592052,30.26135202861543,30.33809486437802,0.088100602544757,0.08371551517364605,0.09246524230965827,0.09269973430782173,0.997665404292048,0.9868084435146279,1.0132713154403783,1.0143635463100544,0.0,0.0,0.0,0.0,0.0,0.0,0.0,0.0,0.0,0.0,-0.0,-0.0,0.0,0.0,0.0,0.0,1.0,1.0,1.0,1.0,0.08436578600401301,0.08436578600401301,0.08436578600401301,0.08436578600401301,0.0,0.0,0.0,0.0,0.9877591138346213,0.9870465043211046,0.9886408640703911,0.9887265870005897,0.012240886165378712,0.011359135929608905,0.012953495678895349,0.012987369074778066,0.0,0.0,0.0,0.0,0.03520765080009538,0.034217397641288214,0.03620467848704146,0.036418707921147764,0.9819827692650911,0.9811883880142698,0.9827402296984136,0.9828209843335058,1.0574075663268283,1.010269853709265,1.1011143937245362,1.1227894362120894,1.8337361645013595,1.7007464171371367,1.9490366434769466,1.968876538760311,2.087174640669027,1.854903273709267,2.317561294737269,2.3403602274086768,1.6594394571657383,1.5402089144631594,1.7579756506492596,1.7931617836527736,2.087174640669027,1.854903273709267,2.317561294737269,2.3403602274086768,1.3580105942700438,1.3964674106404693,0.9973248637317772
long_stream,768,ercb_beta_0p005,softmax,token,0.005,24,18000.0,18000.0,18000.0,18000.0,32.0,32.0,32.0,32.0,32.0,32.0,32.0,32.0,55.0,55.0,55.0,55.0,55.0,55.0,55.0,55.0,327.27272727272725,327.27272727272725,327.27272727272725,327.27272727272725,113.66031557889225,113.23543525896368,114.47902259317364,114.57168530828271,10.541666666666666,9.0,11.0,11.0,414.875,409.3,419.85,427.0,0.8923670626319892,0.8909813295231162,0.893085169011707,0.8937357564311873,0.9054890747712635,0.9054890747712634,0.9054890747712634,0.9054890747712634,0.013122012139274311,0.012403905759556388,0.014507745248147191,0.014665008070316454,24.866753964744728,23.815914562845986,26.22652759243486,26.778553155294055,0.0759817482256089,0.0727708500531405,0.08013661208799541,0.0818233568633985,0.9989098939051564,0.9821649183714452,1.0190178868038842,1.0247850278199293,0.0,0.0,0.0,0.0,0.0,0.0,0.0,0.0,0.0,0.0,-0.0,-0.0,0.0,0.0,0.0,0.0,1.0,1.0,1.0,1.0,0.08436578600401301,0.08436578600401301,0.08436578600401301,0.08436578600401301,0.0,0.0,0.0,0.0,0.9820649613418428,0.9809401167781249,0.9832074821369822,0.9832878338531104,0.017935038658157054,0.016792517863017813,0.01905988322187516,0.019220595067243676,0.0,0.0,0.0,0.0,0.03763302409809379,0.036853659713812,0.03821417879600564,0.03852462031685709,0.9809909711350956,0.9802333960607551,0.9818924515735329,0.9823543747170987,1.072014239257692,1.0230557588513691,1.1214579413225543,1.1348671703756728,2.1076745406183677,2.0096199730308633,2.193363080324954,2.2199105501537084,2.399786309895104,2.2190080614395935,2.5552015532019374,2.643128613970537,1.8598250299237211,1.7679046936249188,1.9511747886683861,1.9864586559297785,2.399786309895104,2.2190080614395935,2.5552015532019374,2.643128613970537,1.451560790289728,1.4739767771204075,0.9963175701561603
long_stream,768,ercb_beta_0p006,softmax,token,0.006,24,18000.0,18000.0,18000.0,18000.0,32.0,32.0,32.0,32.0,32.0,32.0,32.0,32.0,55.0,55.0,55.0,55.0,55.0,55.0,55.0,55.0,327.27272727272725,327.27272727272725,327.27272727272725,327.27272727272725,111.53829808872594,111.04473972821029,111.97593444181948,112.02214952174,10.75,10.0,11.0,11.0,411.25,407.0,416.85,418.0,0.8959346351384779,0.8952024603156707,0.8967590129998038,0.8968587522203483,0.9054890747712635,0.9054890747712634,0.9054890747712634,0.9054890747712634,0.009554439632785341,0.008730061771459584,0.010286614455592657,0.01036404997920104,21.56047868212518,20.452233368477394,22.67462890835912,23.301189981317577,0.06587924041760472,0.06249293529256982,0.06928358833109731,0.07119808049847037,0.998461329872761,0.9812022310130105,1.0156132142768528,1.0167682926829267,0.0,0.0,0.0,0.0,0.0,0.0,0.0,0.0,0.0,0.0,-0.0,-0.0,0.0,0.0,0.0,0.0,1.0,1.0,1.0,1.0,0.08436578600401301,0.08436578600401301,0.08436578600401301,0.08436578600401301,0.0,0.0,0.0,0.0,0.9758438594138061,0.9746716360255109,0.9768015156728518,0.9770187801696374,0.02415614058619378,0.023198484327148182,0.025328363974489117,0.02550150833929942,0.0,0.0,0.0,0.0,0.03959093400895708,0.03861777827885296,0.04058056201904607,0.040713051404238025,0.9800034069981715,0.9795173630730835,0.9803904817476127,0.981059569540014,1.0872937497243793,1.0533343651811966,1.1284137741873168,1.1377958758533548,2.3186626834246873,2.2205712610462336,2.4487129773729364,2.4678361002525215,2.680726498830174,2.4970538851793287,2.912315539604324,2.9596161675100157,2.0288943106597475,1.9380204203275653,2.127571973708447,2.1835977904309303,2.680726498830174,2.4970538851793287,2.912315539604324,2.9596161675100157,1.5270802396467826,1.5652516396563394,0.9953145767237792
long_stream,768,ercb_beta_0p0075,softmax,token,0.0075,24,18000.0,18000.0,18000.0,18000.0,32.0,32.0,32.0,32.0,32.0,32.0,32.0,32.0,55.0,55.0,55.0,55.0,55.0,55.0,55.0,55.0,327.27272727272725,327.27272727272725,327.27272727272725,327.27272727272725,109.36019789249137,108.99077600412247,109.64581889729628,110.02932742029274,10.958333333333334,11.0,11.0,11.0,406.7916666666667,403.0,412.0,414.0,0.8995550847636995,0.8990830053186799,0.9001651740649922,0.9001733583859358,0.9054890747712635,0.9054890747712634,0.9054890747712634,0.9054890747712634,0.005933990007563876,0.005323900706271168,0.006406069452583518,0.007041442538489595,17.497379240980692,16.104420316067525,19.122197605735575,19.71985616764806,0.053464214347441,0.04920795096576189,0.05842893712863649,0.06025511606781352,0.9981287797858238,0.9814350225790265,1.0122012254283435,1.0163348647269015,0.0,0.0,0.0,0.0,0.0,0.0,0.0,0.0,0.0,0.0,-0.0,-0.0,0.0,0.0,0.0,0.0,1.0,1.0,1.0,1.0,0.08436578600401301,0.08436578600401301,0.08436578600401301,0.08436578600401301,0.0,0.0,0.0,0.0,0.9659382906555716,0.9646886343635473,0.9671296881088816,0.9675630968010565,0.034061709344428426,0.032870311891118456,0.03531136563645265,0.035882777814703365,0.0,0.0,0.0,0.0,0.042045253183464804,0.041285742675840544,0.04277311764302002,0.04345350489998976,0.9790808070934016,0.9785097219289182,0.9798087319828165,0.9799487380336382,1.0955511882150473,1.0616683625270782,1.1289452880721964,1.1403728637855657,2.6243498819596693,2.523679050387422,2.7294252344082826,2.76984842211591,3.066941228654477,2.9311008346790977,3.2187409725525553,3.2877960216190854,2.262280766276398,2.1776045190166644,2.3486911797303356,2.3625731059667605,3.066941228654477,2.9311008346790977,3.2187409725525553,3.2877960216190854,1.6217469204664121,1.649821717415544,0.9943775624979674
long_stream,768,ercb_beta_0p01,softmax,token,0.01,24,18000.0,18000.0,18000.0,18000.0,32.0,32.0,32.0,32.0,32.0,32.0,32.0,32.0,55.0,55.0,55.0,55.0,55.0,55.0,55.0,55.0,327.27272727272725,327.27272727272725,327.27272727272725,327.27272727272725,107.7044483259955,107.53068947286631,107.94818504092433,107.97768364476642,11.0,11.0,11.0,11.0,402.5416666666667,400.0,405.0,410.0,0.9022788009381927,0.901879534484884,0.9025632321737571,0.9027034463713076,0.9054890747712635,0.9054890747712634,0.9054890747712634,0.9054890747712634,0.003210273833070626,0.0029258425975063284,0.003609540286379348,0.0036579065842596847,13.463606722567974,12.500674734859475,14.206972625772499,14.439843867199219,0.0411387983189577,0.038196506134292846,0.043410194134304865,0.04412174514977539,1.0009206627901455,0.986187186055811,1.0128673788321274,1.0202387130254282,0.0,0.0,0.0,0.0,0.0,0.0,0.0,0.0,0.0,0.0,-0.0,-0.0,0.0,0.0,0.0,0.0,1.0,1.0,1.0,1.0,0.08436578600401301,0.08436578600401301,0.08436578600401301,0.08436578600401301,0.0,0.0,0.0,0.0,0.9490493356261479,0.9481258631724215,0.9502099972690401,0.9504723646336737,0.050950664373852116,0.04979000273095992,0.05187413682757847,0.05213514035500846,0.0,0.0,0.0,0.0,0.04424812937535177,0.04368012428434117,0.044640408276432675,0.04511928805582106,0.9780443908431629,0.9773859678144036,0.9787704382414198,0.9789017599254529,1.1170773446532982,1.0790687306221582,1.1564669196590147,1.1641627151952745,2.957852991367549,2.846661977586405,3.05786534086386,3.0620562776769216,3.45232749988571,3.3008643239533386,3.657003476966888,3.679504392364577,2.5090859453021856,2.416567081057175,2.6055496047910105,2.627047786246177,3.45232749988571,3.3008643239533386,3.657003476966888,3.679504392364577,1.7067150776272881,1.721845848680466,0.9933249537069676
long_stream,768,ercb_beta_0p0125,softmax,token,0.0125,24,18000.0,18000.0,18000.0,18000.0,32.0,32.0,32.0,32.0,32.0,32.0,32.0,32.0,55.0,55.0,55.0,55.0,55.0,55.0,55.0,55.0,327.27272727272725,327.27272727272725,327.27272727272725,327.27272727272725,106.92931888860005,106.8066313310273,107.10343390774135,107.12430410007627,11.0,11.0,11.0,11.0,400.2083333333333,397.0,402.85,409.0,0.9035451585963683,0.9032612361748681,0.9037451173513533,0.9037626148106275,0.9054890747712635,0.9054890747712634,0.9054890747712634,0.9054890747712634,0.001943916174895181,0.0017439574199100915,0.0022278385963953318,0.0022618942344933,10.662704568193101,9.956173100405866,11.513249569860816,12.18344629554231,0.03258048618059004,0.03042164002901793,0.035179373685685834,0.03722719701415706,1.0013341924911527,0.986566018423746,1.0131290023055841,1.0166753517457008,0.0,0.0,0.0,0.0,0.0,0.0,0.0,0.0,0.0,0.0,-0.0,-0.0,0.0,0.0,0.0,0.0,1.0,1.0,1.0,1.0,0.08436578600401301,0.08436578600401301,0.08436578600401301,0.08436578600401301,0.0,0.0,0.0,0.0,0.931852825424885,0.9307071540152483,0.9330423093086468,0.9331053648133408,0.0681471745751149,0.06695769069135316,0.0692928459847517,0.0697180812744566,0.0,0.0,0.0,0.0,0.045668034484713294,0.045013056979606926,0.04622059944674416,0.0464631123321199,0.9771298745381642,0.9765296582067031,0.9778515892948539,0.9780871228912453,1.1197482269231849,1.0678901974301298,1.159801918789445,1.173968561714648,3.179276587443175,3.0867807871929305,3.2529683513780188,3.307516786816616,3.73997182877598,3.580756967561884,3.909110627915307,3.9728158913151366,2.6796655477141136,2.6084942514918628,2.758888063639113,2.8005900921684943,3.73997182877598,3.580756967561884,3.909110627915307,3.9728158913151366,1.7614828947792889,1.782796133675032,0.9923961493757614
long_stream,768,ercb_beta_0p015,softmax,token,0.015,24,18000.0,18000.0,18000.0,18000.0,32.0,32.0,32.0,32.0,32.0,32.0,32.0,32.0,55.0,55.0,55.0,55.0,55.0,55.0,55.0,55.0,327.27272727272725,327.27272727272725,327.27272727272725,327.27272727272725,106.50105293457496,106.4150372590017,106.57807286466127,106.58133122310518,11.0,11.0,11.0,11.0,397.2083333333333,394.0,400.85,403.0,0.904242429127399,0.9041171763444457,0.9043822735188644,0.9044203039901796,0.9054890747712635,0.9054890747712634,0.9054890747712634,0.9054890747712634,0.0012466456438641749,0.0011068012523990478,0.0013718984268177524,0.0013771990748147056,8.713217695027426,8.077223188607974,9.481848292406427,9.663426834297354,0.02662372073480603,0.024680404187413255,0.028972314226797413,0.029527137549241918,0.9987484901315279,0.9861215293150338,1.0127380856815926,1.0197402597402598,0.0,0.0,0.0,0.0,0.0,0.0,0.0,0.0,0.0,0.0,-0.0,-0.0,0.0,0.0,0.0,0.0,1.0,1.0,1.0,1.0,0.08436578600401301,0.08436578600401301,0.08436578600401301,0.08436578600401301,0.0,0.0,0.0,0.0,0.916162877450757,0.9150116603479767,0.9168897092847687,0.9175601814555239,0.08383712254924293,0.08311029071523131,0.08498833965202335,0.08509823950901935,0.0,0.0,0.0,0.0,0.04661314495332736,0.046000787252237434,0.04716913745945304,0.04736893085611712,0.9764440960578741,0.975665575058891,0.9772679958758811,0.9776433681659873,1.1188036842880704,1.0893910842408023,1.143569311538008,1.1582757291001227,3.3532391205728302,3.2436750073559155,3.4726612548074556,3.481994434137861,3.9420966057277336,3.7757423003256947,4.159321220463818,4.205517175392419,2.8047131368628775,2.7168005114176603,2.8926323349025593,2.9383901479910572,3.9420966057277336,3.7757423003256947,4.159321220463818,4.205517175392419,1.7979371880924329,1.8193826323778375,0.9916996565748567
long_stream,768,ercb_beta_0p02,softmax,token,0.02,24,18000.0,18000.0,18000.0,18000.0,32.0,32.0,32.0,32.0,32.0,32.0,32.0,32.0,55.0,55.0,55.0,55.0,55.0,55.0,55.0,55.0,327.27272727272725,327.27272727272725,327.27272727272725,327.27272727272725,106.13956455935845,106.08275578123177,106.1918853450336,106.23155746600392,11.0,11.0,11.0,11.0,395.4166666666667,392.15,399.85,401.0,0.9048296159841515,0.9047447137940076,0.904921789174521,0.9049866271466828,0.9054890747712635,0.9054890747712634,0.9054890747712634,0.9054890747712634,0.0006594587871119051,0.000567285596742384,0.0007443609772558868,0.0008087614302109136,6.399995333301,5.864425542767353,6.932081196431476,7.201010030165591,0.019555541296197503,0.01791907804734469,0.0211813592113184,0.022003086203283753,0.9963072987222871,0.9866344504695775,1.0089450842755663,1.012993762993763,0.0,0.0,0.0,0.0,0.0,0.0,0.0,0.0,0.0,0.0,-0.0,-0.0,0.0,0.0,0.0,0.0,1.0,1.0,1.0,1.0,0.08436578600401301,0.08436578600401301,0.08436578600401301,0.08436578600401301,0.0,0.0,0.0,0.0,0.8880825291057152,0.8865792021362825,0.8890380973062073,0.889200013572834,0.11191747089428482,0.11096190269379275,0.11342079786371753,0.11354016069753431,0.0,0.0,0.0,0.0,0.04760930250027324,0.047136646642978654,0.04803812235705203,0.048613798319510994,0.9758182086781132,0.9752917201735147,0.9763198083468358,0.9764887043809126,1.1213025018288423,1.082716890348067,1.1637489803634602,1.1680312715138756,3.5204683565098356,3.4363099143334406,3.6109478068752208,3.6568527929166446,4.135079700927913,4.001654127638883,4.26538455594352,4.372523915088432,2.9256168530888633,2.854913090864627,2.9971307725248795,3.0489245310266835,4.135079700927913,4.001654127638883,4.26538455594352,4.372523915088432,1.8363604418901813,1.8529006510579393,0.9910639905883765
long_stream,768,ercb_beta_inf,least_count,token,inf,24,18000.0,18000.0,18000.0,18000.0,32.0,32.0,32.0,32.0,32.0,32.0,32.0,32.0,55.0,55.0,55.0,55.0,55.0,55.0,55.0,55.0,327.27272727272725,327.27272727272725,327.27272727272725,327.27272727272725,105.73267398069264,105.73267398069264,105.73267398069264,105.73267398069264,11.0,11.0,11.0,11.0,384.0,384.0,384.0,384.0,0.9054890747712635,0.9054890747712634,0.9054890747712634,0.9054890747712634,0.9054890747712635,0.9054890747712634,0.9054890747712634,0.9054890747712634,0.0,0.0,0.0,0.0,0.0,0.0,0.0,0.0,0.0,0.0,0.0,0.0,0.9998479433833453,0.9990349096045382,1.0010443864229766,1.0010443864229766,0.0,0.0,0.0,0.0,0.0,0.0,0.0,0.0,0.0,0.0,-0.0,-0.0,0.0,0.0,0.0,0.0,1.0,1.0,1.0,1.0,0.08436578600401301,0.08436578600401301,0.08436578600401301,0.08436578600401301,0.0,0.0,0.0,0.0,0.546098312594674,0.546098312594674,0.546098312594674,0.546098312594674,0.45390168740532594,0.453901687405326,0.453901687405326,0.453901687405326,0.0,0.0,0.0,0.0,0.049605753281348676,0.0492074989432731,0.0500303177760278,0.050074155936409605,0.9747537493792636,0.9738925391005848,0.9754954392063022,0.9755727004680836,1.1367970040327482,1.1077391224306452,1.168946767328412,1.1775573403053579,3.924186068798802,3.8839380439495534,3.9655383060966525,3.9739845047850793,4.591808932984232,4.535681379664734,4.669729017304342,4.722256140953747,3.2175973352719276,3.186295965512673,3.24972986401814,3.2721989389577915,4.591808932984232,4.535681379664734,4.669729017304342,4.722256140953747,1.9133664689901717,1.929742542616862,0.9899829006157208
long_stream,896,ercb_beta_0,softmax,token,0.0,24,18000.0,18000.0,18000.0,18000.0,32.0,32.0,32.0,32.0,32.0,32.0,32.0,32.0,52.0,52.0,52.0,52.0,52.0,52.0,52.0,52.0,346.15384615384613,346.15384615384613,346.15384615384613,346.15384615384613,143.83699731331726,142.63465088641217,144.7467262916754,145.09683565114824,1.5,0.15000000000000013,3.0,3.0,462.75,458.15,469.55,471.0,0.8527576371513467,0.8511685403608383,0.8548543884449433,0.8553302087804018,0.9021222928117448,0.9021222928117448,0.9021222928117448,0.9021222928117448,0.04936465566039832,0.047267904366801464,0.050953752450906505,0.0515668748734891,51.22353359170673,49.64103085505053,52.63487296573377,53.16266764158126,0.1479790970427083,0.143407422470146,0.15205629967878648,0.15358103985345697,0.9940052930464299,0.9642008381263434,1.0121766117210762,1.0214808043875685,0.0,0.0,0.0,0.0,0.0,0.0,0.0,0.0,0.0,0.0,-0.0,-0.0,0.0,0.0,0.0,0.0,1.0,1.0,1.0,1.0,0.15194327129388827,0.15194327129388827,0.15194327129388827,0.15194327129388827,0.0,0.0,0.0,0.0,1.0,1.0,1.0,1.0,0.0,0.0,0.0,0.0,0.0,0.0,0.0,0.0,0.024616213080267332,0.023948861842365072,0.025463611010527274,0.025532858013610524,0.9859716223803568,0.9854979704453882,0.9863697175374692,0.9864395701115984,1.0042320833429657,0.9696083060107955,1.0373550257360646,1.0433987818666937,1.0268132760916948,0.9802534227055817,1.0960504187321478,1.1127385731932222,1.0507589644133954,0.9405289752440287,1.144211219877477,1.237095179278212,1.027268107949352,0.9774090593941427,1.089813249185968,1.1199471380637611,1.0634132252991215,1.009222314334145,1.144211219877477,1.237095179278212,1.0,1.0344243823165158,1.0
long_stream,896,ercb_beta_0p001,softmax,token,0.001,24,18000.0,18000.0,18000.0,18000.0,32.0,32.0,32.0,32.0,32.0,32.0,32.0,32.0,52.0,52.0,52.0,52.0,52.0,52.0,52.0,52.0,346.15384615384613,346.15384615384613,346.15384615384613,346.15384615384613,136.70092465680867,135.8164019381526,137.65344064376302,137.94918024896322,2.1666666666666665,1.1500000000000001,3.0,3.0,452.5,446.15,458.0,460.0,0.8650830382672284,0.8634550230308127,0.8665922857103158,0.8676262241375886,0.9021222928117448,0.9021222928117448,0.9021222928117448,0.9021222928117448,0.037039254544516356,0.035530007101429055,0.03866726978093217,0.03917406791542011,42.53092767080092,40.80556394919275,43.838533700289744,44.05285287190656,0.12286712438231379,0.11788274029766795,0.12664465291194815,0.12726379718550784,1.0031790269640597,0.9910060659243134,1.0213246672856702,1.023288309268747,0.0,0.0,0.0,0.0,0.0,0.0,0.0,0.0,0.0,0.0,-0.0,-0.0,0.0,0.0,0.0,0.0,1.0,1.0,1.0,1.0,0.15194327129388827,0.15194327129388827,0.15194327129388827,0.15194327129388827,0.0,0.0,0.0,0.0,0.9990828381883253,0.9987707526675513,0.9992716059261627,0.9993712316916818,0.0009171618116746849,0.0007283940738372376,0.0012292473324486716,0.001256718771038034,0.0,0.0,0.0,0.0,0.025225502767933495,0.024458564633090492,0.026078497031320255,0.026396337644679396,0.9860733191545498,0.9853735735625381,0.9867436031965711,0.9872777613407544,0.9964370277811204,0.9557629264731029,1.0336722837693466,1.0411193410940076,1.0762376466413925,0.9913001817064944,1.1638354937080315,1.1755556498902737,1.0944711682462553,0.9561220120467168,1.2277190647735765,1.357399987305631,1.0557152808895893,0.9825856847729761,1.1272398427829158,1.1755079222081897,1.1098125719434933,1.0020277324490368,1.2277190647735765,1.357399987305631,1.0247515605133666,1.059403286211603,1.00010314371315
long_stream,896,ercb_beta_0p002,softmax,token,0.002,24,18000.0,18000.0,18000.0,18000.0,32.0,32.0,32.0,32.0,32.0,32.0,32.0,32.0,52.0,52.0,52.0,52.0,52.0,52.0,52.0,52.0,346.15384615384613,346.15384615384613,346.15384615384613,346.15384615384613,130.50956473004774,129.87898724704073,131.22642373530456,131.44834970075988,2.0416666666666665,1.0,3.0,3.0,445.625,440.15,451.7,455.0,0.8755409535775062,0.8743431478076467,0.8765935809895087,0.8777961655002525,0.9021222928117448,0.9021222928117448,0.9021222928117448,0.9021222928117448,0.02658133923423869,0.02552871182223615,0.027779145004098216,0.028150908577023293,35.056022004398415,33.64516258022828,36.22573186626126,36.580259493549036,0.10127295245715097,0.09719713634288171,0.10465211428031032,0.1056763052035861,0.9976733700961052,0.9746146753439057,1.0207473953214934,1.0228119180633146,0.0,0.0,0.0,0.0,0.0,0.0,0.0,0.0,0.0,0.0,-0.0,-0.0,0.0,0.0,0.0,0.0,1.0,1.0,1.0,1.0,0.15194327129388827,0.15194327129388827,0.15194327129388827,0.15194327129388827,0.0,0.0,0.0,0.0,0.9965547592986708,0.9961951864653914,0.9968747607109363,0.9969186351558622,0.0034452407013292035,0.0031252392890637327,0.0038048135346086605,0.0041433696782480055,0.0,0.0,0.0,0.0,0.026957985906922666,0.02623446396041159,0.027797758428421762,0.028373675910897057,0.985661269419739,0.9851489711715671,0.9860668741597789,0.9861459781876987,0.9915936146758209,0.9585280096625559,1.0177777870563172,1.017985289271126,1.229660563676961,1.1369872396055265,1.3043544955353898,1.3283995905024948,1.284248795649645,1.1569468424691398,1.418108511237901,1.4479138378793863,1.1685009913341424,1.0948871804023335,1.2286382314141622,1.2573634370042945,1.293857450813336,1.1738893883920827,1.418108511237901,1.4479138378793863,1.0951313193064829,1.129245929817889,0.9996852313458388
long_stream,896,ercb_beta_0p003,softmax,token,0.003,24,18000.0,18000.0,18000.0,18000.0,32.0,32.0,32.0,32.0,32.0,32.0,32.0,32.0,52.0,52.0,52.0,52.0,52.0,52.0,52.0,52.0,346.15384615384613,346.15384615384613,346.15384615384613,346.15384615384613,125.57831853152624,124.96477621337758,126.20883689251305,126.55880126452998,2.4166666666666665,2.0,3.0,3.0,439.875,436.15,444.85,446.0,0.8836953125655427,0.8826627261464018,0.8846991467722829,0.886186111205504,0.9021222928117448,0.9021222928117448,0.9021222928117448,0.9021222928117448,0.018426980246202245,0.017423146039461917,0.019459566665342976,0.02003436236644729,28.79480233891128,27.872328878530574,29.92613702628696,30.203158265829906,0.08318498453463258,0.08052006120464389,0.08645328474260677,0.08725356832350863,0.9974850533185012,0.9830402509518119,1.016651618197947,1.023719165085389,0.0,0.0,0.0,0.0,0.0,0.0,0.0,0.0,0.0,0.0,-0.0,-0.0,0.0,0.0,0.0,0.0,1.0,1.0,1.0,1.0,0.15194327129388827,0.15194327129388827,0.15194327129388827,0.15194327129388827,0.0,0.0,0.0,0.0,0.9926003425051647,0.9919083006227649,0.9930992302689662,0.9932738222179764,0.007399657494835361,0.006900769731033847,0.008091699377235147,0.008486477177570024,0.0,0.0,0.0,0.0,0.029498736552153376,0.02886058795280741,0.03017107344465646,0.030332135410887202,0.9848925553981319,0.9841864566370243,0.9852932057997884,0.9854311368509486,0.9929545178673805,0.9600083655495057,1.033253157824419,1.0701966233334221,1.4506300893687272,1.3626143555743742,1.5273062542771472,1.557058341608055,1.6056721321687142,1.4807654327802713,1.7405375466390733,1.8322219152584227,1.3497522464682739,1.2774433784384154,1.425635203460789,1.4687872607616084,1.6056721321687142,1.4807654327802713,1.7405375466390733,1.8322219152584227,1.1983458404412308,1.2256586074501432,0.9989055800818893
long_stream,896,ercb_beta_0p004,softmax,token,0.004,24,18000.0,18000.0,18000.0,18000.0,32.0,32.0,32.0,32.0,32.0,32.0,32.0,32.0,52.0,52.0,52.0,52.0,52.0,52.0,52.0,52.0,346.15384615384613,346.15384615384613,346.15384615384613,346.15384615384613,122.1093862872118,121.63534126988846,122.80024830808038,123.08758367291914,2.875,2.0,3.0,3.0,436.4166666666667,431.0,442.0,445.0,0.8893307449013922,0.8882162015025064,0.8900949644312948,0.8915151727407503,0.9021222928117448,0.9021222928117448,0.9021222928117448,0.9021222928117448,0.012791547910352636,0.012027328380450036,0.013906091309238472,0.014371030982925026,24.305545253989497,22.670026732539807,26.073101171535495,26.590194838294465,0.07021601962263634,0.06549118833844833,0.07532229227332475,0.07681611842173958,1.0043259035517214,0.9863574584442363,1.0180668515619682,1.0197495183044316,0.0,0.0,0.0,0.0,0.0,0.0,0.0,0.0,0.0,0.0,-0.0,-0.0,0.0,0.0,0.0,0.0,1.0,1.0,1.0,1.0,0.15194327129388827,0.15194327129388827,0.15194327129388827,0.15194327129388827,0.0,0.0,0.0,0.0,0.9877618610206733,0.9869060614771837,0.9886821264011075,0.9887789456116131,0.01223813897932668,0.01131787359889246,0.01309393852281631,0.013589357994783655,0.0,0.0,0.0,0.0,0.0317502593058153,0.03098673627616462,0.03268393059161322,0.032785150296047366,0.9841845101058754,0.9834215502979745,0.9846788552165715,0.9850658954916885,0.9876450842608898,0.9519871747265632,1.0373316024397707,1.0581513001783367,1.6614746281369195,1.5517532918435255,1.7974538731496164,1.8646722762830674,1.9023642235276566,1.7498534637767578,2.0138879276270094,2.197020480807636,1.5171613119751555,1.4279339140068055,1.5775224767298843,1.6856977906124395,1.9023642235276566,1.7498534637767578,2.0138879276270094,2.197020480807636,1.2898108739262868,1.3277399933547482,0.9981874607403335
long_stream,896,ercb_beta_0p005,softmax,token,0.005,24,18000.0,18000.0,18000.0,18000.0,32.0,32.0,32.0,32.0,32.0,32.0,32.0,32.0,52.0,52.0,52.0,52.0,52.0,52.0,52.0,52.0,346.15384615384613,346.15384615384613,346.15384615384613,346.15384615384613,119.61831606497947,119.16932597348051,120.0696236104396,120.34332051634361,2.9166666666666665,2.1500000000000004,3.0,3.0,432.375,428.15,439.55,441.0,0.8933237058267481,0.8926042863339407,0.8940387690284723,0.8943778612638411,0.9021222928117448,0.9021222928117448,0.9021222928117448,0.9021222928117448,0.008798586984996784,0.008083523783272529,0.009518006477804153,0.009955320568711512,20.783812917727165,19.43557238934399,21.904636926572298,22.640161728152982,0.060042126206767375,0.05614720912477153,0.06328006223231998,0.06540491165910862,0.9969186327991046,0.9776263942121357,1.0131199948422986,1.0216450216450217,0.0,0.0,0.0,0.0,0.0,0.0,0.0,0.0,0.0,0.0,-0.0,-0.0,0.0,0.0,0.0,0.0,1.0,1.0,1.0,1.0,0.15194327129388827,0.15194327129388827,0.15194327129388827,0.15194327129388827,0.0,0.0,0.0,0.0,0.9822829361727639,0.9815681548417629,0.9829435893053534,0.9833591127230863,0.017717063827236104,0.01705641069464656,0.018431845158237148,0.01868102126495525,0.0,0.0,0.0,0.0,0.03337899539164262,0.032813816217691985,0.03449701012640503,0.034609507285561364,0.9833798924548408,0.9828121300292741,0.9840660262962081,0.9840912539054316,0.9905456189572274,0.9501924056140553,1.0227478813473014,1.04380561439746,1.8354175597441922,1.7626636391307289,1.9286640000456687,1.9668945712252808,2.1223274861056574,1.982618769076307,2.266767977879746,2.2727455657455433,1.649430221602359,1.5756759695912905,1.7237458215926027,1.740942963742213,2.1223274861056574,1.982618769076307,2.266767977879746,2.2727455657455433,1.3559760505323073,1.4013938705323552,0.9973713950110866
long_stream,896,ercb_beta_0p006,softmax,token,0.006,24,18000.0,18000.0,18000.0,18000.0,32.0,32.0,32.0,32.0,32.0,32.0,32.0,32.0,52.0,52.0,52.0,52.0,52.0,52.0,52.0,52.0,346.15384615384613,346.15384615384613,346.15384615384613,346.15384615384613,117.98210993438518,117.67654213332405,118.31259510743894,118.52756651373822,2.8333333333333335,2.0,3.0,3.0,430.0833333333333,426.15,434.0,435.0,0.8959206670797464,0.8953980481411231,0.8964035137633207,0.8964284299288457,0.9021222928117448,0.9021222928117448,0.9021222928117448,0.9021222928117448,0.006201625731998349,0.005718779048424083,0.0067242446706217264,0.007064780504538293,17.73784758185915,16.699679835829794,18.59956930487572,18.794434528092864,0.051242670792037544,0.04824351952573052,0.053732089102974306,0.05429503308115717,1.0001778414454816,0.9885932420833485,1.0173321034092224,1.0198547215496367,0.0,0.0,0.0,0.0,0.0,0.0,0.0,0.0,0.0,0.0,-0.0,-0.0,0.0,0.0,0.0,0.0,1.0,1.0,1.0,1.0,0.15194327129388827,0.15194327129388827,0.15194327129388827,0.15194327129388827,0.0,0.0,0.0,0.0,0.9763059538889803,0.975255598293155,0.9774636033758157,0.9776269539793092,0.023694046111019638,0.0225363966241843,0.024744401706845026,0.02516812174469878,0.0,0.0,0.0,0.0,0.03499812119994126,0.03439931981023065,0.035847941185713716,0.03632203390279877,0.9830459672895101,0.9824493331500493,0.9836586168666649,0.9837186806751752,0.985818730266912,0.9620631954580746,1.0121421976302711,1.015528600421539,2.0024111319437123,1.8585410263160567,2.1184675466529366,2.157763298490588,2.362469974118867,2.233167671683386,2.528481164876838,2.628943964945572,1.7835666121098306,1.715130366916234,1.8786623681227546,1.926391965134238,2.362469974118867,2.233167671683386,2.528481164876838,2.628943964945572,1.4217508227533258,1.456273597763495,0.9970327187675203
long_stream,896,ercb_beta_0p0075,softmax,token,0.0075,24,18000.0,18000.0,18000.0,18000.0,32.0,32.0,32.0,32.0,32.0,32.0,32.0,32.0,52.0,52.0,52.0,52.0,52.0,52.0,52.0,52.0,346.15384615384613,346.15384615384613,346.15384615384613,346.15384615384613,116.50921921227162,116.35133853294488,116.68064300448955,116.70168817831488,3.0,3.0,3.0,3.0,426.2083333333333,422.0,432.7,434.0,0.8982404651556042,0.8979714247737285,0.898488138093751,0.8986610349983429,0.9021222928117448,0.9021222928117448,0.9021222928117448,0.9021222928117448,0.003881827656140646,0.003634154717993754,0.0041508680380163195,0.004183919408706105,14.439591815991122,13.920663482869447,15.074779568898201,15.39730246104567,0.04171437635730769,0.04021525006162285,0.04354936319903925,0.044481095998576387,1.000916471878593,0.9905557379692845,1.010484552122694,1.0161527165932451,0.0,0.0,0.0,0.0,0.0,0.0,0.0,0.0,0.0,0.0,-0.0,-0.0,0.0,0.0,0.0,0.0,1.0,1.0,1.0,1.0,0.15194327129388827,0.15194327129388827,0.15194327129388827,0.15194327129388827,0.0,0.0,0.0,0.0,0.9668730273394628,0.965874645687224,0.9682511967364381,0.968679825921397,0.033126972660537136,0.03174880326356193,0.03412535431277604,0.03456383694230806,0.0,0.0,0.0,0.0,0.03657750813126938,0.03596850841917522,0.037128204457213265,0.037504521197588236,0.9823595716799488,0.9818357457252784,0.983012220206107,0.9831108648909412,0.9845243352593936,0.9643399913282708,1.0160189221387217,1.037947231428288,2.1632038968691423,2.071580718726017,2.2562630749714505,2.3076312683690636,2.632210156200521,2.470692990786307,2.830059603733936,2.862499253728404,1.926646129443019,1.848993924294995,2.027227102190315,2.037770603715059,2.632210156200521,2.470692990786307,2.830059603733936,2.862499253728404,1.4859112574301843,1.5082825427350441,0.9963365571397605
long_stream,896,ercb_beta_0p01,softmax,token,0.01,24,18000.0,18000.0,18000.0,18000.0,32.0,32.0,32.0,32.0,32.0,32.0,32.0,32.0,52.0,52.0,52.0,52.0,52.0,52.0,52.0,52.0,346.15384615384613,346.15384615384613,346.15384615384613,346.15384615384613,115.33570154323583,115.19563362497176,115.54545502823026,115.62894643832863,3.0,3.0,3.0,3.0,422.8333333333333,419.0,427.0,429.0,0.9000762437191142,0.8997489809488306,0.9002946664912983,0.9003338237744373,0.9021222928117448,0.9021222928117448,0.9021222928117448,0.9021222928117448,0.0020460490926305828,0.0018276263204465126,0.0023733118629141953,0.0025036911158149433,11.01086314321059,10.387850206536397,11.748770744068041,12.198675842389301,0.03180916019149726,0.03000934504110515,0.03394089326064101,0.03524061910023576,1.0017050274494732,0.9878312617260788,1.0165960610862315,1.017156862745098,0.0,0.0,0.0,0.0,0.0,0.0,0.0,0.0,0.0,0.0,-0.0,-0.0,0.0,0.0,0.0,0.0,1.0,1.0,1.0,1.0,0.15194327129388827,0.15194327129388827,0.15194327129388827,0.15194327129388827,0.0,0.0,0.0,0.0,0.9501972738901964,0.9486411309018814,0.9515157140324022,0.9520934523484073,0.04980272610980372,0.048484285967597865,0.051358869098118605,0.05151881450945601,0.0,0.0,0.0,0.0,0.038130849933809295,0.03726587848728744,0.03889136461932987,0.03910325325438758,0.9816409966379337,0.9809981330696685,0.9821750497403372,0.9822101608582088,0.9783393340883763,0.9436967124225901,1.0107566491699163,1.0180054369986389,2.3362383969082603,2.230014122727941,2.4530296299417533,2.52584955117917,2.8986728506708985,2.7036156807834146,3.091385099933077,3.2771892864440435,2.071083527222512,1.9779648312629852,2.168059428878691,2.2736814248739505,2.8986728506708985,2.7036156807834146,3.091385099933077,3.2771892864440435,1.549013644360085,1.5799085136497164,0.9956077582314509
long_stream,896,ercb_beta_0p0125,softmax,token,0.0125,24,18000.0,18000.0,18000.0,18000.0,32.0,32.0,32.0,32.0,32.0,32.0,32.0,32.0,52.0,52.0,52.0,52.0,52.0,52.0,52.0,52.0,346.15384615384613,346.15384615384613,346.15384615384613,346.15384615384613,114.84278553950014,114.7455352634234,114.94794509479924,114.95707971897508,3.0,3.0,3.0,3.0,419.5833333333333,417.0,423.0,423.0,0.9008440462319972,0.9006804302973567,0.9009953035016063,0.9010189122312361,0.9021222928117448,0.9021222928117448,0.9021222928117448,0.9021222928117448,0.0012782465797474968,0.0011269893101385098,0.0014418625143881201,0.001456080021546291,9.053153740163653,8.204254247498113,9.707541261238395,9.990379988153219,0.02615355524936167,0.023701178937216773,0.028044008088022033,0.028861097743553745,0.9980202470509063,0.9850826379123947,1.0073471822743776,1.0087976539589443,0.0,0.0,0.0,0.0,0.0,0.0,0.0,0.0,0.0,0.0,-0.0,-0.0,0.0,0.0,0.0,0.0,1.0,1.0,1.0,1.0,0.15194327129388827,0.15194327129388827,0.15194327129388827,0.15194327129388827,0.0,0.0,0.0,0.0,0.9346285958572667,0.9335616074147193,0.9362280389658466,0.9367222894214275,0.06537140414273339,0.06377196103415333,0.0664383925852808,0.0671158791020386,0.0,0.0,0.0,0.0,0.03883021726879871,0.03817870636845592,0.03943465253608312,0.0395398232027099,0.9811039035283811,0.9804993386877001,0.9815631751097743,0.9816285193879375,0.9784503749844111,0.9382228092888488,1.0141668249208557,1.0427367086127415,2.446090495768083,2.3604355848854035,2.557358581904391,2.5893311589224535,3.074675425199995,2.935935446496631,3.204630309406845,3.2584584783622708,2.1664054319841632,2.076611131513059,2.234892085480711,2.2364055456594065,3.074675425199995,2.935935446496631,3.204630309406845,3.2584584783622708,1.5774244861377766,1.601978842460315,0.9950630233756383
long_stream,896,ercb_beta_0p015,softmax,token,0.015,24,18000.0,18000.0,18000.0,18000.0,32.0,32.0,32.0,32.0,32.0,32.0,32.0,32.0,52.0,52.0,52.0,52.0,52.0,52.0,52.0,52.0,346.15384615384613,346.15384615384613,346.15384615384613,346.15384615384613,114.5415384607656,114.43096416314563,114.62870402681361,114.63292328380933,3.0,3.0,3.0,3.0,419.8333333333333,416.0,424.0,428.0,0.9013122895749538,0.9011768959886877,0.9014839909005893,0.9014978687588718,0.9021222928117448,0.9021222928117448,0.9021222928117448,0.9021222928117448,0.000810003236790933,0.000638301911155581,0.0009453968230571375,0.0009519529043108266,7.452213676999399,6.684951484909537,8.13952803715279,8.389553944317623,0.021528617289109375,0.01931208206751644,0.023514192107330283,0.024236489172473133,1.0008816275569627,0.9849207940242268,1.0122915322155281,1.0192687747035574,0.0,0.0,0.0,0.0,0.0,0.0,0.0,0.0,0.0,0.0,-0.0,-0.0,0.0,0.0,0.0,0.0,1.0,1.0,1.0,1.0,0.15194327129388827,0.15194327129388827,0.15194327129388827,0.15194327129388827,0.0,0.0,0.0,0.0,0.9191975979217076,0.9176058046722734,0.9208987729305642,0.9210197983640668,0.08080240207829253,0.07910122706943581,0.0823941953277266,0.08269747649322082,0.0,0.0,0.0,0.0,0.03953466356935826,0.03856970016460196,0.040081021315229226,0.040118492580765365,0.9808555276189846,0.9802350463125947,0.9814219668610629,0.9817713426873595,0.9739602342683987,0.941749070137484,1.0059749094276362,1.0099189365151882,2.5227408286010977,2.3724929088011986,2.6312487713358927,2.6976245318275947,3.1894970531204496,3.03203068264485,3.3769089390445006,3.407034994955009,2.228732705329982,2.114039271535194,2.3065535654893403,2.3408680875663603,3.1894970531204496,3.03203068264485,3.3769089390445006,3.407034994955009,1.6060416539475662,1.6282366903688643,0.9948111135805098
long_stream,896,ercb_beta_0p02,softmax,token,0.02,24,18000.0,18000.0,18000.0,18000.0,32.0,32.0,32.0,32.0,32.0,32.0,32.0,32.0,52.0,52.0,52.0,52.0,52.0,52.0,52.0,52.0,346.15384615384613,346.15384615384613,346.15384615384613,346.15384615384613,114.30851452550439,114.26265871055304,114.36473106812507,114.38974950973278,3.0,3.0,3.0,3.0,416.5833333333333,414.15,418.85,422.0,0.9016739914888645,0.9015867807227561,0.9017451202840178,0.9017548951820149,0.9021222928117448,0.9021222928117448,0.9021222928117448,0.9021222928117448,0.00044830132288035024,0.00037717252772703216,0.0005355120889886988,0.0005743349681273102,5.531647129089016,4.892331566295824,6.166385834739092,6.522151603455836,0.015980313928479383,0.014133402302632382,0.017814003522579603,0.018841771298872417,0.9970188531856502,0.9867958808374938,1.005336215346053,1.0068661108386465,0.0,0.0,0.0,0.0,0.0,0.0,0.0,0.0,0.0,0.0,-0.0,-0.0,0.0,0.0,0.0,0.0,1.0,1.0,1.0,1.0,0.15194327129388827,0.15194327129388827,0.15194327129388827,0.15194327129388827,0.0,0.0,0.0,0.0,0.893240462501316,0.8916334327640556,0.8950547380510441,0.8953781853258045,0.10675953749868401,0.10494526194895601,0.10836656723594441,0.10850656650793485,0.0,0.0,0.0,0.0,0.04016287339959699,0.03959303921928701,0.04079899536198528,0.04088382769796105,0.980482464264193,0.9796731081354433,0.981028484259201,0.9815074614746653,0.9605318319305106,0.9292367327457169,0.993878096433176,1.0020910781768553,2.6153670136160554,2.4891803273472957,2.706046153728198,2.8372106690597256,3.308561640581159,3.174648753882582,3.4615630539496784,3.4912466626973746,2.294820162042575,2.2180780617444302,2.370734767598808,2.4257072823916586,3.308561640581159,3.174648753882582,3.4615630539496784,3.4912466626973746,1.6315618193844794,1.6574034043721482,0.9944327422903798
long_stream,896,ercb_beta_inf,least_count,token,inf,24,18000.0,18000.0,18000.0,18000.0,32.0,32.0,32.0,32.0,32.0,32.0,32.0,32.0,52.0,52.0,52.0,52.0,52.0,52.0,52.0,52.0,346.15384615384613,346.15384615384613,346.15384615384613,346.15384615384613,114.01929401765308,114.0192940176531,114.0192940176531,114.0192940176531,3.0,3.0,3.0,3.0,406.0,406.0,406.0,406.0,0.9021222928117448,0.9021222928117448,0.9021222928117448,0.9021222928117448,0.9021222928117448,0.9021222928117448,0.9021222928117448,0.9021222928117448,0.0,0.0,0.0,0.0,0.0,0.0,0.0,0.0,0.0,0.0,0.0,0.0,0.9999590705492563,0.9990147783251232,1.0004930966469427,1.0004930966469427,0.0,0.0,0.0,0.0,0.0,0.0,0.0,0.0,0.0,0.0,-0.0,-0.0,0.0,0.0,0.0,0.0,1.0,1.0,1.0,1.0,0.15194327129388827,0.15194327129388827,0.15194327129388827,0.15194327129388827,0.0,0.0,0.0,0.0,0.5762748945487556,0.5762748945487556,0.5762748945487556,0.5762748945487556,0.4237251054512445,0.4237251054512445,0.4237251054512445,0.4237251054512445,0.0,0.0,0.0,0.0,0.041525947033573846,0.04109239214955435,0.041904451180208364,0.04205204893100314,0.979605129362365,0.9789258285007932,0.9800807642581892,0.9801248871558486,0.9520313101971821,0.9048299183264168,0.9842243648384383,1.001584058041923,2.8031081038912995,2.7555366060470616,2.872835257639834,2.8815602176661743,3.669092169287852,3.595468278129891,3.745201375672913,3.797443291227835,2.4747438611254444,2.4345992264038303,2.518122464546504,2.5241993722076876,3.669092169287852,3.595468278129891,3.745201375672913,3.797443291227835,1.6869348221096432,1.7023110355588977,0.9935429246912586
long_stream,1024,ercb_beta_0,softmax,token,0.0,24,18000.0,18000.0,18000.0,18000.0,32.0,32.0,32.0,32.0,32.0,32.0,32.0,32.0,49.0,49.0,49.0,49.0,49.0,49.0,49.0,49.0,367.3469387755102,367.3469387755102,367.3469387755102,367.3469387755102,139.9988993107287,138.72849556009294,141.31807777566405,141.3547500007402,12.0,8.3,15.0,17.0,472.5416666666667,467.15,479.85,482.0,0.873174898301427,0.8710850814462362,0.8751820840385927,0.8752290108291924,0.9144115011833783,0.9144115011833783,0.9144115011833783,0.9144115011833783,0.04123660288195138,0.0392294171447857,0.0433264197371421,0.04338470269436889,45.784731257240615,43.93047587167162,47.60257342779544,47.73310150819698,0.12463621286693279,0.11958851765066164,0.12958478322010983,0.1299401096612029,1.0009545638855328,0.9766383370893731,1.0184704104358893,1.0210409745293467,0.0,0.0,0.0,0.0,0.0,0.0,0.0,0.0,0.0,0.0,-0.0,-0.0,0.0,0.0,0.0,0.0,1.0,1.0,1.0,1.0,0.030386856273138186,0.03038685627313819,0.03038685627313819,0.03038685627313819,0.0,0.0,0.0,0.0,1.0,1.0,1.0,1.0,0.0,0.0,0.0,0.0,0.0,0.0,0.0,0.0,0.023007990837734804,0.022228623841190374,0.023768989872795066,0.02403205097310809,0.9872609902239701,0.9868510970215049,0.9875781114606352,0.9877391530417678,0.9929641280617684,0.9572431941349865,1.0222153996899173,1.0415769830686057,0.9917902354185492,0.9317350668626677,1.062308090079279,1.0817399568192023,0.986539471697457,0.8779861802233573,1.123746021978555,1.179610024343645,0.9904312783925916,0.9402311316582452,1.0625931019248966,1.0821294649248328,1.0296198590536185,0.9774718032103721,1.123746021978555,1.179610024343645,1.0,1.0330754232486987,1.0
long_stream,1024,ercb_beta_0p001,softmax,token,0.001,24,18000.0,18000.0,18000.0,18000.0,32.0,32.0,32.0,32.0,32.0,32.0,32.0,32.0,49.0,49.0,49.0,49.0,49.0,49.0,49.0,49.0,367.3469387755102,367.3469387755102,367.3469387755102,367.3469387755102,132.6962999786529,131.89279045178168,133.79032961041747,133.9018146255556,13.833333333333334,11.15,16.0,17.0,464.3333333333333,457.3,471.85,476.0,0.8845738955905267,0.8828878038548464,0.885809587865001,0.8858208138691981,0.9144115011833783,0.9144115011833783,0.9144115011833783,0.9144115011833783,0.029837605592851733,0.02860191331837737,0.031523697328531934,0.03169605050265212,37.12140686920577,35.98701077036117,38.54525985512453,39.239713327709424,0.1010527186995046,0.09796464043042762,0.10492876293895011,0.1068192196143201,1.0021710044791525,0.9788508255930115,1.0252857988154238,1.0255972696245734,0.0,0.0,0.0,0.0,0.0,0.0,0.0,0.0,0.0,0.0,-0.0,-0.0,0.0,0.0,0.0,0.0,1.0,1.0,1.0,1.0,0.030386856273138186,0.03038685627313819,0.03038685627313819,0.03038685627313819,0.0,0.0,0.0,0.0,0.999075531520209,0.9988438677432561,0.9993949486057412,0.9994177876632321,0.0009244684797910522,0.0006050513942588791,0.0011561322567440093,0.001160993916713822,0.0,0.0,0.0,0.0,0.023838746152304153,0.02307215983964184,0.02450422775439075,0.024641258967990336,0.9873335029987892,0.9868365632980194,0.9878099742972931,0.9878355936915159,0.9908717981655965,0.9555431338120989,1.0202253322406685,1.0350925194380642,1.0622446918544455,1.003359706237218,1.1164240097449665,1.140768126640279,1.0649492483585385,0.9845042652977867,1.1520107767279268,1.214260330716537,1.0393552461261935,0.9889340905579137,1.0944491542936334,1.0991201615883428,1.0825061587358868,1.0035379122318888,1.1520107767279268,1.214260330716537,1.0361072516252419,1.0650311853480925,1.0000734484351526
long_stream,1024,ercb_beta_0p002,softmax,token,0.002,24,18000.0,18000.0,18000.0,18000.0,32.0,32.0,32.0,32.0,32.0,32.0,32.0,32.0,49.0,49.0,49.0,49.0,49.0,49.0,49.0,49.0,367.3469387755102,367.3469387755102,367.3469387755102,367.3469387755102,126.98104050621816,126.13375588181172,127.9430547134982,128.00200110368303,16.041666666666668,13.0,18.0,19.0,458.5416666666667,453.0,465.7,467.0,0.8932643099210867,0.8918175801681374,0.8945352631074364,0.8945717386896314,0.9144115011833783,0.9144115011833783,0.9144115011833783,0.9144115011833783,0.021147191262291615,0.019876238075941993,0.022593921015240902,0.022682814832446718,30.70733309402097,29.37736406746609,32.22911863464767,32.51624397818696,0.08359218453372376,0.0799717132947688,0.08773482294987422,0.08851644194062006,1.0021908687336145,0.9862207016338372,1.0266462440761397,1.0492753623188407,0.0,0.0,0.0,0.0,0.0,0.0,0.0,0.0,0.0,0.0,-0.0,-0.0,0.0,0.0,0.0,0.0,1.0,1.0,1.0,1.0,0.030386856273138186,0.03038685627313819,0.03038685627313819,0.03038685627313819,0.0,0.0,0.0,0.0,0.996654846838693,0.9962552825450723,0.9970449192567413,0.9970754883808698,0.0033451531613069596,0.0029550807432586436,0.003744717454927667,0.0037887013143458074,0.0,0.0,0.0,0.0,0.025074940284409708,0.02427882408100563,0.025644739443405395,0.02568032469811361,0.9870841944018981,0.9866791386212345,0.9875232687192795,0.9875581136011218,0.9826423700039978,0.9527556917128474,1.0093406480802427,1.0392287134359708,1.1916402488135913,1.1200257147684824,1.2454621122772245,1.2644945803812724,1.1987719734937465,1.1030112775644796,1.292580462765389,1.3012769518715308,1.1243515307704453,1.071903929184126,1.170841335066295,1.1772056715819144,1.2138638009818499,1.1316375281556552,1.292580462765389,1.3012769518715308,1.0898361556753124,1.1146014280110947,0.9998209229131683
long_stream,1024,ercb_beta_0p003,softmax,token,0.003,24,18000.0,18000.0,18000.0,18000.0,32.0,32.0,32.0,32.0,32.0,32.0,32.0,32.0,49.0,49.0,49.0,49.0,49.0,49.0,49.0,49.0,367.3469387755102,367.3469387755102,367.3469387755102,367.3469387755102,122.17758235785442,121.51507859962194,122.73400763864825,122.95968329138906,17.833333333333332,17.0,19.0,19.0,455.5416666666667,451.15,462.85,465.0,0.9003980943940589,0.8995807160235958,0.9013696805552466,0.9017294369062585,0.9144115011833783,0.9144115011833783,0.9144115011833783,0.9144115011833783,0.014013406789319319,0.013041820628131789,0.014830785159782579,0.015163172869367969,25.05004937176476,24.03785575359997,25.991903785379183,26.227419831550495,0.06819180106758185,0.06543638510702214,0.07075573808242111,0.07139686509699858,0.9992099233273409,0.9849229205813552,1.0131001882192612,1.0206777713957496,0.0,0.0,0.0,0.0,0.0,0.0,0.0,0.0,0.0,0.0,-0.0,-0.0,0.0,0.0,0.0,0.0,1.0,1.0,1.0,1.0,0.030386856273138186,0.03038685627313819,0.03038685627313819,0.03038685627313819,0.0,0.0,0.0,0.0,0.9927902695171108,0.9921060766337294,0.993336845583353,0.9933904758381868,0.007209730482889182,0.006663154416647002,0.007893923366270577,0.008231715989973196,0.0,0.0,0.0,0.0,0.027156946053216075,0.026590990971253267,0.02783960645101894,0.02788930793581671,0.9863590605960458,0.9858206017769705,0.9868509876084176,0.9870348233572532,0.9743414027386366,0.9394467544797109,1.011996667096438,1.0234981426340777,1.3893375628357176,1.3327619940105688,1.4403719167372693,1.4509734820794322,1.4322356225341721,1.291034478207321,1.5657704954707306,1.618260208265588,1.2653048627028423,1.1974440939454245,1.3352171306102176,1.3422778559188233,1.439180110468292,1.3543271962909955,1.5657704954707306,1.618260208265588,1.1803267066969045,1.209997285176241,0.9990864324258172
long_stream,1024,ercb_beta_0p004,softmax,token,0.004,24,18000.0,18000.0,18000.0,18000.0,32.0,32.0,32.0,32.0,32.0,32.0,32.0,32.0,49.0,49.0,49.0,49.0,49.0,49.0,49.0,49.0,367.3469387755102,367.3469387755102,367.3469387755102,367.3469387755102,119.05422448677855,118.4881777521976,119.59354226749969,119.67345894701627,18.5,18.0,19.0,19.0,451.1666666666667,446.15,455.0,456.0,0.9049477610722135,0.9041677588602625,0.9057648929590234,0.9058299061790029,0.9144115011833783,0.9144115011833783,0.9144115011833783,0.9144115011833783,0.00946374011116477,0.008646608224354906,0.010243742323115878,0.01035956552029016,21.172570252971948,20.190180609191113,22.025277258164923,22.763199803764902,0.05763644124420142,0.05496215832502026,0.05995769920278229,0.06196648835469335,0.9978077585994435,0.9800869811973744,1.016724315572564,1.0228471001757469,0.0,0.0,0.0,0.0,0.0,0.0,0.0,0.0,0.0,0.0,-0.0,-0.0,0.0,0.0,0.0,0.0,1.0,1.0,1.0,1.0,0.030386856273138186,0.03038685627313819,0.03038685627313819,0.03038685627313819,0.0,0.0,0.0,0.0,0.9880161747121748,0.9872094240478404,0.9889888609132048,0.9890890871150927,0.011983825287825274,0.011011139086795163,0.012790575952159646,0.013028148069808109,0.0,0.0,0.0,0.0,0.02867587446846002,0.02805691722773421,0.02928079113568936,0.029476311137359157,0.9858965679013366,0.9854959325297477,0.9864044567569547,0.9865640920054898,0.9728570155294811,0.9363268525768715,1.0072281199440514,1.0180688694299322,1.565780468228643,1.4991501172507806,1.6384768877897071,1.6604743317084147,1.602817389402956,1.4646303847628441,1.7860289390000268,1.8151405361494983,1.3804849577203602,1.327713767912811,1.4522040702739845,1.4758027485835827,1.6192819904529447,1.5122598854645055,1.7860289390000268,1.8151405361494983,1.24634413629153,1.272635726526225,0.998617972009282
long_stream,1024,ercb_beta_0p005,softmax,token,0.005,24,18000.0,18000.0,18000.0,18000.0,32.0,32.0,32.0,32.0,32.0,32.0,32.0,32.0,49.0,49.0,49.0,49.0,49.0,49.0,49.0,49.0,367.3469387755102,367.3469387755102,367.3469387755102,367.3469387755102,116.77917084849314,116.30014750254226,117.21377654099092,117.23490303927795,18.833333333333332,18.0,19.0,19.0,448.7083333333333,443.15,454.85,455.0,0.9082156145089314,0.9075947892896296,0.9088989681805845,0.9091350801993511,0.9144115011833783,0.9144115011833783,0.9144115011833783,0.9144115011833783,0.006195886674446885,0.005512533002793807,0.006816711893748756,0.006846945570318175,17.90473464544379,16.662833320275926,19.431235045780053,19.487306177119923,0.048740666534819205,0.04535993514964002,0.0528961398468457,0.053048777926604236,0.9973317620348485,0.9864208218617672,1.014215402431963,1.0157342657342658,0.0,0.0,0.0,0.0,0.0,0.0,0.0,0.0,0.0,0.0,-0.0,-0.0,0.0,0.0,0.0,0.0,1.0,1.0,1.0,1.0,0.030386856273138186,0.03038685627313819,0.03038685627313819,0.03038685627313819,0.0,0.0,0.0,0.0,0.9824192568746603,0.9815925383706674,0.9832746811291937,0.9834573829441945,0.017580743125339717,0.016725318870806354,0.018407461629332572,0.018504678231280443,0.0,0.0,0.0,0.0,0.030259855128386515,0.029685638462557753,0.0309091698296737,0.031099556716554344,0.9854460021105836,0.9848174564536415,0.9862391857535335,0.9862944923404383,0.957071157255451,0.9229048653877416,0.9946807556614475,1.0120152812687966,1.735165957293874,1.6523608663011624,1.82416469955309,1.8285676036848888,1.821080011221185,1.6943550601774808,1.9868036781052292,2.0027040537520384,1.5044390419235032,1.4533711448394688,1.580328606122863,1.5858513383879795,1.82827444629488,1.7320401405364767,1.9868036781052292,2.0027040537520384,1.3151889420417413,1.34341021115935,0.9981615923941504
long_stream,1024,ercb_beta_0p006,softmax,token,0.006,24,18000.0,18000.0,18000.0,18000.0,32.0,32.0,32.0,32.0,32.0,32.0,32.0,32.0,49.0,49.0,49.0,49.0,49.0,49.0,49.0,49.0,367.3469387755102,367.3469387755102,367.3469387755102,367.3469387755102,115.51627445021768,115.18411314705621,115.8325055631026,115.8458777367071,18.875,18.0,19.0,19.0,445.3333333333333,443.0,449.7,451.0,0.9100125870410297,0.9095640055714362,0.9104832487582523,0.9105272018821249,0.9144115011833783,0.9144115011833783,0.9144115011833783,0.9144115011833783,0.004398914142348521,0.003928252425126072,0.00484749561194211,0.0048664882189651815,15.380744128729924,13.951948169857214,16.999987504151253,17.029386365926403,0.041869803461542586,0.03798030335127798,0.04627774376130064,0.04635777399613299,0.9979974292075409,0.9834260204840422,1.0097447490767886,1.0121387283236993,0.0,0.0,0.0,0.0,0.0,0.0,0.0,0.0,0.0,0.0,-0.0,-0.0,0.0,0.0,0.0,0.0,1.0,1.0,1.0,1.0,0.030386856273138186,0.03038685627313819,0.03038685627313819,0.03038685627313819,0.0,0.0,0.0,0.0,0.9770162930752401,0.9759413461811233,0.9781074634536145,0.9783392765358974,0.02298370692476001,0.02189253654638546,0.0240586538188767,0.02408973342218855,0.0,0.0,0.0,0.0,0.031122530070585436,0.0304972948866573,0.03180126186834672,0.032048742065509436,0.9850107320291851,0.9842973370000627,0.9855468466749094,0.9856332137837974,0.9636831137059468,0.9308473661332849,0.9954659841387187,0.9994191526738978,1.8561783624604178,1.781005756427394,1.9375344436233823,1.951140192487337,1.900034638096684,1.7356859587171625,2.0898981760848736,2.119817594128487,1.5732987047543496,1.5003909669762532,1.655859932058086,1.6673952076786935,1.9159361158074695,1.807181368436173,2.0898981760848736,2.119817594128487,1.352683521567741,1.3821833506726846,0.9977207058548171
long_stream,1024,ercb_beta_0p0075,softmax,token,0.0075,24,18000.0,18000.0,18000.0,18000.0,32.0,32.0,32.0,32.0,32.0,32.0,32.0,32.0,49.0,49.0,49.0,49.0,49.0,49.0,49.0,49.0,367.3469387755102,367.3469387755102,367.3469387755102,367.3469387755102,114.29606936956145,114.05269951997279,114.58354950754374,114.5857759132839,19.0,19.0,19.0,19.0,442.0833333333333,439.15,445.7,449.0,0.911736750526956,0.911331739380501,0.9120793455610839,0.9122675711870964,0.9144115011833783,0.9144115011833783,0.9144115011833783,0.9144115011833783,0.002674750656422295,0.002332155622294363,0.00307976180287729,0.0030829019395953727,12.722595670762324,11.637715763934818,13.784862946867563,13.791449584168195,0.03463373265929744,0.03168044846848923,0.03752546024425059,0.03754339053468009,0.9987276031852851,0.9793913693338463,1.014365125804564,1.0187683284457478,0.0,0.0,0.0,0.0,0.0,0.0,0.0,0.0,0.0,0.0,-0.0,-0.0,0.0,0.0,0.0,0.0,1.0,1.0,1.0,1.0,0.030386856273138186,0.03038685627313819,0.03038685627313819,0.03038685627313819,0.0,0.0,0.0,0.0,0.9675796047347006,0.9657417562864563,0.9689083076090065,0.9690978755162768,0.03242039526529952,0.03109169239099354,0.03425824371354372,0.034609079500159484,0.0,0.0,0.0,0.0,0.032130863693086355,0.03134396701085458,0.03306214969332083,0.033127184733779305,0.9845244815556379,0.9838704080967422,0.9852387152441836,0.9852881212492679,0.945042514424194,0.90789370152999,0.9764751956605613,0.9801174959349216,1.9930978285852443,1.9037152313013366,2.0831675677790256,2.0975958173186458,2.0680729545492205,1.8763200420561341,2.228818599339315,2.241373103627033,1.6687377658528861,1.5805099906888034,1.7392690579171464,1.7479976979958696,2.0709719012543486,1.9099691736917634,2.228818599339315,2.241373103627033,1.396508887703022,1.4369855206607811,0.9972281811036499
long_stream,1024,ercb_beta_0p01,softmax,token,0.01,24,18000.0,18000.0,18000.0,18000.0,32.0,32.0,32.0,32.0,32.0,32.0,32.0,32.0,49.0,49.0,49.0,49.0,49.0,49.0,49.0,49.0,367.3469387755102,367.3469387755102,367.3469387755102,367.3469387755102,113.40778149799472,113.22302364925655,113.58803050803404,113.61760984169271,19.0,19.0,19.0,19.0,439.9583333333333,436.15,445.0,446.0,0.9129845159723935,0.9127318997273877,0.9132432784666833,0.913252372608524,0.9144115011833783,0.9144115011833783,0.9144115011833783,0.9144115011833783,0.0014269852109847585,0.0011682227166950666,0.001679601455990709,0.0017210886108042223,9.67401444420235,8.501257208585866,10.504700103358406,10.783585409580354,0.026334817098106394,0.023142311290039304,0.02859612805914233,0.029355315837190966,1.0012428619484663,0.9886937353338549,1.014257357263893,1.0153031194820483,0.0,0.0,0.0,0.0,0.0,0.0,0.0,0.0,0.0,0.0,-0.0,-0.0,0.0,0.0,0.0,0.0,1.0,1.0,1.0,1.0,0.030386856273138186,0.03038685627313819,0.03038685627313819,0.03038685627313819,0.0,0.0,0.0,0.0,0.9515509941049641,0.9506042677816822,0.9524188982076626,0.9527318430098196,0.048449005895035945,0.04758110179233744,0.04939573221831788,0.04959731574301506,0.0,0.0,0.0,0.0,0.033406098345992,0.03271258076536116,0.03395830685723233,0.034122458255423205,0.9842722295264311,0.9837910542898528,0.9847342139251697,0.9848376780665604,0.9411947627856435,0.9125954258746367,0.9653755262214392,0.9844351728339675,2.1471631691658577,2.0671889064029645,2.22190960555678,2.223306489452642,2.2475440394521837,2.1026395703292438,2.418795408315616,2.4251100801964034,1.7786339904678947,1.7132893083676657,1.8518232924149414,1.8604668872454388,2.249718942240554,2.105864248486685,2.418795408315616,2.4251100801964034,1.451934616177069,1.4759353433650624,0.9969726741691061
long_stream,1024,ercb_beta_0p0125,softmax,token,0.0125,24,18000.0,18000.0,18000.0,18000.0,32.0,32.0,32.0,32.0,32.0,32.0,32.0,32.0,49.0,49.0,49.0,49.0,49.0,49.0,49.0,49.0,367.3469387755102,367.3469387755102,367.3469387755102,367.3469387755102,113.00859992958799,112.91592520114979,113.09182667530807,113.1366432313126,19.0,19.0,19.0,19.0,436.875,434.0,441.85,442.0,0.9135431709036586,0.9134268242417741,0.9136726936008213,0.9137036512190118,0.9144115011833783,0.9144115011833783,0.9144115011833783,0.9144115011833783,0.0008683302797197895,0.0007388075825570939,0.000984676941604251,0.0010473600399771854,7.675003977797899,6.961891082886026,8.425354194005768,8.5690472882679,0.020893066384005395,0.018951814614523072,0.022935686417015703,0.02332685095139595,1.0015406799640856,0.9896559917411799,1.0111042780748662,1.0117577895355674,0.0,0.0,0.0,0.0,0.0,0.0,0.0,0.0,0.0,0.0,-0.0,-0.0,0.0,0.0,0.0,0.0,1.0,1.0,1.0,1.0,0.030386856273138186,0.03038685627313819,0.03038685627313819,0.03038685627313819,0.0,0.0,0.0,0.0,0.9368055901553133,0.9359437842855662,0.9378938384725594,0.9382001442491766,0.06319440984468681,0.062106161527440674,0.06405621571443376,0.06488264164977789,0.0,0.0,0.0,0.0,0.034012129819613456,0.033634084365338754,0.034350839397308784,0.034558982753438376,0.9837200725462392,0.9832693865840876,0.9842919402136775,0.984416628763863,0.9412169246913275,0.9118781583285763,0.9724957466412455,0.9976953927715192,2.2408828698535563,2.175378182104317,2.3008426434286076,2.3328620160494267,2.3731835265937513,2.2406173591067526,2.5169850627721284,2.5639652418304237,1.8517611070462117,1.7881016823583817,1.9090113307048802,1.9245503271001592,2.374125815098747,2.2406173591067526,2.5169850627721284,2.5639652418304237,1.4782746594209804,1.4929960481803943,0.9964133924941898
long_stream,1024,ercb_beta_0p015,softmax,token,0.015,24,18000.0,18000.0,18000.0,18000.0,32.0,32.0,32.0,32.0,32.0,32.0,32.0,32.0,49.0,49.0,49.0,49.0,49.0,49.0,49.0,49.0,367.3469387755102,367.3469387755102,367.3469387755102,367.3469387755102,112.8107476565354,112.71692890197251,112.87873229670173,112.88382162429856,19.0,19.0,19.0,19.0,436.0416666666667,433.0,438.85,443.0,0.9138195770867198,0.9137246485464194,0.9139505415360266,0.9139840318526821,0.9144115011833783,0.9144115011833783,0.9144115011833783,0.9144115011833783,0.0005919240966586886,0.00046095964735168304,0.0006868526369588623,0.0006939612809949702,6.494691821456968,5.885973014165023,7.10130029120236,7.267484195415374,0.017679994402855077,0.016022926538560342,0.019331317459384205,0.019783706976408518,0.9999183930400032,0.9921683226183519,1.0087537098681798,1.0124407582938388,0.0,0.0,0.0,0.0,0.0,0.0,0.0,0.0,0.0,0.0,-0.0,-0.0,0.0,0.0,0.0,0.0,1.0,1.0,1.0,1.0,0.030386856273138186,0.03038685627313819,0.03038685627313819,0.03038685627313819,0.0,0.0,0.0,0.0,0.9224824614502127,0.9214890795092426,0.9232451938660547,0.9236692722212979,0.07751753854978718,0.07675480613394528,0.07851092049075734,0.07915660663750426,0.0,0.0,0.0,0.0,0.03444876373405333,0.03386207247756313,0.03485131684374591,0.0355090827642602,0.9836358268239169,0.9830966174789495,0.9839913586697132,0.9841569000006346,0.9346704433230114,0.9171897850216782,0.9575015986607899,0.985066959109439,2.2896527443314323,2.240172184558957,2.3722385597996998,2.4227804675876805,2.417918891304466,2.3243943405985146,2.528143169514904,2.5385522557884594,1.88074735965297,1.8353752545328714,1.929350283671459,1.956551526437213,2.417999514511373,2.3260390540194193,2.528143169514904,2.5385522557884594,1.4972521493512947,1.5147483797927794,0.996328059716782
long_stream,1024,ercb_beta_0p02,softmax,token,0.02,24,18000.0,18000.0,18000.0,18000.0,32.0,32.0,32.0,32.0,32.0,32.0,32.0,32.0,49.0,49.0,49.0,49.0,49.0,49.0,49.0,49.0,367.3469387755102,367.3469387755102,367.3469387755102,367.3469387755102,112.61300429000046,112.56492929366757,112.68957741316483,112.70614691246168,19.0,19.0,19.0,19.0,434.125,432.0,437.85,438.0,0.9140955101991751,0.9139887063220086,0.914162554694982,0.9141867202787894,0.9144115011833783,0.9144115011833783,0.9144115011833783,0.9144115011833783,0.0003159909842031285,0.0002489464883963788,0.00042279486136977406,0.00044591406390215305,5.073707118816688,4.298000927460778,6.004787079853171,6.091144458665098,0.013811758267889876,0.011700113635865454,0.01634636482848919,0.01658144880414388,1.0030892312559667,0.9920678746045442,1.0116496552111174,1.0160523186682522,0.0,0.0,0.0,0.0,0.0,0.0,0.0,0.0,0.0,0.0,-0.0,-0.0,0.0,0.0,0.0,0.0,1.0,1.0,1.0,1.0,0.030386856273138186,0.03038685627313819,0.03038685627313819,0.03038685627313819,0.0,0.0,0.0,0.0,0.8979328035217465,0.896717154999065,0.8992906513626285,0.899905713670023,0.1020671964782535,0.10070934863737148,0.10328284500093496,0.10381764885294154,0.0,0.0,0.0,0.0,0.03482019375978843,0.03447700852889974,0.035391983406406334,0.03578099172050062,0.9832870119574575,0.9828361907051681,0.9838691138282415,0.98388673609673,0.9319190773113711,0.9144989480241604,0.9525966973203903,0.9560274774978355,2.3658108426374724,2.301410744387094,2.4369970562131775,2.4450960306623046,2.483475674845415,2.367795309272661,2.6448081913496915,2.6555512371022303,1.927068531598086,1.8647472555948692,1.9882658680242369,2.004208867561101,2.484764057981108,2.367795309272661,2.6448081913496915,2.6555512371022303,1.5133956721975368,1.538247457416441,0.9959747439574098
long_stream,1024,ercb_beta_inf,least_count,token,inf,24,18000.0,18000.0,18000.0,18000.0,32.0,32.0,32.0,32.0,32.0,32.0,32.0,32.0,49.0,49.0,49.0,49.0,49.0,49.0,49.0,49.0,367.3469387755102,367.3469387755102,367.3469387755102,367.3469387755102,112.3862783076893,112.3862783076893,112.3862783076893,112.3862783076893,19.0,19.0,19.0,19.0,424.0,424.0,424.0,424.0,0.9144115011833783,0.9144115011833783,0.9144115011833783,0.9144115011833783,0.9144115011833783,0.9144115011833783,0.9144115011833783,0.9144115011833783,0.0,0.0,0.0,0.0,0.0,0.0,0.0,0.0,0.0,0.0,0.0,0.0,1.0002215436578914,0.9994100294985251,1.0011812303038208,1.0011813349084466,0.0,0.0,0.0,0.0,0.0,0.0,0.0,0.0,0.0,0.0,-0.0,-0.0,0.0,0.0,0.0,0.0,1.0,1.0,1.0,1.0,0.030386856273138186,0.03038685627313819,0.03038685627313819,0.03038685627313819,0.0,0.0,0.0,0.0,0.6020182171502338,0.6020182171502338,0.6020182171502338,0.6020182171502338,0.3979817828497662,0.39798178284976615,0.39798178284976615,0.39798178284976615,0.0,0.0,0.0,0.0,0.03584065282720104,0.03539489842465462,0.03618582780293934,0.03619928536078364,0.9826979077125774,0.9822263301674433,0.9832249046714014,0.9832378317296027,0.9274429522335872,0.9027495984596459,0.9567446122338814,0.9661063715790847,2.528396192543991,2.443558332976932,2.5754848555228764,2.5911891689791853,2.6717749370437756,2.5440999890550837,2.737844120118441,2.8333975872798587,2.0425380272737845,1.9677881023898605,2.083503408075712,2.105747421350737,2.6717749370437756,2.5440999890550837,2.737844120118441,2.8333975872798587,1.5577480484919057,1.5727504438845614,0.9953780382729824
long_stream,1280,ercb_beta_0,softmax,token,0.0,24,18000.0,18000.0,18000.0,18000.0,32.0,32.0,32.0,32.0,32.0,32.0,32.0,32.0,46.0,46.0,46.0,46.0,46.0,46.0,46.0,46.0,391.30434782608694,391.30434782608694,391.30434782608694,391.30434782608694,143.33598902922037,142.6539150740058,144.54942993329917,145.2459487671526,1.75,1.0,2.849999999999998,3.0,489.4166666666667,484.15,494.7,498.0,0.8816945272746691,0.8799257527390619,0.8826873246055139,0.8839407124594881,0.9109313994657083,0.9109313994657083,0.9109313994657083,0.9109313994657083,0.02923687219103924,0.028244074860194368,0.03100564672664644,0.032025035024775494,36.834615929204226,35.40430714389892,38.92984689616834,39.0161616457234,0.09413290737463302,0.09047767381218613,0.0994873865124302,0.09970796865018203,1.003391069518698,0.982843144268007,1.0175968828021067,1.0198178896625603,0.0,0.0,0.0,0.0,0.0,0.0,0.0,0.0,0.0,0.0,-0.0,-0.0,0.0,0.0,0.0,0.0,1.0,1.0,1.0,1.0,0.17509567477188404,0.17509567477188404,0.17509567477188404,0.17509567477188404,0.0,0.0,0.0,0.0,1.0,1.0,1.0,1.0,0.0,0.0,0.0,0.0,0.0,0.0,0.0,0.0,0.021047794932352704,0.020453693074781645,0.021715799687712794,0.021760414504761523,0.9889471706287706,0.9884358463840659,0.9895333017667118,0.9896091171217286,0.9946442087958592,0.9557748229935238,1.0350334659080807,1.0356170032518517,0.9957148948179849,0.9394893503255244,1.0881836550041577,1.0949408598095847,1.0029449304631155,0.9087206571424481,1.1274572681482642,1.143291712131855,0.9977680113589864,0.9384168020517303,1.069006862903531,1.0737722619729604,1.0303089121313256,0.9634041767623829,1.1274572681482642,1.143291712131855,1.0,1.0317375172794607,1.0
long_stream,1280,ercb_beta_0p001,softmax,token,0.001,24,18000.0,18000.0,18000.0,18000.0,32.0,32.0,32.0,32.0,32.0,32.0,32.0,32.0,46.0,46.0,46.0,46.0,46.0,46.0,46.0,46.0,391.30434782608694,391.30434782608694,391.30434782608694,391.30434782608694,137.00389033525633,136.4061182999719,137.8403659508811,138.01163617690665,2.2916666666666665,1.0,3.0,3.0,483.875,479.0,488.85,490.0,0.8908006232260561,0.8896114848853715,0.8916491430498932,0.8920343512957702,0.9109313994657083,0.9109313994657083,0.9109313994657083,0.9109313994657083,0.020130776239652204,0.019282256415815113,0.02131991458033685,0.021564033373827396,29.36503366868311,28.016740699788482,30.20457559225289,30.977551479291805,0.07504397493107907,0.0715983373439039,0.07718947095797962,0.0791648537804124,0.9990755513034234,0.9813892018093612,1.016059540062274,1.028882833787466,0.0,0.0,0.0,0.0,0.0,0.0,0.0,0.0,0.0,0.0,-0.0,-0.0,0.0,0.0,0.0,0.0,1.0,1.0,1.0,1.0,0.17509567477188404,0.17509567477188404,0.17509567477188404,0.17509567477188404,0.0,0.0,0.0,0.0,0.9991543522497279,0.9989320182422221,0.9993381723632844,0.9994323199520951,0.0008456477502720303,0.0006618276367156625,0.0010679817577778639,0.0010900862357590153,0.0,0.0,0.0,0.0,0.021454594598043608,0.02058902049297108,0.022108864350442462,0.022304869152782097,0.9890762973255361,0.9886384936288546,0.9895194131663783,0.9895384543930951,0.9961736219868423,0.9616209827396971,1.0306535764863973,1.0406034347560276,1.0410113428098533,0.968252553182978,1.104148452781426,1.106754735553283,1.0693352136192573,0.9072359554807495,1.1770346324795717,1.2225766460642566,1.035506726138651,0.955588336028038,1.0852039934747044,1.093477721396195,1.0867032445636002,1.0015925162252797,1.1770346324795717,1.2225766460642566,1.0193274244165886,1.0504123791352025,1.0001305698631844
long_stream,1280,ercb_beta_0p002,softmax,token,0.002,24,18000.0,18000.0,18000.0,18000.0,32.0,32.0,32.0,32.0,32.0,32.0,32.0,32.0,46.0,46.0,46.0,46.0,46.0,46.0,46.0,46.0,391.30434782608694,391.30434782608694,391.30434782608694,391.30434782608694,131.75820452570017,130.93906898803755,132.319572660029,132.4394643609934,2.4583333333333335,1.1500000000000001,3.0,3.0,479.2916666666667,475.0,489.55,490.0,0.8981676448185872,0.8973877977507427,0.8993032307340814,0.8995787172913734,0.9109313994657083,0.9109313994657083,0.9109313994657083,0.9109313994657083,0.012763754647121211,0.011628168731626953,0.013543601714965608,0.013710511259563907,23.206166341920824,22.22825615324939,24.59254370343043,25.014778240767647,0.059304647318242094,0.05680554350274845,0.06284761168654443,0.06392665550418399,0.9990195816349144,0.9807902329861072,1.0187350316561734,1.0430463576158941,0.0,0.0,0.0,0.0,0.0,0.0,0.0,0.0,0.0,0.0,-0.0,-0.0,0.0,0.0,0.0,0.0,1.0,1.0,1.0,1.0,0.17509567477188404,0.17509567477188404,0.17509567477188404,0.17509567477188404,0.0,0.0,0.0,0.0,0.9965932189086774,0.9962267918558513,0.9970297108725062,0.9970657770952189,0.0034067810913225257,0.00297028912749376,0.003773208144148682,0.004078835859094172,0.0,0.0,0.0,0.0,0.022269393126382337,0.02155836131090212,0.02284882005868959,0.022900923208084168,0.9888260760207096,0.9884136179519216,0.9891815667258829,0.9893020616877657,0.9873656176632232,0.9549880150330587,1.029779166248996,1.0359198662248437,1.0792016222523568,1.0093278657461473,1.145166739521788,1.1648289636396463,1.147777490133988,1.0308286059214482,1.2852231462331793,1.3538208945441368,1.071448243349856,1.0053783999808326,1.1318993642479038,1.1400834206680217,1.1538237671586524,1.0308286059214482,1.2852231462331793,1.3538208945441368,1.058039248194684,1.08556835203523,0.9998775519950333
long_stream,1280,ercb_beta_0p003,softmax,token,0.003,24,18000.0,18000.0,18000.0,18000.0,32.0,32.0,32.0,32.0,32.0,32.0,32.0,32.0,46.0,46.0,46.0,46.0,46.0,46.0,46.0,46.0,391.30434782608694,391.30434782608694,391.30434782608694,391.30434782608694,128.55734247488985,127.63286391480665,129.20721206298668,129.32531773470873,2.625,2.0,3.0,3.0,475.125,472.0,479.0,483.0,0.9025789033842915,0.9016892353552358,0.903841405939579,0.9040441208353408,0.9109313994657083,0.9109313994657083,0.9109313994657083,0.9109313994657083,0.008352496081416846,0.007089993526129429,0.009242164110472512,0.009404262580666067,19.359467560402916,17.78716220641128,20.601037438493503,20.725955162339428,0.04947419487658524,0.04545608119416216,0.05264709567615006,0.05296632985931187,1.0011927776167726,0.9871868882492711,1.0177392662315285,1.024390243902439,0.0,0.0,0.0,0.0,0.0,0.0,0.0,0.0,0.0,0.0,-0.0,-0.0,0.0,0.0,0.0,0.0,1.0,1.0,1.0,1.0,0.17509567477188404,0.17509567477188404,0.17509567477188404,0.17509567477188404,0.0,0.0,0.0,0.0,0.9931152151417665,0.992241592279258,0.9938155507182195,0.9938461287302,0.006884784858233577,0.006184449281780598,0.00775840772074203,0.007798857128315704,0.0,0.0,0.0,0.0,0.023498163127495354,0.02267359833976795,0.024386742939612734,0.024612640347621915,0.9886480406547827,0.9881931075605733,0.9891781652643675,0.9892663763447943,0.974733268649867,0.9521641040373483,1.007321701125812,1.02580511608045,1.1476284315437726,1.0880820010085295,1.227963955933063,1.256103643562248,1.3092609186445945,1.1337509526368954,1.492349527784029,1.5397214237196688,1.1438742062794114,1.0671736526730475,1.242173104269491,1.2495358071936364,1.3099812411123597,1.1337509526368954,1.492349527784029,1.5397214237196688,1.116419235507477,1.1586364756019032,0.9996975268418052
long_stream,1280,ercb_beta_0p004,softmax,token,0.004,24,18000.0,18000.0,18000.0,18000.0,32.0,32.0,32.0,32.0,32.0,32.0,32.0,32.0,46.0,46.0,46.0,46.0,46.0,46.0,46.0,46.0,391.30434782608694,391.30434782608694,391.30434782608694,391.30434782608694,126.35783326285319,125.93499212325791,126.79439294124309,126.8017743609939,2.9166666666666665,2.1500000000000004,3.0,3.0,473.75,468.0,479.85,484.0,0.9055722991712117,0.9049810476854915,0.9061442593480789,0.9062602545165913,0.9109313994657083,0.9109313994657083,0.9109313994657083,0.9109313994657083,0.005359100294496516,0.004787140117629507,0.005950351780216833,0.005960363398892166,16.31090603132144,15.224208206440139,17.61562351071381,17.84839537301055,0.04168342652448812,0.03890630986090258,0.045017704527379736,0.04561256595324919,1.0025280276712554,0.9909625442685811,1.013409901638994,1.0208562019758507,0.0,0.0,0.0,0.0,0.0,0.0,0.0,0.0,0.0,0.0,-0.0,-0.0,0.0,0.0,0.0,0.0,1.0,1.0,1.0,1.0,0.17509567477188404,0.17509567477188404,0.17509567477188404,0.17509567477188404,0.0,0.0,0.0,0.0,0.9886797096759367,0.9881747299595912,0.9894382180740897,0.9896385522817732,0.011320290324063438,0.010561781925910318,0.011825270040408738,0.0124825054348756,0.0,0.0,0.0,0.0,0.024342251827788753,0.02374400524907565,0.025048412221577724,0.025180213241049975,0.9884513499238899,0.9879071204494024,0.9889068700276247,0.9890037253582634,0.9691354210011506,0.9265155896141785,1.0082476981727277,1.02816969709942,1.1736968389168265,1.1195581883977668,1.256064656830864,1.2839168141261792,1.3884857550345782,1.2990794135068744,1.5301711198903505,1.5775188621999445,1.177106004984185,1.1281915977118555,1.2398798916816323,1.2613603080487532,1.3884857550345782,1.2990794135068744,1.5301711198903505,1.5775188621999445,1.1565226621612565,1.190072988742191,0.9994986378245408
long_stream,1280,ercb_beta_0p005,softmax,token,0.005,24,18000.0,18000.0,18000.0,18000.0,32.0,32.0,32.0,32.0,32.0,32.0,32.0,32.0,46.0,46.0,46.0,46.0,46.0,46.0,46.0,46.0,391.30434782608694,391.30434782608694,391.30434782608694,391.30434782608694,124.97072450085854,124.58884889321392,125.35889666816881,125.4405921343225,2.9166666666666665,2.1500000000000004,3.0,3.0,470.5416666666667,466.3,474.85,481.0,0.9074433145176171,0.9069212476984497,0.9079563234379963,0.908067503765145,0.9109313994657083,0.9109313994657083,0.9109313994657083,0.9109313994657083,0.0034880849480911588,0.002975076027712076,0.004010151767258652,0.004120199483119147,13.651799044216903,12.78110461593383,14.471883608086175,14.830931249895619,0.034887930890776526,0.03266282290738645,0.03698370255399801,0.03790126874973325,1.0022319516350409,0.9924089330883406,1.016623236499474,1.0171555063641395,0.0,0.0,0.0,0.0,0.0,0.0,0.0,0.0,0.0,0.0,-0.0,-0.0,0.0,0.0,0.0,0.0,1.0,1.0,1.0,1.0,0.17509567477188404,0.17509567477188404,0.17509567477188404,0.17509567477188404,0.0,0.0,0.0,0.0,0.9835824246030338,0.9827996247323544,0.9843658598350984,0.9848743939974743,0.016417575396966273,0.01563414016490156,0.017200375267645632,0.01756782661683331,0.0,0.0,0.0,0.0,0.025006951295532726,0.024593285651025136,0.02539488764778027,0.025686403878375442,0.988218472971266,0.9878885959988318,0.9887308818272288,0.9888148929645224,0.9709802955192727,0.938277515924952,1.0016604707794314,1.0066715684920124,1.2193240082568524,1.1526303638338657,1.283563589289105,1.2892570260721814,1.5047321775337785,1.3669472559260778,1.6332398936185009,1.649713092468738,1.2316788271033012,1.1680394989682743,1.2876172171947466,1.2994669639790635,1.5047321775337785,1.3669472559260778,1.6332398936185009,1.649713092468738,1.1881031422011044,1.2065343533324537,0.9992631581553125
long_stream,1280,ercb_beta_0p006,softmax,token,0.006,24,18000.0,18000.0,18000.0,18000.0,32.0,32.0,32.0,32.0,32.0,32.0,32.0,32.0,46.0,46.0,46.0,46.0,46.0,46.0,46.0,46.0,391.30434782608694,391.30434782608694,391.30434782608694,391.30434782608694,124.21450250030641,123.89728580594323,124.49250235696036,124.5900878123794,3.0,3.0,3.0,3.0,469.1666666666667,464.3,473.85,475.0,0.9084579428089569,0.9080855379746279,0.9088824636071435,0.908971722596688,0.9109313994657083,0.9109313994657083,0.9109313994657083,0.9109313994657083,0.0024734566567515825,0.0020489358585647987,0.0028458614910805142,0.002976738058423245,11.97129423383503,10.792005299242062,13.233765544417608,13.35794829338307,0.030593307486467297,0.02757956909806305,0.03381962305795611,0.034136978971978954,1.0014714586216902,0.9908209927733681,1.0109366895332441,1.014332965821389,0.0,0.0,0.0,0.0,0.0,0.0,0.0,0.0,0.0,0.0,-0.0,-0.0,0.0,0.0,0.0,0.0,1.0,1.0,1.0,1.0,0.17509567477188404,0.17509567477188404,0.17509567477188404,0.17509567477188404,0.0,0.0,0.0,0.0,0.9782973657637847,0.9769636119773837,0.9791341130311082,0.9798349513455598,0.021702634236215306,0.02086588696889179,0.023036388022616292,0.023163511445396162,0.0,0.0,0.0,0.0,0.025590828350985213,0.025055910270669154,0.02620584846155652,0.02648161667824867,0.9880115326904612,0.9876934130649727,0.9884628201571244,0.9889608424323475,0.9656637854946858,0.9375475351407694,0.9953589532736867,0.9976617649063746,1.2614857379697464,1.176763547036962,1.3281828786505996,1.3385365687421467,1.559849732175425,1.4402503919534961,1.6778692953617014,1.8052403846181266,1.262333085213286,1.1933451534913693,1.3100604067503363,1.3658396790767717,1.559849732175425,1.4402503919534961,1.6778692953617014,1.8052403846181266,1.2158436754649953,1.2450638437794421,0.9990539050354788
long_stream,1280,ercb_beta_0p0075,softmax,token,0.0075,24,18000.0,18000.0,18000.0,18000.0,32.0,32.0,32.0,32.0,32.0,32.0,32.0,32.0,46.0,46.0,46.0,46.0,46.0,46.0,46.0,46.0,391.30434782608694,391.30434782608694,391.30434782608694,391.30434782608694,123.51033176378786,123.36312028920237,123.68277612487357,123.7354944621472,3.0,3.0,3.0,3.0,467.25,463.0,473.85,474.0,0.9093992062955346,0.9091690711039279,0.9095955755725805,0.909604667282615,0.9109313994657083,0.9109313994657083,0.9109313994657083,0.9109313994657083,0.0015321931701735847,0.001335823893127841,0.0017623283617804685,0.001832735997871815,10.204846277956813,9.159327012841736,11.168744773441919,11.990938607784305,0.02607905159922297,0.02340716903281777,0.028542347754351573,0.03064350977544878,0.9981123208271546,0.9843961764009004,1.011499424339698,1.0121951219512195,0.0,0.0,0.0,0.0,0.0,0.0,0.0,0.0,0.0,0.0,-0.0,-0.0,0.0,0.0,0.0,0.0,1.0,1.0,1.0,1.0,0.17509567477188404,0.17509567477188404,0.17509567477188404,0.17509567477188404,0.0,0.0,0.0,0.0,0.9698686544946137,0.9689328393903139,0.9707091357740172,0.9720937330115685,0.03013134550538638,0.029290864225982847,0.031067160609686062,0.03132562053026348,0.0,0.0,0.0,0.0,0.02619783866456792,0.025759970720306186,0.026681054905416297,0.02669225149605301,0.987818706361824,0.9875080926791987,0.9882348696312512,0.9882649624683005,0.9684708470315683,0.9358052965514279,1.0123737154299781,1.0298318565973208,1.2952345772261216,1.205782269715665,1.3597065741220946,1.3649335226168666,1.678463729972884,1.5350881988738994,1.8458863249802093,1.938260995784461,1.3140563847435247,1.2404538268000207,1.3948784271098538,1.4040073631583105,1.678463729972884,1.5350881988738994,1.8458863249802093,1.938260995784461,1.2446832909940153,1.2676413368321389,0.9988589236104198
long_stream,1280,ercb_beta_0p01,softmax,token,0.01,24,18000.0,18000.0,18000.0,18000.0,32.0,32.0,32.0,32.0,32.0,32.0,32.0,32.0,46.0,46.0,46.0,46.0,46.0,46.0,46.0,46.0,391.30434782608694,391.30434782608694,391.30434782608694,391.30434782608694,122.94653398032814,122.82992262168666,123.06453158551822,123.08107429926676,3.0,3.0,3.0,3.0,463.5833333333333,461.0,467.85,469.0,0.910150337053152,0.909993334301076,0.9103054314157406,0.9103140196765387,0.9109313994657083,0.9109313994657083,0.9109313994657083,0.9109313994657083,0.0007810624125562335,0.0006259680499677012,0.0009380651646323567,0.0009600854688160965,7.589401918378048,6.611819991279308,8.471452993071628,8.78981624183449,0.019395138235855012,0.016896873311047122,0.02164926876007194,0.022462863729132587,0.9980105169473101,0.9879491600320559,1.0091995553085047,1.0128419877163595,0.0,0.0,0.0,0.0,0.0,0.0,0.0,0.0,0.0,0.0,-0.0,-0.0,0.0,0.0,0.0,0.0,1.0,1.0,1.0,1.0,0.17509567477188404,0.17509567477188404,0.17509567477188404,0.17509567477188404,0.0,0.0,0.0,0.0,0.955267193298769,0.9541108625725315,0.9565151313641085,0.9566082545424341,0.04473280670123111,0.04348486863589152,0.04588913742746854,0.04603100884976665,0.0,0.0,0.0,0.0,0.026813640655632437,0.02628798581674808,0.027355201398243108,0.027492920267549303,0.9875682544261396,0.9871399794507291,0.9879184302663911,0.9884716244687682,0.96189501711586,0.92995190537118,1.006819883922902,1.0099999395516857,1.364360867972789,1.2844690792140179,1.4214824527754477,1.447114755241602,1.7613724537494004,1.6243877382816623,1.8691438613345355,1.9943571377997793,1.3625427796126832,1.3077431313483092,1.4221603808114056,1.4488897977455164,1.7613724537494004,1.6243877382816623,1.8691438613345355,1.9943571377997793,1.273940607166265,1.2996706536795095,0.9986056725337975
long_stream,1280,ercb_beta_0p0125,softmax,token,0.0125,24,18000.0,18000.0,18000.0,18000.0,32.0,32.0,32.0,32.0,32.0,32.0,32.0,32.0,46.0,46.0,46.0,46.0,46.0,46.0,46.0,46.0,391.30434782608694,391.30434782608694,391.30434782608694,391.30434782608694,122.73980952868517,122.67153374665644,122.78886430964228,122.86593428279201,3.0,3.0,3.0,3.0,462.5416666666667,460.0,465.0,466.0,0.910425198264622,0.9103600117401849,0.9105159181219149,0.9105425550999933,0.9109313994657083,0.9109313994657083,0.9109313994657083,0.9109313994657083,0.0005062012010863259,0.00041548134379346124,0.0005713877255234034,0.000673848721996495,6.32664018277573,5.7168187217899735,7.02203590151914,7.32773172092927,0.01616808046709353,0.014609647844574377,0.017945202859437803,0.01872642550904147,1.0003321316403193,0.9884376351838501,1.0133385226353464,1.0133407448582545,0.0,0.0,0.0,0.0,0.0,0.0,0.0,0.0,0.0,0.0,-0.0,-0.0,0.0,0.0,0.0,0.0,1.0,1.0,1.0,1.0,0.17509567477188404,0.17509567477188404,0.17509567477188404,0.17509567477188404,0.0,0.0,0.0,0.0,0.9415357374849336,0.9402700285504122,0.9428424952234824,0.9429393397738387,0.05846426251506646,0.057157504776517584,0.059729971449587756,0.05976484278675137,0.0,0.0,0.0,0.0,0.02712594127322031,0.026677483875005025,0.027754665860355947,0.02781145355694935,0.9873789862119452,0.9868197152192991,0.9878745001884529,0.987934869872965,0.9606401791067652,0.9140124283175886,0.9999815392061276,1.0078979555955658,1.375419832105333,1.3177421412008563,1.4499945316272294,1.4568531673576264,1.836897440524295,1.6660157072542359,1.992265052180412,2.0415973907635303,1.3909858172454646,1.321621683378721,1.4730443470574874,1.47581604725222,1.836897440524295,1.6660157072542359,1.992265052180412,2.0415973907635303,1.288778295322749,1.3186495758609882,0.9984142889899484
long_stream,1280,ercb_beta_0p015,softmax,token,0.015,24,18000.0,18000.0,18000.0,18000.0,32.0,32.0,32.0,32.0,32.0,32.0,32.0,32.0,46.0,46.0,46.0,46.0,46.0,46.0,46.0,46.0,391.30434782608694,391.30434782608694,391.30434782608694,391.30434782608694,122.60200628114632,122.5279149185521,122.64388524645611,122.6452766890755,3.0,3.0,3.0,3.0,461.875,459.0,464.85,465.0,0.9106082546154167,0.9105526429605657,0.9107066253888463,0.9107389377066822,0.9109313994657083,0.9109313994657083,0.9109313994657083,0.9109313994657083,0.0003231448502915753,0.00022477407686204986,0.0003787565051426633,0.0003806045919608758,5.415703450075379,4.28357418214516,6.129079931108299,6.331426104894468,0.013840131039081527,0.010946911798815412,0.015663204268387878,0.01618031115695253,0.9991950257834491,0.9865386271935203,1.0100890887254974,1.0133481646273637,0.0,0.0,0.0,0.0,0.0,0.0,0.0,0.0,0.0,0.0,-0.0,-0.0,0.0,0.0,0.0,0.0,1.0,1.0,1.0,1.0,0.17509567477188404,0.17509567477188404,0.17509567477188404,0.17509567477188404,0.0,0.0,0.0,0.0,0.9290061354728109,0.9273899877262294,0.9307274035945023,0.9309756965067413,0.07099386452718921,0.06927259640549774,0.07261001227377055,0.0728389647963563,0.0,0.0,0.0,0.0,0.02732998118049329,0.026934681024637013,0.0277320539022525,0.027855746920682198,0.9873496067127364,0.9868815176732139,0.9876515396904556,0.9878096592112832,0.9634529853746634,0.9188157686541949,0.996561857304438,1.0051106499635638,1.391644020946093,1.338508341111427,1.4403464451455195,1.4684932184852286,1.8481065840712427,1.7414504052267787,1.9351035682773983,1.9952953997649074,1.401067863464,1.3486983993520247,1.4480952473253874,1.4839266508827127,1.8481065840712427,1.7414504052267787,1.9351035682773983,1.9952953997649074,1.2984724180528857,1.3175752610372204,0.9983845811348867
long_stream,1280,ercb_beta_0p02,softmax,token,0.02,24,18000.0,18000.0,18000.0,18000.0,32.0,32.0,32.0,32.0,32.0,32.0,32.0,32.0,46.0,46.0,46.0,46.0,46.0,46.0,46.0,46.0,391.30434782608694,391.30434782608694,391.30434782608694,391.30434782608694,122.50061082625702,122.4674170624575,122.52985780650162,122.53852447739204,3.0,3.0,3.0,3.0,459.7083333333333,458.0,462.0,462.0,0.9107428639976819,0.9107040465547778,0.9107869159711754,0.9108176086951462,0.9109313994657083,0.9109313994657083,0.9109313994657083,0.9109313994657083,0.0001885354680264776,0.00014448349453293762,0.00022735291093061157,0.00023885713818061483,4.230072125589706,3.5318182858913136,4.721113227384557,4.795831523312719,0.010810184320951472,0.009025757841722246,0.012065067136649425,0.012256013892910284,1.0011479757811592,0.9934742449922466,1.0088286884826614,1.0116926503340757,0.0,0.0,0.0,0.0,0.0,0.0,0.0,0.0,0.0,0.0,-0.0,-0.0,0.0,0.0,0.0,0.0,1.0,1.0,1.0,1.0,0.17509567477188404,0.17509567477188404,0.17509567477188404,0.17509567477188404,0.0,0.0,0.0,0.0,0.9071248372968123,0.9061459611889643,0.9081256431351379,0.9082119567998134,0.09287516270318781,0.09187435686486203,0.09385403881103581,0.09389092952083795,0.0,0.0,0.0,0.0,0.02755888431492291,0.027006561764243597,0.028095953134923492,0.02827265390937715,0.9873437535895765,0.9867678761276832,0.9876710175317263,0.9878032882436852,0.9623525545329915,0.9363928083605781,0.9932556185440384,0.9955215077232085,1.3996385693196627,1.3431240973356144,1.4664044700970815,1.475154855942896,1.904240250279632,1.7708861863022023,2.014698015729164,2.031929776256508,1.4220771247107618,1.3696076226917813,1.4852736100764135,1.4893606024899981,1.904240250279632,1.7708861863022023,2.014698015729164,2.031929776256508,1.3093478154598497,1.3348644466189197,0.9983786625951165
long_stream,1280,ercb_beta_inf,least_count,token,inf,24,18000.0,18000.0,18000.0,18000.0,32.0,32.0,32.0,32.0,32.0,32.0,32.0,32.0,46.0,46.0,46.0,46.0,46.0,46.0,46.0,46.0,391.30434782608694,391.30434782608694,391.30434782608694,391.30434782608694,122.3585020526758,122.3585020526758,122.3585020526758,122.3585020526758,3.0,3.0,3.0,3.0,451.0,451.0,451.0,451.0,0.9109313994657083,0.9109313994657083,0.9109313994657083,0.9109313994657083,0.9109313994657083,0.9109313994657083,0.9109313994657083,0.9109313994657083,0.0,0.0,0.0,0.0,0.0,0.0,0.0,0.0,0.0,0.0,0.0,0.0,0.9998846953189631,0.998420177383592,1.0005549389567148,1.0011098779134295,0.0,0.0,0.0,0.0,0.0,0.0,0.0,0.0,0.0,0.0,-0.0,-0.0,0.0,0.0,0.0,0.0,1.0,1.0,1.0,1.0,0.17509567477188404,0.17509567477188404,0.17509567477188404,0.17509567477188404,0.0,0.0,0.0,0.0,0.6414945569881167,0.6414945569881167,0.6414945569881167,0.6414945569881167,0.3585054430118832,0.3585054430118832,0.3585054430118832,0.3585054430118832,0.0,0.0,0.0,0.0,0.028036921597902106,0.027631462856678186,0.0283612031466911,0.028380712633105203,0.986886466490874,0.9865689229459599,0.9871648961549303,0.9873484249955231,0.9536853148591226,0.921432168542517,0.9827901908510217,1.0123317368957294,1.4635910425145748,1.4025539561377312,1.5188240556759323,1.5688868866357446,2.049844341586139,1.9633630620217253,2.142083042513346,2.238559369057046,1.4890402329866121,1.4415090316142039,1.5411059398483953,1.5819522049459593,2.049844341586139,1.9633630620217253,2.142083042513346,2.238559369057046,1.3320598042698701,1.3474667174325663,0.9979162646912814
long_stream,1536,ercb_beta_0,softmax,token,0.0,24,18000.0,18000.0,18000.0,18000.0,32.0,32.0,32.0,32.0,32.0,32.0,32.0,32.0,43.0,43.0,43.0,43.0,43.0,43.0,43.0,43.0,418.60465116279073,418.6046511627907,418.6046511627907,418.6046511627907,132.43590929366397,131.6151081736505,133.6691809968778,133.80081334874347,25.416666666666668,21.15,28.0,30.0,501.0833333333333,497.0,505.85,506.0,0.9090124776159194,0.9074691671409263,0.9100372804915142,0.9112451345205098,0.9312661485933441,0.931266148593344,0.931266148593344,0.931266148593344,0.022253670977424676,0.021228868101829734,0.02379698145241772,0.023962388609509278,30.66568433754985,28.954645165901645,32.51956676700641,32.7414110874898,0.07325691258414686,0.06916943011854282,0.07768563172118198,0.07821559315344787,1.0006279073709219,0.9805198579611506,1.016015516682536,1.0235355648535565,0.0,0.0,0.0,0.0,0.0,0.0,0.0,0.0,0.0,0.0,-0.0,-0.0,0.0,0.0,0.0,0.0,1.0,1.0,1.0,1.0,0.1552584499064332,0.1552584499064332,0.1552584499064332,0.1552584499064332,0.0,0.0,0.0,0.0,1.0,1.0,1.0,1.0,0.0,0.0,0.0,0.0,0.0,0.0,0.0,0.0,0.01921186131234043,0.01855883918609634,0.019746333939144805,0.019793231957422948,0.9903184668185906,0.9900109291587706,0.9906163983067523,0.9907768670005447,1.0038975904620286,0.9635106349840862,1.0394275437338056,1.060708177570109,1.008845280976818,0.9392980324429533,1.0729003237160044,1.0853750123342158,0.9895145986469825,0.8970335780524917,1.1050799617953604,1.1438250547420545,1.0007524900286098,0.9637199886525546,1.0474043535866169,1.0691939230572487,1.0326289009029612,0.9817448071443892,1.1072795845576242,1.1438250547420545,1.0,1.0278199294756027,1.0
long_stream,1536,ercb_beta_0p001,softmax,token,0.001,24,18000.0,18000.0,18000.0,18000.0,32.0,32.0,32.0,32.0,32.0,32.0,32.0,32.0,43.0,43.0,43.0,43.0,43.0,43.0,43.0,43.0,418.60465116279073,418.6046511627907,418.6046511627907,418.6046511627907,126.17377807078852,124.61251661054906,127.28925141625649,127.85041032482904,30.041666666666668,27.0,33.0,33.0,498.4583333333333,494.15,503.85,506.0,0.9167131882237755,0.9153614338653746,0.9185964787790959,0.9192846721379161,0.9312661485933441,0.931266148593344,0.931266148593344,0.931266148593344,0.014552960369568565,0.012669669814248118,0.015904714727969376,0.01658875234676782,24.29628441448629,22.93083616929623,25.532544798880508,26.817210718075703,0.05804112387905058,0.054779219737763216,0.060994412575103435,0.06406333671540307,0.9997772982190892,0.985741935791815,1.0161429483205684,1.0177917320774463,0.0,0.0,0.0,0.0,0.0,0.0,0.0,0.0,0.0,0.0,-0.0,-0.0,0.0,0.0,0.0,0.0,1.0,1.0,1.0,1.0,0.1552584499064332,0.1552584499064332,0.1552584499064332,0.1552584499064332,0.0,0.0,0.0,0.0,0.9991983324125382,0.9988385994221428,0.9994494021817247,0.9995784968417388,0.0008016675874616543,0.000550597818275229,0.0011614005778571009,0.0012207381704814554,0.0,0.0,0.0,0.0,0.019439561847301057,0.01895386122487982,0.020045417220678666,0.020162265959709578,0.9904221147094666,0.990066986406092,0.9906788254389781,0.9908373328412001,1.0202440690848589,0.9781453085246331,1.0598740148019379,1.072703592428292,1.0181620784355918,0.952146251715433,1.070554529553625,1.1156302404516611,1.013327034777907,0.9047711794671205,1.134902518591109,1.1623275163627964,1.0172443940994527,0.9528479140471556,1.0671475265724124,1.0844743722919237,1.0535719690148213,1.0075460685145319,1.134902518591109,1.1623275163627964,1.0118520809232765,1.0433875663990357,1.0001046611714806
long_stream,1536,ercb_beta_0p002,softmax,token,0.002,24,18000.0,18000.0,18000.0,18000.0,32.0,32.0,32.0,32.0,32.0,32.0,32.0,32.0,43.0,43.0,43.0,43.0,43.0,43.0,43.0,43.0,418.60465116279073,418.6046511627907,418.6046511627907,418.6046511627907,121.42214299448716,120.68709774980312,122.24889262232072,122.50432161999832,33.166666666666664,32.0,35.0,35.0,492.5,489.0,496.0,498.0,0.9223917384307985,0.921415394040335,0.9232574177824033,0.9235433677323593,0.9312661485933441,0.931266148593344,0.931266148593344,0.931266148593344,0.008874410162545513,0.008008730810940678,0.009850754553009005,0.010153515264635704,18.967874027831567,17.445604920432586,20.0916436572173,21.428084158358033,0.04531214351093097,0.04167561175436674,0.04799670429224133,0.05118931215607753,0.9969367983778049,0.9794830556378025,1.0124304961859885,1.013727560718057,0.0,0.0,0.0,0.0,0.0,0.0,0.0,0.0,0.0,0.0,-0.0,-0.0,0.0,0.0,0.0,0.0,1.0,1.0,1.0,1.0,0.1552584499064332,0.1552584499064332,0.1552584499064332,0.1552584499064332,0.0,0.0,0.0,0.0,0.996829796476197,0.9963449634612649,0.9973606686025712,0.9973724532066264,0.0031702035238029996,0.002639331397428762,0.0036550365387351316,0.0038469818424956095,0.0,0.0,0.0,0.0,0.020080147894647866,0.019613833899632685,0.020786952044584223,0.020821552840276227,0.9904596264957863,0.9901542821580785,0.9907219860725348,0.990797190702273,1.0086573270335824,0.9701841883702267,1.0333076706947542,1.0342109313103611,1.0824410505179454,1.0182066471112508,1.167175431228144,1.2174051181329189,1.0934386202390598,0.987472603057822,1.1838739587545686,1.2349374208354988,1.0615123325968623,1.0137231726574163,1.120104995080347,1.1486838869402205,1.1040752229580264,1.0338138308383453,1.1838739587545686,1.2349374208354988,1.0451953388685824,1.0819853270142055,1.0001425396798358
long_stream,1536,ercb_beta_0p003,softmax,token,0.003,24,18000.0,18000.0,18000.0,18000.0,32.0,32.0,32.0,32.0,32.0,32.0,32.0,32.0,43.0,43.0,43.0,43.0,43.0,43.0,43.0,43.0,418.60465116279073,418.6046511627907,418.6046511627907,418.6046511627907,118.6405546935003,117.96275177575484,119.31950091299593,119.34981601585253,34.541666666666664,34.0,35.0,35.0,491.125,486.15,494.85,496.0,0.9256455766311644,0.924856860205574,0.9264310038365822,0.9264583270437583,0.9312661485933441,0.931266148593344,0.931266148593344,0.931266148593344,0.005620571962179545,0.004835144756761845,0.006409288387770012,0.006444595766349481,16.3152006050767,15.356158488355922,17.447128170624783,17.522079095071838,0.03897520144546101,0.03668415638885026,0.041679250629825866,0.0418583000604494,1.0033312710072868,0.9850732103203962,1.020339985092831,1.0228601807549176,0.0,0.0,0.0,0.0,0.0,0.0,0.0,0.0,0.0,0.0,-0.0,-0.0,0.0,0.0,0.0,0.0,1.0,1.0,1.0,1.0,0.1552584499064332,0.1552584499064332,0.1552584499064332,0.1552584499064332,0.0,0.0,0.0,0.0,0.9936679281824207,0.9928654635867845,0.994425007349815,0.9946694127496298,0.006332071817579245,0.005574992650185036,0.007134536413215483,0.007266473992585197,0.0,0.0,0.0,0.0,0.02070575018691893,0.02013658196842747,0.021143473010342407,0.021590697942320655,0.9903097338585999,0.9899464720422954,0.9907127839308183,0.9908307188023455,1.0175987227786305,0.9950787984772118,1.0607906833031504,1.0651642780671107,1.135589228289873,1.0771402582328202,1.2173026725790221,1.239264249524043,1.1602725037991923,1.046598132690476,1.281992112170134,1.312010151785977,1.104486818289232,1.0433580771698672,1.1713891993955312,1.174438173137275,1.169459828652659,1.0849555626443361,1.281992112170134,1.312010151785977,1.0777586747213777,1.1005426630245991,0.9999911816650064
long_stream,1536,ercb_beta_0p004,softmax,token,0.004,24,18000.0,18000.0,18000.0,18000.0,32.0,32.0,32.0,32.0,32.0,32.0,32.0,32.0,43.0,43.0,43.0,43.0,43.0,43.0,43.0,43.0,418.60465116279073,418.6046511627907,418.6046511627907,418.6046511627907,116.72319693205584,116.41385453634635,117.00874739381932,117.13540952424759,34.833333333333336,34.0,35.0,35.0,489.6666666666667,487.0,492.85,496.0,0.9278579408541234,0.9275302636708681,0.9282125270778528,0.928233990141009,0.9312661485933441,0.931266148593344,0.931266148593344,0.931266148593344,0.0034082077392205193,0.0030536215154911006,0.003735884922475857,0.003881462882497022,13.473571509839147,12.624609816325146,14.184401763276671,14.799434307227877,0.032186865273504624,0.03015879011677674,0.03388495976782761,0.03535420417837771,1.0014774570242464,0.9900450536389394,1.0165895226804997,1.0175438596491229,0.0,0.0,0.0,0.0,0.0,0.0,0.0,0.0,0.0,0.0,-0.0,-0.0,0.0,0.0,0.0,0.0,1.0,1.0,1.0,1.0,0.1552584499064332,0.1552584499064332,0.1552584499064332,0.1552584499064332,0.0,0.0,0.0,0.0,0.9895811678720933,0.9888489943135765,0.9901197256504228,0.9903808670372274,0.010418832127906738,0.009880274349577185,0.01115100568642343,0.011359101654319071,0.0,0.0,0.0,0.0,0.02133262128439405,0.020550173839870074,0.021932945429367686,0.021985131526267576,0.9902990459414416,0.9898446346645305,0.9906822929876342,0.9907953939635953,1.0163457512256766,0.9871874083061821,1.0554514601295915,1.065547436839696,1.1838615135831956,1.0861245059766966,1.2385034736238298,1.3107206131608709,1.2053508209374375,1.0713794990161563,1.3621707151863842,1.3795737383326359,1.1351860285821032,1.0567033912526291,1.2147325417693156,1.2519472627777342,1.213090618726363,1.0898186823910287,1.3621707151863842,1.3795737383326359,1.1103880533788457,1.1416356319040992,0.999980389260829
long_stream,1536,ercb_beta_0p005,softmax,token,0.005,24,18000.0,18000.0,18000.0,18000.0,32.0,32.0,32.0,32.0,32.0,32.0,32.0,32.0,43.0,43.0,43.0,43.0,43.0,43.0,43.0,43.0,418.60465116279073,418.6046511627907,418.6046511627907,418.6046511627907,115.72000611500458,115.49844195762873,115.96198035102728,115.99240944188601,35.0,35.0,35.0,35.0,486.75,483.0,491.0,492.0,0.9290050465589689,0.9287291062680192,0.929257526238243,0.9294818581005604,0.9312661485933441,0.931266148593344,0.931266148593344,0.931266148593344,0.0022611020343751564,0.002008622355101014,0.0025370423253247678,0.002571783491119195,11.68402718992081,10.385515684090652,12.726809522736255,13.09535689063201,0.027911842731477492,0.02480984302310545,0.030402933859869943,0.03128335257206536,0.9996671896205962,0.9921912880290721,1.0083106876066112,1.0116156282998945,0.0,0.0,0.0,0.0,0.0,0.0,0.0,0.0,0.0,0.0,-0.0,-0.0,0.0,0.0,0.0,0.0,1.0,1.0,1.0,1.0,0.1552584499064332,0.1552584499064332,0.1552584499064332,0.1552584499064332,0.0,0.0,0.0,0.0,0.9847820645108908,0.9837918606470424,0.9857643465288649,0.9861107399335363,0.015217935489109297,0.014235653471135108,0.016208139352957583,0.016242809478670905,0.0,0.0,0.0,0.0,0.02172828450409828,0.02124072415058467,0.022204451378287804,0.022288669010696465,0.9901833426016188,0.9897602506747926,0.9905381477945986,0.9905957835879354,1.022071697955288,0.993209895141626,1.0530144228675862,1.1011290425631426,1.2109537509213792,1.1494981559101125,1.2985678422471634,1.3028736743351228,1.2649936148686634,1.1903981605689178,1.371412368633601,1.395490347895175,1.166006354581777,1.1257303335022821,1.2255145034642076,1.2305967329180008,1.267386593098155,1.198081516538154,1.371412368633601,1.395490347895175,1.1309827897904647,1.155767836197377,0.9998635547841435
long_stream,1536,ercb_beta_0p006,softmax,token,0.006,24,18000.0,18000.0,18000.0,18000.0,32.0,32.0,32.0,32.0,32.0,32.0,32.0,32.0,43.0,43.0,43.0,43.0,43.0,43.0,43.0,43.0,418.60465116279073,418.6046511627907,418.6046511627907,418.6046511627907,115.02849705886281,114.84781381500446,115.19429183741767,115.2550537730435,35.0,35.0,35.0,35.0,485.9166666666667,482.15,490.85,492.0,0.9297916526332867,0.9296034235097858,0.9299966606137923,0.9300552735293708,0.9312661485933441,0.931266148593344,0.931266148593344,0.931266148593344,0.0014744959600573777,0.001269487979551781,0.001662725083558225,0.0017317740506878065,9.937671124334257,9.09803924049296,11.194944808141573,11.31781883826623,0.02373999213035406,0.02173420485228874,0.02674347926389376,0.027037011669191553,0.9987758212905575,0.9880203638579608,1.0086518448118618,1.016559829059829,0.0,0.0,0.0,0.0,0.0,0.0,0.0,0.0,0.0,0.0,-0.0,-0.0,0.0,0.0,0.0,0.0,1.0,1.0,1.0,1.0,0.1552584499064332,0.1552584499064332,0.1552584499064332,0.1552584499064332,0.0,0.0,0.0,0.0,0.979621641172486,0.9786908545975024,0.9803696109574119,0.9805485926128253,0.02037835882751408,0.019630389042588004,0.021309145402497582,0.021469285469432463,0.0,0.0,0.0,0.0,0.022044273109802965,0.02159830269092194,0.02242280939418458,0.022551014401903498,0.9900850335149497,0.9896873369880412,0.9904374698001127,0.9907427933119589,1.0339965539873244,0.9959164637878121,1.0781202025673926,1.0823897401297837,1.2453105486883913,1.1893943901991277,1.2957226075428003,1.309642983873132,1.3264264180439795,1.1850824815994239,1.4627132686024156,1.4854609042689813,1.2019111735732317,1.122449436488514,1.260772604227856,1.2637648533574013,1.3319454756702964,1.2063611341793836,1.4627132686024156,1.4854609042689813,1.1474303687401273,1.1671336280041562,0.9997642846099893
long_stream,1536,ercb_beta_0p0075,softmax,token,0.0075,24,18000.0,18000.0,18000.0,18000.0,32.0,32.0,32.0,32.0,32.0,32.0,32.0,32.0,43.0,43.0,43.0,43.0,43.0,43.0,43.0,43.0,418.60465116279073,418.6046511627907,418.6046511627907,418.6046511627907,114.54970931233983,114.3669002642118,114.69951395892309,114.84532358986024,35.0,35.0,35.0,35.0,483.0416666666667,480.0,487.85,489.0,0.9303342702303872,0.9301647136441821,0.9305410612345009,0.9305769865105915,0.9312661485933441,0.931266148593344,0.931266148593344,0.931266148593344,0.0009318783629568792,0.0007250873588431017,0.0011014349491619334,0.0012666643986134485,8.581645978433587,7.462048496765705,9.875697978381316,10.25035450322868,0.020500598726258017,0.017826004742273627,0.02359194517057759,0.024486957979935182,1.002095852845512,0.9886451515425888,1.0110402315578408,1.0165421558164354,0.0,0.0,0.0,0.0,0.0,0.0,0.0,0.0,0.0,0.0,-0.0,-0.0,0.0,0.0,0.0,0.0,1.0,1.0,1.0,1.0,0.1552584499064332,0.1552584499064332,0.1552584499064332,0.1552584499064332,0.0,0.0,0.0,0.0,0.971852144252053,0.9709938950295638,0.9725503090975766,0.9726473839804615,0.028147855747947054,0.027449690902423395,0.029006104970436253,0.029188711584689844,0.0,0.0,0.0,0.0,0.022325060120024692,0.021890429203595834,0.02266956235237026,0.022809335289123926,0.9900220931839415,0.9896323257239981,0.9903603803457997,0.9904276247719147,1.0393360838065282,1.0004844089204992,1.067632876720748,1.0689268552402942,1.279916964404516,1.206979827236331,1.3621097126660937,1.4009761303715236,1.355638376959542,1.2755928286690192,1.4890339048731027,1.5795720688166013,1.2249638083901953,1.174755139672128,1.283577827677417,1.3415137549727367,1.3560951524393021,1.2755928286690192,1.4890339048731027,1.5795720688166013,1.1620456632010219,1.1799774099872784,0.9997007289628748
long_stream,1536,ercb_beta_0p01,softmax,token,0.01,24,18000.0,18000.0,18000.0,18000.0,32.0,32.0,32.0,32.0,32.0,32.0,32.0,32.0,43.0,43.0,43.0,43.0,43.0,43.0,43.0,43.0,418.60465116279073,418.6046511627907,418.6046511627907,418.6046511627907,114.20681962279002,114.13314125031559,114.286775021826,114.3027679851383,35.0,35.0,35.0,35.0,481.875,479.15,485.85,486.0,0.9307218993257557,0.9306316037938295,0.9308050837062204,0.9308142595941109,0.9312661485933441,0.931266148593344,0.931266148593344,0.931266148593344,0.0005442492675884388,0.0004610648871236356,0.0006345447995144859,0.0006526133571618242,6.967112562776446,6.263958910320173,7.75706699963599,8.316416938662613,0.016643657788854845,0.014963901841320414,0.01853077116579709,0.019866996020138465,1.0015929055319233,0.9894014281560854,1.0117189597726943,1.0117395944503735,0.0,0.0,0.0,0.0,0.0,0.0,0.0,0.0,0.0,0.0,-0.0,-0.0,0.0,0.0,0.0,0.0,1.0,1.0,1.0,1.0,0.1552584499064332,0.1552584499064332,0.1552584499064332,0.1552584499064332,0.0,0.0,0.0,0.0,0.958441051326005,0.9576060059148419,0.9593432490344777,0.9594385881026178,0.04155894867399499,0.04065675096552235,0.0423939940851581,0.04254226466909203,0.0,0.0,0.0,0.0,0.022701534524877998,0.0221646714448859,0.02332062293489247,0.023654630130825527,0.9898600446883474,0.9894669846964087,0.9902211863201673,0.9902454194954097,1.0337475692346965,0.9975223848301382,1.0725604401335715,1.0731694505808214,1.311035191703598,1.2463744792243594,1.394908293186302,1.4249471114111396,1.3855518791233148,1.2761768189482408,1.5199999700867914,1.566574908661658,1.2434448800205364,1.1941993512559872,1.3170185168543902,1.3547450806539267,1.3875692962555624,1.277250052956826,1.5199999700867914,1.566574908661658,1.1816415992080909,1.2138658798204442,0.9995370962517585
long_stream,1536,ercb_beta_0p0125,softmax,token,0.0125,24,18000.0,18000.0,18000.0,18000.0,32.0,32.0,32.0,32.0,32.0,32.0,32.0,32.0,43.0,43.0,43.0,43.0,43.0,43.0,43.0,43.0,418.60465116279073,418.6046511627907,418.6046511627907,418.6046511627907,114.01617740997422,113.95089502834048,114.07235346966232,114.11685963425953,35.0,35.0,35.0,35.0,480.9166666666667,477.15,484.85,487.0,0.9309370367837254,0.9308736772906859,0.93101065318311,0.9310150705593334,0.9312661485933441,0.931266148593344,0.931266148593344,0.931266148593344,0.0003291118096186152,0.0002554954102339191,0.0003924713026580595,0.00044268993227392084,5.821465826434339,4.73549662067215,6.7281091996951075,7.191726512636457,0.01390683502981537,0.01131257526049458,0.016072705310382757,0.01718023555796487,0.999253629193844,0.9890623745550887,1.0105155805140267,1.0112,0.0,0.0,0.0,0.0,0.0,0.0,0.0,0.0,0.0,0.0,-0.0,-0.0,0.0,0.0,0.0,0.0,1.0,1.0,1.0,1.0,0.1552584499064332,0.1552584499064332,0.1552584499064332,0.1552584499064332,0.0,0.0,0.0,0.0,0.9461282965357611,0.9450451927282326,0.947324243397344,0.9473806980755786,0.05387170346423877,0.052675756602655985,0.054954807271767415,0.05532740269011564,0.0,0.0,0.0,0.0,0.02275589478445191,0.022320284983208538,0.023110226815177527,0.023323681402009657,0.9898898042834348,0.9894649731639457,0.9902889032798146,0.9903428919034315,1.0522058459988415,1.016620328815695,1.0894697404320066,1.1019459774061326,1.3219901031412016,1.247317033731008,1.398028168082527,1.4028902435271533,1.4051981978742132,1.2910834869048948,1.5228741636793055,1.5699568091661964,1.259798049004752,1.2077546623943904,1.323933642900254,1.3395681941665332,1.4051981978742132,1.2910834869048948,1.5228741636793055,1.5699568091661964,1.1844711147188547,1.2029145140837054,0.9995671467820519
long_stream,1536,ercb_beta_0p015,softmax,token,0.015,24,18000.0,18000.0,18000.0,18000.0,32.0,32.0,32.0,32.0,32.0,32.0,32.0,32.0,43.0,43.0,43.0,43.0,43.0,43.0,43.0,43.0,418.60465116279073,418.6046511627907,418.6046511627907,418.6046511627907,113.92476705310872,113.87761461872134,113.96508839342393,113.98452353838947,35.0,35.0,35.0,35.0,479.5416666666667,477.0,482.0,483.0,0.9310401024747342,0.9309946519732519,0.9310932446826984,0.9311015862867358,0.9312661485933441,0.931266148593344,0.931266148593344,0.931266148593344,0.00022604611860971754,0.0001729039106455832,0.0002714966200920321,0.000293409658903232,5.107329768958576,4.539843214847486,5.7198116471786,5.921973272639827,0.0122008433369566,0.01084518101324677,0.013663994490482211,0.014146936151306253,0.9998908089393893,0.9898995240613432,1.0112901470286646,1.0123589468027943,0.0,0.0,0.0,0.0,0.0,0.0,0.0,0.0,0.0,0.0,-0.0,-0.0,0.0,0.0,0.0,0.0,1.0,1.0,1.0,1.0,0.1552584499064332,0.1552584499064332,0.1552584499064332,0.1552584499064332,0.0,0.0,0.0,0.0,0.9344100198323361,0.9329340911237097,0.9352831137879549,0.935964465739122,0.0655899801676638,0.0647168862120451,0.06706590887629033,0.06709791768465945,0.0,0.0,0.0,0.0,0.022928982078843817,0.02248183014927045,0.023483330462520775,0.023576465798099997,0.9898365849729472,0.9895174309960828,0.990271823464488,0.9903916784879918,1.0387259439838024,0.9939682856190425,1.0645559504635154,1.0722816080935416,1.3342184900306162,1.2602264833046974,1.4079885640339844,1.4156376297420874,1.4322178874459108,1.2719750112635084,1.590461002813125,1.6305890693932683,1.2683874404867765,1.1966454681833603,1.340124525359856,1.3728361024096325,1.4337277149536443,1.2719750112635084,1.590461002813125,1.6305890693932683,1.1934805121727456,1.2223349981938831,0.99951340718992
long_stream,1536,ercb_beta_0p02,softmax,token,0.02,24,18000.0,18000.0,18000.0,18000.0,32.0,32.0,32.0,32.0,32.0,32.0,32.0,32.0,43.0,43.0,43.0,43.0,43.0,43.0,43.0,43.0,418.60465116279073,418.6046511627907,418.6046511627907,418.6046511627907,113.83493120135824,113.80558483885216,113.86316543532016,113.91350034022321,35.0,35.0,35.0,35.0,478.0416666666667,475.0,481.0,484.0,0.931141331803933,0.9311095253710069,0.9311743893032813,0.9311835149340453,0.9312661485933441,0.931266148593344,0.931266148593344,0.931266148593344,0.00012481678941108723,9.17592900626818e-05,0.00015662322233711,0.00021334442781839602,3.945244593704316,3.3649964696486276,4.384648595487296,5.404563102192571,0.0094247509738492,0.008038602677493943,0.010474438311441875,0.012910900744126699,0.9991617912438014,0.9881810815667343,1.007870804320657,1.0106837606837606,0.0,0.0,0.0,0.0,0.0,0.0,0.0,0.0,0.0,0.0,-0.0,-0.0,0.0,0.0,0.0,0.0,1.0,1.0,1.0,1.0,0.1552584499064332,0.1552584499064332,0.1552584499064332,0.1552584499064332,0.0,0.0,0.0,0.0,0.9150966313601128,0.9136853551937422,0.9168732537203945,0.9169561910674162,0.08490336863988712,0.08312674627960558,0.08631464480625779,0.08641397506485421,0.0,0.0,0.0,0.0,0.023217624731620118,0.022762409424798773,0.02378980544194899,0.023908070756883712,0.989737994510581,0.9894691498897709,0.9900493421611571,0.9900721575338179,1.0431526769951962,0.9929811521973053,1.0726242298496014,1.0837673084290598,1.359330579601241,1.2927030528739285,1.4007148984330575,1.4049226266032153,1.456859923391346,1.3719999228896202,1.5458083371081004,1.5831192219210741,1.2864477266625942,1.2336620479604674,1.3247499011987849,1.3512150594830878,1.4571380992711458,1.3776747108375453,1.5458083371081004,1.5831192219210741,1.2085047020772863,1.2382873816951816,0.9994138528892889
long_stream,1536,ercb_beta_inf,least_count,token,inf,24,18000.0,18000.0,18000.0,18000.0,32.0,32.0,32.0,32.0,32.0,32.0,32.0,32.0,43.0,43.0,43.0,43.0,43.0,43.0,43.0,43.0,418.60465116279073,418.6046511627907,418.6046511627907,418.6046511627907,113.72409278904917,113.72409278904917,113.72409278904918,113.72409278904918,35.0,35.0,35.0,35.0,470.0,470.0,470.0,470.0,0.9312661485933441,0.931266148593344,0.931266148593344,0.931266148593344,0.9312661485933441,0.931266148593344,0.931266148593344,0.931266148593344,0.0,0.0,0.0,0.0,0.0,0.0,0.0,0.0,0.0,0.0,0.0,0.0,1.000066914767299,0.998483235763704,1.0010660980810235,1.0010660980810235,0.0,0.0,0.0,0.0,0.0,0.0,0.0,0.0,0.0,0.0,-0.0,-0.0,0.0,0.0,0.0,0.0,1.0,1.0,1.0,1.0,0.1552584499064332,0.1552584499064332,0.1552584499064332,0.1552584499064332,0.0,0.0,0.0,0.0,0.670686522177872,0.670686522177872,0.670686522177872,0.670686522177872,0.32931347782212805,0.32931347782212805,0.32931347782212805,0.32931347782212805,0.0,0.0,0.0,0.0,0.023551886318570702,0.022936021283742773,0.02410544279020169,0.024228298435125778,0.9895758473281554,0.9891507826610003,0.9899792988255631,0.9902908213662728,1.0450726973711622,1.0074434905943375,1.0820912813844332,1.0873817330184057,1.4055214795699946,1.3087354345689646,1.4722349271579567,1.5288463937204504,1.5502987799352566,1.4003631145841247,1.685801757386684,1.7211649654653407,1.333630985625471,1.243054220797316,1.3936786094666807,1.4409064235335431,1.5502987799352566,1.4003631145841247,1.685801757386684,1.7211649654653407,1.2259034112141194,1.2547166772809226,0.9992501205265606
long_stream,2048,ercb_beta_0,softmax,token,0.0,24,18000.0,18000.0,18000.0,18000.0,32.0,32.0,32.0,32.0,32.0,32.0,32.0,32.0,40.0,40.0,40.0,40.0,40.0,40.0,40.0,40.0,450.0,450.0,450.0,450.0,122.67623532384296,121.77480589923226,123.90694647606134,124.2251987319803,40.0,35.15,43.0,47.0,518.125,514.15,524.55,526.0,0.9308214652612531,0.9295260702891965,0.9317665961924063,0.9319816760896534,0.9442476549434629,0.9442476549434629,0.9442476549434629,0.9442476549434629,0.013426189682209724,0.012481058751056557,0.01472158465426631,0.015058307261916482,22.055086134533983,21.037022659664252,23.258166678220068,23.82645588416372,0.04901130252118663,0.046748939243698336,0.05168481484048904,0.052947679742586046,1.002560624660478,0.9892417297518957,1.0201217024552378,1.0261569416498995,0.0,0.0,0.0,0.0,0.0,0.0,0.0,0.0,0.0,0.0,-0.0,-0.0,0.0,0.0,0.0,0.0,1.0,1.0,1.0,1.0,0.16160943461776844,0.16160943461776844,0.16160943461776844,0.16160943461776844,0.0,0.0,0.0,0.0,1.0,1.0,1.0,1.0,0.0,0.0,0.0,0.0,0.0,0.0,0.0,0.0,0.016761936105142414,0.01644441071721687,0.017205909838728436,0.01751054530888887,0.9921487195876898,0.9918721173828322,0.9923325219371572,0.9923597400418782,0.9984685112987499,0.9593383959902834,1.03336750055812,1.0488461377160512,1.0103579293965796,0.9464207162091578,1.0802940578306641,1.1018349844239155,1.019399368156686,0.925576951860472,1.157164147630651,1.1634871330338001,1.009408602950672,0.9511188498906994,1.0750618351534624,1.0812696961477408,1.044140841097069,0.9733443740227256,1.157164147630651,1.1634871330338001,1.0,1.0264870198049385,1.0
long_stream,2048,ercb_beta_0p001,softmax,token,0.001,24,18000.0,18000.0,18000.0,18000.0,32.0,32.0,32.0,32.0,32.0,32.0,32.0,32.0,40.0,40.0,40.0,40.0,40.0,40.0,40.0,40.0,450.0,450.0,450.0,450.0,117.70816194493136,116.8684649188069,118.49707641619031,118.66043991153917,46.166666666666664,42.3,49.849999999999994,51.0,515.875,511.15,520.85,521.0,0.9359600004567105,0.9351553689288689,0.9368136993155699,0.9369051086312556,0.9442476549434629,0.9442476549434629,0.9442476549434629,0.9442476549434629,0.008287654486752269,0.007433955627892913,0.009092286014594015,0.009259569692865233,17.115761943401438,15.842816980988118,18.51420783192104,18.882531609929853,0.03803502654089208,0.035206259957751375,0.041142684070935645,0.041961181355399675,0.9983214419308553,0.9846428817644031,1.00863953076944,1.0120967741935485,0.0,0.0,0.0,0.0,0.0,0.0,0.0,0.0,0.0,0.0,-0.0,-0.0,0.0,0.0,0.0,0.0,1.0,1.0,1.0,1.0,0.16160943461776844,0.16160943461776844,0.16160943461776844,0.16160943461776844,0.0,0.0,0.0,0.0,0.9992766128716682,0.9991216672438697,0.9994544452691143,0.9994667329318077,0.0007233871283317226,0.0005455547308857438,0.000878332756130219,0.0009207383063096166,0.0,0.0,0.0,0.0,0.016638038709416793,0.016178591417538225,0.01701773507468164,0.017074947878476184,0.9922527770141105,0.9919070936403329,0.9924551508156739,0.9926274146965902,1.0018611772428934,0.9656448988242253,1.0336158876998685,1.0435601436229187,1.012945228266652,0.9309755830997377,1.076990569200875,1.0836006644192135,1.0089293944013553,0.9174284929868194,1.131742318874178,1.148246984000874,1.0079119333036335,0.9564626285413549,1.0522863053215024,1.0708619771131234,1.0481191167084145,0.9998253508307404,1.131742318874178,1.148246984000874,0.9926084078266109,1.015260705442061,1.0001048808755848
long_stream,2048,ercb_beta_0p002,softmax,token,0.002,24,18000.0,18000.0,18000.0,18000.0,32.0,32.0,32.0,32.0,32.0,32.0,32.0,32.0,40.0,40.0,40.0,40.0,40.0,40.0,40.0,40.0,450.0,450.0,450.0,450.0,114.20223410955744,113.63627221489214,114.72181161221162,114.93019620621902,48.916666666666664,47.0,50.849999999999994,51.0,512.2916666666666,509.15,518.55,520.0,0.9394909073780582,0.9389732543806877,0.940053793800127,0.9406092360859508,0.9442476549434629,0.9442476549434629,0.9442476549434629,0.9442476549434629,0.004756747565404594,0.0041938611433359144,0.0052744005627752165,0.005482712645055621,13.560434732249954,12.631310304160849,15.322809657113954,15.695540768001592,0.0301342994049999,0.028069578453690774,0.0340506881269199,0.034878979484447986,1.0004784514020264,0.9854820824426873,1.0111218542103229,1.0181910055583627,0.0,0.0,0.0,0.0,0.0,0.0,0.0,0.0,0.0,0.0,-0.0,-0.0,0.0,0.0,0.0,0.0,1.0,1.0,1.0,1.0,0.16160943461776844,0.16160943461776844,0.16160943461776844,0.16160943461776844,0.0,0.0,0.0,0.0,0.9972098693950638,0.9968059368861433,0.9977933877379787,0.9978468366290096,0.002790130604935985,0.0022066122620212647,0.0031940631138566884,0.003242607450514145,0.0,0.0,0.0,0.0,0.01687905293169195,0.016502234930783802,0.017239389213712906,0.01729283923156398,0.9923788700576451,0.992098169661912,0.9926356998462048,0.9926790452248918,0.9975494032137652,0.970741097844023,1.026907571194722,1.0290360569602945,1.0546164486363077,0.9933080463350431,1.126752556074698,1.149340990239197,1.041968848316545,0.9445371416325424,1.1560335857985042,1.1766214368487435,1.0313782333888726,0.9757766693936187,1.083770759511011,1.1069535928087113,1.0675691077274794,0.9949197798545428,1.157367931498246,1.1766214368487435,1.006987070336917,1.0284843651458624,1.0002319717451744
long_stream,2048,ercb_beta_0p003,softmax,token,0.003,24,18000.0,18000.0,18000.0,18000.0,32.0,32.0,32.0,32.0,32.0,32.0,32.0,32.0,40.0,40.0,40.0,40.0,40.0,40.0,40.0,40.0,450.0,450.0,450.0,450.0,112.07067194706342,111.58420583021054,112.57672881014078,112.8071362990835,50.75,50.0,51.0,51.0,510.7083333333333,507.15,514.0,517.0,0.9415980646819359,0.941100931141104,0.9420750172336563,0.942172477583274,0.9442476549434629,0.9442476549434629,0.9442476549434629,0.9442476549434629,0.002649590261526849,0.0021726377098065797,0.0031467238023587586,0.0033737945333672803,11.219336868110213,10.184658983637648,12.129625052990376,13.207952150125317,0.024931859706911585,0.022632575519194776,0.02695472233997861,0.029351004778056262,0.9992454335436812,0.9856991035856574,1.0079328352444306,1.0105686965274283,0.0,0.0,0.0,0.0,0.0,0.0,0.0,0.0,0.0,0.0,-0.0,-0.0,0.0,0.0,0.0,0.0,1.0,1.0,1.0,1.0,0.16160943461776844,0.16160943461776844,0.16160943461776844,0.16160943461776844,0.0,0.0,0.0,0.0,0.994435993709866,0.9938879468724836,0.9950049379093849,0.9952537334508814,0.005564006290133917,0.004995062090615088,0.006112053127516403,0.006587409824557447,0.0,0.0,0.0,0.0,0.01724243059554023,0.016777744464246597,0.017799533548157862,0.018176066636923716,0.9923460808516348,0.9920688171181203,0.9926663411978384,0.9927160114410281,1.003762180100572,0.967508170175333,1.0320497569447749,1.0447954361938647,1.0816675805878242,1.0196346087084625,1.164512690072743,1.18372521382381,1.0759566725201701,0.9681591054141029,1.1930051668185124,1.2462802042004102,1.0537954777361886,0.9931265842602662,1.1228331717502715,1.1262338248669501,1.1007858740854681,1.0263968788515463,1.1936200756380217,1.2462802042004102,1.028665810881501,1.0619020044287797,1.0001989230647064
long_stream,2048,ercb_beta_0p004,softmax,token,0.004,24,18000.0,18000.0,18000.0,18000.0,32.0,32.0,32.0,32.0,32.0,32.0,32.0,32.0,40.0,40.0,40.0,40.0,40.0,40.0,40.0,40.0,450.0,450.0,450.0,450.0,111.0436456581776,110.73289933055703,111.49467474275795,111.60555541728198,50.875,50.0,51.0,51.0,509.4166666666667,506.15,513.7,517.0,0.9426025427939125,0.9421625596852633,0.9429052260406188,0.9429224589462039,0.9442476549434629,0.9442476549434629,0.9442476549434629,0.9442476549434629,0.0016451121495504224,0.0013424289028441116,0.0020850952581995983,0.0021935210238384073,9.876088213725486,8.603600036415559,10.868872199757497,11.034038245356955,0.021946862697167748,0.019119111192034573,0.02415304933279444,0.024520084989682122,1.0025885052812111,0.9905880585833803,1.0164589256184882,1.017094017094017,0.0,0.0,0.0,0.0,0.0,0.0,0.0,0.0,0.0,0.0,-0.0,-0.0,0.0,0.0,0.0,0.0,1.0,1.0,1.0,1.0,0.16160943461776844,0.16160943461776844,0.16160943461776844,0.16160943461776844,0.0,0.0,0.0,0.0,0.9907603416638399,0.9902140940316627,0.9913953465912874,0.9915069837842194,0.009239658336160113,0.008604653408712666,0.009785905968337387,0.010065808040995314,0.0,0.0,0.0,0.0,0.017452061957659398,0.016925104312940836,0.017777236638665213,0.017787255109918763,0.992332139915226,0.9919877371080075,0.9926491363693323,0.992762990658679,1.0008293874403282,0.9631967895777864,1.0307862273663286,1.0315356089397056,1.1156529965360586,1.0457156756251342,1.1964875969724051,1.2093123779074177,1.1140015681317876,0.9956262524065859,1.2373499167988127,1.293568023865566,1.0768279840360582,1.0205808994190138,1.1477194154408843,1.1734677277898093,1.1336107108005105,1.0500112550042882,1.2373499167988127,1.293568023865566,1.0411722039857472,1.0605717935657393,1.0001848718079407
long_stream,2048,ercb_beta_0p005,softmax,token,0.005,24,18000.0,18000.0,18000.0,18000.0,32.0,32.0,32.0,32.0,32.0,32.0,32.0,32.0,40.0,40.0,40.0,40.0,40.0,40.0,40.0,40.0,450.0,450.0,450.0,450.0,110.50774069550505,110.3032065905906,110.70309354895707,110.87290020559577,50.958333333333336,51.0,51.0,51.0,509.0416666666667,505.0,513.0,513.0,0.9431239081451461,0.942934204109097,0.9433224065532373,0.9433483228664372,0.9442476549434629,0.9442476549434629,0.9442476549434629,0.9442476549434629,0.001123746798316681,0.0009252483902255637,0.0013134508343658924,0.0014786235792830782,8.722615425156993,7.831824025546124,9.8983018900887,11.090536506409418,0.01938358983368221,0.017404053390102498,0.021996226422419333,0.024645636680909817,0.9977190517355637,0.9835918524325844,1.0178029545655338,1.020397756246813,0.0,0.0,0.0,0.0,0.0,0.0,0.0,0.0,0.0,0.0,-0.0,-0.0,0.0,0.0,0.0,0.0,1.0,1.0,1.0,1.0,0.16160943461776844,0.16160943461776844,0.16160943461776844,0.16160943461776844,0.0,0.0,0.0,0.0,0.9867920590423324,0.9859125383396087,0.9879536329076556,0.9881918092302993,0.01320794095766765,0.012046367092344475,0.0140874616603913,0.01423141986414262,0.0,0.0,0.0,0.0,0.017426707816512847,0.01691081912923978,0.0177701123253524,0.018097809297134313,0.9923626220037919,0.992102069563769,0.9925850090324311,0.992853265483757,1.0110034305414228,0.9781078756779716,1.035472130658567,1.0405341443303429,1.109825105516096,1.0188421527386124,1.18892373982768,1.2023097265706848,1.1188356493564657,1.0187265205746767,1.255013420671847,1.36101687011398,1.0798880618046616,1.0200831672019497,1.15616116118211,1.1801804428513611,1.1354632541059548,1.0379059385737228,1.255013420671847,1.36101687011398,1.0396596018025916,1.0601467643049114,1.000215595113796
long_stream,2048,ercb_beta_0p006,softmax,token,0.006,24,18000.0,18000.0,18000.0,18000.0,32.0,32.0,32.0,32.0,32.0,32.0,32.0,32.0,40.0,40.0,40.0,40.0,40.0,40.0,40.0,40.0,450.0,450.0,450.0,450.0,110.10224871997993,109.9734739592892,110.27218471501705,110.29097877886477,51.0,51.0,51.0,51.0,507.875,505.0,512.85,514.0,0.9435170508513598,0.9433524760565889,0.9436416875798459,0.9437367454504315,0.9442476549434629,0.9442476549434629,0.9442476549434629,0.9442476549434629,0.0007306040921031312,0.0006059673636169994,0.0008951788868739928,0.0009133945804119525,7.722264420808674,6.757364139450936,8.659191444992002,9.486832980505138,0.017160587601797055,0.015016364754335414,0.019242647655537782,0.021081851067789197,0.9979917179664115,0.9835577406019395,1.0119477345975547,1.017293997965412,0.0,0.0,0.0,0.0,0.0,0.0,0.0,0.0,0.0,0.0,-0.0,-0.0,0.0,0.0,0.0,0.0,1.0,1.0,1.0,1.0,0.16160943461776844,0.16160943461776844,0.16160943461776844,0.16160943461776844,0.0,0.0,0.0,0.0,0.982288881001319,0.9812006330469755,0.9829358394731186,0.9829695515439306,0.017711118998681122,0.01706416052688144,0.018799366953024522,0.018891969310725627,0.0,0.0,0.0,0.0,0.01756587898246487,0.017263115790186218,0.018040315285600225,0.01816494765167474,0.9922680243633258,0.9919751540225543,0.9925048037735829,0.992514233194239,1.0054052146461532,0.9614406475552703,1.0420182732133831,1.066824668655754,1.1199354330787843,1.0502690186098973,1.1700107115940084,1.1842618462792398,1.1499989135664335,1.0417707904371698,1.273107792116564,1.2972749485530515,1.0917798537637902,1.0303092183420837,1.1489500067087601,1.1522521640030698,1.1642651353799762,1.0739312112076884,1.273107792116564,1.2972749485530515,1.0479624115185484,1.0762667971312465,1.0001202488833385
long_stream,2048,ercb_beta_0p0075,softmax,token,0.0075,24,18000.0,18000.0,18000.0,18000.0,32.0,32.0,32.0,32.0,32.0,32.0,32.0,32.0,40.0,40.0,40.0,40.0,40.0,40.0,40.0,40.0,450.0,450.0,450.0,450.0,109.86689038448701,109.7982809451623,109.98402156665144,110.006817970524,51.0,51.0,51.0,51.0,506.25,503.0,509.0,513.0,0.9437447140414742,0.9436314858559105,0.9438110261961298,0.9439553875030096,0.9442476549434629,0.9442476549434629,0.9442476549434629,0.9442476549434629,0.0005029409019886808,0.00043662874733307324,0.0006161690875523707,0.0006382207130404272,7.041928621346585,6.215804479416751,8.014592311192821,8.252272414311102,0.015648730269659083,0.013812898843148335,0.01781020513598405,0.01833838314291356,1.0004719235090798,0.9906585554390221,1.0086200342555534,1.0106060606060605,0.0,0.0,0.0,0.0,0.0,0.0,0.0,0.0,0.0,0.0,-0.0,-0.0,0.0,0.0,0.0,0.0,1.0,1.0,1.0,1.0,0.16160943461776844,0.16160943461776844,0.16160943461776844,0.16160943461776844,0.0,0.0,0.0,0.0,0.9755507772491954,0.9746420220762998,0.9764377147072228,0.9764927870802285,0.02444922275080463,0.023562285292777152,0.025357977923700214,0.025467031632265675,0.0,0.0,0.0,0.0,0.017702963188473985,0.017289077571164456,0.01811265997653764,0.018175946635805507,0.992372565100705,0.9920571804951818,0.9927036313137646,0.9929874325114859,1.0047789707000876,0.9768053092477933,1.046796320694071,1.0534873651160739,1.1295554641964938,1.0392154288895628,1.227283041109192,1.2704132798194179,1.130263403999516,1.0121132962485933,1.2608164128143446,1.289170232374718,1.0881992796320326,1.0281318953972332,1.1614176265819673,1.2013732470246985,1.1502213482866956,1.064008202598906,1.2611393223932301,1.289170232374718,1.0561407153343625,1.0805828075541246,1.0002256168945198
long_stream,2048,ercb_beta_0p01,softmax,token,0.01,24,18000.0,18000.0,18000.0,18000.0,32.0,32.0,32.0,32.0,32.0,32.0,32.0,32.0,40.0,40.0,40.0,40.0,40.0,40.0,40.0,40.0,450.0,450.0,450.0,450.0,109.64443283705855,109.54346000681142,109.71924334771845,109.74402033823984,51.0,51.0,51.0,51.0,505.375,503.0,508.0,509.0,0.9439595519097165,0.943887353590915,0.9440569566957204,0.944065186652177,0.9442476549434629,0.9442476549434629,0.9442476549434629,0.9442476549434629,0.0002881030337464896,0.00019069824774242683,0.0003603013525478204,0.0003842238251011709,5.969134492887393,5.2613832861245955,6.719418577443394,6.899275324264136,0.01326474331752754,0.011691962858054657,0.014932041283207543,0.01533172294280919,0.9988292354610536,0.9840041119895611,1.0088688252386881,1.0106598984771573,0.0,0.0,0.0,0.0,0.0,0.0,0.0,0.0,0.0,0.0,-0.0,-0.0,0.0,0.0,0.0,0.0,1.0,1.0,1.0,1.0,0.16160943461776844,0.16160943461776844,0.16160943461776844,0.16160943461776844,0.0,0.0,0.0,0.0,0.9641857509085269,0.9629531655892843,0.9652386620616147,0.9657580424900792,0.03581424909147313,0.03476133793838522,0.037046834410715684,0.037132023155407784,0.0,0.0,0.0,0.0,0.017767439800279967,0.01748031148561516,0.018093589130958283,0.01830941697438505,0.9922548725288642,0.9919570749755557,0.992463617185197,0.9924731066557694,1.0009728859040852,0.9726380338570012,1.0366198719547857,1.0378776388122415,1.1457207957334496,1.1002451304322167,1.1936331166772545,1.2274702806411382,1.1536602352574927,1.030713676510302,1.2581081806000398,1.3073792978935528,1.1001179722983425,1.0497559224823998,1.145604574949835,1.181737036988614,1.1729905975928145,1.105317871369783,1.2581081806000398,1.3073792978935528,1.0599873241867968,1.0794450603714765,1.0001069929730078
long_stream,2048,ercb_beta_0p0125,softmax,token,0.0125,24,18000.0,18000.0,18000.0,18000.0,32.0,32.0,32.0,32.0,32.0,32.0,32.0,32.0,40.0,40.0,40.0,40.0,40.0,40.0,40.0,40.0,450.0,450.0,450.0,450.0,109.52526659124733,109.45693207441623,109.57365102967708,109.58489859465126,51.0,51.0,51.0,51.0,503.25,501.15,505.85,507.0,0.944074494989065,0.9440278432737823,0.9441403665110949,0.9441527802385327,0.9442476549434629,0.9442476549434629,0.9442476549434629,0.9442476549434629,0.00017315995439788623,0.00010728843236791352,0.00021981166968054744,0.00023065984046355403,4.9731597423386456,4.089563356952998,5.720604502362609,5.770615218501403,0.011051466094085879,0.009087918571006662,0.012712454449694688,0.012823589374447563,1.000039548209994,0.9896428226822134,1.0089810723607144,1.0122013218098627,0.0,0.0,0.0,0.0,0.0,0.0,0.0,0.0,0.0,0.0,-0.0,-0.0,0.0,0.0,0.0,0.0,1.0,1.0,1.0,1.0,0.16160943461776844,0.16160943461776844,0.16160943461776844,0.16160943461776844,0.0,0.0,0.0,0.0,0.9535019074984152,0.952483725410734,0.9541315885571262,0.9544034683410388,0.04649809250158498,0.04586841144287371,0.047516274589266,0.047645370007766204,0.0,0.0,0.0,0.0,0.017894038537907057,0.01746857143098163,0.018451974996688946,0.01863144656955989,0.992210489319969,0.9919376657787727,0.9924356683368036,0.9925493896205614,1.0108825529921466,0.9765143445778535,1.0484230497596978,1.0654930020887143,1.164990843623422,1.1102155220728598,1.254945283339843,1.2796381032080122,1.1811710695211046,1.0922603476171406,1.2962496285096972,1.2971932877963295,1.1190148220455578,1.0802028982800853,1.1828445433188068,1.2057880595994643,1.192414819021417,1.1154001822572794,1.2962496285096972,1.2971932877963295,1.067540075660909,1.1008259953352313,1.000062258541547
long_stream,2048,ercb_beta_0p015,softmax,token,0.015,24,18000.0,18000.0,18000.0,18000.0,32.0,32.0,32.0,32.0,32.0,32.0,32.0,32.0,40.0,40.0,40.0,40.0,40.0,40.0,40.0,40.0,450.0,450.0,450.0,450.0,109.47593480038779,109.4286182858036,109.50965709857287,109.55820370926132,51.0,51.0,51.0,51.0,503.3333333333333,500.15,506.85,510.0,0.944122050039332,0.9440895483643652,0.9441676485525118,0.9441765521563127,0.9442476549434629,0.9442476549434629,0.9442476549434629,0.9442476549434629,0.00012560490413086414,8.000639095107065e-05,0.0001581065790976943,0.00020491428249302945,4.508874929379649,3.833902207091944,5.385124047958839,5.463515351859094,0.01001972206528811,0.008519782682426542,0.011966942328797421,0.012141145226353543,1.0009088996844018,0.9900221831575422,1.0088466680656822,1.0158163265306122,0.0,0.0,0.0,0.0,0.0,0.0,0.0,0.0,0.0,0.0,-0.0,-0.0,0.0,0.0,0.0,0.0,1.0,1.0,1.0,1.0,0.16160943461776844,0.16160943461776844,0.16160943461776844,0.16160943461776844,0.0,0.0,0.0,0.0,0.9440795640982017,0.9429151000478139,0.9451212426073197,0.9464070056943245,0.055920435901798404,0.05487875739268038,0.05708489995218609,0.05715895240335731,0.0,0.0,0.0,0.0,0.017876937650869066,0.017528135873213307,0.018300391877489375,0.018456773309441905,0.9922788399727844,0.9919966680241065,0.9925971882928551,0.9926528700690573,1.0123030471076606,0.9642419559360126,1.0717954245763055,1.0849031187387563,1.1734537546176782,1.0903218882679377,1.237541794664196,1.2416431101400178,1.1593573693729986,1.0455583120820173,1.2793170842724977,1.2878644534559862,1.115038057032779,1.0475242870499495,1.1662651463270666,1.1720465456078015,1.190952729551388,1.0952779878689731,1.2793170842724977,1.2878644534559862,1.066519854194205,1.0917827011567582,1.0001311500811578
long_stream,2048,ercb_beta_0p02,softmax,token,0.02,24,18000.0,18000.0,18000.0,18000.0,32.0,32.0,32.0,32.0,32.0,32.0,32.0,32.0,40.0,40.0,40.0,40.0,40.0,40.0,40.0,40.0,450.0,450.0,450.0,450.0,109.42068885063952,109.39450396186975,109.4543968867621,109.46643321128171,51.0,51.0,51.0,51.0,501.6666666666667,499.15,505.7,507.0,0.9441752868371486,0.9441428095981447,0.9442005123820362,0.9442060486072611,0.9442476549434629,0.9442476549434629,0.9442476549434629,0.9442476549434629,7.236810631426616e-05,4.714256142667739e-05,0.00010484534531813305,0.00011644448332825963,3.5560291798186277,3.0927280508718873,4.076753973447736,4.092676385936225,0.007902287066263615,0.0068727290019375276,0.009059453274328302,0.009094836413191611,0.9997368519101913,0.9925800019458315,1.0085520639202645,1.0106870229007634,0.0,0.0,0.0,0.0,0.0,0.0,0.0,0.0,0.0,0.0,-0.0,-0.0,0.0,0.0,0.0,0.0,1.0,1.0,1.0,1.0,0.16160943461776844,0.16160943461776844,0.16160943461776844,0.16160943461776844,0.0,0.0,0.0,0.0,0.9280991383710805,0.9271983078828531,0.9299760096299522,0.9301890670621189,0.07190086162891948,0.07002399037004783,0.07280169211714703,0.07309485523606564,0.0,0.0,0.0,0.0,0.01794576103946353,0.01760130106500379,0.018395319984479883,0.018427906300513264,0.9922367101840203,0.9918503681358188,0.9925957348046892,0.9926564611235125,1.010724044348661,0.9807813432484987,1.0449401433856882,1.051280672655631,1.1739990735439132,1.0852113779907155,1.2539245234857883,1.2877348569268128,1.1943981942548336,1.0900294655002243,1.2984578174696537,1.3323715724471175,1.1263737707158026,1.0674467821469653,1.1887010825457065,1.1912361648257799,1.2069398834013032,1.1159554331300234,1.2984578174696537,1.3323715724471175,1.0706257873133123,1.0974460151316507,1.0000886869020675
long_stream,2048,ercb_beta_inf,least_count,token,inf,24,18000.0,18000.0,18000.0,18000.0,32.0,32.0,32.0,32.0,32.0,32.0,32.0,32.0,40.0,40.0,40.0,40.0,40.0,40.0,40.0,40.0,450.0,450.0,450.0,450.0,109.34555317890162,109.34555317890161,109.34555317890161,109.34555317890161,51.0,51.0,51.0,51.0,494.0,494.0,494.0,494.0,0.9442476549434629,0.9442476549434629,0.9442476549434629,0.9442476549434629,0.9442476549434629,0.9442476549434629,0.9442476549434629,0.9442476549434629,0.0,0.0,0.0,0.0,0.0,0.0,0.0,0.0,0.0,0.0,0.0,0.0,0.9999789990650073,0.9994939271255061,1.000506329113924,1.0010131712259371,0.0,0.0,0.0,0.0,0.0,0.0,0.0,0.0,0.0,0.0,-0.0,-0.0,0.0,0.0,0.0,0.0,1.0,1.0,1.0,1.0,0.16160943461776844,0.16160943461776844,0.16160943461776844,0.16160943461776844,0.0,0.0,0.0,0.0,0.7140334344477831,0.7140334344477831,0.7140334344477831,0.7140334344477831,0.28596656555221694,0.28596656555221694,0.28596656555221694,0.28596656555221694,0.0,0.0,0.0,0.0,0.018157630054858643,0.01792613234453363,0.018409239126707402,0.018423724536654904,0.9922058284228745,0.9920102558404703,0.9924099026988086,0.9924517488001124,1.004309521973081,0.9755277122903114,1.0229903573729955,1.033048642265403,1.1885456016127491,1.110643548584458,1.2656104727069482,1.305564837996767,1.234635806052972,1.1004136865573784,1.451889773495585,1.4828358255757776,1.1424969765462674,1.0797023945971644,1.2235508496802054,1.254524774166749,1.2414736545548604,1.139414443839754,1.451889773495585,1.4828358255757776,1.0832656765281454,1.098276416950403,1.000057560760859
short_stream,640,ercb_beta_0,softmax,token,0.0,24,6000.0,6000.0,6000.0,6000.0,32.0,32.0,32.0,32.0,32.0,32.0,32.0,32.0,41.0,41.0,41.0,41.0,41.0,41.0,41.0,41.0,146.34146341463415,146.34146341463415,146.34146341463415,146.34146341463415,43.791918580237414,43.29248757826928,44.29667397122076,44.360282035269584,6.208333333333333,5.0,7.849999999999998,8.0,174.91666666666666,172.15,178.7,179.0,0.9178093971210043,0.9160666491470629,0.9195262176348367,0.9197406229249949,0.9328301647424713,0.9328301647424713,0.9328301647424713,0.9328301647424713,0.015020767621466896,0.013303947107634656,0.016763515595408292,0.016984430815500273,8.30285710748086,7.613966329627613,9.343099150401835,9.479116970297675,0.05673619023445255,0.05202876991912202,0.0638445108610792,0.06477396596370077,1.004305450455992,0.9856269350531836,1.0335275389263305,1.0456621004566211,0.0,0.0,0.0,0.0,0.0,0.0,0.0,0.0,0.0,0.0,-0.0,-0.0,0.0,0.0,0.0,0.0,1.0,1.0,1.0,1.0,0.09523211023136909,0.09523211023136909,0.09523211023136909,0.09523211023136909,0.0,0.0,0.0,0.0,1.0,1.0,1.0,1.0,0.0,0.0,0.0,0.0,0.0,0.0,0.0,0.0,0.017443599653796656,0.016629492199730037,0.01833316888428786,0.018349232863499067,0.9914307769722871,0.9908521635197887,0.9918846551547,0.991983884707378,1.0102456967164857,0.9415335142446465,1.0708112385639796,1.1166341712712802,1.0141054753336782,0.9398783143613856,1.1183400327473365,1.203920081044213,1.011927488113873,0.8350299592981162,1.2334207276099078,1.5742680955967618,1.0120928867213455,0.9306373421213688,1.122677481402985,1.215072562987041,1.0892151470581741,1.0023971361112036,1.2342350745181916,1.5742680955967618,1.0,1.050996884137821,1.0
short_stream,640,ercb_beta_0p001,softmax,token,0.001,24,6000.0,6000.0,6000.0,6000.0,32.0,32.0,32.0,32.0,32.0,32.0,32.0,32.0,41.0,41.0,41.0,41.0,41.0,41.0,41.0,41.0,146.34146341463415,146.34146341463415,146.34146341463415,146.34146341463415,43.50762251874247,43.17850568183682,43.91802239599462,44.218752095494594,6.375,4.15,8.0,8.0,175.33333333333334,173.15,177.85,178.0,0.9187876883764913,0.9173773974910006,0.9199155161009217,0.9200760125909335,0.9328301647424713,0.9328301647424713,0.9328301647424713,0.9328301647424713,0.014042476365980142,0.012914648641549587,0.015452767251470684,0.016493158798294938,8.117279287893162,7.466739033801143,8.744505483650984,9.023005826571403,0.0554680751339366,0.05102271673097447,0.059754120804948394,0.061657206481571254,0.999265874311635,0.9748053080328463,1.020761714259438,1.0403100775193799,0.0,0.0,0.0,0.0,0.0,0.0,0.0,0.0,0.0,0.0,-0.0,-0.0,0.0,0.0,0.0,0.0,1.0,1.0,1.0,1.0,0.09523211023136909,0.09523211023136909,0.09523211023136909,0.09523211023136909,0.0,0.0,0.0,0.0,0.9999254701824416,0.9998361376171673,1.0000306192348283,1.0000690323158374,7.452981755839734e-05,-3.061923482827603e-05,0.00016386238283278286,0.00018065471437067149,0.0,0.0,0.0,0.0,0.01736326875595963,0.016532327917578072,0.01813362887119424,0.018500088706222453,0.9915672072772272,0.9909392785130261,0.9919470376812971,0.99239209330618,1.0003391287059125,0.9187880339680764,1.0979694974742458,1.1057960370930788,1.002276845746862,0.9280295464635852,1.094044749007874,1.1285450983980243,0.9793822962497624,0.8187202290354582,1.1245400389215678,1.2366200657147606,0.9939994235675123,0.9166196401967313,1.0626396380576537,1.0705907764777483,1.0636924118231461,0.9823363859763508,1.1283749214591952,1.2366200657147606,0.9953948210557824,1.0395577306916348,1.0001376095115353
short_stream,640,ercb_beta_0p002,softmax,token,0.002,24,6000.0,6000.0,6000.0,6000.0,32.0,32.0,32.0,32.0,32.0,32.0,32.0,32.0,41.0,41.0,41.0,41.0,41.0,41.0,41.0,41.0,146.34146341463415,146.34146341463415,146.34146341463415,146.34146341463415,42.81051774396235,42.345819655534655,43.36377620580007,43.4110302697129,6.375,5.0,8.0,8.0,174.29166666666666,171.15,176.85,178.0,0.9211639808035782,0.9192823694353247,0.9227381276963892,0.9242501994583278,0.9328301647424713,0.9328301647424713,0.9328301647424713,0.9328301647424713,0.011666183938893076,0.01009203704608203,0.013547795307146554,0.013709560953764188,7.31524372865553,6.323653403766331,8.29771359505983,8.392795981688337,0.04998749881247946,0.04321163159240326,0.05670104289957551,0.05735077254153697,1.0000302718130023,0.9683723209850259,1.0416116772469093,1.0626959247648904,0.0,0.0,0.0,0.0,0.0,0.0,0.0,0.0,0.0,0.0,-0.0,-0.0,0.0,0.0,0.0,0.0,1.0,1.0,1.0,1.0,0.09523211023136909,0.09523211023136909,0.09523211023136909,0.09523211023136909,0.0,0.0,0.0,0.0,0.9996055836374466,0.9993074745317768,0.9999154185372746,0.9999463354416563,0.000394416362553589,8.45814627254053e-05,0.0006925254682231746,0.0007752964014550296,0.0,0.0,0.0,0.0,0.0175036721645174,0.016682582521162552,0.018495920698580765,0.018711857546294907,0.9916107255166079,0.9908471064670733,0.9923882680868813,0.99279422515339,1.0081070243344594,0.9297701646452655,1.064267916566306,1.1068616833998415,1.0181076920253962,0.9325744532431252,1.148865462883906,1.1773874554995465,1.0206047994612744,0.8928162195732683,1.1594015598320415,1.24760848904058,1.0156065052737098,0.9396005336680288,1.0946457111701762,1.1610747796448082,1.070578318440993,0.9665138627672375,1.1594015598320415,1.24760848904058,1.0034438138866406,1.0603270578131543,1.0001815038916488
short_stream,640,ercb_beta_0p003,softmax,token,0.003,24,6000.0,6000.0,6000.0,6000.0,32.0,32.0,32.0,32.0,32.0,32.0,32.0,32.0,41.0,41.0,41.0,41.0,41.0,41.0,41.0,41.0,146.34146341463415,146.34146341463415,146.34146341463415,146.34146341463415,42.37513789308076,41.87106956226182,42.71023157493596,42.71608468178403,6.666666666666667,5.0,8.0,8.0,174.125,171.15,176.85,179.0,0.9226376897540619,0.9215075367874485,0.9243304911961142,0.9245772036861044,0.9328301647424713,0.9328301647424713,0.9328301647424713,0.9328301647424713,0.010192474988409328,0.008499673546357051,0.011322627955022807,0.011342453549006426,6.850339088871084,6.05321908950942,7.523372851514186,7.717575759897411,0.04681065044061907,0.041363663778314366,0.05140971448534694,0.05273676769263231,0.9952464895175366,0.9613523862277555,1.0277136575017212,1.0291858678955452,0.0,0.0,0.0,0.0,0.0,0.0,0.0,0.0,0.0,0.0,-0.0,-0.0,0.0,0.0,0.0,0.0,1.0,1.0,1.0,1.0,0.09523211023136909,0.09523211023136909,0.09523211023136909,0.09523211023136909,0.0,0.0,0.0,0.0,0.9992662984059733,0.9988549654877664,0.9995894268574581,0.9996202415883498,0.0007337015940266702,0.00041057314254193416,0.0011450345122335798,0.0012121478663337537,0.0,0.0,0.0,0.0,0.01729184836936447,0.016401357654166174,0.018230291576951684,0.018316338541613474,0.991711715308076,0.9911192265784847,0.9925481740175985,0.9927132426272306,1.0038146560130652,0.9437198463330067,1.0724554215092104,1.0908926336237372,1.001433728131669,0.885728356526416,1.162233571765219,1.2181251758692753,1.0005904575112645,0.8159712641536494,1.2564123298004903,1.28390591706685,1.0019462805519994,0.9099795964165506,1.1111139130841572,1.1428248386691153,1.0818576219867024,0.9693650018349871,1.2564123298004903,1.28390591706685,0.991300460487285,1.045099173265181,1.000283366567101
short_stream,640,ercb_beta_0p004,softmax,token,0.004,24,6000.0,6000.0,6000.0,6000.0,32.0,32.0,32.0,32.0,32.0,32.0,32.0,32.0,41.0,41.0,41.0,41.0,41.0,41.0,41.0,41.0,146.34146341463415,146.34146341463415,146.34146341463415,146.34146341463415,41.931522157147974,41.22769625912012,42.51124293526141,42.55762793459468,7.0,5.15,8.0,8.0,172.875,171.15,175.0,175.0,0.9241250054619252,0.9221803923898805,0.9264680789830881,0.9266242784106479,0.9328301647424713,0.9328301647424713,0.9328301647424713,0.9328301647424713,0.008705159280546044,0.0063620857593831015,0.010649772352590797,0.010806381958571087,6.364983267298951,5.378186803325019,7.009906249565562,7.72389387455355,0.04349405232654283,0.0367509431560543,0.047901026038698,0.05277994147611592,0.9985363917383121,0.969799091524972,1.0180282288043567,1.0307219662058371,0.0,0.0,0.0,0.0,0.0,0.0,0.0,0.0,0.0,0.0,-0.0,-0.0,0.0,0.0,0.0,0.0,1.0,1.0,1.0,1.0,0.09523211023136909,0.09523211023136909,0.09523211023136909,0.09523211023136909,0.0,0.0,0.0,0.0,0.9986946428910827,0.9980558679144702,0.9992854137461216,0.9993200513986686,0.001305357108917278,0.0007145862538785085,0.001944132085529824,0.0022746706001790496,0.0,0.0,0.0,0.0,0.017466370170437572,0.016831163295508548,0.01824308562009016,0.01839896244085072,0.9916936457372634,0.9909566854459495,0.992188778880615,0.9922947025528149,0.9950047917222786,0.9418346899352731,1.061224436183602,1.1086390788802354,1.0498823262168668,0.9228211629305839,1.226766000046334,1.317047815130483,1.0421708436575121,0.8716711275776009,1.246567628543712,1.5477704567757482,1.0290193205322193,0.9469487381705731,1.1752117218191196,1.240503252342237,1.1037325146567598,0.9768370294472591,1.3076080461769304,1.5477704567757482,1.0013053794568119,1.0458326252700654,1.0002651408157603
short_stream,640,ercb_beta_0p005,softmax,token,0.005,24,6000.0,6000.0,6000.0,6000.0,32.0,32.0,32.0,32.0,32.0,32.0,32.0,32.0,41.0,41.0,41.0,41.0,41.0,41.0,41.0,41.0,146.34146341463415,146.34146341463415,146.34146341463415,146.34146341463415,41.4443188798065,40.93653384306498,41.996013919656136,42.21698291729177,7.041666666666667,6.0,8.0,8.0,172.58333333333334,170.0,174.85,175.0,0.9257477659992023,0.9239126490861045,0.9274282195892101,0.9276776810696701,0.9328301647424713,0.9328301647424713,0.9328301647424713,0.9328301647424713,0.00708239874326896,0.005401945153261251,0.008917515656366781,0.009658604745115595,5.669559929392489,4.881838183210265,6.3636572459025285,6.850315997696215,0.03874199285084868,0.03335922758527014,0.04348499118033395,0.046810492650924136,0.9940311338296047,0.9705150237641309,1.01501771839594,1.0168453292496171,0.0,0.0,0.0,0.0,0.0,0.0,0.0,0.0,0.0,0.0,-0.0,-0.0,0.0,0.0,0.0,0.0,1.0,1.0,1.0,1.0,0.09523211023136909,0.09523211023136909,0.09523211023136909,0.09523211023136909,0.0,0.0,0.0,0.0,0.9979169199909396,0.9972725034422812,0.9985778506728827,0.9990238940218467,0.002083080009060464,0.001422149327117357,0.0027274965577187256,0.0028711883284420273,0.0,0.0,0.0,0.0,0.017610013225675434,0.017017181629494168,0.018332948128033304,0.018402796596778907,0.991661439212442,0.9909247008353695,0.9921863039753004,0.9923642349242932,1.0273486706436488,0.9707129400884061,1.0915736818500874,1.1933668279473693,1.063807102628383,0.935092716996514,1.2174070786930498,1.238477483816765,1.0273639677730573,0.8821598826529606,1.3021075467977128,1.3302031764794613,1.0395065803483632,0.9562926216448916,1.1496715668264785,1.1682237935606345,1.111233619890664,0.9861427389347708,1.3021075467977128,1.3302031764794613,1.0095400935117516,1.0509842287078102,1.0002326559206274
short_stream,640,ercb_beta_0p006,softmax,token,0.006,24,6000.0,6000.0,6000.0,6000.0,32.0,32.0,32.0,32.0,32.0,32.0,32.0,32.0,41.0,41.0,41.0,41.0,41.0,41.0,41.0,41.0,146.34146341463415,146.34146341463415,146.34146341463415,146.34146341463415,41.16597418881119,40.77194739878628,41.49249536764298,41.573097396353695,7.625,7.0,8.0,8.0,172.20833333333334,170.0,174.85,176.0,0.9266701445173503,0.925591317205819,0.9279686694765654,0.9290675985971699,0.9328301647424713,0.9328301647424713,0.9328301647424713,0.9328301647424713,0.006160020225120952,0.004861495265905807,0.007238847536652287,0.007506603511369447,5.47600672817434,4.616713000458662,6.381151183708611,6.614839193886395,0.03741937930919132,0.03154753883646753,0.04360453308867551,0.0452014011582237,0.998666940488636,0.9853307411641486,1.0134219756798148,1.0152439024390243,0.0,0.0,0.0,0.0,0.0,0.0,0.0,0.0,0.0,0.0,-0.0,-0.0,0.0,0.0,0.0,0.0,1.0,1.0,1.0,1.0,0.09523211023136909,0.09523211023136909,0.09523211023136909,0.09523211023136909,0.0,0.0,0.0,0.0,0.9971571074460792,0.9962819748693622,0.997872279014156,0.9979707409513894,0.0028428925539208706,0.0021277209858439885,0.0037180251306377556,0.003733493792303556,0.0,0.0,0.0,0.0,0.017831620369560024,0.017026070806246713,0.018751879281318818,0.018980249905220188,0.9916706367030536,0.9912660560297458,0.9923438949694463,0.9923788992918958,1.0256199543906057,0.9707591377408504,1.0966283013969729,1.1010127160228236,1.0583024386743178,0.9301620451638636,1.2251656165053617,1.390387302970187,1.0857168878802257,0.8575417534184692,1.4241000876298222,1.4394095399186666,1.0565464269817164,0.970510403912071,1.2116379937063881,1.2573871502894782,1.1353111678715473,1.0285688594983808,1.4262160419818715,1.4394095399186666,1.022244302980143,1.075000553411429,1.0002419329078112
short_stream,640,ercb_beta_0p0075,softmax,token,0.0075,24,6000.0,6000.0,6000.0,6000.0,32.0,32.0,32.0,32.0,32.0,32.0,32.0,32.0,41.0,41.0,41.0,41.0,41.0,41.0,41.0,41.0,146.34146341463415,146.34146341463415,146.34146341463415,146.34146341463415,40.86263157736316,40.48544391147453,41.152250585875116,41.182881688875064,7.708333333333333,7.0,8.0,8.0,172.91666666666666,171.0,177.7,178.0,0.9276696209381537,0.9267175789910501,0.9289057187783941,0.9292209798480362,0.9328301647424713,0.9328301647424713,0.9328301647424713,0.9328301647424713,0.005160543804317436,0.0039244459640771666,0.006112585751421179,0.006213709362373976,5.300202326536822,4.486286791550091,5.985345128211071,6.140628393997697,0.036218049231334946,0.030656293075592287,0.04089985837610898,0.0419609606923176,0.9962172497140983,0.9751404205231028,1.0247775790101372,1.0261136712749617,0.0,0.0,0.0,0.0,0.0,0.0,0.0,0.0,0.0,0.0,-0.0,-0.0,0.0,0.0,0.0,0.0,1.0,1.0,1.0,1.0,0.09523211023136909,0.09523211023136909,0.09523211023136909,0.09523211023136909,0.0,0.0,0.0,0.0,0.9959152761686388,0.9950566533969379,0.9968772792416328,0.9969646868720061,0.004084723831360963,0.003122720758367181,0.004943346603062017,0.005485751299177589,0.0,0.0,0.0,0.0,0.017775129699920466,0.01702248863078419,0.018448191368875367,0.018583611027079915,0.9917563265414495,0.9913172088682737,0.9922492254376941,0.9924820151226018,1.007003782683939,0.944587498722583,1.0945316001898946,1.1140808059275848,1.054053134403941,0.9278371531665481,1.1770280980657746,1.2258775882313238,1.0498178836597771,0.9326365718681977,1.1695848777815556,1.1817428484184072,1.0369582669158859,0.9651850056624998,1.1073206370513533,1.130070536382573,1.0892130636743051,1.0079804633039329,1.1775039360378097,1.2258775882313238,1.0190058275071483,1.0575908490802848,1.0003283633882707
short_stream,640,ercb_beta_0p01,softmax,token,0.01,24,6000.0,6000.0,6000.0,6000.0,32.0,32.0,32.0,32.0,32.0,32.0,32.0,32.0,41.0,41.0,41.0,41.0,41.0,41.0,41.0,41.0,146.34146341463415,146.34146341463415,146.34146341463415,146.34146341463415,40.3269646758022,39.990931505093236,40.553192753173654,40.64516876825438,7.708333333333333,7.0,8.0,8.0,172.08333333333334,170.0,175.0,177.0,0.9294210337870185,0.9286845634610549,0.9305118943009114,0.9308779668632268,0.9328301647424713,0.9328301647424713,0.9328301647424713,0.9328301647424713,0.0034091309554528985,0.002318270441559822,0.004145601281416339,0.004446266034518587,4.635340314894943,3.854305924562879,5.334115238760316,5.378366784470233,0.031674825485115445,0.026337757151179673,0.03644978746486216,0.03675217302721326,0.9958722516235073,0.9742392156152184,1.0247832682361653,1.0371517027863777,0.0,0.0,0.0,0.0,0.0,0.0,0.0,0.0,0.0,0.0,-0.0,-0.0,0.0,0.0,0.0,0.0,1.0,1.0,1.0,1.0,0.09523211023136909,0.09523211023136909,0.09523211023136909,0.09523211023136909,0.0,0.0,0.0,0.0,0.9929643140284631,0.99204324846991,0.9940739858980068,0.994269897723687,0.007035685971536917,0.005926014101993237,0.00795675153009004,0.008385843163520926,0.0,0.0,0.0,0.0,0.01834473346460201,0.017416493434557957,0.019436535791555635,0.019521708571628143,0.991724752195636,0.9911737706256099,0.992540230118157,0.9927279460788161,1.0081982344467952,0.9234982136783577,1.0859372908420621,1.1004250135023521,1.1259128173667796,0.9406911395069762,1.2757939277403074,1.3837640262381068,1.142725564285964,0.9801315570955573,1.4093317113395991,1.6548538134055313,1.0922788720331795,0.9680976679418797,1.2012544478959815,1.3538136417485511,1.1883720399690434,1.0292353874475557,1.4093317113395991,1.6548538134055313,1.0516598539688005,1.1142502796047151,1.0002965161362518
short_stream,640,ercb_beta_0p0125,softmax,token,0.0125,24,6000.0,6000.0,6000.0,6000.0,32.0,32.0,32.0,32.0,32.0,32.0,32.0,32.0,41.0,41.0,41.0,41.0,41.0,41.0,41.0,41.0,146.34146341463415,146.34146341463415,146.34146341463415,146.34146341463415,39.95450850422308,39.79088753680512,40.116026667017096,40.13915414429399,8.0,8.0,8.0,8.0,171.25,169.0,173.85,175.0,0.9306293142065574,0.930106960078729,0.9311576398102769,0.9314388556963178,0.9328301647424713,0.9328301647424713,0.9328301647424713,0.9328301647424713,0.002200850535913901,0.0016725249321943914,0.0027232046637422737,0.0027981762922285602,4.141283003235359,3.3961871884778874,4.858181154468001,5.026757670996965,0.028298767188774953,0.023207279121265564,0.033197571222198005,0.03434951075181259,0.9990255940084367,0.980484870177524,1.027718223583461,1.0322085889570551,0.0,0.0,0.0,0.0,0.0,0.0,0.0,0.0,0.0,0.0,-0.0,-0.0,0.0,0.0,0.0,0.0,1.0,1.0,1.0,1.0,0.09523211023136909,0.09523211023136909,0.09523211023136909,0.09523211023136909,0.0,0.0,0.0,0.0,0.9898143516969942,0.9883357618796286,0.9916253413385332,0.9920216733920553,0.010185648303005883,0.00837465866146679,0.011664238120371437,0.01186963350102161,0.0,0.0,0.0,0.0,0.018421701839290427,0.017950054096569707,0.01898057702089911,0.01901910103138104,0.9915893146922469,0.9908954284132289,0.9922787568225857,0.9924569801954027,1.0128070117837666,0.9467528955699718,1.0846764474439647,1.088097560705471,1.1472094012087706,1.0508018584105367,1.2716870545237555,1.2901813743988995,1.1547906688667162,0.9788220958384727,1.343218647848401,1.4134031661136903,1.1049356939530843,1.0290662943014905,1.1942624427784614,1.2015933554718448,1.2162333657498847,1.08625312021296,1.343218647848401,1.4134031661136903,1.0560722674738114,1.0881112498341434,1.0001599080073387
short_stream,640,ercb_beta_0p015,softmax,token,0.015,24,6000.0,6000.0,6000.0,6000.0,32.0,32.0,32.0,32.0,32.0,32.0,32.0,32.0,41.0,41.0,41.0,41.0,41.0,41.0,41.0,41.0,146.34146341463415,146.34146341463415,146.34146341463415,146.34146341463415,39.76534349371645,39.60885527610319,39.97243539017643,40.00403013605892,8.0,8.0,8.0,8.0,170.625,169.0,172.0,175.0,0.9312395396146383,0.9305717383897334,0.9317431838818092,0.9318480986131357,0.9328301647424713,0.9328301647424713,0.9328301647424713,0.9328301647424713,0.001590625127832863,0.0010869808606620457,0.002258426352737908,0.0023605893141877,3.6743166618726484,2.9964770623854062,4.215232549775025,4.643379761526737,0.025107830522796432,0.02047592659296694,0.028804089090129333,0.031729761703766034,0.9948686924456079,0.9772191668697607,1.0133435582822086,1.0153139356814702,0.0,0.0,0.0,0.0,0.0,0.0,0.0,0.0,0.0,0.0,-0.0,-0.0,0.0,0.0,0.0,0.0,1.0,1.0,1.0,1.0,0.09523211023136909,0.09523211023136909,0.09523211023136909,0.09523211023136909,0.0,0.0,0.0,0.0,0.9860051501996004,0.9846333494603119,0.987560022716725,0.9879714867773611,0.013994849800399578,0.012439977283274891,0.015366650539688156,0.015451314884678614,0.0,0.0,0.0,0.0,0.01872309265325002,0.01785769957319944,0.019310274601365605,0.019805620312545614,0.9914989621021482,0.9907331239499199,0.9920389505044114,0.9924233967361747,0.9973116252106009,0.9296926798593362,1.0933562466111026,1.14319620076056,1.1804129898359925,0.9625818715514882,1.3392087162728348,1.547667944314139,1.2063906265860433,0.979025850255251,1.5538094720649374,1.623511917185439,1.1280384138775454,1.009972368701885,1.3013435422005515,1.3801377117271985,1.260771187061837,1.1093369992264945,1.5538094720649374,1.623511917185439,1.073350284622869,1.1070120264519292,1.0000687744736645
short_stream,640,ercb_beta_0p02,softmax,token,0.02,24,6000.0,6000.0,6000.0,6000.0,32.0,32.0,32.0,32.0,32.0,32.0,32.0,32.0,41.0,41.0,41.0,41.0,41.0,41.0,41.0,41.0,146.34146341463415,146.34146341463415,146.34146341463415,146.34146341463415,39.58701095161834,39.491467628661965,39.68135862797748,39.703541499651074,8.0,8.0,8.0,8.0,169.83333333333334,168.0,172.0,172.0,0.9318132014352107,0.9315102003045064,0.9321197425119657,0.9323566931504312,0.9328301647424713,0.9328301647424713,0.9328301647424713,0.9328301647424713,0.0010169633072606155,0.0007104222305055086,0.0013199644379648988,0.0013913090461534772,3.277600995000834,2.8494611153270144,3.671898196088787,3.812687420423245,0.0223969401325057,0.019471317621401266,0.025091304339940047,0.02605336403955884,0.9984178901471753,0.9763217252571932,1.0187393878861382,1.0294117647058822,0.0,0.0,0.0,0.0,0.0,0.0,0.0,0.0,0.0,0.0,-0.0,-0.0,0.0,0.0,0.0,0.0,1.0,1.0,1.0,1.0,0.09523211023136909,0.09523211023136909,0.09523211023136909,0.09523211023136909,0.0,0.0,0.0,0.0,0.9782911838923197,0.9768445910013497,0.9800730586358767,0.980632268541273,0.021708816107680235,0.01992694136412337,0.023155408998650324,0.023348931690498467,0.0,0.0,0.0,0.0,0.018852527938485245,0.01807925443185889,0.019714324820037685,0.020147303678950162,0.9915582050162692,0.9908570764517427,0.9922718371614553,0.9923440372305545,1.0273252604151146,0.977882435289775,1.1011762259865296,1.1078706268370526,1.1989620302279687,1.0563080391174364,1.3417430282921765,1.4773896133147186,1.2168868702603328,0.9647420024515506,1.5508046070008763,1.5764640298860484,1.1477247203011387,1.0364210270131458,1.2863334081296147,1.3369490018917272,1.2703451200727762,1.0754047648489213,1.5508046070008763,1.5764640298860484,1.0807705010807176,1.1301752626354733,1.0001285294414315
short_stream,640,ercb_beta_inf,least_count,token,inf,24,6000.0,6000.0,6000.0,6000.0,32.0,32.0,32.0,32.0,32.0,32.0,32.0,32.0,41.0,41.0,41.0,41.0,41.0,41.0,41.0,41.0,146.34146341463415,146.34146341463415,146.34146341463415,146.34146341463415,39.26930766753707,39.26930766753707,39.26930766753707,39.26930766753707,8.0,8.0,8.0,8.0,163.0,163.0,163.0,163.0,0.9328301647424713,0.9328301647424713,0.9328301647424713,0.9328301647424713,0.9328301647424713,0.9328301647424713,0.9328301647424713,0.9328301647424713,0.0,0.0,0.0,0.0,0.0,0.0,0.0,0.0,0.0,0.0,0.0,0.0,0.9996811578102397,0.9984662576687117,1.001536098310292,1.0015384615384615,0.0,0.0,0.0,0.0,0.0,0.0,0.0,0.0,0.0,0.0,-0.0,-0.0,0.0,0.0,0.0,0.0,1.0,1.0,1.0,1.0,0.09523211023136909,0.09523211023136909,0.09523211023136909,0.09523211023136909,0.0,0.0,0.0,0.0,0.7046803308015569,0.7046803308015568,0.7046803308015568,0.7046803308015568,0.29531966919844327,0.29531966919844327,0.29531966919844327,0.29531966919844327,0.0,0.0,0.0,0.0,0.019670892318519647,0.01912147355232733,0.020292454614563107,0.020797802836487498,0.9910738848286703,0.9903378485593164,0.9917538244277518,0.9917922783295857,1.0175827626876508,0.9425859176930113,1.098809643847866,1.1614542321696497,1.4038649636639213,1.2361838746813847,1.6078377357634146,1.6547642866497339,1.3739204212630416,1.1067578984899227,1.7802415860691254,2.0661403803767757,1.265122715871538,1.1481419498474452,1.3953996526942343,1.5347848987574617,1.4909251786597022,1.2555008729875545,1.7802415860691254,2.0661403803767757,1.12768538082323,1.1633180660705194,0.9996400231343365
short_stream,768,ercb_beta_0,softmax,token,0.0,24,6000.0,6000.0,6000.0,6000.0,32.0,32.0,32.0,32.0,32.0,32.0,32.0,32.0,39.0,39.0,39.0,39.0,39.0,39.0,39.0,39.0,153.84615384615384,153.84615384615384,153.84615384615384,153.84615384615384,39.411965582047834,38.64262367589749,40.130491592815304,40.19091520100382,16.291666666666668,14.15,18.0,19.0,177.33333333333334,175.15,180.85,182.0,0.9384086666251283,0.9362927617508401,0.9406541830317766,0.9416980605257594,0.949820056590279,0.949820056590279,0.949820056590279,0.949820056590279,0.01141138996515064,0.009165873558502452,0.013527294839438913,0.013706820588799351,6.819409486343097,5.546376105840566,7.7269070818839625,8.108242087135148,0.04432616166123012,0.03605144468796368,0.05022489603224576,0.05270357356637846,1.0050609901312122,0.9820826162445361,1.0327345309381237,1.0542168674698795,0.0,0.0,0.0,0.0,0.0,0.0,0.0,0.0,0.0,0.0,-0.0,-0.0,0.0,0.0,0.0,0.0,1.0,1.0,1.0,1.0,0.2014012566940555,0.2014012566940555,0.2014012566940555,0.2014012566940555,0.0,0.0,0.0,0.0,1.0,1.0,1.0,1.0,0.0,0.0,0.0,0.0,0.0,0.0,0.0,0.0,0.015735455380187592,0.015105379271272933,0.016480139716788095,0.01659288213918655,0.9923579799012808,0.9917987865996115,0.9929656111639892,0.993033038846911,1.0212098603834237,0.9490047016155541,1.1280131454923736,1.1410316645858727,1.0034011673540684,0.8819664307787544,1.1254132533128924,1.21467205719602,0.9658120882021878,0.8310732435241512,1.1860335286053951,1.1973509278469372,0.9968077053132266,0.9210352996230429,1.105670662249552,1.1146268462801725,1.0669286043177075,0.9796128771604249,1.1968066499683292,1.21467205719602,1.0,1.0473252485300255,1.0
short_stream,768,ercb_beta_0p001,softmax,token,0.001,24,6000.0,6000.0,6000.0,6000.0,32.0,32.0,32.0,32.0,32.0,32.0,32.0,32.0,39.0,39.0,39.0,39.0,39.0,39.0,39.0,39.0,153.84615384615384,153.84615384615384,153.84615384615384,153.84615384615384,39.0026261592121,38.49753860809275,39.494672267600336,40.08423084119461,16.416666666666668,12.15,19.0,19.0,177.45833333333334,176.0,179.85,180.0,0.9396052498116808,0.9381718358618952,0.94107277957021,0.9424306795113685,0.949820056590279,0.949820056590279,0.949820056590279,0.949820056590279,0.010214806778598267,0.00874727702006906,0.011648220728383818,0.013389635711626324,6.622401388364054,5.948058686772773,7.419452500611243,7.847913327104447,0.043045609024366355,0.038662381464023024,0.04822644125397308,0.05101143662617891,0.9960943236060883,0.971173050615595,1.0199481752201363,1.0257425742574255,0.0,0.0,0.0,0.0,0.0,0.0,0.0,0.0,0.0,0.0,-0.0,-0.0,0.0,0.0,0.0,0.0,1.0,1.0,1.0,1.0,0.2014012566940555,0.2014012566940555,0.2014012566940555,0.2014012566940555,0.0,0.0,0.0,0.0,0.9999462016808286,0.9998158447051272,1.0001103724153009,1.0002090622282096,5.379831917129444e-05,-0.00011037241530082595,0.0001841552948728958,0.00030893633825282077,0.0,0.0,0.0,0.0,0.01579991763986768,0.015398619064779328,0.016332942433410363,0.01642680166620196,0.9923932905003282,0.9916513705756372,0.9930012361113287,0.9930330388469107,1.0008885332949335,0.9286719320294187,1.0879644125783063,1.1518799222289637,1.0037273109899276,0.905877109076132,1.1085279040805374,1.131239053097222,1.0090826107625956,0.8487658609716935,1.1810825601767176,1.1937885086227689,1.0045661516824855,0.9409689812450691,1.0655887769214787,1.0763341284846262,1.0663044404858644,0.9721256201656124,1.1836153780118839,1.1937885086227689,1.004096624986224,1.0379707506892404,1.000035582521391
short_stream,768,ercb_beta_0p002,softmax,token,0.002,24,6000.0,6000.0,6000.0,6000.0,32.0,32.0,32.0,32.0,32.0,32.0,32.0,32.0,39.0,39.0,39.0,39.0,39.0,39.0,39.0,39.0,153.84615384615384,153.84615384615384,153.84615384615384,153.84615384615384,38.38433147397094,37.71134504539854,38.84854159126667,38.93290643088207,17.375,15.0,19.0,20.0,177.625,175.0,180.7,182.0,0.9413948969277732,0.9400580417609162,0.9433198555793656,0.9434941361839436,0.949820056590279,0.949820056590279,0.949820056590279,0.949820056590279,0.008425159662505885,0.006500201010913392,0.009762014829362797,0.010006941560912974,6.000903514474358,5.185546465320405,6.7765926478093705,6.983497030086772,0.03900587284408332,0.033706052024582635,0.044047852210760914,0.04539273069556402,0.9935920453189607,0.97035960591133,1.0129494933929188,1.0196463654223968,0.0,0.0,0.0,0.0,0.0,0.0,0.0,0.0,0.0,0.0,-0.0,-0.0,0.0,0.0,0.0,0.0,1.0,1.0,1.0,1.0,0.2014012566940555,0.2014012566940555,0.2014012566940555,0.2014012566940555,0.0,0.0,0.0,0.0,0.9997092330315324,0.9993695546990337,1.0000823009027513,1.0002720796517963,0.0002907669684676769,-8.23009027512267e-05,0.0006304453009664288,0.0006652154574075332,0.0,0.0,0.0,0.0,0.01567789491511138,0.014977949946759904,0.016183065049392164,0.01659439819685099,0.9926470165288173,0.9921318678876837,0.993168562997996,0.9932823757672505,1.0207324693091218,0.9526578413238128,1.0922566276886656,1.0932292415456422,0.9752317519287316,0.8259581189469275,1.0801625340687868,1.1038095566179182,0.9794081779118979,0.8259276168472707,1.1954826771554814,1.2401083072535195,0.9917907997165837,0.8997147894243093,1.107793692366318,1.117170682588838,1.0566098266728685,0.9756058818787263,1.1954826771554814,1.2401083072535195,0.9963419892411448,1.028445930441146,1.0002912624611182
short_stream,768,ercb_beta_0p003,softmax,token,0.003,24,6000.0,6000.0,6000.0,6000.0,32.0,32.0,32.0,32.0,32.0,32.0,32.0,32.0,39.0,39.0,39.0,39.0,39.0,39.0,39.0,39.0,153.84615384615384,153.84615384615384,153.84615384615384,153.84615384615384,37.93372594379541,37.36918626889621,38.57374626382619,38.72886584073519,18.041666666666668,17.0,19.849999999999998,20.0,177.20833333333334,175.0,179.85,180.0,0.9426835234237009,0.9408529628895868,0.9442867556738652,0.9452835236136551,0.949820056590279,0.949820056590279,0.949820056590279,0.949820056590279,0.007136533166578131,0.005533300916413786,0.008967093700692262,0.009415234257043714,5.6413804718349345,4.813389092163093,6.3249547482268325,6.508377244672773,0.03666897306692707,0.0312870290990601,0.041112205863474416,0.04230445209037303,0.9989194766003404,0.9639559816086535,1.0280871990957843,1.0318725099601593,0.0,0.0,0.0,0.0,0.0,0.0,0.0,0.0,0.0,0.0,-0.0,-0.0,0.0,0.0,0.0,0.0,1.0,1.0,1.0,1.0,0.2014012566940555,0.2014012566940555,0.2014012566940555,0.2014012566940555,0.0,0.0,0.0,0.0,0.9993303367725762,0.9989396692448747,0.9997612502751763,1.0001941173139486,0.0006696632274237625,0.00023874972482367505,0.0010603307551253047,0.0012733793858296164,0.0,0.0,0.0,0.0,0.01584931282632207,0.015208375673239783,0.016543456927217332,0.016771865600865465,0.9926257794252994,0.9915245788371312,0.993312487788112,0.9933562019467349,0.9947876139736245,0.9164915680991711,1.0983193707274437,1.11663305225087,1.0068236412164906,0.8503605957479605,1.1559431373905096,1.2302508113629336,1.0430298644555258,0.8077017594579144,1.2912765704675242,1.368478732022486,1.0148803732152138,0.9141779683665568,1.1525386360066465,1.1605688964706988,1.104197373539488,0.976127961846826,1.2912765704675242,1.368478732022486,1.0072357261600344,1.0513491047769161,1.0002698618134207
short_stream,768,ercb_beta_0p004,softmax,token,0.004,24,6000.0,6000.0,6000.0,6000.0,32.0,32.0,32.0,32.0,32.0,32.0,32.0,32.0,39.0,39.0,39.0,39.0,39.0,39.0,39.0,39.0,153.84615384615384,153.84615384615384,153.84615384615384,153.84615384615384,37.44001665130606,37.15714082969256,37.908449736221215,38.006435663894706,18.458333333333332,16.0,20.0,20.0,177.125,175.0,179.85,180.0,0.9440855798692448,0.9427599609014439,0.9448825456488125,0.945095764191046,0.949820056590279,0.949820056590279,0.949820056590279,0.949820056590279,0.005734476721034179,0.004937510941466494,0.0070600956888351215,0.007339340531130167,5.323790300566899,4.719908124004308,6.17853734907898,6.409128105828676,0.03460463695368485,0.03067940280602801,0.04016049276901337,0.0416593326878864,1.0000821902611843,0.9790345598415877,1.018008504606662,1.0304259634888437,0.0,0.0,0.0,0.0,0.0,0.0,0.0,0.0,0.0,0.0,-0.0,-0.0,0.0,0.0,0.0,0.0,1.0,1.0,1.0,1.0,0.2014012566940555,0.2014012566940555,0.2014012566940555,0.2014012566940555,0.0,0.0,0.0,0.0,0.9987336952471103,0.9983274862919957,0.9991016863320463,0.9992502238935286,0.001266304752889723,0.0008983136679536641,0.0016725137080042436,0.001912563893808236,0.0,0.0,0.0,0.0,0.015828446359088286,0.01539301514496772,0.01691574533700704,0.017074829257116758,0.9926403007010197,0.9919901923251098,0.9931162791348326,0.993147260413873,0.9974577169152984,0.9125047405219728,1.058364934612331,1.1462550826199165,1.0247530187091176,0.9005689683948856,1.173697592846029,1.3967792833645611,1.0151587710968466,0.8668769426794678,1.2340028694308267,1.821776660588279,1.0124565022404208,0.9367472671907743,1.1240507776051059,1.3941635408564192,1.083892689108027,0.9813933815950108,1.2340028694308267,1.821776660588279,1.0059096465055457,1.0750083126482342,1.000284494915602
short_stream,768,ercb_beta_0p005,softmax,token,0.005,24,6000.0,6000.0,6000.0,6000.0,32.0,32.0,32.0,32.0,32.0,32.0,32.0,32.0,39.0,39.0,39.0,39.0,39.0,39.0,39.0,39.0,153.84615384615384,153.84615384615384,153.84615384615384,153.84615384615384,37.266063082440816,36.89750670363828,37.71831304075896,37.806211985522694,18.958333333333332,17.15,20.0,20.0,176.625,175.0,179.0,180.0,0.9445750217377423,0.9433000193288971,0.9456083238141292,0.9457445279221615,0.949820056590279,0.949820056590279,0.949820056590279,0.949820056590279,0.005245034852536602,0.004211732776149862,0.006520037261381921,0.006769318888839471,5.102848948199118,4.395498248511219,5.701326654808963,6.042583926832999,0.033168518163294275,0.028570738615322923,0.037058623256258263,0.039276795524414494,0.9985571711357378,0.9701510836290531,1.02389015367103,1.0317460317460319,0.0,0.0,0.0,0.0,0.0,0.0,0.0,0.0,0.0,0.0,-0.0,-0.0,0.0,0.0,0.0,0.0,1.0,1.0,1.0,1.0,0.2014012566940555,0.2014012566940555,0.2014012566940555,0.2014012566940555,0.0,0.0,0.0,0.0,0.9981282665481718,0.9976429602203783,0.9986987391736579,0.9988624052131819,0.0018717334518282922,0.0013012608263420114,0.0023570397796217153,0.0023791235496700524,0.0,0.0,0.0,0.0,0.01584482764501682,0.015121764102857567,0.016535159141662745,0.01672847037705159,0.99256509993715,0.9921357453469253,0.9931088618956857,0.993281640590591,1.0142417856763395,0.9435189016887017,1.1242038825968588,1.1686390590596745,1.0136807968841317,0.8699782845914744,1.2028670338468588,1.2383570439659284,1.0064941700302465,0.8645178639531317,1.1624790148134507,1.2018483505762143,1.0114722508635725,0.9307553290432974,1.1124147120829828,1.1449136663972477,1.0737375404483842,0.9734012660359349,1.2028670338468588,1.2383570439659284,1.0069506895216351,1.0508217742768382,1.0002087150404029
short_stream,768,ercb_beta_0p006,softmax,token,0.006,24,6000.0,6000.0,6000.0,6000.0,32.0,32.0,32.0,32.0,32.0,32.0,32.0,32.0,39.0,39.0,39.0,39.0,39.0,39.0,39.0,39.0,153.84615384615384,153.84615384615384,153.84615384615384,153.84615384615384,36.84772156017953,36.60155317684981,37.179023179732,37.375117501942704,19.291666666666668,18.15,20.0,20.0,176.0,173.15,178.85,179.0,0.9457457803382142,0.9448211451519791,0.9464308623214618,0.9472546507835217,0.949820056590279,0.949820056590279,0.949820056590279,0.949820056590279,0.004074276252064741,0.003389194268817236,0.004998911438299885,0.005549934902188469,4.789689820568834,4.261902100542884,5.344005419975403,5.5331170794936755,0.03113298383369743,0.02770236365352875,0.03473603522984012,0.03596526101670889,1.0005446415965709,0.9668399904088608,1.0270591082364329,1.0303643724696356,0.0,0.0,0.0,0.0,0.0,0.0,0.0,0.0,0.0,0.0,-0.0,-0.0,0.0,0.0,0.0,0.0,1.0,1.0,1.0,1.0,0.2014012566940555,0.2014012566940555,0.2014012566940555,0.2014012566940555,0.0,0.0,0.0,0.0,0.9974025679828359,0.9966369193752995,0.9980957133772158,0.9982634041538566,0.002597432017164143,0.0019042866227842472,0.0033630806247005223,0.003573443586778222,0.0,0.0,0.0,0.0,0.015789224479814973,0.015024505117699266,0.016687903524157513,0.016814735799828704,0.9927890651271839,0.9922790237529299,0.9933225237891692,0.9934237596234229,1.0221239542837803,0.9425599898788695,1.0975890584387706,1.1236019724348525,1.0107613603228807,0.8993850916405115,1.1030550212145347,1.2006533493832923,1.0350846399447695,0.8450069256152586,1.244113306948527,1.2447655223540421,1.0226566515171436,0.9340658111820013,1.1444425800151974,1.1483790743483289,1.0933328918163923,0.9972775771583556,1.244113306948527,1.2447655223540421,1.00341706663889,1.0605287944300068,1.000434404957318
short_stream,768,ercb_beta_0p0075,softmax,token,0.0075,24,6000.0,6000.0,6000.0,6000.0,32.0,32.0,32.0,32.0,32.0,32.0,32.0,32.0,39.0,39.0,39.0,39.0,39.0,39.0,39.0,39.0,153.84615384615384,153.84615384615384,153.84615384615384,153.84615384615384,36.56854256133167,36.37016811897827,36.817184435165224,36.87438028095573,19.583333333333332,19.0,20.0,20.0,176.16666666666666,174.0,178.85,180.0,0.946521708537683,0.9458320504941654,0.9470702860024883,0.9471632854252882,0.949820056590279,0.949820056590279,0.949820056590279,0.949820056590279,0.0032983480525960174,0.0027497705877906676,0.003988006096113583,0.004147226921244029,4.281125242033479,3.797386527364876,4.767821438589768,5.04848288965898,0.027827314073217615,0.024683012427871697,0.03099083935083349,0.032815138782783373,1.0017990176035239,0.9809436747672043,1.031598056078406,1.036,0.0,0.0,0.0,0.0,0.0,0.0,0.0,0.0,0.0,0.0,-0.0,-0.0,0.0,0.0,0.0,0.0,1.0,1.0,1.0,1.0,0.2014012566940555,0.2014012566940555,0.2014012566940555,0.2014012566940555,0.0,0.0,0.0,0.0,0.9963083498849356,0.9955962113115381,0.9969109418431419,0.9969212314834024,0.0036916501150644765,0.0030890581568580548,0.004403788688461943,0.0044505643619378536,0.0,0.0,0.0,0.0,0.015902860509295406,0.015347509228288096,0.01659810192972921,0.016653374551273113,0.992819929029554,0.9923436075733479,0.9934232995216629,0.9935853411733341,1.0219666403932839,0.9581950605479415,1.0810496999431174,1.1195964623870864,1.014726882726943,0.9043090909046376,1.153599199006468,1.2882267126048381,1.011482544479903,0.8568307165635498,1.304402167507137,1.3391780039792296,1.0160586892000432,0.9248966528627994,1.1517127480150688,1.2019459169511568,1.0787103628321448,0.9849647270829741,1.304402167507137,1.3391780039792296,1.0106387216043708,1.054821835701544,1.0004655065385972
short_stream,768,ercb_beta_0p01,softmax,token,0.01,24,6000.0,6000.0,6000.0,6000.0,32.0,32.0,32.0,32.0,32.0,32.0,32.0,32.0,39.0,39.0,39.0,39.0,39.0,39.0,39.0,39.0,153.84615384615384,153.84615384615384,153.84615384615384,153.84615384615384,36.148709052548064,35.88152643534081,36.41117625909548,36.4139579194702,19.875,19.0,20.0,20.0,175.25,173.0,178.0,179.0,0.9476784064709638,0.9469571950086634,0.9484100954628828,0.948603852754548,0.949820056590279,0.949820056590279,0.949820056590279,0.949820056590279,0.0021416501193153394,0.0014099611273962365,0.0028628615816156497,0.0028705361018424025,4.017171048838436,3.466610906638657,4.6305675181278545,4.706787243316417,0.026111611817449826,0.02253297089315127,0.030098688867831055,0.030594117081556713,1.003975660566555,0.9701155059897668,1.0223361830310864,1.0298804780876494,0.0,0.0,0.0,0.0,0.0,0.0,0.0,0.0,0.0,0.0,-0.0,-0.0,0.0,0.0,0.0,0.0,1.0,1.0,1.0,1.0,0.2014012566940555,0.2014012566940555,0.2014012566940555,0.2014012566940555,0.0,0.0,0.0,0.0,0.9937255823722989,0.9928554818133594,0.9946459897529211,0.994833876029644,0.0062744176277009615,0.005354010247078915,0.007144518186640631,0.007347620771198999,0.0,0.0,0.0,0.0,0.01611922125951962,0.015472791685942225,0.016920107933622818,0.017147500172288818,0.9928714148887422,0.9923245621697273,0.9933943516873098,0.9935031582130266,1.0214117584952112,0.960905322509747,1.1082363254246261,1.1267368343919129,1.0485186557218062,0.9016282963298559,1.2211888838986813,1.259894786960962,1.0376783014669784,0.8553477192333215,1.2087723288129233,1.3115643616512545,1.035869571894665,0.9361627424484513,1.1345696089931803,1.1706071269978522,1.10134773964997,0.9859585065541927,1.2545146311155206,1.3115643616512545,1.0243886096753976,1.0752855589376087,1.0005173888837096
short_stream,768,ercb_beta_0p0125,softmax,token,0.0125,24,6000.0,6000.0,6000.0,6000.0,32.0,32.0,32.0,32.0,32.0,32.0,32.0,32.0,39.0,39.0,39.0,39.0,39.0,39.0,39.0,39.0,153.84615384615384,153.84615384615384,153.84615384615384,153.84615384615384,35.93409432845564,35.770626899201154,36.06965363442188,36.16170127432135,19.916666666666668,19.15,20.0,20.0,175.125,173.0,177.0,177.0,0.948266351364517,0.9478959676261368,0.9487121704245975,0.9487383993012225,0.949820056590279,0.949820056590279,0.949820056590279,0.949820056590279,0.001553705225762092,0.001107886165681471,0.001924088964142151,0.002176419875153046,3.7014848896140458,3.1617606924093975,4.1848286710412985,4.618802153517006,0.0240596517824913,0.020551444500661084,0.02720138636176844,0.03002221399786054,0.9956611093188462,0.9731364380300549,1.0325709316628517,1.040160642570281,0.0,0.0,0.0,0.0,0.0,0.0,0.0,0.0,0.0,0.0,-0.0,-0.0,0.0,0.0,0.0,0.0,1.0,1.0,1.0,1.0,0.2014012566940555,0.2014012566940555,0.2014012566940555,0.2014012566940555,0.0,0.0,0.0,0.0,0.990793019245689,0.9900507519241297,0.9917676378644912,0.9927337646054858,0.009206980754311166,0.00823236213550885,0.00994924807587035,0.009976492464349705,0.0,0.0,0.0,0.0,0.016223439607967557,0.015394123652750002,0.017025600136217053,0.01714821490379047,0.9926636026184479,0.992231212027163,0.9931771068071528,0.9932906189648362,1.0024234440913242,0.9138144026020676,1.0633096535117137,1.0719133048759468,1.0976191987169093,0.9969568717138214,1.2227740771144573,1.3786376468025483,1.0901247037464608,0.9038010197738311,1.2744539054946897,1.6148438704940717,1.0633891155182313,0.9802643187815029,1.1575279087982875,1.3392611933657455,1.1499956667918418,1.0335295340531505,1.2744539054946897,1.6148438704940717,1.0310117639426173,1.081989667591945,1.000307976278074
short_stream,768,ercb_beta_0p015,softmax,token,0.015,24,6000.0,6000.0,6000.0,6000.0,32.0,32.0,32.0,32.0,32.0,32.0,32.0,32.0,39.0,39.0,39.0,39.0,39.0,39.0,39.0,39.0,153.84615384615384,153.84615384615384,153.84615384615384,153.84615384615384,35.77627664732625,35.60512565499042,35.90181449430955,35.968318296864204,20.0,20.0,20.0,20.0,174.5,173.0,176.0,178.0,0.9486965392732913,0.9483547510995813,0.9491615927108569,0.94925549100794,0.949820056590279,0.949820056590279,0.949820056590279,0.949820056590279,0.0011235173169876767,0.0006584638794221553,0.001465305490697627,0.0016468860351015469,3.3010951502361934,2.776265298228491,3.816294349772114,3.9353753934255735,0.021457118476535253,0.018045724438485195,0.02480591327351874,0.02557994005726623,1.0008456706876354,0.9750556186689389,1.024353437699367,1.0307377049180328,0.0,0.0,0.0,0.0,0.0,0.0,0.0,0.0,0.0,0.0,-0.0,-0.0,0.0,0.0,0.0,0.0,1.0,1.0,1.0,1.0,0.2014012566940555,0.2014012566940555,0.2014012566940555,0.2014012566940555,0.0,0.0,0.0,0.0,0.9876448336884461,0.9867292865195113,0.9890715755893335,0.9892644056021292,0.012355166311553903,0.010928424410666472,0.013270713480488767,0.013973165500432514,0.0,0.0,0.0,0.0,0.016335205355430236,0.015473875523987473,0.017368378851955392,0.01780528042964887,0.9928691729835214,0.992538701385891,0.9932361288974647,0.9935574437074646,1.0008707364700722,0.9290916815435097,1.0902249132303603,1.122051091584552,1.1367202353591181,0.9817154365819051,1.3615019823114063,1.4059802246838422,1.0857971757669893,0.9634719633923404,1.269205981996724,1.5137631387883277,1.0744627158653932,0.983662817128447,1.1991712579220544,1.3472648183522404,1.1583503334684366,1.0176670714492961,1.3619738378665445,1.5137631387883277,1.0381145610820888,1.1037735122571541,1.0005151297138675
short_stream,768,ercb_beta_0p02,softmax,token,0.02,24,6000.0,6000.0,6000.0,6000.0,32.0,32.0,32.0,32.0,32.0,32.0,32.0,32.0,39.0,39.0,39.0,39.0,39.0,39.0,39.0,39.0,153.84615384615384,153.84615384615384,153.84615384615384,153.84615384615384,35.61555506608158,35.51517216564753,35.710652336096736,35.73588188974591,20.0,20.0,20.0,20.0,173.875,172.15,176.0,176.0,0.9491331925931412,0.9488752274231699,0.9494051636883442,0.9494781114437274,0.949820056590279,0.949820056590279,0.949820056590279,0.949820056590279,0.0006868639971377155,0.0004148929019348768,0.0009448291671091235,0.0010133944494201685,2.965607363805669,2.2421881967738,3.5201921098848787,3.6232865092627065,0.019276447864736854,0.0145742232790297,0.022881248714251713,0.02355136231020759,1.0015792598795572,0.9693957115009746,1.0221823020625416,1.0344129554655872,0.0,0.0,0.0,0.0,0.0,0.0,0.0,0.0,0.0,0.0,-0.0,-0.0,0.0,0.0,0.0,0.0,1.0,1.0,1.0,1.0,0.2014012566940555,0.2014012566940555,0.2014012566940555,0.2014012566940555,0.0,0.0,0.0,0.0,0.9805289435514787,0.9793233606934195,0.9818608832727556,0.9828068694115454,0.019471056448521425,0.018139116727244473,0.020676639306580456,0.02097143042657303,0.0,0.0,0.0,0.0,0.016347907383266993,0.015434917805196487,0.017157313129783087,0.017271368326600683,0.9927386062972262,0.9923570632138442,0.9933984571617152,0.9936185802141363,1.0350956248864385,0.9803842978084947,1.0945419835254002,1.1119835562782134,1.1707556798693215,0.9881122960466954,1.2901695761938974,1.3637836978736149,1.1092249213701653,0.9011667274324516,1.3876105817796645,1.474124358099152,1.1050254087086417,0.9608460070901866,1.2414369278037058,1.2694693589547155,1.1963153954208294,1.0024225876144421,1.3876105817796645,1.474124358099152,1.0389217844848986,1.0903601271931251,1.000383557550455
short_stream,768,ercb_beta_inf,least_count,token,inf,24,6000.0,6000.0,6000.0,6000.0,32.0,32.0,32.0,32.0,32.0,32.0,32.0,32.0,39.0,39.0,39.0,39.0,39.0,39.0,39.0,39.0,153.84615384615384,153.84615384615384,153.84615384615384,153.84615384615384,35.361530931543186,35.361530931543186,35.361530931543186,35.361530931543186,20.0,20.0,20.0,20.0,168.0,168.0,168.0,168.0,0.949820056590279,0.949820056590279,0.949820056590279,0.949820056590279,0.949820056590279,0.949820056590279,0.949820056590279,0.949820056590279,0.0,0.0,0.0,0.0,0.0,0.0,0.0,0.0,0.0,0.0,0.0,0.0,1.0003328323511864,0.9980079681274899,1.001996007984032,1.00398406374502,0.0,0.0,0.0,0.0,0.0,0.0,0.0,0.0,0.0,0.0,-0.0,-0.0,0.0,0.0,0.0,0.0,1.0,1.0,1.0,1.0,0.2014012566940555,0.2014012566940555,0.2014012566940555,0.2014012566940555,0.0,0.0,0.0,0.0,0.7298025946455248,0.7298025946455249,0.7298025946455249,0.7298025946455249,0.2701974053544752,0.2701974053544752,0.2701974053544752,0.2701974053544752,0.0,0.0,0.0,0.0,0.01684800777961325,0.016091927642191826,0.017383075976987915,0.01755012321733779,0.992451123049273,0.9918072290847129,0.9930380839061854,0.9930535882149005,1.0112048710119108,0.9344502146395985,1.1022495085530901,1.1852090766906267,1.3292637038043331,1.1916408957694375,1.48941862588285,1.538568706517368,1.2737847355815781,1.00749002759338,1.6369152312032749,1.7239019697267972,1.2047511034659406,1.0777974554260812,1.3519356272840033,1.3935555936384476,1.3747994047855514,1.1916408957694375,1.6369152312032749,1.7239019697267972,1.0707035400339584,1.1047075255842187,1.0000938604312946
short_stream,896,ercb_beta_0,softmax,token,0.0,24,6000.0,6000.0,6000.0,6000.0,32.0,32.0,32.0,32.0,32.0,32.0,32.0,32.0,38.0,38.0,38.0,38.0,38.0,38.0,38.0,38.0,157.89473684210526,157.89473684210526,157.89473684210526,157.89473684210526,38.372924163819135,37.86676014789084,39.12882470202191,39.487366049944725,16.416666666666668,11.3,18.849999999999998,19.0,180.25,178.0,183.85,185.0,0.9442264866362772,0.9421400747781818,0.9456130797050526,0.9461119843374315,0.9531444765807106,0.9531444765807107,0.9531444765807107,0.9531444765807107,0.008917989944433385,0.007531396875658053,0.01100440180252881,0.012006389663471229,5.938339314753233,5.420719373089409,6.4679369519777445,7.159829459891963,0.03760948232677048,0.03433122269623293,0.04096360069585905,0.04534558657931577,0.9990472991395546,0.9721538412523099,1.0250283331066685,1.035225048923679,0.0,0.0,0.0,0.0,0.0,0.0,0.0,0.0,0.0,0.0,-0.0,-0.0,0.0,0.0,0.0,0.0,1.0,1.0,1.0,1.0,0.450511043654336,0.450511043654336,0.450511043654336,0.450511043654336,0.0,0.0,0.0,0.0,1.0,1.0,1.0,1.0,0.0,0.0,0.0,0.0,0.0,0.0,0.0,0.0,0.014402747689098577,0.013687730460842396,0.015183996079779417,0.015207931251854122,0.9930108551342745,0.992526565732162,0.9934526571989041,0.9935756667064138,0.9869697527470859,0.9266135828510783,1.0539745561790768,1.0594109282051507,0.9942121716114757,0.8713328755851546,1.1469011467589134,1.217052762915765,0.9899221811052948,0.8518017732581341,1.2643714856309771,1.2677633219723927,0.9903680351546189,0.9105411114760027,1.1144822672756993,1.1355779884812043,1.0657082878142592,0.9569619529256912,1.2643714856309771,1.2677633219723927,1.0,1.0542430102606162,1.0
short_stream,896,ercb_beta_0p001,softmax,token,0.001,24,6000.0,6000.0,6000.0,6000.0,32.0,32.0,32.0,32.0,32.0,32.0,32.0,32.0,38.0,38.0,38.0,38.0,38.0,38.0,38.0,38.0,157.89473684210526,157.89473684210526,157.89473684210526,157.89473684210526,37.82102169903225,37.22610508693771,38.34375180150409,38.449412748704255,17.333333333333332,16.0,19.849999999999998,20.0,179.70833333333334,177.15,181.85,183.0,0.9457338091325719,0.9443110322530228,0.9473415623641964,0.947965639405457,0.9531444765807106,0.9531444765807107,0.9531444765807107,0.9531444765807107,0.007410667448138601,0.005802914216514276,0.008833444327687833,0.0091235537205413,5.475665306568561,4.781441387019295,6.254998080454621,6.541366346888892,0.034679213608267555,0.030282462117788865,0.03961498784287927,0.04142865353029632,0.9998737832300807,0.9794330238726789,1.0251606119208454,1.025440313111546,0.0,0.0,0.0,0.0,0.0,0.0,0.0,0.0,0.0,0.0,-0.0,-0.0,0.0,0.0,0.0,0.0,1.0,1.0,1.0,1.0,0.450511043654336,0.450511043654336,0.450511043654336,0.450511043654336,0.0,0.0,0.0,0.0,0.9999263289719117,0.9998044709313293,1.000039524713946,1.0000825473996697,7.367102808846078e-05,-3.952471394589546e-05,0.00019552906867073433,0.000296252997838449,0.0,0.0,0.0,0.0,0.01447390494058865,0.014092759029039307,0.014779074756970717,0.014986827359445173,0.9930143239882206,0.992487175669536,0.9934548708921493,0.9936800611392337,1.0044961823973504,0.9435680831743118,1.0863987684870753,1.0895790012830635,0.9866626126369523,0.884678089170703,1.129417812781722,1.1699706673934993,0.9780235359849038,0.835426436591362,1.1960731503171464,1.2580873667888672,0.9897274436730689,0.9209475123576502,1.1196929609860466,1.1368664403265725,1.0477983496403989,0.9660579672713574,1.197339464890591,1.2580873667888672,1.0049405330861925,1.0261288384685778,1.0000034932689086
short_stream,896,ercb_beta_0p002,softmax,token,0.002,24,6000.0,6000.0,6000.0,6000.0,32.0,32.0,32.0,32.0,32.0,32.0,32.0,32.0,38.0,38.0,38.0,38.0,38.0,38.0,38.0,38.0,157.89473684210526,157.89473684210526,157.89473684210526,157.89473684210526,37.42120199753228,37.091576059136386,37.73129424180995,37.827022834340205,17.958333333333332,16.0,19.849999999999998,20.0,179.25,178.0,181.0,181.0,0.9468165259532512,0.9459804902036655,0.9477017373641872,0.9479125228407421,0.9531444765807106,0.9531444765807107,0.9531444765807107,0.9531444765807107,0.0063279506274594305,0.005442739216523512,0.007163986377045217,0.0074235014667276555,4.9664240170723195,4.353763717092161,5.625095607906221,5.739979827582379,0.03145401877479136,0.027573836874917018,0.0356256055167394,0.0363532055746884,0.9999004067438456,0.9810626753285102,1.0257731101960634,1.0292397660818713,0.0,0.0,0.0,0.0,0.0,0.0,0.0,0.0,0.0,0.0,-0.0,-0.0,0.0,0.0,0.0,0.0,1.0,1.0,1.0,1.0,0.450511043654336,0.450511043654336,0.450511043654336,0.450511043654336,0.0,0.0,0.0,0.0,0.9997475914331074,0.9995411806443169,0.9999697246672519,1.000049043846283,0.00025240856689264527,3.027533274810231e-05,0.00045881935568312923,0.00048497106886082286,0.0,0.0,0.0,0.0,0.014464698223882003,0.013928182405462647,0.015082705764490448,0.015198443502969922,0.9930878111314477,0.9926536112287326,0.9936199311941902,0.9937252546761889,0.9930697298150625,0.8996212452479156,1.1096373771899892,1.1208411484014211,1.0269830637146562,0.8904020665262745,1.2563640657030481,1.38728439446841,1.0190943846977947,0.8551865991928018,1.2486750670954503,1.3525992784278966,1.0130490594091712,0.9054050083770571,1.1502941268742517,1.2264202125102521,1.0726224113804224,0.9540190235330346,1.2666769387293513,1.38728439446841,1.0043012997325722,1.0472103025109945,1.0000774976394018
short_stream,896,ercb_beta_0p003,softmax,token,0.003,24,6000.0,6000.0,6000.0,6000.0,32.0,32.0,32.0,32.0,32.0,32.0,32.0,32.0,38.0,38.0,38.0,38.0,38.0,38.0,38.0,38.0,157.89473684210526,157.89473684210526,157.89473684210526,157.89473684210526,36.9726933450518,36.55329452078587,37.36968037422555,37.66457883230554,18.833333333333332,17.0,20.0,20.0,179.33333333333334,178.0,181.85,182.0,0.9480171392380884,0.9469563145949348,0.9491320094308078,0.9492251053587132,0.9531444765807106,0.9531444765807107,0.9531444765807107,0.9531444765807107,0.005127337342622283,0.004012467149902899,0.006188161985775902,0.006983357116515432,4.7061621703948875,3.9210444845773615,5.6500136868613,5.91162992930483,0.029805693745834288,0.02483328173565662,0.035783420016788234,0.03744032288559726,1.003968190714261,0.9809427151275245,1.030085004892368,1.040160642570281,0.0,0.0,0.0,0.0,0.0,0.0,0.0,0.0,0.0,0.0,-0.0,-0.0,0.0,0.0,0.0,0.0,1.0,1.0,1.0,1.0,0.450511043654336,0.450511043654336,0.450511043654336,0.450511043654336,0.0,0.0,0.0,0.0,0.9993342390867305,0.9989948744707213,0.9997302684079589,0.9999707765658492,0.000665760913269586,0.00026973159204110223,0.0010051255292787102,0.0010459231163019733,0.0,0.0,0.0,0.0,0.01444051406753503,0.013288950421234043,0.015075747538964013,0.015476456926237645,0.9932277499327756,0.9925754599740557,0.993645689022547,0.9936870257347054,1.006093249156797,0.9463669807681293,1.0641041628285537,1.0696575946526274,0.9922731715014329,0.7960384998797833,1.2097718464387168,1.2340020042704118,1.010513291412251,0.8320967576372551,1.264668608952053,1.4167657708274524,1.0029599040234938,0.8657469764818856,1.1451684030013995,1.2235655661646636,1.0676592683560393,0.9878581113112777,1.264668608952053,1.4167657708274524,1.0026221648293567,1.0467271845895647,1.000218421377148
short_stream,896,ercb_beta_0p004,softmax,token,0.004,24,6000.0,6000.0,6000.0,6000.0,32.0,32.0,32.0,32.0,32.0,32.0,32.0,32.0,38.0,38.0,38.0,38.0,38.0,38.0,38.0,38.0,157.89473684210526,157.89473684210526,157.89473684210526,157.89473684210526,36.60980781376193,36.20755091129195,36.963264041081764,37.08226237469182,19.041666666666668,18.0,20.0,20.0,178.16666666666666,176.15,180.0,181.0,0.94898100260156,0.9480441174767387,0.9500418545702065,0.9505737557570443,0.9531444765807106,0.9531444765807107,0.9531444765807107,0.9531444765807107,0.0041634739791507015,0.003102622010504097,0.005100359103972051,0.0054178148499448575,4.2349257575550086,3.354461761533606,4.924105662848061,5.165676192553671,0.026821196464515057,0.021244924489712838,0.03118600253137105,0.03271594921950659,0.9964480657481446,0.9714529220779221,1.0167821782178217,1.0316205533596838,0.0,0.0,0.0,0.0,0.0,0.0,0.0,0.0,0.0,0.0,-0.0,-0.0,0.0,0.0,0.0,0.0,1.0,1.0,1.0,1.0,0.450511043654336,0.450511043654336,0.450511043654336,0.450511043654336,0.0,0.0,0.0,0.0,0.9988106577958074,0.9984341889236114,0.9992234051209207,0.9992872959726977,0.001189342204192553,0.0007765948790793161,0.001565811076388564,0.0018406799488104885,0.0,0.0,0.0,0.0,0.014522154724732825,0.01363765592599786,0.015070153553854524,0.01524164351814869,0.9932868451426488,0.9928917513114375,0.9937921171219467,0.993889002672095,1.0164707827675474,0.9302896457584064,1.087609659081376,1.194210390699649,1.0296205034545822,0.8736980191651875,1.163592621551778,1.2005874781728265,1.0527730155348882,0.8517735453725623,1.239067690872807,1.4177563835275544,1.0329547672523394,0.9028815836542334,1.1548868469691198,1.2260309437248573,1.099419815746673,0.9795849626157361,1.2392937176669652,1.4177563835275544,1.0082905733136343,1.046338787512129,1.0002779325190125
short_stream,896,ercb_beta_0p005,softmax,token,0.005,24,6000.0,6000.0,6000.0,6000.0,32.0,32.0,32.0,32.0,32.0,32.0,32.0,32.0,38.0,38.0,38.0,38.0,38.0,38.0,38.0,38.0,157.89473684210526,157.89473684210526,157.89473684210526,157.89473684210526,36.42181010032054,36.12681535025031,36.717462077118576,36.980641787778794,18.833333333333332,17.0,20.0,20.0,178.45833333333334,177.0,180.0,180.0,0.949477546325137,0.9486975545162976,0.9502533905407499,0.9503944770676148,0.9531444765807106,0.9531444765807107,0.9531444765807107,0.9531444765807107,0.003666930255573672,0.0028910860399608495,0.0044469220644131,0.005146584928021669,4.030975144175298,3.3690031369560773,4.822013083112651,4.882837828881673,0.025529509246443555,0.02133701986738849,0.030539416193046787,0.030924639582917263,0.9998116674131147,0.9809477756286267,1.0244419306184014,1.035928143712575,0.0,0.0,0.0,0.0,0.0,0.0,0.0,0.0,0.0,0.0,-0.0,-0.0,0.0,0.0,0.0,0.0,1.0,1.0,1.0,1.0,0.450511043654336,0.450511043654336,0.450511043654336,0.450511043654336,0.0,0.0,0.0,0.0,0.9983815643637873,0.9978186875949155,0.998926361950854,0.9991414785641133,0.0016184356362125886,0.0010736380491459352,0.0021813124050845236,0.00220642375788923,0.0,0.0,0.0,0.0,0.014515171180027313,0.013629780127940605,0.015508587004492785,0.015610932728784867,0.9932078797297357,0.99262143696547,0.9935646839240624,0.9936555696374892,1.0226244070398798,0.9618059734537753,1.0939781414569765,1.148626107151191,1.028266631535953,0.8609206070473671,1.1708835750383781,1.2747123211069082,1.0695799251771219,0.8757244573171934,1.3144375835333317,1.354846663813339,1.0401569879176515,0.9080195835904822,1.196139161695369,1.2035358563393412,1.1100503274652598,0.9694652120145398,1.3144375835333317,1.354846663813339,1.0078056974513154,1.0767797464251363,1.0001984113209261
short_stream,896,ercb_beta_0p006,softmax,token,0.006,24,6000.0,6000.0,6000.0,6000.0,32.0,32.0,32.0,32.0,32.0,32.0,32.0,32.0,38.0,38.0,38.0,38.0,38.0,38.0,38.0,38.0,157.89473684210526,157.89473684210526,157.89473684210526,157.89473684210526,36.20570173978859,35.786567030679215,36.594822305751165,36.64465888681116,19.583333333333332,19.0,20.0,20.0,177.83333333333334,176.15,179.0,180.0,0.9500447292485633,0.9490222822231349,0.9511404539604005,0.9511635636716815,0.9531444765807106,0.9531444765807107,0.9531444765807107,0.9531444765807107,0.0030997473321474254,0.002004022620310236,0.0041221943575757425,0.004254035260200961,4.075219125360511,3.3415238408451375,4.728691400775721,4.762794403112084,0.02580972112728323,0.02116298432535254,0.029948378871579567,0.030164364553043197,1.0042423003187315,0.9776670016396044,1.0287790833126242,1.0376237623762374,0.0,0.0,0.0,0.0,0.0,0.0,0.0,0.0,0.0,0.0,-0.0,-0.0,0.0,0.0,0.0,0.0,1.0,1.0,1.0,1.0,0.450511043654336,0.450511043654336,0.450511043654336,0.450511043654336,0.0,0.0,0.0,0.0,0.9978083870238951,0.9971772564750504,0.9987418158369802,0.9987848639940236,0.0021916129761051033,0.0012581841630198048,0.00282274352494962,0.002873427195703861,0.0,0.0,0.0,0.0,0.014430205142006056,0.013689770357592732,0.015203414158115807,0.015334252654102251,0.9932673246144462,0.9926952594468641,0.9938041066493623,0.9938548367034292,1.000819610223206,0.9330262409979149,1.089452126529369,1.0947041804363553,1.0146811365258845,0.8800292599684469,1.242516942790967,1.276717560530381,1.0664308791997335,0.8486466636914274,1.2957488568515578,1.4487997446428733,1.0273105419829414,0.894546319642713,1.1643952551933807,1.2357365326073084,1.1011799167562948,0.9591309833796278,1.3008886562842934,1.4487997446428733,1.0019064037987877,1.05559123066658,1.0002582745987576
short_stream,896,ercb_beta_0p0075,softmax,token,0.0075,24,6000.0,6000.0,6000.0,6000.0,32.0,32.0,32.0,32.0,32.0,32.0,32.0,32.0,38.0,38.0,38.0,38.0,38.0,38.0,38.0,38.0,157.89473684210526,157.89473684210526,157.89473684210526,157.89473684210526,35.909944374222135,35.66199859275581,36.21367128424245,36.34758333650852,19.583333333333332,19.0,20.0,20.0,177.83333333333334,177.0,179.85,180.0,0.9508185569433265,0.9500258408066085,0.9514635218047695,0.9516221721621966,0.9531444765807106,0.9531444765807107,0.9531444765807107,0.9531444765807107,0.0023259196373841737,0.0016809547759412125,0.003118635774102157,0.0034702464974368796,3.517969952134407,2.9715608678034595,4.025952842438772,4.045790534942656,0.022280476363517914,0.018819885496088578,0.025497701335445558,0.02562334005463682,1.0011670792077494,0.9773206115388907,1.0292719617239623,1.031496062992126,0.0,0.0,0.0,0.0,0.0,0.0,0.0,0.0,0.0,0.0,-0.0,-0.0,0.0,0.0,0.0,0.0,1.0,1.0,1.0,1.0,0.450511043654336,0.450511043654336,0.450511043654336,0.450511043654336,0.0,0.0,0.0,0.0,0.9965835300239151,0.9958778313782423,0.9975538109984986,0.9977536901694244,0.0034164699760850805,0.0024461890015013863,0.004122168621757728,0.004479894512381596,0.0,0.0,0.0,0.0,0.014679403778148555,0.014082073730093906,0.015569338261480837,0.015646097721785462,0.993217387704532,0.9923788674368643,0.993683891666743,0.9937231273141768,1.0019642038572962,0.9332141363571193,1.093679469023814,1.097389795140573,1.0715001057857392,0.9239418692623051,1.3374384604384908,1.4076910289348137,1.0792019224857317,0.84588686449846,1.40040685133888,1.5038673185689366,1.0508887440429224,0.9195209310060567,1.2456731117225572,1.2809498589316293,1.1245551580252469,0.9481513222722017,1.4070137972003687,1.5038673185689366,1.019208563186827,1.0809977788658516,1.0002079862160516
short_stream,896,ercb_beta_0p01,softmax,token,0.01,24,6000.0,6000.0,6000.0,6000.0,32.0,32.0,32.0,32.0,32.0,32.0,32.0,32.0,38.0,38.0,38.0,38.0,38.0,38.0,38.0,38.0,157.89473684210526,157.89473684210526,157.89473684210526,157.89473684210526,35.64465001814727,35.45841787965144,35.85771546553967,35.90982087754078,19.708333333333332,19.0,20.0,20.0,177.45833333333334,176.0,179.85,180.0,0.9515079242451044,0.9509555203949681,0.9519895691489914,0.9520142505955378,0.9531444765807106,0.9531444765807107,0.9531444765807107,0.9531444765807107,0.0016365523356060608,0.0011549074317192764,0.00218895618574258,0.002324579300953533,3.278712093780374,2.8654015976455156,3.780059212207758,3.9868203925064476,0.02076517659394237,0.018147543451754934,0.023940375010649138,0.02524986248587417,1.000452187598176,0.9756970049564797,1.0187501918590374,1.0393700787401574,0.0,0.0,0.0,0.0,0.0,0.0,0.0,0.0,0.0,0.0,-0.0,-0.0,0.0,0.0,0.0,0.0,1.0,1.0,1.0,1.0,0.450511043654336,0.450511043654336,0.450511043654336,0.450511043654336,0.0,0.0,0.0,0.0,0.9941485399668079,0.9928281102978668,0.9949480738980586,0.9950861945284318,0.005851460033192029,0.0050519261019413035,0.007171889702133174,0.007517417010614064,0.0,0.0,0.0,0.0,0.014543128144986603,0.013952825893190642,0.015226444557304654,0.015478239131755583,0.9933130152383601,0.9929036391169722,0.9937053100230905,0.9939459980379822,1.0081021270625605,0.9340474572102787,1.0792919256758873,1.1042446555904046,1.0268347404841063,0.9058396744051378,1.2023811191278249,1.2508064570700697,1.012355095274166,0.8679014843639907,1.287087579870781,1.4494318885255442,1.0157639876069442,0.9037671696338777,1.1599777818644799,1.2514232433837327,1.0792868377554696,0.9597212285441196,1.2896337161469713,1.4494318885255442,1.0097467829693552,1.0571902588302322,1.0003042868086722
short_stream,896,ercb_beta_0p0125,softmax,token,0.0125,24,6000.0,6000.0,6000.0,6000.0,32.0,32.0,32.0,32.0,32.0,32.0,32.0,32.0,38.0,38.0,38.0,38.0,38.0,38.0,38.0,38.0,157.89473684210526,157.89473684210526,157.89473684210526,157.89473684210526,35.46248741023593,35.28518288384935,35.681440116396594,35.81663056361874,19.958333333333332,20.0,20.0,20.0,177.41666666666666,175.15,179.0,179.0,0.9519785115896097,0.9514131643063556,0.9524352818646094,0.9526154268235758,0.9531444765807106,0.9531444765807107,0.9531444765807107,0.9531444765807107,0.0011659649911009335,0.0007091947161012635,0.0017313122743550788,0.0020821293715186373,3.12177687924648,2.6317511200192736,3.677448912548392,3.8457084762382245,0.01977125356856104,0.016667757093455398,0.02329050977947315,0.02435615368284209,1.0051145161025243,0.981884898936922,1.027309659001788,1.048582995951417,0.0,0.0,0.0,0.0,0.0,0.0,0.0,0.0,0.0,0.0,-0.0,-0.0,0.0,0.0,0.0,0.0,1.0,1.0,1.0,1.0,0.450511043654336,0.450511043654336,0.450511043654336,0.450511043654336,0.0,0.0,0.0,0.0,0.9915440665781645,0.9899974007433945,0.9929860191429554,0.9931864403095649,0.008455933421835494,0.007013980857044588,0.010002599256605507,0.010039345598352727,0.0,0.0,0.0,0.0,0.01464318865227821,0.014064986611895841,0.015346825277909149,0.01578036793771164,0.9933773953124218,0.9928061210724157,0.9939679764594462,0.9940024890623973,0.9917582106630345,0.9344061515782047,1.0686260014754532,1.0874665475270584,1.0342975493837725,0.8498106210720456,1.3073543022999872,1.4369490421843314,1.0300964749407095,0.8249658197126901,1.3447438542118355,1.4093585965562612,1.0187174116625055,0.8837762999521198,1.2154077750573415,1.2693719724693835,1.078514796015124,0.9703196210963864,1.3451144404543134,1.4369490421843314,1.0166941036786767,1.0655484362560306,1.0003691200113796
short_stream,896,ercb_beta_0p015,softmax,token,0.015,24,6000.0,6000.0,6000.0,6000.0,32.0,32.0,32.0,32.0,32.0,32.0,32.0,32.0,38.0,38.0,38.0,38.0,38.0,38.0,38.0,38.0,157.89473684210526,157.89473684210526,157.89473684210526,157.89473684210526,35.33999979646847,35.24458846874594,35.474480825709925,35.50002926142917,20.0,20.0,20.0,20.0,177.45833333333334,175.0,180.7,183.0,0.9522942795584178,0.9519481493062004,0.9525394721441618,0.9525560412532971,0.9531444765807106,0.9531444765807107,0.9531444765807107,0.9531444765807107,0.0008501970222927943,0.0006050044365489005,0.0011963272745102393,0.0012622299143874027,2.890596228398634,2.3558137068294775,3.5963601754796652,3.8661826678330438,0.018307109446524684,0.014920153476586692,0.02277694777803788,0.02448582356294261,0.997569777559094,0.9787357028655761,1.0274346405228758,1.0399201596806387,0.0,0.0,0.0,0.0,0.0,0.0,0.0,0.0,0.0,0.0,-0.0,-0.0,0.0,0.0,0.0,0.0,1.0,1.0,1.0,1.0,0.450511043654336,0.450511043654336,0.450511043654336,0.450511043654336,0.0,0.0,0.0,0.0,0.9885275093397993,0.9873223546533949,0.9896776231075484,0.9902090143765843,0.011472490660200679,0.010322376892451572,0.012677645346605045,0.013071073425121071,0.0,0.0,0.0,0.0,0.014783479506268451,0.014220198331540281,0.015362303937362333,0.01545256745025885,0.9934682600583683,0.9930086713792845,0.9940626868337051,0.9941160145366833,1.021080976818868,0.9390494570662797,1.1146257547735088,1.1458308825565857,1.0413651385976308,0.9381655236126832,1.1771270126989462,1.1784158650806345,1.0354329722577875,0.8925866659879691,1.241907534065924,1.2876159111541556,1.0326263625580954,0.9543374102575792,1.1370394321032204,1.145933699332401,1.0884489446156158,0.9865417760632496,1.2419320618874716,1.2876159111541556,1.0264346654810907,1.0666231380967703,1.0004606242940133
short_stream,896,ercb_beta_0p02,softmax,token,0.02,24,6000.0,6000.0,6000.0,6000.0,32.0,32.0,32.0,32.0,32.0,32.0,32.0,32.0,38.0,38.0,38.0,38.0,38.0,38.0,38.0,38.0,157.89473684210526,157.89473684210526,157.89473684210526,157.89473684210526,35.237077167527296,35.137428186318175,35.32707284496469,35.36188066093369,20.0,20.0,20.0,20.0,176.95833333333334,175.0,179.0,180.0,0.9525586227937085,0.9523276673927853,0.9528140395438404,0.9529009640499053,0.9531444765807106,0.9531444765807107,0.9531444765807107,0.9531444765807107,0.000585853787002146,0.00033043703687034575,0.0008168091879253214,0.0009063095418423428,2.665452584212222,2.134851206412303,3.1430735726350782,3.228165521093822,0.01688119970001074,0.013520724307277918,0.01990613262668883,0.020445048300260872,1.0025202475476271,0.9779027721976697,1.0315020590741266,1.0333988212180747,0.0,0.0,0.0,0.0,0.0,0.0,0.0,0.0,0.0,0.0,-0.0,-0.0,0.0,0.0,0.0,0.0,1.0,1.0,1.0,1.0,0.450511043654336,0.450511043654336,0.450511043654336,0.450511043654336,0.0,0.0,0.0,0.0,0.9824166419004169,0.9817350940938799,0.9833729064168897,0.9839794863657306,0.017583358099583068,0.01662709358311025,0.018264905906120097,0.01917400048946504,0.0,0.0,0.0,0.0,0.01493529015739163,0.014146382672679196,0.01584708684036608,0.01589435317392705,0.9932764216496838,0.9928545736474542,0.9937461723189775,0.9939591920522662,1.0054623066645731,0.9254938223503468,1.1174511775159068,1.1302941780495217,1.1157855852652538,0.8963334226917603,1.3697730214729393,1.4357251404793405,1.1168423219273647,0.8702711961124945,1.4209959994934322,1.7580726921247454,1.0793634046190639,0.9349238704254409,1.2484992217114466,1.3802727004884778,1.1711845619728598,0.9582041909346085,1.4398897341149233,1.7580726921247454,1.0369750605779293,1.1002821949287303,1.0002674356619932
short_stream,896,ercb_beta_inf,least_count,token,inf,24,6000.0,6000.0,6000.0,6000.0,32.0,32.0,32.0,32.0,32.0,32.0,32.0,32.0,38.0,38.0,38.0,38.0,38.0,38.0,38.0,38.0,157.89473684210526,157.89473684210526,157.89473684210526,157.89473684210526,35.00811144629215,35.00811144629215,35.00811144629215,35.00811144629215,20.0,20.0,20.0,20.0,171.0,171.0,171.0,171.0,0.9531444765807106,0.9531444765807107,0.9531444765807107,0.9531444765807107,0.9531444765807106,0.9531444765807107,0.9531444765807107,0.9531444765807107,0.0,0.0,0.0,0.0,0.0,0.0,0.0,0.0,0.0,0.0,0.0,0.0,1.0012243685324564,0.9963867187500001,1.0039204174820613,1.0058823529411764,0.0,0.0,0.0,0.0,0.0,0.0,0.0,0.0,0.0,0.0,-0.0,-0.0,0.0,0.0,0.0,0.0,1.0,1.0,1.0,1.0,0.450511043654336,0.450511043654336,0.450511043654336,0.450511043654336,0.0,0.0,0.0,0.0,0.7509223634182073,0.7509223634182074,0.7509223634182074,0.7509223634182074,0.2490776365817926,0.2490776365817926,0.2490776365817926,0.2490776365817926,0.0,0.0,0.0,0.0,0.015080997017581215,0.014673256732358968,0.015731262184564863,0.016107598537318333,0.9932902531904623,0.9929827887064164,0.9935862074280538,0.9937013456838818,1.005028978723747,0.9276956963929062,1.079216447993537,1.1095034336140497,1.2091909935247613,1.0759616745149743,1.4480278160512283,1.5281959881627802,1.218101822814215,0.9412660707287634,1.5318677778182146,1.6231044868964486,1.1441072650209076,0.9987557711676368,1.3053843824450335,1.3869112215824686,1.2663738309521761,1.0759616745149743,1.5333589908195715,1.6231044868964486,1.047091662169157,1.0922403505319918,1.0002813645538144
short_stream,1024,ercb_beta_0,softmax,token,0.0,24,6000.0,6000.0,6000.0,6000.0,32.0,32.0,32.0,32.0,32.0,32.0,32.0,32.0,37.0,37.0,37.0,37.0,37.0,37.0,37.0,37.0,162.16216216216216,162.16216216216216,162.16216216216216,162.16216216216216,35.32896997038086,34.70646086007213,36.13292547676906,36.1898249949194,23.583333333333332,21.15,27.0,27.0,181.29166666666666,180.0,183.0,183.0,0.9546808901476806,0.9526993453884249,0.9562003589821935,0.9570759415832748,0.9617436540680742,0.9617436540680742,0.9617436540680742,0.9617436540680742,0.007062763920393382,0.005543295085880739,0.009044308679649235,0.009185898903782297,5.12739329852077,4.446364026917773,5.5934153290039985,6.371388749291209,0.03161892534087809,0.027419244832659603,0.034492727862191326,0.03929023062062912,0.9984887789639111,0.9812688756110809,1.0150538469503987,1.0193050193050193,0.0,0.0,0.0,0.0,0.0,0.0,0.0,0.0,0.0,0.0,-0.0,-0.0,0.0,0.0,0.0,0.0,1.0,1.0,1.0,1.0,0.43448037992898164,0.4344803799289817,0.4344803799289817,0.4344803799289817,0.0,0.0,0.0,0.0,1.0,1.0,1.0,1.0,0.0,0.0,0.0,0.0,0.0,0.0,0.0,0.0,0.013423431142387704,0.012851110993738618,0.014147782447341474,0.014356201285358338,0.9935413350819261,0.9930285123090301,0.9940374397287716,0.9940686154697506,1.0052191429034976,0.9374547751853086,1.062522495478135,1.0698090265855722,1.048864639896644,0.8842464657572531,1.332895397989835,1.3669797173334504,1.0342489657616527,0.8261142163789943,1.3908758742827394,1.4228383587021263,1.029444249520598,0.9024545609688329,1.2577393515139041,1.2810724708152215,1.0981420152064947,0.9651563499547987,1.3908758742827394,1.4228383587021263,1.0,1.053961710480002,1.0
short_stream,1024,ercb_beta_0p001,softmax,token,0.001,24,6000.0,6000.0,6000.0,6000.0,32.0,32.0,32.0,32.0,32.0,32.0,32.0,32.0,37.0,37.0,37.0,37.0,37.0,37.0,37.0,37.0,162.16216216216216,162.16216216216216,162.16216216216216,162.16216216216216,34.78852343719637,34.3869188779636,35.11901925031218,35.426752384522125,24.25,21.0,27.0,28.0,181.16666666666666,179.15,183.85,185.0,0.9560000418156371,0.9551997692611579,0.9569686296113528,0.9569742770099211,0.9617436540680742,0.9617436540680742,0.9617436540680742,0.9617436540680742,0.005743612252436974,0.0047750244567213995,0.006543884806916227,0.0072965003487924784,4.604153362124523,4.124009395219981,5.159580338186477,5.245332545560244,0.02839227906643456,0.025431391270523216,0.031817412085483276,0.03234621736428817,0.9994391115929014,0.968330223880597,1.0232490666186858,1.0251937984496124,0.0,0.0,0.0,0.0,0.0,0.0,0.0,0.0,0.0,0.0,-0.0,-0.0,0.0,0.0,0.0,0.0,1.0,1.0,1.0,1.0,0.43448037992898164,0.4344803799289817,0.4344803799289817,0.4344803799289817,0.0,0.0,0.0,0.0,0.9999309841680212,0.9997961855849615,1.0001170599512972,1.0001743001091064,6.901583197889477e-05,-0.00011705995129705856,0.00020381441503842116,0.00025283776076449996,0.0,0.0,0.0,0.0,0.013221159343372044,0.012643405188939404,0.013691895649304568,0.014046885417348495,0.9936969380181938,0.9931107332999802,0.9941985822980828,0.9942400241538046,0.9900811081829861,0.904529288385231,1.0957201952132531,1.1260982366483394,0.9745750833058238,0.8482100993295144,1.1075177353194996,1.149405425170597,0.9936579250118193,0.8166799433247677,1.1426057714301758,1.4067207734619054,0.9861047055002098,0.8924096181957165,1.1285906690244343,1.160655863742307,1.0582810567877836,0.991405176053381,1.1471768652113847,1.4067207734619054,0.9849314384027391,1.019999693377137,1.000156614456564
short_stream,1024,ercb_beta_0p002,softmax,token,0.002,24,6000.0,6000.0,6000.0,6000.0,32.0,32.0,32.0,32.0,32.0,32.0,32.0,32.0,37.0,37.0,37.0,37.0,37.0,37.0,37.0,37.0,162.16216216216216,162.16216216216216,162.16216216216216,162.16216216216216,34.466745037706104,33.95952330164277,35.31819021503814,35.44810711487649,25.291666666666668,23.15,27.0,28.0,181.75,180.0,184.0,184.0,0.9567730076650198,0.9547128507740015,0.957986991794191,0.9584259833969737,0.9617436540680742,0.9617436540680742,0.9617436540680742,0.9617436540680742,0.0049706464030544,0.0037566622738831766,0.00703080329407265,0.007348928816841682,4.468895669733382,3.90633269274502,5.120692648464386,6.111575193953794,0.02755818996335586,0.024089051605260956,0.03157760466553038,0.03768804702938173,1.0042285223625853,0.977456281152319,1.0303862415637406,1.0331384015594542,0.0,0.0,0.0,0.0,0.0,0.0,0.0,0.0,0.0,0.0,-0.0,-0.0,0.0,0.0,0.0,0.0,1.0,1.0,1.0,1.0,0.43448037992898164,0.4344803799289817,0.4344803799289817,0.4344803799289817,0.0,0.0,0.0,0.0,0.9998043164752218,0.9995915919870857,1.0000530867256219,1.0002813471315473,0.000195683524778139,-5.30867256218481e-05,0.0004084080129143034,0.0004755980847488358,0.0,0.0,0.0,0.0,0.013201326193235946,0.01246690875117094,0.014011151081298585,0.0141322790366517,0.9938313612540149,0.9934213399965447,0.9942667357926519,0.994402301796392,1.0114682002090067,0.9320388431713071,1.1093333986543208,1.1440563264544559,0.9642917149122394,0.8532131750355729,1.0889641248013784,1.1432519367948353,0.9812284676517385,0.8101700762767412,1.1586051417756202,1.200130105024141,0.9856627942576616,0.8929723870788107,1.0912650822395331,1.110713841143065,1.0520890696178833,0.9601575528655992,1.1588208876695085,1.200130105024141,0.9834539361214132,1.043783138057379,1.0002919115308524
short_stream,1024,ercb_beta_0p003,softmax,token,0.003,24,6000.0,6000.0,6000.0,6000.0,32.0,32.0,32.0,32.0,32.0,32.0,32.0,32.0,37.0,37.0,37.0,37.0,37.0,37.0,37.0,37.0,162.16216216216216,162.16216216216216,162.16216216216216,162.16216216216216,34.01318307342964,33.59042835827212,34.393589674961994,34.66871283129947,26.541666666666668,25.0,28.0,28.0,180.45833333333334,179.0,182.0,183.0,0.9578576157088676,0.956952632835241,0.9588579136882239,0.9590135714272775,0.9617436540680742,0.9617436540680742,0.9617436540680742,0.9617436540680742,0.0038860383592064923,0.002885740379850188,0.004791021232833109,0.0054522287188922824,4.006517646163968,3.3583453459151817,4.520804449400009,4.649905549752771,0.02470685881801114,0.02070979629981029,0.027878294104633387,0.028674417556808753,0.9978298372042728,0.9772855917667239,1.0174367999640141,1.0313111545988256,0.0,0.0,0.0,0.0,0.0,0.0,0.0,0.0,0.0,0.0,-0.0,-0.0,0.0,0.0,0.0,0.0,1.0,1.0,1.0,1.0,0.43448037992898164,0.4344803799289817,0.4344803799289817,0.4344803799289817,0.0,0.0,0.0,0.0,0.999412214224341,0.9989764276255859,0.9999056642407441,0.9999241803335008,0.0005877857756588972,9.433575925586263e-05,0.0010235723744140743,0.001164560064394781,0.0,0.0,0.0,0.0,0.013205404517993439,0.012749784150998563,0.013799365416108033,0.01428663705074893,0.9937308380598081,0.9932448225619781,0.9942703807120403,0.9944607284316143,0.9906364509178673,0.9087434628305854,1.0711979401115495,1.0824185932502641,0.9832165455179626,0.8368518880340302,1.1174572264691685,1.5806838057978372,0.9594435357013144,0.7640478660824921,1.1416810108259259,1.872742549938672,0.9777655107123815,0.8776915098356286,1.0686810305663483,1.4598988377381226,1.066045837719756,0.9559611092571545,1.1452564565066512,1.872742549938672,0.9837577574554844,1.0280058257633717,1.0001907348704988
short_stream,1024,ercb_beta_0p004,softmax,token,0.004,24,6000.0,6000.0,6000.0,6000.0,32.0,32.0,32.0,32.0,32.0,32.0,32.0,32.0,37.0,37.0,37.0,37.0,37.0,37.0,37.0,37.0,162.16216216216216,162.16216216216216,162.16216216216216,162.16216216216216,33.721047204951375,33.33402283019114,34.174410182862204,34.403420252277016,27.083333333333332,26.0,28.0,28.0,180.66666666666666,179.0,182.85,184.0,0.9585488486718604,0.9574762340161483,0.9594581592563582,0.9595280657161581,0.9617436540680742,0.9617436540680742,0.9617436540680742,0.9617436540680742,0.0031948053962136077,0.0022854948117159604,0.004267420051925779,0.0048145543804636315,3.886300744380407,3.230595650565029,4.505168973077997,5.029641865709456,0.023965521257012512,0.019922006511817678,0.027781875333980983,0.031016124838541645,1.0017832662224475,0.9759237411605841,1.0208765221265221,1.0350194552529184,0.0,0.0,0.0,0.0,0.0,0.0,0.0,0.0,0.0,0.0,-0.0,-0.0,0.0,0.0,0.0,0.0,1.0,1.0,1.0,1.0,0.43448037992898164,0.4344803799289817,0.4344803799289817,0.4344803799289817,0.0,0.0,0.0,0.0,0.9989737688268301,0.9984597490225107,0.9995357214544971,0.9995597693267511,0.0010262311731699509,0.0004642785455029538,0.0015402509774893759,0.0015656956569387555,0.0,0.0,0.0,0.0,0.01329806120642689,0.012675472398835706,0.014013963002600533,0.014270759238712344,0.9938530969201285,0.9933740892139598,0.9942702841190155,0.9944830925713479,0.996198163043688,0.9323497327905842,1.0450823316575562,1.160369541913456,0.9735623819136568,0.8499692636015826,1.0631655583744128,1.1000645769161193,0.9901678034885218,0.7625220159679588,1.1601923996878893,1.1871004362671276,0.9866427828152888,0.8822074288754999,1.0648673323505797,1.070962699606178,1.053691873916061,0.9640040636379427,1.1689840246162173,1.1871004362671276,0.990660365846037,1.0439926166379387,1.0003137884929334
short_stream,1024,ercb_beta_0p005,softmax,token,0.005,24,6000.0,6000.0,6000.0,6000.0,32.0,32.0,32.0,32.0,32.0,32.0,32.0,32.0,37.0,37.0,37.0,37.0,37.0,37.0,37.0,37.0,162.16216216216216,162.16216216216216,162.16216216216216,162.16216216216216,33.56758564031871,33.25354079102834,33.92444511711952,33.97973443218489,27.458333333333332,26.15,28.0,28.0,180.04166666666666,179.0,181.85,183.0,0.9589100568378307,0.9580700986906083,0.9596458909638986,0.959895358607307,0.9617436540680742,0.9617436540680742,0.9617436540680742,0.9617436540680742,0.002833597230243401,0.002097763104175482,0.003673555377465848,0.003804576971061735,3.676664848994486,2.72628382309742,4.248658219544009,4.2933008783956,0.022672766568799334,0.016812083575767422,0.026200059020521388,0.02647535541677287,1.0002441885884041,0.9773721319311663,1.019015444015444,1.0212765957446808,0.0,0.0,0.0,0.0,0.0,0.0,0.0,0.0,0.0,0.0,-0.0,-0.0,0.0,0.0,0.0,0.0,1.0,1.0,1.0,1.0,0.43448037992898164,0.4344803799289817,0.4344803799289817,0.4344803799289817,0.0,0.0,0.0,0.0,0.9985654779727495,0.9979305818602987,0.9990320197676457,0.9991375579180746,0.0014345220272505299,0.0009679802323542909,0.002069418139701323,0.0021572182590764485,0.0,0.0,0.0,0.0,0.013277038138673964,0.012659203498885312,0.013730028543332771,0.013823873990696288,0.9937408788989547,0.9932383243246085,0.9941457088896994,0.9941758724412411,1.0038529318512828,0.9317921057020148,1.106500522960092,1.1187130296443524,1.0236363744824744,0.865061382080356,1.1291964097581992,1.36359478287434,1.0050970489712283,0.847435730798088,1.2064273667516434,1.2199345440874578,1.0108621184349953,0.9193412400933623,1.1165021071291439,1.1573164132049274,1.0865607867585698,0.9762211290196695,1.2188335705745472,1.36359478287434,0.9890942187462438,1.022840464385958,1.0002008409816308
short_stream,1024,ercb_beta_0p006,softmax,token,0.006,24,6000.0,6000.0,6000.0,6000.0,32.0,32.0,32.0,32.0,32.0,32.0,32.0,32.0,37.0,37.0,37.0,37.0,37.0,37.0,37.0,37.0,162.16216216216216,162.16216216216216,162.16216216216216,162.16216216216216,33.29507417462199,33.03643532685107,33.55963376580948,33.57485667475678,27.5,27.0,28.0,28.0,180.54166666666666,179.0,182.85,184.0,0.9595481926882713,0.9589302093016829,0.9601501679153464,0.9603861520640219,0.9617436540680742,0.9617436540680742,0.9617436540680742,0.9617436540680742,0.0021954613798028885,0.0015934861527278077,0.0028134447663912816,0.002849169911488203,3.4685448326535604,2.918689008978539,4.1784078076838425,4.255362276952235,0.021389359801363625,0.017998582222034324,0.025766848147383694,0.026241400707872117,1.0029713732522663,0.9789452654625069,1.0233744770358044,1.02504816955684,0.0,0.0,0.0,0.0,0.0,0.0,0.0,0.0,0.0,0.0,-0.0,-0.0,0.0,0.0,0.0,0.0,1.0,1.0,1.0,1.0,0.43448037992898164,0.4344803799289817,0.4344803799289817,0.4344803799289817,0.0,0.0,0.0,0.0,0.9977505503966796,0.9972691571613169,0.9984228403398537,0.9990661978112834,0.002249449603320521,0.0015771596601463495,0.0027308428386831358,0.002763589260358724,0.0,0.0,0.0,0.0,0.013289887049895597,0.012737609759405803,0.014176560844108538,0.014310527036639759,0.9940175806837458,0.9935443062043133,0.994484779919817,0.9948528804774613,1.010792011757848,0.9061182876751738,1.113978861254862,1.1535677785878173,0.9937977821907943,0.8306084699095483,1.1718006686511306,1.338747094931909,1.0463773020431517,0.8580018696171834,1.280753863384164,1.6300663772134025,1.0169890319972648,0.8981336104319166,1.1441525296895334,1.3245172657348678,1.0935491546935223,0.9748095441280415,1.280753863384164,1.6300663772134025,0.9900514189646782,1.0561056032345297,1.000479341508001
short_stream,1024,ercb_beta_0p0075,softmax,token,0.0075,24,6000.0,6000.0,6000.0,6000.0,32.0,32.0,32.0,32.0,32.0,32.0,32.0,32.0,37.0,37.0,37.0,37.0,37.0,37.0,37.0,37.0,162.16216216216216,162.16216216216216,162.16216216216216,162.16216216216216,33.030666379162824,32.845060638368864,33.26623929643825,33.422369522734975,27.833333333333332,27.0,28.0,28.0,180.0,177.15,182.85,183.0,0.9601627181521616,0.9596162734096875,0.9605923782151699,0.961186899214801,0.9617436540680742,0.9617436540680742,0.9617436540680742,0.9617436540680742,0.0015809359159126152,0.0011512758529042821,0.002127380658386701,0.002491819339064949,3.2872932438860416,2.654317726830609,3.9604749554987984,4.0,0.020271641670630586,0.016368292648788755,0.02442292889224259,0.024666666666666667,0.9968393323183502,0.9720812109907454,1.02119713949364,1.0291828793774318,0.0,0.0,0.0,0.0,0.0,0.0,0.0,0.0,0.0,0.0,-0.0,-0.0,0.0,0.0,0.0,0.0,1.0,1.0,1.0,1.0,0.43448037992898164,0.4344803799289817,0.4344803799289817,0.4344803799289817,0.0,0.0,0.0,0.0,0.9967294271774483,0.9960805612751547,0.9976189573415525,0.9977253370734113,0.0032705728225516737,0.002381042658447505,0.003919438724845411,0.0041946055132024,0.0,0.0,0.0,0.0,0.013220338305390301,0.012750389030293964,0.013691371021783425,0.014251660957137533,0.9939430372444947,0.9935749991000121,0.9942793178728269,0.9947492212213008,1.024815715893747,0.9608034584225795,1.133213658441694,1.1506019180669373,0.9751490959397627,0.8909860081717005,1.058276443692842,1.1062060862095413,0.9924695920903698,0.8340795607847729,1.1404505324134189,1.1893953742326049,0.9974781346412932,0.9258099867506149,1.0868591945982835,1.1269706847644658,1.0548987058140133,0.987818580962547,1.149284177559632,1.1893953742326049,0.9848702738634322,1.019960610409781,1.0004043134879088
short_stream,1024,ercb_beta_0p01,softmax,token,0.01,24,6000.0,6000.0,6000.0,6000.0,32.0,32.0,32.0,32.0,32.0,32.0,32.0,32.0,37.0,37.0,37.0,37.0,37.0,37.0,37.0,37.0,162.16216216216216,162.16216216216216,162.16216216216216,162.16216216216216,32.85433943864427,32.66741641047718,33.15076601944858,33.248867904737395,27.833333333333332,27.0,28.0,28.0,179.625,178.0,181.85,184.0,0.9605703003995395,0.9598849441265221,0.9610009201371355,0.9610596772142255,0.9617436540680742,0.9617436540680742,0.9617436540680742,0.9617436540680742,0.0011733536685347296,0.0007427339309387049,0.0018587099415520612,0.002086878512707502,3.103288736479081,2.5758084404208264,3.6976848074539963,3.7271828358549692,0.019136947208287663,0.015884152049261763,0.02280238964596631,0.022984294154438978,0.9997304197204163,0.9701103807293792,1.0226367187499998,1.0251937984496124,0.0,0.0,0.0,0.0,0.0,0.0,0.0,0.0,0.0,0.0,-0.0,-0.0,0.0,0.0,0.0,0.0,1.0,1.0,1.0,1.0,0.43448037992898164,0.4344803799289817,0.4344803799289817,0.4344803799289817,0.0,0.0,0.0,0.0,0.994534064801783,0.993639320785891,0.9962061327788234,0.9965237747736703,0.005465935198217004,0.0037938672211765413,0.006360679214108997,0.006514063649282604,0.0,0.0,0.0,0.0,0.013333503785512279,0.012730582202401223,0.014020138891887156,0.014185570923791063,0.9938126220915041,0.9932814373962522,0.994238925664085,0.9943653123730394,1.023927964796288,0.9494696587205997,1.1461909583405125,1.173133740925422,1.0067150544559251,0.8655414225767369,1.1657954246897764,1.2548456296626305,1.0030130795525183,0.8360926224220435,1.2622044289052268,1.3261699674714673,1.011218699601577,0.9146108979925462,1.1723976856718183,1.2007444375979335,1.0875326294265149,0.9664731577317354,1.2622044289052268,1.3261699674714673,0.9933007175347697,1.0444526994007668,1.0002730505515964
short_stream,1024,ercb_beta_0p0125,softmax,token,0.0125,24,6000.0,6000.0,6000.0,6000.0,32.0,32.0,32.0,32.0,32.0,32.0,32.0,32.0,37.0,37.0,37.0,37.0,37.0,37.0,37.0,37.0,162.16216216216216,162.16216216216216,162.16216216216216,162.16216216216216,32.679306152322205,32.55113508777239,32.87639585425995,32.88268542455832,28.0,28.0,28.0,28.0,179.45833333333334,178.0,181.0,183.0,0.9609733522591188,0.9605201182605161,0.9612673323454085,0.9612951593768628,0.9617436540680742,0.9617436540680742,0.9617436540680742,0.9617436540680742,0.0007703018089552649,0.0004763217226656513,0.0012235358075580348,0.001238043914889575,2.756443047708322,2.2092997405781762,3.2797494960372746,3.432751634444849,0.01699806546086799,0.013624015066898754,0.02022512189222986,0.02116863507907657,0.9989091569155354,0.972084684313449,1.0184641271899912,1.0272904483430798,0.0,0.0,0.0,0.0,0.0,0.0,0.0,0.0,0.0,0.0,-0.0,-0.0,0.0,0.0,0.0,0.0,1.0,1.0,1.0,1.0,0.43448037992898164,0.4344803799289817,0.4344803799289817,0.4344803799289817,0.0,0.0,0.0,0.0,0.9920929032984619,0.9910560154337826,0.9930688762174776,0.9932087903240552,0.00790709670153812,0.0069311237825223915,0.008943984566217322,0.009367230557765914,0.0,0.0,0.0,0.0,0.013432997575987595,0.012975835724275553,0.014010662438708478,0.014122175284932453,0.9938970768746724,0.9935055749456227,0.9944044096636843,0.9945847771327185,1.0251482713785085,0.9384372052313489,1.111931067545414,1.172083954723018,1.0391889662055842,0.9074099901763826,1.2719450109848744,1.3311678506403468,1.0461163117007057,0.8537589644269012,1.3352422012359044,1.3717656277799695,1.0368178497615996,0.9379271644062525,1.2036394294248773,1.2125451726049716,1.1146706279447924,0.9829078184228264,1.3352422012359044,1.3717656277799695,1.000712666791256,1.043746735845089,1.0003580543457882
short_stream,1024,ercb_beta_0p015,softmax,token,0.015,24,6000.0,6000.0,6000.0,6000.0,32.0,32.0,32.0,32.0,32.0,32.0,32.0,32.0,37.0,37.0,37.0,37.0,37.0,37.0,37.0,37.0,162.16216216216216,162.16216216216216,162.16216216216216,162.16216216216216,32.62472890790497,32.52260147618885,32.731638866350316,32.79462176861743,28.0,28.0,28.0,28.0,179.33333333333334,177.15,181.0,181.0,0.9610986335341197,0.9608534403134661,0.9613325815109388,0.9613806451537096,0.9617436540680742,0.9617436540680742,0.9617436540680742,0.9617436540680742,0.0006450205339543722,0.00041107255713529467,0.0008902137546080656,0.0010350866665490566,2.748448978635775,2.273165927869837,3.360637346797016,3.4874291623145783,0.016948768701587277,0.01401785655519733,0.020723930305248266,0.021505813167606566,0.9986534544067275,0.9760100274315278,1.0156328220998498,1.0173745173745175,0.0,0.0,0.0,0.0,0.0,0.0,0.0,0.0,0.0,0.0,-0.0,-0.0,0.0,0.0,0.0,0.0,1.0,1.0,1.0,1.0,0.43448037992898164,0.4344803799289817,0.4344803799289817,0.4344803799289817,0.0,0.0,0.0,0.0,0.9893609893308041,0.9883424466727585,0.9906691586943951,0.990912092537686,0.010639010669195875,0.009330841305604978,0.011657553327241423,0.012029207657040051,0.0,0.0,0.0,0.0,0.01343875632485296,0.012853318418154102,0.014150450962432736,0.014236647682446629,0.9939658386753019,0.9935024495293305,0.9944457524177952,0.9945547523048379,1.0147192285711888,0.9395052342252475,1.080049455024281,1.113437595204513,1.0466730170949115,0.8850006434476041,1.1989311916528924,1.2831639173341682,1.0673131207958464,0.9103431826528686,1.2535177020454649,1.32772452469216,1.0429017888206489,0.9473657549693484,1.1874418379960472,1.2007811827618295,1.1141363415289547,1.0203902927523545,1.2713275437501659,1.32772452469216,1.00114167401037,1.054160505785238,1.0004272631428472
short_stream,1024,ercb_beta_0p02,softmax,token,0.02,24,6000.0,6000.0,6000.0,6000.0,32.0,32.0,32.0,32.0,32.0,32.0,32.0,32.0,37.0,37.0,37.0,37.0,37.0,37.0,37.0,37.0,162.16216216216216,162.16216216216216,162.16216216216216,162.16216216216216,32.53044908706591,32.470788130434116,32.609908419159716,32.6244092944461,28.0,28.0,28.0,28.0,178.875,177.0,180.0,181.0,0.9613145647675996,0.9611327783252067,0.9614509448498919,0.961483248157491,0.9617436540680742,0.9617436540680742,0.9617436540680742,0.9617436540680742,0.00042908930047457866,0.00029270921818225215,0.0006108757428674615,0.0006441049252120523,2.4473035266769063,1.8765914089933156,3.0073500787147696,3.084398403824239,0.015091705081174253,0.011572313688792114,0.018545325485407743,0.019020456823582808,0.9991319153519421,0.9765941252144084,1.0196722627402413,1.0290697674418605,0.0,0.0,0.0,0.0,0.0,0.0,0.0,0.0,0.0,0.0,-0.0,-0.0,0.0,0.0,0.0,0.0,1.0,1.0,1.0,1.0,0.43448037992898164,0.4344803799289817,0.4344803799289817,0.4344803799289817,0.0,0.0,0.0,0.0,0.9834462823280407,0.9825426957763524,0.9843861988235889,0.9850437220856081,0.016553717671959428,0.015613801176411025,0.017457304223647566,0.017666605293717313,0.0,0.0,0.0,0.0,0.01338297862412173,0.012804257165870685,0.014101188218893333,0.01432460464759139,0.9940229044722545,0.9934517465413251,0.9944276407405265,0.9944487739354616,1.0265319128647825,0.9131745696923665,1.1049080073801276,1.1545003385221255,1.0148284360542164,0.8754151187793916,1.1706925857689463,1.2400352665456702,1.0130966075257537,0.7919044173424536,1.2296700668765173,1.2308025029770933,1.0181523188149175,0.9188975707206429,1.1412982696304985,1.1491530918263089,1.100695314077204,0.9928000902134279,1.2307786554270697,1.2400352665456702,0.9969864248688076,1.0504905988131044,1.000484699904598
short_stream,1024,ercb_beta_inf,least_count,token,inf,24,6000.0,6000.0,6000.0,6000.0,32.0,32.0,32.0,32.0,32.0,32.0,32.0,32.0,37.0,37.0,37.0,37.0,37.0,37.0,37.0,37.0,162.16216216216216,162.16216216216216,162.16216216216216,162.16216216216216,32.34235238023383,32.34235238023383,32.34235238023383,32.34235238023383,28.0,28.0,28.0,28.0,174.0,174.0,174.0,174.0,0.9617436540680742,0.9617436540680742,0.9617436540680742,0.9617436540680742,0.9617436540680742,0.9617436540680742,0.9617436540680742,0.9617436540680742,0.0,0.0,0.0,0.0,0.0,0.0,0.0,0.0,0.0,0.0,0.0,0.0,1.0003215935477496,0.998076923076923,1.001926782273603,1.0038535645472062,0.0,0.0,0.0,0.0,0.0,0.0,0.0,0.0,0.0,0.0,-0.0,-0.0,0.0,0.0,0.0,0.0,1.0,1.0,1.0,1.0,0.43448037992898164,0.4344803799289817,0.4344803799289817,0.4344803799289817,0.0,0.0,0.0,0.0,0.7697829270157891,0.769782927015789,0.769782927015789,0.769782927015789,0.23021707298421104,0.23021707298421104,0.23021707298421104,0.23021707298421104,0.0,0.0,0.0,0.0,0.013612069142198051,0.012902189133189553,0.014292234044885065,0.014552222456206437,0.9938262553378873,0.993472597522874,0.9942062614871205,0.9942705924071406,1.0312606864605682,0.963411929147695,1.1092073794828292,1.1737596710266247,1.1030974790769106,0.9048327000003383,1.3680184393851822,1.4033138797792721,1.104120327249986,0.8881593677559025,1.4448138720301547,1.6230948176633595,1.079492830929155,0.939497384528803,1.2998389695238604,1.361167541749305,1.1616301286490975,0.9811340894144375,1.4456573889282878,1.6230948176633595,1.014052889891518,1.0647228635720347,1.0002867724229487
short_stream,1280,ercb_beta_0,softmax,token,0.0,24,6000.0,6000.0,6000.0,6000.0,32.0,32.0,32.0,32.0,32.0,32.0,32.0,32.0,36.0,36.0,36.0,36.0,36.0,36.0,36.0,36.0,166.66666666666666,166.66666666666666,166.66666666666666,166.66666666666666,33.63982311020006,33.21416865738436,34.152952254707124,34.33980521526327,24.458333333333332,22.0,26.849999999999998,28.0,183.25,182.0,185.0,186.0,0.9608533062634752,0.9597007610291762,0.961802414219019,0.9621490561317759,0.9653851500594678,0.9653851500594677,0.9653851500594677,0.9653851500594677,0.004531843795992506,0.003582735840448692,0.0056843890302914245,0.006108368010989684,3.8101104838467523,3.2238088811464602,4.407280767134707,4.6785562825394,0.022860662903080513,0.019342853286878764,0.02644368460280824,0.0280713376952364,0.9998899224700047,0.9817696981819185,1.0221442589359153,1.0285714285714285,0.0,0.0,0.0,0.0,0.0,0.0,0.0,0.0,0.0,0.0,-0.0,-0.0,0.0,0.0,0.0,0.0,1.0,1.0,1.0,1.0,0.1574591643244434,0.1574591643244434,0.1574591643244434,0.1574591643244434,0.0,0.0,0.0,0.0,1.0,1.0,1.0,1.0,0.0,0.0,0.0,0.0,0.0,0.0,0.0,0.0,0.011693892151275406,0.011313700990903702,0.012361029743689472,0.012455653564718122,0.9945113647733906,0.9940168152410428,0.9950062226020226,0.9950632532796579,0.9784308857470316,0.9173189509583821,1.0834952337350487,1.095817952590388,1.0332312529620966,0.9037125815267815,1.2334241433955708,1.4066161910280166,1.0331578710317622,0.8480134365633769,1.3055151861799963,1.760031756904825,1.0149400032469635,0.9109118641327358,1.1575503518119168,1.3719072681562559,1.0938611948704897,0.9442456040656552,1.3097303035209789,1.760031756904825,1.0,1.0570500893786081,1.0
short_stream,1280,ercb_beta_0p001,softmax,token,0.001,24,6000.0,6000.0,6000.0,6000.0,32.0,32.0,32.0,32.0,32.0,32.0,32.0,32.0,36.0,36.0,36.0,36.0,36.0,36.0,36.0,36.0,166.66666666666666,166.66666666666666,166.66666666666666,166.66666666666666,33.314021569816475,32.700225924430555,33.769026759435114,33.98774288867483,25.25,23.0,27.0,27.0,182.625,181.0,184.85,185.0,0.9615778438871926,0.9605663502024313,0.9629318600998348,0.9630664034285163,0.9653851500594678,0.9653851500594677,0.9653851500594677,0.9653851500594677,0.0038073061722750747,0.0024532899596329152,0.00481879985703641,0.005310801901946327,3.445022264354026,2.8426126651917047,4.217116491319567,4.642796092394707,0.020670133586124156,0.017055675991150227,0.025302698947917403,0.027856776554368242,0.9951576071646934,0.97170014665257,1.018553779486885,1.0245746691871453,0.0,0.0,0.0,0.0,0.0,0.0,0.0,0.0,0.0,0.0,-0.0,-0.0,0.0,0.0,0.0,0.0,1.0,1.0,1.0,1.0,0.1574591643244434,0.1574591643244434,0.1574591643244434,0.1574591643244434,0.0,0.0,0.0,0.0,0.9999317329708782,0.9998122888429027,1.0000559811532574,1.0000963890934003,6.826702912172986e-05,-5.5981153257413004e-05,0.00018771115709727734,0.0002496708294848524,0.0,0.0,0.0,0.0,0.01157048533970645,0.011043587354928072,0.01215067862704802,0.012349415243108047,0.9947057899126293,0.9939961718423598,0.9951354002780206,0.995193570483558,1.000713550016051,0.8836482702685822,1.0876625588593858,1.1208824544540492,1.0138475430297227,0.9165847226419952,1.1891242874804995,1.2533072181629203,0.9615875068359306,0.8207784574048034,1.0731791875703196,1.1804488147384196,0.9920495332939012,0.9107131914379849,1.0762754796598966,1.0859166946679129,1.0650737536468748,0.9724672612788405,1.2018668425498185,1.2533072181629203,0.9894469001447481,1.0390619709728375,1.0001954981573116
short_stream,1280,ercb_beta_0p002,softmax,token,0.002,24,6000.0,6000.0,6000.0,6000.0,32.0,32.0,32.0,32.0,32.0,32.0,32.0,32.0,36.0,36.0,36.0,36.0,36.0,36.0,36.0,36.0,166.66666666666666,166.66666666666666,166.66666666666666,166.66666666666666,33.06573775927445,32.65244394884152,33.44605820864891,33.45311810745167,25.958333333333332,24.0,28.0,28.0,183.20833333333334,182.0,185.0,187.0,0.9621283977602261,0.961287972484254,0.963036095126599,0.963441258023057,0.9653851500594678,0.9653851500594677,0.9653851500594677,0.9653851500594677,0.0032567522992414436,0.0023490549328686163,0.004097177575213711,0.004112886993855036,3.4321801577769,2.992117446364568,3.897921051535996,3.9930495169036466,0.020593080946661402,0.017952704678187405,0.023387526309215978,0.02395829710142188,1.0016450691954872,0.9837878978093025,1.0189699413489737,1.0208728652751424,0.0,0.0,0.0,0.0,0.0,0.0,0.0,0.0,0.0,0.0,-0.0,-0.0,0.0,0.0,0.0,0.0,1.0,1.0,1.0,1.0,0.1574591643244434,0.1574591643244434,0.1574591643244434,0.1574591643244434,0.0,0.0,0.0,0.0,0.9997674518131235,0.9995423034555042,0.9999031123362309,0.999968112478368,0.00023254818687643724,9.688766376910329e-05,0.00045769654449577784,0.0005934400376519706,0.0,0.0,0.0,0.0,0.011623501192898553,0.010985244351861073,0.01233841647000918,0.012395075885266265,0.9946431234626104,0.994068101252073,0.9951631510795093,0.9951907079448871,1.0038221045164497,0.9034675520278881,1.1075682440341024,1.1400611338841793,1.0198598890933115,0.9057495529699173,1.2128688982575175,1.3435373367486296,0.9785385331889126,0.8018131428753507,1.3011420567847813,1.3244570140854333,1.0007401755995577,0.9113669121095425,1.168476240099359,1.190735804757929,1.0827218528514513,0.9600565639336418,1.3239780206910856,1.3435373367486296,0.993980536380338,1.055116321443368,1.0001324858557548
short_stream,1280,ercb_beta_0p003,softmax,token,0.003,24,6000.0,6000.0,6000.0,6000.0,32.0,32.0,32.0,32.0,32.0,32.0,32.0,32.0,36.0,36.0,36.0,36.0,36.0,36.0,36.0,36.0,166.66666666666666,166.66666666666666,166.66666666666666,166.66666666666666,32.69097795290535,32.360082796328456,33.084078097698196,33.276618417942245,26.958333333333332,25.0,28.0,28.0,182.91666666666666,181.0,184.0,186.0,0.9629504647165339,0.9620897310803713,0.963671232967096,0.9638832930108823,0.9653851500594678,0.9653851500594677,0.9653851500594677,0.9653851500594677,0.00243468534293384,0.0017139170923716363,0.003295418979096392,0.0037209324310085723,3.2203044767680353,2.684771245856566,3.800478356658517,3.9791121287711073,0.019321826860608213,0.016108627475139397,0.022802870139951102,0.023874672772626646,1.0008544776878419,0.979976670223673,1.0235757089352595,1.0247619047619048,0.0,0.0,0.0,0.0,0.0,0.0,0.0,0.0,0.0,0.0,-0.0,-0.0,0.0,0.0,0.0,0.0,1.0,1.0,1.0,1.0,0.1574591643244434,0.1574591643244434,0.1574591643244434,0.1574591643244434,0.0,0.0,0.0,0.0,0.9994876911756391,0.9991750705434085,0.9997726733173575,0.999909456022568,0.0005123088243610648,0.0002273266826424831,0.0008249294565914283,0.001003080770525786,0.0,0.0,0.0,0.0,0.011587694647856828,0.010965772396815352,0.01210938738985883,0.012162544954817035,0.9947424234528736,0.9943389185128261,0.9951347137769848,0.9953139823853488,1.0013300245721666,0.8944858180996816,1.1400796759648228,1.3029190787987126,1.024861440204963,0.8544450108011942,1.323561390927333,1.5368142992816025,1.0116768032386128,0.8310000232938038,1.285545254354544,1.3279595355353475,1.0126227560052474,0.9202993450425537,1.1677811739415407,1.2522321669659577,1.1123222523243783,0.9712503248067549,1.3407083317829336,1.5368142992816025,0.9909185494406159,1.0355309620790463,1.0002323338753756
short_stream,1280,ercb_beta_0p004,softmax,token,0.004,24,6000.0,6000.0,6000.0,6000.0,32.0,32.0,32.0,32.0,32.0,32.0,32.0,32.0,36.0,36.0,36.0,36.0,36.0,36.0,36.0,36.0,166.66666666666666,166.66666666666666,166.66666666666666,166.66666666666666,32.625433727646346,32.34874903838942,32.90605312880269,32.92668623877396,26.833333333333332,25.15,28.0,28.0,182.875,181.0,184.0,186.0,0.9630941572756235,0.9624814156910574,0.9636957505698796,0.9637476677306441,0.9653851500594678,0.9653851500594677,0.9653851500594677,0.9653851500594677,0.002290992783844185,0.0016893994895881225,0.00290373436841026,0.002949031756820042,3.012026036254987,2.626253605157727,3.7440672220924656,3.865804501581067,0.018072156217529927,0.015757521630946365,0.022464403332554794,0.023194827009486406,1.0006176170691579,0.983775939077845,1.0186313178691229,1.0192678227360308,0.0,0.0,0.0,0.0,0.0,0.0,0.0,0.0,0.0,0.0,-0.0,-0.0,0.0,0.0,0.0,0.0,1.0,1.0,1.0,1.0,0.1574591643244434,0.1574591643244434,0.1574591643244434,0.1574591643244434,0.0,0.0,0.0,0.0,0.9992012371698312,0.9987221394430204,0.9995805818471153,0.9997925172641215,0.0007987628301686905,0.0004194181528846655,0.0012778605569796716,0.0013528613452809292,0.0,0.0,0.0,0.0,0.011623490743088792,0.011173669016284792,0.01207487300862076,0.012168174448111775,0.9948012320271932,0.9943433595746327,0.9952697094456585,0.9953070177898775,1.0009856747754127,0.9160642717586615,1.0839849460652937,1.266179641555923,0.9939086718037311,0.8531343062166474,1.241074608524909,1.2847179180814292,1.012733280972734,0.8710376705092457,1.1535097698696986,1.2007022983461684,1.0025425425172927,0.9400711933780135,1.130698047607001,1.1346672691035717,1.0815830082432096,0.9600868849546438,1.2658790812602403,1.2847179180814292,0.9939796427677046,1.0325794741747982,1.0002914670099006
short_stream,1280,ercb_beta_0p005,softmax,token,0.005,24,6000.0,6000.0,6000.0,6000.0,32.0,32.0,32.0,32.0,32.0,32.0,32.0,32.0,36.0,36.0,36.0,36.0,36.0,36.0,36.0,36.0,166.66666666666666,166.66666666666666,166.66666666666666,166.66666666666666,32.36754930846704,32.13232186956351,32.7598400252601,32.78803982484399,27.208333333333332,26.0,28.0,28.0,182.41666666666666,181.0,183.85,184.0,0.9636539113257557,0.9628016818732514,0.9641625597473243,0.9643201542912246,0.9653851500594678,0.9653851500594677,0.9653851500594677,0.9653851500594677,0.0017312387337119716,0.0012225903121433845,0.002583468186216286,0.002645114900201584,2.7961354982292916,2.316544305838001,3.2405485970758723,3.265986323710904,0.016776812989375754,0.01389926583502801,0.019443291582455235,0.019595917942265426,1.0011152083356938,0.9782213433211281,1.0211132437619963,1.0228136882129277,0.0,0.0,0.0,0.0,0.0,0.0,0.0,0.0,0.0,0.0,-0.0,-0.0,0.0,0.0,0.0,0.0,1.0,1.0,1.0,1.0,0.1574591643244434,0.1574591643244434,0.1574591643244434,0.1574591643244434,0.0,0.0,0.0,0.0,0.998645982372989,0.9981346239771318,0.9992779662926998,0.9993969039195144,0.0013540176270110396,0.0007220337073002298,0.0018653760228682613,0.0019644035394548857,0.0,0.0,0.0,0.0,0.011555419256673327,0.011056909288286156,0.011935776243474104,0.012650480964266757,0.9947744762472324,0.9942863022678712,0.9953055304113128,0.9953892789181512,0.9732815334618602,0.8758779219295253,1.0754236957086136,1.1544730720152359,0.97921061789839,0.8466734393262346,1.2111703333862673,1.2323795747439612,1.0188253166114472,0.8500772164751633,1.3560775096439004,1.678041198769232,0.990439155990566,0.8826403473026104,1.1780698050402425,1.2825000977854815,1.0886145267192362,0.9478178122087327,1.3560775096439004,1.678041198769232,0.9881585281606197,1.0206846522158421,1.000264563566754
short_stream,1280,ercb_beta_0p006,softmax,token,0.006,24,6000.0,6000.0,6000.0,6000.0,32.0,32.0,32.0,32.0,32.0,32.0,32.0,32.0,36.0,36.0,36.0,36.0,36.0,36.0,36.0,36.0,166.66666666666666,166.66666666666666,166.66666666666666,166.66666666666666,32.22329353672827,32.03778108348741,32.41728548270052,32.43626228638422,27.583333333333332,27.0,28.0,28.0,182.41666666666666,181.0,185.0,186.0,0.9639661522668312,0.9635473659129806,0.9643656293310936,0.9646215403848454,0.9653851500594678,0.9653851500594677,0.9653851500594677,0.9653851500594677,0.0014189977926364432,0.0010195207283741237,0.0018377841464870257,0.0018789123200845248,2.7146422006692568,2.3231883392677504,3.1113178718295194,3.223179934302286,0.016287853204015542,0.013939130035606503,0.018667907230977117,0.019339079605813717,1.0007102707018747,0.9791060855520786,1.0242700861348775,1.0325047801147227,0.0,0.0,0.0,0.0,0.0,0.0,0.0,0.0,0.0,0.0,-0.0,-0.0,0.0,0.0,0.0,0.0,1.0,1.0,1.0,1.0,0.1574591643244434,0.1574591643244434,0.1574591643244434,0.1574591643244434,0.0,0.0,0.0,0.0,0.9980844129819765,0.9976998426878936,0.9985070373724911,0.9987182755574562,0.0019155870180235502,0.001492962627508868,0.002300157312106431,0.002902337910718521,0.0,0.0,0.0,0.0,0.011603153656964516,0.010897512784429533,0.012268549875296473,0.012475333422476826,0.9947851261708703,0.9944778143614696,0.9951888948697611,0.9952178702340976,0.9769346660960565,0.9071786188224753,1.0624464145132513,1.1337452564549666,1.0132369178116896,0.8575089788621735,1.1263257397329043,1.1813696108789384,1.0487685846686936,0.850843947518923,1.4381315217583723,1.5177999695132776,1.0129800561921465,0.8898877606098278,1.1422636014813983,1.1797527116644673,1.1155774191234709,0.959307803164187,1.4381315217583723,1.5177999695132776,0.9922405223909138,1.0491416986395237,1.0002752722665387
short_stream,1280,ercb_beta_0p0075,softmax,token,0.0075,24,6000.0,6000.0,6000.0,6000.0,32.0,32.0,32.0,32.0,32.0,32.0,32.0,32.0,36.0,36.0,36.0,36.0,36.0,36.0,36.0,36.0,166.66666666666666,166.66666666666666,166.66666666666666,166.66666666666666,32.07904457987115,31.912196282465153,32.232962591561815,32.27658249842721,27.791666666666668,27.0,28.0,28.0,182.0,180.0,183.0,185.0,0.9642767367115135,0.9639458236009423,0.9646345704162869,0.9648895973322732,0.9653851500594678,0.9653851500594677,0.9653851500594677,0.9653851500594677,0.0011084133479542975,0.0007505796431808543,0.0014393264585253972,0.0015334444274893722,2.4604933829923463,1.7528674904415913,3.111709540118977,3.1534813214040835,0.014762960297954078,0.010517204942649547,0.01867025724071386,0.0189208879284245,0.996378199020223,0.974482109227872,1.0159668761408647,1.0246679316888045,0.0,0.0,0.0,0.0,0.0,0.0,0.0,0.0,0.0,0.0,-0.0,-0.0,0.0,0.0,0.0,0.0,1.0,1.0,1.0,1.0,0.1574591643244434,0.1574591643244434,0.1574591643244434,0.1574591643244434,0.0,0.0,0.0,0.0,0.997151044955577,0.9965682279987886,0.9977460573497737,0.9979295381055917,0.0028489550444228736,0.0022539426502262688,0.003431772001211465,0.003777128499221516,0.0,0.0,0.0,0.0,0.011515801735089823,0.01099467804328372,0.012271948629624115,0.012482201107998012,0.9948568402066954,0.9942773310361933,0.9953956099390002,0.9954881009408513,0.9967565382307747,0.8877484696044002,1.1706485881868025,1.1883423800247612,0.9983857953376581,0.8873273632715144,1.1665341131931648,1.2002249979406294,1.0200877262811299,0.8147450272232957,1.2945706399228356,2.047576612955078,1.0050766866165208,0.912678334920095,1.1287722486137104,1.4214974647451097,1.133408451326973,0.9799574688460869,1.2945706399228356,2.047576612955078,0.9847706466006565,1.049432342189479,1.0003473820868638
short_stream,1280,ercb_beta_0p01,softmax,token,0.01,24,6000.0,6000.0,6000.0,6000.0,32.0,32.0,32.0,32.0,32.0,32.0,32.0,32.0,36.0,36.0,36.0,36.0,36.0,36.0,36.0,36.0,166.66666666666666,166.66666666666666,166.66666666666666,166.66666666666666,31.908100540425337,31.729674103349797,32.083440626899076,32.155870381627054,27.916666666666668,27.15,28.0,28.0,182.29166666666666,181.0,184.0,184.0,0.9646429325812463,0.9642676173346271,0.9650238679518257,0.9650758356591661,0.9653851500594678,0.9653851500594677,0.9653851500594677,0.9653851500594677,0.0007422174782213362,0.0003612821076420192,0.0011175327248406418,0.001273251376058937,2.4880494911664317,2.078193311720347,2.8224930693012995,2.848001248439177,0.01492829694699859,0.012469159870322082,0.016934958415807798,0.017088007490635063,1.000865963807409,0.9850592363547926,1.0224458039584121,1.0245746691871453,0.0,0.0,0.0,0.0,0.0,0.0,0.0,0.0,0.0,0.0,-0.0,-0.0,0.0,0.0,0.0,0.0,1.0,1.0,1.0,1.0,0.1574591643244434,0.1574591643244434,0.1574591643244434,0.1574591643244434,0.0,0.0,0.0,0.0,0.995384928403379,0.99449319236967,0.9961012712889501,0.9973679486226434,0.00461507159662113,0.003898728711049876,0.005506807630329956,0.005697393248241358,0.0,0.0,0.0,0.0,0.01151565366672355,0.010920231499776736,0.012322984931702372,0.012471225015836444,0.9946732079627075,0.9941154797668657,0.9949617152546646,0.9952519971187799,0.9664643212942567,0.8677815450538482,1.0441661375464633,1.0776971961227182,1.0307934832316616,0.8536421506467913,1.2099141951463968,1.2359986226989077,1.0345725826201904,0.8353451261272422,1.4671699730151595,1.5932324509447455,1.0106101290487028,0.9449400880184392,1.2092625888690351,1.2629444121869782,1.1119949293469717,0.9800701446449711,1.4678372121228835,1.5932324509447455,0.9847579845746725,1.0537966976511197,1.0001627363899996
short_stream,1280,ercb_beta_0p0125,softmax,token,0.0125,24,6000.0,6000.0,6000.0,6000.0,32.0,32.0,32.0,32.0,32.0,32.0,32.0,32.0,36.0,36.0,36.0,36.0,36.0,36.0,36.0,36.0,166.66666666666666,166.66666666666666,166.66666666666666,166.66666666666666,31.81584153344478,31.687838050355246,31.95979968141604,32.07543192746332,27.958333333333332,28.0,28.0,28.0,182.20833333333334,181.0,183.85,185.0,0.9648401334766339,0.9645326946667604,0.9651128142250125,0.9651391730687565,0.9653851500594678,0.9653851500594677,0.9653851500594677,0.9653851500594677,0.0005450165828338275,0.0002723358344551785,0.0008524553927072737,0.0011003311810852123,2.3366772042393698,1.77082858854994,3.0186109062042816,3.1446603773522015,0.01402006322543622,0.01062497153129964,0.018111665437225692,0.01886796226411321,1.00154604377622,0.9895628722088776,1.0169216061185469,1.0209923664122138,0.0,0.0,0.0,0.0,0.0,0.0,0.0,0.0,0.0,0.0,-0.0,-0.0,0.0,0.0,0.0,0.0,1.0,1.0,1.0,1.0,0.1574591643244434,0.1574591643244434,0.1574591643244434,0.1574591643244434,0.0,0.0,0.0,0.0,0.9931177879129637,0.9923995802251186,0.9942470944364752,0.9945503875759628,0.006882212087036235,0.005752905563524805,0.007600419774881309,0.008712982403181642,0.0,0.0,0.0,0.0,0.011529313699193716,0.010866729867116095,0.012269769240228535,0.01250384729367247,0.9947567178821258,0.994395582144279,0.9951680215221164,0.9953808439693618,0.9498181504766953,0.8491981395512005,1.0288257878958198,1.0358074556335934,1.0407543378434505,0.8869907683039268,1.2032781395581584,1.2168548589900636,1.0638783060458323,0.8609751272445476,1.4488606911503865,1.4672019013021997,1.0181502647886596,0.9016239045198837,1.1800715071569032,1.1950252672666286,1.1148321173909062,0.9591119339072539,1.4488606911503865,1.4672019013021997,0.9859261185281463,1.0492459722993357,1.0002467071945338
short_stream,1280,ercb_beta_0p015,softmax,token,0.015,24,6000.0,6000.0,6000.0,6000.0,32.0,32.0,32.0,32.0,32.0,32.0,32.0,32.0,36.0,36.0,36.0,36.0,36.0,36.0,36.0,36.0,166.66666666666666,166.66666666666666,166.66666666666666,166.66666666666666,31.755528779489953,31.675437381878933,31.883250224611636,31.958306171218357,27.958333333333332,28.0,28.0,28.0,181.875,180.15,184.0,185.0,0.964968687536702,0.964696451129484,0.9651391730687565,0.9651727080043703,0.9653851500594678,0.9653851500594677,0.9653851500594677,0.9653851500594677,0.00041646252276573054,0.00024597699071116086,0.0006886989299837386,0.0008492075921076037,2.292350719822799,1.8625770924099574,2.776738662078345,2.9814239699997196,0.013754104318936797,0.011175462554459744,0.016660431972470073,0.01788854381999832,1.002953107224192,0.9831144465290806,1.0244893016480014,1.0406189555125724,0.0,0.0,0.0,0.0,0.0,0.0,0.0,0.0,0.0,0.0,-0.0,-0.0,0.0,0.0,0.0,0.0,1.0,1.0,1.0,1.0,0.1574591643244434,0.1574591643244434,0.1574591643244434,0.1574591643244434,0.0,0.0,0.0,0.0,0.9908119224836284,0.9898159558796584,0.9921166268318012,0.9921308166750608,0.009188077516371521,0.007883373168198763,0.010184044120341514,0.010293529928049647,0.0,0.0,0.0,0.0,0.011585949250377503,0.011265765504526485,0.011884254470571473,0.011888787628909556,0.9947581629335706,0.994118948900481,0.9952903729203199,0.9953479956867934,0.9644678463468228,0.8868635897202339,1.0924123410220212,1.1300670043339132,1.0425817756024476,0.9382620108983342,1.1592820780305355,1.1694005153928224,1.001541260291632,0.8315884145163331,1.264128224900538,1.4143223747707523,1.0028636274136342,0.9299649115336703,1.0949268647156023,1.1467961209575854,1.096507807478913,0.966922738958974,1.264128224900538,1.4143223747707523,0.9907692922509013,1.016278781848976,1.0002481602211113
short_stream,1280,ercb_beta_0p02,softmax,token,0.02,24,6000.0,6000.0,6000.0,6000.0,32.0,32.0,32.0,32.0,32.0,32.0,32.0,32.0,36.0,36.0,36.0,36.0,36.0,36.0,36.0,36.0,166.66666666666666,166.66666666666666,166.66666666666666,166.66666666666666,31.709586942264817,31.64257810910813,31.793647243700065,31.797973380564855,28.0,28.0,28.0,28.0,181.375,180.0,183.0,183.0,0.9650665318569077,0.9648876427101104,0.9652089471175623,0.9652621458935817,0.9653851500594678,0.9653851500594677,0.9653851500594677,0.9653851500594677,0.00031861820255983664,0.00017620294190537344,0.0004975073493572234,0.0005067247410578402,2.1112359341752183,1.7596738136602976,2.6214813814320124,2.6666666666666665,0.012667415605051314,0.010558042881961787,0.015728888288592074,0.016,1.001725496209365,0.985350816013391,1.0201335877862596,1.026615969581749,0.0,0.0,0.0,0.0,0.0,0.0,0.0,0.0,0.0,0.0,-0.0,-0.0,0.0,0.0,0.0,0.0,1.0,1.0,1.0,1.0,0.1574591643244434,0.1574591643244434,0.1574591643244434,0.1574591643244434,0.0,0.0,0.0,0.0,0.9862827388868657,0.985205688484243,0.9880448161369115,0.9883837260060727,0.013717261113134342,0.01195518386308855,0.014794311515757115,0.015163182520770608,0.0,0.0,0.0,0.0,0.011466858702600162,0.010931557726703275,0.011865853532842063,0.011971667406989397,0.9947931728160291,0.9941613358367997,0.9953730051743706,0.9954100200373452,0.9698576086029155,0.8535801107123622,1.0534142982573014,1.0617371994935838,1.0011407997139141,0.9065803519887701,1.1820107865134313,1.2403589284629062,1.0322086525699936,0.8518497628490541,1.2413145710219655,1.384506592682753,1.0010690202956078,0.9095515691688453,1.1563100051436286,1.170281567737085,1.0758213967160482,0.9471915817558226,1.2413145710219655,1.384506592682753,0.9805852965173377,1.014705230674451,1.0002833633205415
short_stream,1280,ercb_beta_inf,least_count,token,inf,24,6000.0,6000.0,6000.0,6000.0,32.0,32.0,32.0,32.0,32.0,32.0,32.0,32.0,36.0,36.0,36.0,36.0,36.0,36.0,36.0,36.0,166.66666666666666,166.66666666666666,166.66666666666666,166.66666666666666,31.559467676119,31.559467676119,31.559467676119,31.559467676119,28.0,28.0,28.0,28.0,177.0,177.0,177.0,177.0,0.9653851500594678,0.9653851500594677,0.9653851500594677,0.9653851500594677,0.9653851500594678,0.9653851500594677,0.9653851500594677,0.9653851500594677,0.0,0.0,0.0,0.0,0.0,0.0,0.0,0.0,0.0,0.0,0.0,0.0,0.9999240586938987,0.9962264150943396,1.0034977014951023,1.0037878787878787,0.0,0.0,0.0,0.0,0.0,0.0,0.0,0.0,0.0,0.0,-0.0,-0.0,0.0,0.0,0.0,0.0,1.0,1.0,1.0,1.0,0.1574591643244434,0.1574591643244434,0.1574591643244434,0.1574591643244434,0.0,0.0,0.0,0.0,0.7967152255731736,0.7967152255731735,0.7967152255731735,0.7967152255731735,0.20328477442682655,0.20328477442682652,0.20328477442682652,0.20328477442682652,0.0,0.0,0.0,0.0,0.01158577304027672,0.010953100520989951,0.01215081488463072,0.012240048239637568,0.9947276359871694,0.9943179771473215,0.995158832920256,0.9952219722908987,0.9544093227201772,0.8467000498386048,1.0709660312614369,1.1193206385287864,1.0701119280300033,0.9293698038878064,1.1663197750674414,1.2668749316034056,1.0011646583714786,0.8174477711125347,1.216243341138606,1.2986942014793075,1.0085619697072197,0.9023113584630116,1.0981707152035012,1.1435190935077166,1.1085235407857585,0.9762816368364502,1.2605726862542155,1.2986942014793075,0.990754223692161,1.0390736230028836,1.0002174647987336
short_stream,1536,ercb_beta_0,softmax,token,0.0,24,6000.0,6000.0,6000.0,6000.0,32.0,32.0,32.0,32.0,32.0,32.0,32.0,32.0,35.0,35.0,35.0,35.0,35.0,35.0,35.0,35.0,171.42857142857142,171.42857142857142,171.42857142857142,171.42857142857142,28.693307393616365,28.063274901812566,29.239098380244553,29.435921412243157,39.708333333333336,36.15,42.0,43.0,184.91666666666666,183.0,187.0,187.0,0.9727439352403712,0.9717311794015201,0.9739009174986657,0.9740536460045537,0.9759816341944926,0.9759816341944926,0.9759816341944926,0.9759816341944926,0.0032376989541214366,0.0020807166958269284,0.00425045479297248,0.004621381770341659,3.2968443434078973,2.655965745255731,3.7908698275956034,4.014260294784796,0.019231592003212738,0.015493133513991763,0.02211340732764102,0.023416518386244645,0.999771068643465,0.980071393444013,1.018605646915019,1.0242537313432836,0.0,0.0,0.0,0.0,0.0,0.0,0.0,0.0,0.0,0.0,-0.0,-0.0,0.0,0.0,0.0,0.0,1.0,1.0,1.0,1.0,0.5773502691896258,0.5773502691896258,0.5773502691896258,0.5773502691896258,0.0,0.0,0.0,0.0,1.0,1.0,1.0,1.0,0.0,0.0,0.0,0.0,0.0,0.0,0.0,0.0,0.010273846559346258,0.009692204980547587,0.010659344014065372,0.010834478103378689,0.9954503920571746,0.9950117762348456,0.9958402955224005,0.9958494929821584,1.0065403406370594,0.910783905768767,1.10518452555943,1.1146967425530478,1.0053210337611747,0.8564070765611727,1.2874084006924262,1.3729915661036083,1.0252288883109943,0.7826170108833066,1.2369954950479938,1.277319602157515,1.012363420903076,0.8904889139907438,1.161575578208769,1.2291817304109054,1.1076053803864732,0.9596630530641344,1.307009925005423,1.3729915661036083,1.0,1.0375222125902221,1.0
short_stream,1536,ercb_beta_0p001,softmax,token,0.001,24,6000.0,6000.0,6000.0,6000.0,32.0,32.0,32.0,32.0,32.0,32.0,32.0,32.0,35.0,35.0,35.0,35.0,35.0,35.0,35.0,35.0,171.42857142857142,171.42857142857142,171.42857142857142,171.42857142857142,28.296936933723387,27.7559580654083,28.894207825692764,29.09127086973559,40.583333333333336,39.0,43.0,44.0,184.79166666666666,184.0,186.85,187.0,0.9734723147609247,0.972375793529496,0.9744548826821615,0.9745501638868526,0.9759816341944926,0.9759816341944926,0.9759816341944926,0.9759816341944926,0.0025093194335679184,0.0015267515123310704,0.003605840664996562,0.00397331380327004,2.9775596697232083,2.5318796574988056,3.587699800613678,3.625307868699863,0.017369098073385384,0.014769298002076369,0.020928248836913126,0.021147629234082536,1.0018393065000148,0.9800398567467651,1.022232645403377,1.02803738317757,0.0,0.0,0.0,0.0,0.0,0.0,0.0,0.0,0.0,0.0,-0.0,-0.0,0.0,0.0,0.0,0.0,1.0,1.0,1.0,1.0,0.5773502691896258,0.5773502691896258,0.5773502691896258,0.5773502691896258,0.0,0.0,0.0,0.0,0.9999338784269828,0.9997906535409026,1.0000491462969905,1.0000749704169023,6.612157301708219e-05,-4.914629699052113e-05,0.00020934645909736704,0.00022626207070124436,0.0,0.0,0.0,0.0,0.01025577090170772,0.009861812403576035,0.010728822934063619,0.010833704552904333,0.9954216160306372,0.9948918329567944,0.9958135512556665,0.9958473656201472,1.0001154997916337,0.9211528279359762,1.0809073623001506,1.1215866458929544,1.0114428694022541,0.8496834441344414,1.2408167309226066,1.2985484615903566,0.9873087504751847,0.7482312924567307,1.2150547029878496,1.2685652160312915,0.9996223732230242,0.8829133166574799,1.121604479980511,1.154843958257491,1.0932440635364291,0.9876181436049664,1.2672340813295009,1.2985484615903566,0.998240614405313,1.0442849104363412,0.9999710924554684
short_stream,1536,ercb_beta_0p002,softmax,token,0.002,24,6000.0,6000.0,6000.0,6000.0,32.0,32.0,32.0,32.0,32.0,32.0,32.0,32.0,35.0,35.0,35.0,35.0,35.0,35.0,35.0,35.0,171.42857142857142,171.42857142857142,171.42857142857142,171.42857142857142,27.99539693031947,27.59014809432986,28.611321879867706,28.643908067645988,41.208333333333336,37.3,43.0,43.0,184.16666666666666,182.15,186.0,186.0,0.9740207174764808,0.9728994928204033,0.9747514994682293,0.9748679053988185,0.9759816341944926,0.9759816341944926,0.9759816341944926,0.9759816341944926,0.001960916718011773,0.0012301347262633322,0.0030821413740892535,0.0031422294424963138,2.6856319102556174,2.1688677979899267,3.3908949050120523,3.4558439118191004,0.01566618614315777,0.012651728821607908,0.01978022027923697,0.02015908948561142,0.9999070562185098,0.9892015170151702,1.0128068885855297,1.0380228136882128,0.0,0.0,0.0,0.0,0.0,0.0,0.0,0.0,0.0,0.0,-0.0,-0.0,0.0,0.0,0.0,0.0,1.0,1.0,1.0,1.0,0.5773502691896258,0.5773502691896258,0.5773502691896258,0.5773502691896258,0.0,0.0,0.0,0.0,0.9997861081540581,0.9995158612016103,1.0000976478109413,1.0001165282831113,0.00021389184594178452,-9.764781094137356e-05,0.0004841387983896961,0.0005243594196612744,0.0,0.0,0.0,0.0,0.01012477581233876,0.009740818672805804,0.010592735577442414,0.010706170841765141,0.995571448724379,0.9950657046538527,0.9959331161251316,0.9961351232331744,1.0082927788943739,0.9030685643478261,1.0978127459691727,1.1882568776060352,0.9685694816859778,0.8073106192213986,1.1694012078845806,1.2623470085483428,0.9853650928933044,0.8404294560328298,1.2291208233868554,1.3021403356906573,0.987409117824552,0.8906599266174551,1.1130027955280026,1.1510613718447986,1.0687410603640521,0.9502091606765332,1.2595210929459546,1.3021403356906573,0.9854902692826488,1.0310389118870047,1.0001216099447752
short_stream,1536,ercb_beta_0p003,softmax,token,0.003,24,6000.0,6000.0,6000.0,6000.0,32.0,32.0,32.0,32.0,32.0,32.0,32.0,32.0,35.0,35.0,35.0,35.0,35.0,35.0,35.0,35.0,171.42857142857142,171.42857142857142,171.42857142857142,171.42857142857142,27.885524972954812,27.532926125848615,28.361512369409713,28.41859121298261,42.208333333333336,40.0,44.0,44.0,184.5,183.15,186.0,186.0,0.9742202237635645,0.9733580016734236,0.9748534917701747,0.9749603109906734,0.9759816341944926,0.9759816341944926,0.9759816341944926,0.9759816341944926,0.0017614104309280852,0.0011281424243178573,0.002623632521069052,0.0027279959155618316,2.845956932292236,2.3303460884010225,3.345357866453625,3.537553634121427,0.01660141543837138,0.013593685515672633,0.01951458755431281,0.020635729532374993,1.0003451013688256,0.9782744008758769,1.0182120804805308,1.0380228136882128,0.0,0.0,0.0,0.0,0.0,0.0,0.0,0.0,0.0,0.0,-0.0,-0.0,0.0,0.0,0.0,0.0,1.0,1.0,1.0,1.0,0.5773502691896258,0.5773502691896258,0.5773502691896258,0.5773502691896258,0.0,0.0,0.0,0.0,0.9995950757891358,0.9993376856507336,0.9999400419333694,1.0001272473534415,0.00040492421086426954,5.995806663057238e-05,0.0006623143492664451,0.0007011233822640089,0.0,0.0,0.0,0.0,0.010267839329679328,0.00964996334418378,0.010884822601595645,0.01136965333764067,0.9956422273617237,0.9951493347396362,0.9960332992698323,0.9960404032672753,1.0034172181260959,0.9034511978409686,1.1034082958019522,1.117379113776239,0.9670286902817814,0.8102069537418604,1.1693145744602758,1.1894460828414501,1.029032983474635,0.7823288426363478,1.3501012424946635,1.7154867049689098,0.9998262972941707,0.8509072611620944,1.153210185055854,1.3015969155078604,1.0914732012893948,0.9305204003179806,1.3501012424946635,1.7154867049689098,0.9994152891390552,1.059469064358721,1.0001927120689085
short_stream,1536,ercb_beta_0p004,softmax,token,0.004,24,6000.0,6000.0,6000.0,6000.0,32.0,32.0,32.0,32.0,32.0,32.0,32.0,32.0,35.0,35.0,35.0,35.0,35.0,35.0,35.0,35.0,171.42857142857142,171.42857142857142,171.42857142857142,171.42857142857142,27.547720272679232,27.289801726110078,27.794280718910382,27.819094895706556,43.25,41.15,44.0,44.0,184.58333333333334,183.0,186.0,187.0,0.9748264105019623,0.9743861093469484,0.9752847014551774,0.97534860584754,0.9759816341944926,0.9759816341944926,0.9759816341944926,0.9759816341944926,0.0011552236925303355,0.0006969327393151925,0.0015955248475442718,0.0016401063782598424,2.7344400808436737,2.4177765713475656,3.1603628899300023,3.3636714634883287,0.015950900471588102,0.014103696666194133,0.018435450191258345,0.019621416870348584,0.9978870691227245,0.980290072237739,1.021420123342063,1.0247148288973382,0.0,0.0,0.0,0.0,0.0,0.0,0.0,0.0,0.0,0.0,-0.0,-0.0,0.0,0.0,0.0,0.0,1.0,1.0,1.0,1.0,0.5773502691896258,0.5773502691896258,0.5773502691896258,0.5773502691896258,0.0,0.0,0.0,0.0,0.9991591681155358,0.9987635375730674,0.9995897540866729,0.9996811549151412,0.0008408318844641632,0.00041024591332710974,0.0012364624269326837,0.0012734403066885897,0.0,0.0,0.0,0.0,0.010199774967800126,0.009702199257967212,0.01075024343030249,0.011212286610122774,0.9956091356059747,0.9951791345639749,0.9959873016684527,0.9960404032672752,1.0334558865647905,0.9445698520574396,1.1525918879376105,1.256568901041252,0.9908214950392621,0.8546291516445953,1.145327296191234,1.1686707129856297,0.9816773801630111,0.7966515889661967,1.3495257450075582,1.5712229771835247,1.0019849205890214,0.8867682174363544,1.132765115720439,1.237197940632436,1.1109170213360384,0.9746769412072028,1.3601807125203875,1.5712229771835247,0.9927902766390113,1.046369864315605,1.0001594690705502
short_stream,1536,ercb_beta_0p005,softmax,token,0.005,24,6000.0,6000.0,6000.0,6000.0,32.0,32.0,32.0,32.0,32.0,32.0,32.0,32.0,35.0,35.0,35.0,35.0,35.0,35.0,35.0,35.0,171.42857142857142,171.42857142857142,171.42857142857142,171.42857142857142,27.602266425547608,27.284197503033536,27.980774122153704,28.095028247803878,43.208333333333336,42.0,44.0,44.0,184.375,182.15,186.0,188.0,0.9747282782445584,0.9740501447372066,0.9752945968904341,0.975607640959044,0.9759816341944926,0.9759816341944926,0.9759816341944926,0.9759816341944926,0.0012533559499339486,0.0006870373040585298,0.0019314894572859116,0.002138255801967137,2.560262646581215,2.054698578657778,2.9442355847110644,3.2071349029490928,0.014934865438390421,0.011985741708837037,0.01717470757748121,0.01870828693386971,0.9983044108964041,0.9788574547101143,1.0195600650965788,1.0262172284644193,0.0,0.0,0.0,0.0,0.0,0.0,0.0,0.0,0.0,0.0,-0.0,-0.0,0.0,0.0,0.0,0.0,1.0,1.0,1.0,1.0,0.5773502691896258,0.5773502691896258,0.5773502691896258,0.5773502691896258,0.0,0.0,0.0,0.0,0.9988278323751346,0.9982570787089056,0.9993582320733839,0.9996535325737035,0.0011721676248653173,0.000641767926616148,0.0017429212910944503,0.0021882726209864665,0.0,0.0,0.0,0.0,0.010047084045137338,0.009618079109514939,0.010578889103317226,0.010710733837176077,0.9955637813659711,0.9950700297559173,0.9959727454397146,0.9961420878286462,1.0083124226083318,0.9152918220875147,1.1290382774878995,1.1674023735049972,1.0338616812340018,0.8269109659124346,1.3369464176570445,1.3803551341922138,1.0180549222802846,0.7615629574081958,1.3673546752441204,1.4264392579288372,1.0200763420408727,0.8698263483763535,1.1644540318806893,1.2671075764964577,1.1426216812796206,0.9413509535656986,1.3713533616149272,1.4264392579288372,0.9779281778349481,1.0296911718711106,1.000113907543461
short_stream,1536,ercb_beta_0p006,softmax,token,0.006,24,6000.0,6000.0,6000.0,6000.0,32.0,32.0,32.0,32.0,32.0,32.0,32.0,32.0,35.0,35.0,35.0,35.0,35.0,35.0,35.0,35.0,171.42857142857142,171.42857142857142,171.42857142857142,171.42857142857142,27.420199501127655,27.193786805377556,27.63443009005662,27.768724148155,43.583333333333336,43.0,44.0,44.0,183.91666666666666,183.0,185.0,185.0,0.9750531928602427,0.9746724339294377,0.9754540535399634,0.9754651546234203,0.9759816341944926,0.9759816341944926,0.9759816341944926,0.9759816341944926,0.0009284413342497919,0.0005275806545291806,0.0013092002650548493,0.0015496468404543329,2.6030360244630244,2.2570479310306415,3.1112419585216515,3.1622776601683795,0.015184376809367642,0.013166112931012075,0.018148911424709636,0.01844661968431555,1.0031421682318002,0.9873554735547356,1.0169846121230324,1.0207156308851224,0.0,0.0,0.0,0.0,0.0,0.0,0.0,0.0,0.0,0.0,-0.0,-0.0,0.0,0.0,0.0,0.0,1.0,1.0,1.0,1.0,0.5773502691896258,0.5773502691896258,0.5773502691896258,0.5773502691896258,0.0,0.0,0.0,0.0,0.9985011075892571,0.997839500910104,0.9990091724530755,0.9993403503883109,0.001498892410742937,0.0009908275469243902,0.002160499089896071,0.002378651539826116,0.0,0.0,0.0,0.0,0.010161701185148466,0.009720704482152507,0.010636804620981008,0.010658087960159891,0.9955486980691761,0.9951320885523913,0.9958677968166155,0.9958857863128352,1.0030261124223365,0.9069277052968008,1.1109267572260098,1.1501638329619208,1.0237017666058572,0.9018293268220158,1.1746770104042237,1.2470323119036053,0.9952211919704995,0.8355314559902436,1.269239867746371,1.438137816427608,1.0073163569995645,0.9395068789551876,1.1227807100991878,1.2029671799985897,1.098913270252863,0.973370030787931,1.280702324359917,1.438137816427608,0.9890843829961845,1.0353283514152314,1.000098755309944
short_stream,1536,ercb_beta_0p0075,softmax,token,0.0075,24,6000.0,6000.0,6000.0,6000.0,32.0,32.0,32.0,32.0,32.0,32.0,32.0,32.0,35.0,35.0,35.0,35.0,35.0,35.0,35.0,35.0,171.42857142857142,171.42857142857142,171.42857142857142,171.42857142857142,27.26111476865113,27.099589313001168,27.490238743380026,27.627404318678856,43.833333333333336,43.0,44.0,44.0,184.08333333333334,183.0,185.85,186.0,0.9753348644454762,0.9749294463627172,0.97561967097638,0.9756372537328966,0.9759816341944926,0.9759816341944926,0.9759816341944926,0.9759816341944926,0.0006467697490163127,0.0003619632181125987,0.001052187831775403,0.0012966402009888522,2.3643924757871364,1.99417459438962,2.830677273734613,2.9471535904520287,0.013792289442091632,0.01163268513393945,0.01651228409678524,0.017191729277636836,1.0008399035810458,0.9810443279346384,1.021715305212183,1.030188679245283,0.0,0.0,0.0,0.0,0.0,0.0,0.0,0.0,0.0,0.0,-0.0,-0.0,0.0,0.0,0.0,0.0,1.0,1.0,1.0,1.0,0.5773502691896258,0.5773502691896258,0.5773502691896258,0.5773502691896258,0.0,0.0,0.0,0.0,0.9975983864729283,0.9968945252013598,0.9983756934715402,0.9985184606105842,0.0024016135270716146,0.001624306528459785,0.003105474798640217,0.0032192702591968326,0.0,0.0,0.0,0.0,0.010030206621328216,0.009598666722794047,0.010491086322857234,0.010730130271402571,0.9956393350650766,0.9952631306116482,0.995939623993254,0.9961281586377025,1.0093130550549148,0.907688609290637,1.134307631155876,1.1602632657124112,0.957471234230786,0.8338861804896561,1.0838035256017597,1.1593822964839555,0.9608682024089302,0.8038718142154565,1.126657356221097,1.5152392358336881,0.9758841638982104,0.8626885514360151,1.0614807438289255,1.1872226358133604,1.065416731751816,0.9379573099154254,1.1601311203281428,1.5152392358336881,0.9762854217638282,1.0211449297257948,1.0001898065533046
short_stream,1536,ercb_beta_0p01,softmax,token,0.01,24,6000.0,6000.0,6000.0,6000.0,32.0,32.0,32.0,32.0,32.0,32.0,32.0,32.0,35.0,35.0,35.0,35.0,35.0,35.0,35.0,35.0,171.42857142857142,171.42857142857142,171.42857142857142,171.42857142857142,27.15688021672953,26.9925190870686,27.392307716655438,27.457276646024575,43.916666666666664,43.15,44.0,44.0,184.375,183.0,186.85,187.0,0.9755186236287189,0.9751032990864191,0.9758072851027771,0.9758520001171023,0.9759816341944926,0.9759816341944926,0.9759816341944926,0.9759816341944926,0.0004630105657736777,0.00017434909171545887,0.0008783351080734745,0.0009935981101854008,2.3223913366680624,1.908444834868622,2.6956330897111367,3.303677604471374,0.013547282797230368,0.011132594870066962,0.015724526356648297,0.019271452692749682,1.0001204740207517,0.9850953182332332,1.0181138480529683,1.0206766917293233,0.0,0.0,0.0,0.0,0.0,0.0,0.0,0.0,0.0,0.0,-0.0,-0.0,0.0,0.0,0.0,0.0,1.0,1.0,1.0,1.0,0.5773502691896258,0.5773502691896258,0.5773502691896258,0.5773502691896258,0.0,0.0,0.0,0.0,0.9961589275420577,0.9956150975383036,0.9968847693938587,0.9970564611187458,0.0038410724579422684,0.0031152306061413286,0.0043849024616964905,0.004878664112669195,0.0,0.0,0.0,0.0,0.010036926874143136,0.009659596203689407,0.010377958732680092,0.010503923107262733,0.9956393757673595,0.9951661713685591,0.9959907487946842,0.9960641595923604,0.9897018174342205,0.9150847102955888,1.0755405190081466,1.0907657743289423,1.0076924108538412,0.8283452198977017,1.1790540498183908,1.1870278359018092,1.0181963759547055,0.7833797094806989,1.3058458255333676,1.9542152050496033,1.0051968680809227,0.9025701381508947,1.1625885342553728,1.3550118523258268,1.1133409262857255,0.9526319090748133,1.3058458255333676,1.9542152050496033,0.976939534395947,1.0101337091937703,1.0001898474416133
short_stream,1536,ercb_beta_0p0125,softmax,token,0.0125,24,6000.0,6000.0,6000.0,6000.0,32.0,32.0,32.0,32.0,32.0,32.0,32.0,32.0,35.0,35.0,35.0,35.0,35.0,35.0,35.0,35.0,171.42857142857142,171.42857142857142,171.42857142857142,171.42857142857142,27.112404194979547,27.025369620535454,27.255386240091,27.2881823865054,44.0,44.0,44.0,44.0,183.91666666666666,183.0,185.0,186.0,0.9755970160784936,0.9753454620555122,0.9757497986989525,0.9757742361991641,0.9759816341944926,0.9759816341944926,0.9759816341944926,0.9759816341944926,0.00038461811599892665,0.0002318354955400226,0.0006361721389803674,0.0006940665914866306,2.1960072754629474,1.8539451853739868,2.7767984580791323,3.3636714634883287,0.012810042440200528,0.010814680248014925,0.01619799100546161,0.019621416870348584,1.0010512107690444,0.9890961857379769,1.018152001410686,1.022514071294559,0.0,0.0,0.0,0.0,0.0,0.0,0.0,0.0,0.0,0.0,-0.0,-0.0,0.0,0.0,0.0,0.0,1.0,1.0,1.0,1.0,0.5773502691896258,0.5773502691896258,0.5773502691896258,0.5773502691896258,0.0,0.0,0.0,0.0,0.9944137636429767,0.9937483024907497,0.9953504452545592,0.9957287228942077,0.00558623635702328,0.0046495547454407865,0.006251697509250195,0.006258155321999293,0.0,0.0,0.0,0.0,0.010058802702103168,0.009648000049799293,0.010489009178456805,0.010761410123466698,0.9955690953834839,0.9950550430620843,0.9960902241215137,0.9961023885338441,0.9784553809305135,0.8883236811711616,1.0589928614423094,1.1114250166506956,1.0132001493081944,0.8274769779757197,1.2285860555381705,1.327951260221755,0.9920587285999783,0.8136124568557893,1.4524025875911635,1.546152038161226,0.9945714196128955,0.8625649424171858,1.1590216961607849,1.2173010906016364,1.1003565300132288,0.9159815249588825,1.4679695311806131,1.546152038161226,0.9790688077731254,1.0209427518571232,1.0001192458481674
short_stream,1536,ercb_beta_0p015,softmax,token,0.015,24,6000.0,6000.0,6000.0,6000.0,32.0,32.0,32.0,32.0,32.0,32.0,32.0,32.0,35.0,35.0,35.0,35.0,35.0,35.0,35.0,35.0,171.42857142857142,171.42857142857142,171.42857142857142,171.42857142857142,27.074157685884263,27.020823318842677,27.129726053255666,27.16645590669884,44.0,44.0,44.0,44.0,184.25,183.0,185.85,186.0,0.9756642509991792,0.9755667412874397,0.9757577592621521,0.9757760875769881,0.9759816341944926,0.9759816341944926,0.9759816341944926,0.9759816341944926,0.00031738319531341336,0.00022387493234047318,0.00041489290705289393,0.0004794741346401121,2.3702034884275656,1.845289717353943,2.6602872229653958,2.767154288640743,0.013826187015827466,0.010764190017898002,0.015518342133964809,0.016141733350404336,1.0011310855242268,0.9807618831256001,1.02365619696221,1.0266666666666666,0.0,0.0,0.0,0.0,0.0,0.0,0.0,0.0,0.0,0.0,-0.0,-0.0,0.0,0.0,0.0,0.0,1.0,1.0,1.0,1.0,0.5773502691896258,0.5773502691896258,0.5773502691896258,0.5773502691896258,0.0,0.0,0.0,0.0,0.9924570905384141,0.9913078908962013,0.9936229574330329,0.9938484396804895,0.007542909461585842,0.006377042566967157,0.008692109103798645,0.00912877763940871,0.0,0.0,0.0,0.0,0.009940629584424139,0.009451352064112038,0.010378170559583236,0.010436890884557407,0.9956114752007537,0.9952036243299884,0.9960038384073063,0.9960271701690077,1.0010408083700444,0.9064363105951225,1.1187175114786454,1.1329724267258612,0.9763948541864661,0.8294885728177009,1.3045928654040861,1.4068559418874553,1.0113214089711928,0.8568224574106946,1.1256271356783158,2.3762322814283756,0.9962523571759011,0.8854706203657571,1.1114375333800386,1.596874888455411,1.10494063270919,0.966778192797222,1.3045928654040861,2.3762322814283756,0.9675664832059432,1.0101543272652902,1.0001618193582165
short_stream,1536,ercb_beta_0p02,softmax,token,0.02,24,6000.0,6000.0,6000.0,6000.0,32.0,32.0,32.0,32.0,32.0,32.0,32.0,32.0,35.0,35.0,35.0,35.0,35.0,35.0,35.0,35.0,171.42857142857142,171.42857142857142,171.42857142857142,171.42857142857142,27.016502501606606,26.968113683283654,27.064933045046818,27.0821878355347,44.0,44.0,44.0,44.0,183.58333333333334,182.15,185.85,186.0,0.9757652914570211,0.9756804731372241,0.9758499633728013,0.9758760724132575,0.9759816341944926,0.9759816341944926,0.9759816341944926,0.9759816341944926,0.00021634273747151803,0.00013167082169130985,0.00030116105726848416,0.00033142430774113496,2.0876102458392265,1.6712267607545066,2.567852844030372,2.6403462976338106,0.012177726434062156,0.009748822771067955,0.01497914159017717,0.015402020069530563,1.0008261948034225,0.9804990757855822,1.0131789572802063,1.022514071294559,0.0,0.0,0.0,0.0,0.0,0.0,0.0,0.0,0.0,0.0,-0.0,-0.0,0.0,0.0,0.0,0.0,1.0,1.0,1.0,1.0,0.5773502691896258,0.5773502691896258,0.5773502691896258,0.5773502691896258,0.0,0.0,0.0,0.0,0.9883015285426803,0.987012757318991,0.9897326463829852,0.9899912362256931,0.011698471457319691,0.010267353617014818,0.012987242681009132,0.013055929574586251,0.0,0.0,0.0,0.0,0.010116347313249329,0.009550237806982081,0.010628932580875074,0.010643201875467306,0.9955162087378581,0.9950339743434826,0.9958897102627929,0.9960341347644793,0.9757027495908833,0.8856647075120545,1.0924394684144065,1.1822412403191935,1.0046239904883634,0.859403915893428,1.2271767452397775,1.4026992979012551,1.0330839518114867,0.8140264836678283,1.3492682988684368,1.9167330256036061,1.0044702306302444,0.8752528665056595,1.202191327972036,1.3622951808920594,1.116046630383537,0.9195810591696463,1.39628876451207,1.9167330256036061,0.9846698853066235,1.0345621301114127,1.0000661174893382
short_stream,1536,ercb_beta_inf,least_count,token,inf,24,6000.0,6000.0,6000.0,6000.0,32.0,32.0,32.0,32.0,32.0,32.0,32.0,32.0,35.0,35.0,35.0,35.0,35.0,35.0,35.0,35.0,171.42857142857142,171.42857142857142,171.42857142857142,171.42857142857142,26.892681653762466,26.892681653762466,26.892681653762466,26.892681653762466,44.0,44.0,44.0,44.0,179.0,179.0,179.0,179.0,0.9759816341944926,0.9759816341944926,0.9759816341944926,0.9759816341944926,0.9759816341944926,0.9759816341944926,0.9759816341944926,0.9759816341944926,0.0,0.0,0.0,0.0,0.0,0.0,0.0,0.0,0.0,0.0,0.0,0.0,0.9998453964665611,0.9981378026070763,1.001865671641791,1.0018691588785045,0.0,0.0,0.0,0.0,0.0,0.0,0.0,0.0,0.0,0.0,-0.0,-0.0,0.0,0.0,0.0,0.0,1.0,1.0,1.0,1.0,0.5773502691896258,0.5773502691896258,0.5773502691896258,0.5773502691896258,0.0,0.0,0.0,0.0,0.8170123840735796,0.8170123840735796,0.8170123840735796,0.8170123840735796,0.1829876159264204,0.18298761592642038,0.18298761592642038,0.18298761592642038,0.0,0.0,0.0,0.0,0.010114847798617857,0.009741343266483333,0.010375470090644455,0.010811254128706614,0.9956013541629459,0.9952040181887325,0.9959273311704061,0.9959937393770015,1.0165387013098772,0.9304790815482712,1.173258102319691,1.1991721216779818,1.013021133350775,0.8923764616813002,1.1306063272903224,1.2006090003479812,1.0042910313533826,0.8457031050188346,1.3221957281129273,1.3722137590908043,1.0112836220046784,0.9022308532603431,1.1262251836688155,1.2082338099311276,1.0943747261083174,0.9679895894936598,1.3284332166548463,1.3722137590908043,0.9845239307585573,1.0098914783972268,1.0001516520632026
short_stream,2048,ercb_beta_0,softmax,token,0.0,24,6000.0,6000.0,6000.0,6000.0,32.0,32.0,32.0,32.0,32.0,32.0,32.0,32.0,34.0,34.0,34.0,34.0,34.0,34.0,34.0,34.0,176.47058823529412,176.47058823529412,176.47058823529412,176.47058823529412,23.732329482152135,23.45613419326534,24.178375503988498,24.415804059855848,55.833333333333336,53.15,57.849999999999994,59.0,186.41666666666666,185.0,188.0,188.0,0.982232978199025,0.981573783734741,0.9826394899425491,0.9834901508378844,0.9840001574400251,0.9840001574400252,0.9840001574400252,0.9840001574400252,0.0017671792410002228,0.0013606674974760645,0.002426373705284173,0.0027830513807043378,2.4436622868357634,2.0500508269152244,2.8737793392850937,2.9104275004359956,0.013847419625402658,0.011616954685852937,0.016284749589282197,0.01649242250247064,1.0000264246097794,0.9747877573689848,1.0214591078066915,1.0261682242990653,0.0,0.0,0.0,0.0,0.0,0.0,0.0,0.0,0.0,0.0,-0.0,-0.0,0.0,0.0,0.0,0.0,1.0,1.0,1.0,1.0,0.710038819117476,0.710038819117476,0.710038819117476,0.710038819117476,0.0,0.0,0.0,0.0,1.0,1.0,1.0,1.0,0.0,0.0,0.0,0.0,0.0,0.0,0.0,0.0,0.008175955130866117,0.007791999854221187,0.008520976334350228,0.008676867257722721,0.9967408519218903,0.9963269692461147,0.9969969261803526,0.9970146907162216,1.0097660621984046,0.9005806110735092,1.2016994323530066,1.2349374473417212,0.9889225309271524,0.8539617238355034,1.246764958580715,1.3153260988717859,1.0218711512988836,0.7839188524791791,1.3613753235249455,1.3912047561751952,1.0068532481414803,0.8864486431642837,1.2121720969963865,1.2899256923240972,1.1168996961288826,0.9314693836239616,1.3613753235249455,1.3912047561751952,1.0,1.0421994981579066,1.0
short_stream,2048,ercb_beta_0p001,softmax,token,0.001,24,6000.0,6000.0,6000.0,6000.0,32.0,32.0,32.0,32.0,32.0,32.0,32.0,32.0,34.0,34.0,34.0,34.0,34.0,34.0,34.0,34.0,176.47058823529412,176.47058823529412,176.47058823529412,176.47058823529412,23.508507088808596,22.95595700964637,24.011371997418703,24.089581948998383,56.75,55.0,58.0,60.0,186.08333333333334,185.0,187.0,188.0,0.9825600890963223,0.9818229825088856,0.9833596381303812,0.9835614102959208,0.9840001574400251,0.9840001574400252,0.9840001574400252,0.9840001574400252,0.001440068343702967,0.0006405193096440831,0.0021771749311396303,0.0022936045815084016,2.2053224057507648,1.8059529286969052,2.678200966761344,2.754675170345434,0.012496826965920999,0.010233733262615795,0.015176472144980949,0.015609825965290793,0.9995638211024954,0.9890659442193213,1.0091717915112413,1.0146252285191955,0.0,0.0,0.0,0.0,0.0,0.0,0.0,0.0,0.0,0.0,-0.0,-0.0,0.0,0.0,0.0,0.0,1.0,1.0,1.0,1.0,0.710038819117476,0.710038819117476,0.710038819117476,0.710038819117476,0.0,0.0,0.0,0.0,0.9999640054590208,0.9998742547323057,1.0000583304728914,1.000072917139802,3.599454097911512e-05,-5.833047289158044e-05,0.00012574526769425435,0.00014388349960728626,0.0,0.0,0.0,0.0,0.008118177713831646,0.0076993589176634165,0.008572284106612909,0.008761043782237271,0.9966038959847187,0.9961588125749158,0.99682701037875,0.996855971704981,1.0019394873381622,0.9072156991849226,1.0834315868592514,1.1361553320772317,1.0173247897184732,0.847258682190468,1.3283849595199653,1.4507690682979348,1.027960612340517,0.7909342706127301,1.5186927565255008,1.6896910936490561,1.0157416297990507,0.9144874071727357,1.2953677868218116,1.341028546962827,1.132143424956557,0.9887214922672579,1.5186927565255008,1.6896910936490561,0.9929332516984654,1.0484749450557231,0.9998625962436398
short_stream,2048,ercb_beta_0p002,softmax,token,0.002,24,6000.0,6000.0,6000.0,6000.0,32.0,32.0,32.0,32.0,32.0,32.0,32.0,32.0,34.0,34.0,34.0,34.0,34.0,34.0,34.0,34.0,176.47058823529412,176.47058823529412,176.47058823529412,176.47058823529412,23.30822247952234,22.924581967975453,23.840975208186247,24.010090151137373,57.625,55.0,59.849999999999994,60.0,186.0,185.0,187.0,187.0,0.9828512346485686,0.9820754184940329,0.9834044723296573,0.9835906479326891,0.9840001574400251,0.9840001574400252,0.9840001574400252,0.9840001574400252,0.00114892279145667,0.0005956851103679272,0.0019247389459923544,0.0021752635098413187,2.0759676771758975,1.6679918087984067,2.5233324904435936,2.765331593774861,0.011763816837330085,0.00945195358319097,0.014298884112513696,0.015670212364724212,0.9992128018956334,0.9857272727272727,1.0139921022620892,1.025974025974026,0.0,0.0,0.0,0.0,0.0,0.0,0.0,0.0,0.0,0.0,-0.0,-0.0,0.0,0.0,0.0,0.0,1.0,1.0,1.0,1.0,0.710038819117476,0.710038819117476,0.710038819117476,0.710038819117476,0.0,0.0,0.0,0.0,0.9999169184983153,0.9996706714851128,1.0001835539173483,1.0002797637445093,8.308150168475298e-05,-0.00018355391734825374,0.000329328514887242,0.00045422708440360463,0.0,0.0,0.0,0.0,0.008083868442076826,0.007770289514651366,0.008413400569367017,0.008642302197111922,0.9967656895751414,0.9964972213688609,0.9971288724776981,0.9974048680672783,1.0191572095245847,0.9188363709134596,1.162785729772761,1.2190110771508158,1.023594505972728,0.8283746874617228,1.3173476248222813,1.4780058042082678,1.0542387773879838,0.8000949502775873,1.582656260292671,1.6643079212780856,1.0323301642950988,0.8740468046589882,1.3286377105552374,1.3541515423333201,1.1332473347354208,0.9263723963568388,1.582656260292671,1.6643079212780856,0.98873688916887,1.029041920448473,1.0000249188675303
short_stream,2048,ercb_beta_0p003,softmax,token,0.003,24,6000.0,6000.0,6000.0,6000.0,32.0,32.0,32.0,32.0,32.0,32.0,32.0,32.0,34.0,34.0,34.0,34.0,34.0,34.0,34.0,34.0,176.47058823529412,176.47058823529412,176.47058823529412,176.47058823529412,23.122194592104663,22.85577318211239,23.41728329843088,23.587428473806135,58.791666666666664,58.0,60.0,60.0,186.25,185.0,187.0,187.0,0.9831209973612424,0.9826959431267029,0.9835023028190344,0.9837386901475619,0.9840001574400251,0.9840001574400252,0.9840001574400252,0.9840001574400252,0.0008791600787829515,0.0004978546209908175,0.001304214313322316,0.0015521371273665707,2.1441978609535335,1.7564107250510386,2.658619771649016,2.765331593774861,0.012150454545403358,0.009952994108622552,0.015065512039344425,0.015670212364724212,1.000513481291021,0.9875167747241952,1.0156173125781345,1.0261682242990653,0.0,0.0,0.0,0.0,0.0,0.0,0.0,0.0,0.0,0.0,-0.0,-0.0,0.0,0.0,0.0,0.0,1.0,1.0,1.0,1.0,0.710038819117476,0.710038819117476,0.710038819117476,0.710038819117476,0.0,0.0,0.0,0.0,0.9996840990532013,0.9993572395911864,0.9999748540262009,1.0000719974678849,0.0003159009467987055,2.5145973799119728e-05,0.0006427604088136348,0.0006595156015280719,0.0,0.0,0.0,0.0,0.008158688804379647,0.007949879680625882,0.008443185966359467,0.008493541880001518,0.9967328009992859,0.9964838393201748,0.9970559677613042,0.9971214042622574,1.003907638757412,0.8731339393991231,1.1765310287144468,1.191944103604855,0.9650919312179115,0.8366326692795967,1.213559030451194,1.2491835702944147,0.9962031492590077,0.8264439263666445,1.2866960826043101,1.6154995262779765,0.9884009064114437,0.898412471527411,1.1346444549312602,1.3040278179839033,1.0913765754044693,0.9460509460937252,1.2956664793188135,1.6154995262779765,0.9978881578714534,1.0326849684490675,0.9999919227524497
short_stream,2048,ercb_beta_0p004,softmax,token,0.004,24,6000.0,6000.0,6000.0,6000.0,32.0,32.0,32.0,32.0,32.0,32.0,32.0,32.0,34.0,34.0,34.0,34.0,34.0,34.0,34.0,34.0,176.47058823529412,176.47058823529412,176.47058823529412,176.47058823529412,23.027774636447703,22.770356825544315,23.28150642945463,23.611108171065244,58.625,57.0,60.0,60.0,186.0,185.0,187.0,187.0,0.9832561243301955,0.9828926174906979,0.9836233619694799,0.9836783712734438,0.9840001574400251,0.9840001574400252,0.9840001574400252,0.9840001574400252,0.0007440331098297013,0.00037679547054539353,0.0011075399493273852,0.0015867760091882177,1.9643879195735148,1.6142229293667267,2.3736055269913434,2.413198999619531,0.011131531544249918,0.009147263266411451,0.01345043131961761,0.013674794331177343,1.0008075076934142,0.985708217217247,1.011081398825704,1.0203327171903882,0.0,0.0,0.0,0.0,0.0,0.0,0.0,0.0,0.0,0.0,-0.0,-0.0,0.0,0.0,0.0,0.0,1.0,1.0,1.0,1.0,0.710038819117476,0.710038819117476,0.710038819117476,0.710038819117476,0.0,0.0,0.0,0.0,0.9994399211658619,0.9990768534285651,0.9997990191372307,0.9998666653589247,0.0005600788341381369,0.00020098086276933323,0.0009231465714349116,0.00112308846040757,0.0,0.0,0.0,0.0,0.00801858518463045,0.007677477743545436,0.008428256230562826,0.00874724738783328,0.9966698863862452,0.9963490913757718,0.9969189979440678,0.9970314824458357,1.003406120035683,0.8880293046369717,1.1537338524013558,1.2036975181339653,0.9629843126397448,0.802977383899909,1.15134698557396,1.2449433956955653,0.967994806404524,0.7794959821782433,1.2447457330208598,1.3023728126816416,0.9781284130266507,0.8780650684097797,1.0798854212866282,1.1193578782165328,1.081485979044925,0.9365583435723218,1.2610696142601305,1.3023728126816416,0.9807521025107441,1.0308589144214129,0.9999288024209018
short_stream,2048,ercb_beta_0p005,softmax,token,0.005,24,6000.0,6000.0,6000.0,6000.0,32.0,32.0,32.0,32.0,32.0,32.0,32.0,32.0,34.0,34.0,34.0,34.0,34.0,34.0,34.0,34.0,176.47058823529412,176.47058823529412,176.47058823529412,176.47058823529412,22.861559061665037,22.625768757443417,23.08912959557362,23.136723157731492,59.416666666666664,59.0,60.0,60.0,185.95833333333334,185.0,187.0,188.0,0.9834933988579245,0.9831694285403231,0.9838273544304604,0.9838575216891391,0.9840001574400251,0.9840001574400252,0.9840001574400252,0.9840001574400252,0.0005067585821006924,0.00017280300956477035,0.00083072889970211,0.0008990107508477507,1.9280177512124794,1.5718104959867516,2.2822424626007045,2.5321462647095156,0.010925433923537384,0.008906926143924927,0.01293270728807066,0.014348828833353922,1.0010533302635416,0.9817949811404335,1.018571899758811,1.0222634508348794,0.0,0.0,0.0,0.0,0.0,0.0,0.0,0.0,0.0,0.0,-0.0,-0.0,0.0,0.0,0.0,0.0,1.0,1.0,1.0,1.0,0.710038819117476,0.710038819117476,0.710038819117476,0.710038819117476,0.0,0.0,0.0,0.0,0.9991027457408498,0.9986161510688869,0.9997446972598444,0.9999094454881298,0.0008972542591501369,0.000255302740155604,0.0013838489311131011,0.0014123662164194158,0.0,0.0,0.0,0.0,0.008026852218726892,0.007715146529930885,0.008433323396225635,0.008462087952625442,0.9967235533411216,0.9964338472627916,0.9970338437206397,0.997085807024257,1.0026128741156526,0.9041493548473178,1.1902051384010228,1.2337948866437785,0.9507205733316123,0.8065230956988692,1.227522751310276,1.2911587239666447,0.9968717230703327,0.737982786345997,1.3411341823342082,1.6355926939441936,0.983401723505866,0.8471580456476854,1.1691602300007833,1.1920434816049,1.11870374574791,0.9240148939287046,1.3411341823342082,1.6355926939441936,0.9817632423670811,1.0314786787892087,0.9999826448562479
short_stream,2048,ercb_beta_0p006,softmax,token,0.006,24,6000.0,6000.0,6000.0,6000.0,32.0,32.0,32.0,32.0,32.0,32.0,32.0,32.0,34.0,34.0,34.0,34.0,34.0,34.0,34.0,34.0,176.47058823529412,176.47058823529412,176.47058823529412,176.47058823529412,22.817306804381104,22.65506710645063,23.13785421453923,23.38581180484497,59.5,58.15,60.0,60.0,185.83333333333334,185.0,187.0,187.0,0.9835559933958526,0.9830995049230263,0.9837861279339594,0.9838538649059326,0.9840001574400251,0.9840001574400252,0.9840001574400252,0.9840001574400252,0.0004441640441726254,0.00021402950606583815,0.0009006525169989285,0.0012585201072864427,1.889063561495257,1.4953135203603982,2.3108033514642456,2.3514701283890216,0.010704693515139793,0.008473443282042257,0.013094552324964058,0.013324997394204455,1.004405449529123,0.9901916154455486,1.0181584135412074,1.0186567164179106,0.0,0.0,0.0,0.0,0.0,0.0,0.0,0.0,0.0,0.0,-0.0,-0.0,0.0,0.0,0.0,0.0,1.0,1.0,1.0,1.0,0.710038819117476,0.710038819117476,0.710038819117476,0.710038819117476,0.0,0.0,0.0,0.0,0.9988769201538261,0.9984950210667007,0.9994374358905602,0.9996065491593817,0.0011230798461738958,0.0005625641094397656,0.001504978933299234,0.0016960135921857658,0.0,0.0,0.0,0.0,0.008053543766558145,0.007519792362967917,0.00854755383816063,0.008746830718203626,0.9967209450242813,0.9964093708484132,0.9970307513650901,0.9970384470413074,0.9928941205753183,0.8674641515123384,1.1375917126313884,1.201970962639533,0.9852992677382121,0.8172420777595855,1.4087050797739757,1.4931481298025355,1.032530368623742,0.7623234099554071,1.6024703930999584,1.816448835800829,1.0035745856457574,0.853791372384182,1.2564847423075858,1.4588594277026505,1.148325188752735,0.9379378722415792,1.6098569139930972,1.816448835800829,0.9850278820824443,1.0454501891640333,0.9999800280107205
short_stream,2048,ercb_beta_0p0075,softmax,token,0.0075,24,6000.0,6000.0,6000.0,6000.0,32.0,32.0,32.0,32.0,32.0,32.0,32.0,32.0,34.0,34.0,34.0,34.0,34.0,34.0,34.0,34.0,176.47058823529412,176.47058823529412,176.47058823529412,176.47058823529412,22.81914828842507,22.66006181943358,23.037790037838995,23.062874794171396,59.583333333333336,58.15,60.0,60.0,186.20833333333334,185.0,187.0,188.0,0.9835539004799326,0.9832429251802237,0.9837790899436217,0.9838794629592339,0.9840001574400251,0.9840001574400252,0.9840001574400252,0.9840001574400252,0.0004462569600925577,0.0002210674964034709,0.0007572322598015212,0.0007931152305099554,1.9183847574469002,1.6580207665462878,2.234089139010548,2.461467759165609,0.010870846958865768,0.009395451010428964,0.012659838454393106,0.01394831730193845,0.9989881674625054,0.9807521638546528,1.0129931812113617,1.0148698884758365,0.0,0.0,0.0,0.0,0.0,0.0,0.0,0.0,0.0,0.0,-0.0,-0.0,0.0,0.0,0.0,0.0,1.0,1.0,1.0,1.0,0.710038819117476,0.710038819117476,0.710038819117476,0.710038819117476,0.0,0.0,0.0,0.0,0.998286882651996,0.9975031048668879,0.9990473785771805,0.999369284696549,0.0017131173480039808,0.0009526214228194808,0.0024968951331121505,0.0025520103874499545,0.0,0.0,0.0,0.0,0.008011295395137627,0.007627907020672149,0.008362429373571846,0.008839692489665114,0.9967110749547051,0.9964123956850582,0.9969662535131159,0.9970468819900972,1.0007854330902441,0.8788040096869969,1.1569726785853531,1.2166458048143425,1.0159991821786776,0.8024826389065287,1.2729216834142985,1.3259181028280358,1.0614460468196574,0.7132737292893119,1.6979574796493186,2.2818551437482326,1.0260768873628596,0.8165950461236323,1.2955262292148704,1.4305594813712013,1.2030170320104585,0.9126167939822536,1.6979574796493186,2.2818551437482326,0.9798604893137365,1.022807640174265,0.9999701256679429
short_stream,2048,ercb_beta_0p01,softmax,token,0.01,24,6000.0,6000.0,6000.0,6000.0,32.0,32.0,32.0,32.0,32.0,32.0,32.0,32.0,34.0,34.0,34.0,34.0,34.0,34.0,34.0,34.0,176.47058823529412,176.47058823529412,176.47058823529412,176.47058823529412,22.712218369823763,22.599499316986677,22.859523757752505,22.88492349087912,59.791666666666664,59.0,60.0,60.0,185.91666666666666,185.0,187.0,187.0,0.983705345691309,0.9834970025306388,0.9838642868114656,0.9838794629592339,0.9840001574400251,0.9840001574400252,0.9840001574400252,0.9840001574400252,0.00029481174871627086,0.00013587062855960897,0.0005031549093865161,0.0005392382646681737,1.8459417266309943,1.4782571208773658,2.261331054380421,2.413198999619531,0.010460336450908969,0.008376790351638406,0.012814209308155718,0.013674794331177343,0.9992111890673874,0.9892735886961762,1.0123641814052153,1.0183486238532111,0.0,0.0,0.0,0.0,0.0,0.0,0.0,0.0,0.0,0.0,-0.0,-0.0,0.0,0.0,0.0,0.0,1.0,1.0,1.0,1.0,0.710038819117476,0.710038819117476,0.710038819117476,0.710038819117476,0.0,0.0,0.0,0.0,0.9970484196572352,0.9966202900674429,0.9979626978213875,0.9981105065795347,0.0029515803427648166,0.0020373021786125435,0.0033797099325570787,0.003473567919287522,0.0,0.0,0.0,0.0,0.00801688224042186,0.007589254430994475,0.008466075943947455,0.0085692368627214,0.9967876927866056,0.9964605524577822,0.9969475576029179,0.9971492626441444,0.9986802392143627,0.8426906141177909,1.2123560773407185,1.2566689462798752,0.9548086107376452,0.8062540795001776,1.1737596093153075,1.3088098714157754,0.9910514852805519,0.8145009240164847,1.2543128119844802,1.2820486048767306,0.9815134450775199,0.8769460816712095,1.1336897634917231,1.1412186743794759,1.0884069239882919,0.9413611164090436,1.2782416560872023,1.3088098714157754,0.9805438156278868,1.0354846386064505,1.0000469940252021
short_stream,2048,ercb_beta_0p0125,softmax,token,0.0125,24,6000.0,6000.0,6000.0,6000.0,32.0,32.0,32.0,32.0,32.0,32.0,32.0,32.0,34.0,34.0,34.0,34.0,34.0,34.0,34.0,34.0,176.47058823529412,176.47058823529412,176.47058823529412,176.47058823529412,22.63889336555849,22.564071614114127,22.78511746142491,22.834745576343348,60.0,60.0,60.0,60.0,185.83333333333334,185.0,187.0,187.0,0.9838087752090966,0.9836024394398157,0.9839140225291203,0.9839288343952659,0.9840001574400251,0.9840001574400252,0.9840001574400252,0.9840001574400252,0.00019138223092865503,8.613491090487258e-05,0.00039771800020954557,0.0004679830427227749,1.7565662838848006,1.3964039625886653,2.1482886851761127,2.209604702469759,0.009953875608680536,0.007912955788002437,0.012173635882664638,0.0125210933139953,1.0027869779846508,0.9927047113470472,1.0147248551202122,1.024163568773234,0.0,0.0,0.0,0.0,0.0,0.0,0.0,0.0,0.0,0.0,-0.0,-0.0,0.0,0.0,0.0,0.0,1.0,1.0,1.0,1.0,0.710038819117476,0.710038819117476,0.710038819117476,0.710038819117476,0.0,0.0,0.0,0.0,0.9956334789878438,0.9948817672150057,0.9967152490162332,0.9967557914885405,0.004366521012156147,0.0032847509837668582,0.005118232784994373,0.005202302976690361,0.0,0.0,0.0,0.0,0.0080116700119991,0.007619083346814911,0.008519369378478544,0.00854751448602894,0.9967249689335157,0.9964945447579097,0.9969923409423526,0.9970314824458357,1.0089288003621137,0.8832271817195281,1.1609662957995561,1.2795332489599938,0.9458233964006227,0.7703647080515476,1.1242972601474888,1.1411191787657553,0.9346831382214672,0.7919802225173839,1.1973109703401439,1.3426088627267947,0.9631451116614013,0.8748353737916386,1.039186397695624,1.1455278920905514,1.0803447182027444,0.9646799733357999,1.2707323535148944,1.3426088627267947,0.9799063086529423,1.04200295159595,0.9999840650773528
short_stream,2048,ercb_beta_0p015,softmax,token,0.015,24,6000.0,6000.0,6000.0,6000.0,32.0,32.0,32.0,32.0,32.0,32.0,32.0,32.0,34.0,34.0,34.0,34.0,34.0,34.0,34.0,34.0,176.47058823529412,176.47058823529412,176.47058823529412,176.47058823529412,22.638535872760453,22.573846443401994,22.73987807326144,22.76766966571064,59.958333333333336,60.0,60.0,60.0,186.0,185.0,187.0,188.0,0.9838093064577405,0.9836664911983606,0.9839003080792378,0.9839178625368354,0.9840001574400251,0.9840001574400252,0.9840001574400252,0.9840001574400252,0.00019085098228469508,9.984936078749062e-05,0.00033366624166462076,0.0003729600168661529,1.8344597110082237,1.5175288156125843,2.353749618691907,2.388698882852583,0.010395271695713268,0.008599329955137977,0.013337914505920806,0.013535960336164636,1.000120857080437,0.9889968636264529,1.017421320488162,1.0204081632653061,0.0,0.0,0.0,0.0,0.0,0.0,0.0,0.0,0.0,0.0,-0.0,-0.0,0.0,0.0,0.0,0.0,1.0,1.0,1.0,1.0,0.710038819117476,0.710038819117476,0.710038819117476,0.710038819117476,0.0,0.0,0.0,0.0,0.9939178207956726,0.9932321129291926,0.9947344264269478,0.9948370609685767,0.0060821792043274136,0.005265573573052263,0.0067678870708075016,0.007809680885753858,0.0,0.0,0.0,0.0,0.007994924522549691,0.007693977860879604,0.0084034592949698,0.008592033321125837,0.996763016587118,0.9965101922017175,0.9970858491035405,0.9971596332037408,0.9969476304508018,0.9179581232731828,1.0999545393531365,1.151058608245547,0.984528317773648,0.8191712260392063,1.2143574416523446,1.3943450640846862,0.9419667579743628,0.7598269624865676,1.0773495345982542,1.3202518375175285,0.9744809020662709,0.8892961106964972,1.080193535243054,1.1528553912616057,1.0784239752300606,0.9487667491571998,1.3053825707664457,1.3943450640846862,0.9778581700341049,1.02782600448048,1.0000222371393577
short_stream,2048,ercb_beta_0p02,softmax,token,0.02,24,6000.0,6000.0,6000.0,6000.0,32.0,32.0,32.0,32.0,32.0,32.0,32.0,32.0,34.0,34.0,34.0,34.0,34.0,34.0,34.0,34.0,176.47058823529412,176.47058823529412,176.47058823529412,176.47058823529412,22.585152064199104,22.549077501837182,22.63726985917021,22.665386014436,60.0,60.0,60.0,60.0,185.625,185.0,187.85,188.0,0.9838844165769457,0.9838111743894766,0.9839350518972627,0.9839434639204877,0.9840001574400251,0.9840001574400252,0.9840001574400252,0.9840001574400252,0.00011574086307954146,6.510554276248915e-05,0.00018898305054858,0.00022856297035189765,1.6364141857395145,1.2402276134252133,1.9204463852207327,2.23606797749979,0.00927301371919058,0.007027956476076209,0.01088252951625082,0.012671051872498808,0.9988898556734443,0.9874602283361407,1.011081398825704,1.012987012987013,0.0,0.0,0.0,0.0,0.0,0.0,0.0,0.0,0.0,0.0,-0.0,-0.0,0.0,0.0,0.0,0.0,1.0,1.0,1.0,1.0,0.710038819117476,0.710038819117476,0.710038819117476,0.710038819117476,0.0,0.0,0.0,0.0,0.9910169945481355,0.990245625845546,0.9919362289057699,0.9924658754476757,0.008983005451864522,0.00806377109423008,0.00975437415445404,0.009975668775826004,0.0,0.0,0.0,0.0,0.008007705863439228,0.007561727846360981,0.00838017487013241,0.008419883948804377,0.9966882207039989,0.9963513780404569,0.9970486692978431,0.9971019026611948,0.9783619439742486,0.8926680578221208,1.094464028788606,1.2274480547668218,1.0074774891389622,0.8199873690186981,1.2476156216427097,1.3661354935786958,1.019482115530652,0.6931945455711376,1.4531985970607606,2.29957885274565,1.0017738495479542,0.8439267133840469,1.242966075497603,1.5405525866224925,1.1163046727419528,0.9452043061493932,1.4604506684249183,2.29957885274565,0.9794214541623757,1.0249780895317435,0.9999471966882967
short_stream,2048,ercb_beta_inf,least_count,token,inf,24,6000.0,6000.0,6000.0,6000.0,32.0,32.0,32.0,32.0,32.0,32.0,32.0,32.0,34.0,34.0,34.0,34.0,34.0,34.0,34.0,34.0,176.47058823529412,176.47058823529412,176.47058823529412,176.47058823529412,22.502595006063643,22.502595006063643,22.502595006063643,22.502595006063643,60.0,60.0,60.0,60.0,182.0,182.0,182.0,182.0,0.9840001574400251,0.9840001574400252,0.9840001574400252,0.9840001574400252,0.9840001574400251,0.9840001574400252,0.9840001574400252,0.9840001574400252,0.0,0.0,0.0,0.0,0.0,0.0,0.0,0.0,0.0,0.0,0.0,0.0,0.9996191382633975,0.9966112175286488,1.001837729357798,1.0018382352941175,0.0,0.0,0.0,0.0,0.0,0.0,0.0,0.0,0.0,0.0,-0.0,-0.0,0.0,0.0,0.0,0.0,1.0,1.0,1.0,1.0,0.710038819117476,0.710038819117476,0.710038819117476,0.710038819117476,0.0,0.0,0.0,0.0,0.8481917778010871,0.8481917778010871,0.8481917778010871,0.8481917778010871,0.15180822219891288,0.15180822219891288,0.15180822219891288,0.15180822219891288,0.0,0.0,0.0,0.0,0.007974568282115192,0.007555633358577959,0.008357493227359248,0.008638774394247548,0.996830187140285,0.9965528392658112,0.9970747680854036,0.997094938065723,1.0175595248280407,0.8891590787230255,1.1210895809032493,1.1404341791566928,0.9060447257601693,0.7585553505827327,1.1441689394420906,1.241291087937094,0.970549766494253,0.7924675386294007,1.2795829932935745,1.405524040881964,0.9647180056941543,0.8767850808786868,1.1072289193257212,1.2259731972015742,1.0697934058763303,0.9612654271322347,1.2951084498929795,1.405524040881964,0.9753684009357337,1.0222039007782446,1.0000896273271256
